Tiempo;average(A);average(B)
(ms);(V);(V)

-25,00170365;-0,00931920;-1,33856900
-24,99146365;-0,00505070;-1,33544400
-24,98122365;-0,00277375;-1,33325600
-24,97098365;0,00132361;-1,33263100
-24,96074365;0,00739656;-1,33106800
-24,95050365;0,01262912;-1,32747400
-24,94026365;0,01559286;-1,32653600
-24,93002365;0,01935440;-1,32434800
-24,91978365;0,02454599;-1,32153500
-24,90954365;0,02973778;-1,32012900
-24,89930365;0,03250165;-1,31747200
-24,88906365;0,03477598;-1,31465900
-24,87882365;0,03958339;-1,31231500
-24,86858365;0,04565759;-1,31122100
-24,85834365;0,05045546;-1,30825100
-24,84810365;0,05481209;-1,30715700
-24,83786365;0,06102100;-1,30418900
-24,82762365;0,06564691;-1,30028100
-24,81738365;0,06842995;-1,29887500
-24,80714365;0,07145011;-1,29621900
-24,79690365;0,07715148;-1,29293700
-24,78666365;0,08313754;-1,29106100
-24,77642365;0,08651840;-1,28840500
-24,76618365;0,09025897;-1,28496700
-24,75594365;0,09530634;-1,28184100
-24,74570365;0,10061280;-1,27793500
-24,73546365;0,10402880;-1,27152700
-24,72522365;0,10637020;-1,26808900
-24,71498366;0,11110090;-1,26386900
-24,70474366;0,11689680;-1,25558700
-24,69450366;0,12119580;-1,24902300
-24,68426366;0,12491980;-1,23824000
-24,67402366;0,12940240;-1,22698800
-24,66378366;0,13499800;-1,21120500
-24,65354366;0,13851990;-1,19010800
-24,64330366;0,14118720;-1,16213400
-24,63306366;0,14483380;-1,12774900
-24,62282366;0,15109010;-1,08225200
-24,61258366;0,15639620;-1,02612000
-24,60234366;0,15921380;-0,96125920
-24,59210366;0,16292690;-0,88843330
-24,58186366;0,16752380;-0,81201430
-24,57162366;0,17278580;-0,72575040
-24,56138366;0,17573040;-0,62104540
-24,55114366;0,17787940;-0,49571230
-24,54090366;0,18226500;-0,35693930
-24,53066366;0,18759070;-0,21160280
-24,52042366;0,19232160;-0,06454718
-24,51018366;0,19564190;0,08078935
-24,49994366;0,19988320;0,22175020
-24,48970366;0,20518960;0,35849170
-24,47946366;0,20953630;0,49070100
-24,46922366;0,21203130;0,61665930
-24,45898366;0,21486230;0,73652290
-24,44874366;0,22037980;0,85279210
-24,43850366;0,22599310;0,96281030
-24,42826366;0,22997560;1,07001700
-24,41802366;0,23344770;1,17520900
-24,40778366;0,23853640;1,27540800
-24,39754366;0,24379410;1,36387400
-24,38730366;0,24703800;1,42388600
-24,37706366;0,24955080;1,44904700
-24,36682366;0,25326610;1,45279700
-24,35658366;0,25893010;1,45514100
-24,34634366;0,26380610;1,46014200
-24,33610366;0,26716460;1,46420500
-24,32586366;0,27079230;1,46608100
-24,31562366;0,27613750;1,46967500
-24,30538366;0,28068560;1,47217500
-24,29514366;0,28363130;1,47405000
-24,28490366;0,28632760;1,47608200
-24,27466366;0,29203710;1,47826900
-24,26442366;0,29786160;1,48092600
-24,25418366;0,30118190;1,48170700
-24,24394366;0,30367650;1,48280200
-24,23370366;0,30794630;1,48467700
-24,22346366;0,31315720;1,48624000
-24,21322366;0,31717800;1,48686500
-24,20298366;0,31973840;1,49092700
-24,19274366;0,32180570;1,48983300
-24,18250366;0,32619000;1,49170900
-24,17226366;0,33212970;1,49280300
-24,16202366;0,33639690;1,49499100
-24,15178366;0,34078110;1,49561600
-24,14154366;0,34530120;1,49655400
-24,13130366;0,35070350;1,49811600
-24,12106366;0,35405260;1,49889800
-24,11082366;0,35620180;1,49983600
-24,10058366;0,35934930;1,49999100
-24,09034366;0,36515420;1,50186700
-24,08010366;0,37046100;1,50217900
-24,06986366;0,37340710;1,50343000
-24,05962366;0,37619980;1,50405500
-24,04938366;0,37992310;1,50499200
-24,03914366;0,38491350;1,50546100
-24,02890366;0,38897210;1,50702300
-24,01866366;0,39133260;1,50686700
-24,00842366;0,39387490;1,50780500
-23,99818366;0,39773850;1,50718000
-23,98794366;0,40332340;1,50921100
-23,97770366;0,40747770;1,50921100
-23,96746366;0,41027440;1,51108700
-23,95722366;0,41381380;1,51093000
-23,94698366;0,41872720;1,51061800
-23,93674366;0,42348670;1,51280600
-23,92650366;0,42635560;1,51405600
-23,91626366;0,42792900;1,51358700
-23,90602366;0,43137410;1,51499300
-23,89578366;0,43681520;1,51499300
-23,88554366;0,44235210;1,51515000
-23,87530366;0,44499080;1,51671200
-23,86506366;0,44732260;1,51749400
-23,85482366;0,45090160;1,51811900
-23,84458366;0,45596830;1,51780600
-23,83434366;0,46020950;1,51749400
-23,82410366;0,46256070;1,51936900
-23,81386366;0,46417280;1,51905700
-23,80362366;0,46751200;1,51921300
-23,79338366;0,47271270;1,51983800
-23,78314366;0,47750060;1,52046300
-23,77290366;0,48108760;1,52155700
-23,76266366;0,48418830;1,52218200
-23,75242366;0,48840960;1,52202600
-23,74218366;0,49298970;1,52249400
-23,73194366;0,49685450;1,52265100
-23,72170366;0,49865790;1,52374400
-23,71146366;0,50041630;1,52405800
-23,70122366;0,50425810;1,52390100
-23,69098366;0,50970370;1,52468300
-23,68074366;0,51459130;1,52390100
-23,67050366;0,51723060;1,52499600
-23,66026366;0,51986020;1,52515200
-23,65002366;0,52339120;1,52562000
-23,63978366;0,52871740;1,52546300
-23,62954366;0,53282430;1,52718200
-23,61930366;0,53471430;1,52718300
-23,60906366;0,53638430;1,52718200
-23,59882366;0,53925410;1,52702600
-23,58858366;0,54397510;1,52749500
-23,57834366;0,54867670;1,52874500
-23,56810366;0,55205490;1,52796400
-23,55786366;0,55436740;1,52890200
-23,54762366;0,55749520;1,52905900
-23,53738366;0,56164070;1,52983900
-23,52714366;0,56609390;1,52999500
-23,51690366;0,56922120;1,53155800
-23,50666366;0,57073660;1,53124600
-23,49642366;0,57236380;1,53108900
-23,48618366;0,57623200;1,53234000
-23,47594366;0,58149240;1,53124600
-23,46570366;0,58588120;1,53280800
-23,45546366;0,58826850;1,53374600
-23,44522366;0,58982310;1,53343400
-23,43498366;0,59239520;1,53405900
-23,42474366;0,59619540;1,53343400
-23,41450366;0,60063860;1,53327800
-23,40426366;0,60402510;1,53327800
-23,39402366;0,60598310;1,53484000
-23,38378366;0,60705850;1,53499600
-23,37354366;0,60876570;1,53499600
-23,36330366;0,61207600;1,53562200
-23,35306366;0,61612630;1,53546600
-23,34282366;0,62061700;1,53515200
-23,33258366;0,62375600;1,53546500
-23,32234366;0,62668200;1,53468400
-23,31210366;0,62993560;1,53624700
-23,30186366;0,63400510;1,53687100
-23,29162366;0,63824580;1,53671600
-23,28138366;0,64101900;1,53843400
-23,27114366;0,64241090;1,53687100
-23,26090366;0,64356130;1,53796500
-23,25066366;0,64540180;1,53812200
-23,24042366;0,64996370;1,53843400
-23,23018366;0,65462640;1,53702800
-23,21994366;0,65832140;1,53781000
-23,20970366;0,66028240;1,53890300
-23,19946366;0,66182560;1,53843500
-23,18922366;0,66368760;1,53874700
-23,17898366;0,66730500;1,53921600
-23,16874366;0,67090330;1,53921500
-23,15850366;0,67437670;1,53952900
-23,14826366;0,67709280;1,54046600
-23,13802366;0,67820540;1,53937200
-23,12778366;0,67952970;1,54015400
-23,11754366;0,68136230;1,53984100
-23,10730366;0,68437590;1,53921600
-23,09706366;0,68813720;1,54015400
-23,08682366;0,69202360;1,53937200
-23,07658366;0,69464240;1,54109100
-23,06634367;0,69637000;1,53999700
-23,05610367;0,69805870;1,54093500
-23,04586367;0,70064980;1,54062300
-23,03562367;0,70390340;1,53984100
-23,02538367;0,70686820;1,54156000
-23,01514367;0,70993900;1,54077800
-23,00490367;0,71247170;1,54077900
-22,99466367;0,71391120;1,54234100
-22,98442367;0,71450490;1,54249700
-22,97418367;0,71596490;1,54296600
-22,96394367;0,71805580;1,54218500
-22,95370367;0,72177980;1,54312200
-22,94346367;0,72618360;1,54171600
-22,93322367;0,72941740;1,54265400
-22,92298367;0,73134600;1,54234200
-22,91274367;0,73232390;1,54312300
-22,90250367;0,73328130;1,54327900
-22,89226367;0,73485220;1,54249800
-22,88202367;0,73700600;1,54374800
-22,87178367;0,74045530;1,54218500
-22,86154367;0,74383020;1,54265400
-22,85130367;0,74605540;1,54312200
-22,84106367;0,74834890;1,54265300
-22,83082367;0,74969190;1,54437300
-22,82058367;0,75015280;1,54374800
-22,81034367;0,75087280;1,54484100
-22,80010367;0,75204330;1,54234100
-22,78986367;0,75386640;1,54359200
-22,77962367;0,75659220;1,54421700
-22,76938367;0,75975890;1,54374800
-22,75914367;0,76274370;1,54343600
-22,74890367;0,76504650;1,54359100
-22,73866367;0,76683100;1,54421600
-22,72842367;0,76813640;1,54437300
-22,71818367;0,76889360;1,54359200
-22,70794367;0,77023790;1,54515400
-22,69770367;0,77273270;1,54406000
-22,68746367;0,77504530;1,54452900
-22,67722367;0,77734850;1,54359100
-22,66698367;0,77960380;1,54296600
-22,65674367;0,78212710;1,54468500
-22,64650367;0,78395100;1,54452900
-22,63626367;0,78508380;1,54484200
-22,62602367;0,78572530;1,54531100
-22,61578367;0,78622440;1,54531000
-22,60554367;0,78662720;1,54531000
-22,59530367;0,78738560;1,54406000
-22,58506367;0,78902670;1,54531000
-22,57482367;0,79130060;1,54452900
-22,56458367;0,79438100;1,54359100
-22,55434367;0,79735540;1,54437300
-22,54410367;0,80019650;1,54359100
-22,53386367;0,80183710;1,54593500
-22,52362367;0,80306550;1,54437300
-22,51338367;0,80402490;1,54437300
-22,50314367;0,80450540;1,54437300
-22,49290367;0,80540720;1,54452900
-22,48266367;0,80616510;1,54531000
-22,47242367;0,80757500;1,54421600
-22,46218367;0,80933990;1,54484100
-22,45194367;0,81120800;1,54421600
-22,44170367;0,81300870;1,54421600
-22,43146367;0,81495140;1,54343500
-22,42122367;0,81682600;1,54359100
-22,41098367;0,81872840;1,54437300
-22,40074367;0,81973120;1,54406000
-22,39050367;0,82084020;1,54484100
-22,38026367;0,82139370;1,54452900
-22,37002367;0,82188190;1,54359100
-22,35978367;0,82198750;1,54452900
-22,34954367;0,82245680;1,54374800
-22,33930367;0,82283990;1,54499800
-22,32906367;0,82357010;1,54390400
-22,31882367;0,82452080;1,54421700
-22,30858367;0,82570990;1,54374800
-22,29834367;0,82667030;1,54359200
-22,28810367;0,82830000;1,54343500
-22,27786367;0,83009560;1,54359200
-22,26762367;0,83135180;1,54359200
-22,25738367;0,83253230;1,54343600
-22,24714367;0,83428790;1,54327900
-22,23690367;0,83544000;1,54281000
-22,22666367;0,83700400;1,54187300
-22,21642367;0,83748330;1,54249700
-22,20618367;0,83826070;1,54296600
-22,19594367;0,83904770;1,54218400
-22,18570367;0,83941240;1,54281000
-22,17546367;0,83981530;1,54218500
-22,16522367;0,84012200;1,54140400
-22,15498367;0,84040020;1,54312300
-22,14474367;0,84067970;1,54171600
-22,13450367;0,84126470;1,54218400
-22,12426367;0,84145610;1,54218400
-22,11402367;0,84218550;1,54156000
-22,10378367;0,84254050;1,54249800
-22,09354367;0,84345230;1,54202900
-22,08330367;0,84417200;1,54155900
-22,07306367;0,84458390;1,54218500
-22,06282367;0,84505400;1,54171600
-22,05258367;0,84628340;1,54062200
-22,04234367;0,84661930;1,54093500
-22,03210367;0,84716580;1,54109100
-22,02186367;0,84764540;1,54218400
-22,01162367;0,84800120;1,54109100
-22,00138367;0,84847070;1,54077900
-21,99114367;0,84941120;1,54077800
-21,98090367;0,84953610;1,54093500
-21,97066367;0,85007300;1,53999700
-21,96042367;0,85052400;1,54030900
-21,95018367;0,85073520;1,53952800
-21,93994367;0,85090830;1,53984100
-21,92970367;0,85159940;1,53952800
-21,91946367;0,85164700;1,53921600
-21,90922367;0,85181870;1,53890300
-21,89898367;0,85207830;1,53905900
-21,88874367;0,85197370;1,53937200
-21,87850367;0,85246220;1,53843400
-21,86826367;0,85237630;1,53843400
-21,85802367;0,85242340;1,53843500
-21,84778367;0,85248180;1,53859100
-21,83754367;0,85265370;1,53780900
-21,82730367;0,85296230;1,53874700
-21,81706367;0,85267350;1,53718400
-21,80682367;0,85272230;1,53765300
-21,79658367;0,85190660;1,53827800
-21,78634367;0,85207870;1,53687200
-21,77610367;0,85166600;1,53671500
-21,76586367;0,85153190;1,53749700
-21,75562367;0,85140640;1,53530900
-21,74538367;0,85142580;1,53671600
-21,73514367;0,85081270;1,53577800
-21,72490367;0,85040920;1,53593400
-21,71466367;0,85002510;1,53718400
-21,70442367;0,84939160;1,53671500
-21,69418367;0,84947750;1,53577700
-21,68394367;0,84879770;1,53593400
-21,67370367;0,84828790;1,53530900
-21,66346367;0,84772260;1,53515300
-21,65322367;0,84709850;1,53562100
-21,64298367;0,84670470;1,53484000
-21,63274367;0,84575470;1,53530800
-21,62250367;0,84511170;1,53421500
-21,61226367;0,84466110;1,53468400
-21,60202367;0,84409560;1,53499700
-21,59178367;0,84356830;1,53530900
-21,58154367;0,84273240;1,53359000
-21,57130367;0,84216620;1,53390300
-21,56106367;0,84158990;1,53359100
-21,55082367;0,84104350;1,53280800
-21,54058367;0,84056350;1,53312200
-21,53034367;0,84033360;1,53327800
-21,52010367;0,83995970;1,53296400
-21,50986367;0,83992110;1,53296500
-21,49962367;0,83937390;1,53249600
-21,48938367;0,83881700;1,53140200
-21,47914367;0,83835700;1,53108900
-21,46890367;0,83762730;1,53140200
-21,45866367;0,83658130;1,53171400
-21,44842367;0,83543030;1,53077700
-21,43818367;0,83436480;1,53077700
-21,42794368;0,83290640;1,53030800
-21,41770368;0,83187020;1,53046400
-21,40746368;0,82996120;1,53093300
-21,39722368;0,82830050;1,52999500
-21,38698368;0,82699540;1,52968300
-21,37674368;0,82547930;1,52952700
-21,36650368;0,82440510;1,52890200
-21,35626368;0,82357950;1,52812000
-21,34602368;0,82286940;1,52843300
-21,33578368;0,82243820;1,52812000
-21,32554368;0,82216920;1,52812000
-21,31530368;0,82177580;1,52796400
-21,30506368;0,82139420;1,52812100
-21,29482368;0,82089770;1,52780800
-21,28458368;0,82000960;1,52718200
-21,27434368;0,81859480;1,52593200
-21,26410368;0,81704680;1,52562000
-21,25386368;0,81479740;1,52577600
-21,24362368;0,81298980;1,52452600
-21,23338368;0,81099680;1,52562000
-21,22314368;0,80896560;1,52515100
-21,21290368;0,80745920;1,52530800
-21,20266368;0,80615560;1,52483900
-21,19242368;0,80522390;1,52374500
-21,18218368;0,80445650;1,52358900
-21,17194368;0,80396720;1,52327600
-21,16170368;0,80335370;1,52358800
-21,15146368;0,80216340;1,52296300
-21,14122368;0,80002350;1,52312000
-21,13098368;0,79764430;1,52202600
-21,12074368;0,79419910;1,52218200
-21,11050368;0,79171320;1,52155700
-21,10026368;0,78892180;1,52108900
-21,09002368;0,78740450;1,52124400
-21,07978368;0,78660810;1,52140000
-21,06954368;0,78623470;1,52108800
-21,05930368;0,78575500;1,52015000
-21,04906368;0,78509190;1,52046300
-21,03882368;0,78393140;1,51921300
-21,02858368;0,78194500;1,51905700
-21,01834368;0,77954580;1,51890000
-21,00810368;0,77725310;1,51780700
-20,99786368;0,77470940;1,51749400
-20,98762368;0,77278080;1,51765000
-20,97738368;0,77023810;1,51780700
-20,96714368;0,76914250;1,51749400
-20,95690368;0,76807840;1,51733700
-20,94666368;0,76705200;1,51561800
-20,93642368;0,76512360;1,51702500
-20,92618368;0,76261840;1,51639900
-20,91594368;0,75976870;1,51468100
-20,90570368;0,75663980;1,51483700
-20,89546368;0,75437660;1,51374300
-20,88522368;0,75183220;1,51421200
-20,87498368;0,75084380;1,51405600
-20,86474368;0,75026760;1,51296200
-20,85450368;0,74963500;1,51327400
-20,84426368;0,74847360;1,51296200
-20,83402368;0,74619930;1,51155500
-20,82378368;0,74312910;1,51077400
-20,81354368;0,74036880;1,51155500
-20,80330368;0,73768650;1,51093100
-20,79306368;0,73487010;1,50999300
-20,78282368;0,73325340;1,50999300
-20,77258368;0,73222790;1,50905500
-20,76234368;0,73140380;1,50889800
-20,75210368;0,72930210;1,50889900
-20,74186368;0,72611710;1,50764800
-20,73162368;0,72191360;1,50624300
-20,72138368;0,71812360;1,50733600
-20,71114368;0,71565810;1,50655500
-20,70090368;0,71463080;1,50592900
-20,69066368;0,71380630;1,50514900
-20,68042368;0,71239460;1,50483600
-20,67018368;0,71015920;1,50468000
-20,65994368;0,70710780;1,50358600
-20,64970368;0,70356680;1,50342900
-20,63946368;0,70058300;1,50217900
-20,62922368;0,69822300;1,50186600
-20,61898368;0,69647570;1,50264800
-20,60874368;0,69478640;1,50202300
-20,59850368;0,69190930;1,50139700
-20,58826368;0,68849210;1,50092900
-20,57802368;0,68440400;1,50030400
-20,56778368;0,68150710;1,49936500
-20,55754368;0,67937650;1,49921000
-20,54730368;0,67824420;1,49858500
-20,53706368;0,67716990;1,49764800
-20,52682368;0,67470320;1,49796000
-20,51658368;0,67100860;1,49780400
-20,50634368;0,66728570;1,49764800
-20,49610368;0,66404250;1,49499100
-20,48586368;0,66163440;1,49624100
-20,47562368;0,66031200;1,49467800
-20,46538368;0,65848350;1,49452300
-20,45514368;0,65544060;1,49436600
-20,44490368;0,65003960;1,49389600
-20,43466368;0,64571840;1,49358400
-20,42442368;0,64326390;1,49311500
-20,41418368;0,64256300;1,49061500
-20,40394368;0,64111520;1,49186500
-20,39370368;0,63813150;1,48920900
-20,38346368;0,63440670;1,48967800
-20,37322368;0,62988730;1,48842700
-20,36298368;0,62682550;1,48889600
-20,35274368;0,62405280;1,48717700
-20,34250368;0,62128880;1,48733400
-20,33226368;0,61689390;1,48733300
-20,32202368;0,61261360;1,48686500
-20,31178368;0,60892900;1,48624000
-20,30154368;0,60717290;1,48530200
-20,29130368;0,60627030;1,48420800
-20,28106368;0,60436120;1,48452100
-20,27082368;0,60060960;1,48358300
-20,26058368;0,59665600;1,48248900
-20,25034368;0,59256840;1,48108200
-20,24010368;0,58980360;1,48108200
-20,22986368;0,58840270;1,48139500
-20,21962368;0,58625480;1,48014500
-20,20938368;0,58112780;1,48045700
-20,19914368;0,57634720;1,47905100
-20,18890368;0,57263250;1,47795700
-20,17866368;0,57087090;1,47905100
-20,16842368;0,56940390;1,47780100
-20,15818368;0,56644800;1,47670700
-20,14794368;0,56194810;1,47530100
-20,13770368;0,55787930;1,47467500
-20,12746368;0,55454950;1,47420700
-20,11722368;0,55223710;1,47373800
-20,10698368;0,54928120;1,47201800
-20,09674368;0,54457930;1,47123700
-20,08650368;0,53984840;1,47170600
-20,07626368;0,53675860;1,47092500
-20,06602368;0,53483960;1,47076900
-20,05578368;0,53283360;1,46904900
-20,04554368;0,52940830;1,46858000
-20,03530368;0,52421650;1,46811200
-20,02506368;0,52002300;1,46701800
-20,01482368;0,51770120;1,46748700
-20,00458368;0,51507980;1,46592400
-19,99434368;0,51009660;1,46639300
-19,98410368;0,50461330;1,46514300
-19,97386368;0,50065580;1,46467400
-19,96362368;0,49897510;1,46358000
-19,95338368;0,49715150;1,46311100
-19,94314368;0,49356470;1,46248600
-19,93290368;0,48865830;1,46092300
-19,92266368;0,48438010;1,46014200
-19,91242368;0,48132650;1,46014200
-19,90218368;0,47799060;1,45998600
-19,89194368;0,47340410;1,45967300
-19,88170368;0,46793450;1,45717300
-19,87146368;0,46458520;1,45842300
-19,86122368;0,46282900;1,45639100
-19,85098368;0,46067070;1,45545300
-19,84074368;0,45655380;1,45498500
-19,83050368;0,45141960;1,45529700
-19,82026368;0,44757180;1,45389100
-19,81002368;0,44517320;1,45201600
-19,79978368;0,44263920;1,45264100
-19,78954368;0,43770730;1,45076500
-19,77930369;0,43202690;1,45076500
-19,76906369;0,42830380;1,44998400
-19,75882369;0,42658620;1,44935900
-19,74858369;0,42405240;1,44701500
-19,73834369;0,41959060;1,44670200
-19,72810369;0,41445700;1,44732800
-19,71786369;0,41075380;1,44623400
-19,70762369;0,40800450;1,44514000
-19,69738369;0,40412760;1,44435800
-19,68714369;0,39848650;1,44264000
-19,67690369;0,39394170;1,44263900
-19,66666369;0,39158230;1,44248200
-19,65642369;0,38946180;1,44170200
-19,64618369;0,38540230;1,43857600
-19,63594369;0,38052800;1,43888900
-19,62570369;0,37634350;1,43826400
-19,61546369;0,37366600;1,43779500
-19,60522369;0,37139160;1,43482500
-19,59498369;0,36655570;1,43545100
-19,58474369;0,36002060;1,43357500
-19,57450369;0,35648940;1,43263800
-19,56426369;0,35476220;1,43295000
-19,55402369;0,35152870;1,43185700
-19,54378369;0,34588640;1,42966800
-19,53354369;0,34107890;1,42919900
-19,52330369;0,33709710;1,42841900
-19,51306369;0,33263740;1,42685600
-19,50282369;0,32684040;1,42607400
-19,49258369;0,32200670;1,42591800
-19,48234369;0,31993940;1,42544900
-19,47210369;0,31798400;1,42435500
-19,46186369;0,31402100;1,42232400
-19,45162369;0,30833040;1,42060400
-19,44138369;0,30411770;1,41919800
-19,43114369;0,30146970;1,41935400
-19,42090369;0,29842770;1,41794800
-19,41066369;0,29207550;1,41701100
-19,40042369;0,28680760;1,41576000
-19,39018369;0,28379450;1,41451000
-19,37994369;0,28114640;1,41435400
-19,36970369;0,27664610;1,41138500
-19,35946369;0,27145460;1,41091500
-19,34922369;0,26706910;1,40950900
-19,33898369;0,26404600;1,40935300
-19,32874369;0,25945830;1,40763400
-19,31850369;0,25340980;1,40779000
-19,30826369;0,24959820;1,40529000
-19,29802369;0,24733540;1,40482100
-19,28778369;0,24380350;1,40404000
-19,27754369;0,23845050;1,40278900
-19,26730369;0,23345730;1,40091400
-19,25706369;0,23000400;1,39966400
-19,24682369;0,22615660;1,39966400
-19,23658369;0,21985210;1,39778900
-19,22634369;0,21453610;1,39763200
-19,21610369;0,21185870;1,39607000
-19,20586369;0,20925800;1,39560100
-19,19562369;0,20456610;1,39466300
-19,18538369;0,19940340;1,39325700
-19,17514369;0,19529640;1,39232000
-19,16490369;0,19201460;1,39044400
-19,15466369;0,18733160;1,39060000
-19,14442369;0,18113250;1,38935000
-19,13418369;0,17741900;1,38872500
-19,12394369;0,17562500;1,38700600
-19,11370369;0,17207590;1,38669200
-19,10346369;0,16698720;1,38591200
-19,09322369;0,16206570;1,38434900
-19,08298369;0,15845750;1,38450500
-19,07274369;0,15546560;1,38247300
-19,06250369;0,14933420;1,38106700
-19,05226369;0,14372060;1,38059800
-19,04202369;0,14054450;1,37809800
-19,03178369;0,13791540;1,37825400
-19,02154369;0,13337610;1,37575400
-19,01130369;0,12808750;1,37497300
-19,00106369;0,12371050;1,37403500
-18,99082369;0,11999620;1,37356500
-18,98058369;0,11492010;1,37106500
-18,97034369;0,10970000;1,36997100
-18,96010369;0,10547790;1,36856400
-18,94986369;0,10316520;1,36809600
-18,93962369;0,09906792;1,36559500
-18,92938369;0,09307053;1,36465700
-18,91914369;0,08883896;1,36340700
-18,90890369;0,08572317;1,36309500
-18,89866369;0,08163415;1,35965600
-18,88842369;0,07517838;1,35949900
-18,87818369;0,07006975;1,35824900
-18,86794369;0,06786381;1,35621800
-18,85770369;0,06419761;1,35496700
-18,84746369;0,05873702;1,35340500
-18,83722369;0,05352619;1,35106100
-18,82698369;0,04897773;1,35059100
-18,81674369;0,04347929;1,34824700
-18,80650369;0,03782739;1,34777800
-18,79626369;0,03391236;1,34434100
-18,78602369;0,03186828;1,34356000
-18,77578369;0,02838465;1,34168400
-18,76554369;0,02312577;1,33980900
-18,75530369;0,01781899;1,33730900
-18,74506369;0,01486352;1,33590100
-18,73482369;0,01106704;1,33480700
-18,72458369;0,00494370;1,33230800
-18,71434369;-0,00041913;1,33137000
-18,70410369;-0,00343395;1,32887000
-18,69386369;-0,00617008;1,32574400
-18,68362369;-0,01115785;1,32293100
-18,67338369;-0,01653399;1,31996200
-18,66314369;-0,02078315;1,31886800
-18,65290369;-0,02447737;1,31714800
-18,64266369;-0,02991837;1,31480500
-18,63242369;-0,03534999;1,31339700
-18,62218369;-0,03872792;1,31042900
-18,61194369;-0,04142446;1,30902200
-18,60170369;-0,04641426;1,30480300
-18,59146369;-0,05183594;1,30417800
-18,58122369;-0,05611572;1,30136500
-18,57098369;-0,05954164;1,29933300
-18,56074369;-0,06559734;1,29698900
-18,55050369;-0,07124984;1,29292600
-18,54026369;-0,07459877;1,28870700
-18,53002369;-0,07721787;1,28589400
-18,51978369;-0,08173413;1,28308100
-18,50954369;-0,08687785;1,27761100
-18,49930369;-0,09164523;1,27448500
-18,48906369;-0,09592965;1,26776600
-18,47882369;-0,10083210;1,26385900
-18,46858369;-0,10674310;1,25807700
-18,45834369;-0,11014000;1,25229400
-18,44810369;-0,11232790;1,24650900
-18,43786369;-0,11596500;1,23947100
-18,42762369;-0,12216490;1,22882800
-18,41738369;-0,12685870;1,21552600
-18,40714369;-0,12943090;1,19472700
-18,39690369;-0,13330800;1,16972000
-18,38666369;-0,13971810;1,13596500
-18,37642369;-0,14477500;1,09345700
-18,36618369;-0,14702030;1,04063500
-18,35594369;-0,15005260;0,97828160
-18,34570369;-0,15514780;0,90623840
-18,33546369;-0,16050200;0,83216330
-18,32522369;-0,16413690;0,74636810
-18,31498369;-0,16793840;0,64682050
-18,30474369;-0,17272550;0,53070770
-18,29450369;-0,17854280;0,40006090
-18,28426369;-0,18160190;0,25863140
-18,27402369;-0,18407720;0,11548260
-18,26378369;-0,18793480;-0,02922883
-18,25354369;-0,19323180;-0,17331530
-18,24330369;-0,19769420;-0,31271320
-18,23306369;-0,20087030;-0,44929820
-18,22282369;-0,20427690;-0,57838210
-18,21258369;-0,21042760;-0,70355930
-18,20234369;-0,21531190;-0,82232920
-18,19210369;-0,21837270;-0,93656880
-18,18186369;-0,22107890;-1,04723600
-18,17162369;-0,22612640;-1,15274500
-18,16138369;-0,23141370;-1,25449200
-18,15114369;-0,23588480;-1,34482100
-18,14090369;-0,24047010;-1,41139400
-18,13066370;-0,24557010;-1,44280600
-18,12042370;-0,25102110;-1,45030700
-18,11018370;-0,25357810;-1,45265200
-18,09994370;-0,25577300;-1,45718300
-18,08970370;-0,25970740;-1,46109000
-18,07946370;-0,26471680;-1,46499700
-18,06922370;-0,26967750;-1,46624700
-18,05898370;-0,27222080;-1,47015400
-18,04874370;-0,27526260;-1,47156000
-18,03850370;-0,28099110;-1,47453000
-18,02826370;-0,28714160;-1,47796800
-18,01802370;-0,28973310;-1,47874900
-18,00778370;-0,29238110;-1,47968600
-17,99754370;-0,29624860;-1,48312500
-17,98730370;-0,30110350;-1,48531200
-17,97706370;-0,30565200;-1,48624900
-17,96682370;-0,30886630;-1,48843700
-17,95658370;-0,31301190;-1,49015700
-17,94634370;-0,31845270;-1,49062600
-17,93610370;-0,32300140;-1,49156300
-17,92586370;-0,32557150;-1,49281300
-17,91562370;-0,32811870;-1,49343900
-17,90538370;-0,33278120;-1,49468900
-17,89514370;-0,33829850;-1,49593800
-17,88490370;-0,34199990;-1,49718900
-17,87466370;-0,34503180;-1,49828300
-17,86442370;-0,34957020;-1,49922100
-17,85418370;-0,35554790;-1,49953400
-17,84394370;-0,35998090;-1,50094000
-17,83370370;-0,36224550;-1,50125200
-17,82346370;-0,36493250;-1,50281400
-17,81322370;-0,36901060;-1,50312800
-17,80298370;-0,37383780;-1,50344000
-17,79274370;-0,37782060;-1,50531500
-17,78250370;-0,38108370;-1,50578400
-17,77226370;-0,38504660;-1,50640900
-17,76202370;-0,39020900;-1,50640900
-17,75178370;-0,39487240;-1,50781600
-17,74154370;-0,39711810;-1,50812800
-17,73130370;-0,39897950;-1,50765900
-17,72106370;-0,40224910;-1,50984700
-17,71082370;-0,40737660;-1,50953400
-17,70058370;-0,41177100;-1,51156600
-17,69034370;-0,41494850;-1,51109700
-17,68010370;-0,41733470;-1,51172200
-17,66986370;-0,42131670;-1,51187800
-17,65962370;-0,42706440;-1,51281600
-17,64938370;-0,43152640;-1,51234700
-17,63914370;-0,43385800;-1,51250300
-17,62890370;-0,43628560;-1,51469200
-17,61866370;-0,44008580;-1,51516000
-17,60842370;-0,44476880;-1,51547300
-17,59818370;-0,44879900;-1,51562900
-17,58794370;-0,45173480;-1,51641000
-17,57770370;-0,45510340;-1,51672300
-17,56746370;-0,45968970;-1,51750500
-17,55722370;-0,46466070;-1,51719200
-17,54698370;-0,46800010;-1,51750400
-17,53674370;-0,46995730;-1,51781700
-17,52650370;-0,47251970;-1,52031700
-17,51626370;-0,47652060;-1,51984800
-17,50602370;-0,48132790;-1,51984900
-17,49578370;-0,48527190;-1,52000500
-17,48554370;-0,48785120;-1,52016100
-17,47530370;-0,49067730;-1,52016100
-17,46506370;-0,49530560;-1,52172400
-17,45482370;-0,50083640;-1,52109800
-17,44458370;-0,50403330;-1,52203700
-17,43434370;-0,50578120;-1,52234900
-17,42410370;-0,50834360;-1,52188000
-17,41386370;-0,51205640;-1,52344300
-17,40362370;-0,51706660;-1,52344300
-17,39338370;-0,52094240;-1,52438000
-17,38314370;-0,52430100;-1,52484900
-17,37290370;-0,52826560;-1,52625500
-17,36266370;-0,53270820;-1,52609900
-17,35242370;-0,53716080;-1,52563000
-17,34218370;-0,53995260;-1,52594300
-17,33194370;-0,54166080;-1,52594200
-17,32170370;-0,54321580;-1,52656800
-17,31146370;-0,54683360;-1,52641200
-17,30122370;-0,55116180;-1,52656800
-17,29098370;-0,55515280;-1,52703700
-17,28074370;-0,55806030;-1,52781800
-17,27050370;-0,55983610;-1,52844400
-17,26026370;-0,56264670;-1,52828800
-17,25002370;-0,56756910;-1,52828800
-17,23978370;-0,57256940;-1,52922500
-17,22954370;-0,57583070;-1,53031900
-17,21930370;-0,57722180;-1,53047500
-17,20906370;-0,57907820;-1,53000600
-17,19882370;-0,58172880;-1,53016200
-17,18858370;-0,58611480;-1,53125600
-17,17834370;-0,58986190;-1,53172600
-17,16810370;-0,59349750;-1,53110100
-17,15786370;-0,59565710;-1,53281900
-17,14762370;-0,59834330;-1,53172500
-17,13738370;-0,60189350;-1,53281900
-17,12714370;-0,60669140;-1,53328800
-17,11690370;-0,61009850;-1,53281900
-17,10666370;-0,61236290;-1,53453800
-17,09642370;-0,61362950;-1,53281900
-17,08618370;-0,61571210;-1,53391300
-17,07594370;-0,61929130;-1,53360100
-17,06570370;-0,62309150;-1,53438200
-17,05546370;-0,62720860;-1,53469400
-17,04522370;-0,62986670;-1,53594500
-17,03498370;-0,63185390;-1,53625800
-17,02474370;-0,63423350;-1,53610100
-17,01450370;-0,63841690;-1,53563200
-17,00426370;-0,64316720;-1,53594500
-16,99402370;-0,64665000;-1,53641400
-16,98378370;-0,64850280;-1,53547600
-16,97354370;-0,64963500;-1,53657000
-16,96330370;-0,65141940;-1,53719500
-16,95306370;-0,65448800;-1,53688300
-16,94282370;-0,65773710;-1,53844500
-16,93258370;-0,66122200;-1,53907000
-16,92234370;-0,66401520;-1,53782000
-16,91210370;-0,66685620;-1,53766400
-16,90186370;-0,66903110;-1,53828900
-16,89162370;-0,67172710;-1,53813200
-16,88138370;-0,67566070;-1,53797600
-16,87114370;-0,67953870;-1,53938300
-16,86090370;-0,68253200;-1,53782000
-16,85066370;-0,68405790;-1,53875700
-16,84042370;-0,68493060;-1,53969500
-16,83018370;-0,68624540;-1,54032100
-16,81994370;-0,68830930;-1,53938300
-16,80970370;-0,69167660;-1,54016400
-16,79946370;-0,69527530;-1,54000800
-16,78922370;-0,69836550;-1,53953900
-16,77898370;-0,70094690;-1,54094500
-16,76874370;-0,70226970;-1,54078900
-16,75850370;-0,70329700;-1,54078900
-16,74826370;-0,70530220;-1,54016400
-16,73802370;-0,70848790;-1,54094500
-16,72778370;-0,71207650;-1,54047700
-16,71754370;-0,71579050;-1,54078900
-16,70730370;-0,71890900;-1,54203900
-16,69706370;-0,72020420;-1,54063300
-16,68682370;-0,72103950;-1,54141500
-16,67658370;-0,72203700;-1,54063200
-16,66634370;-0,72373630;-1,54125800
-16,65610370;-0,72661470;-1,54172700
-16,64586370;-0,72958970;-1,54235200
-16,63562370;-0,73238130;-1,54235200
-16,62538370;-0,73505850;-1,54203900
-16,61514370;-0,73713030;-1,54266400
-16,60490370;-0,73862670;-1,54188300
-16,59466370;-0,73999660;-1,54157000
-16,58442370;-0,74169150;-1,54328900
-16,57418370;-0,74463210;-1,54313300
-16,56394370;-0,74751690;-1,54313300
-16,55370370;-0,75077660;-1,54282000
-16,54346370;-0,75294440;-1,54375900
-16,53322370;-0,75501760;-1,54407100
-16,52298370;-0,75605310;-1,54297700
-16,51274370;-0,75665840;-1,54328900
-16,50250370;-0,75757000;-1,54313300
-16,49226371;-0,75883700;-1,54250800
-16,48202371;-0,76086120;-1,54391400
-16,47178371;-0,76320200;-1,54328900
-16,46154371;-0,76575570;-1,54391400
-16,45130371;-0,76823160;-1,54469600
-16,44106371;-0,77045690;-1,54344600
-16,43082371;-0,77206960;-1,54500900
-16,42058371;-0,77335590;-1,54422700
-16,41034371;-0,77429520;-1,54344500
-16,40010371;-0,77498580;-1,54422700
-16,38986371;-0,77591720;-1,54469600
-16,37962371;-0,77754840;-1,54360200
-16,36938371;-0,77966000;-1,54422700
-16,35914371;-0,78248100;-1,54297700
-16,34890371;-0,78543700;-1,54360200
-16,33866371;-0,78789290;-1,54438300
-16,32842371;-0,79007170;-1,54313300
-16,31818371;-0,79128070;-1,54391400
-16,30794371;-0,79206840;-1,54438300
-16,29770371;-0,79248880;-1,54469600
-16,28746371;-0,79297940;-1,54422700
-16,27722371;-0,79367890;-1,54422700
-16,26698371;-0,79462940;-1,54438400
-16,25674371;-0,79641380;-1,54344500
-16,24650371;-0,79851530;-1,54391500
-16,23626371;-0,80026170;-1,54422700
-16,22602371;-0,80200910;-1,54422700
-16,21578371;-0,80434120;-1,54297700
-16,20554371;-0,80585620;-1,54407100
-16,19530371;-0,80766040;-1,54438400
-16,18506371;-0,80867750;-1,54485200
-16,17482371;-0,80975220;-1,54375800
-16,16458371;-0,81084580;-1,54328900
-16,15434371;-0,81181550;-1,54344500
-16,14410371;-0,81312040;-1,54375800
-16,13386371;-0,81472110;-1,54422700
-16,12362371;-0,81592020;-1,54328900
-16,11338371;-0,81802850;-1,54328900
-16,10314371;-0,81956940;-1,54360200
-16,09290371;-0,82171340;-1,54344500
-16,08266371;-0,82282300;-1,54344500
-16,07242371;-0,82436190;-1,54329000
-16,06218371;-0,82553910;-1,54297600
-16,05194371;-0,82647480;-1,54360200
-16,04170371;-0,82685740;-1,54266400
-16,03146371;-0,82741090;-1,54282100
-16,02122371;-0,82788950;-1,54266500
-16,01098371;-0,82811830;-1,54297600
-16,00074371;-0,82834810;-1,54297700
-15,99050371;-0,82863500;-1,54282100
-15,98026371;-0,82888530;-1,54235200
-15,97002371;-0,82921020;-1,54219500
-15,95978371;-0,82970020;-1,54329000
-15,94954371;-0,83009300;-1,54157000
-15,93930371;-0,83125420;-1,54250800
-15,92906371;-0,83189760;-1,54266500
-15,91882371;-0,83246390;-1,54110200
-15,90858371;-0,83328010;-1,54266400
-15,89834371;-0,83476600;-1,54078900
-15,88810371;-0,83556280;-1,54141400
-15,87786371;-0,83601410;-1,54110100
-15,86762371;-0,83714580;-1,54203900
-15,85738371;-0,83832660;-1,54203900
-15,84714371;-0,83901690;-1,54235100
-15,83690371;-0,83994870;-1,54063200
-15,82666371;-0,84042810;-1,54250800
-15,81642371;-0,84138780;-1,54157000
-15,80618371;-0,84165630;-1,54094600
-15,79594371;-0,84233720;-1,54110100
-15,78570371;-0,84243410;-1,54032000
-15,77546371;-0,84302860;-1,54078900
-15,76522371;-0,84378640;-1,54063300
-15,75498371;-0,84396920;-1,54032000
-15,74474371;-0,84426680;-1,54032100
-15,73450371;-0,84446790;-1,53969500
-15,72426371;-0,84447720;-1,54094600
-15,71402371;-0,84486130;-1,53953900
-15,70378371;-0,84503440;-1,53828900
-15,69354371;-0,84535090;-1,53844500
-15,68330371;-0,84537040;-1,54016400
-15,67306371;-0,84543730;-1,53938300
-15,66282371;-0,84541820;-1,53953900
-15,65258371;-0,84527390;-1,54032100
-15,64234371;-0,84548510;-1,53891400
-15,63210371;-0,84555260;-1,53875800
-15,62186371;-0,84567660;-1,53797600
-15,61162371;-0,84577290;-1,53750700
-15,60138371;-0,84567640;-1,53797600
-15,59114371;-0,84576400;-1,53782000
-15,58090371;-0,84584060;-1,53828800
-15,57066371;-0,84551390;-1,53703900
-15,56042371;-0,84572480;-1,53641300
-15,55018371;-0,84579240;-1,53735100
-15,53994371;-0,84561930;-1,53594500
-15,52970371;-0,84558100;-1,53672600
-15,51946371;-0,84553350;-1,53547600
-15,50922371;-0,84534110;-1,53594500
-15,49898371;-0,84510090;-1,53547600
-15,48874371;-0,84516810;-1,53563200
-15,47850371;-0,84507310;-1,53531900
-15,46826371;-0,84468860;-1,53625800
-15,45802371;-0,84473590;-1,53563200
-15,44778371;-0,84450750;-1,53469500
-15,43754371;-0,84416200;-1,53453800
-15,42730371;-0,84365270;-1,53453800
-15,41706371;-0,84325820;-1,53391300
-15,40682371;-0,84300910;-1,53469400
-15,39658371;-0,84275120;-1,53469500
-15,38634371;-0,84177140;-1,53344400
-15,37610371;-0,84176270;-1,53313200
-15,36586371;-0,84097520;-1,53297500
-15,35562371;-0,84007330;-1,53250600
-15,34538371;-0,83934420;-1,53172600
-15,33514371;-0,83842290;-1,53125600
-15,32490371;-0,83804880;-1,53141300
-15,31466371;-0,83694500;-1,53203800
-15,30442371;-0,83609100;-1,53125600
-15,29418371;-0,83489180;-1,53141300
-15,28394371;-0,83388380;-1,53266200
-15,27370371;-0,83316430;-1,53063100
-15,26346371;-0,83234860;-1,53063100
-15,25322371;-0,83126440;-1,53141200
-15,24298371;-0,83043890;-1,53016200
-15,23274371;-0,82989190;-1,53047500
-15,22250371;-0,82934560;-1,53047500
-15,21226371;-0,82915370;-1,52922500
-15,20202371;-0,82870230;-1,52938100
-15,19178371;-0,82837670;-1,52938100
-15,18154371;-0,82819470;-1,52938200
-15,17130371;-0,82794640;-1,52844400
-15,16106371;-0,82774560;-1,52938100
-15,15082371;-0,82723890;-1,52766200
-15,14058371;-0,82672290;-1,52734900
-15,13034371;-0,82571070;-1,52719300
-15,12010371;-0,82498400;-1,52750600
-15,10986371;-0,82322530;-1,52641200
-15,09962371;-0,82204880;-1,52688100
-15,08938371;-0,82044020;-1,52594300
-15,07914371;-0,81868950;-1,52610000
-15,06890371;-0,81697410;-1,52641200
-15,05866371;-0,81497970;-1,52531800
-15,04842371;-0,81361010;-1,52500500
-15,03818371;-0,81227570;-1,52516100
-15,02794371;-0,81154630;-1,52563000
-15,01770371;-0,81015600;-1,52406800
-15,00746371;-0,80927340;-1,52485000
-14,99722371;-0,80767030;-1,52344300
-14,98698371;-0,80673010;-1,52422400
-14,97674371;-0,80518440;-1,52422400
-14,96650371;-0,80297850;-1,52313000
-14,95626371;-0,80106840;-1,52250500
-14,94602371;-0,79914900;-1,52188000
-14,93578371;-0,79712430;-1,52250500
-14,92554371;-0,79537800;-1,52094300
-14,91530371;-0,79425600;-1,52125500
-14,90506371;-0,79325700;-1,52063000
-14,89482371;-0,79283500;-1,52109800
-14,88458371;-0,79232620;-1,52109900
-14,87434371;-0,79149190;-1,52063000
-14,86410371;-0,79083900;-1,51953600
-14,85386371;-0,78915030;-1,51953500
-14,84362372;-0,78651090;-1,51953600
-14,83338372;-0,78387180;-1,51953600
-14,82314372;-0,78117600;-1,51953600
-14,81290372;-0,77856570;-1,51875400
-14,80266372;-0,77678150;-1,51766100
-14,79242372;-0,77555270;-1,51750400
-14,78218372;-0,77463140;-1,51813000
-14,77194372;-0,77401750;-1,51703600
-14,76170372;-0,77290410;-1,51594200
-14,75146372;-0,77153170;-1,51656700
-14,74122372;-0,76937320;-1,51625400
-14,73098372;-0,76735700;-1,51547300
-14,72074372;-0,76499740;-1,51469100
-14,71050372;-0,76215670;-1,51469100
-14,70026372;-0,75982570;-1,51469100
-14,69002372;-0,75836590;-1,51469100
-14,67978372;-0,75732990;-1,51422300
-14,66954372;-0,75651430;-1,51375400
-14,65930372;-0,75549720;-1,51359800
-14,64906372;-0,75429810;-1,51187800
-14,63882372;-0,75216830;-1,51297200
-14,62858372;-0,74954910;-1,51156600
-14,61834372;-0,74597300;-1,51203500
-14,60810372;-0,74334870;-1,51172200
-14,59786372;-0,74088770;-1,51156600
-14,58762372;-0,73933580;-1,51109700
-14,57738372;-0,73800470;-1,51047200
-14,56714372;-0,73643050;-1,51016000
-14,55690372;-0,73388770;-1,51031600
-14,54666372;-0,73105700;-1,50953500
-14,53642372;-0,72805350;-1,50875300
-14,52618372;-0,72504070;-1,51016000
-14,51594372;-0,72293040;-1,50719000
-14,50570372;-0,72143250;-1,50781600
-14,49546372;-0,72064550;-1,50781600
-14,48522372;-0,71959050;-1,50703400
-14,47498372;-0,71798750;-1,50640900
-14,46474372;-0,71477350;-1,50687800
-14,45450372;-0,71063790;-1,50609700
-14,44426372;-0,70677030;-1,50578400
-14,43402372;-0,70436220;-1,50547200
-14,42378372;-0,70303820;-1,50484600
-14,41354372;-0,70173280;-1,50469000
-14,40330372;-0,70013010;-1,50422100
-14,39306372;-0,69734820;-1,50328300
-14,38282372;-0,69394120;-1,50422100
-14,37258372;-0,69039110;-1,50312700
-14,36234372;-0,68740670;-1,50125200
-14,35210372;-0,68575530;-1,50203400
-14,34186372;-0,68466170;-1,50125200
-14,33162372;-0,68361620;-1,50109600
-14,32138372;-0,68163910;-1,50031500
-14,31114372;-0,67829020;-1,49968900
-14,30090372;-0,67444260;-1,49968900
-14,29066372;-0,67074830;-1,49843900
-14,28042372;-0,66821750;-1,49718900
-14,27018372;-0,66593650;-1,49890800
-14,25994372;-0,66326900;-1,49765800
-14,24970372;-0,65990020;-1,49718900
-14,23946372;-0,65688370;-1,49609500
-14,22922372;-0,65340480;-1,49609500
-14,21898372;-0,65064170;-1,49484500
-14,20874372;-0,64932760;-1,49453200
-14,19850372;-0,64810970;-1,49422000
-14,18826372;-0,64594110;-1,49343800
-14,17802372;-0,64150670;-1,49265700
-14,16778372;-0,63727500;-1,49297000
-14,15754372;-0,63333090;-1,49172000
-14,14730372;-0,63127790;-1,49172000
-14,13706372;-0,62908020;-1,49187600
-14,12682372;-0,62651780;-1,49062600
-14,11658372;-0,62206470;-1,49000100
-14,10634372;-0,61787220;-1,48875000
-14,09610372;-0,61500190;-1,48890700
-14,08586372;-0,61319800;-1,48796900
-14,07562372;-0,61175850;-1,48718800
-14,06538372;-0,60919640;-1,48578100
-14,05514372;-0,60507010;-1,48640600
-14,04490372;-0,60087670;-1,48531200
-14,03466372;-0,59726810;-1,48500000
-14,02442372;-0,59491750;-1,48453100
-14,01418372;-0,59246140;-1,48328100
-14,00394372;-0,58920070;-1,48296900
-13,99370372;-0,58491700;-1,48265600
-13,98346372;-0,58088700;-1,48140600
-13,97322372;-0,57851390;-1,48062400
-13,96298372;-0,57689570;-1,47953000
-13,95274372;-0,57487140;-1,47906100
-13,94250372;-0,57109070;-1,47937400
-13,93226372;-0,56597640;-1,47796800
-13,92202372;-0,56157200;-1,47781100
-13,91178372;-0,55928890;-1,47624800
-13,90154372;-0,55761870;-1,47593600
-13,89130372;-0,55449050;-1,47484200
-13,88106372;-0,54963500;-1,47421700
-13,87082372;-0,54574980;-1,47406100
-13,86058372;-0,54262050;-1,47327800
-13,85034372;-0,54120080;-1,47265400
-13,84010372;-0,53970320;-1,47234200
-13,82986372;-0,53630660;-1,47124800
-13,81962372;-0,53152790;-1,46999800
-13,80938372;-0,52703630;-1,46906000
-13,79914372;-0,52335160;-1,46765300
-13,78890372;-0,52015610;-1,46859100
-13,77866372;-0,51565600;-1,46734100
-13,76842372;-0,51089600;-1,46702800
-13,75818372;-0,50729680;-1,46499700
-13,74794372;-0,50550250;-1,46405900
-13,73770372;-0,50345810;-1,46390300
-13,72746372;-0,49913110;-1,46343400
-13,71722372;-0,49400130;-1,46171500
-13,70698372;-0,48940280;-1,46187100
-13,69674372;-0,48703680;-1,46187200
-13,68650372;-0,48466780;-1,45999600
-13,67626372;-0,48026330;-1,45968400
-13,66602372;-0,47571510;-1,45937100
-13,65578372;-0,47175220;-1,45905800
-13,64554372;-0,46954500;-1,45733900
-13,63530372;-0,46749140;-1,45796500
-13,62506372;-0,46369190;-1,45593300
-13,61482372;-0,45875930;-1,45577700
-13,60458372;-0,45436450;-1,45452600
-13,59434372;-0,45122670;-1,45390100
-13,58410372;-0,44806020;-1,45390200
-13,57386372;-0,44385710;-1,45124500
-13,56362372;-0,43905900;-1,45077600
-13,55338372;-0,43547950;-1,45108900
-13,54314372;-0,43348380;-1,44858800
-13,53290372;-0,43086440;-1,44827600
-13,52266372;-0,42618170;-1,44718100
-13,51242372;-0,42044320;-1,44843100
-13,50218372;-0,41690300;-1,44780700
-13,49194372;-0,41454670;-1,44577600
-13,48170372;-0,41096720;-1,44483800
-13,47146372;-0,40649520;-1,44421300
-13,46122372;-0,40157790;-1,44358800
-13,45098372;-0,39872980;-1,44327500
-13,44074372;-0,39674350;-1,44265000
-13,43050372;-0,39417160;-1,44186800
-13,42026372;-0,38951760;-1,44077500
-13,41002372;-0,38408700;-1,43968100
-13,39978372;-0,38072850;-1,43936800
-13,38954372;-0,37739780;-1,43811800
-13,37930372;-0,37305100;-1,43749300
-13,36906372;-0,36817600;-1,43671100
-13,35882372;-0,36423180;-1,43546200
-13,34858372;-0,36196740;-1,43452400
-13,33834372;-0,35934780;-1,43436700
-13,32810372;-0,35427150;-1,43327400
-13,31786372;-0,34837050;-1,43092900
-13,30762372;-0,34474370;-1,43108600
-13,29738372;-0,34141480;-1,42983500
-13,28714372;-0,33698580;-1,42952200
-13,27690372;-0,33166040;-1,42905400
-13,26666372;-0,32769760;-1,42827300
-13,25642372;-0,32534160;-1,42749100
-13,24618372;-0,32230070;-1,42608500
-13,23594372;-0,31700420;-1,42452200
-13,22570372;-0,31200420;-1,42405300
-13,21546372;-0,30842460;-1,42217800
-13,20522372;-0,30493220;-1,42124100
-13,19498373;-0,30018200;-1,42139600
-13,18474373;-0,29512540;-1,42045900
-13,17450373;-0,29177650;-1,41748900
-13,16426373;-0,28933950;-1,41764600
-13,15402373;-0,28565500;-1,41655200
-13,14378373;-0,27942680;-1,41545800
-13,13354373;-0,27414950;-1,41452100
-13,12330373;-0,27161630;-1,41389600
-13,11306373;-0,26828610;-1,41264500
-13,10282373;-0,26328690;-1,41077000
-13,09258373;-0,25798010;-1,41045700
-13,08234373;-0,25522630;-1,40873800
-13,07210373;-0,25312780;-1,40733200
-13,06186373;-0,24996730;-1,40623800
-13,05162373;-0,24426670;-1,40655100
-13,04138373;-0,23912730;-1,40436200
-13,03114373;-0,23475300;-1,40420700
-13,02090373;-0,22953280;-1,40154900
-13,01066373;-0,22426470;-1,39998700
-13,00042373;-0,21999470;-1,39998700
-12,99018373;-0,21766280;-1,39779900
-12,97994373;-0,21378600;-1,39717400
-12,96970373;-0,20747220;-1,39717400
-12,95946373;-0,20228070;-1,39639200
-12,94922373;-0,19959400;-1,39404900
-12,93898373;-0,19612020;-1,39295500
-12,92874373;-0,19065060;-1,39233000
-12,91850373;-0,18578550;-1,39092300
-12,90826373;-0,18278170;-1,38951600
-12,89802373;-0,18012480;-1,38889200
-12,88778373;-0,17564800;-1,38764200
-12,87754373;-0,16986280;-1,38654700
-12,86730373;-0,16545860;-1,38529700
-12,85706373;-0,16198880;-1,38310900
-12,84682373;-0,15739300;-1,38310900
-12,83658373;-0,15180850;-1,38138900
-12,82634373;-0,14798940;-1,38045200
-12,81610373;-0,14583040;-1,37779500
-12,80586373;-0,14141640;-1,37701400
-12,79562373;-0,13539990;-1,37638900
-12,78538373;-0,13054420;-1,37513900
-12,77514373;-0,12768400;-1,37341900
-12,76490373;-0,12387330;-1,37373200
-12,75466373;-0,11847940;-1,37154400
-12,74442373;-0,11369060;-1,37201300
-12,73418373;-0,11071580;-1,36998100
-12,72394373;-0,10836480;-1,36857500
-12,71370373;-0,10324060;-1,36670000
-12,70346373;-0,09715707;-1,36669900
-12,69322373;-0,09280426;-1,36591700
-12,68298373;-0,08869676;-1,36466700
-12,67274373;-0,08366016;-1,36388600
-12,66250373;-0,07857995;-1,36169800
-12,65226373;-0,07552955;-1,35997900
-12,64202373;-0,07296754;-1,35966600
-12,63178373;-0,06776637;-1,35779200
-12,62154373;-0,06108675;-1,35685300
-12,61130373;-0,05716174;-1,35466500
-12,60106373;-0,05355353;-1,35404100
-12,59082373;-0,04830467;-1,35247800
-12,58058373;-0,04288299;-1,35122800
-12,57034373;-0,03956278;-1,34919600
-12,56010373;-0,03658795;-1,34872800
-12,54986373;-0,03202960;-1,34622700
-12,53962373;-0,02633897;-1,34560200
-12,52938373;-0,02180018;-1,34435200
-12,51914373;-0,01852844;-1,34185100
-12,50890373;-0,01313116;-1,34028800
-12,49866373;-0,00801748;-1,33794400
-12,48842373;-0,00437133;-1,33622500
-12,47818373;-0,00199877;-1,33356900
-12,46794373;0,00273150;-1,33122500
-12,45770373;0,00947594;-1,32966100
-12,44746373;0,01394261;-1,32653600
-12,43722373;0,01644679;-1,32466100
-12,42698373;0,02076504;-1,32309800
-12,41674373;0,02623497;-1,31981600
-12,40650373;0,03086062;-1,31903500
-12,39626373;0,03321180;-1,31637800
-12,38602373;0,03610975;-1,31434700
-12,37578373;0,04122429;-1,31215800
-12,36554373;0,04715452;-1,30997100
-12,35530373;0,05182763;-1,30840800
-12,34506373;0,05673131;-1,30653300
-12,33482373;0,06227823;-1,30293900
-12,32458373;0,06671225;-1,30168800
-12,31434373;0,06911101;-1,29809400
-12,30410373;0,07282087;-1,29481100
-12,29386373;0,07924008;-1,29325000
-12,28362373;0,08463155;-1,28996700
-12,27338373;0,08765923;-1,28684200
-12,26314373;0,09146805;-1,28434200
-12,25290373;0,09710073;-1,27996600
-12,24266373;0,10198500;-1,27574700
-12,23242373;0,10448950;-1,27090200
-12,22218373;0,10760810;-1,26683800
-12,21194373;0,11323120;-1,26136900
-12,20170373;0,11853770;-1,25308700
-12,19146373;0,12229950;-1,24527200
-12,18122373;0,12568790;-1,23542600
-12,17098373;0,13112040;-1,22120600
-12,16074373;0,13613020;-1,20620400
-12,15050373;0,13938360;-1,18213800
-12,14026373;0,14198400;-1,15260100
-12,13002373;0,14656100;-1,11571000
-12,11978373;0,15336430;-1,06599000
-12,10954373;0,15735520;-1,00736700
-12,09930373;0,16008500;-0,93813010
-12,08906373;0,16416210;-0,86655450
-12,07882373;0,16961250;-0,78841720
-12,06858373;0,17434910;-0,69715230
-12,05834373;0,17638270;-0,58541460
-12,04810373;0,17883920;-0,45570560
-12,03786373;0,18361800;-0,31286950
-12,02762373;0,18927010;-0,16550140
-12,01738373;0,19348280;-0,01969602
-12,00714373;0,19656310;0,12501540
-11,99690373;0,20118830;0,26456980
-11,98666373;0,20665780;0,40037320
-11,97642373;0,21038100;0,53070770
-11,96618373;0,21245360;0,65525970
-11,95594373;0,21580250;0,77512280
-11,94570373;0,22207810;0,88889190
-11,93546373;0,22728860;1,00078500
-11,92522373;0,23109800;1,10815200
-11,91498373;0,23451200;1,21163200
-11,90474373;0,24020380;1,30838900
-11,89450373;0,24490430;1,38809800
-11,88426373;0,24786240;1,43466900
-11,87402373;0,25025140;1,45045300
-11,86378373;0,25505180;1,45357900
-11,85354373;0,26089810;1,45701600
-11,84330373;0,26492910;1,46108000
-11,83306373;0,26829740;1,46389200
-11,82282373;0,27255810;1,46717500
-11,81258373;0,27756690;1,46983100
-11,80234373;0,28192350;1,47248700
-11,79210373;0,28420700;1,47483100
-11,78186373;0,28765170;1,47733200
-11,77162373;0,29373570;1,47920700
-11,76138373;0,29930080;1,48077000
-11,75114373;0,30196880;1,48264500
-11,74090373;0,30478010;1,48483300
-11,73066373;0,30948200;1,48686400
-11,72042373;0,31470230;1,48780200
-11,71018373;0,31825240;1,48795900
-11,69994373;0,32014110;1,48936500
-11,68970373;0,32283890;1,49155300
-11,67946373;0,32798090;1,49249000
-11,66922373;0,33329920;1,49374100
-11,65898373;0,33763440;1,49514700
-11,64874373;0,34197130;1,49686600
-11,63850373;0,34678860;1,49671000
-11,62826373;0,35202800;1,49702200
-11,61802373;0,35517490;1,49983500
-11,60778373;0,35680610;1,50014800
-11,59754373;0,36133490;1,50124100
-11,58730373;0,36755340;1,50217900
-11,57706373;0,37185220;1,50327300
-11,56682373;0,37423190;1,50342900
-11,55658374;0,37697750;1,50514800
-11,54634374;0,38164090;1,50546100
-11,53610374;0,38647710;1,50499300
-11,52586374;0,38985530;1,50686700
-11,51562374;0,39186070;1,50749200
-11,50538374;0,39463240;1,50889900
-11,49514374;0,39964640;1,50843000
-11,48490374;0,40475000;1,50952400
-11,47466374;0,40828170;1,51014900
-11,46442374;0,41131010;1,51046100
-11,45418374;0,41511900;1,51124300
-11,44394374;0,42018560;1,51218100
-11,43370374;0,42457090;1,51233700
-11,42346374;0,42692160;1,51374300
-11,41322374;0,42878330;1,51421200
-11,40298374;0,43267940;1,51530600
-11,39274374;0,43905110;1,51468000
-11,38250374;0,44346460;1,51593100
-11,37226374;0,44548980;1,51640000
-11,36202374;0,44815740;1,51655600
-11,35178374;0,45249490;1,51858800
-11,34154374;0,45726340;1,51874400
-11,33130374;0,46109240;1,51921300
-11,32106374;0,46310780;1,51874400
-11,31082374;0,46501680;1,52015000
-11,30058374;0,46880750;1,51983800
-11,29034374;0,47420940;1,52077500
-11,28010374;0,47872850;1,52046300
-11,26986374;0,48191080;1,52171300
-11,25962374;0,48507890;1,52233900
-11,24938374;0,48974080;1,52233800
-11,23914374;0,49452400;1,52249400
-11,22890374;0,49760320;1,52296300
-11,21866374;0,49904250;1,52358800
-11,20842374;0,50115600;1,52421300
-11,19818374;0,50599710;1,52390100
-11,18794374;0,51169150;1,52452600
-11,17770374;0,51564740;1,52499500
-11,16746374;0,51795020;1,52608900
-11,15722374;0,52064720;1,52437000
-11,14698374;0,52496420;1,52577700
-11,13674374;0,53010880;1,52671400
-11,12650374;0,53355400;1,52640100
-11,11626374;0,53524230;1,52796400
-11,10602374;0,53702750;1,52733900
-11,09578374;0,54089420;1,52687000
-11,08554374;0,54561590;1,52858900
-11,07530374;0,54980930;1,52843300
-11,06506374;0,55275520;1,52874500
-11,05482374;0,55529770;1,52952700
-11,04458374;0,55870400;1,52905800
-11,03434374;0,56323320;1,52921400
-11,02410374;0,56713870;1,52983900
-11,01386374;0,56987410;1,53171400
-11,00362374;0,57116760;1,53187100
-10,99338374;0,57338840;1,53202800
-10,98314374;0,57719080;1,53218400
-10,97290374;0,58298600;1,53218400
-10,96266374;0,58678280;1,53265300
-10,95242374;0,58870100;1,53359000
-10,94218374;0,59033230;1,53312100
-10,93194374;0,59328830;1,53327700
-10,92170374;0,59765390;1,53374600
-10,91146374;0,60163580;1,53296500
-10,90122374;0,60500430;1,53421500
-10,89098374;0,60645340;1,53484000
-10,88074374;0,60733650;1,53437100
-10,87050374;0,60984050;1,53405900
-10,86026374;0,61315130;1,53546600
-10,85002374;0,61747880;1,53640300
-10,83978374;0,62167200;1,53593400
-10,82954374;0,62468520;1,53593400
-10,81930374;0,62758390;1,53640300
-10,80906374;0,63104800;1,53609000
-10,79882374;0,63549150;1,53718400
-10,78858374;0,63906110;1,53656000
-10,77834374;0,64154720;1,53734100
-10,76810374;0,64259200;1,53796500
-10,75786374;0,64369520;1,53734100
-10,74762374;0,64681120;1,53890300
-10,73738374;0,65124690;1,53890300
-10,72714374;0,65612020;1,53765300
-10,71690374;0,65918250;1,53859000
-10,70666374;0,66071420;1,53921500
-10,69642374;0,66218110;1,53874700
-10,68618374;0,66469540;1,53890300
-10,67594374;0,66820630;1,53905900
-10,66570374;0,67205480;1,53984100
-10,65546374;0,67534660;1,53921600
-10,64522374;0,67761110;1,53968400
-10,63498374;0,67859820;1,54031000
-10,62474374;0,67984690;1,54031000
-10,61450374;0,68204410;1,54093500
-10,60426374;0,68585320;1,54046600
-10,59402374;0,68957690;1,54124700
-10,58378374;0,69276270;1,54046600
-10,57354374;0,69537280;1,54015300
-10,56330374;0,69690850;1,54077800
-10,55306374;0,69887480;1,54046600
-10,54282374;0,70130280;1,54077800
-10,53258374;0,70468920;1,54109100
-10,52234374;0,70797140;1,54156000
-10,51210374;0,71094560;1,54109100
-10,50186374;0,71313480;1,54109100
-10,49162374;0,71405640;1,54187300
-10,48138374;0,71473620;1,54218400
-10,47114374;0,71650150;1,54202800
-10,46090374;0,71913130;1,54249700
-10,45066374;0,72279640;1,54281000
-10,44042374;0,72738330;1,54296600
-10,43018374;0,73011820;1,54390500
-10,41994374;0,73175860;1,54374700
-10,40970374;0,73266950;1,54390400
-10,39946374;0,73352060;1,54281000
-10,38922374;0,73566630;1,54406100
-10,37898374;0,73843350;1,54343500
-10,36874374;0,74155720;1,54281000
-10,35850374;0,74452940;1,54359200
-10,34826374;0,74720670;1,54343500
-10,33802374;0,74905810;1,54452900
-10,32778374;0,74987360;1,54359100
-10,31754374;0,75033590;1,54374800
-10,30730374;0,75114170;1,54359200
-10,29706374;0,75248530;1,54406000
-10,28682374;0,75473950;1,54374700
-10,27658374;0,75760950;1,54374800
-10,26634374;0,76087140;1,54343500
-10,25610374;0,76340630;1,54406100
-10,24586374;0,76571830;1,54359200
-10,23562374;0,76708050;1,54406000
-10,22538374;0,76825170;1,54437200
-10,21514374;0,76940360;1,54421600
-10,20490374;0,77101560;1,54452900
-10,19466374;0,77328950;1,54327900
-10,18442374;0,77569750;1,54421700
-10,17418374;0,77797220;1,54390400
-10,16394374;0,78017040;1,54374700
-10,15370374;0,78230060;1,54562300
-10,14346374;0,78426750;1,54484200
-10,13322374;0,78520750;1,54499800
-10,12298374;0,78585080;1,54484200
-10,11274374;0,78632040;1,54656000
-10,10250374;0,78675280;1,54484200
-10,09226374;0,78765420;1,54437300
-10,08202374;0,78979420;1,54484200
-10,07178374;0,79231850;1,54531100
-10,06154374;0,79541770;1,54468500
-10,05130374;0,79809470;1,54515400
-10,04106374;0,80064820;1,54499800
-10,03082374;0,80225010;1,54562300
-10,02058374;0,80329640;1,54531000
-10,01034374;0,80409280;1,54421600
-10,00010374;0,80472620;1,54531000
-9,98986374;0,80580960;1,54484200
-9,97962374;0,80667460;1,54406000
-9,96938374;0,80818940;1,54515400
-9,95914374;0,80992340;1,54484200
-9,94890374;0,81177380;1,54531000
-9,93866374;0,81359210;1,54390400
-9,92842374;0,81576550;1,54390500
-9,91818374;0,81709350;1,54484200
-9,90794375;0,81909100;1,54484200
-9,89770375;0,82040080;1,54515400
-9,88746375;0,82108890;1,54437300
-9,87722375;0,82155730;1,54421600
-9,86698375;0,82182440;1,54484200
-9,85674375;0,82224600;1,54406000
-9,84650375;0,82253350;1,54327900
-9,83626375;0,82295590;1,54390400
-9,82602375;0,82374220;1,54421700
-9,81578375;0,82480860;1,54421600
-9,80554375;0,82618940;1,54452900
-9,79530375;0,82759990;1,54343500
-9,78506375;0,82882860;1,54343500
-9,77482375;0,83041130;1,54359100
-9,76458375;0,83195710;1,54343600
-9,75434375;0,83335750;1,54437300
-9,74410375;0,83438450;1,54327900
-9,73386375;0,83604450;1,54327900
-9,72362375;0,83718710;1,54406100
-9,71338375;0,83783760;1,54374800
-9,70314375;0,83838610;1,54281000
-9,69290375;0,83899950;1,54249800
-9,68266375;0,83940240;1,54296600
-9,67242375;0,83974880;1,54281000
-9,66218375;0,84013220;1,54265400
-9,65194375;0,84035330;1,54249800
-9,64170375;0,84073620;1,54343500
-9,63146375;0,84130260;1,54265400
-9,62122375;0,84171500;1,54296700
-9,61098375;0,84231160;1,54281000
-9,60074375;0,84303920;1,54234100
-9,59050375;0,84369270;1,54171600
-9,58026375;0,84400930;1,54202900
-9,57002375;0,84462290;1,54218500
-9,55978375;0,84530430;1,54187300
-9,54954375;0,84618710;1,54109100
-9,53930375;0,84687760;1,54171500
-9,52906375;0,84725230;1,54109100
-9,51882375;0,84778900;1,54124700
-9,50858375;0,84842270;1,54062200
-9,49834375;0,84880680;1,54109100
-9,48810375;0,84931470;1,54046600
-9,47786375;0,84967970;1,54109100
-9,46762375;0,85019740;1,53968400
-9,45738375;0,85062140;1,54015300
-9,44714375;0,85078350;1,54046600
-9,43690375;0,85122540;1,53921500
-9,42666375;0,85147420;1,54046600
-9,41642375;0,85136970;1,53968400
-9,40618375;0,85220380;1,53890300
-9,39594375;0,85213660;1,53874700
-9,38570375;0,85195420;1,53905900
-9,37546375;0,85209750;1,53843400
-9,36522375;0,85240500;1,53874600
-9,35498375;0,85249170;1,53890300
-9,34474375;0,85233820;1,53765300
-9,33450375;0,85242410;1,53952800
-9,32426375;0,85220370;1,53843400
-9,31402375;0,85242370;1,53827800
-9,30378375;0,85230030;1,53796500
-9,29354375;0,85211740;1,53765300
-9,28330375;0,85213700;1,53609000
-9,27306375;0,85198240;1,53687200
-9,26282375;0,85155090;1,53640200
-9,25258375;0,85096610;1,53624600
-9,24234375;0,85090760;1,53687100
-9,23210375;0,85080270;1,53577800
-9,22186375;0,85008250;1,53562200
-9,21162375;0,84991030;1,53671500
-9,20138375;0,84968990;1,53640300
-9,19114375;0,84895030;1,53593400
-9,18090375;0,84872010;1,53468400
-9,17066375;0,84794350;1,53546500
-9,16042375;0,84777020;1,53437100
-9,15018375;0,84695510;1,53484000
-9,13994375;0,84630290;1,53562200
-9,12970375;0,84557260;1,53437100
-9,11946375;0,84498710;1,53421500
-9,10922375;0,84448870;1,53437100
-9,09898375;0,84370140;1,53327700
-9,08874375;0,84315460;1,53405900
-9,07850375;0,84232990;1,53390300
-9,06826375;0,84198370;1,53312100
-9,05802375;0,84147570;1,53327700
-9,04778375;0,84087130;1,53374600
-9,03754375;0,84091890;1,53280900
-9,02730375;0,84030510;1,53296500
-9,01706375;0,83985340;1,53171400
-9,00682375;0,83957590;1,53140200
-8,99658375;0,83914430;1,53249600
-8,98634375;0,83882780;1,53312100
-8,97610375;0,83798250;1,53093300
-8,96586375;0,83720510;1,53155800
-8,95562375;0,83599620;1,53171400
-8,94538375;0,83527610;1,53062000
-8,93514375;0,83368320;1,52937100
-8,92490375;0,83263760;1,52905800
-8,91466375;0,83069930;1,52952700
-8,90442375;0,82985500;1,52937100
-8,89418375;0,82801320;1,53046400
-8,88394375;0,82625700;1,52905800
-8,87370375;0,82528780;1,52718300
-8,86346375;0,82407910;1,52858900
-8,85322375;0,82321470;1,52874500
-8,84298375;0,82255260;1,52796400
-8,83274375;0,82231210;1,52843300
-8,82250375;0,82204440;1,52733900
-8,81226375;0,82168140;1,52843300
-8,80202375;0,82135720;1,52671400
-8,79178375;0,82048580;1,52671400
-8,78154375;0,81975130;1,52655700
-8,77130375;0,81806890;1,52499400
-8,76106375;0,81649170;1,52624500
-8,75082375;0,81417680;1,52577700
-8,74058375;0,81221380;1,52562000
-8,73034375;0,81053710;1,52530800
-8,72010375;0,80894740;1,52608900
-8,70986375;0,80734530;1,52483900
-8,69962375;0,80590640;1,52483800
-8,68938375;0,80498590;1,52437000
-8,67914375;0,80431320;1,52374500
-8,66890375;0,80370860;1,52311900
-8,65866375;0,80279650;1,52421400
-8,64842375;0,80147290;1,52343200
-8,63818375;0,79934240;1,52186900
-8,62794375;0,79621500;1,52296300
-8,61770375;0,79316320;1,52171300
-8,60746375;0,79073540;1,52265000
-8,59722375;0,78868150;1,52233800
-8,58698375;0,78713630;1,52171300
-8,57674375;0,78660850;1,52061900
-8,56650375;0,78600420;1,52077600
-8,55626375;0,78551500;1,52061900
-8,54602375;0,78485270;1,52062000
-8,53578375;0,78324040;1,51905600
-8,52554375;0,78127310;1,51952500
-8,51530375;0,77882680;1,51858800
-8,50506375;0,77670560;1,51811900
-8,49482375;0,77408620;1,51811800
-8,48458375;0,77190800;1,51811900
-8,47434375;0,76982520;1,51702500
-8,46410375;0,76880800;1,51655600
-8,45386375;0,76782950;1,51593100
-8,44362375;0,76636140;1,51640000
-8,43338375;0,76441360;1,51577500
-8,42314375;0,76180290;1,51608700
-8,41290375;0,75898200;1,51499300
-8,40266375;0,75568960;1,51483700
-8,39242375;0,75313780;1,51436800
-8,38218375;0,75161190;1,51499300
-8,37194375;0,75060460;1,51405600
-8,36170375;0,75009500;1,51343100
-8,35146375;0,74952920;1,51296200
-8,34122375;0,74800290;1,51311800
-8,33098375;0,74569980;1,51202500
-8,32074375;0,74256390;1,50999300
-8,31050375;0,73918030;1,51030600
-8,30026375;0,73654660;1,51014900
-8,29002375;0,73430630;1,50905500
-8,27978375;0,73295640;1,50889800
-8,26954375;0,73219020;1,50968100
-8,25930376;0,73101090;1,50858600
-8,24906376;0,72896700;1,50858600
-8,23882376;0,72487870;1,50796100
-8,22858376;0,72060870;1,50827400
-8,21834376;0,71701010;1,50749200
-8,20810376;0,71522610;1,50655500
-8,19786376;0,71428540;1,50655500
-8,18762376;0,71363280;1,50530500
-8,17738376;0,71185780;1,50561700
-8,16714376;0,70924770;1,50452300
-8,15690376;0,70596560;1,50389800
-8,14666376;0,70282890;1,50358600
-8,13642376;0,69990210;1,50296100
-8,12618376;0,69761790;1,50311700
-8,11594376;0,69597650;1,50327300
-8,10570376;0,69406850;1,50061600
-8,09546376;0,69097780;1,50155400
-8,08522376;0,68720630;1,50092900
-8,07498376;0,68325330;1,49983600
-8,06474376;0,68074860;1,49999100
-8,05450376;0,67909740;1,49858500
-8,04426376;0,67823460;1,49905400
-8,03402376;0,67643060;1,49780400
-8,02378376;0,67363790;1,49764700
-8,01354376;0,66974220;1,49655300
-8,00330376;0,66631670;1,49702200
-7,99306376;0,66325530;1,49702200
-7,98282376;0,66135640;1,49546000
-7,97258376;0,66006200;1,49483400
-7,96234376;0,65788160;1,49358400
-7,95210376;0,65389050;1,49436600
-7,94186376;0,64881380;1,49327200
-7,93162376;0,64512380;1,49233400
-7,92138376;0,64314900;1,49249000
-7,91114376;0,64214210;1,49264700
-7,90090376;0,64040480;1,49108400
-7,89066376;0,63728600;1,49061500
-7,88042376;0,63279550;1,48905300
-7,87018376;0,62869750;1,48795800
-7,85994376;0,62575180;1,48780200
-7,84970376;0,62328480;1,48717700
-7,83946376;0,61970560;1,48686400
-7,82922376;0,61535850;1,48592800
-7,81898376;0,61094490;1,48686400
-7,80874376;0,60822910;1,48577100
-7,79850376;0,60695240;1,48420800
-7,78826376;0,60577200;1,48577100
-7,77802376;0,60331580;1,48452000
-7,76778376;0,59957310;1,48342700
-7,75754376;0,59510090;1,48217600
-7,74730376;0,59133950;1,48295800
-7,73706376;0,58942980;1,48202000
-7,72682376;0,58772180;1,48061300
-7,71658376;0,58486480;1,48045700
-7,70634376;0,58003570;1,47936300
-7,69610376;0,57475830;1,47889400
-7,68586376;0,57176150;1,47873800
-7,67562376;0,57049730;1,47717600
-7,66538376;0,56877020;1,47655100
-7,65514376;0,56512360;1,47545600
-7,64490376;0,56050810;1,47530000
-7,63466376;0,55670850;1,47405000
-7,62442376;0,55363830;1,47358200
-7,61418376;0,55144070;1,47373700
-7,60394376;0,54790980;1,47233100
-7,59370376;0,54303390;1,47326900
-7,58346376;0,53874550;1,47186200
-7,57322376;0,53601930;1,47076800
-7,56298376;0,53430260;1,47030000
-7,55274376;0,53172120;1,46904900
-7,54250376;0,52737370;1,46826800
-7,53226376;0,52297840;1,46842500
-7,52202376;0,51917850;1,46842500
-7,51178376;0,51680870;1,46654900
-7,50154376;0,51407260;1,46686200
-7,49130376;0,50869540;1,46545500
-7,48106376;0,50328740;1,46608000
-7,47082376;0,50004130;1,46420500
-7,46058376;0,49856220;1,46404900
-7,45034376;0,49615410;1,46233000
-7,44010376;0,49236660;1,46201700
-7,42986376;0,48750960;1,46170500
-7,41962376;0,48355720;1,46139300
-7,40938376;0,48050290;1,45967300
-7,39914376;0,47691540;1,45858000
-7,38890376;0,47141750;1,45811100
-7,37866376;0,46639840;1,45717200
-7,36842376;0,46394260;1,45670400
-7,35818376;0,46226300;1,45592300
-7,34794376;0,45972040;1,45529800
-7,33770376;0,45503770;1,45545300
-7,32746376;0,45012460;1,45420300
-7,31722376;0,44675630;1,45310900
-7,30698376;0,44480810;1,45154700
-7,29674376;0,44174730;1,45186000
-7,28650376;0,43637360;1,45139100
-7,27626376;0,43053940;1,45139100
-7,26602376;0,42773730;1,44982800
-7,25578376;0,42619250;1,44873400
-7,24554376;0,42294920;1,44873500
-7,23530376;0,41781490;1,44779700
-7,22506376;0,41331490;1,44639000
-7,21482376;0,40986220;1,44592100
-7,20458376;0,40715210;1,44467000
-7,19434376;0,40226050;1,44388900
-7,18410376;0,39686650;1,44357700
-7,17386376;0,39322330;1,44139000
-7,16362376;0,39121780;1,44107700
-7,15338376;0,38818550;1,44076400
-7,14314376;0,38407840;1,43982700
-7,13290376;0,37918430;1,43810800
-7,12266376;0,37533600;1,43748200
-7,11242376;0,37321510;1,43748200
-7,10218376;0,36991390;1,43560700
-7,09194376;0,36420460;1,43451300
-7,08170376;0,35874430;1,43388800
-7,07146376;0,35580840;1,43435700
-7,06122376;0,35383140;1,43310700
-7,05098376;0,34988800;1,43138700
-7,04074376;0,34448550;1,43076300
-7,03050376;0,33964950;1,43013800
-7,02026376;0,33574430;1,42779300
-7,01002376;0,33087340;1,42560500
-6,99978376;0,32515560;1,42560600
-6,98954376;0,32136550;1,42544900
-6,97930376;0,31946100;1,42435500
-6,96906376;0,31699570;1,42341700
-6,95882376;0,31237010;1,42185500
-6,94858376;0,30703500;1,42076100
-6,93834376;0,30296640;1,42013500
-6,92810376;0,30080730;1,41794800
-6,91786376;0,29654740;1,41685400
-6,90762376;0,29011790;1,41763500
-6,89738376;0,28553110;1,41576000
-6,88714376;0,28325730;1,41419800
-6,87690376;0,27988880;1,41232200
-6,86666376;0,27523510;1,41169700
-6,85642376;0,26999610;1,41060400
-6,84618376;0,26633990;1,40935300
-6,83594376;0,26277920;1,40779000
-6,82570376;0,25770140;1,40779000
-6,81546376;0,25221000;1,40654000
-6,80522376;0,24875430;1,40560200
-6,79498376;0,24668440;1,40435200
-6,78474376;0,24212850;1,40357100
-6,77450376;0,23660110;1,40247700
-6,76426376;0,23202830;1,40169500
-6,75402376;0,22907370;1,39950800
-6,74378376;0,22428530;1,39872700
-6,73354376;0,21788480;1,39763300
-6,72330376;0,21345150;1,39747600
-6,71306376;0,21135970;1,39653800
-6,70282376;0,20807800;1,39607000
-6,69258376;0,20299220;1,39403800
-6,68234376;0,19790650;1,39294400
-6,67210376;0,19437520;1,39216300
-6,66186376;0,19041210;1,39106900
-6,65162376;0,18475040;1,39122500
-6,64138376;0,17979880;1,38966200
-6,63114376;0,17681460;1,38685000
-6,62090376;0,17473250;1,38810000
-6,61066377;0,17075260;1,38544300
-6,60042377;0,16518690;1,38466200
-6,59018377;0,16066880;1,38419200
-6,57994377;0,15763310;1,38247400
-6,56970377;0,15384430;1,38169200
-6,55946377;0,14740530;1,38028600
-6,54922377;0,14243480;1,37950400
-6,53898377;0,13975780;1,37825400
-6,52874377;0,13658160;1,37747200
-6,51850377;0,13165800;1,37606600
-6,50826377;0,12637900;1,37465900
-6,49802377;0,12260670;1,37294000
-6,48778377;0,11906560;1,37278400
-6,47754377;0,11343280;1,37169000
-6,46730377;0,10803990;1,37028300
-6,45706377;0,10484450;1,36965800
-6,44682377;0,10206170;1,36778400
-6,43658377;0,09718706;1,36653200
-6,42634377;0,09154467;1,36418900
-6,41610377;0,08782206;1,36231400
-6,40586377;0,08481374;1,36200000
-6,39562377;0,07949867;1,36075000
-6,38538377;0,07307012;1,35840600
-6,37514377;0,06944665;1,35762500
-6,36490377;0,06722083;1,35637400
-6,35466377;0,06270055;1,35512400
-6,34442377;0,05703839;1,35215400
-6,33418377;0,05219233;1,35090400
-6,32394377;0,04743275;1,35012300
-6,31370377;0,04167527;1,34840400
-6,30346377;0,03634005;1,34590400
-6,29322377;0,03324059;1,34434100
-6,28298377;0,03113892;1,34387300
-6,27274377;0,02690673;1,34152800
-6,26250377;0,02075546;1,33934000
-6,25226377;0,01671550;1,33793300
-6,24202377;0,01398121;1,33668300
-6,23178377;0,00966778;1,33340100
-6,22154377;0,00302824;1,33199600
-6,21130377;-0,00137644;1,32996300
-6,20106377;-0,00392159;1,32793300
-6,19082377;-0,00756719;1,32402500
-6,18058377;-0,01280484;1,32308800
-6,17034377;-0,01826974;1,32136800
-6,16010377;-0,02169463;1,31777400
-6,14986377;-0,02613747;1,31636800
-6,13962377;-0,03191444;1,31496200
-6,12938377;-0,03668391;1,31230400
-6,11914377;-0,03936128;1,30996000
-6,10890377;-0,04273898;1,30824100
-6,09866377;-0,04841023;1,30496000
-6,08842377;-0,05337121;1,30308400
-6,07818377;-0,05697933;1,30058300
-6,06794377;-0,06106753;1,29745800
-6,05770377;-0,06765115;1,29433300
-6,04746377;-0,07286195;1,29136300
-6,03722377;-0,07526089;1,28886300
-6,02698377;-0,07844543;1,28464400
-6,01674377;-0,08335375;1,28167400
-6,00650377;-0,08887849;1,27651700
-5,99626377;-0,09271803;1,27151600
-5,98602377;-0,09754129;1,26745400
-5,97578377;-0,10315430;1,26198400
-5,96554377;-0,10821120;1,25745200
-5,95530377;-0,11085970;1,25041800
-5,94506377;-0,11342190;1,24447600
-5,93482377;-0,11845060;1,23649700
-5,92458377;-0,12368140;1,22538400
-5,91434377;-0,12764590;1,20895500
-5,90410377;-0,13035220;1,18956800
-5,89386377;-0,13535200;1,16003100
-5,88362377;-0,14165650;1,12580600
-5,87338377;-0,14558090;1,07673500
-5,86314377;-0,14794140;1,02141300
-5,85290377;-0,15145330;0,95546590
-5,84266377;-0,15668320;0,88248450
-5,83242377;-0,16147090;0,80450240
-5,82218377;-0,16502830;0,71823890
-5,81194377;-0,16917350;0,61369040
-5,80170377;-0,17478560;0,49163870
-5,79146377;-0,17973170;0,35911660
-5,78122377;-0,18253230;0,21674940
-5,77098377;-0,18496970;0,07141281
-5,76074377;-0,18971030;-0,07361123
-5,75050377;-0,19472900;-0,21519700
-5,74026377;-0,19846170;-0,35303250
-5,73002377;-0,20161860;-0,48727320
-5,71978377;-0,20622440;-0,61807640
-5,70954377;-0,21236560;-0,73965850
-5,69930377;-0,21674150;-0,85764710
-5,68906377;-0,21912110;-0,97079710
-5,67882377;-0,22251830;-1,08068800
-5,66858377;-0,22818930;-1,18525700
-5,65834377;-0,23302570;-1,28606000
-5,64810377;-0,23699790;-1,37076300
-5,63786377;-0,24192780;-1,42592900
-5,62762377;-0,24790810;-1,44780700
-5,61738377;-0,25187290;-1,45093200
-5,60714377;-0,25418160;-1,45343300
-5,59690377;-0,25640610;-1,45858900
-5,58666377;-0,26110850;-1,46218400
-5,57642377;-0,26620410;-1,46468500
-5,56618377;-0,27028240;-1,46812200
-5,55594377;-0,27305540;-1,47109100
-5,54570377;-0,27725860;-1,47202900
-5,53546377;-0,28315970;-1,47468600
-5,52522377;-0,28754490;-1,47765500
-5,51498377;-0,29037570;-1,48031200
-5,50474377;-0,29329280;-1,48093700
-5,49450377;-0,29801350;-1,48250000
-5,48426377;-0,30279250;-1,48546800
-5,47402377;-0,30674550;-1,48734400
-5,46378377;-0,31016160;-1,48843800
-5,45354377;-0,31490240;-1,49031300
-5,44330377;-0,32030500;-1,49047000
-5,43306377;-0,32393180;-1,49140700
-5,42282377;-0,32621360;-1,49406400
-5,41258377;-0,32943960;-1,49484500
-5,40234377;-0,33454280;-1,49609500
-5,39210377;-0,33941050;-1,49718900
-5,38186377;-0,34308320;-1,49765800
-5,37162377;-0,34632640;-1,49812700
-5,36138377;-0,35171920;-1,49922000
-5,35114377;-0,35735200;-1,49890800
-5,34090377;-0,36087340;-1,50031500
-5,33066377;-0,36289840;-1,50140900
-5,32042377;-0,36620860;-1,50172100
-5,31018377;-0,37071940;-1,50219000
-5,29994377;-0,37536380;-1,50437800
-5,28970377;-0,37893360;-1,50484600
-5,27946377;-0,38243650;-1,50547100
-5,26922377;-0,38664900;-1,50594000
-5,25898377;-0,39179190;-1,50640900
-5,24874377;-0,39560210;-1,50687800
-5,23850377;-0,39790470;-1,50734700
-5,22826377;-0,40003440;-1,50859700
-5,21802377;-0,40410880;-1,50953500
-5,20778377;-0,40873600;-1,51094100
-5,19754377;-0,41301480;-1,51078500
-5,18730377;-0,41562810;-1,51078400
-5,17706377;-0,41830340;-1,51172200
-5,16682377;-0,42335070;-1,51219100
-5,15658377;-0,42853300;-1,51266000
-5,14634377;-0,43263920;-1,51375400
-5,13610377;-0,43450080;-1,51469200
-5,12586377;-0,43725470;-1,51469100
-5,11562377;-0,44174570;-1,51531700
-5,10538377;-0,44635210;-1,51578500
-5,09514377;-0,44988360;-1,51641100
-5,08490377;-0,45265610;-1,51625400
-5,07466377;-0,45649420;-1,51719200
-5,06442377;-0,46122560;-1,51797300
-5,05418377;-0,46573540;-1,51766100
-5,04394377;-0,46850830;-1,51922300
-5,03370377;-0,47063900;-1,51875500
-5,02346377;-0,47355550;-1,51906700
-5,01322377;-0,47822910;-1,51953600
-5,00298377;-0,48298860;-1,52016100
-4,99274377;-0,48608750;-1,52016100
-4,98250377;-0,48815810;-1,51969200
-4,97226378;-0,49158700;-1,52016100
-4,96202378;-0,49700180;-1,52094200
-4,95178378;-0,50181660;-1,52203700
-4,94154378;-0,50482070;-1,52203700
-4,93130378;-0,50642310;-1,52234900
-4,92106378;-0,50944680;-1,52172400
-4,91082378;-0,51390950;-1,52281700
-4,90058378;-0,51810210;-1,52297400
-4,89034378;-0,52174960;-1,52438000
-4,88010378;-0,52542350;-1,52406800
-4,86986378;-0,52957020;-1,52485000
-4,85962378;-0,53409890;-1,52594300
-4,84938378;-0,53826390;-1,52594300
-4,83914378;-0,54056760;-1,52531800
-4,82890378;-0,54208330;-1,52609900
-4,81866378;-0,54406910;-1,52719300
-4,80842378;-0,54777320;-1,52703700
-4,79818378;-0,55257110;-1,52781800
-4,78794378;-0,55619870;-1,52891300
-4,77770378;-0,55868360;-1,52719300
-4,76746378;-0,56039140;-1,52813100
-4,75722378;-0,56351980;-1,52828700
-4,74698378;-0,56875020;-1,52922500
-4,73674378;-0,57347070;-1,52922600
-4,72650378;-0,57615740;-1,53078800
-4,71626378;-0,57790110;-1,53047500
-4,70602378;-0,57971910;-1,53000600
-4,69578378;-0,58306870;-1,53110000
-4,68554378;-0,58753190;-1,53188100
-4,67530378;-0,59087900;-1,53203700
-4,66506378;-0,59381410;-1,53219400
-4,65482378;-0,59621310;-1,53313200
-4,64458378;-0,59953360;-1,53266300
-4,63434378;-0,60371670;-1,53297500
-4,62410378;-0,60773780;-1,53344400
-4,61386378;-0,61087570;-1,53313200
-4,60362378;-0,61258360;-1,53391300
-4,59338378;-0,61423490;-1,53360100
-4,58314378;-0,61673870;-1,53469400
-4,57290378;-0,62039520;-1,53500700
-4,56266378;-0,62482900;-1,53531900
-4,55242378;-0,62814020;-1,53657000
-4,54218378;-0,63045250;-1,53547600
-4,53194378;-0,63264980;-1,53516300
-4,52170378;-0,63522110;-1,53672600
-4,51146378;-0,64041360;-1,53531900
-4,50122378;-0,64457840;-1,53625700
-4,49098378;-0,64728400;-1,53672600
-4,48074378;-0,64870400;-1,53766400
-4,47050378;-0,65002890;-1,53641300
-4,46026378;-0,65208150;-1,53672600
-4,45002378;-0,65489020;-1,53641300
-4,43978378;-0,65885670;-1,53813200
-4,42954378;-0,66225430;-1,53782000
-4,41930378;-0,66497110;-1,53782000
-4,40906378;-0,66711430;-1,53766300
-4,39882378;-0,66961660;-1,53875700
-4,38858378;-0,67284060;-1,53782000
-4,37834378;-0,67701440;-1,53844400
-4,36810378;-0,68054590;-1,53938300
-4,35786378;-0,68313630;-1,53938300
-4,34762378;-0,68449960;-1,53985100
-4,33738378;-0,68540110;-1,53922600
-4,32714378;-0,68697510;-1,53922600
-4,31690378;-0,68946980;-1,54078800
-4,30666378;-0,69262700;-1,53907000
-4,29642378;-0,69628290;-1,54047600
-4,28618378;-0,69922900;-1,53985200
-4,27594378;-0,70154180;-1,54078900
-4,26570378;-0,70274990;-1,54063300
-4,25546378;-0,70410320;-1,54125800
-4,24522378;-0,70598380;-1,54110200
-4,23498378;-0,70966860;-1,54063300
-4,22474378;-0,71345850;-1,54094500
-4,21450378;-0,71678810;-1,54110200
-4,20426378;-0,71933160;-1,54110200
-4,19402378;-0,72048310;-1,54157000
-4,18378378;-0,72123960;-1,54063300
-4,17354378;-0,72250720;-1,54032000
-4,16330378;-0,72471490;-1,54157000
-4,15306378;-0,72718040;-1,54235100
-4,14282378;-0,73021240;-1,54172700
-4,13258378;-0,73291940;-1,54328900
-4,12234378;-0,73579740;-1,54313300
-4,11210378;-0,73762080;-1,54250800
-4,10186378;-0,73891400;-1,54313300
-4,09162378;-0,74024580;-1,54282000
-4,08138378;-0,74267790;-1,54250800
-4,07114378;-0,74558010;-1,54344600
-4,06090378;-0,74831210;-1,54391400
-4,05066378;-0,75160190;-1,54297600
-4,04042378;-0,75368300;-1,54438300
-4,03018378;-0,75537250;-1,54297700
-4,01994378;-0,75617870;-1,54438300
-4,00970378;-0,75704230;-1,54360200
-3,99946378;-0,75800230;-1,54375800
-3,98922378;-0,75960390;-1,54391400
-3,97898378;-0,76175380;-1,54329000
-3,96874378;-0,76387440;-1,54438400
-3,95850378;-0,76660870;-1,54407000
-3,94826378;-0,76898020;-1,54282100
-3,93802378;-0,77092790;-1,54360200
-3,92778378;-0,77254930;-1,54454000
-3,91754378;-0,77376790;-1,54407000
-3,90730378;-0,77436220;-1,54453900
-3,89706378;-0,77521750;-1,54453900
-3,88682378;-0,77626260;-1,54266400
-3,87658378;-0,77803740;-1,54391500
-3,86634378;-0,78044670;-1,54375800
-3,85610378;-0,78312410;-1,54329000
-3,84586378;-0,78598360;-1,54360200
-3,83562378;-0,78866100;-1,54469500
-3,82538378;-0,79070470;-1,54344600
-3,81514378;-0,79148190;-1,54360200
-3,80490378;-0,79208680;-1,54407000
-3,79466378;-0,79269160;-1,54329000
-3,78442378;-0,79307480;-1,54360200
-3,77418378;-0,79388110;-1,54500900
-3,76394378;-0,79534900;-1,54500800
-3,75370378;-0,79672160;-1,54375800
-3,74346378;-0,79871800;-1,54282100
-3,73322378;-0,80091460;-1,54344500
-3,72298378;-0,80341030;-1,54313300
-3,71274378;-0,80482950;-1,54438300
-3,70250378;-0,80660520;-1,54485300
-3,69226378;-0,80798730;-1,54422700
-3,68202378;-0,80924390;-1,54469500
-3,67178378;-0,81013690;-1,54313300
-3,66154378;-0,81116320;-1,54375900
-3,65130378;-0,81212290;-1,54453900
-3,64106378;-0,81364790;-1,54360200
-3,63082378;-0,81498000;-1,54469500
-3,62058378;-0,81668650;-1,54438300
-3,61034378;-0,81837220;-1,54391400
-3,60010378;-0,82007710;-1,54438400
-3,58986378;-0,82185680;-1,54391400
-3,57962378;-0,82346510;-1,54313300
-3,56938378;-0,82444890;-1,54391500
-3,55914378;-0,82578640;-1,54282100
-3,54890378;-0,82642700;-1,54266500
-3,53866378;-0,82714400;-1,54313300
-3,52842378;-0,82756390;-1,54282000
-3,51818378;-0,82792620;-1,54235200
-3,50794378;-0,82822350;-1,54313300
-3,49770378;-0,82832810;-1,54250800
-3,48746378;-0,82862600;-1,54328900
-3,47722378;-0,82880800;-1,54282100
-3,46698378;-0,82946890;-1,54297700
-3,45674378;-0,82983470;-1,54344600
-3,44650378;-0,83056320;-1,54328900
-3,43626378;-0,83094740;-1,54219500
-3,42602378;-0,83219490;-1,54219600
-3,41578378;-0,83288570;-1,54250800
-3,40554378;-0,83400890;-1,54141400
-3,39530378;-0,83503540;-1,54235100
-3,38506378;-0,83579330;-1,54172700
-3,37482378;-0,83686820;-1,54203900
-3,36458378;-0,83764540;-1,54141400
-3,35434378;-0,83818260;-1,54157100
-3,34410378;-0,83935400;-1,54094600
-3,33386378;-0,84035180;-1,54141400
-3,32362379;-0,84043740;-1,54047600
-3,31338379;-0,84158930;-1,54016400
-3,30314379;-0,84209850;-1,54078900
-3,29290379;-0,84237620;-1,54125700
-3,28266379;-0,84298110;-1,54094500
-3,27242379;-0,84352650;-1,54016400
-3,26218379;-0,84381560;-1,54032000
-3,25194379;-0,84406500;-1,54016400
-3,24170379;-0,84436240;-1,54078900
-3,23146379;-0,84459310;-1,54000800
-3,22122379;-0,84487110;-1,53844500
-3,21098379;-0,84515930;-1,54032000
-3,20074379;-0,84508320;-1,53985100
-3,19050379;-0,84543720;-1,53922600
-3,18026379;-0,84538950;-1,53953800
-3,17002379;-0,84542800;-1,53938300
-3,15978379;-0,84553340;-1,53938300
-3,14954379;-0,84564830;-1,53938200
-3,13930379;-0,84579280;-1,53844400
-3,12906379;-0,84556240;-1,53938200
-3,11882379;-0,84562020;-1,53891400
-3,10858379;-0,84562960;-1,53782000
-3,09834379;-0,84568690;-1,53672600
-3,08810379;-0,84567640;-1,53782000
-3,07786379;-0,84571670;-1,53750800
-3,06762379;-0,84573450;-1,53719500
-3,05738379;-0,84566810;-1,53750700
-3,04714379;-0,84565790;-1,53641300
-3,03690379;-0,84559910;-1,53656900
-3,02666379;-0,84575440;-1,53782000
-3,01642379;-0,84541710;-1,53735100
-3,00618379;-0,84550420;-1,53657000
-2,99594379;-0,84530250;-1,53563200
-2,98570379;-0,84519710;-1,53703900
-2,97546379;-0,84503350;-1,53516300
-2,96522379;-0,84466960;-1,53531900
-2,95498379;-0,84467910;-1,53469500
-2,94474379;-0,84429550;-1,53500700
-2,93450379;-0,84411280;-1,53610100
-2,92426379;-0,84361370;-1,53532000
-2,91402379;-0,84325920;-1,53531900
-2,90378379;-0,84270260;-1,53485100
-2,89354379;-0,84242420;-1,53375700
-2,88330379;-0,84225100;-1,53391300
-2,87306379;-0,84130100;-1,53344400
-2,86282379;-0,84055280;-1,53360000
-2,85258379;-0,83948740;-1,53406900
-2,84234379;-0,83908500;-1,53281900
-2,83210379;-0,83818280;-1,53266200
-2,82186379;-0,83771260;-1,53203700
-2,81162379;-0,83671430;-1,53172500
-2,80138379;-0,83585140;-1,53266300
-2,79114379;-0,83481510;-1,53125600
-2,78090379;-0,83364360;-1,53141300
-2,77066379;-0,83284780;-1,53141300
-2,76042379;-0,83173460;-1,53188100
-2,75018379;-0,83110060;-1,53016300
-2,73994379;-0,83043900;-1,52953700
-2,72970379;-0,82969110;-1,53094400
-2,71946379;-0,82920120;-1,52938100
-2,70922379;-0,82895110;-1,52984900
-2,69898379;-0,82877830;-1,53047500
-2,68874379;-0,82851970;-1,52922500
-2,67850379;-0,82827100;-1,52969400
-2,66826379;-0,82786930;-1,52860000
-2,65802379;-0,82765990;-1,52891200
-2,64778379;-0,82722010;-1,52735000
-2,63754379;-0,82658910;-1,52844400
-2,62730379;-0,82529040;-1,52609900
-2,61706379;-0,82434370;-1,52625600
-2,60682379;-0,82304350;-1,52578700
-2,59658379;-0,82168630;-1,52641200
-2,58634379;-0,81995270;-1,52609900
-2,57610379;-0,81817200;-1,52594400
-2,56586379;-0,81660110;-1,52594300
-2,55562379;-0,81480810;-1,52578700
-2,54538379;-0,81335970;-1,52531800
-2,53514379;-0,81200760;-1,52359900
-2,52490379;-0,81091390;-1,52484900
-2,51466379;-0,80984930;-1,52500500
-2,50442379;-0,80892750;-1,52422400
-2,49418379;-0,80759400;-1,52281800
-2,48394379;-0,80592370;-1,52219200
-2,47370379;-0,80468540;-1,52234900
-2,46346379;-0,80249790;-1,52266100
-2,45322379;-0,80053130;-1,52156700
-2,44298379;-0,79860260;-1,52203600
-2,43274379;-0,79648140;-1,52063000
-2,42250379;-0,79503250;-1,52203600
-2,41226379;-0,79391920;-1,52125500
-2,40202379;-0,79302660;-1,52016100
-2,39178379;-0,79245070;-1,52047300
-2,38154379;-0,79216340;-1,51984800
-2,37130379;-0,79158740;-1,51984800
-2,36106379;-0,79056020;-1,51922300
-2,35082379;-0,78857430;-1,51922300
-2,34058379;-0,78588780;-1,51906800
-2,33034379;-0,78334500;-1,51891100
-2,32010379;-0,78039950;-1,51813000
-2,30986379;-0,77814320;-1,51766100
-2,29962379;-0,77632100;-1,51828600
-2,28938379;-0,77495840;-1,51812900
-2,27914379;-0,77452560;-1,51844300
-2,26890379;-0,77370050;-1,51781700
-2,25866379;-0,77252050;-1,51703500
-2,24842379;-0,77125320;-1,51766100
-2,23818379;-0,76893170;-1,51594200
-2,22794379;-0,76661840;-1,51703600
-2,21770379;-0,76399870;-1,51594200
-2,20746379;-0,76172480;-1,51578500
-2,19722379;-0,75914390;-1,51641100
-2,18698379;-0,75769510;-1,51547200
-2,17674379;-0,75682140;-1,51359800
-2,16650379;-0,75634190;-1,51312900
-2,15626379;-0,75523790;-1,51469200
-2,14602379;-0,75364510;-1,51391000
-2,13578379;-0,75129600;-1,51266000
-2,12554379;-0,74855200;-1,51234800
-2,11530379;-0,74540810;-1,51281700
-2,10506379;-0,74263090;-1,51141000
-2,09482379;-0,74047550;-1,51203500
-2,08458379;-0,73886600;-1,51187800
-2,07434379;-0,73750490;-1,51078500
-2,06410379;-0,73573020;-1,51031600
-2,05386379;-0,73311030;-1,51015900
-2,04362379;-0,73020280;-1,50984700
-2,03338379;-0,72762200;-1,50969100
-2,02314379;-0,72449410;-1,50844100
-2,01290379;-0,72234470;-1,50828400
-2,00266379;-0,72117420;-1,50781600
-1,99242379;-0,72048260;-1,50687800
-1,98218379;-0,71946600;-1,50703500
-1,97194379;-0,71713390;-1,50594000
-1,96170379;-0,71329590;-1,50547100
-1,95146379;-0,70923700;-1,50515900
-1,94122379;-0,70569650;-1,50406500
-1,93098379;-0,70407460;-1,50437700
-1,92074379;-0,70261580;-1,50422100
-1,91050379;-0,70155100;-1,50359600
-1,90026379;-0,69926720;-1,50328400
-1,89002379;-0,69670440;-1,50312800
-1,87978379;-0,69286610;-1,50187700
-1,86954379;-0,68916290;-1,50187700
-1,85930379;-0,68703240;-1,50140900
-1,84906379;-0,68540110;-1,50109600
-1,83882379;-0,68448940;-1,50015800
-1,82858379;-0,68306880;-1,50000200
-1,81834379;-0,68079480;-1,49984600
-1,80810379;-0,67713910;-1,49906500
-1,79786379;-0,67293660;-1,49906400
-1,78762379;-0,66953990;-1,49797000
-1,77738379;-0,66732450;-1,49859500
-1,76714379;-0,66503730;-1,49781400
-1,75690379;-0,66263740;-1,49765800
-1,74666379;-0,65914460;-1,49718900
-1,73642379;-0,65549480;-1,49718900
-1,72618379;-0,65202400;-1,49656400
-1,71594379;-0,65009560;-1,49562600
-1,70570379;-0,64886720;-1,49515700
-1,69546379;-0,64757170;-1,49422000
-1,68522379;-0,64434800;-1,49328200
-1,67498380;-0,64051900;-1,49312600
-1,66474380;-0,63574930;-1,49359500
-1,65450380;-0,63251590;-1,49234400
-1,64426380;-0,63038520;-1,49265700
-1,63402380;-0,62858100;-1,49078200
-1,62378380;-0,62514480;-1,48984400
-1,61354380;-0,62070230;-1,48968800
-1,60330380;-0,61696930;-1,48921900
-1,59306380;-0,61425380;-1,48812500
-1,58282380;-0,61298740;-1,48734500
-1,57258380;-0,61115450;-1,48718800
-1,56234380;-0,60832350;-1,48734400
-1,55210380;-0,60362080;-1,48546900
-1,54186380;-0,59976400;-1,48500000
-1,53162380;-0,59660640;-1,48531300
-1,52138380;-0,59418860;-1,48453100
-1,51114380;-0,59176060;-1,48281200
-1,50090380;-0,58767670;-1,48265600
-1,49066380;-0,58366220;-1,48171900
-1,48042380;-0,58000670;-1,48156200
-1,47018380;-0,57792970;-1,47968600
-1,45994380;-0,57655980;-1,47937400
-1,44970380;-0,57406510;-1,47734200
-1,43946380;-0,56944020;-1,47828000
-1,42922380;-0,56411550;-1,47718600
-1,41898380;-0,56058390;-1,47624800
-1,40874380;-0,55876050;-1,47624900
-1,39850380;-0,55663990;-1,47578000
-1,38826380;-0,55305120;-1,47515500
-1,37802380;-0,54844560;-1,47390500
-1,36778380;-0,54454960;-1,47343600
-1,35754380;-0,54226520;-1,47234200
-1,34730380;-0,54085490;-1,47202900
-1,33706380;-0,53858010;-1,47062300
-1,32682380;-0,53464550;-1,47124800
-1,31658380;-0,52979000;-1,46999800
-1,30634380;-0,52588470;-1,46921600
-1,29610380;-0,52246920;-1,46906000
-1,28586380;-0,51886110;-1,46781000
-1,27562380;-0,51451400;-1,46671600
-1,26538380;-0,51009930;-1,46640300
-1,25514380;-0,50662600;-1,46515300
-1,24490380;-0,50505080;-1,46515400
-1,23466380;-0,50247900;-1,46390300
-1,22442380;-0,49797980;-1,46359000
-1,21418380;-0,49215110;-1,46234000
-1,20394380;-0,48875200;-1,46202800
-1,19370380;-0,48657670;-1,46187100
-1,18346380;-0,48319000;-1,45968400
-1,17322380;-0,47930390;-1,46077800
-1,16298380;-0,47414120;-1,45952700
-1,15274380;-0,47089810;-1,45796400
-1,14250380;-0,46891200;-1,45796500
-1,13226380;-0,46667550;-1,45593300
-1,12202380;-0,46207940;-1,45640200
-1,11178380;-0,45750230;-1,45562100
-1,10154380;-0,45321290;-1,45327600
-1,09130380;-0,45043960;-1,45390100
-1,08106380;-0,44707160;-1,45233900
-1,07082380;-0,44222580;-1,45202700
-1,06058380;-0,43799370;-1,45062000
-1,05034380;-0,43488450;-1,44921400
-1,04010380;-0,43309980;-1,44843200
-1,02986380;-0,42993360;-1,44905700
-1,01962380;-0,42428150;-1,44780700
-1,00938380;-0,41924440;-1,44733800
-0,99914380;-0,41603070;-1,44718200
-0,98890380;-0,41362790;-1,44608700
-0,97866380;-0,40982760;-1,44515100
-0,96842380;-0,40463620;-1,44499400
-0,95818380;-0,40056200;-1,44358700
-0,94794380;-0,39819260;-1,44343100
-0,93770380;-0,39634060;-1,44233700
-0,92746380;-0,39271340;-1,44124300
-0,91722380;-0,38783850;-1,44077500
-0,90698380;-0,38304080;-1,44014900
-0,89674380;-0,37946170;-1,43874300
-0,88650380;-0,37611200;-1,43796200
-0,87626380;-0,37165920;-1,43655500
-0,86602380;-0,36674600;-1,43671200
-0,85578380;-0,36351210;-1,43483700
-0,84554380;-0,36135310;-1,43546100
-0,83530380;-0,35827330;-1,43405500
-0,82506380;-0,35297620;-1,43264800
-0,81482380;-0,34696930;-1,43139900
-0,80458380;-0,34357280;-1,43061700
-0,79434380;-0,34011100;-1,42999200
-0,78410380;-0,33531910;-1,42842900
-0,77386380;-0,32983200;-1,42780400
-0,76362380;-0,32684570;-1,42889800
-0,75338380;-0,32466050;-1,42608500
-0,74314380;-0,32069820;-1,42592800
-0,73290380;-0,31546850;-1,42499100
-0,72266380;-0,31084300;-1,42374000
-0,71242380;-0,30708160;-1,42374100
-0,70218380;-0,30351230;-1,42264700
-0,69194380;-0,29869510;-1,42124100
-0,68170380;-0,29396460;-1,41983400
-0,67146380;-0,29082660;-1,41811500
-0,66122380;-0,28820710;-1,41702100
-0,65098380;-0,28386050;-1,41577000
-0,64074380;-0,27784370;-1,41530200
-0,63050380;-0,27344920;-1,41405200
-0,62026380;-0,27046450;-1,41327000
-0,61002380;-0,26703890;-1,41233300
-0,59978380;-0,26167490;-1,41030100
-0,58954380;-0,25724140;-1,40905100
-0,57930380;-0,25453620;-1,40936400
-0,56906380;-0,25232380;-1,40717600
-0,55882380;-0,24828190;-1,40670700
-0,54858380;-0,24270370;-1,40530000
-0,53834380;-0,23742010;-1,40545700
-0,52810380;-0,23320780;-1,40358200
-0,51786380;-0,22811250;-1,40280000
-0,50762380;-0,22289240;-1,40123700
-0,49738380;-0,21936120;-1,39936200
-0,48714380;-0,21666480;-1,39779900
-0,47690380;-0,21180920;-1,39717400
-0,46666380;-0,20559140;-1,39686200
-0,45642380;-0,20141730;-1,39498600
-0,44618380;-0,19835620;-1,39404800
-0,43594380;-0,19420130;-1,39326700
-0,42570380;-0,18900980;-1,39232900
-0,41546380;-0,18472000;-1,39045400
-0,40522380;-0,18216770;-1,38982900
-0,39498380;-0,17897370;-1,38857900
-0,38474380;-0,17373180;-1,38701600
-0,37450380;-0,16835950;-1,38560900
-0,36426380;-0,16456800;-1,38514100
-0,35402380;-0,16091450;-1,38357800
-0,34378380;-0,15550300;-1,38217100
-0,33354380;-0,15061860;-1,38029600
-0,32330380;-0,14743290;-1,37967100
-0,31306380;-0,14517790;-1,37873300
-0,30282380;-0,14021700;-1,37670100
-0,29258380;-0,13356690;-1,37685800
-0,28234380;-0,12962290;-1,37529500
-0,27210380;-0,12688750;-1,37373200
-0,26186380;-0,12225130;-1,37341900
-0,25162380;-0,11660800;-1,37201300
-0,24138380;-0,11277890;-1,37076300
-0,23114380;-0,11040870;-1,37045000
-0,22090380;-0,10708850;-1,36920000
-0,21066380;-0,10171490;-1,36826300
-0,20042380;-0,09590053;-1,36748100
-0,19018380;-0,09175027;-1,36560500
-0,17994380;-0,08722273;-1,36388600
-0,16970380;-0,08162905;-1,36216700
-0,15946380;-0,07740030;-1,36091700
-0,14922380;-0,07495396;-1,35997900
-0,13898380;-0,07148972;-1,35763400
-0,12874380;-0,06565490;-1,35716600
-0,11850380;-0,05954163;-1,35560300
-0,10826380;-0,05592378;-1,35450900
-0,09802380;-0,05252678;-1,35232200
-0,08778380;-0,04645262;-1,35154000
-0,07754380;-0,04174107;-1,35122800
-0,06730380;-0,03872791;-1,34904000
-0,05706380;-0,03561869;-1,34700800
-0,04682380;-0,03027344;-1,34528900
-0,03658381;-0,02491875;-1,34482000
-0,02634381;-0,02103241;-1,34278900
-0,01610381;-0,01773136;-1,34153900
-0,00586381;-0,01418072;-1,33841300
0,00437619;-0,00315661;-1,33700600
0,01461619;-0,00338593;-1,33497500
0,02485619;-0,00092633;-1,33388100
0,03509619;0,00475252;-1,33028700
0,04533619;0,01110514;-1,32888000
0,05557619;0,01475804;-1,32559900
0,06581619;0,01748312;-1,32497300
0,07605619;0,02290501;-1,32200400
0,08629619;0,02812555;-1,32122300
0,09653619;0,03157082;-1,31872200
0,10677619;0,03380676;-1,31544000
0,11701619;0,03742437;-1,31356500
0,12725619;0,04313388;-1,31278300
0,13749619;0,04855549;-1,30934600
0,14773619;0,05295998;-1,30606400
0,15797619;0,05844905;-1,30575200
0,16821619;0,06383309;-1,30200100
0,17845619;0,06746084;-1,29981300
0,18869619;0,07000288;-1,29778100
0,19893619;0,07453608;-1,29403100
0,20917619;0,08112685;-1,29231200
0,21941619;0,08557004;-1,28949800
0,22965619;0,08839779;-1,28668600
0,23989619;0,09267705;-1,28293500
0,25013619;0,09880877;-1,27887200
0,26037619;0,10282940;-1,27449700
0,27061619;0,10529550;-1,26949500
0,28085619;0,10912420;-1,26449500
0,29109619;0,11442120;-1,25902400
0,30133619;0,11962210;-1,25011700
0,31157619;0,12342250;-1,24277200
0,32181619;0,12736760;-1,23183300
0,33205619;0,13278100;-1,21604900
0,34229619;0,13734920;-1,19839000
0,35253619;0,14026630;-1,17291700
0,36277619;0,14301050;-1,14197200
0,37301619;0,14858560;-1,10038700
0,38325619;0,15451570;-1,04957100
0,39349619;0,15802620;-0,98720280
0,40373619;0,16088850;-0,91656360
0,41397619;0,16577100;-0,84233160
0,42421619;0,17148220;-0,76153740
0,43445619;0,17486690;-0,66339630
0,44469619;0,17692970;-0,54650180
0,45493619;0,18026900;-0,41304220
0,46517619;0,18506690;-0,26817460
0,47541619;0,19071930;-0,12002520
0,48565619;0,19435610;0,02531143
0,49589619;0,19820390;0,16877260
0,50613619;0,20305930;0,30754560
0,51637619;0,20806850;0,43928640
0,52661619;0,21112950;0,56774510
0,53685619;0,21337500;0,69010960
0,54709619;0,21782720;0,80715940
0,55733619;0,22403590;0,91874030
0,56757619;0,22882390;1,02891500
0,57781619;0,23185570;1,13581700
0,58805619;0,23623700;1,23945400
0,59829619;0,24171630;1,33277200
0,60853619;0,24601440;1,40482100
0,61877619;0,24850460;1,44373300
0,62901619;0,25172980;1,45232800
0,63925619;0,25649200;1,45498500
0,64949619;0,26194440;1,45842300
0,65973619;0,26567750;1,46279800
0,66997619;0,26934330;1,46545600
0,68021619;0,27412210;1,46748700
0,69045619;0,27916960;1,47108100
0,70069619;0,28283490;1,47373800
0,71093619;0,28507070;1,47592600
0,72117619;0,28922540;1,47764500
0,73141619;0,29542460;1,47967600
0,74165619;0,30026090;1,48108300
0,75189619;0,30256320;1,48280200
0,76213619;0,30597950;1,48452100
0,77237619;0,31115150;1,48577100
0,78261619;0,31596900;1,48795900
0,79285619;0,31881840;1,49014600
0,80309619;0,32088710;1,49014600
0,81333619;0,32439970;1,49170900
0,82357619;0,32982980;1,49280300
0,83381619;0,33469030;1,49295900
0,84405619;0,33890100;1,49499100
0,85429619;0,34337250;1,49483400
0,86453619;0,34933160;1,49702200
0,87477619;0,35323710;1,49749100
0,88501619;0,35549160;1,49983600
0,89525619;0,35771780;1,50030400
0,90549619;0,36265990;1,50014800
0,91573619;0,36907900;1,50233500
0,92597619;0,37262000;1,50296100
0,93621619;0,37480810;1,50389800
0,94645619;0,37819600;1,50593000
0,95669619;0,38298430;1,50608700
0,96693619;0,38757130;1,50546100
0,97717619;0,39063220;1,50718000
0,98741619;0,39247440;1,50843000
0,99765619;0,39580230;1,50702300
1,00789619;0,40133090;1,50921100
1,01813619;0,40590800;1,50983600
1,02837619;0,40916240;1,50999300
1,03861619;0,41230750;1,50952400
1,04885619;0,41676960;1,51093000
1,05909619;0,42182620;1,51202400
1,06933619;0,42555900;1,51311800
1,07957619;0,42752630;1,51343100
1,08981619;0,42967560;1,51515000
1,10005619;0,43466550;1,51452500
1,11029619;0,44029860;1,51561800
1,12053619;0,44419430;1,51577500
1,13077619;0,44606530;1,51702500
1,14101619;0,44910710;1,51749400
1,15125619;0,45390500;1,51765000
1,16149619;0,45869310;1,51874300
1,17173619;0,46177380;1,51858700
1,18197619;0,46341450;1,51952500
1,19221619;0,46584220;1,52046300
1,20245619;0,47039990;1,52030700
1,21269619;0,47620570;1,52062000
1,22293619;0,47971630;1,52030700
1,23317619;0,48285790;1,52202600
1,24341619;0,48674330;1,52296300
1,25365619;0,49133150;1,52233800
1,26389619;0,49553040;1,52296300
1,27413619;0,49816880;1,52437000
1,28437619;0,49968550;1,52390100
1,29461619;0,50250940;1,52343200
1,30485619;0,50797620;1,52546300
1,31509619;0,51298730;1,52562000
1,32533619;0,51655880;1,52640200
1,33557619;0,51869870;1,52562000
1,34581619;0,52189480;1,52655800
1,35605619;0,52679800;1,52608900
1,36629619;0,53112610;1,52671400
1,37653619;0,53396600;1,52655800
1,38677619;0,53562650;1,52812000
1,39701619;0,53800630;1,52733900
1,40725619;0,54230540;1,52812100
1,41749619;0,54704520;1,52827700
1,42773619;0,55069220;1,52812000
1,43797619;0,55340740;1,52796400
1,44821619;0,55594060;1,52843300
1,45845619;0,56011490;1,52952800
1,46869619;0,56461490;1,52890200
1,47893619;0,56797340;1,53093300
1,48917619;0,57042090;1,53202700
1,49941619;0,57154140;1,53062100
1,50965619;0,57410660;1,53108900
1,51989619;0,57912520;1,53109000
1,53013619;0,58411690;1,53155800
1,54037619;0,58755950;1,53202700
1,55061619;0,58922870;1,53327700
1,56085619;0,59131070;1,53296600
1,57109619;0,59454490;1,53312100
1,58133619;0,59883410;1,53296400
1,59157619;0,60289280;1,53437100
1,60181619;0,60555150;1,53483900
1,61205618;0,60679850;1,53499600
1,62229618;0,60796030;1,53421500
1,63253618;0,61041660;1,53577800
1,64277618;0,61437000;1,53499600
1,65301618;0,61912950;1,53593300
1,66325618;0,62241190;1,53546500
1,67349618;0,62551100;1,53515200
1,68373618;0,62856340;1,53671500
1,69397618;0,63221020;1,53671600
1,70421618;0,63669130;1,53671600
1,71445618;0,64004100;1,53671600
1,72469618;0,64198860;1,53765300
1,73493618;0,64281320;1,53859000
1,74517618;0,64450040;1,53827800
1,75541618;0,64829660;1,53780900
1,76565618;0,65280800;1,53968400
1,77589618;0,65742240;1,53890400
1,78613618;0,65989940;1,53843500
1,79637618;0,66106810;1,53952900
1,80661618;0,66274700;1,53968400
1,81685618;0,66542430;1,53874700
1,82709618;0,66920570;1,53859000
1,83733618;0,67319690;1,53890400
1,84757618;0,67596980;1,53874700
1,85781618;0,67786040;1,54062200
1,86805618;0,67888640;1,53952800
1,87829618;0,68032610;1,54093500
1,88853618;0,68339660;1,54077800
1,89877618;0,68679450;1,54093500
1,90901618;0,69109330;1,54077800
1,91925618;0,69364510;1,54062200
1,92949618;0,69590030;1,54015300
1,93973618;0,69746390;1,54015300
1,94997618;0,69942200;1,54077800
1,96021618;0,70233890;1,54109100
1,97045618;0,70550580;1,54171600
1,98069618;0,70905600;1,54202900
1,99093618;0,71166520;1,54202900
2,00117618;0,71358520;1,54218500
2,01141618;0,71440010;1,54187300
2,02165618;0,71522600;1,54218500
2,03189618;0,71688540;1,54124700
2,04213618;0,71996560;1,54234100
2,05237618;0,72449520;1,54265500
2,06261618;0,72800830;1,54374800
2,07285618;0,73082860;1,54265400
2,08309618;0,73206550;1,54390400
2,09333618;0,73294650;1,54234200
2,10357618;0,73423930;1,54343500
2,11381618;0,73648910;1,54374800
2,12405618;0,73908470;1,54249700
2,13429618;0,74237230;1,54359100
2,14453618;0,74537310;1,54374700
2,15477618;0,74782960;1,54421600
2,16501618;0,74936630;1,54327900
2,17525618;0,75004630;1,54452900
2,18549618;0,75052700;1,54374800
2,19573618;0,75150600;1,54484200
2,20597618;0,75308000;1,54452900
2,21621618;0,75552650;1,54406000
2,22645618;0,75829160;1,54468600
2,23669618;0,76180310;1,54406000
2,24693618;0,76384740;1,54437300
2,25717618;0,76653430;1,54577900
2,26741618;0,76767580;1,54374800
2,27765618;0,76868420;1,54468500
2,28789618;0,76995890;1,54437300
2,29813618;0,77169650;1,54437300
2,30837618;0,77406710;1,54421600
2,31861618;0,77622650;1,54515400
2,32885618;0,77866260;1,54437300
2,33909618;0,78133090;1,54484200
2,34933618;0,78281800;1,54484200
2,35957618;0,78485270;1,54562300
2,36981618;0,78555260;1,54437200
2,38005618;0,78600480;1,54640400
2,39029618;0,78638820;1,54484100
2,40053618;0,78702120;1,54515400
2,41077618;0,78846090;1,54437300
2,42101618;0,79059990;1,54577900
2,43125618;0,79326840;1,54562300
2,44149618;0,79596430;1,54499800
2,45173618;0,79877570;1,54468500
2,46197618;0,80126130;1,54484200
2,47221618;0,80258520;1,54531100
2,48245618;0,80348760;1,54421600
2,49269618;0,80435210;1,54484100
2,50293618;0,80487030;1,54515400
2,51317618;0,80615580;1,54406000
2,52341618;0,80713360;1,54452900
2,53365618;0,80861030;1,54452900
2,54389618;0,81026910;1,54484100
2,55413618;0,81205110;1,54421600
2,56437618;0,81425430;1,54499800
2,57461618;0,81611870;1,54374800
2,58485618;0,81847050;1,54452900
2,59509618;0,81966430;1,54546700
2,60533618;0,82052530;1,54374800
2,61557618;0,82127000;1,54468500
2,62581618;0,82161470;1,54499800
2,63605618;0,82210210;1,54499800
2,64629618;0,82226550;1,54359100
2,65653618;0,82265840;1,54406000
2,66677618;0,82344530;1,54484100
2,67701618;0,82399230;1,54406000
2,68725618;0,82485560;1,54468600
2,69749618;0,82637260;1,54327900
2,70773618;0,82776340;1,54359100
2,71797618;0,82938520;1,54327900
2,72821618;0,83097710;1,54421600
2,73845618;0,83210060;1,54327900
2,74869618;0,83343420;1,54327900
2,75893618;0,83497010;1,54359100
2,76917618;0,83661970;1,54343500
2,77941618;0,83708100;1,54390400
2,78965618;0,83807830;1,54327900
2,79989618;0,83861550;1,54390400
2,81013618;0,83914410;1,54218500
2,82037618;0,83946030;1,54281000
2,83061618;0,83994030;1,54406000
2,84085618;0,84029530;1,54390400
2,85109618;0,84055380;1,54343500
2,86133618;0,84104380;1,54281000
2,87157618;0,84134130;1,54280900
2,88181618;0,84206070;1,54265400
2,89205618;0,84252210;1,54249700
2,90229618;0,84316410;1,54296700
2,91253618;0,84370210;1,54187300
2,92277618;0,84449820;1,54249700
2,93301618;0,84525610;1,54124800
2,94325618;0,84576420;1,54202900
2,95349618;0,84642650;1,54249800
2,96373618;0,84682080;1,54124700
2,97397618;0,84754960;1,54030900
2,98421618;0,84807780;1,54109000
2,99445618;0,84862450;1,54140300
3,00469618;0,84913250;1,54109100
3,01493618;0,84963230;1,54015400
3,02517618;0,85024550;1,53937200
3,03541618;0,85051360;1,54046600
3,04565618;0,85038080;1,54031000
3,05589618;0,85088930;1,54077900
3,06613618;0,85114770;1,54046600
3,07637618;0,85180930;1,53890300
3,08661618;0,85145550;1,54031000
3,09685618;0,85170390;1,53921600
3,10709618;0,85183820;1,54046600
3,11733618;0,85202060;1,53812200
3,12757618;0,85265470;1,53968400
3,13781618;0,85260650;1,53905900
3,14805618;0,85261680;1,53702800
3,15829618;0,85253860;1,53780900
3,16853618;0,85250070;1,53827800
3,17877618;0,85217550;1,53780900
3,18901618;0,85224270;1,53780900
3,19925618;0,85219330;1,53702800
3,20949618;0,85231770;1,53796600
3,21973618;0,85191480;1,53780900
3,22997618;0,85158870;1,53765300
3,24021618;0,85143630;1,53671500
3,25045618;0,85109100;1,53781000
3,26069617;0,85108090;1,53671500
3,27093617;0,85068660;1,53687200
3,28117617;0,85010240;1,53609000
3,29141617;0,84947810;1,53593400
3,30165617;0,84924820;1,53577800
3,31189617;0,84881590;1,53624700
3,32213617;0,84804780;1,53468400
3,33237617;0,84799100;1,53405800
3,34261617;0,84744430;1,53452800
3,35285617;0,84684870;1,53499600
3,36309617;0,84605340;1,53405900
3,37333617;0,84544850;1,53484100
3,38357617;0,84484360;1,53437100
3,39381617;0,84423920;1,53405800
3,40405617;0,84365390;1,53468400
3,41429617;0,84339520;1,53359000
3,42453617;0,84252110;1,53327700
3,43477617;0,84171630;1,53327800
3,44501617;0,84126440;1,53405900
3,45525617;0,84081250;1,53249600
3,46549617;0,84056350;1,53359000
3,47573617;0,84011300;1,53343400
3,48597617;0,83989130;1,53202700
3,49621617;0,83956590;1,53140200
3,50645617;0,83906710;1,53265200
3,51669617;0,83843360;1,53108900
3,52693617;0,83771360;1,53140300
3,53717617;0,83710970;1,53077700
3,54741617;0,83569840;1,53015100
3,55765617;0,83474860;1,53062100
3,56789617;0,83351120;1,52999500
3,57813617;0,83206210;1,52984000
3,58837617;0,83051690;1,52952700
3,59861617;0,82883720;1,53015200
3,60885617;0,82719670;1,52874500
3,61909617;0,82591120;1,52843200
3,62933617;0,82475030;1,52983900
3,63957617;0,82376220;1,52937100
3,64981617;0,82319600;1,52749500
3,66005617;0,82255260;1,52843300
3,67029617;0,82228420;1,52874500
3,68053617;0,82193080;1,52905800
3,69077617;0,82148030;1,52718200
3,70101617;0,82124180;1,52718200
3,71125617;0,82036330;1,52718200
3,72149617;0,81913050;1,52687000
3,73173617;0,81769560;1,52671400
3,74197617;0,81561080;1,52530700
3,75221617;0,81372620;1,52577700
3,76245617;0,81153400;1,52577600
3,77269617;0,81000970;1,52577600
3,78293617;0,80816990;1,52405700
3,79317617;0,80668310;1,52421400
3,80341617;0,80549410;1,52499500
3,81365617;0,80475430;1,52390100
3,82389617;0,80409280;1,52358800
3,83413617;0,80347820;1,52358800
3,84437617;0,80246130;1,52327600
3,85461617;0,80066800;1,52327600
3,86485617;0,79865190;1,52202600
3,87509617;0,79486130;1,52249400
3,88533617;0,79268360;1,52202600
3,89557617;0,78967910;1,52171300
3,90581617;0,78803860;1,52155700
3,91605617;0,78688710;1,52140000
3,92629617;0,78625270;1,52046300
3,93653617;0,78592810;1,51999400
3,94677617;0,78540050;1,52093100
3,95701617;0,78442110;1,52030700
3,96725617;0,78280810;1,51936900
3,97749617;0,78061090;1,51858800
3,98773617;0,77803000;1,51890000
3,99797617;0,77578540;1,51765100
4,00821617;0,77335700;1,51827500
4,01845617;0,77098670;1,51796200
4,02869617;0,76954700;1,51733700
4,03893617;0,76851090;1,51686900
4,04917617;0,76719610;1,51655600
4,05941617;0,76590990;1,51577500
4,06965617;0,76345340;1,51624300
4,07989617;0,76073750;1,51515000
4,09013617;0,75770560;1,51530600
4,10037617;0,75493220;1,51468100
4,11061617;0,75261050;1,51374300
4,12085617;0,75145800;1,51468100
4,13109617;0,75040230;1,51358800
4,14133617;0,74995200;1,51202400
4,15157617;0,74901050;1,51280600
4,16181617;0,74740790;1,51374400
4,17205617;0,74453010;1,51093000
4,18229617;0,74128910;1,51093000
4,19253617;0,73849180;1,51108700
4,20277617;0,73597250;1,51030600
4,21301617;0,73368330;1,51030500
4,22325617;0,73255430;1,50858600
4,23349617;0,73188380;1,50905500
4,24373617;0,73049280;1,50843000
4,25397617;0,72793120;1,50874200
4,26421617;0,72331500;1,50811800
4,27445617;0,71921780;1,50671100
4,28469617;0,71652060;1,50686800
4,29493617;0,71486150;1,50624300
4,30517617;0,71413200;1,50702400
4,31541617;0,71312480;1,50514800
4,32565617;0,71121440;1,50499200
4,33589617;0,70849940;1,50452300
4,34613617;0,70517800;1,50389800
4,35637617;0,70182940;1,50311700
4,36661617;0,69912460;1,50389800
4,37685617;0,69729100;1,50327300
4,38709617;0,69551650;1,50264800
4,39733617;0,69329010;1,50092900
4,40757617;0,69002710;1,50108500
4,41781617;0,68610300;1,50139800
4,42805617;0,68266730;1,50014700
4,43829617;0,67978870;1,49921000
4,44853617;0,67869530;1,49967900
4,45877617;0,67769780;1,49827300
4,46901617;0,67596970;1,49733600
4,47925617;0,67259180;1,49717800
4,48949617;0,66847560;1,49592900
4,49973617;0,66515600;1,49561600
4,50997617;0,66239270;1,49577200
4,52021617;0,66089590;1,49546000
4,53045617;0,65944060;1,49420900
4,54069617;0,65631130;1,49342800
4,55093617;0,65214640;1,49436500
4,56117617;0,64691710;1,49170900
4,57141617;0,64406960;1,49233400
4,58165617;0,64272700;1,49202100
4,59189617;0,64176680;1,49061500
4,60213617;0,63965640;1,48999000
4,61237617;0,63600990;1,49014600
4,62261617;0,63159590;1,48967800
4,63285617;0,62773760;1,48936500
4,64309617;0,62514670;1,48842700
4,65333617;0,62221930;1,48780200
4,66357617;0,61851530;1,48764600
4,67381617;0,61374630;1,48717700
4,68405617;0,61031090;1,48545800
4,69429617;0,60762420;1,48499000
4,70453617;0,60641460;1,48452000
4,71477617;0,60535970;1,48452000
4,72501617;0,60202070;1,48327000
4,73525617;0,59799950;1,48248900
4,74549617;0,59383430;1,48186400
4,75573617;0,59040830;1,48327100
4,76597617;0,58893080;1,48233300
4,77621617;0,58730970;1,48077000
4,78645617;0,58330260;1,48014500
4,79669617;0,57831950;1,48014500
4,80693617;0,57355080;1,47811300
4,81717617;0,57151160;1,47858200
4,82741617;0,57000830;1,47858200
4,83765617;0,56765690;1,47686300
4,84789617;0,56376180;1,47467600
4,85813617;0,55948140;1,47483200
4,86837617;0,55569150;1,47530000
4,87861617;0,55306230;1,47311200
4,88885617;0,55038520;1,47248700
4,89909616;0,54663230;1,47326900
4,90933616;0,54175840;1,47201900
4,91957616;0,53748820;1,47045600
4,92981616;0,53536690;1,47123700
4,94005616;0,53378440;1,46936200
4,95029616;0,53104910;1,46889300
4,96053616;0,52633730;1,46889300
4,97077616;0,52148200;1,46842400
4,98101616;0,51835420;1,46748700
4,99125616;0,51628040;1,46654900
5,00149616;0,51262330;1,46623700
5,01173616;0,50710120;1,46561200
5,02197616;0,50178890;1,46545500
5,03221616;0,49952280;1,46420500
5,04245616;0,49778480;1,46279800
5,05269616;0,49508030;1,46311100
5,06293616;0,49085160;1,46123600
5,07317616;0,48597800;1,46107900
5,08341616;0,48253320;1,46045500
5,09365616;0,47937110;1,45982900
5,10389616;0,47531350;1,45826600
5,11413616;0,46965140;1,45764200
5,12437616;0,46575580;1,45811100
5,13461616;0,46345280;1,45639100
5,14485616;0,46162970;1,45592300
5,15509616;0,45825250;1,45514100
5,16533616;0,45359770;1,45451600
5,17557616;0,44882890;1,45467200
5,18581616;0,44594070;1,45326600
5,19605616;0,44386800;1,45342200
5,20629616;0,43982790;1,45139100
5,21653616;0,43410940;1,45029700
5,22677616;0,42947420;1,45014000
5,23701616;0,42728570;1,44904600
5,24725616;0,42528990;1,44826500
5,25749616;0,42163480;1,44732700
5,26773616;0,41647250;1,44717100
5,27797616;0,41200070;1,44623400
5,28821616;0,40891420;1,44435800
5,29845616;0,40595560;1,44482800
5,30869616;0,40055550;1,44295100
5,31893616;0,39560150;1,44373300
5,32917616;0,39231190;1,44170100
5,33941616;0,39056540;1,44185800
5,34965616;0,38738900;1,44013900
5,35989616;0,38263910;1,43888900
5,37013616;0,37812890;1,43763900
5,38037616;0,37474070;1,43810700
5,39061616;0,37250510;1,43638800
5,40085616;0,36836940;1,43560700
5,41109616;0,36244850;1,43388800
5,42133616;0,35772760;1,43310700
5,43157616;0,35540520;1,43326300
5,44181616;0,35315990;1,43248100
5,45205616;0,34846780;1,43138700
5,46229616;0,34273910;1,42982500
5,47253616;0,33852670;1,42904300
5,48277616;0,33426770;1,42826100
5,49301616;0,32924520;1,42716800
5,50325616;0,32362370;1,42638700
5,51349616;0,32069610;1,42591800
5,52373616;0,31887580;1,42373000
5,53397616;0,31606460;1,42232400
5,54421616;0,31060450;1,42232400
5,55445616;0,30549030;1,41998000
5,56469616;0,30241000;1,41998000
5,57493616;0,29970420;1,41872900
5,58517616;0,29479090;1,41669800
5,59541616;0,28807400;1,41529100
5,60565616;0,28457160;1,41560300
5,61589616;0,28243180;1,41341600
5,62613616;0,27856480;1,41357300
5,63637616;0,27358500;1,41107200
5,64661616;0,26871930;1,41076000
5,65685616;0,26546630;1,40857100
5,66709616;0,26122420;1,40841500
5,67733616;0,25595390;1,40810300
5,68757616;0,25066430;1,40638400
5,69781616;0,24820740;1,40466500
5,70805616;0,24544010;1,40466500
5,71829616;0,24063460;1,40341400
5,72853616;0,23504870;1,40107100
5,73877616;0,23127050;1,40122700
5,74901616;0,22815250;1,40075800
5,75925616;0,22242380;1,39888300
5,76949616;0,21643600;1,39794500
5,77973616;0,21268380;1,39857100
5,78997616;0,21067840;1,39560100
5,80021616;0,20648510;1,39513200
5,81045616;0,20117880;1,39497600
5,82069616;0,19661100;1,39278800
5,83093616;0,19329100;1,39231900
5,84117616;0,18923170;1,39075600
5,85141616;0,18341640;1,38966200
5,86165616;0,17878160;1,38950700
5,87189616;0,17611430;1,38825600
5,88213616;0,17369680;1,38622500
5,89237616;0,16930600;1,38544300
5,90261616;0,16347290;1,38528700
5,91285616;0,15964480;1,38216100
5,92309616;0,15692350;1,38184900
5,93333616;0,15224160;1,38153600
5,94357616;0,14577450;1,37950400
5,95381616;0,14125470;1,37872200
5,96405616;0,13899000;1,37794100
5,97429616;0,13522830;1,37653400
5,98453616;0,12998800;1,37669100
5,99477616;0,12510220;1,37419100
6,00501616;0,12153170;1,37278400
6,01525616;0,11742470;1,37153300
6,02549616;0,11148490;1,37137700
6,03573616;0,10678300;1,36872000
6,04597616;0,10417280;1,36747000
6,05621616;0,10086230;1,36731400
6,06645616;0,09561332;1,36590800
6,07669616;0,09029730;1,36387600
6,08693616;0,08675794;1,36309400
6,09717616;0,08357812;1,36184500
6,10741616;0,07759213;1,35981300
6,11765616;0,07172819;1,35887500
6,12789616;0,06865063;1,35684300
6,13813616;0,06590598;1,35621800
6,14837616;0,06087704;1,35434300
6,15861616;0,05502315;1,35231100
6,16885616;0,05050347;1,35121700
6,17909616;0,04582066;1,34918500
6,18933616;0,03979458;1,34590300
6,19957616;0,03514059;1,34621600
6,20981616;0,03260720;1,34527800
6,22005616;0,02992015;1,34356000
6,23029616;0,02528493;1,33965300
6,24053616;0,01932561;1,33965300
6,25077616;0,01578466;1,33762100
6,26101616;0,01321385;1,33465200
6,27125616;0,00757821;1,33387000
6,28149616;0,00141912;1,33121400
6,29173616;-0,00224751;1,32871300
6,30197616;-0,00485925;1,32668200
6,31221616;-0,00920392;1,32386800
6,32245616;-0,01457822;1,32261900
6,33269616;-0,01924791;1,31980600
6,34293616;-0,02304758;1,31746200
6,35317616;-0,02771126;1,31542900
6,36341616;-0,03368028;1,31277300
6,37365616;-0,03745163;1,31136700
6,38389616;-0,04013860;1,30917800
6,39413616;-0,04430317;1,30636600
6,40437616;-0,05001267;1,30480300
6,41461616;-0,05455150;1,30245900
6,42485616;-0,05816932;1,29995900
6,43509616;-0,06317898;1,29699000
6,44533616;-0,06934015;1,29386400
6,45557616;-0,07376412;1,29042600
6,46581616;-0,07600922;1,28730100
6,47605616;-0,07952928;1,28308100
6,48629616;-0,08498241;1,27964300
6,49653616;-0,08984546;1,27495500
6,50677616;-0,09409811;1,26979800
6,51701616;-0,09919123;1,26542200
6,52725616;-0,10505420;1,26120200
6,53749616;-0,10917100;1,25542000
6,54773615;-0,11140680;1,25026100
6,55797615;-0,11439120;1,24275400
6,56821615;-0,11973660;1,23399100
6,57845615;-0,12533240;1,22100100
6,58869615;-0,12824100;1,20239000
6,59893615;-0,13150400;1,18003600
6,60917615;-0,13713690;1,15002900
6,61941615;-0,14302830;1,11189700
6,62965615;-0,14644460;1,06110700
6,63989615;-0,14868040;1,00266100
6,65013615;-0,15307490;0,93374320
6,66037615;-0,15872690;0,86123080
6,67061615;-0,16289060;0,78059250
6,68085615;-0,16600440;0,68729600
6,69109615;-0,17078190;0,57868440
6,70133615;-0,17640500;0,45288230
6,71157615;-0,18068090;0,31567200
6,72181615;-0,18311740;0,17205450
6,73205615;-0,18592940;0,02624908
6,74229615;-0,19132240;-0,11689960
6,75253615;-0,19604360;-0,25645400
6,76277615;-0,19982440;-0,39475810
6,77301615;-0,20245360;-0,52634230
6,78325615;-0,20761620;-0,65339460
6,79349615;-0,21393010;-0,77544590
6,80373615;-0,21765320;-0,88968420
6,81397615;-0,21995610;-1,00299700
6,82421615;-0,22437040;-1,11147700
6,83445615;-0,22954230;-1,21432700
6,84469615;-0,23416740;-1,30903300
6,85493615;-0,23824500;-1,38857800
6,86517615;-0,24367230;-1,43514900
6,87541615;-0,24926820;-1,44937000
6,88565615;-0,25299380;-1,45046400
6,89589615;-0,25486190;-1,45499600
6,90613615;-0,25783620;-1,46062100
6,91637615;-0,26236540;-1,46343400
6,92661615;-0,26818100;-1,46546600
6,93685615;-0,27120380;-1,46781000
6,94709615;-0,27390020;-1,47124800
6,95733615;-0,27861160;-1,47359200
6,96757615;-0,28494450;-1,47562300
6,97781615;-0,28862950;-1,47874900
6,98805615;-0,29122010;-1,47968700
6,99829615;-0,29432890;-1,48203000
7,00853615;-0,29947230;-1,48421900
7,01877615;-0,30405920;-1,48531200
7,02901615;-0,30780120;-1,48797000
7,03925615;-0,31112160;-1,48781300
7,04949615;-0,31644710;-1,49000100
7,05973615;-0,32169630;-1,49172000
7,06997615;-0,32501550;-1,49250100
7,08021615;-0,32703770;-1,49453200
7,09045615;-0,33068420;-1,49359500
7,10069615;-0,33639160;-1,49609500
7,11093615;-0,34073400;-1,49703300
7,12117615;-0,34402340;-1,49625100
7,13141615;-0,34798670;-1,49828300
7,14165615;-0,35330240;-1,49906400
7,15189615;-0,35872400;-1,49937700
7,16213615;-0,36184300;-1,50078300
7,17237615;-0,36384830;-1,50140800
7,18261615;-0,36752350;-1,50234600
7,19285615;-0,37209150;-1,50312700
7,20309615;-0,37651510;-1,50453400
7,21333615;-0,37986450;-1,50531500
7,22357615;-0,38351130;-1,50562800
7,23381615;-0,38835680;-1,50625300
7,24405615;-0,39339450;-1,50672200
7,25429615;-0,39637910;-1,50765900
7,26453615;-0,39836480;-1,50687800
7,27477615;-0,40070540;-1,50937800
7,28501615;-0,40541170;-1,50922200
7,29525615;-0,41059420;-1,51031600
7,30549615;-0,41388610;-1,51125300
7,31573615;-0,41657760;-1,51047200
7,32597615;-0,41990600;-1,51172200
7,33621615;-0,42516420;-1,51266000
7,34645615;-0,43019250;-1,51266000
7,35669615;-0,43306150;-1,51328500
7,36693615;-0,43494230;-1,51375400
7,37717615;-0,43877160;-1,51391000
7,38741615;-0,44311790;-1,51547300
7,39765615;-0,44720600;-1,51609800
7,40789615;-0,45070840;-1,51531700
7,41813615;-0,45370210;-1,51656700
7,42837615;-0,45803980;-1,51641100
7,43861615;-0,46256840;-1,51672300
7,44885615;-0,46713620;-1,51687900
7,45909615;-0,46927590;-1,51750400
7,46933615;-0,47136820;-1,51797300
7,47957615;-0,47493770;-1,51766100
7,48981615;-0,47950550;-1,51859800
7,50005615;-0,48404410;-1,51953600
7,51029615;-0,48675830;-1,51891100
7,52053615;-0,48892390;-1,51984800
7,53077615;-0,49316820;-1,52063000
7,54101615;-0,49880460;-1,52063000
7,55125615;-0,50315990;-1,51969200
7,56149615;-0,50527200;-1,52141100
7,57173615;-0,50723000;-1,52219300
7,58197615;-0,51019520;-1,52188000
7,59221615;-0,51531940;-1,52281700
7,60245615;-0,51940760;-1,52281800
7,61269615;-0,52292960;-1,52469300
7,62293615;-0,52642240;-1,52328600
7,63317615;-0,53082720;-1,52563100
7,64341615;-0,53558730;-1,52578700
7,65365615;-0,53904100;-1,52531800
7,66389615;-0,54097980;-1,52531800
7,67413615;-0,54249570;-1,52641200
7,68437615;-0,54512550;-1,52750500
7,69461615;-0,54947220;-1,52672400
7,70485615;-0,55391450;-1,52703700
7,71509615;-0,55725430;-1,52938100
7,72533615;-0,55899050;-1,52813100
7,73557615;-0,56151430;-1,52969400
7,74581615;-0,56533360;-1,52969400
7,75605615;-0,57034250;-1,52953700
7,76629615;-0,57456400;-1,53078800
7,77653615;-0,57675240;-1,53031900
7,78677615;-0,57812070;-1,53110100
7,79701615;-0,58063770;-1,53063200
7,80725615;-0,58441900;-1,53110000
7,81749615;-0,58879850;-1,53235100
7,82773615;-0,59212550;-1,53281800
7,83797615;-0,59462020;-1,53297500
7,84821615;-0,59714430;-1,53266300
7,85845615;-0,60063600;-1,53344400
7,86869615;-0,60479160;-1,53422500
7,87893615;-0,60874550;-1,53297500
7,88917615;-0,61131730;-1,53375700
7,89941615;-0,61304380;-1,53375600
7,90965615;-0,61467610;-1,53438200
7,91989615;-0,61784260;-1,53469400
7,93013615;-0,62196020;-1,53485100
7,94037615;-0,62578790;-1,53485000
7,95061615;-0,62896450;-1,53547500
7,96085615;-0,63105730;-1,53594400
7,97109615;-0,63337900;-1,53531900
7,98133615;-0,63692970;-1,53563200
7,99157615;-0,64160280;-1,53516300
8,00181615;-0,64545150;-1,53657000
8,01205615;-0,64787010;-1,53688300
8,02229615;-0,64908760;-1,53610100
8,03253615;-0,65064170;-1,53657000
8,04277615;-0,65285770;-1,53719500
8,05301615;-0,65614620;-1,53750700
8,06325615;-0,65979510;-1,53766400
8,07349615;-0,66321090;-1,53766300
8,08373615;-0,66597520;-1,53782100
8,09397615;-0,66807220;-1,53844500
8,10421615;-0,67093040;-1,53735100
8,11445615;-0,67412660;-1,53782000
8,12469615;-0,67792560;-1,53782000
8,13493615;-0,68173640;-1,53782000
8,14517615;-0,68360690;-1,53782000
8,15541615;-0,68467150;-1,53813200
8,16565615;-0,68566950;-1,53860100
8,17589615;-0,68758880;-1,53828800
8,18613615;-0,69040090;-1,53844500
8,19637614;-0,69384630;-1,54016400
8,20661614;-0,69701300;-1,53953900
8,21685614;-0,70024530;-1,53844600
8,22709614;-0,70178090;-1,54047600
8,23733614;-0,70316280;-1,53969500
8,24757614;-0,70435230;-1,54000700
8,25781614;-0,70700100;-1,54032000
8,26805614;-0,71051260;-1,53969500
8,27829614;-0,71477320;-1,53969400
8,28853614;-0,71771900;-1,54063300
8,29877614;-0,71962950;-1,54094500
8,30901614;-0,72079010;-1,54125800
8,31925614;-0,72153840;-1,54110100
8,32949614;-0,72279520;-1,54094600
8,33973614;-0,72538600;-1,54110100
8,34997614;-0,72811200;-1,54157000
8,36021614;-0,73133530;-1,54188300
8,37045614;-0,73413780;-1,54110200
8,38069614;-0,73641160;-1,54250800
8,39093614;-0,73814710;-1,54266400
8,40117614;-0,73922150;-1,54266400
8,41141614;-0,74121250;-1,54235200
8,42165614;-0,74342510;-1,54266500
8,43189614;-0,74610750;-1,54250800
8,44213614;-0,74969250;-1,54329000
8,45237614;-0,75230160;-1,54313300
8,46261614;-0,75423920;-1,54266500
8,47285614;-0,75566040;-1,54313300
8,48309614;-0,75655130;-1,54375800
8,49333614;-0,75738750;-1,54438300
8,50357614;-0,75857750;-1,54297700
8,51381614;-0,76008380;-1,54360200
8,52405614;-0,76238690;-1,54344500
8,53429614;-0,76456540;-1,54375800
8,54453614;-0,76751130;-1,54329000
8,55477614;-0,76961300;-1,54360200
8,56501614;-0,77149330;-1,54313300
8,57525614;-0,77317360;-1,54454000
8,58549614;-0,77406470;-1,54485200
8,59573614;-0,77452500;-1,54360200
8,60597614;-0,77541790;-1,54360200
8,61621614;-0,77671380;-1,54360200
8,62645614;-0,77874840;-1,54375800
8,63669614;-0,78149270;-1,54453900
8,64693614;-0,78424650;-1,54375800
8,65717614;-0,78685710;-1,54485200
8,66741614;-0,78923630;-1,54328900
8,67765614;-0,79083900;-1,54297700
8,68789614;-0,79168390;-1,54407000
8,69813614;-0,79236520;-1,54454000
8,70837614;-0,79281570;-1,54344600
8,71861614;-0,79342070;-1,54297600
8,72885614;-0,79427420;-1,54297600
8,73909614;-0,79563650;-1,54469600
8,74933614;-0,79748930;-1,54485200
8,75957614;-0,79937930;-1,54454000
8,76981614;-0,80135630;-1,54282100
8,78005614;-0,80347660;-1,54516500
8,79029614;-0,80535780;-1,54500900
8,80053614;-0,80698890;-1,54407100
8,81077614;-0,80829350;-1,54375800
8,82101614;-0,80952280;-1,54360200
8,83125614;-0,81054990;-1,54407100
8,84149614;-0,81138380;-1,54422700
8,85173614;-0,81301480;-1,54422700
8,86197614;-0,81391560;-1,54250800
8,87221614;-0,81558360;-1,54500900
8,88245614;-0,81710860;-1,54391400
8,89269614;-0,81910940;-1,54344600
8,90293614;-0,82055600;-1,54282000
8,91317614;-0,82214310;-1,54282100
8,92341614;-0,82379870;-1,54391400
8,93365614;-0,82508950;-1,54203900
8,94389614;-0,82578690;-1,54313300
8,95413614;-0,82679930;-1,54219500
8,96437614;-0,82731580;-1,54297600
8,97461614;-0,82761250;-1,54235200
8,98485614;-0,82815640;-1,54172700
8,99509614;-0,82819600;-1,54188300
9,00533614;-0,82839530;-1,54250800
9,01557614;-0,82882770;-1,54141400
9,02581614;-0,82917200;-1,54157000
9,03605614;-0,82964290;-1,54203900
9,04629614;-0,83004630;-1,54110200
9,05653614;-0,83051600;-1,54172600
9,06677614;-0,83125470;-1,54188300
9,07701614;-0,83233890;-1,54235200
9,08725614;-0,83299090;-1,54094500
9,09749614;-0,83426820;-1,54094600
9,10773614;-0,83517890;-1,54157100
9,11797614;-0,83580300;-1,54016400
9,12821614;-0,83701130;-1,54094500
9,13845614;-0,83791400;-1,54078900
9,14869614;-0,83870150;-1,54157100
9,15893614;-0,83953600;-1,54063300
9,16917614;-0,84008350;-1,54125800
9,17941614;-0,84063040;-1,54063300
9,18965614;-0,84146570;-1,54078900
9,19989614;-0,84209870;-1,53906900
9,21013614;-0,84285560;-1,54078900
9,22037614;-0,84309550;-1,53969500
9,23061614;-0,84321020;-1,53938200
9,24085614;-0,84388230;-1,53953900
9,25109614;-0,84413160;-1,53985100
9,26133614;-0,84453620;-1,53953900
9,27157614;-0,84455440;-1,53938300
9,28181614;-0,84499530;-1,53985100
9,29205614;-0,84505340;-1,53875700
9,30229614;-0,84515000;-1,53828900
9,31253614;-0,84513970;-1,53875700
9,32277614;-0,84544630;-1,53906900
9,33301614;-0,84538940;-1,53828900
9,34325614;-0,84562950;-1,53735100
9,35349614;-0,84557180;-1,53813300
9,36373614;-0,84554270;-1,53688200
9,37397614;-0,84575310;-1,53828800
9,38421614;-0,84578350;-1,53703900
9,39445614;-0,84569590;-1,53750700
9,40469614;-0,84575380;-1,53672600
9,41493614;-0,84568620;-1,53719500
9,42517614;-0,84576310;-1,53719500
9,43541614;-0,84560040;-1,53719500
9,44565614;-0,84557090;-1,53563200
9,45589614;-0,84565810;-1,53688200
9,46613614;-0,84546660;-1,53610000
9,47637614;-0,84562890;-1,53563200
9,48661614;-0,84530320;-1,53610000
9,49685614;-0,84499530;-1,53532000
9,50709614;-0,84519710;-1,53578800
9,51733614;-0,84482250;-1,53563200
9,52757614;-0,84509150;-1,53547600
9,53781614;-0,84480370;-1,53563200
9,54805614;-0,84434310;-1,53516300
9,55829614;-0,84411280;-1,53531900
9,56853614;-0,84404530;-1,53547600
9,57877614;-0,84362300;-1,53453900
9,58901614;-0,84311570;-1,53469400
9,59925614;-0,84282760;-1,53406900
9,60949614;-0,84231810;-1,53406900
9,61973614;-0,84175180;-1,53422500
9,62997614;-0,84082160;-1,53500700
9,64021614;-0,84041870;-1,53172500
9,65045614;-0,83971870;-1,53328700
9,66069614;-0,83909450;-1,53344400
9,67093614;-0,83802000;-1,53375600
9,68117614;-0,83683030;-1,53328700
9,69141614;-0,83642640;-1,53235000
9,70165614;-0,83529470;-1,53297500
9,71189614;-0,83442100;-1,53250600
9,72213614;-0,83317450;-1,53188100
9,73237614;-0,83252150;-1,53078800
9,74261614;-0,83149490;-1,53156900
9,75285614;-0,83075660;-1,53094300
9,76309614;-0,83017070;-1,53031800
9,77333614;-0,82958500;-1,53078700
9,78357614;-0,82912420;-1,53016300
9,79381614;-0,82875020;-1,52985000
9,80405614;-0,82860700;-1,53094300
9,81429614;-0,82834730;-1,52891200
9,82453614;-0,82809950;-1,52969300
9,83477613;-0,82792690;-1,52906800
9,84501613;-0,82733480;-1,52906900
9,85525613;-0,82690480;-1,52813100
9,86549613;-0,82634100;-1,52797500
9,87573613;-0,82520390;-1,52703700
9,88597613;-0,82406750;-1,52860000
9,89621613;-0,82285130;-1,52641200
9,90645613;-0,82068940;-1,52703700
9,91669613;-0,81930180;-1,52578700
9,92693613;-0,81811450;-1,52594300
9,93717613;-0,81591060;-1,52610000
9,94741613;-0,81450100;-1,52531800
9,95765613;-0,81294700;-1,52453600
9,96789613;-0,81189160;-1,52469300
9,97813613;-0,81055740;-1,52610000
9,98837613;-0,80973390;-1,52453700
9,99861613;-0,80846710;-1,52422400
10,00885613;-0,80738260;-1,52422400
10,01909613;-0,80579960;-1,52391200
10,02933613;-0,80386110;-1,52328700
10,03957613;-0,80226800;-1,52250500
10,04981613;-0,79991690;-1,52234900
10,06005613;-0,79804590;-1,52172400
10,07029613;-0,79612640;-1,52203600
10,08053613;-0,79461970;-1,52016100
10,09077613;-0,79348780;-1,52125500
10,10101613;-0,79290210;-1,52000500
10,11125613;-0,79246040;-1,51984800
10,12149613;-0,79181810;-1,51891100
10,13173613;-0,79131900;-1,51969200
10,14197613;-0,78975490;-1,51813000
10,15221613;-0,78744240;-1,51859900
10,16245613;-0,78492700;-1,51969200
10,17269613;-0,78203980;-1,51828600
10,18293613;-0,77954540;-1,51828500
10,19317613;-0,77685760;-1,51781700
10,20341613;-0,77595570;-1,51687900
10,21365613;-0,77478500;-1,51719200
10,22389613;-0,77420970;-1,51609800
10,23413613;-0,77328880;-1,51703500
10,24437613;-0,77213620;-1,51750500
10,25461613;-0,77022630;-1,51500400
10,26485613;-0,76817380;-1,51625500
10,27509613;-0,76562140;-1,51531600
10,28533613;-0,76329850;-1,51516000
10,29557613;-0,76082290;-1,51453500
10,30581613;-0,75862540;-1,51391000
10,31605613;-0,75777170;-1,51344100
10,32629613;-0,75676370;-1,51437900
10,33653613;-0,75598630;-1,51328500
10,34677613;-0,75507460;-1,51344100
10,35701613;-0,75310830;-1,51297200
10,36725613;-0,75058480;-1,51312900
10,37749613;-0,74746920;-1,51109700
10,38773613;-0,74439390;-1,51203500
10,39797613;-0,74161440;-1,51109700
10,40821613;-0,73998690;-1,51015900
10,41845613;-0,73851190;-1,51187900
10,42869613;-0,73711180;-1,51109800
10,43893613;-0,73510710;-1,51000300
10,44917613;-0,73250590;-1,50937900
10,45941613;-0,72956950;-1,50906600
10,46965613;-0,72657610;-1,50922100
10,47989613;-0,72352380;-1,50750300
10,49013613;-0,72200820;-1,50687800
10,50037613;-0,72108830;-1,50734700
10,51061613;-0,72008910;-1,50719000
10,52085613;-0,71864950;-1,50562800
10,53109613;-0,71607860;-1,50609700
10,54133613;-0,71251850;-1,50594000
10,55157613;-0,70841090;-1,50578400
10,56181613;-0,70516840;-1,50500200
10,57205613;-0,70351740;-1,50469000
10,58229613;-0,70231880;-1,50422100
10,59253613;-0,70065810;-1,50328300
10,60277613;-0,69853690;-1,50312700
10,61301613;-0,69508310;-1,50328400
10,62325613;-0,69195460;-1,50250300
10,63349613;-0,68852900;-1,50093900
10,64373613;-0,68633160;-1,50187700
10,65397613;-0,68506530;-1,50015900
10,66421613;-0,68421080;-1,49984600
10,67445613;-0,68266580;-1,50000200
10,68469613;-0,67981610;-1,50015800
10,69493613;-0,67582490;-1,50000200
10,70517613;-0,67190010;-1,49875200
10,71541613;-0,66901280;-1,49828300
10,72565613;-0,66673130;-1,49812600
10,73589613;-0,66436800;-1,49734500
10,74613613;-0,66119280;-1,49703200
10,75637613;-0,65805230;-1,49703300
10,76661613;-0,65439200;-1,49531400
10,77685613;-0,65146650;-1,49578200
10,78709613;-0,64961640;-1,49453200
10,79733613;-0,64854150;-1,49531300
10,80757613;-0,64690070;-1,49406300
10,81781613;-0,64350240;-1,49343900
10,82805613;-0,63859000;-1,49406300
10,83829613;-0,63450220;-1,49218800
10,84853613;-0,63195870;-1,49234400
10,85877613;-0,62987720;-1,48984400
10,86901613;-0,62779400;-1,49078200
10,87925613;-0,62422470;-1,48968700
10,88949613;-0,61937780;-1,48953100
10,89973613;-0,61593280;-1,48906300
10,90997613;-0,61385090;-1,48781200
10,92021613;-0,61243100;-1,48718700
10,93045613;-0,61024240;-1,48609400
10,94069613;-0,60696070;-1,48593800
10,95093613;-0,60245100;-1,48578100
10,96117613;-0,59871780;-1,48406200
10,97141613;-0,59589580;-1,48453100
10,98165613;-0,59357420;-1,48359300
10,99189613;-0,59049450;-1,48249900
11,00213613;-0,58657490;-1,48265700
11,01237613;-0,58242800;-1,48156200
11,02261613;-0,57934590;-1,48156200
11,03285613;-0,57736530;-1,48062400
11,04309613;-0,57592770;-1,47906100
11,05333613;-0,57269300;-1,47828000
11,06357613;-0,56775160;-1,47843700
11,07381613;-0,56291620;-1,47828000
11,08405613;-0,56028630;-1,47812400
11,09429613;-0,55825230;-1,47624900
11,10453613;-0,55600600;-1,47640500
11,11477613;-0,55164020;-1,47515500
11,12501613;-0,54712090;-1,47359100
11,13525613;-0,54362840;-1,47359200
11,14549613;-0,54176680;-1,47187300
11,15573613;-0,54019240;-1,47140400
11,16597613;-0,53800460;-1,47062200
11,17621613;-0,53329320;-1,46999800
11,18645613;-0,52864810;-1,46984200
11,19669613;-0,52463760;-1,46906000
11,20693613;-0,52162450;-1,46827800
11,21717613;-0,51731630;-1,46562200
11,22741613;-0,51286290;-1,46531000
11,23765613;-0,50850650;-1,46562200
11,24789613;-0,50621310;-1,46468400
11,25813613;-0,50450460;-1,46327800
11,26837613;-0,50152850;-1,46265300
11,27861613;-0,49601460;-1,46249700
11,28885613;-0,49081110;-1,46140300
11,29909613;-0,48805270;-1,46187200
11,30933613;-0,48571340;-1,46109000
11,31957613;-0,48245110;-1,46093400
11,32981613;-0,47723090;-1,46030800
11,34005613;-0,47312430;-1,45874600
11,35029613;-0,47026450;-1,45780900
11,36053613;-0,46833580;-1,45718300
11,37077613;-0,46544770;-1,45640200
11,38101613;-0,46086080;-1,45499500
11,39125613;-0,45585190;-1,45390200
11,40149613;-0,45243520;-1,45327600
11,41173613;-0,44974820;-1,45202700
11,42197613;-0,44563240;-1,45249500
11,43221613;-0,44108400;-1,45124500
11,44245613;-0,43696750;-1,44999500
11,45269613;-0,43416520;-1,45030700
11,46293613;-0,43224550;-1,44749400
11,47317613;-0,42846530;-1,44765000
11,48341612;-0,42267900;-1,44624400
11,49365612;-0,41812130;-1,44749400
11,50389612;-0,41523550;-1,44577500
11,51413612;-0,41271830;-1,44561900
11,52437612;-0,40845850;-1,44421300
11,53461612;-0,40357240;-1,44436900
11,54485612;-0,39968890;-1,44296300
11,55509612;-0,39771300;-1,44343100
11,56533612;-0,39547650;-1,44202500
11,57557612;-0,39149490;-1,44077500
11,58581612;-0,38592900;-1,44061900
11,59605612;-0,38185080;-1,43889900
11,60629612;-0,37868410;-1,43921100
11,61653612;-0,37480710;-1,43764800
11,62677612;-0,37020050;-1,43811800
11,63701612;-0,36552760;-1,43639900
11,64725612;-0,36268670;-1,43530500
11,65749612;-0,36072020;-1,43405400
11,66773612;-0,35726560;-1,43296000
11,67797612;-0,35096170;-1,43124200
11,68821612;-0,34572200;-1,43077300
11,69845612;-0,34268980;-1,43014800
11,70869612;-0,33921880;-1,42905400
11,71893612;-0,33334650;-1,42780400
11,72917612;-0,32895230;-1,42655300
11,73941612;-0,32614640;-1,42764700
11,74965612;-0,32373960;-1,42608500
11,75989612;-0,31949880;-1,42514700
11,77013612;-0,31395240;-1,42389700
11,78037612;-0,30972050;-1,42358400
11,79061612;-0,30640050;-1,42186600
11,80085612;-0,30198660;-1,42217700
11,81109612;-0,29705440;-1,42124000
11,82133612;-0,29264020;-1,41983400
11,83157612;-0,29008810;-1,41749000
11,84181612;-0,28737240;-1,41592700
11,85205612;-0,28215190;-1,41483400
11,86229612;-0,27588630;-1,41373900
11,87253612;-0,27271990;-1,41280100
11,88277612;-0,26992720;-1,41264500
11,89301612;-0,26562830;-1,41170700
11,90325612;-0,26030230;-1,40952100
11,91349612;-0,25607040;-1,40827000
11,92373612;-0,25399960;-1,40827000
11,93397612;-0,25123170;-1,40639500
11,94421612;-0,24648990;-1,40780100
11,95445612;-0,24048900;-1,40561300
11,96469612;-0,23638380;-1,40530100
11,97493612;-0,23162470;-1,40342500
11,98517612;-0,22616470;-1,40295600
11,99541612;-0,22141460;-1,40061300
12,00565612;-0,21859340;-1,39811100
12,01589612;-0,21582040;-1,39889300
12,02613612;-0,21008230;-1,39733000
12,03637612;-0,20419030;-1,39529800
12,04661612;-0,20062100;-1,39264200
12,05685612;-0,19761740;-1,39264200
12,06709612;-0,19277150;-1,39139200
12,07733612;-0,18734000;-1,39061100
12,08757612;-0,18383750;-1,38998500
12,09781612;-0,18140960;-1,38842200
12,10805612;-0,17759350;-1,38764200
12,11829612;-0,17187340;-1,38795300
12,12853612;-0,16730670;-1,38639000
12,13877612;-0,16335070;-1,38420300
12,14901612;-0,15954230;-1,38248300
12,15925612;-0,15398680;-1,38185800
12,16949612;-0,14934250;-1,37967100
12,17973612;-0,14680910;-1,37935800
12,18997612;-0,14387300;-1,37795100
12,20021612;-0,13792360;-1,37654500
12,21045612;-0,13216600;-1,37466900
12,22069612;-0,12877850;-1,37341900
12,23093612;-0,12567790;-1,37310700
12,24117612;-0,12064840;-1,37310700
12,25141612;-0,11528350;-1,37045000
12,26165612;-0,11182890;-1,36966800
12,27189612;-0,10953550;-1,36841800
12,28213612;-0,10552440;-1,36873100
12,29237612;-0,09980539;-1,36669900
12,30261612;-0,09426045;-1,36685600
12,31285612;-0,09057284;-1,36466800
12,32309612;-0,08539372;-1,36341700
12,33333612;-0,08018117;-1,36232400
12,34357612;-0,07653689;-1,36013600
12,35381612;-0,07415736;-1,35888500
12,36405612;-0,07014624;-1,35872900
12,37429612;-0,06374507;-1,35560300
12,38453612;-0,05861075;-1,35560300
12,39477612;-0,05524241;-1,35294700
12,40501612;-0,05055967;-1,35279000
12,41525612;-0,04487889;-1,35247800
12,42549612;-0,04060877;-1,34997700
12,43573612;-0,03775871;-1,34747700
12,44597612;-0,03440954;-1,34732100
12,45621612;-0,02846934;-1,34466400
12,46645612;-0,02338343;-1,34310100
12,47669612;-0,01975644;-1,34200700
12,48693612;-0,01554593;-1,33935000
12,49717612;-0,01019020;-1,33856900
12,50741612;-0,00531842;-1,33638100
12,51765612;-0,00296511;-1,33356800
12,52789612;0,00068244;-1,33200500
12,53813612;0,00658217;-1,33059900
12,54837612;0,01244702;-1,32919300
12,55861612;0,01538161;-1,32497300
12,56885612;0,01887456;-1,32387900
12,57909612;0,02425813;-1,32294200
12,58933612;0,02929633;-1,31934700
12,59957612;0,03216579;-1,31731600
12,60981612;0,03475676;-1,31575300
12,62005612;0,03926677;-1,31356500
12,63029612;0,04532172;-1,31012700
12,64053612;0,04968779;-1,30872100
12,65077612;0,05462972;-1,30668900
12,66101612;0,06019567;-1,30325100
12,67125612;0,06533979;-1,30075000
12,68149612;0,06827642;-1,29887600
12,69173612;0,07110543;-1,29700000
12,70197612;0,07661540;-1,29450000
12,71221612;0,08256339;-1,29199800
12,72245612;0,08628834;-1,28762300
12,73269612;0,08973122;-1,28449800
12,74293612;0,09493216;-1,28121600
12,75317612;0,10042080;-1,27855900
12,76341612;0,10365460;-1,27402700
12,77365612;0,10628390;-1,26746400
12,78389612;0,11072680;-1,26340100
12,79413612;0,11627320;-1,25746200
12,80437612;0,12094640;-1,24808600
12,81461612;0,12450720;-1,23949000
12,82485612;0,12862510;-1,22698800
12,83509612;0,13453730;-1,21167300
12,84533612;0,13846230;-1,19104500
12,85557612;0,14091860;-1,16432200
12,86581612;0,14439240;-1,13009400
12,87605612;0,15072550;-1,08615900
12,88629612;0,15601250;-1,03018800
12,89653612;0,15902260;-0,96485350
12,90677612;0,16235310;-0,89609090
12,91701612;0,16747550;-0,82029720
12,92725612;0,17266120;-0,73356420
12,93749612;0,17556740;-0,63057850
12,94773612;0,17761090;-0,50680790
12,95797612;0,18143970;-0,36991020
12,96821612;0,18721660;-0,22457360
12,97845612;0,19196660;-0,07736182
12,98869612;0,19508520;0,06703706
12,99893612;0,19914440;0,21034200
13,00917612;0,20483440;0,34598960
13,01941612;0,20931580;0,47663610
13,02965612;0,21178190;0,60400120
13,03989612;0,21446860;0,72683360
13,05013612;0,21949710;0,84372780
13,06037612;0,22542700;0,95624660
13,07061612;0,22970690;1,06501700
13,08085612;0,23265200;1,17301800
13,09109612;0,23772260;1,27290700
13,10133612;0,24306640;1,36168800
13,11157612;0,24682800;1,42373000
13,12181612;0,24916690;1,44951600
13,13205611;0,25290130;1,45342200
13,14229611;0,25845050;1,45545400
13,15253611;0,26359500;1,46029800
13,16277611;0,26668500;1,46451800
13,17301611;0,27043740;1,46717400
13,18325611;0,27546540;1,47029900
13,19349611;0,28047470;1,47186300
13,20373611;0,28327660;1,47405000
13,21397611;0,28595300;1,47623800
13,22421611;0,29081850;1,47858200
13,23445611;0,29745860;1,48092700
13,24469611;0,30102840;1,48202000
13,25493611;0,30340740;1,48436500
13,26517611;0,30743780;1,48592700
13,27541611;0,31279280;1,48749000
13,28565611;0,31712980;1,48858400
13,29589611;0,31944170;1,48952100
13,30613611;0,32144250;1,49045900
13,31637611;0,32558640;1,49170900
13,32661611;0,33118060;1,49186500
13,33685611;0,33610930;1,49389700
13,34709611;0,33983180;1,49452300
13,35733611;0,34516680;1,49561600
13,36757611;0,35050190;1,49733500
13,37781611;0,35390900;1,50014800
13,38805611;0,35609630;1,50077300
13,39829611;0,35932980;1,50139700
13,40853611;0,36478070;1,50124100
13,41877611;0,37061440;1,50218000
13,42901611;0,37344520;1,50421100
13,43925611;0,37558540;1,50452300
13,44949611;0,37952950;1,50546100
13,45973611;0,38461560;1,50577400
13,46997611;0,38879970;1,50718000
13,48021611;0,39115040;1,50811800
13,49045611;0,39340510;1,50889900
13,50069611;0,39689470;1,50905500
13,51093611;0,40288310;1,50936800
13,52117611;0,40688380;1,50983600
13,53141611;0,40994860;1,51108700
13,54165611;0,41340140;1,51186800
13,55189611;0,41860210;1,51093100
13,56213611;0,42330370;1,51233700
13,57237611;0,42607720;1,51171100
13,58261611;0,42796750;1,51405600
13,59285611;0,43106700;1,51358700
13,60309611;0,43702610;1,51436900
13,61333611;0,44175670;1,51421200
13,62357611;0,44477980;1,51515000
13,63381611;0,44689080;1,51765000
13,64405611;0,45059440;1,51624400
13,65429611;0,45529670;1,51749400
13,66453611;0,45978750;1,51796300
13,67477611;0,46237800;1,51983800
13,68501611;0,46392290;1,51968200
13,69525611;0,46730080;1,51936900
13,70549611;0,47215580;1,51936900
13,71573611;0,47746240;1,52030700
13,72597611;0,48065590;1,52140100
13,73621611;0,48378630;1,52233800
13,74645611;0,48803650;1,52249500
13,75669611;0,49264470;1,52358800
13,76693611;0,49657620;1,52374400
13,77717611;0,49848480;1,52437000
13,78741611;0,50022340;1,52546400
13,79765611;0,50382570;1,52593300
13,80789611;0,50954000;1,52483900
13,81813611;0,51418780;1,52499500
13,82837611;0,51696260;1,52530700
13,83861611;0,51947650;1,52718300
13,84885611;0,52309390;1,52624500
13,85909611;0,52836170;1,52624500
13,86933611;0,53244050;1,52749600
13,87957611;0,53451330;1,52749500
13,88981611;0,53602930;1,52858900
13,90005611;0,53886070;1,52874600
13,91029611;0,54376350;1,52858900
13,92053611;0,54849500;1,52905800
13,93077611;0,55162310;1,52921400
13,94101611;0,55416550;1,52999500
13,95125611;0,55716920;1,52999500
13,96149611;0,56109360;1,52999500
13,97173611;0,56571950;1,53093300
13,98197611;0,56916370;1,53140200
13,99221611;0,57077580;1,53171500
14,00245611;0,57223980;1,53155900
14,01269611;0,57538040;1,53171400
14,02293611;0,58030370;1,53187100
14,03317611;0,58538320;1,53218300
14,04341611;0,58807710;1,53359000
14,05365611;0,58966030;1,53374700
14,06389611;0,59179970;1,53374700
14,07413611;0,59572480;1,53437100
14,08437611;0,59999560;1,53374700
14,09461611;0,60391060;1,53421500
14,10485611;0,60599310;1,53359000
14,11509611;0,60694200;1,53484000
14,12533611;0,60849690;1,53468500
14,13557611;0,61156830;1,53577800
14,14581611;0,61610700;1,53530900
14,15605611;0,62033920;1,53624700
14,16629611;0,62349640;1,53562200
14,17653611;0,62624980;1,53609000
14,18677611;0,62958920;1,53734100
14,19701611;0,63339020;1,53656000
14,20725611;0,63799630;1,53671500
14,21749611;0,64089400;1,53624600
14,22773611;0,64233330;1,53827800
14,23797611;0,64310160;1,53921600
14,24821611;0,64521030;1,53796600
14,25845611;0,64951210;1,53890300
14,26869611;0,65453050;1,53859000
14,27893611;0,65807340;1,53827800
14,28917611;0,66011110;1,53796500
14,29941611;0,66149050;1,53890300
14,30965611;0,66364940;1,53874700
14,31989611;0,66652830;1,53952800
14,33013611;0,67065420;1,53921600
14,34037611;0,67436690;1,53999700
14,35061611;0,67699720;1,53952800
14,36085611;0,67828270;1,54015300
14,37109611;0,67931800;1,54031000
14,38133611;0,68125740;1,54077800
14,39157611;0,68369450;1,54124700
14,40181611;0,68803130;1,54109100
14,41205611;0,69167850;1,54093400
14,42229611;0,69428860;1,54171600
14,43253611;0,69616910;1,54140400
14,44277611;0,69787720;1,54187300
14,45301611;0,70015110;1,54171600
14,46325611;0,70358590;1,54171600
14,47349611;0,70662800;1,54171500
14,48373611;0,71011060;1,54202900
14,49397611;0,71246270;1,54234200
14,50421611;0,71371930;1,54265400
14,51445611;0,71449660;1,54327900
14,52469611;0,71564780;1,54421600
14,53493611;0,71797020;1,54312200
14,54517611;0,72168430;1,54218500
14,55541611;0,72545440;1,54327900
14,56565611;0,72887020;1,54296700
14,57589611;0,73121210;1,54343600
14,58613611;0,73216090;1,54249700
14,59637611;0,73310920;1,54468500
14,60661611;0,73469850;1,54421700
14,61685611;0,73722710;1,54390400
14,62709611;0,74015810;1,54374800
14,63733611;0,74338840;1,54359200
14,64757611;0,74620860;1,54437300
14,65781611;0,74845450;1,54359200
14,66805611;0,74965510;1,54390400
14,67829611;0,75020090;1,54562300
14,68853611;0,75071850;1,54468600
14,69877611;0,75199610;1,54468500
14,70901611;0,75352150;1,54437300
14,71925611;0,75670680;1,54452900
14,72949611;0,75916430;1,54484100
14,73973611;0,76228330;1,54546700
14,74997611;0,76492180;1,54468500
14,76021611;0,76658150;1,54468600
14,77045610;0,76787820;1,54437300
14,78069610;0,76901840;1,54546600
14,79093610;0,77021010;1,54515400
14,80117610;0,77223370;1,54390400
14,81141610;0,77447930;1,54406000
14,82165610;0,77709930;1,54531000
14,83189610;0,77970900;1,54546700
14,84213610;0,78202150;1,54515400
14,85237610;0,78373930;1,54577900
14,86261610;0,78485240;1,54468500
14,87285610;0,78575430;1,54515400
14,88309610;0,78618660;1,54562300
14,89333610;0,78640740;1,54546700
14,90357610;0,78747210;1,54656100
14,91381610;0,78875790;1,54546700
14,92405610;0,79128190;1,54546600
14,93429610;0,79403660;1,54515400
14,94453610;0,79735630;1,54468600
14,95477610;0,79985200;1,54531000
14,96501610;0,80154040;1,54593600
14,97525610;0,80299920;1,54531100
14,98549610;0,80387260;1,54499700
14,99573610;0,80447690;1,54703000
15,00597610;0,80508110;1,54577900
15,01621610;0,80629940;1,54515400
15,02645610;0,80766220;1,54452900
15,03669610;0,80895540;1,54577900
15,04693610;0,81088170;1,54546700
15,05717610;0,81254830;1,54562300
15,06741610;0,81497990;1,54562300
15,07765610;0,81660610;1,54312300
15,08789610;0,81856570;1,54484100
15,09813610;0,82004680;1,54624800
15,10837610;0,82067770;1,54390400
15,11861610;0,82146160;1,54452900
15,12885610;0,82167120;1,54437300
15,13909610;0,82209320;1,54562300
15,14933610;0,82240900;1,54437300
15,15957610;0,82276410;1,54437300
15,16981610;0,82343490;1,54437300
15,18005610;0,82416530;1,54468500
15,19029610;0,82562360;1,54484200
15,20053610;0,82675660;1,54374800
15,21077610;0,82843520;1,54468600
15,22101610;0,82972100;1,54390400
15,23125610;0,83106400;1,54359100
15,24149610;0,83240720;1,54390400
15,25173610;0,83412490;1,54343500
15,26197610;0,83545920;1,54468500
15,27221610;0,83634190;1,54374700
15,28245610;0,83754030;1,54374800
15,29269610;0,83826130;1,54327900
15,30293610;0,83870290;1,54390400
15,31317610;0,83924920;1,54312300
15,32341610;0,83963280;1,54296700
15,33365610;0,83999690;1,54390400
15,34389610;0,84036210;1,54296500
15,35413610;0,84074590;1,54343500
15,36437610;0,84114950;1,54327900
15,37461610;0,84144570;1,54281100
15,38485610;0,84212880;1,54249800
15,39509610;0,84262640;1,54312200
15,40533610;0,84363410;1,54327900
15,41557610;0,84395060;1,54234100
15,42581610;0,84477620;1,54281100
15,43605610;0,84524750;1,54234200
15,44629610;0,84559180;1,54156000
15,45653610;0,84618740;1,54140400
15,46677610;0,84707990;1,54171600
15,47701610;0,84777930;1,54156000
15,48725610;0,84847110;1,54093500
15,49749610;0,84851800;1,54031000
15,50773610;0,84924770;1,54187300
15,51797610;0,84961260;1,54077800
15,52821610;0,84999640;1,54124800
15,53845610;0,85015930;1,54015400
15,54869610;0,85083070;1,54031000
15,55893610;0,85144440;1,54031000
15,56917610;0,85132080;1,53984000
15,57941610;0,85147390;1,53952800
15,58965610;0,85169530;1,53999700
15,59989610;0,85206990;1,53952800
15,61013610;0,85229070;1,53890300
15,62037610;0,85239470;1,53921500
15,63061610;0,85219380;1,53937100
15,64085610;0,85231830;1,53874700
15,65109610;0,85261620;1,53874600
15,66133610;0,85207920;1,53827800
15,67157610;0,85230900;1,53890300
15,68181610;0,85251100;1,53749600
15,69205610;0,85213560;1,53718500
15,70229610;0,85222250;1,53780900
15,71253610;0,85197320;1,53749700
15,72277610;0,85172460;1,53812200
15,73301610;0,85160870;1,53780900
15,74325610;0,85133030;1,53687100
15,75349610;0,85115780;1,53687100
15,76373610;0,85032310;1,53718500
15,77397610;0,85059080;1,53671600
15,78421610;0,85003450;1,53577800
15,79445610;0,84965150;1,53624600
15,80469610;0,84892160;1,53515300
15,81493610;0,84859490;1,53624700
15,82517610;0,84824100;1,53515200
15,83541610;0,84783760;1,53452700
15,84565610;0,84697440;1,53484000
15,85589610;0,84644570;1,53484000
15,86613610;0,84604270;1,53484000
15,87637610;0,84539140;1,53437100
15,88661610;0,84453640;1,53437100
15,89685610;0,84422870;1,53343400
15,90709610;0,84353830;1,53405900
15,91733610;0,84284730;1,53343400
15,92757610;0,84199350;1,53421500
15,93781610;0,84151450;1,53343400
15,94805610;0,84096680;1,53312100
15,95829610;0,84072630;1,53327800
15,96853610;0,84034340;1,53312100
15,97877610;0,84013250;1,53312100
15,98901610;0,83970940;1,53296500
15,99925610;0,83936430;1,53171400
16,00949610;0,83894240;1,53202700
16,01973610;0,83840450;1,53218400
16,02997610;0,83753190;1,53140200
16,04021610;0,83661060;1,53187100
16,05045610;0,83551660;1,53249600
16,06069610;0,83420090;1,53124600
16,07093610;0,83301200;1,53124600
16,08117610;0,83180270;1,53046400
16,09141610;0,82990350;1,53077700
16,10165610;0,82845420;1,53015200
16,11189610;0,82715860;1,52999500
16,12213610;0,82554620;1,52952700
16,13237610;0,82438540;1,52937100
16,14261610;0,82373290;1,52968300
16,15285610;0,82303350;1,52874500
16,16309610;0,82236060;1,52843200
16,17333610;0,82212190;1,52765100
16,18357610;0,82177690;1,52937100
16,19381610;0,82147150;1,52890200
16,20405610;0,82077310;1,52890200
16,21429610;0,82017090;1,52812000
16,22453610;0,81864270;1,52702600
16,23477610;0,81717060;1,52640100
16,24501610;0,81504630;1,52577600
16,25525610;0,81314200;1,52702700
16,26549610;0,81130500;1,52624600
16,27573610;0,80910940;1,52640100
16,28597610;0,80755590;1,52593300
16,29621610;0,80641430;1,52515100
16,30645610;0,80539750;1,52405800
16,31669610;0,80444730;1,52421300
16,32693610;0,80399640;1,52421400
16,33717610;0,80319930;1,52530800
16,34741610;0,80200070;1,52390100
16,35765610;0,80008160;1,52249500
16,36789610;0,79771130;1,52296400
16,37813610;0,79491880;1,52296400
16,38837610;0,79144470;1,52233800
16,39861610;0,78947790;1,52280800
16,40885610;0,78782660;1,52202500
16,41909609;0,78658850;1,52171300
16,42933609;0,78621550;1,52202600
16,43957609;0,78597520;1,51952500
16,44981609;0,78526570;1,52015100
16,46005609;0,78394150;1,51968200
16,47029609;0,78231040;1,51983700
16,48053609;0,77981460;1,51811900
16,49077609;0,77750160;1,51749400
16,50101609;0,77511260;1,51671200
16,51125609;0,77279010;1,51671200
16,52149609;0,77086160;1,51780600
16,53173609;0,76921080;1,51686900
16,54197609;0,76817480;1,51624400
16,55221609;0,76677350;1,51546200
16,56245609;0,76504700;1,51608700
16,57269609;0,76287790;1,51530600
16,58293609;0,76016180;1,51343100
16,59317609;0,75672640;1,51374300
16,60341609;0,75393410;1,51436900
16,61365609;0,75208250;1,51483700
16,62389609;0,75096910;1,51358700
16,63413609;0,75033530;1,51405500
16,64437609;0,74965360;1,51265000
16,65461609;0,74858890;1,51296300
16,66485609;0,74667850;1,51218000
16,67509609;0,74395470;1,51264900
16,68533609;0,74044570;1,51093100
16,69557609;0,73754260;1,51014900
16,70581609;0,73516740;1,50983600
16,71605609;0,73359740;1,50983700
16,72629609;0,73238180;1,50952400
16,73653609;0,73137430;1,50968000
16,74677609;0,72965680;1,50889900
16,75701609;0,72635700;1,50889900
16,76725609;0,72234610;1,50733600
16,77749609;0,71820960;1,50874300
16,78773609;0,71576270;1,50749300
16,79797609;0,71468760;1,50671100
16,80821609;0,71394930;1,50702400
16,81845609;0,71304740;1,50593000
16,82869609;0,71050470;1,50389800
16,83893609;0,70707890;1,50514800
16,84917609;0,70400850;1,50327300
16,85941609;0,70058240;1,50483600
16,86965609;0,69825110;1,50436700
16,87989609;0,69661950;1,50327300
16,89013609;0,69510340;1,50249200
16,90037609;0,69234010;1,50217900
16,91061609;0,68863610;1,50249200
16,92085609;0,68475900;1,49936700
16,93109609;0,68174670;1,49983600
16,94133609;0,67952900;1,50014700
16,95157609;0,67849320;1,49764700
16,96181609;0,67722700;1,49858500
16,97205609;0,67482790;1,49795900
16,98229609;0,67086580;1,49702200
16,99253609;0,66751530;1,49639700
17,00277609;0,66429130;1,49561600
17,01301609;0,66172050;1,49561600
17,02325609;0,66050330;1,49499100
17,03349609;0,65893390;1,49374000
17,04373609;0,65532520;1,49311600
17,05397609;0,65035600;1,49342800
17,06421609;0,64608290;1,49327200
17,07445609;0,64348520;1,49436600
17,08469609;0,64248720;1,49311500
17,09493609;0,64136510;1,49092800
17,10517609;0,63833180;1,49061500
17,11541609;0,63437860;1,49045900
17,12565609;0,63077990;1,49014700
17,13589609;0,62675960;1,48920900
17,14613609;0,62410990;1,48889600
17,15637609;0,62108730;1,48905300
17,16661609;0,61724840;1,48811500
17,17685609;0,61247000;1,48842700
17,18709609;0,60924620;1,48748900
17,19733609;0,60724980;1,48624000
17,20757609;0,60630940;1,48530200
17,21781609;0,60471620;1,48530200
17,22805609;0,60106020;1,48389600
17,23829609;0,59705900;1,48280200
17,24853609;0,59275950;1,48233200
17,25877609;0,59012080;1,48092600
17,26901609;0,58851920;1,48139500
17,27925609;0,58630370;1,48092600
17,28949609;0,58208580;1,47842600
17,29973609;0,57643370;1,47967600
17,30997609;0,57266060;1,47873900
17,32021609;0,57100430;1,47811200
17,33045609;0,56965320;1,47702000
17,34069609;0,56649590;1,47623800
17,35093609;0,56255250;1,47498700
17,36117609;0,55809020;1,47483200
17,37141609;0,55513500;1,47420600
17,38165609;0,55253480;1,47295600
17,39189609;0,54967450;1,47389400
17,40213609;0,54495390;1,47295600
17,41237609;0,54008840;1,47170700
17,42261609;0,53695080;1,47264400
17,43285609;0,53497400;1,47233100
17,44309609;0,53307350;1,47045600
17,45333609;0,52934100;1,46951800
17,46357609;0,52442820;1,46873700
17,47381609;0,52040720;1,46905000
17,48405609;0,51769110;1,46639300
17,49429609;0,51529120;1,46686200
17,50453609;0,51082720;1,46592400
17,51477609;0,50542980;1,46451800
17,52501609;0,50095400;1,46467400
17,53525609;0,49908070;1,46295500
17,54549609;0,49735360;1,46295500
17,55573609;0,49398690;1,46092300
17,56597609;0,48948220;1,46076700
17,57621609;0,48501200;1,46123600
17,58645609;0,48171910;1,45998600
17,59669609;0,47843080;1,45873600
17,60693609;0,47376810;1,45920500
17,61717609;0,46802040;1,45748500
17,62741609;0,46492140;1,45779800
17,63765609;0,46290590;1,45686000
17,64789609;0,46110160;1,45732800
17,65813609;0,45689910;1,45561000
17,66837609;0,45170780;1,45498500
17,67861609;0,44769630;1,45420300
17,68885609;0,44533620;1,45420400
17,69909609;0,44335920;1,45279700
17,70933609;0,43792840;1,45232800
17,71957609;0,43260250;1,45154700
17,72981609;0,42857270;1,45107800
17,74005609;0,42684480;1,44998400
17,75029609;0,42426380;1,44764000
17,76053609;0,41984010;1,44795300
17,77077609;0,41488880;1,44607700
17,78101609;0,41114710;1,44623300
17,79125609;0,40856870;1,44404600
17,80149609;0,40442510;1,44389000
17,81173609;0,39900350;1,44232700
17,82197609;0,39430670;1,44154600
17,83221609;0,39178330;1,44107600
17,84245609;0,38984570;1,43951400
17,85269609;0,38626620;1,43920100
17,86293609;0,38111340;1,43842000
17,87317609;0,37671820;1,43826300
17,88341609;0,37399250;1,43701400
17,89365609;0,37152610;1,43779500
17,90389609;0,36704490;1,43529500
17,91413609;0,36034700;1,43482600
17,92437609;0,35671020;1,43513800
17,93461609;0,35481070;1,43420000
17,94485609;0,35173020;1,43076200
17,95509609;0,34677900;1,43091900
17,96533609;0,34151080;1,42951200
17,97557609;0,33736600;1,42904300
17,98581609;0,33289620;1,42732400
17,99605609;0,32737730;1,42591800
18,00629609;0,32247540;1,42654300
18,01653609;0,32015980;1,42451200
18,02677609;0,31810840;1,42451200
18,03701609;0,31427990;1,42248000
18,04725609;0,30893470;1,42107400
18,05749609;0,30438630;1,41982300
18,06773608;0,30183430;1,41935500
18,07797608;0,29819760;1,41763600
18,08821608;0,29260310;1,41716600
18,09845608;0,28736410;1,41591700
18,10869608;0,28390970;1,41607300
18,11893608;0,28157770;1,41388500
18,12917608;0,27704880;1,41263400
18,13941608;0,27179020;1,41200900
18,14965608;0,26759670;1,40982200
18,15989608;0,26410340;1,40966500
18,17013608;0,25974650;1,40904000
18,18037608;0,25422640;1,40685200
18,19061608;0,25001170;1,40638400
18,20085608;0,24747880;1,40388300
18,21109608;0,24405230;1,40435300
18,22133608;0,23864190;1,40294600
18,23157608;0,23385060;1,40263300
18,24181608;0,23025370;1,40216400
18,25205608;0,22662640;1,40075800
18,26229608;0,22037970;1,39794500
18,27253608;0,21521730;1,39841500
18,28277608;0,21209860;1,39607000
18,29301608;0,20951730;1,39575700
18,30325608;0,20539110;1,39388200
18,31349608;0,19982550;1,39388200
18,32373608;0,19585300;1,39294400
18,33397608;0,19214890;1,39247500
18,34421608;0,18729330;1,39216300
18,35445608;0,18180440;1,39013100
18,36469608;0,17760140;1,38841200
18,37493608;0,17565380;1,38747400
18,38517608;0,17247830;1,38669300
18,39541608;0,16732260;1,38575500
18,40565608;0,16202720;1,38497400
18,41589608;0,15880180;1,38309900
18,42613608;0,15566730;1,38247400
18,43637608;0,15005370;1,38184800
18,44661608;0,14402770;1,38091100
18,45685608;0,14085160;1,37950400
18,46709608;0,13841440;1,37794100
18,47733608;0,13377920;1,37716000
18,48757608;0,12849060;1,37512800
18,49781608;0,12389270;1,37372200
18,50805608;0,12039940;1,37137700
18,51829608;0,11552460;1,37122100
18,52853608;0,11017980;1,37028300
18,53877608;0,10585210;1,36825200
18,54901608;0,10311740;1,36778400
18,55925608;0,09933644;1,36622000
18,56949608;0,09381900;1,36512600
18,57973608;0,08906921;1,36387600
18,58997608;0,08602013;1,36325100
18,60021608;0,08226639;1,36340700
18,61045608;0,07564753;1,36043700
18,62069608;0,07029055;1,35840600
18,63093608;0,06803656;1,35621800
18,64117608;0,06452387;1,35590500
18,65141608;0,05908236;1,35246600
18,66165608;0,05371811;1,35152900
18,67189608;0,04955346;1,34981000
18,68213608;0,04387272;1,34871600
18,69237608;0,03806728;1,34699800
18,70261608;0,03431538;1,34543500
18,71285608;0,03197387;1,34481000
18,72309608;0,02852856;1,34246500
18,73333608;0,02320251;1,34043400
18,74357608;0,01829880;1,33918400
18,75381608;0,01481571;1,33746500
18,76405608;0,01158440;1,33496500
18,77429608;0,00596870;1,33246400
18,78453608;-0,00015080;1,32996300
18,79477608;-0,00312769;1,32887000
18,80501608;-0,00606449;1,32715000
18,81525608;-0,01068838;1,32465100
18,82549608;-0,01634204;1,32168100
18,83573608;-0,02023609;1,31918000
18,84597608;-0,02412232;1,31761800
18,85621608;-0,02939059;1,31496100
18,86645608;-0,03504293;1,31371100
18,87669608;-0,03838246;1,31152300
18,88693608;-0,04113657;1,30980400
18,89717608;-0,04586726;1,30714800
18,90741608;-0,05166315;1,30417800
18,91765608;-0,05570304;1,30214700
18,92789608;-0,05937849;1,29808300
18,93813608;-0,06495446;1,29636400
18,94837608;-0,07118268;1,29292600
18,95861608;-0,07433017;1,29026900
18,96885608;-0,07700709;1,28683200
18,97909608;-0,08135054;1,28308100
18,98933608;-0,08645662;1,27776800
18,99957608;-0,09129085;1,27479800
19,00981608;-0,09550744;1,26917200
19,02005608;-0,10032340;1,26464000
19,03029608;-0,10654170;1,25885700
19,04053608;-0,10988100;1,25338600
19,05077608;-0,11216480;1,24885400
19,06101608;-0,11618570;1,24009600
19,07125608;-0,12178100;1,23101700
19,08149608;-0,12626370;1,21568300
19,09173608;-0,12929690;1,19660400
19,10197608;-0,13279940;1,17331400
19,11221608;-0,13943960;1,14096500
19,12245608;-0,14432380;1,09845700
19,13269608;-0,14691460;1,04501100
19,14293608;-0,14984140;0,98328290
19,15317608;-0,15456230;0,91280190
19,16341608;-0,15992610;0,83763310
19,17365608;-0,16370540;0,75527580
19,18389608;-0,16738270;0,65791590
19,19413608;-0,17244820;0,54164700
19,20437608;-0,17775610;0,41193790
19,21461608;-0,18117010;0,27144600
19,22485608;-0,18396190;0,12798470
19,23509608;-0,18739740;-0,01750816
19,24533608;-0,19277140;-0,16143820
19,25557608;-0,19729100;-0,30099260
19,26581608;-0,20042880;-0,43617100
19,27605608;-0,20396010;-0,56853680
19,28629608;-0,20970780;-0,69402640
19,29653608;-0,21521570;-0,81138950
19,30677608;-0,21829600;-0,92578570
19,31701608;-0,22087750;-1,03707400
19,32725608;-0,22563680;-1,14274100
19,33749608;-0,23108720;-1,24245900
19,34773608;-0,23552010;-1,33763200
19,35797608;-0,23977970;-1,40842500
19,36821608;-0,24553160;-1,44296200
19,37845608;-0,25064740;-1,45030700
19,38869608;-0,25353000;-1,45296400
19,39893608;-0,25555260;-1,45687100
19,40917608;-0,25921840;-1,46140300
19,41941608;-0,26431340;-1,46484100
19,42965608;-0,26911190;-1,46624700
19,43989608;-0,27180780;-1,46999700
19,45013608;-0,27515710;-1,47265400
19,46037608;-0,28063640;-1,47577900
19,47061608;-0,28637400;-1,47781100
19,48085608;-0,28972330;-1,47859200
19,49109608;-0,29195880;-1,48125000
19,50133608;-0,29586430;-1,48265600
19,51157608;-0,30078630;-1,48406200
19,52181608;-0,30525810;-1,48546900
19,53205608;-0,30845370;-1,48796800
19,54229608;-0,31252250;-1,48968800
19,55253608;-0,31825110;-1,49047000
19,56277608;-0,32268450;-1,49172000
19,57301608;-0,32578280;-1,49359500
19,58325608;-0,32786990;-1,49468900
19,59349608;-0,33237880;-1,49625100
19,60373608;-0,33747450;-1,49672000
19,61397608;-0,34159690;-1,49812700
19,62421608;-0,34489690;-1,49906400
19,63445608;-0,34939710;-1,49922000
19,64469608;-0,35527010;-1,50015800
19,65493608;-0,35958790;-1,50093900
19,66517608;-0,36214950;-1,50203300
19,67541608;-0,36465430;-1,50219000
19,68565608;-0,36867490;-1,50328300
19,69589608;-0,37363640;-1,50390900
19,70613608;-0,37759950;-1,50469000
19,71637607;-0,38108350;-1,50500300
19,72661607;-0,38466240;-1,50562800
19,73685607;-0,39001700;-1,50703400
19,74709607;-0,39422910;-1,50719100
19,75733607;-0,39716580;-1,50844100
19,76757607;-0,39899810;-1,51000300
19,77781607;-0,40207700;-1,51015900
19,78805607;-0,40706010;-1,51015900
19,79829607;-0,41153200;-1,51109700
19,80853607;-0,41486250;-1,51078500
19,81877607;-0,41696080;-1,51172200
19,82901607;-0,42111490;-1,51281600
19,83925607;-0,42679510;-1,51250400
19,84949607;-0,43130520;-1,51281700
19,85973607;-0,43381030;-1,51422300
19,86997607;-0,43612270;-1,51484800
19,88021607;-0,43946200;-1,51375400
19,89045607;-0,44414480;-1,51484800
19,90069607;-0,44862650;-1,51422300
19,91093607;-0,45151410;-1,51641000
19,92117607;-0,45497860;-1,51719200
19,93141607;-0,45946950;-1,51781600
19,94165607;-0,46418070;-1,51813000
19,95189607;-0,46797090;-1,51766100
19,96213607;-0,46987130;-1,51891000
19,97237607;-0,47218330;-1,51906700
19,98261607;-0,47649200;-1,51922300
19,99285607;-0,48120350;-1,52063000
20,00309607;-0,48507990;-1,52063000
20,01333607;-0,48743970;-1,52000500
20,02357607;-0,49019790;-1,52141200
20,03381607;-0,49469070;-1,52156700
20,04405607;-0,50034970;-1,52219300
20,05429607;-0,50378500;-1,52094200
20,06453607;-0,50582920;-1,52281800
20,07477607;-0,50789180;-1,52328600
20,08501607;-0,51184540;-1,52438000
20,09525607;-0,51638480;-1,52359900
20,10549607;-0,52073200;-1,52516100
20,11573607;-0,52388950;-1,52516200
20,12597607;-0,52814080;-1,52500500
20,13621607;-0,53249650;-1,52703700
20,14645607;-0,53684380;-1,52578600
20,15669607;-0,53978030;-1,52610000
20,16693607;-0,54152700;-1,52750600
20,17717607;-0,54311980;-1,52781900
20,18741607;-0,54636310;-1,52703700
20,19765607;-0,55064220;-1,52844300
20,20789607;-0,55509530;-1,52781800
20,21813607;-0,55783870;-1,52922400
20,22837607;-0,55973050;-1,52844300
20,23861607;-0,56237800;-1,52953700
20,24885607;-0,56697460;-1,52969300
20,25909607;-0,57178150;-1,53063100
20,26933607;-0,57557240;-1,53000600
20,27957607;-0,57700070;-1,53078800
20,28981607;-0,57886830;-1,53078700
20,30005607;-0,58146130;-1,53047500
20,31029607;-0,58565500;-1,53125700
20,32053607;-0,58961250;-1,53235100
20,33077607;-0,59300860;-1,53281900
20,34101607;-0,59538810;-1,53266300
20,35125607;-0,59791180;-1,53328700
20,36149607;-0,60146220;-1,53281900
20,37173607;-0,60582850;-1,53328800
20,38197607;-0,60985890;-1,53500700
20,39221607;-0,61211350;-1,53360100
20,40245607;-0,61362040;-1,53422500
20,41269607;-0,61560680;-1,53453800
20,42293607;-0,61922400;-1,53563200
20,43317607;-0,62357120;-1,53469400
20,44341607;-0,62692110;-1,53547600
20,45365607;-0,62979070;-1,53625700
20,46389607;-0,63144140;-1,53563200
20,47413607;-0,63424220;-1,53641300
20,48437607;-0,63798530;-1,53610000
20,49461607;-0,64288870;-1,53672500
20,50485607;-0,64623800;-1,53735100
20,51509607;-0,64820490;-1,53766400
20,52533607;-0,64941380;-1,53672600
20,53557607;-0,65122710;-1,53735100
20,54581607;-0,65393250;-1,53688200
20,55605607;-0,65726640;-1,53860100
20,56629607;-0,66097160;-1,53860100
20,57653607;-0,66394770;-1,53750700
20,58677607;-0,66655040;-1,53750700
20,59701607;-0,66883080;-1,53860100
20,60725607;-0,67154610;-1,53891300
20,61749607;-0,67571870;-1,53922600
20,62773607;-0,67900930;-1,53985100
20,63797607;-0,68246470;-1,53953900
20,64821607;-0,68415470;-1,54000800
20,65845607;-0,68505560;-1,53985200
20,66869607;-0,68612000;-1,53985100
20,67893607;-0,68847160;-1,53985100
20,68917607;-0,69133160;-1,54000700
20,69941607;-0,69512110;-1,54047700
20,70965607;-0,69843300;-1,54141400
20,71989607;-0,70041850;-1,53985100
20,73013607;-0,70219380;-1,54094500
20,74037607;-0,70327780;-1,54125800
20,75061607;-0,70492830;-1,54157000
20,76085607;-0,70830650;-1,54203900
20,77109607;-0,71191390;-1,54110200
20,78133607;-0,71579070;-1,54110100
20,79157607;-0,71836250;-1,54094500
20,80181607;-0,72021420;-1,54141400
20,81205607;-0,72088670;-1,54235200
20,82229607;-0,72187450;-1,54188300
20,83253607;-0,72364970;-1,54250800
20,84277607;-0,72612510;-1,54172700
20,85301607;-0,72914800;-1,54344600
20,86325607;-0,73217960;-1,54344600
20,87349607;-0,73496230;-1,54360200
20,88373607;-0,73684310;-1,54313300
20,89397607;-0,73862640;-1,54344600
20,90421607;-0,73990150;-1,54375800
20,91445607;-0,74172040;-1,54297700
20,92469607;-0,74423860;-1,54266400
20,93493607;-0,74747810;-1,54391400
20,94517607;-0,75005770;-1,54344600
20,95541607;-0,75268570;-1,54313300
20,96565607;-0,75477760;-1,54422700
20,97589607;-0,75595720;-1,54282000
20,98613607;-0,75680270;-1,54516400
20,99637607;-0,75757960;-1,54313300
21,00661607;-0,75878880;-1,54360200
21,01685607;-0,76086120;-1,54438300
21,02709607;-0,76302060;-1,54438300
21,03733607;-0,76556230;-1,54485200
21,04757607;-0,76795240;-1,54594600
21,05781607;-0,77035220;-1,54547800
21,06805607;-0,77220380;-1,54469500
21,07829607;-0,77338430;-1,54485200
21,08853607;-0,77421800;-1,54438300
21,09877607;-0,77490000;-1,54453900
21,10901607;-0,77602200;-1,54438400
21,11925607;-0,77742370;-1,54563400
21,12949607;-0,77934370;-1,54454000
21,13973607;-0,78201060;-1,54547700
21,14997607;-0,78545560;-1,54563400
21,16021607;-0,78749900;-1,54563300
21,17045607;-0,78987870;-1,54579000
21,18069607;-0,79117440;-1,54328900
21,19093607;-0,79195200;-1,54375900
21,20117607;-0,79247960;-1,54438300
21,21141607;-0,79296000;-1,54407100
21,22165607;-0,79353600;-1,54532000
21,23189607;-0,79463920;-1,54438300
21,24213607;-0,79572360;-1,54454000
21,25237607;-0,79773890;-1,54391500
21,26261607;-0,80019470;-1,54469500
21,27285607;-0,80220130;-1,54422700
21,28309607;-0,80412950;-1,54594600
21,29333607;-0,80561640;-1,54625800
21,30357607;-0,80720930;-1,54453900
21,31381607;-0,80842930;-1,54453900
21,32405607;-0,80980010;-1,54532100
21,33429607;-0,81089430;-1,54610200
21,34453607;-0,81184420;-1,54422700
21,35477606;-0,81282310;-1,54391400
21,36501606;-0,81461640;-1,54485200
21,37525606;-0,81611130;-1,54454000
21,38549606;-0,81759760;-1,54454000
21,39573606;-0,81940720;-1,54344600
21,40597606;-0,82111990;-1,54422800
21,41621606;-0,82266980;-1,54375900
21,42645606;-0,82377020;-1,54375800
21,43669606;-0,82521440;-1,54375800
21,44693606;-0,82621710;-1,54391500
21,45717606;-0,82706650;-1,54375800
21,46741606;-0,82743100;-1,54438300
21,47765606;-0,82786040;-1,54438300
21,48789606;-0,82797450;-1,54391500
21,49813606;-0,82841370;-1,54344500
21,50837606;-0,82855880;-1,54266400
21,51861606;-0,82888480;-1,54219500
21,52885606;-0,82906780;-1,54282100
21,53909606;-0,82943210;-1,54297700
21,54933606;-0,83016030;-1,54313300
21,55957606;-0,83079440;-1,54250800
21,56981606;-0,83160080;-1,54266400
21,58005606;-0,83272330;-1,54235200
21,59029606;-0,83324030;-1,54219500
21,60053606;-0,83424870;-1,54266400
21,61077606;-0,83538090;-1,54297600
21,62101606;-0,83620660;-1,54125800
21,63125606;-0,83720350;-1,54219600
21,64149606;-0,83808660;-1,54172600
21,65173606;-0,83904660;-1,54203900
21,66197606;-0,83944930;-1,54047600
21,67221606;-0,84052480;-1,54172600
21,68245606;-0,84142590;-1,54203900
21,69269606;-0,84195430;-1,54266400
21,70293606;-0,84218400;-1,54157100
21,71317606;-0,84268370;-1,54125800
21,72341606;-0,84284590;-1,54000800
21,73365606;-0,84390210;-1,54110100
21,74389606;-0,84390140;-1,54032000
21,75413606;-0,84403630;-1,54157000
21,76437606;-0,84451570;-1,53907000
21,77461606;-0,84483260;-1,53969600
21,78485606;-0,84480440;-1,53891400
21,79509606;-0,84491900;-1,53922600
21,80533606;-0,84523500;-1,54000800
21,81557606;-0,84539840;-1,54094500
21,82581606;-0,84539850;-1,53844500
21,83605606;-0,84552310;-1,53891400
21,84629606;-0,84541790;-1,53922600
21,85653606;-0,84562900;-1,53844500
21,86677606;-0,84578330;-1,53922600
21,87701606;-0,84564820;-1,53906900
21,88725606;-0,84582970;-1,53766400
21,89749606;-0,84580190;-1,53922600
21,90773606;-0,84577410;-1,53782000
21,91797606;-0,84563840;-1,53813300
21,92821606;-0,84557200;-1,53782000
21,93845606;-0,84574430;-1,53860100
21,94869606;-0,84570570;-1,53719500
21,95893606;-0,84569620;-1,53610100
21,96917606;-0,84536090;-1,53750700
21,97941606;-0,84545590;-1,53719400
21,98965606;-0,84551420;-1,53703800
21,99989606;-0,84533210;-1,53688200
22,01013606;-0,84517830;-1,53610100
22,02037606;-0,84495790;-1,53469400
22,03061606;-0,84479400;-1,53547600
22,04085606;-0,84487110;-1,53547600
22,05109606;-0,84452530;-1,53547600
22,06133606;-0,84430490;-1,53485000
22,07157606;-0,84370030;-1,53516300
22,08181606;-0,84347030;-1,53563200
22,09205606;-0,84325000;-1,53547500
22,10229606;-0,84274970;-1,53360000
22,11253606;-0,84214620;-1,53391300
22,12277606;-0,84148350;-1,53406900
22,13301606;-0,84108950;-1,53375700
22,14325606;-0,84025590;-1,53344400
22,15349606;-0,83922830;-1,53266300
22,16373606;-0,83867290;-1,53344400
22,17397606;-0,83825990;-1,53281900
22,18421606;-0,83707000;-1,53313100
22,19445606;-0,83612870;-1,53219300
22,20469606;-0,83476610;-1,53219400
22,21493606;-0,83423900;-1,53156900
22,22517606;-0,83327870;-1,53219400
22,23541606;-0,83212790;-1,53156900
22,24565606;-0,83112990;-1,53047400
22,25589606;-0,83083310;-1,53078700
22,26613606;-0,83016060;-1,53016200
22,27637606;-0,82945070;-1,53031800
22,28661606;-0,82884590;-1,52969300
22,29685606;-0,82872120;-1,53031900
22,30709606;-0,82847240;-1,52891300
22,31733606;-0,82825360;-1,52891200
22,32757606;-0,82798350;-1,53016200
22,33781606;-0,82772620;-1,52860000
22,34805606;-0,82729610;-1,52906800
22,35829606;-0,82676090;-1,52781800
22,36853606;-0,82583420;-1,52906800
22,37877606;-0,82514600;-1,52688100
22,38901606;-0,82381700;-1,52688100
22,39925606;-0,82231630;-1,52735000
22,40949606;-0,82042190;-1,52750600
22,41973606;-0,81880350;-1,52688000
22,42997606;-0,81724210;-1,52703700
22,44021606;-0,81549760;-1,52594400
22,45045606;-0,81386820;-1,52500500
22,46069606;-0,81228520;-1,52641200
22,47093606;-0,81157540;-1,52547400
22,48117606;-0,81046210;-1,52516100
22,49141606;-0,80946430;-1,52422400
22,50165606;-0,80805430;-1,52406700
22,51189606;-0,80648990;-1,52406800
22,52213606;-0,80513680;-1,52281700
22,53237606;-0,80317010;-1,52250500
22,54261606;-0,80142410;-1,52281800
22,55285606;-0,79948430;-1,52313100
22,56309606;-0,79734580;-1,52281800
22,57333606;-0,79559900;-1,52203700
22,58357606;-0,79410190;-1,52188000
22,59381606;-0,79350630;-1,52141100
22,60405606;-0,79272040;-1,52016100
22,61429606;-0,79237510;-1,52047400
22,62453606;-0,79193330;-1,52031700
22,63477606;-0,79074250;-1,52047300
22,64501606;-0,78896710;-1,51984900
22,65525606;-0,78720270;-1,52063000
22,66549606;-0,78448730;-1,51938000
22,67573606;-0,78122410;-1,51937900
22,68597606;-0,77888250;-1,51875400
22,69621606;-0,77678990;-1,51875500
22,70645606;-0,77557130;-1,51812900
22,71669606;-0,77464100;-1,51703500
22,72693606;-0,77407550;-1,51750400
22,73717606;-0,77316380;-1,51766000
22,74741606;-0,77137820;-1,51672400
22,75765606;-0,77015080;-1,51687900
22,76789606;-0,76731010;-1,51641100
22,77813606;-0,76510320;-1,51625400
22,78837606;-0,76237760;-1,51500400
22,79861606;-0,76009450;-1,51437900
22,80885606;-0,75844390;-1,51500400
22,81909606;-0,75729170;-1,51437900
22,82933606;-0,75642750;-1,51391000
22,83957606;-0,75566020;-1,51391000
22,84981606;-0,75454780;-1,51312900
22,86005606;-0,75227310;-1,51250400
22,87029606;-0,74943400;-1,51297300
22,88053606;-0,74649130;-1,51203500
22,89077606;-0,74372200;-1,51156600
22,90101606;-0,74108800;-1,51125300
22,91125606;-0,73941200;-1,51203500
22,92149606;-0,73811970;-1,51062900
22,93173606;-0,73639300;-1,50984700
22,94197606;-0,73435820;-1,51047200
22,95221606;-0,73173860;-1,51062800
22,96245606;-0,72808250;-1,50906600
22,97269606;-0,72532780;-1,50937800
22,98293606;-0,72295870;-1,50875300
22,99317606;-0,72159560;-1,50766000
23,00341605;-0,72065540;-1,50797200
23,01365605;-0,72000340;-1,50640900
23,02389605;-0,71824810;-1,50703400
23,03413605;-0,71484970;-1,50594000
23,04437605;-0,71082980;-1,50531500
23,05461605;-0,70725130;-1,50625300
23,06485605;-0,70434290;-1,50515900
23,07509605;-0,70317210;-1,50515900
23,08533605;-0,70185810;-1,50515900
23,09557605;-0,70023670;-1,50406500
23,10581605;-0,69746260;-1,50469100
23,11605605;-0,69418100;-1,50328400
23,12629605;-0,69069780;-1,50250200
23,13653605;-0,68772370;-1,50250300
23,14677605;-0,68602500;-1,50203300
23,15701605;-0,68482540;-1,50187700
23,16725605;-0,68394230;-1,50125200
23,17749605;-0,68182150;-1,50125200
23,18773605;-0,67845350;-1,50078200
23,19797605;-0,67445250;-1,50031500
23,20821605;-0,67089270;-1,49922100
23,21845605;-0,66832200;-1,49968900
23,22869605;-0,66613840;-1,49812600
23,23893605;-0,66361340;-1,49828300
23,24917605;-0,66037930;-1,49765800
23,25941605;-0,65672120;-1,49609500
23,26965605;-0,65329750;-1,49640800
23,27989605;-0,65077610;-1,49625100
23,29013605;-0,64927050;-1,49484500
23,30037605;-0,64821530;-1,49437600
23,31061605;-0,64593090;-1,49468900
23,32085605;-0,64194830;-1,49422000
23,33109605;-0,63748580;-1,49359500
23,34133605;-0,63369650;-1,49297000
23,35157605;-0,63124850;-1,49297000
23,36181605;-0,62921480;-1,49234500
23,37205605;-0,62673870;-1,49031300
23,38229605;-0,62243930;-1,49078200
23,39253605;-0,61873440;-1,48875000
23,40277605;-0,61513660;-1,49046900
23,41301605;-0,61337080;-1,48812500
23,42325605;-0,61174890;-1,48640600
23,43349605;-0,60965720;-1,48656200
23,44373605;-0,60563560;-1,48609400
23,45397605;-0,60107830;-1,48531200
23,46421605;-0,59741320;-1,48609400
23,47445605;-0,59513880;-1,48515600
23,48469605;-0,59249990;-1,48343700
23,49493605;-0,58940240;-1,48343700
23,50517605;-0,58572180;-1,48218700
23,51541605;-0,58104000;-1,48187500
23,52565605;-0,57858070;-1,48046800
23,53589605;-0,57695290;-1,48046800
23,54613605;-0,57526420;-1,47937400
23,55637605;-0,57157080;-1,47984300
23,56661605;-0,56642780;-1,47890500
23,57685605;-0,56208070;-1,47812300
23,58709605;-0,55965320;-1,47749800
23,59733605;-0,55780990;-1,47656100
23,60757605;-0,55446180;-1,47499900
23,61781605;-0,55060440;-1,47624800
23,62805605;-0,54612270;-1,47453000
23,63829605;-0,54294650;-1,47296700
23,64853605;-0,54138210;-1,47327900
23,65877605;-0,53987570;-1,47265400
23,66901605;-0,53640220;-1,47062300
23,67925605;-0,53217080;-1,47046700
23,68949605;-0,52767980;-1,47015400
23,69973605;-0,52392720;-1,46921600
23,70997605;-0,52039550;-1,46906100
23,72021605;-0,51620300;-1,46671600
23,73045605;-0,51128020;-1,46671600
23,74069605;-0,50795950;-1,46593400
23,75093605;-0,50574280;-1,46562200
23,76117605;-0,50379390;-1,46437100
23,77141605;-0,49987890;-1,46327800
23,78165605;-0,49472990;-1,46265300
23,79189605;-0,48997800;-1,46234100
23,80213605;-0,48726590;-1,46171500
23,81237605;-0,48486890;-1,46093400
23,82261605;-0,48087750;-1,46109000
23,83285605;-0,47578190;-1,45952700
23,84309605;-0,47190570;-1,45937100
23,85333605;-0,46976530;-1,45812100
23,86357605;-0,46794240;-1,45734000
23,87381605;-0,46440140;-1,45687100
23,88405605;-0,45918120;-1,45593400
23,89429605;-0,45481540;-1,45546400
23,90453605;-0,45160080;-1,45515200
23,91477605;-0,44836680;-1,45390200
23,92501605;-0,44426940;-1,45296400
23,93525605;-0,43992280;-1,45108900
23,94549605;-0,43582460;-1,45171400
23,95573605;-0,43358980;-1,44968300
23,96597605;-0,43148750;-1,44921300
23,97621605;-0,42662270;-1,44780700
23,98645605;-0,42087520;-1,44827500
23,99669605;-0,41680720;-1,44733800
24,00693605;-0,41471910;-1,44671300
24,01717605;-0,41138820;-1,44624400
24,02741605;-0,40677310;-1,44390000
24,03765605;-0,40214380;-1,44515000
24,04789605;-0,39874900;-1,44374400
24,05813605;-0,39716570;-1,44265000
24,06837605;-0,39450780;-1,44171200
24,07861605;-0,38971020;-1,44140000
24,08885605;-0,38480660;-1,44015000
24,09909605;-0,38073820;-1,43936800
24,10933605;-0,37757060;-1,43936800
24,11957605;-0,37363630;-1,43827400
24,12981605;-0,36892440;-1,43655500
24,14005605;-0,36444350;-1,43514900
24,15029605;-0,36215920;-1,43561800
24,16053605;-0,35956860;-1,43452400
24,17077605;-0,35485730;-1,43389800
24,18101605;-0,34888860;-1,43264900
24,19125605;-0,34502140;-1,43233600
24,20149605;-0,34195130;-1,43061700
24,21173605;-0,33751260;-1,43014800
24,22197605;-0,33174650;-1,42780400
24,23221605;-0,32780320;-1,42889800
24,24245605;-0,32561030;-1,42749100
24,25269605;-0,32266530;-1,42655400
24,26293605;-0,31801160;-1,42577200
24,27317605;-0,31273370;-1,42514700
24,28341605;-0,30867490;-1,42420900
24,29365605;-0,30512430;-1,42233400
24,30389605;-0,30031650;-1,42124100
24,31413605;-0,29553820;-1,41936500
24,32437605;-0,29170950;-1,41889600
24,33461605;-0,28957000;-1,41889600
24,34485605;-0,28625910;-1,41670800
24,35509605;-0,28013710;-1,41561400
24,36533605;-0,27480230;-1,41342700
24,37557605;-0,27156820;-1,41389500
24,38581605;-0,26865090;-1,41264500
24,39605605;-0,26389160;-1,41280100
24,40629605;-0,25858480;-1,41061400
24,41653605;-0,25544710;-1,40952000
24,42677605;-0,25324260;-1,40842600
24,43701605;-0,24988110;-1,40826900
24,44725605;-0,24488010;-1,40608200
24,45749605;-0,23948200;-1,40498800
24,46773605;-0,23481030;-1,40405000
24,47797605;-0,23025260;-1,40342500
24,48821605;-0,22452370;-1,40155000
24,49845605;-0,22034000;-1,40154900
24,50869605;-0,21777780;-1,39967500
24,51893605;-0,21430410;-1,39904900
24,52917605;-0,20813420;-1,39701800
24,53941605;-0,20247260;-1,39561200
24,54965605;-0,19969950;-1,39420500
24,55989605;-0,19608180;-1,39389200
24,57013605;-0,19116880;-1,39326700
24,58037605;-0,18608280;-1,38967200
24,59061605;-0,18312720;-1,38998500
24,60085605;-0,18046040;-1,38811000
24,61109605;-0,17611730;-1,38826600
24,62133605;-0,17052350;-1,38717200
24,63157605;-0,16591840;-1,38467200
24,64181605;-0,16226710;-1,38389000
24,65205604;-0,15771000;-1,38310900
24,66229604;-0,15207720;-1,38107700
24,67253604;-0,14816210;-1,38107700
24,68277604;-0,14596450;-1,37889000
24,69301604;-0,14214570;-1,37842100
24,70325604;-0,13593730;-1,37701400
24,71349604;-0,13092810;-1,37685800
24,72373604;-0,12811620;-1,37451300
24,73397604;-0,12443970;-1,37326400
24,74421604;-0,11904560;-1,37232600
24,75445604;-0,11418000;-1,37092000
24,76469604;-0,11098450;-1,36966800
24,77493604;-0,10850870;-1,36966900
24,78517604;-0,10398910;-1,36810600
24,79541604;-0,09766567;-1,36701200
24,80565604;-0,09339802;-1,36498000
24,81589604;-0,08937638;-1,36388600
24,82613604;-0,08375542;-1,36388600
24,83637604;-0,07904971;-1,36248000
24,84661604;-0,07556804;-1,36138600
24,85685604;-0,07307318;-1,36013600
24,86709604;-0,06833252;-1,35857300
24,87733604;-0,06158579;-1,35716600
24,88757604;-0,05730562;-1,35544600
24,89781604;-0,05412926;-1,35529100
24,90805604;-0,04877481;-1,35310300
24,91829604;-0,04335319;-1,35247700
24,92853604;-0,03973556;-1,35060200
24,93877604;-0,03716375;-1,34888300
24,94901604;-0,03257659;-1,34560200
24,95925604;-0,02666523;-1,34497600
24,96949604;-0,02198243;-1,34247600
24,97973604;-0,01860542;-1,34200700
24,98997604;-0,01363886;-1,34028800
25,00021604;-0,00811270;-1,33716300
