Tiempo;Canal A
(ms);(V)

-500,23263693;4,26908200
-500,15071693;4,31409600
-500,06879693;4,31409600
-499,98687693;4,40397400
-499,90495693;4,40397400
-499,82303693;4,40397400
-499,74111693;4,49385100
-499,65919693;4,49385100
-499,57727693;4,49385100
-499,49535693;4,49385100
-499,41343693;4,53871300
-499,33151693;4,53871300
-499,24959693;4,53871300
-499,16767694;4,58372700
-499,08575694;4,58372700
-499,00383694;4,62874200
-498,92191694;4,58372700
-498,83999694;4,62874200
-498,75807694;4,62874200
-498,67615694;4,58372700
-498,59423694;4,58372700
-498,51231694;4,62874200
-498,43039694;4,58372700
-498,34847694;4,58372700
-498,26655694;4,58372700
-498,18463694;4,58372700
-498,10271694;4,58372700
-498,02079694;4,58372700
-497,93887694;4,53871300
-497,85695694;4,53871300
-497,77503694;4,53871300
-497,69311694;4,53871300
-497,61119694;4,49385100
-497,52927694;4,53871300
-497,44735695;4,49385100
-497,36543695;4,49385100
-497,28351695;4,49385100
-497,20159695;4,49385100
-497,11967695;4,44883600
-497,03775695;4,44883600
-496,95583695;4,44883600
-496,87391695;4,44883600
-496,79199695;4,40397400
-496,71007695;4,40397400
-496,62815695;4,40397400
-496,54623695;4,40397400
-496,46431695;4,40397400
-496,38239695;4,40397400
-496,30047695;4,40397400
-496,21855695;4,40397400
-496,13663695;4,35895900
-496,05471695;4,31409600
-495,97279695;4,31409600
-495,89087695;4,31409600
-495,80895696;4,31409600
-495,72703696;4,31409600
-495,64511696;4,31409600
-495,56319696;4,31409600
-495,48127696;4,31409600
-495,39935696;4,31409600
-495,31743696;4,26908200
-495,23551696;4,26908200
-495,15359696;4,26908200
-495,07167696;4,26908200
-494,98975696;4,22406700
-494,90783696;4,22406700
-494,82591696;4,22406700
-494,74399696;4,22406700
-494,66207696;4,22406700
-494,58015696;4,22406700
-494,49823696;4,22406700
-494,41631696;4,17920400
-494,33439696;4,17920400
-494,25247696;4,17920400
-494,17055697;4,17920400
-494,08863697;4,13419000
-494,00671697;4,13419000
-493,92479697;4,13419000
-493,84287697;4,13419000
-493,76095697;4,13419000
-493,67903697;4,13419000
-493,59711697;4,13419000
-493,51519697;4,13419000
-493,43327697;4,13419000
-493,35135697;4,08932800
-493,26943697;4,04431300
-493,18751697;4,08932800
-493,10559697;4,04431300
-493,02367697;4,04431300
-492,94175697;4,04431300
-492,85983697;4,04431300
-492,77791697;4,04431300
-492,69599697;4,04431300
-492,61407697;4,04431300
-492,53215698;3,99929800
-492,45023698;3,99929800
-492,36831698;3,95443600
-492,28639698;4,04431300
-492,20447698;3,95443600
-492,12255698;3,95443600
-492,04063698;3,95443600
-491,95871698;3,95443600
-491,87679698;3,95443600
-491,79487698;3,95443600
-491,71295698;3,95443600
-491,63103698;3,90942100
-491,54911698;3,95443600
-491,46719698;3,95443600
-491,38527698;3,86455900
-491,30335698;3,86455900
-491,22143698;3,90942100
-491,13951698;3,86455900
-491,05759698;3,86455900
-490,97567698;3,86455900
-490,89375699;3,90942100
-490,81183699;3,95443600
-490,72991699;3,95443600
-490,64799699;4,04431300
-490,56607699;4,08932800
-490,48415699;4,13419000
-490,40223699;4,17920400
-490,32031699;4,22406700
-490,23839699;4,26908200
-490,15647699;4,31409600
-490,07455699;4,35895900
-489,99263699;4,40397400
-489,91071699;4,40397400
-489,82879699;4,44883600
-489,74687699;4,49385100
-489,66495699;4,49385100
-489,58303699;4,49385100
-489,50111699;4,58372700
-489,41919699;4,58372700
-489,33727699;4,58372700
-489,25535700;4,58372700
-489,17343700;4,58372700
-489,09151700;4,62874200
-489,00959700;4,62874200
-488,92767700;4,62874200
-488,84575700;4,67360400
-488,76383700;4,62874200
-488,68191700;4,62874200
-488,59999700;4,62874200
-488,51807700;4,58372700
-488,43615700;4,62874200
-488,35423700;4,58372700
-488,27231700;4,58372700
-488,19039700;4,58372700
-488,10847700;4,58372700
-488,02655700;4,58372700
-487,94463700;4,53871300
-487,86271700;4,53871300
-487,78079700;4,53871300
-487,69887700;4,49385100
-487,61695701;4,49385100
-487,53503701;4,49385100
-487,45311701;4,49385100
-487,37119701;4,49385100
-487,28927701;4,49385100
-487,20735701;4,49385100
-487,12543701;4,49385100
-487,04351701;4,44883600
-486,96159701;4,44883600
-486,87967701;4,44883600
-486,79775701;4,44883600
-486,71583701;4,40397400
-486,63391701;4,40397400
-486,55199701;4,40397400
-486,47007701;4,40397400
-486,38815701;4,40397400
-486,30623701;4,40397400
-486,22431701;4,40397400
-486,14239701;4,35895900
-486,06047701;4,35895900
-485,97855702;4,31409600
-485,89663702;4,31409600
-485,81471702;4,31409600
-485,73279702;4,31409600
-485,65087702;4,31409600
-485,56895702;4,31409600
-485,48703702;4,31409600
-485,40511702;4,31409600
-485,32319702;4,26908200
-485,24127702;4,26908200
-485,15935702;4,26908200
-485,07743702;4,26908200
-484,99551702;4,22406700
-484,91359702;4,22406700
-484,83167702;4,22406700
-484,74975702;4,22406700
-484,66783702;4,22406700
-484,58591702;4,17920400
-484,50399702;4,22406700
-484,42207702;4,17920400
-484,34015703;4,17920400
-484,25823703;4,17920400
-484,17631703;4,17920400
-484,09439703;4,17920400
-484,01247703;4,13419000
-483,93055703;4,13419000
-483,84863703;4,13419000
-483,76671703;4,13419000
-483,68479703;4,13419000
-483,60287703;4,13419000
-483,52095703;4,08932800
-483,43903703;4,13419000
-483,35711703;4,13419000
-483,27519703;4,08932800
-483,19327703;4,04431300
-483,11135703;4,04431300
-483,02943703;4,04431300
-482,94751703;4,04431300
-482,86559703;4,04431300
-482,78367703;4,04431300
-482,70175704;4,04431300
-482,61983704;4,04431300
-482,53791704;3,99929800
-482,45599704;3,99929800
-482,37407704;3,99929800
-482,29215704;3,95443600
-482,21023704;3,95443600
-482,12831704;3,95443600
-482,04639704;3,95443600
-481,96447704;3,95443600
-481,88255704;3,95443600
-481,80063704;3,95443600
-481,71871704;3,95443600
-481,63679704;3,95443600
-481,55487704;3,95443600
-481,47295704;3,90942100
-481,39103704;3,90942100
-481,30911704;3,90942100
-481,22719704;3,90942100
-481,14527704;3,90942100
-481,06335705;3,86455900
-480,98143705;3,86455900
-480,89951705;3,86455900
-480,81759705;3,90942100
-480,73567705;3,95443600
-480,65375705;3,95443600
-480,57183705;4,04431300
-480,48991705;4,08932800
-480,40799705;4,13419000
-480,32607705;4,17920400
-480,24415705;4,22406700
-480,16223705;4,31409600
-480,08031705;4,31409600
-479,99839705;4,35895900
-479,91647705;4,40397400
-479,83455705;4,40397400
-479,75263705;4,44883600
-479,67071705;4,49385100
-479,58879705;4,49385100
-479,50687705;4,49385100
-479,42495706;4,53871300
-479,34303706;4,53871300
-479,26111706;4,58372700
-479,17919706;4,58372700
-479,09727706;4,58372700
-479,01535706;4,58372700
-478,93343706;4,62874200
-478,85151706;4,58372700
-478,76959706;4,62874200
-478,68767706;4,62874200
-478,60575706;4,58372700
-478,52383706;4,58372700
-478,44191706;4,58372700
-478,35999706;4,58372700
-478,27807706;4,58372700
-478,19615706;4,58372700
-478,11423706;4,58372700
-478,03231706;4,58372700
-477,95039706;4,53871300
-477,86847706;4,53871300
-477,78655706;4,53871300
-477,70463707;4,49385100
-477,62271707;4,49385100
-477,54079707;4,49385100
-477,45887707;4,49385100
-477,37695707;4,49385100
-477,29503707;4,49385100
-477,21311707;4,49385100
-477,13119707;4,44883600
-477,04927707;4,44883600
-476,96735707;4,44883600
-476,88543707;4,40397400
-476,80351707;4,40397400
-476,72159707;4,40397400
-476,63967707;4,40397400
-476,55775707;4,40397400
-476,47583707;4,40397400
-476,39391707;4,40397400
-476,31199707;4,40397400
-476,23007707;4,40397400
-476,14815707;4,35895900
-476,06623708;4,35895900
-475,98431708;4,31409600
-475,90239708;4,31409600
-475,82047708;4,31409600
-475,73855708;4,31409600
-475,65663708;4,31409600
-475,57471708;4,31409600
-475,49279708;4,31409600
-475,41087708;4,31409600
-475,32895708;4,31409600
-475,24703708;4,26908200
-475,16511708;4,26908200
-475,08319708;4,22406700
-475,00127708;4,22406700
-474,91935708;4,22406700
-474,83743708;4,22406700
-474,75551708;4,22406700
-474,67359708;4,22406700
-474,59167708;4,22406700
-474,50975708;4,17920400
-474,42783709;4,17920400
-474,34591709;4,17920400
-474,26399709;4,17920400
-474,18207709;4,17920400
-474,10015709;4,17920400
-474,01823709;4,13419000
-473,93631709;4,13419000
-473,85439709;4,13419000
-473,77247709;4,13419000
-473,69055709;4,13419000
-473,60863709;4,13419000
-473,52671709;4,13419000
-473,44479709;4,08932800
-473,36287709;4,08932800
-473,28095709;4,08932800
-473,19903709;4,08932800
-473,11711709;4,04431300
-473,03519709;4,04431300
-472,95327709;4,04431300
-472,87135709;4,04431300
-472,78943710;4,04431300
-472,70751710;4,04431300
-472,62559710;3,99929800
-472,54367710;3,99929800
-472,46175710;3,99929800
-472,37983710;3,95443600
-472,29791710;3,95443600
-472,21599710;3,95443600
-472,13407710;3,95443600
-472,05215710;3,95443600
-471,97023710;3,95443600
-471,88831710;3,95443600
-471,80639710;3,95443600
-471,72447710;3,95443600
-471,64255710;3,95443600
-471,56063710;3,90942100
-471,47871710;3,90942100
-471,39679710;3,90942100
-471,31487710;3,90942100
-471,23295710;3,86455900
-471,15103711;3,86455900
-471,06911711;3,86455900
-470,98719711;3,86455900
-470,90527711;3,90942100
-470,82335711;3,90942100
-470,74143711;3,95443600
-470,65951711;3,99929800
-470,57759711;4,04431300
-470,49567711;4,13419000
-470,41375711;4,17920400
-470,33183711;4,22406700
-470,24991711;4,26908200
-470,16799711;4,31409600
-470,08607711;4,31409600
-470,00415711;4,40397400
-469,92223711;4,40397400
-469,84031711;4,44883600
-469,75839711;4,49385100
-469,67647711;4,49385100
-469,59455711;4,49385100
-469,51263712;4,53871300
-469,43071712;4,53871300
-469,34879712;4,58372700
-469,26687712;4,58372700
-469,18495712;4,58372700
-469,10303712;4,58372700
-469,02111712;4,62874200
-468,93919712;4,62874200
-468,85727712;4,62874200
-468,77535712;4,62874200
-468,69343712;4,62874200
-468,61151712;4,62874200
-468,52959712;4,58372700
-468,44767712;4,58372700
-468,36575712;4,62874200
-468,28383712;4,58372700
-468,20191712;4,58372700
-468,11999712;4,58372700
-468,03807712;4,58372700
-467,95615712;4,53871300
-467,87423713;4,53871300
-467,79231713;4,53871300
-467,71039713;4,53871300
-467,62847713;4,49385100
-467,54655713;4,49385100
-467,46463713;4,49385100
-467,38271713;4,49385100
-467,30079713;4,49385100
-467,21887713;4,49385100
-467,13695713;4,44883600
-467,05503713;4,49385100
-466,97311713;4,44883600
-466,89119713;4,44883600
-466,80927713;4,40397400
-466,72735713;4,40397400
-466,64543713;4,40397400
-466,56351713;4,40397400
-466,48159713;4,40397400
-466,39967713;4,40397400
-466,31775713;4,40397400
-466,23583714;4,40397400
-466,15391714;4,35895900
-466,07199714;4,35895900
-465,99007714;4,31409600
-465,90815714;4,31409600
-465,82623714;4,31409600
-465,74431714;4,31409600
-465,66239714;4,31409600
-465,58047714;4,31409600
-465,49855714;4,31409600
-465,41663714;4,31409600
-465,33471714;4,26908200
-465,25279714;4,31409600
-465,17087714;4,26908200
-465,08895714;4,26908200
-465,00703714;4,22406700
-464,92511714;4,22406700
-464,84319714;4,22406700
-464,76127714;4,22406700
-464,67935714;4,22406700
-464,59743715;4,22406700
-464,51551715;4,22406700
-464,43359715;4,17920400
-464,35167715;4,17920400
-464,26975715;4,17920400
-464,18783715;4,17920400
-464,10591715;4,13419000
-464,02399715;4,13419000
-463,94207715;4,13419000
-463,86015715;4,13419000
-463,77823715;4,13419000
-463,69631715;4,13419000
-463,61439715;4,13419000
-463,53247715;4,13419000
-463,45055715;4,13419000
-463,36863715;4,08932800
-463,28671715;4,08932800
-463,20479715;4,08932800
-463,12287715;4,04431300
-463,04095715;4,04431300
-462,95903716;4,04431300
-462,87711716;4,04431300
-462,79519716;4,04431300
-462,71327716;4,04431300
-462,63135716;4,04431300
-462,54943716;3,99929800
-462,46751716;3,99929800
-462,38559716;3,95443600
-462,30367716;3,99929800
-462,22175716;3,95443600
-462,13983716;3,95443600
-462,05791716;3,95443600
-461,97599716;3,95443600
-461,89407716;3,95443600
-461,81215716;3,95443600
-461,73023716;3,95443600
-461,64831716;3,95443600
-461,56639716;3,90942100
-461,48447716;3,90942100
-461,40255716;3,90942100
-461,32063717;3,90942100
-461,23871717;3,86455900
-461,15679717;3,86455900
-461,07487717;3,86455900
-460,99295717;3,86455900
-460,91103717;3,86455900
-460,82911717;3,90942100
-460,74719717;3,95443600
-460,66527717;3,95443600
-460,58335717;4,04431300
-460,50143717;4,08932800
-460,41951717;4,13419000
-460,33759717;4,13419000
-460,25567717;4,22406700
-460,17375717;4,26908200
-460,09183717;4,31409600
-460,00991717;4,31409600
-459,92799717;4,40397400
-459,84607717;4,40397400
-459,76415717;4,40397400
-459,68223718;4,49385100
-459,60031718;4,49385100
-459,51839718;4,49385100
-459,43647718;4,49385100
-459,35455718;4,53871300
-459,27263718;4,53871300
-459,19071718;4,58372700
-459,10879718;4,58372700
-459,02687718;4,58372700
-458,94495718;4,58372700
-458,86303718;4,62874200
-458,78111718;4,62874200
-458,69919718;4,58372700
-458,61727718;4,62874200
-458,53535718;4,58372700
-458,45343718;4,58372700
-458,37151718;4,58372700
-458,28959718;4,58372700
-458,20767718;4,58372700
-458,12575718;4,58372700
-458,04383718;4,58372700
-457,96191719;4,53871300
-457,87999719;4,53871300
-457,79807719;4,53871300
-457,71615719;4,49385100
-457,63423719;4,49385100
-457,55231719;4,49385100
-457,47039719;4,49385100
-457,38847719;4,49385100
-457,30655719;4,49385100
-457,22463719;4,49385100
-457,14271719;4,49385100
-457,06079719;4,44883600
-456,97887719;4,44883600
-456,89695719;4,44883600
-456,81503719;4,44883600
-456,73311719;4,44883600
-456,65119719;4,40397400
-456,56927719;4,40397400
-456,48735719;4,40397400
-456,40543719;4,40397400
-456,32351720;4,40397400
-456,24159720;4,35895900
-456,15967720;4,35895900
-456,07775720;4,35895900
-455,99583720;4,31409600
-455,91391720;4,35895900
-455,83199720;4,31409600
-455,75007720;4,31409600
-455,66815720;4,31409600
-455,58623720;4,31409600
-455,50431720;4,31409600
-455,42239720;4,31409600
-455,34047720;4,31409600
-455,25855720;4,31409600
-455,17663720;4,26908200
-455,09471720;4,26908200
-455,01279720;4,22406700
-454,93087720;4,22406700
-454,84895720;4,22406700
-454,76703720;4,22406700
-454,68511721;4,22406700
-454,60319721;4,22406700
-454,52127721;4,22406700
-454,43935721;4,17920400
-454,35743721;4,17920400
-454,27551721;4,17920400
-454,19359721;4,13419000
-454,11167721;4,13419000
-454,02975721;4,13419000
-453,94783721;4,13419000
-453,86591721;4,13419000
-453,78399721;4,13419000
-453,70207721;4,13419000
-453,62015721;4,13419000
-453,53823721;4,13419000
-453,45631721;4,08932800
-453,37439721;4,13419000
-453,29247721;4,08932800
-453,21055721;4,08932800
-453,12863721;4,08932800
-453,04671722;4,04431300
-452,96479722;4,04431300
-452,88287722;4,04431300
-452,80095722;4,04431300
-452,71903722;4,04431300
-452,63711722;4,04431300
-452,55519722;4,04431300
-452,47327722;3,99929800
-452,39135722;3,99929800
-452,30943722;3,95443600
-452,22751722;3,95443600
-452,14559722;3,95443600
-452,06367722;3,95443600
-451,98175722;3,95443600
-451,89983722;3,95443600
-451,81791722;3,95443600
-451,73599722;3,90942100
-451,65407722;3,95443600
-451,57215722;3,90942100
-451,49023722;3,90942100
-451,40831723;3,90942100
-451,32639723;3,90942100
-451,24447723;3,86455900
-451,16255723;3,90942100
-451,08063723;3,86455900
-450,99871723;3,86455900
-450,91679723;3,90942100
-450,83487723;3,90942100
-450,75295723;3,95443600
-450,67103723;3,99929800
-450,58911723;4,04431300
-450,50719723;4,08932800
-450,42527723;4,13419000
-450,34335723;4,22406700
-450,26143723;4,26908200
-450,17951723;4,31409600
-450,09759723;4,31409600
-450,01567723;4,40397400
-449,93375723;4,40397400
-449,85183723;4,44883600
-449,76991724;4,49385100
-449,68799724;4,49385100
-449,60607724;4,49385100
-449,52415724;4,53871300
-449,44223724;4,53871300
-449,36031724;4,58372700
-449,27839724;4,58372700
-449,19647724;4,58372700
-449,11455724;4,58372700
-449,03263724;4,58372700
-448,95071724;4,62874200
-448,86879724;4,62874200
-448,78687724;4,62874200
-448,70495724;4,58372700
-448,62303724;4,58372700
-448,54111724;4,58372700
-448,45919724;4,62874200
-448,37727724;4,58372700
-448,29535724;4,58372700
-448,21343724;4,58372700
-448,13151725;4,58372700
-448,04959725;4,58372700
-447,96767725;4,58372700
-447,88575725;4,53871300
-447,80383725;4,53871300
-447,72191725;4,53871300
-447,63999725;4,49385100
-447,55807725;4,49385100
-447,47615725;4,49385100
-447,39423725;4,49385100
-447,31231725;4,49385100
-447,23039725;4,49385100
-447,14847725;4,49385100
-447,06655725;4,44883600
-446,98463725;4,49385100
-446,90271725;4,44883600
-446,82079725;4,44883600
-446,73887725;4,40397400
-446,65695725;4,40397400
-446,57503725;4,40397400
-446,49311726;4,40397400
-446,41119726;4,40397400
-446,32927726;4,40397400
-446,24735726;4,40397400
-446,16543726;4,35895900
-446,08351726;4,31409600
-446,00159726;4,31409600
-445,91967726;4,31409600
-445,83775726;4,31409600
-445,75583726;4,31409600
-445,67391726;4,31409600
-445,59199726;4,31409600
-445,51007726;4,31409600
-445,42815726;4,31409600
-445,34623726;4,31409600
-445,26431726;4,26908200
-445,18239726;4,26908200
-445,10047726;4,26908200
-445,01855726;4,26908200
-444,93663726;4,22406700
-444,85471727;4,22406700
-444,77279727;4,22406700
-444,69087727;4,22406700
-444,60895727;4,22406700
-444,52703727;4,22406700
-444,44511727;4,17920400
-444,36319727;4,13419000
-444,28127727;4,17920400
-444,19935727;4,13419000
-444,11743727;4,13419000
-444,03551727;4,13419000
-443,95359727;4,13419000
-443,87167727;4,13419000
-443,78975727;4,13419000
-443,70783727;4,13419000
-443,62591727;4,13419000
-443,54399727;4,13419000
-443,46207727;4,08932800
-443,38015727;4,08932800
-443,29823727;4,08932800
-443,21631728;4,04431300
-443,13439728;4,04431300
-443,05247728;4,04431300
-442,97055728;4,04431300
-442,88863728;4,04431300
-442,80671728;4,04431300
-442,72479728;4,04431300
-442,64287728;4,04431300
-442,56095728;4,04431300
-442,47903728;3,99929800
-442,39711728;3,99929800
-442,31519728;3,95443600
-442,23327728;3,95443600
-442,15135728;3,95443600
-442,06943728;3,95443600
-441,98751728;3,95443600
-441,90559728;3,95443600
-441,82367728;3,95443600
-441,74175728;3,95443600
-441,65983728;3,90942100
-441,57791729;3,95443600
-441,49599729;3,90942100
-441,41407729;3,90942100
-441,33215729;3,90942100
-441,25023729;3,90942100
-441,16831729;3,86455900
-441,08639729;3,86455900
-441,00447729;3,86455900
-440,92255729;3,86455900
-440,84063729;3,90942100
-440,75871729;3,95443600
-440,67679729;3,95443600
-440,59487729;4,04431300
-440,51295729;4,04431300
-440,43103729;4,13419000
-440,34911729;4,13419000
-440,26719729;4,22406700
-440,18527729;4,26908200
-440,10335729;4,31409600
-440,02143729;4,31409600
-439,93951729;4,40397400
-439,85759730;4,40397400
-439,77567730;4,40397400
-439,69375730;4,44883600
-439,61183730;4,49385100
-439,52991730;4,49385100
-439,44799730;4,49385100
-439,36607730;4,53871300
-439,28415730;4,53871300
-439,20223730;4,58372700
-439,12031730;4,58372700
-439,03839730;4,58372700
-438,95647730;4,58372700
-438,87455730;4,58372700
-438,79263730;4,58372700
-438,71071730;4,58372700
-438,62879730;4,58372700
-438,54687730;4,62874200
-438,46495730;4,58372700
-438,38303730;4,58372700
-438,30111730;4,58372700
-438,21919731;4,58372700
-438,13727731;4,58372700
-438,05535731;4,53871300
-437,97343731;4,53871300
-437,89151731;4,53871300
-437,80959731;4,53871300
-437,72767731;4,49385100
-437,64575731;4,49385100
-437,56383731;4,49385100
-437,48191731;4,49385100
-437,39999731;4,49385100
-437,31807731;4,49385100
-437,23615731;4,49385100
-437,15423731;4,49385100
-437,07231731;4,49385100
-436,99039731;4,44883600
-436,90847731;4,40397400
-436,82655731;4,40397400
-436,74463731;4,40397400
-436,66271731;4,40397400
-436,58079732;4,40397400
-436,49887732;4,40397400
-436,41695732;4,40397400
-436,33503732;4,40397400
-436,25311732;4,40397400
-436,17119732;4,40397400
-436,08927732;4,35895900
-436,00735732;4,31409600
-435,92543732;4,31409600
-435,84351732;4,31409600
-435,76159732;4,31409600
-435,67967732;4,31409600
-435,59775732;4,31409600
-435,51583732;4,31409600
-435,43391732;4,26908200
-435,35199732;4,26908200
-435,27007732;4,26908200
-435,18815732;4,26908200
-435,10623732;4,22406700
-435,02431732;4,22406700
-434,94239733;4,22406700
-434,86047733;4,22406700
-434,77855733;4,22406700
-434,69663733;4,22406700
-434,61471733;4,22406700
-434,53279733;4,22406700
-434,45087733;4,17920400
-434,36895733;4,17920400
-434,28703733;4,17920400
-434,20511733;4,17920400
-434,12319733;4,17920400
-434,04127733;4,13419000
-433,95935733;4,13419000
-433,87743733;4,13419000
-433,79551733;4,13419000
-433,71359733;4,13419000
-433,63167733;4,13419000
-433,54975733;4,13419000
-433,46783733;4,08932800
-433,38591733;4,08932800
-433,30399734;4,08932800
-433,22207734;4,08932800
-433,14015734;4,04431300
-433,05823734;4,04431300
-432,97631734;4,04431300
-432,89439734;4,04431300
-432,81247734;4,04431300
-432,73055734;4,04431300
-432,64863734;4,04431300
-432,56671734;4,04431300
-432,48479734;3,99929800
-432,40287734;3,99929800
-432,32095734;3,95443600
-432,23903734;3,95443600
-432,15711734;3,95443600
-432,07519734;3,95443600
-431,99327734;3,95443600
-431,91135734;3,95443600
-431,82943734;3,95443600
-431,74751734;3,95443600
-431,66559735;3,90942100
-431,58367735;3,95443600
-431,50175735;3,90942100
-431,41983735;3,90942100
-431,33791735;3,90942100
-431,25599735;3,86455900
-431,17407735;3,90942100
-431,09215735;3,86455900
-431,01023735;3,86455900
-430,92831735;3,90942100
-430,84639735;3,95443600
-430,76447735;3,95443600
-430,68255735;3,95443600
-430,60063735;4,04431300
-430,51871735;4,08932800
-430,43679735;4,13419000
-430,35487735;4,22406700
-430,27295735;4,22406700
-430,19103735;4,26908200
-430,10911735;4,31409600
-430,02719736;4,40397400
-429,94527736;4,40397400
-429,86335736;4,44883600
-429,78143736;4,49385100
-429,69951736;4,49385100
-429,61759736;4,49385100
-429,53567736;4,53871300
-429,45375736;4,53871300
-429,37183736;4,58372700
-429,28991736;4,58372700
-429,20799736;4,58372700
-429,12607736;4,58372700
-429,04415736;4,58372700
-428,96223736;4,62874200
-428,88031736;4,67360400
-428,79839736;4,67360400
-428,71647736;4,62874200
-428,63455736;4,58372700
-428,55263736;4,62874200
-428,47071736;4,58372700
-428,38879737;4,58372700
-428,30687737;4,58372700
-428,22495737;4,58372700
-428,14303737;4,58372700
-428,06111737;4,58372700
-427,97919737;4,58372700
-427,89727737;4,53871300
-427,81535737;4,53871300
-427,73343737;4,49385100
-427,65151737;4,49385100
-427,56959737;4,49385100
-427,48767737;4,49385100
-427,40575737;4,49385100
-427,32383737;4,49385100
-427,24191737;4,49385100
-427,15999737;4,44883600
-427,07807737;4,49385100
-426,99615737;4,44883600
-426,91423737;4,44883600
-426,83231737;4,40397400
-426,75039738;4,40397400
-426,66847738;4,40397400
-426,58655738;4,40397400
-426,50463738;4,40397400
-426,42271738;4,40397400
-426,34079738;4,40397400
-426,25887738;4,40397400
-426,17695738;4,40397400
-426,09503738;4,31409600
-426,01311738;4,31409600
-425,93119738;4,31409600
-425,84927738;4,31409600
-425,76735738;4,31409600
-425,68543738;4,31409600
-425,60351738;4,31409600
-425,52159738;4,31409600
-425,43967738;4,31409600
-425,35775738;4,26908200
-425,27583738;4,26908200
-425,19391738;4,26908200
-425,11199739;4,26908200
-425,03007739;4,26908200
-424,94815739;4,22406700
-424,86623739;4,22406700
-424,78431739;4,22406700
-424,70239739;4,22406700
-424,62047739;4,22406700
-424,53855739;4,22406700
-424,45663739;4,17920400
-424,37471739;4,22406700
-424,29279739;4,17920400
-424,21087739;4,13419000
-424,12895739;4,13419000
-424,04703739;4,13419000
-423,96511739;4,13419000
-423,88319739;4,13419000
-423,80127739;4,13419000
-423,71935739;4,13419000
-423,63743739;4,13419000
-423,55551739;4,13419000
-423,47359740;4,08932800
-423,39167740;4,08932800
-423,30975740;4,08932800
-423,22783740;4,04431300
-423,14591740;4,08932800
-423,06399740;4,04431300
-422,98207740;4,04431300
-422,90015740;4,04431300
-422,81823740;4,04431300
-422,73631740;4,04431300
-422,65439740;4,04431300
-422,57247740;4,04431300
-422,49055740;3,99929800
-422,40863740;3,99929800
-422,32671740;3,95443600
-422,24479740;3,95443600
-422,16287740;3,95443600
-422,08095740;3,95443600
-421,99903740;3,95443600
-421,91711740;3,95443600
-421,83519741;3,95443600
-421,75327741;3,95443600
-421,67135741;3,95443600
-421,58943741;3,95443600
-421,50751741;3,90942100
-421,42559741;3,90942100
-421,34367741;3,90942100
-421,26175741;3,86455900
-421,17983741;3,86455900
-421,09791741;3,86455900
-421,01599741;3,86455900
-420,93407741;3,90942100
-420,85215741;3,90942100
-420,77023741;3,95443600
-420,68831741;3,95443600
-420,60639741;3,99929800
-420,52447741;4,04431300
-420,44255741;4,13419000
-420,36063741;4,13419000
-420,27871741;4,17920400
-420,19679741;4,26908200
-420,11487742;4,31409600
-420,03295742;4,31409600
-419,95103742;4,40397400
-419,86911742;4,40397400
-419,78719742;4,40397400
-419,70527742;4,44883600
-419,62335742;4,49385100
-419,54143742;4,49385100
-419,45951742;4,49385100
-419,37759742;4,49385100
-419,29567742;4,53871300
-419,21375742;4,53871300
-419,13183742;4,58372700
-419,04991742;4,58372700
-418,96799742;4,58372700
-418,88607742;4,62874200
-418,80415742;4,58372700
-418,72223742;4,62874200
-418,64031742;4,62874200
-418,55839742;4,58372700
-418,47647743;4,58372700
-418,39455743;4,58372700
-418,31263743;4,58372700
-418,23071743;4,58372700
-418,14879743;4,58372700
-418,06687743;4,58372700
-417,98495743;4,58372700
-417,90303743;4,53871300
-417,82111743;4,53871300
-417,73919743;4,53871300
-417,65727743;4,49385100
-417,57535743;4,49385100
-417,49343743;4,49385100
-417,41151743;4,49385100
-417,32959743;4,49385100
-417,24767743;4,49385100
-417,16575743;4,49385100
-417,08383743;4,49385100
-417,00191743;4,44883600
-416,91999743;4,40397400
-416,83807744;4,40397400
-416,75615744;4,40397400
-416,67423744;4,40397400
-416,59231744;4,40397400
-416,51039744;4,40397400
-416,42847744;4,40397400
-416,34655744;4,40397400
-416,26463744;4,40397400
-416,18271744;4,35895900
-416,10079744;4,35895900
-416,01887744;4,35895900
-415,93695744;4,31409600
-415,85503744;4,31409600
-415,77311744;4,31409600
-415,69119744;4,31409600
-415,60927744;4,31409600
-415,52735744;4,31409600
-415,44543744;4,31409600
-415,36351744;4,26908200
-415,28159744;4,31409600
-415,19967745;4,26908200
-415,11775745;4,26908200
-415,03583745;4,26908200
-414,95391745;4,26908200
-414,87199745;4,22406700
-414,79007745;4,22406700
-414,70815745;4,22406700
-414,62623745;4,22406700
-414,54431745;4,22406700
-414,46239745;4,17920400
-414,38047745;4,17920400
-414,29855745;4,17920400
-414,21663745;4,17920400
-414,13471745;4,13419000
-414,05279745;4,13419000
-413,97087745;4,13419000
-413,88895745;4,13419000
-413,80703745;4,13419000
-413,72511745;4,13419000
-413,64319745;4,13419000
-413,56127746;4,08932800
-413,47935746;4,08932800
-413,39743746;4,08932800
-413,31551746;4,08932800
-413,23359746;4,04431300
-413,15167746;4,04431300
-413,06975746;4,04431300
-412,98783746;4,04431300
-412,90591746;4,04431300
-412,82399746;4,04431300
-412,74207746;4,04431300
-412,66015746;4,04431300
-412,57823746;4,04431300
-412,49631746;3,99929800
-412,41439746;3,99929800
-412,33247746;3,95443600
-412,25055746;3,95443600
-412,16863746;3,95443600
-412,08671746;3,95443600
-412,00479746;3,95443600
-411,92287747;3,95443600
-411,84095747;3,95443600
-411,75903747;3,95443600
-411,67711747;3,95443600
-411,59519747;3,90942100
-411,51327747;3,90942100
-411,43135747;3,90942100
-411,34943747;3,90942100
-411,26751747;3,90942100
-411,18559747;3,90942100
-411,10367747;3,86455900
-411,02175747;3,86455900
-410,93983747;3,90942100
-410,85791747;3,90942100
-410,77599747;3,95443600
-410,69407747;3,95443600
-410,61215747;4,04431300
-410,53023747;4,08932800
-410,44831747;4,13419000
-410,36639747;4,17920400
-410,28447748;4,22406700
-410,20255748;4,26908200
-410,12063748;4,31409600
-410,03871748;4,40397400
-409,95679748;4,40397400
-409,87487748;4,40397400
-409,79295748;4,44883600
-409,71103748;4,49385100
-409,62911748;4,49385100
-409,54719748;4,49385100
-409,46527748;4,53871300
-409,38335748;4,58372700
-409,30143748;4,58372700
-409,21951748;4,58372700
-409,13759748;4,58372700
-409,05567748;4,62874200
-408,97375748;4,62874200
-408,89183748;4,62874200
-408,80991748;4,62874200
-408,72799748;4,62874200
-408,64607749;4,62874200
-408,56415749;4,62874200
-408,48223749;4,62874200
-408,40031749;4,62874200
-408,31839749;4,58372700
-408,23647749;4,58372700
-408,15455749;4,58372700
-408,07263749;4,58372700
-407,99071749;4,58372700
-407,90879749;4,53871300
-407,82687749;4,49385100
-407,74495749;4,53871300
-407,66303749;4,49385100
-407,58111749;4,49385100
-407,49919749;4,49385100
-407,41727749;4,49385100
-407,33535749;4,49385100
-407,25343749;4,49385100
-407,17151749;4,49385100
-407,08959749;4,49385100
-407,00767750;4,44883600
-406,92575750;4,44883600
-406,84383750;4,44883600
-406,76191750;4,40397400
-406,67999750;4,40397400
-406,59807750;4,40397400
-406,51615750;4,40397400
-406,43423750;4,40397400
-406,35231750;4,40397400
-406,27039750;4,40397400
-406,18847750;4,35895900
-406,10655750;4,31409600
-406,02463750;4,35895900
-405,94271750;4,31409600
-405,86079750;4,31409600
-405,77887750;4,31409600
-405,69695750;4,31409600
-405,61503750;4,31409600
-405,53311750;4,31409600
-405,45119750;4,31409600
-405,36927751;4,26908200
-405,28735751;4,26908200
-405,20543751;4,26908200
-405,12351751;4,26908200
-405,04159751;4,26908200
-404,95967751;4,26908200
-404,87775751;4,26908200
-404,79583751;4,22406700
-404,71391751;4,22406700
-404,63199751;4,22406700
-404,55007751;4,22406700
-404,46815751;4,17920400
-404,38623751;4,17920400
-404,30431751;4,17920400
-404,22239751;4,17920400
-404,14047751;4,13419000
-404,05855751;4,13419000
-403,97663751;4,13419000
-403,89471751;4,13419000
-403,81279751;4,13419000
-403,73087752;4,13419000
-403,64895752;4,13419000
-403,56703752;4,13419000
-403,48511752;4,08932800
-403,40319752;4,13419000
-403,32127752;4,08932800
-403,23935752;4,08932800
-403,15743752;4,08932800
-403,07551752;4,04431300
-402,99359752;4,04431300
-402,91167752;4,04431300
-402,82975752;4,04431300
-402,74783752;4,04431300
-402,66591752;4,04431300
-402,58399752;4,04431300
-402,50207752;3,99929800
-402,42015752;3,99929800
-402,33823752;3,95443600
-402,25631752;3,95443600
-402,17439752;3,95443600
-402,09247753;3,95443600
-402,01055753;3,95443600
-401,92863753;3,95443600
-401,84671753;3,95443600
-401,76479753;3,95443600
-401,68287753;3,95443600
-401,60095753;3,95443600
-401,51903753;3,95443600
-401,43711753;3,90942100
-401,35519753;3,90942100
-401,27327753;3,86455900
-401,19135753;3,86455900
-401,10943753;3,86455900
-401,02751753;3,86455900
-400,94559753;3,86455900
-400,86367753;3,90942100
-400,78175753;3,90942100
-400,69983753;3,95443600
-400,61791753;3,95443600
-400,53599753;4,04431300
-400,45407753;4,08932800
-400,37215754;4,13419000
-400,29023754;4,22406700
-400,20831754;4,22406700
-400,12639754;4,26908200
-400,04447754;4,31409600
-399,96255754;4,35895900
-399,88063754;4,40397400
-399,79871754;4,40397400
-399,71679754;4,44883600
-399,63487754;4,49385100
-399,55295754;4,49385100
-399,47103754;4,49385100
-399,38911754;4,49385100
-399,30719754;4,53871300
-399,22527754;4,58372700
-399,14335754;4,58372700
-399,06143754;4,58372700
-398,97951754;4,58372700
-398,89759754;4,58372700
-398,81567754;4,58372700
-398,73375755;4,62874200
-398,65183755;4,58372700
-398,56991755;4,58372700
-398,48799755;4,62874200
-398,40607755;4,58372700
-398,32415755;4,58372700
-398,24223755;4,58372700
-398,16031755;4,58372700
-398,07839755;4,53871300
-397,99647755;4,53871300
-397,91455755;4,53871300
-397,83263755;4,53871300
-397,75071755;4,53871300
-397,66879755;4,49385100
-397,58687755;4,49385100
-397,50495755;4,49385100
-397,42303755;4,49385100
-397,34111755;4,49385100
-397,25919755;4,49385100
-397,17727755;4,49385100
-397,09535756;4,49385100
-397,01343756;4,44883600
-396,93151756;4,40397400
-396,84959756;4,40397400
-396,76767756;4,40397400
-396,68575756;4,40397400
-396,60383756;4,40397400
-396,52191756;4,40397400
-396,43999756;4,40397400
-396,35807756;4,40397400
-396,27615756;4,40397400
-396,19423756;4,35895900
-396,11231756;4,35895900
-396,03039756;4,31409600
-395,94847756;4,31409600
-395,86655756;4,31409600
-395,78463756;4,31409600
-395,70271756;4,31409600
-395,62079756;4,31409600
-395,53887756;4,31409600
-395,45695757;4,31409600
-395,37503757;4,31409600
-395,29311757;4,26908200
-395,21119757;4,26908200
-395,12927757;4,26908200
-395,04735757;4,22406700
-394,96543757;4,22406700
-394,88351757;4,22406700
-394,80159757;4,22406700
-394,71967757;4,22406700
-394,63775757;4,22406700
-394,55583757;4,22406700
-394,47391757;4,17920400
-394,39199757;4,17920400
-394,31007757;4,17920400
-394,22815757;4,13419000
-394,14623757;4,13419000
-394,06431757;4,13419000
-393,98239757;4,13419000
-393,90047757;4,13419000
-393,81855758;4,13419000
-393,73663758;4,13419000
-393,65471758;4,13419000
-393,57279758;4,13419000
-393,49087758;4,08932800
-393,40895758;4,04431300
-393,32703758;4,08932800
-393,24511758;4,04431300
-393,16319758;4,04431300
-393,08127758;4,04431300
-392,99935758;4,04431300
-392,91743758;4,04431300
-392,83551758;4,04431300
-392,75359758;4,04431300
-392,67167758;4,04431300
-392,58975758;4,04431300
-392,50783758;3,99929800
-392,42591758;3,99929800
-392,34399758;3,95443600
-392,26207758;3,95443600
-392,18015759;3,95443600
-392,09823759;3,95443600
-392,01631759;3,95443600
-391,93439759;3,95443600
-391,85247759;3,95443600
-391,77055759;3,95443600
-391,68863759;3,95443600
-391,60671759;3,90942100
-391,52479759;3,95443600
-391,44287759;3,90942100
-391,36095759;3,86455900
-391,27903759;3,86455900
-391,19711759;3,86455900
-391,11519759;3,90942100
-391,03327759;3,86455900
-390,95135759;3,86455900
-390,86943759;3,90942100
-390,78751759;3,95443600
-390,70559759;3,95443600
-390,62367759;3,99929800
-390,54175760;4,04431300
-390,45983760;4,13419000
-390,37791760;4,13419000
-390,29599760;4,22406700
-390,21407760;4,26908200
-390,13215760;4,31409600
-390,05023760;4,35895900
-389,96831760;4,40397400
-389,88639760;4,40397400
-389,80447760;4,44883600
-389,72255760;4,49385100
-389,64063760;4,49385100
-389,55871760;4,49385100
-389,47679760;4,53871300
-389,39487760;4,58372700
-389,31295760;4,58372700
-389,23103760;4,58372700
-389,14911760;4,58372700
-389,06719760;4,58372700
-388,98527760;4,62874200
-388,90335761;4,62874200
-388,82143761;4,62874200
-388,73951761;4,62874200
-388,65759761;4,58372700
-388,57567761;4,62874200
-388,49375761;4,58372700
-388,41183761;4,62874200
-388,32991761;4,58372700
-388,24799761;4,58372700
-388,16607761;4,58372700
-388,08415761;4,58372700
-388,00223761;4,58372700
-387,92031761;4,53871300
-387,83839761;4,53871300
-387,75647761;4,53871300
-387,67455761;4,49385100
-387,59263761;4,49385100
-387,51071761;4,49385100
-387,42879761;4,49385100
-387,34687761;4,49385100
-387,26495762;4,49385100
-387,18303762;4,49385100
-387,10111762;4,49385100
-387,01919762;4,44883600
-386,93727762;4,44883600
-386,85535762;4,44883600
-386,77343762;4,44883600
-386,69151762;4,40397400
-386,60959762;4,40397400
-386,52767762;4,40397400
-386,44575762;4,40397400
-386,36383762;4,40397400
-386,28191762;4,40397400
-386,19999762;4,40397400
-386,11807762;4,40397400
-386,03615762;4,31409600
-385,95423762;4,35895900
-385,87231762;4,31409600
-385,79039762;4,31409600
-385,70847762;4,31409600
-385,62655763;4,31409600
-385,54463763;4,31409600
-385,46271763;4,31409600
-385,38079763;4,31409600
-385,29887763;4,26908200
-385,21695763;4,26908200
-385,13503763;4,26908200
-385,05311763;4,26908200
-384,97119763;4,26908200
-384,88927763;4,22406700
-384,80735763;4,22406700
-384,72543763;4,22406700
-384,64351763;4,22406700
-384,56159763;4,22406700
-384,47967763;4,17920400
-384,39775763;4,17920400
-384,31583763;4,17920400
-384,23391763;4,17920400
-384,15199763;4,13419000
-384,07007763;4,13419000
-383,98815764;4,13419000
-383,90623764;4,13419000
-383,82431764;4,13419000
-383,74239764;4,13419000
-383,66047764;4,13419000
-383,57855764;4,13419000
-383,49663764;4,08932800
-383,41471764;4,08932800
-383,33279764;4,08932800
-383,25087764;4,08932800
-383,16895764;4,04431300
-383,08703764;4,04431300
-383,00511764;4,04431300
-382,92319764;4,04431300
-382,84127764;4,04431300
-382,75935764;4,04431300
-382,67743764;4,04431300
-382,59551764;4,04431300
-382,51359764;4,04431300
-382,43167764;3,99929800
-382,34975764;3,95443600
-382,26783765;3,95443600
-382,18591765;3,95443600
-382,10399765;3,95443600
-382,02207765;3,95443600
-381,94015765;3,95443600
-381,85823765;3,95443600
-381,77631765;3,95443600
-381,69439765;3,90942100
-381,61247765;3,95443600
-381,53055765;3,95443600
-381,44863765;3,90942100
-381,36671765;3,90942100
-381,28479765;3,90942100
-381,20287765;3,86455900
-381,12095765;3,86455900
-381,03903765;3,86455900
-380,95711765;3,86455900
-380,87519765;3,90942100
-380,79327765;3,90942100
-380,71135765;3,95443600
-380,62943766;3,95443600
-380,54751766;4,04431300
-380,46559766;4,04431300
-380,38367766;4,13419000
-380,30175766;4,17920400
-380,21983766;4,22406700
-380,13791766;4,26908200
-380,05599766;4,31409600
-379,97407766;4,31409600
-379,89215766;4,40397400
-379,81023766;4,40397400
-379,72831766;4,44883600
-379,64639766;4,44883600
-379,56447766;4,49385100
-379,48255766;4,49385100
-379,40063766;4,49385100
-379,31871766;4,53871300
-379,23679766;4,53871300
-379,15487766;4,58372700
-379,07295766;4,58372700
-378,99103767;4,58372700
-378,90911767;4,58372700
-378,82719767;4,58372700
-378,74527767;4,58372700
-378,66335767;4,58372700
-378,58143767;4,58372700
-378,49951767;4,58372700
-378,41759767;4,58372700
-378,33567767;4,58372700
-378,25375767;4,58372700
-378,17183767;4,58372700
-378,08991767;4,58372700
-378,00799767;4,58372700
-377,92607767;4,58372700
-377,84415767;4,49385100
-377,76223767;4,53871300
-377,68031767;4,49385100
-377,59839767;4,49385100
-377,51647767;4,49385100
-377,43455767;4,49385100
-377,35263768;4,49385100
-377,27071768;4,49385100
-377,18879768;4,49385100
-377,10687768;4,44883600
-377,02495768;4,49385100
-376,94303768;4,40397400
-376,86111768;4,40397400
-376,77919768;4,40397400
-376,69727768;4,40397400
-376,61535768;4,40397400
-376,53343768;4,40397400
-376,45151768;4,40397400
-376,36959768;4,40397400
-376,28767768;4,40397400
-376,20575768;4,40397400
-376,12383768;4,35895900
-376,04191768;4,31409600
-375,95999768;4,35895900
-375,87807768;4,31409600
-375,79615768;4,31409600
-375,71423769;4,31409600
-375,63231769;4,31409600
-375,55039769;4,31409600
-375,46847769;4,31409600
-375,38655769;4,26908200
-375,30463769;4,26908200
-375,22271769;4,26908200
-375,14079769;4,26908200
-375,05887769;4,26908200
-374,97695769;4,22406700
-374,89503769;4,22406700
-374,81311769;4,22406700
-374,73119769;4,22406700
-374,64927769;4,22406700
-374,56735769;4,17920400
-374,48543769;4,22406700
-374,40351769;4,17920400
-374,32159769;4,17920400
-374,23967769;4,17920400
-374,15775769;4,13419000
-374,07583770;4,13419000
-373,99391770;4,13419000
-373,91199770;4,13419000
-373,83007770;4,13419000
-373,74815770;4,13419000
-373,66623770;4,13419000
-373,58431770;4,13419000
-373,50239770;4,13419000
-373,42047770;4,08932800
-373,33855770;4,08932800
-373,25663770;4,04431300
-373,17471770;4,04431300
-373,09279770;4,04431300
-373,01087770;4,04431300
-372,92895770;4,04431300
-372,84703770;4,04431300
-372,76511770;4,04431300
-372,68319770;4,04431300
-372,60127770;3,99929800
-372,51935770;3,99929800
-372,43743771;3,99929800
-372,35551771;3,95443600
-372,27359771;3,95443600
-372,19167771;3,95443600
-372,10975771;3,95443600
-372,02783771;3,95443600
-371,94591771;3,95443600
-371,86399771;3,95443600
-371,78207771;3,95443600
-371,70015771;3,90942100
-371,61823771;3,90942100
-371,53631771;3,90942100
-371,45439771;3,90942100
-371,37247771;3,90942100
-371,29055771;3,90942100
-371,20863771;3,86455900
-371,12671771;3,90942100
-371,04479771;3,86455900
-370,96287771;3,86455900
-370,88095771;3,90942100
-370,79903772;3,90942100
-370,71711772;3,95443600
-370,63519772;3,99929800
-370,55327772;4,08932800
-370,47135772;4,13419000
-370,38943772;4,13419000
-370,30751772;4,22406700
-370,22559772;4,26908200
-370,14367772;4,31409600
-370,06175772;4,31409600
-369,97983772;4,40397400
-369,89791772;4,44883600
-369,81599772;4,44883600
-369,73407772;4,49385100
-369,65215772;4,49385100
-369,57023772;4,49385100
-369,48831772;4,53871300
-369,40639772;4,58372700
-369,32447772;4,58372700
-369,24255772;4,58372700
-369,16063773;4,58372700
-369,07871773;4,62874200
-368,99679773;4,62874200
-368,91487773;4,58372700
-368,83295773;4,62874200
-368,75103773;4,67360400
-368,66911773;4,62874200
-368,58719773;4,58372700
-368,50527773;4,58372700
-368,42335773;4,62874200
-368,34143773;4,58372700
-368,25951773;4,58372700
-368,17759773;4,58372700
-368,09567773;4,58372700
-368,01375773;4,58372700
-367,93183773;4,58372700
-367,84991773;4,53871300
-367,76799773;4,53871300
-367,68607773;4,53871300
-367,60415773;4,49385100
-367,52223774;4,49385100
-367,44031774;4,49385100
-367,35839774;4,49385100
-367,27647774;4,49385100
-367,19455774;4,49385100
-367,11263774;4,49385100
-367,03071774;4,44883600
-366,94879774;4,44883600
-366,86687774;4,44883600
-366,78495774;4,44883600
-366,70303774;4,40397400
-366,62111774;4,40397400
-366,53919774;4,40397400
-366,45727774;4,40397400
-366,37535774;4,40397400
-366,29343774;4,40397400
-366,21151774;4,40397400
-366,12959774;4,40397400
-366,04767774;4,35895900
-365,96575774;4,35895900
-365,88383775;4,31409600
-365,80191775;4,31409600
-365,71999775;4,31409600
-365,63807775;4,31409600
-365,55615775;4,31409600
-365,47423775;4,31409600
-365,39231775;4,31409600
-365,31039775;4,31409600
-365,22847775;4,31409600
-365,14655775;4,26908200
-365,06463775;4,26908200
-364,98271775;4,26908200
-364,90079775;4,22406700
-364,81887775;4,22406700
-364,73695775;4,22406700
-364,65503775;4,22406700
-364,57311775;4,22406700
-364,49119775;4,17920400
-364,40927775;4,22406700
-364,32735775;4,17920400
-364,24543776;4,13419000
-364,16351776;4,17920400
-364,08159776;4,13419000
-363,99967776;4,13419000
-363,91775776;4,13419000
-363,83583776;4,13419000
-363,75391776;4,13419000
-363,67199776;4,13419000
-363,59007776;4,13419000
-363,50815776;4,13419000
-363,42623776;4,08932800
-363,34431776;4,08932800
-363,26239776;4,08932800
-363,18047776;4,08932800
-363,09855776;4,08932800
-363,01663776;4,04431300
-362,93471776;4,04431300
-362,85279776;4,04431300
-362,77087776;4,04431300
-362,68895776;4,04431300
-362,60703776;4,04431300
-362,52511777;4,04431300
-362,44319777;4,04431300
-362,36127777;3,95443600
-362,27935777;3,99929800
-362,19743777;3,95443600
-362,11551777;3,95443600
-362,03359777;3,95443600
-361,95167777;3,95443600
-361,86975777;3,95443600
-361,78783777;3,95443600
-361,70591777;3,95443600
-361,62399777;3,95443600
-361,54207777;3,90942100
-361,46015777;3,90942100
-361,37823777;3,90942100
-361,29631777;3,90942100
-361,21439777;3,90942100
-361,13247777;3,90942100
-361,05055777;3,86455900
-360,96863777;3,86455900
-360,88671778;3,86455900
-360,80479778;3,90942100
-360,72287778;3,95443600
-360,64095778;3,95443600
-360,55903778;4,04431300
-360,47711778;4,04431300
-360,39519778;4,13419000
-360,31327778;4,13419000
-360,23135778;4,22406700
-360,14943778;4,26908200
-360,06751778;4,31409600
-359,98559778;4,31409600
-359,90367778;4,40397400
-359,82175778;4,40397400
-359,73983778;4,44883600
-359,65791778;4,49385100
-359,57599778;4,49385100
-359,49407778;4,49385100
-359,41215778;4,49385100
-359,33023778;4,53871300
-359,24831779;4,58372700
-359,16639779;4,58372700
-359,08447779;4,58372700
-359,00255779;4,58372700
-358,92063779;4,58372700
-358,83871779;4,62874200
-358,75679779;4,58372700
-358,67487779;4,62874200
-358,59295779;4,58372700
-358,51103779;4,58372700
-358,42911779;4,58372700
-358,34719779;4,58372700
-358,26527779;4,58372700
-358,18335779;4,58372700
-358,10143779;4,58372700
-358,01951779;4,58372700
-357,93759779;4,53871300
-357,85567779;4,53871300
-357,77375779;4,49385100
-357,69183779;4,53871300
-357,60991780;4,49385100
-357,52799780;4,49385100
-357,44607780;4,49385100
-357,36415780;4,49385100
-357,28223780;4,49385100
-357,20031780;4,49385100
-357,11839780;4,49385100
-357,03647780;4,44883600
-356,95455780;4,44883600
-356,87263780;4,44883600
-356,79071780;4,40397400
-356,70879780;4,44883600
-356,62687780;4,40397400
-356,54495780;4,40397400
-356,46303780;4,40397400
-356,38111780;4,40397400
-356,29919780;4,40397400
-356,21727780;4,35895900
-356,13535780;4,35895900
-356,05343780;4,35895900
-355,97151781;4,31409600
-355,88959781;4,31409600
-355,80767781;4,31409600
-355,72575781;4,31409600
-355,64383781;4,31409600
-355,56191781;4,31409600
-355,47999781;4,31409600
-355,39807781;4,26908200
-355,31615781;4,26908200
-355,23423781;4,26908200
-355,15231781;4,22406700
-355,07039781;4,22406700
-354,98847781;4,22406700
-354,90655781;4,22406700
-354,82463781;4,22406700
-354,74271781;4,22406700
-354,66079781;4,22406700
-354,57887781;4,17920400
-354,49695781;4,22406700
-354,41503781;4,17920400
-354,33311782;4,17920400
-354,25119782;4,17920400
-354,16927782;4,13419000
-354,08735782;4,13419000
-354,00543782;4,13419000
-353,92351782;4,13419000
-353,84159782;4,13419000
-353,75967782;4,13419000
-353,67775782;4,13419000
-353,59583782;4,13419000
-353,51391782;4,08932800
-353,43199782;4,13419000
-353,35007782;4,08932800
-353,26815782;4,04431300
-353,18623782;4,08932800
-353,10431782;4,04431300
-353,02239782;4,04431300
-352,94047782;4,04431300
-352,85855782;4,04431300
-352,77663782;4,04431300
-352,69471783;4,04431300
-352,61279783;3,99929800
-352,53087783;3,99929800
-352,44895783;3,99929800
-352,36703783;3,95443600
-352,28511783;3,99929800
-352,20319783;3,95443600
-352,12127783;3,95443600
-352,03935783;3,95443600
-351,95743783;3,95443600
-351,87551783;3,95443600
-351,79359783;3,95443600
-351,71167783;3,95443600
-351,62975783;3,90942100
-351,54783783;3,90942100
-351,46591783;3,90942100
-351,38399783;3,90942100
-351,30207783;3,86455900
-351,22015783;3,86455900
-351,13823783;3,86455900
-351,05631784;3,86455900
-350,97439784;3,90942100
-350,89247784;3,90942100
-350,81055784;3,90942100
-350,72863784;3,95443600
-350,64671784;3,95443600
-350,56479784;4,04431300
-350,48287784;4,13419000
-350,40095784;4,13419000
-350,31903784;4,22406700
-350,23711784;4,26908200
-350,15519784;4,31409600
-350,07327784;4,31409600
-349,99135784;4,35895900
-349,90943784;4,40397400
-349,82751784;4,44883600
-349,74559784;4,49385100
-349,66367784;4,49385100
-349,58175784;4,49385100
-349,49983784;4,49385100
-349,41791785;4,53871300
-349,33599785;4,58372700
-349,25407785;4,58372700
-349,17215785;4,58372700
-349,09023785;4,62874200
-349,00831785;4,62874200
-348,92639785;4,58372700
-348,84447785;4,67360400
-348,76255785;4,62874200
-348,68063785;4,62874200
-348,59871785;4,62874200
-348,51679785;4,62874200
-348,43487785;4,62874200
-348,35295785;4,58372700
-348,27103785;4,58372700
-348,18911785;4,58372700
-348,10719785;4,58372700
-348,02527785;4,58372700
-347,94335785;4,58372700
-347,86143785;4,53871300
-347,77951786;4,58372700
-347,69759786;4,53871300
-347,61567786;4,53871300
-347,53375786;4,49385100
-347,45183786;4,49385100
-347,36991786;4,49385100
-347,28799786;4,49385100
-347,20607786;4,49385100
-347,12415786;4,49385100
-347,04223786;4,49385100
-346,96031786;4,44883600
-346,87839786;4,44883600
-346,79647786;4,44883600
-346,71455786;4,40397400
-346,63263786;4,40397400
-346,55071786;4,44883600
-346,46879786;4,40397400
-346,38687786;4,40397400
-346,30495786;4,40397400
-346,22303786;4,40397400
-346,14111787;4,35895900
-346,05919787;4,40397400
-345,97727787;4,35895900
-345,89535787;4,31409600
-345,81343787;4,31409600
-345,73151787;4,31409600
-345,64959787;4,31409600
-345,56767787;4,31409600
-345,48575787;4,31409600
-345,40383787;4,31409600
-345,32191787;4,31409600
-345,23999787;4,26908200
-345,15807787;4,26908200
-345,07615787;4,22406700
-344,99423787;4,22406700
-344,91231787;4,26908200
-344,83039787;4,22406700
-344,74847787;4,22406700
-344,66655787;4,22406700
-344,58463787;4,22406700
-344,50271788;4,22406700
-344,42079788;4,22406700
-344,33887788;4,22406700
-344,25695788;4,17920400
-344,17503788;4,17920400
-344,09311788;4,17920400
-344,01119788;4,13419000
-343,92927788;4,17920400
-343,84735788;4,13419000
-343,76543788;4,13419000
-343,68351788;4,13419000
-343,60159788;4,13419000
-343,51967788;4,13419000
-343,43775788;4,08932800
-343,35583788;4,08932800
-343,27391788;4,08932800
-343,19199788;4,08932800
-343,11007788;4,04431300
-343,02815788;4,04431300
-342,94623788;4,04431300
-342,86431788;4,04431300
-342,78239789;4,04431300
-342,70047789;4,04431300
-342,61855789;4,04431300
-342,53663789;3,99929800
-342,45471789;3,99929800
-342,37279789;3,99929800
-342,29087789;3,99929800
-342,20895789;3,95443600
-342,12703789;3,95443600
-342,04511789;3,95443600
-341,96319789;3,95443600
-341,88127789;3,95443600
-341,79935789;3,95443600
-341,71743789;3,95443600
-341,63551789;3,95443600
-341,55359789;3,90942100
-341,47167789;3,90942100
-341,38975789;3,90942100
-341,30783789;3,90942100
-341,22591789;3,86455900
-341,14399790;3,86455900
-341,06207790;3,86455900
-340,98015790;3,86455900
-340,89823790;3,90942100
-340,81631790;3,90942100
-340,73439790;3,95443600
-340,65247790;3,95443600
-340,57055790;3,99929800
-340,48863790;4,04431300
-340,40671790;4,13419000
-340,32479790;4,13419000
-340,24287790;4,22406700
-340,16095790;4,26908200
-340,07903790;4,31409600
-339,99711790;4,31409600
-339,91519790;4,35895900
-339,83327790;4,40397400
-339,75135790;4,44883600
-339,66943790;4,44883600
-339,58751790;4,49385100
-339,50559791;4,49385100
-339,42367791;4,53871300
-339,34175791;4,49385100
-339,25983791;4,53871300
-339,17791791;4,58372700
-339,09599791;4,58372700
-339,01407791;4,58372700
-338,93215791;4,62874200
-338,85023791;4,62874200
-338,76831791;4,58372700
-338,68639791;4,58372700
-338,60447791;4,62874200
-338,52255791;4,58372700
-338,44063791;4,58372700
-338,35871791;4,58372700
-338,27679791;4,58372700
-338,19487791;4,58372700
-338,11295791;4,58372700
-338,03103791;4,58372700
-337,94911791;4,53871300
-337,86719792;4,53871300
-337,78527792;4,53871300
-337,70335792;4,53871300
-337,62143792;4,49385100
-337,53951792;4,49385100
-337,45759792;4,49385100
-337,37567792;4,49385100
-337,29375792;4,49385100
-337,21183792;4,49385100
-337,12991792;4,44883600
-337,04799792;4,44883600
-336,96607792;4,44883600
-336,88415792;4,44883600
-336,80223792;4,44883600
-336,72031792;4,40397400
-336,63839792;4,40397400
-336,55647792;4,40397400
-336,47455792;4,40397400
-336,39263792;4,40397400
-336,31071792;4,40397400
-336,22879793;4,40397400
-336,14687793;4,35895900
-336,06495793;4,31409600
-335,98303793;4,31409600
-335,90111793;4,31409600
-335,81919793;4,31409600
-335,73727793;4,31409600
-335,65535793;4,31409600
-335,57343793;4,31409600
-335,49151793;4,31409600
-335,40959793;4,31409600
-335,32767793;4,26908200
-335,24575793;4,26908200
-335,16383793;4,26908200
-335,08191793;4,22406700
-334,99999793;4,26908200
-334,91807793;4,22406700
-334,83615793;4,22406700
-334,75423793;4,22406700
-334,67231793;4,22406700
-334,59039794;4,22406700
-334,50847794;4,22406700
-334,42655794;4,17920400
-334,34463794;4,17920400
-334,26271794;4,17920400
-334,18079794;4,13419000
-334,09887794;4,13419000
-334,01695794;4,13419000
-333,93503794;4,13419000
-333,85311794;4,13419000
-333,77119794;4,13419000
-333,68927794;4,13419000
-333,60735794;4,13419000
-333,52543794;4,08932800
-333,44351794;4,08932800
-333,36159794;4,08932800
-333,27967794;4,08932800
-333,19775794;4,08932800
-333,11583794;4,04431300
-333,03391794;4,04431300
-332,95199795;4,04431300
-332,87007795;4,04431300
-332,78815795;4,04431300
-332,70623795;4,04431300
-332,62431795;4,04431300
-332,54239795;4,04431300
-332,46047795;4,04431300
-332,37855795;3,99929800
-332,29663795;3,99929800
-332,21471795;3,95443600
-332,13279795;3,95443600
-332,05087795;3,95443600
-331,96895795;3,95443600
-331,88703795;3,95443600
-331,80511795;3,95443600
-331,72319795;3,95443600
-331,64127795;3,95443600
-331,55935795;3,90942100
-331,47743795;3,90942100
-331,39551795;3,90942100
-331,31359796;3,90942100
-331,23167796;3,86455900
-331,14975796;3,86455900
-331,06783796;3,86455900
-330,98591796;3,86455900
-330,90399796;3,90942100
-330,82207796;3,90942100
-330,74015796;3,95443600
-330,65823796;3,99929800
-330,57631796;4,04431300
-330,49439796;4,08932800
-330,41247796;4,13419000
-330,33055796;4,17920400
-330,24863796;4,22406700
-330,16671796;4,26908200
-330,08479796;4,31409600
-330,00287796;4,40397400
-329,92095796;4,40397400
-329,83903796;4,44883600
-329,75711796;4,49385100
-329,67519797;4,49385100
-329,59327797;4,49385100
-329,51135797;4,53871300
-329,42943797;4,53871300
-329,34751797;4,58372700
-329,26559797;4,58372700
-329,18367797;4,58372700
-329,10175797;4,58372700
-329,01983797;4,62874200
-328,93791797;4,62874200
-328,85599797;4,62874200
-328,77407797;4,62874200
-328,69215797;4,62874200
-328,61023797;4,62874200
-328,52831797;4,58372700
-328,44639797;4,58372700
-328,36447797;4,58372700
-328,28255797;4,58372700
-328,20063797;4,58372700
-328,11871797;4,58372700
-328,03679798;4,58372700
-327,95487798;4,53871300
-327,87295798;4,53871300
-327,79103798;4,58372700
-327,70911798;4,53871300
-327,62719798;4,49385100
-327,54527798;4,53871300
-327,46335798;4,49385100
-327,38143798;4,49385100
-327,29951798;4,49385100
-327,21759798;4,49385100
-327,13567798;4,49385100
-327,05375798;4,49385100
-326,97183798;4,44883600
-326,88991798;4,44883600
-326,80799798;4,44883600
-326,72607798;4,44883600
-326,64415798;4,40397400
-326,56223798;4,40397400
-326,48031798;4,40397400
-326,39839799;4,40397400
-326,31647799;4,40397400
-326,23455799;4,40397400
-326,15263799;4,40397400
-326,07071799;4,35895900
-325,98879799;4,31409600
-325,90687799;4,31409600
-325,82495799;4,31409600
-325,74303799;4,31409600
-325,66111799;4,31409600
-325,57919799;4,31409600
-325,49727799;4,31409600
-325,41535799;4,31409600
-325,33343799;4,26908200
-325,25151799;4,26908200
-325,16959799;4,26908200
-325,08767799;4,26908200
-325,00575799;4,26908200
-324,92383799;4,22406700
-324,84191799;4,26908200
-324,75999799;4,22406700
-324,67807800;4,22406700
-324,59615800;4,22406700
-324,51423800;4,22406700
-324,43231800;4,17920400
-324,35039800;4,17920400
-324,26847800;4,17920400
-324,18655800;4,13419000
-324,10463800;4,17920400
-324,02271800;4,13419000
-323,94079800;4,13419000
-323,85887800;4,13419000
-323,77695800;4,13419000
-323,69503800;4,13419000
-323,61311800;4,13419000
-323,53119800;4,13419000
-323,44927800;4,13419000
-323,36735800;4,08932800
-323,28543800;4,08932800
-323,20351800;4,08932800
-323,12159800;4,08932800
-323,03967801;4,04431300
-322,95775801;4,04431300
-322,87583801;4,04431300
-322,79391801;4,04431300
-322,71199801;4,04431300
-322,63007801;4,04431300
-322,54815801;4,04431300
-322,46623801;3,99929800
-322,38431801;3,95443600
-322,30239801;3,99929800
-322,22047801;3,99929800
-322,13855801;3,95443600
-322,05663801;3,95443600
-321,97471801;3,95443600
-321,89279801;3,95443600
-321,81087801;3,95443600
-321,72895801;3,95443600
-321,64703801;3,95443600
-321,56511801;3,90942100
-321,48319801;3,90942100
-321,40127802;3,90942100
-321,31935802;3,90942100
-321,23743802;3,90942100
-321,15551802;3,86455900
-321,07359802;3,90942100
-320,99167802;3,86455900
-320,90975802;3,86455900
-320,82783802;3,90942100
-320,74591802;3,90942100
-320,66399802;3,95443600
-320,58207802;3,99929800
-320,50015802;4,04431300
-320,41823802;4,08932800
-320,33631802;4,13419000
-320,25439802;4,22406700
-320,17247802;4,22406700
-320,09055802;4,31409600
-320,00863802;4,31409600
-319,92671802;4,35895900
-319,84479802;4,40397400
-319,76287803;4,40397400
-319,68095803;4,44883600
-319,59903803;4,49385100
-319,51711803;4,49385100
-319,43519803;4,49385100
-319,35327803;4,49385100
-319,27135803;4,53871300
-319,18943803;4,58372700
-319,10751803;4,58372700
-319,02559803;4,58372700
-318,94367803;4,58372700
-318,86175803;4,58372700
-318,77983803;4,58372700
-318,69791803;4,58372700
-318,61599803;4,58372700
-318,53407803;4,58372700
-318,45215803;4,58372700
-318,37023803;4,58372700
-318,28831803;4,58372700
-318,20639803;4,58372700
-318,12447804;4,58372700
-318,04255804;4,58372700
-317,96063804;4,53871300
-317,87871804;4,53871300
-317,79679804;4,53871300
-317,71487804;4,49385100
-317,63295804;4,49385100
-317,55103804;4,49385100
-317,46911804;4,49385100
-317,38719804;4,49385100
-317,30527804;4,49385100
-317,22335804;4,49385100
-317,14143804;4,49385100
-317,05951804;4,44883600
-316,97759804;4,44883600
-316,89567804;4,44883600
-316,81375804;4,44883600
-316,73183804;4,40397400
-316,64991804;4,40397400
-316,56799804;4,40397400
-316,48607805;4,40397400
-316,40415805;4,40397400
-316,32223805;4,35895900
-316,24031805;4,40397400
-316,15839805;4,35895900
-316,07647805;4,35895900
-315,99455805;4,35895900
-315,91263805;4,31409600
-315,83071805;4,31409600
-315,74879805;4,31409600
-315,66687805;4,31409600
-315,58495805;4,31409600
-315,50303805;4,31409600
-315,42111805;4,31409600
-315,33919805;4,26908200
-315,25727805;4,26908200
-315,17535805;4,26908200
-315,09343805;4,22406700
-315,01151805;4,22406700
-314,92959805;4,22406700
-314,84767806;4,22406700
-314,76575806;4,22406700
-314,68383806;4,22406700
-314,60191806;4,22406700
-314,51999806;4,22406700
-314,43807806;4,22406700
-314,35615806;4,17920400
-314,27423806;4,17920400
-314,19231806;4,13419000
-314,11039806;4,13419000
-314,02847806;4,13419000
-313,94655806;4,13419000
-313,86463806;4,13419000
-313,78271806;4,13419000
-313,70079806;4,13419000
-313,61887806;4,13419000
-313,53695806;4,08932800
-313,45503806;4,08932800
-313,37311806;4,08932800
-313,29119806;4,08932800
-313,20927807;4,04431300
-313,12735807;4,08932800
-313,04543807;4,04431300
-312,96351807;4,04431300
-312,88159807;4,04431300
-312,79967807;4,04431300
-312,71775807;4,04431300
-312,63583807;4,04431300
-312,55391807;4,04431300
-312,47199807;3,99929800
-312,39007807;3,99929800
-312,30815807;3,95443600
-312,22623807;3,95443600
-312,14431807;3,95443600
-312,06239807;3,95443600
-311,98047807;3,95443600
-311,89855807;3,95443600
-311,81663807;3,95443600
-311,73471807;3,95443600
-311,65279807;3,95443600
-311,57087808;3,90942100
-311,48895808;3,90942100
-311,40703808;3,90942100
-311,32511808;3,90942100
-311,24319808;3,90942100
-311,16127808;3,86455900
-311,07935808;3,86455900
-310,99743808;3,90942100
-310,91551808;3,90942100
-310,83359808;3,90942100
-310,75167808;3,95443600
-310,66975808;3,95443600
-310,58783808;4,04431300
-310,50591808;4,04431300
-310,42399808;4,13419000
-310,34207808;4,17920400
-310,26015808;4,22406700
-310,17823808;4,31409600
-310,09631808;4,31409600
-310,01439808;4,31409600
-309,93247809;4,40397400
-309,85055809;4,40397400
-309,76863809;4,44883600
-309,68671809;4,49385100
-309,60479809;4,49385100
-309,52287809;4,53871300
-309,44095809;4,53871300
-309,35903809;4,58372700
-309,27711809;4,58372700
-309,19519809;4,62874200
-309,11327809;4,58372700
-309,03135809;4,62874200
-308,94943809;4,62874200
-308,86751809;4,62874200
-308,78559809;4,62874200
-308,70367809;4,62874200
-308,62175809;4,62874200
-308,53983809;4,62874200
-308,45791809;4,58372700
-308,37599809;4,58372700
-308,29407810;4,58372700
-308,21215810;4,58372700
-308,13023810;4,58372700
-308,04831810;4,58372700
-307,96639810;4,58372700
-307,88447810;4,53871300
-307,80255810;4,49385100
-307,72063810;4,49385100
-307,63871810;4,49385100
-307,55679810;4,49385100
-307,47487810;4,49385100
-307,39295810;4,49385100
-307,31103810;4,49385100
-307,22911810;4,49385100
-307,14719810;4,49385100
-307,06527810;4,49385100
-306,98335810;4,44883600
-306,90143810;4,44883600
-306,81951810;4,44883600
-306,73759810;4,40397400
-306,65567811;4,40397400
-306,57375811;4,40397400
-306,49183811;4,40397400
-306,40991811;4,40397400
-306,32799811;4,40397400
-306,24607811;4,40397400
-306,16415811;4,40397400
-306,08223811;4,35895900
-306,00031811;4,40397400
-305,91839811;4,35895900
-305,83647811;4,31409600
-305,75455811;4,31409600
-305,67263811;4,31409600
-305,59071811;4,31409600
-305,50879811;4,31409600
-305,42687811;4,31409600
-305,34495811;4,31409600
-305,26303811;4,31409600
-305,18111811;4,31409600
-305,09919811;4,26908200
-305,01727811;4,26908200
-304,93535812;4,22406700
-304,85343812;4,22406700
-304,77151812;4,22406700
-304,68959812;4,22406700
-304,60767812;4,22406700
-304,52575812;4,22406700
-304,44383812;4,22406700
-304,36191812;4,17920400
-304,27999812;4,22406700
-304,19807812;4,13419000
-304,11615812;4,13419000
-304,03423812;4,13419000
-303,95231812;4,13419000
-303,87039812;4,13419000
-303,78847812;4,13419000
-303,70655812;4,13419000
-303,62463812;4,13419000
-303,54271812;4,13419000
-303,46079812;4,08932800
-303,37887812;4,08932800
-303,29695813;4,04431300
-303,21503813;4,04431300
-303,13311813;4,04431300
-303,05119813;4,04431300
-302,96927813;4,04431300
-302,88735813;4,04431300
-302,80543813;4,04431300
-302,72351813;4,04431300
-302,64159813;4,04431300
-302,55967813;4,04431300
-302,47775813;3,99929800
-302,39583813;4,04431300
-302,31391813;3,99929800
-302,23199813;3,95443600
-302,15007813;3,95443600
-302,06815813;3,95443600
-301,98623813;3,95443600
-301,90431813;3,95443600
-301,82239813;3,95443600
-301,74047813;3,95443600
-301,65855814;3,95443600
-301,57663814;3,95443600
-301,49471814;3,90942100
-301,41279814;3,90942100
-301,33087814;3,90942100
-301,24895814;3,90942100
-301,16703814;3,86455900
-301,08511814;3,86455900
-301,00319814;3,86455900
-300,92127814;3,90942100
-300,83935814;3,90942100
-300,75743814;3,95443600
-300,67551814;3,95443600
-300,59359814;3,99929800
-300,51167814;4,04431300
-300,42975814;4,08932800
-300,34783814;4,13419000
-300,26591814;4,22406700
-300,18399814;4,22406700
-300,10207814;4,31409600
-300,02015815;4,31409600
-299,93823815;4,35895900
-299,85631815;4,40397400
-299,77439815;4,44883600
-299,69247815;4,44883600
-299,61055815;4,49385100
-299,52863815;4,49385100
-299,44671815;4,49385100
-299,36479815;4,53871300
-299,28287815;4,53871300
-299,20095815;4,58372700
-299,11903815;4,58372700
-299,03711815;4,58372700
-298,95519815;4,58372700
-298,87327815;4,62874200
-298,79135815;4,58372700
-298,70943815;4,58372700
-298,62751815;4,58372700
-298,54559815;4,62874200
-298,46367815;4,58372700
-298,38175816;4,58372700
-298,29983816;4,58372700
-298,21791816;4,58372700
-298,13599816;4,58372700
-298,05407816;4,58372700
-297,97215816;4,53871300
-297,89023816;4,53871300
-297,80831816;4,49385100
-297,72639816;4,49385100
-297,64447816;4,49385100
-297,56255816;4,49385100
-297,48063816;4,49385100
-297,39871816;4,49385100
-297,31679816;4,49385100
-297,23487816;4,49385100
-297,15295816;4,49385100
-297,07103816;4,49385100
-296,98911816;4,44883600
-296,90719816;4,44883600
-296,82527816;4,44883600
-296,74335817;4,40397400
-296,66143817;4,40397400
-296,57951817;4,40397400
-296,49759817;4,40397400
-296,41567817;4,40397400
-296,33375817;4,40397400
-296,25183817;4,40397400
-296,16991817;4,40397400
-296,08799817;4,35895900
-296,00607817;4,31409600
-295,92415817;4,31409600
-295,84223817;4,31409600
-295,76031817;4,31409600
-295,67839817;4,31409600
-295,59647817;4,31409600
-295,51455817;4,31409600
-295,43263817;4,31409600
-295,35071817;4,26908200
-295,26879817;4,26908200
-295,18687817;4,26908200
-295,10495818;4,26908200
-295,02303818;4,26908200
-294,94111818;4,22406700
-294,85919818;4,22406700
-294,77727818;4,22406700
-294,69535818;4,22406700
-294,61343818;4,22406700
-294,53151818;4,22406700
-294,44959818;4,17920400
-294,36767818;4,17920400
-294,28575818;4,17920400
-294,20383818;4,17920400
-294,12191818;4,17920400
-294,03999818;4,13419000
-293,95807818;4,13419000
-293,87615818;4,13419000
-293,79423818;4,13419000
-293,71231818;4,13419000
-293,63039818;4,13419000
-293,54847818;4,13419000
-293,46655819;4,08932800
-293,38463819;4,08932800
-293,30271819;4,08932800
-293,22079819;4,08932800
-293,13887819;4,04431300
-293,05695819;4,04431300
-292,97503819;4,04431300
-292,89311819;4,04431300
-292,81119819;4,04431300
-292,72927819;4,04431300
-292,64735819;3,99929800
-292,56543819;4,04431300
-292,48351819;4,04431300
-292,40159819;3,95443600
-292,31967819;3,95443600
-292,23775819;3,95443600
-292,15583819;3,95443600
-292,07391819;3,95443600
-291,99199819;3,95443600
-291,91007819;3,95443600
-291,82815820;3,95443600
-291,74623820;3,95443600
-291,66431820;3,95443600
-291,58239820;3,90942100
-291,50047820;3,90942100
-291,41855820;3,90942100
-291,33663820;3,90942100
-291,25471820;3,86455900
-291,17279820;3,90942100
-291,09087820;3,86455900
-291,00895820;3,86455900
-290,92703820;3,90942100
-290,84511820;3,90942100
-290,76319820;3,95443600
-290,68127820;3,95443600
-290,59935820;4,04431300
-290,51743820;4,08932800
-290,43551820;4,13419000
-290,35359820;4,17920400
-290,27167820;4,22406700
-290,18975821;4,26908200
-290,10783821;4,31409600
-290,02591821;4,35895900
-289,94399821;4,40397400
-289,86207821;4,40397400
-289,78015821;4,44883600
-289,69823821;4,49385100
-289,61631821;4,49385100
-289,53439821;4,53871300
-289,45247821;4,53871300
-289,37055821;4,58372700
-289,28863821;4,58372700
-289,20671821;4,58372700
-289,12479821;4,62874200
-289,04287821;4,58372700
-288,96095821;4,58372700
-288,87903821;4,62874200
-288,79711821;4,62874200
-288,71519821;4,62874200
-288,63327821;4,62874200
-288,55135822;4,62874200
-288,46943822;4,58372700
-288,38751822;4,58372700
-288,30559822;4,62874200
-288,22367822;4,58372700
-288,14175822;4,58372700
-288,05983822;4,58372700
-287,97791822;4,53871300
-287,89599822;4,53871300
-287,81407822;4,53871300
-287,73215822;4,53871300
-287,65023822;4,49385100
-287,56831822;4,49385100
-287,48639822;4,49385100
-287,40447822;4,49385100
-287,32255822;4,49385100
-287,24063822;4,49385100
-287,15871822;4,49385100
-287,07679822;4,49385100
-286,99487822;4,49385100
-286,91295823;4,44883600
-286,83103823;4,44883600
-286,74911823;4,40397400
-286,66719823;4,40397400
-286,58527823;4,40397400
-286,50335823;4,40397400
-286,42143823;4,40397400
-286,33951823;4,40397400
-286,25759823;4,40397400
-286,17567823;4,40397400
-286,09375823;4,35895900
-286,01183823;4,31409600
-285,92991823;4,31409600
-285,84799823;4,31409600
-285,76607823;4,31409600
-285,68415823;4,31409600
-285,60223823;4,31409600
-285,52031823;4,31409600
-285,43839823;4,31409600
-285,35647823;4,31409600
-285,27455823;4,26908200
-285,19263824;4,26908200
-285,11071824;4,26908200
-285,02879824;4,22406700
-284,94687824;4,22406700
-284,86495824;4,22406700
-284,78303824;4,22406700
-284,70111824;4,22406700
-284,61919824;4,22406700
-284,53727824;4,22406700
-284,45535824;4,22406700
-284,37343824;4,22406700
-284,29151824;4,17920400
-284,20959824;4,17920400
-284,12767824;4,17920400
-284,04575824;4,13419000
-283,96383824;4,13419000
-283,88191824;4,13419000
-283,79999824;4,13419000
-283,71807824;4,13419000
-283,63615824;4,13419000
-283,55423825;4,13419000
-283,47231825;4,13419000
-283,39039825;4,13419000
-283,30847825;4,08932800
-283,22655825;4,08932800
-283,14463825;4,08932800
-283,06271825;4,04431300
-282,98079825;4,04431300
-282,89887825;4,04431300
-282,81695825;4,04431300
-282,73503825;4,04431300
-282,65311825;4,04431300
-282,57119825;4,04431300
-282,48927825;4,04431300
-282,40735825;3,99929800
-282,32543825;3,99929800
-282,24351825;3,95443600
-282,16159825;3,95443600
-282,07967825;3,95443600
-281,99775825;3,95443600
-281,91583826;3,95443600
-281,83391826;3,95443600
-281,75199826;3,90942100
-281,67007826;3,95443600
-281,58815826;3,95443600
-281,50623826;3,90942100
-281,42431826;3,90942100
-281,34239826;3,90942100
-281,26047826;3,86455900
-281,17855826;3,86455900
-281,09663826;3,86455900
-281,01471826;3,86455900
-280,93279826;3,86455900
-280,85087826;3,90942100
-280,76895826;3,90942100
-280,68703826;3,95443600
-280,60511826;3,95443600
-280,52319826;4,04431300
-280,44127826;4,08932800
-280,35935826;4,13419000
-280,27743827;4,17920400
-280,19551827;4,22406700
-280,11359827;4,26908200
-280,03167827;4,31409600
-279,94975827;4,35895900
-279,86783827;4,40397400
-279,78591827;4,40397400
-279,70399827;4,44883600
-279,62207827;4,49385100
-279,54015827;4,49385100
-279,45823827;4,49385100
-279,37631827;4,53871300
-279,29439827;4,49385100
-279,21247827;4,53871300
-279,13055827;4,58372700
-279,04863827;4,58372700
-278,96671827;4,58372700
-278,88479827;4,58372700
-278,80287827;4,58372700
-278,72095827;4,62874200
-278,63903828;4,58372700
-278,55711828;4,58372700
-278,47519828;4,62874200
-278,39327828;4,58372700
-278,31135828;4,58372700
-278,22943828;4,58372700
-278,14751828;4,58372700
-278,06559828;4,58372700
-277,98367828;4,58372700
-277,90175828;4,53871300
-277,81983828;4,53871300
-277,73791828;4,49385100
-277,65599828;4,49385100
-277,57407828;4,49385100
-277,49215828;4,49385100
-277,41023828;4,49385100
-277,32831828;4,49385100
-277,24639828;4,49385100
-277,16447828;4,49385100
-277,08255828;4,49385100
-277,00063829;4,44883600
-276,91871829;4,44883600
-276,83679829;4,40397400
-276,75487829;4,40397400
-276,67295829;4,40397400
-276,59103829;4,40397400
-276,50911829;4,40397400
-276,42719829;4,40397400
-276,34527829;4,40397400
-276,26335829;4,40397400
-276,18143829;4,40397400
-276,09951829;4,35895900
-276,01759829;4,35895900
-275,93567829;4,31409600
-275,85375829;4,31409600
-275,77183829;4,31409600
-275,68991829;4,31409600
-275,60799829;4,31409600
-275,52607829;4,31409600
-275,44415829;4,31409600
-275,36223830;4,31409600
-275,28031830;4,31409600
-275,19839830;4,26908200
-275,11647830;4,26908200
-275,03455830;4,26908200
-274,95263830;4,22406700
-274,87071830;4,22406700
-274,78879830;4,22406700
-274,70687830;4,22406700
-274,62495830;4,22406700
-274,54303830;4,22406700
-274,46111830;4,17920400
-274,37919830;4,22406700
-274,29727830;4,17920400
-274,21535830;4,13419000
-274,13343830;4,13419000
-274,05151830;4,13419000
-273,96959830;4,13419000
-273,88767830;4,13419000
-273,80575830;4,13419000
-273,72383831;4,13419000
-273,64191831;4,13419000
-273,55999831;4,13419000
-273,47807831;4,08932800
-273,39615831;4,13419000
-273,31423831;4,08932800
-273,23231831;4,08932800
-273,15039831;4,08932800
-273,06847831;4,04431300
-272,98655831;4,08932800
-272,90463831;4,04431300
-272,82271831;4,04431300
-272,74079831;4,04431300
-272,65887831;4,04431300
-272,57695831;4,04431300
-272,49503831;4,04431300
-272,41311831;3,99929800
-272,33119831;3,95443600
-272,24927831;3,99929800
-272,16735831;3,95443600
-272,08543832;3,95443600
-272,00351832;3,95443600
-271,92159832;3,95443600
-271,83967832;3,95443600
-271,75775832;3,95443600
-271,67583832;3,95443600
-271,59391832;3,90942100
-271,51199832;3,90942100
-271,43007832;3,90942100
-271,34815832;3,90942100
-271,26623832;3,90942100
-271,18431832;3,86455900
-271,10239832;3,86455900
-271,02047832;3,86455900
-270,93855832;3,86455900
-270,85663832;3,90942100
-270,77471832;3,95443600
-270,69279832;3,95443600
-270,61087832;3,99929800
-270,52895832;4,04431300
-270,44703833;4,13419000
-270,36511833;4,13419000
-270,28319833;4,22406700
-270,20127833;4,26908200
-270,11935833;4,31409600
-270,03743833;4,31409600
-269,95551833;4,40397400
-269,87359833;4,40397400
-269,79167833;4,49385100
-269,70975833;4,49385100
-269,62783833;4,49385100
-269,54591833;4,49385100
-269,46399833;4,53871300
-269,38207833;4,58372700
-269,30015833;4,58372700
-269,21823833;4,58372700
-269,13631833;4,58372700
-269,05439833;4,58372700
-268,97247833;4,62874200
-268,89055833;4,62874200
-268,80863834;4,62874200
-268,72671834;4,62874200
-268,64479834;4,58372700
-268,56287834;4,62874200
-268,48095834;4,62874200
-268,39903834;4,58372700
-268,31711834;4,58372700
-268,23519834;4,58372700
-268,15327834;4,58372700
-268,07135834;4,58372700
-267,98943834;4,53871300
-267,90751834;4,58372700
-267,82559834;4,53871300
-267,74367834;4,53871300
-267,66175834;4,53871300
-267,57983834;4,49385100
-267,49791834;4,49385100
-267,41599834;4,49385100
-267,33407834;4,49385100
-267,25215834;4,49385100
-267,17023834;4,49385100
-267,08831835;4,49385100
-267,00639835;4,44883600
-266,92447835;4,44883600
-266,84255835;4,44883600
-266,76063835;4,40397400
-266,67871835;4,44883600
-266,59679835;4,40397400
-266,51487835;4,40397400
-266,43295835;4,40397400
-266,35103835;4,40397400
-266,26911835;4,40397400
-266,18719835;4,40397400
-266,10527835;4,40397400
-266,02335835;4,35895900
-265,94143835;4,31409600
-265,85951835;4,31409600
-265,77759835;4,31409600
-265,69567835;4,31409600
-265,61375835;4,31409600
-265,53183835;4,31409600
-265,44991836;4,31409600
-265,36799836;4,31409600
-265,28607836;4,31409600
-265,20415836;4,31409600
-265,12223836;4,26908200
-265,04031836;4,26908200
-264,95839836;4,26908200
-264,87647836;4,22406700
-264,79455836;4,22406700
-264,71263836;4,22406700
-264,63071836;4,22406700
-264,54879836;4,22406700
-264,46687836;4,22406700
-264,38495836;4,22406700
-264,30303836;4,17920400
-264,22111836;4,17920400
-264,13919836;4,13419000
-264,05727836;4,13419000
-263,97535836;4,17920400
-263,89343836;4,13419000
-263,81151837;4,13419000
-263,72959837;4,13419000
-263,64767837;4,13419000
-263,56575837;4,13419000
-263,48383837;4,13419000
-263,40191837;4,13419000
-263,31999837;4,08932800
-263,23807837;4,08932800
-263,15615837;4,08932800
-263,07423837;4,08932800
-262,99231837;4,04431300
-262,91039837;4,04431300
-262,82847837;4,04431300
-262,74655837;4,04431300
-262,66463837;4,04431300
-262,58271837;4,04431300
-262,50079837;3,99929800
-262,41887837;3,99929800
-262,33695837;3,99929800
-262,25503837;3,99929800
-262,17311838;3,95443600
-262,09119838;3,95443600
-262,00927838;3,95443600
-261,92735838;3,95443600
-261,84543838;3,95443600
-261,76351838;3,95443600
-261,68159838;3,95443600
-261,59967838;3,95443600
-261,51775838;3,90942100
-261,43583838;3,90942100
-261,35391838;3,90942100
-261,27199838;3,90942100
-261,19007838;3,90942100
-261,10815838;3,90942100
-261,02623838;3,86455900
-260,94431838;3,86455900
-260,86239838;3,90942100
-260,78047838;3,90942100
-260,69855838;3,95443600
-260,61663838;3,95443600
-260,53471839;4,04431300
-260,45279839;4,04431300
-260,37087839;4,13419000
-260,28895839;4,13419000
-260,20703839;4,22406700
-260,12511839;4,26908200
-260,04319839;4,31409600
-259,96127839;4,31409600
-259,87935839;4,40397400
-259,79743839;4,40397400
-259,71551839;4,44883600
-259,63359839;4,49385100
-259,55167839;4,49385100
-259,46975839;4,49385100
-259,38783839;4,49385100
-259,30591839;4,53871300
-259,22399839;4,53871300
-259,14207839;4,58372700
-259,06015839;4,58372700
-258,97823839;4,58372700
-258,89631840;4,58372700
-258,81439840;4,62874200
-258,73247840;4,62874200
-258,65055840;4,62874200
-258,56863840;4,58372700
-258,48671840;4,58372700
-258,40479840;4,58372700
-258,32287840;4,58372700
-258,24095840;4,58372700
-258,15903840;4,58372700
-258,07711840;4,58372700
-257,99519840;4,53871300
-257,91327840;4,53871300
-257,83135840;4,53871300
-257,74943840;4,49385100
-257,66751840;4,53871300
-257,58559840;4,49385100
-257,50367840;4,49385100
-257,42175840;4,49385100
-257,33983840;4,49385100
-257,25791841;4,49385100
-257,17599841;4,49385100
-257,09407841;4,49385100
-257,01215841;4,49385100
-256,93023841;4,44883600
-256,84831841;4,44883600
-256,76639841;4,44883600
-256,68447841;4,40397400
-256,60255841;4,40397400
-256,52063841;4,40397400
-256,43871841;4,40397400
-256,35679841;4,40397400
-256,27487841;4,40397400
-256,19295841;4,40397400
-256,11103841;4,40397400
-256,02911841;4,31409600
-255,94719841;4,35895900
-255,86527841;4,31409600
-255,78335841;4,31409600
-255,70143841;4,31409600
-255,61951842;4,31409600
-255,53759842;4,31409600
-255,45567842;4,31409600
-255,37375842;4,31409600
-255,29183842;4,31409600
-255,20991842;4,31409600
-255,12799842;4,26908200
-255,04607842;4,26908200
-254,96415842;4,22406700
-254,88223842;4,22406700
-254,80031842;4,22406700
-254,71839842;4,22406700
-254,63647842;4,22406700
-254,55455842;4,22406700
-254,47263842;4,22406700
-254,39071842;4,17920400
-254,30879842;4,17920400
-254,22687842;4,13419000
-254,14495842;4,17920400
-254,06303842;4,13419000
-253,98111843;4,13419000
-253,89919843;4,13419000
-253,81727843;4,13419000
-253,73535843;4,13419000
-253,65343843;4,13419000
-253,57151843;4,13419000
-253,48959843;4,13419000
-253,40767843;4,08932800
-253,32575843;4,08932800
-253,24383843;4,08932800
-253,16191843;4,04431300
-253,07999843;4,04431300
-252,99807843;4,04431300
-252,91615843;4,04431300
-252,83423843;4,04431300
-252,75231843;4,04431300
-252,67039843;4,04431300
-252,58847843;3,99929800
-252,50655843;4,04431300
-252,42463843;3,95443600
-252,34271844;3,99929800
-252,26079844;3,95443600
-252,17887844;3,95443600
-252,09695844;3,95443600
-252,01503844;3,95443600
-251,93311844;3,95443600
-251,85119844;3,95443600
-251,76927844;3,95443600
-251,68735844;3,95443600
-251,60543844;3,90942100
-251,52351844;3,95443600
-251,44159844;3,90942100
-251,35967844;3,90942100
-251,27775844;3,90942100
-251,19583844;3,86455900
-251,11391844;3,86455900
-251,03199844;3,86455900
-250,95007844;3,86455900
-250,86815844;3,86455900
-250,78623844;3,90942100
-250,70431845;3,95443600
-250,62239845;3,95443600
-250,54047845;4,04431300
-250,45855845;4,13419000
-250,37663845;4,13419000
-250,29471845;4,22406700
-250,21279845;4,22406700
-250,13087845;4,31409600
-250,04895845;4,31409600
-249,96703845;4,40397400
-249,88511845;4,40397400
-249,80319845;4,44883600
-249,72127845;4,49385100
-249,63935845;4,49385100
-249,55743845;4,49385100
-249,47551845;4,53871300
-249,39359845;4,58372700
-249,31167845;4,58372700
-249,22975845;4,58372700
-249,14783845;4,62874200
-249,06591846;4,58372700
-248,98399846;4,58372700
-248,90207846;4,62874200
-248,82015846;4,62874200
-248,73823846;4,62874200
-248,65631846;4,62874200
-248,57439846;4,62874200
-248,49247846;4,62874200
-248,41055846;4,58372700
-248,32863846;4,58372700
-248,24671846;4,58372700
-248,16479846;4,58372700
-248,08287846;4,58372700
-248,00095846;4,58372700
-247,91903846;4,58372700
-247,83711846;4,53871300
-247,75519846;4,53871300
-247,67327846;4,53871300
-247,59135846;4,49385100
-247,50943846;4,49385100
-247,42751846;4,49385100
-247,34559847;4,49385100
-247,26367847;4,49385100
-247,18175847;4,49385100
-247,09983847;4,49385100
-247,01791847;4,49385100
-246,93599847;4,44883600
-246,85407847;4,44883600
-246,77215847;4,40397400
-246,69023847;4,44883600
-246,60831847;4,40397400
-246,52639847;4,40397400
-246,44447847;4,40397400
-246,36255847;4,40397400
-246,28063847;4,40397400
-246,19871847;4,40397400
-246,11679847;4,40397400
-246,03487847;4,35895900
-245,95295847;4,35895900
-245,87103847;4,31409600
-245,78911847;4,35895900
-245,70719848;4,31409600
-245,62527848;4,31409600
-245,54335848;4,31409600
-245,46143848;4,31409600
-245,37951848;4,31409600
-245,29759848;4,31409600
-245,21567848;4,26908200
-245,13375848;4,26908200
-245,05183848;4,26908200
-244,96991848;4,26908200
-244,88799848;4,22406700
-244,80607848;4,22406700
-244,72415848;4,22406700
-244,64223848;4,22406700
-244,56031848;4,22406700
-244,47839848;4,22406700
-244,39647848;4,22406700
-244,31455848;4,17920400
-244,23263848;4,17920400
-244,15071848;4,17920400
-244,06879849;4,17920400
-243,98687849;4,13419000
-243,90495849;4,13419000
-243,82303849;4,13419000
-243,74111849;4,13419000
-243,65919849;4,13419000
-243,57727849;4,13419000
-243,49535849;4,08932800
-243,41343849;4,13419000
-243,33151849;4,08932800
-243,24959849;4,08932800
-243,16767849;4,08932800
-243,08575849;4,04431300
-243,00383849;4,04431300
-242,92191849;4,04431300
-242,83999849;4,04431300
-242,75807849;4,04431300
-242,67615849;4,04431300
-242,59423849;4,04431300
-242,51231849;4,04431300
-242,43039850;3,99929800
-242,34847850;3,95443600
-242,26655850;3,95443600
-242,18463850;3,95443600
-242,10271850;3,95443600
-242,02079850;3,95443600
-241,93887850;3,95443600
-241,85695850;3,95443600
-241,77503850;3,95443600
-241,69311850;3,95443600
-241,61119850;3,95443600
-241,52927850;3,90942100
-241,44735850;3,90942100
-241,36543850;3,90942100
-241,28351850;3,90942100
-241,20159850;3,90942100
-241,11967850;3,86455900
-241,03775850;3,90942100
-240,95583850;3,86455900
-240,87391850;3,86455900
-240,79199851;3,90942100
-240,71007851;3,95443600
-240,62815851;3,95443600
-240,54623851;3,99929800
-240,46431851;4,04431300
-240,38239851;4,13419000
-240,30047851;4,17920400
-240,21855851;4,22406700
-240,13663851;4,26908200
-240,05471851;4,31409600
-239,97279851;4,31409600
-239,89087851;4,40397400
-239,80895851;4,40397400
-239,72703851;4,44883600
-239,64511851;4,44883600
-239,56319851;4,49385100
-239,48127851;4,49385100
-239,39935851;4,49385100
-239,31743851;4,53871300
-239,23551851;4,53871300
-239,15359852;4,58372700
-239,07167852;4,58372700
-238,98975852;4,58372700
-238,90783852;4,58372700
-238,82591852;4,58372700
-238,74399852;4,58372700
-238,66207852;4,58372700
-238,58015852;4,62874200
-238,49823852;4,58372700
-238,41631852;4,58372700
-238,33439852;4,58372700
-238,25247852;4,58372700
-238,17055852;4,58372700
-238,08863852;4,58372700
-238,00671852;4,58372700
-237,92479852;4,58372700
-237,84287852;4,58372700
-237,76095852;4,53871300
-237,67903852;4,53871300
-237,59711852;4,49385100
-237,51519853;4,49385100
-237,43327853;4,49385100
-237,35135853;4,49385100
-237,26943853;4,49385100
-237,18751853;4,49385100
-237,10559853;4,49385100
-237,02367853;4,44883600
-236,94175853;4,44883600
-236,85983853;4,44883600
-236,77791853;4,40397400
-236,69599853;4,40397400
-236,61407853;4,40397400
-236,53215853;4,40397400
-236,45023853;4,40397400
-236,36831853;4,40397400
-236,28639853;4,40397400
-236,20447853;4,40397400
-236,12255853;4,35895900
-236,04063853;4,35895900
-235,95871853;4,31409600
-235,87679854;4,35895900
-235,79487854;4,31409600
-235,71295854;4,31409600
-235,63103854;4,31409600
-235,54911854;4,31409600
-235,46719854;4,31409600
-235,38527854;4,31409600
-235,30335854;4,26908200
-235,22143854;4,26908200
-235,13951854;4,26908200
-235,05759854;4,26908200
-234,97567854;4,26908200
-234,89375854;4,22406700
-234,81183854;4,22406700
-234,72991854;4,22406700
-234,64799854;4,22406700
-234,56607854;4,22406700
-234,48415854;4,22406700
-234,40223854;4,22406700
-234,32031854;4,17920400
-234,23839855;4,17920400
-234,15647855;4,17920400
-234,07455855;4,13419000
-233,99263855;4,13419000
-233,91071855;4,13419000
-233,82879855;4,13419000
-233,74687855;4,13419000
-233,66495855;4,13419000
-233,58303855;4,13419000
-233,50111855;4,13419000
-233,41919855;4,13419000
-233,33727855;4,08932800
-233,25535855;4,04431300
-233,17343855;4,04431300
-233,09151855;4,08932800
-233,00959855;4,04431300
-232,92767855;4,04431300
-232,84575855;4,04431300
-232,76383855;4,04431300
-232,68191855;4,04431300
-232,59999856;4,04431300
-232,51807856;4,04431300
-232,43615856;3,99929800
-232,35423856;3,95443600
-232,27231856;3,95443600
-232,19039856;3,95443600
-232,10847856;3,95443600
-232,02655856;3,95443600
-231,94463856;3,95443600
-231,86271856;3,95443600
-231,78079856;3,95443600
-231,69887856;3,95443600
-231,61695856;3,90942100
-231,53503856;3,90942100
-231,45311856;3,90942100
-231,37119856;3,90942100
-231,28927856;3,90942100
-231,20735856;3,90942100
-231,12543856;3,86455900
-231,04351856;3,86455900
-230,96159857;3,86455900
-230,87967857;3,90942100
-230,79775857;3,95443600
-230,71583857;3,95443600
-230,63391857;3,99929800
-230,55199857;4,04431300
-230,47007857;4,13419000
-230,38815857;4,13419000
-230,30623857;4,22406700
-230,22431857;4,22406700
-230,14239857;4,26908200
-230,06047857;4,31409600
-229,97855857;4,35895900
-229,89663857;4,40397400
-229,81471857;4,40397400
-229,73279857;4,44883600
-229,65087857;4,49385100
-229,56895857;4,49385100
-229,48703857;4,49385100
-229,40511857;4,53871300
-229,32319858;4,58372700
-229,24127858;4,58372700
-229,15935858;4,58372700
-229,07743858;4,58372700
-228,99551858;4,58372700
-228,91359858;4,62874200
-228,83167858;4,62874200
-228,74975858;4,62874200
-228,66783858;4,62874200
-228,58591858;4,62874200
-228,50399858;4,62874200
-228,42207858;4,62874200
-228,34015858;4,58372700
-228,25823858;4,58372700
-228,17631858;4,58372700
-228,09439858;4,58372700
-228,01247858;4,58372700
-227,93055858;4,53871300
-227,84863858;4,58372700
-227,76671858;4,53871300
-227,68479858;4,53871300
-227,60287859;4,49385100
-227,52095859;4,49385100
-227,43903859;4,49385100
-227,35711859;4,49385100
-227,27519859;4,49385100
-227,19327859;4,49385100
-227,11135859;4,49385100
-227,02943859;4,49385100
-226,94751859;4,44883600
-226,86559859;4,44883600
-226,78367859;4,40397400
-226,70175859;4,44883600
-226,61983859;4,40397400
-226,53791859;4,40397400
-226,45599859;4,40397400
-226,37407859;4,40397400
-226,29215859;4,40397400
-226,21023859;4,40397400
-226,12831859;4,40397400
-226,04639859;4,35895900
-225,96447860;4,35895900
-225,88255860;4,35895900
-225,80063860;4,31409600
-225,71871860;4,31409600
-225,63679860;4,31409600
-225,55487860;4,31409600
-225,47295860;4,31409600
-225,39103860;4,31409600
-225,30911860;4,31409600
-225,22719860;4,26908200
-225,14527860;4,26908200
-225,06335860;4,26908200
-224,98143860;4,26908200
-224,89951860;4,22406700
-224,81759860;4,22406700
-224,73567860;4,22406700
-224,65375860;4,22406700
-224,57183860;4,22406700
-224,48991860;4,22406700
-224,40799860;4,17920400
-224,32607861;4,17920400
-224,24415861;4,17920400
-224,16223861;4,17920400
-224,08031861;4,13419000
-223,99839861;4,17920400
-223,91647861;4,13419000
-223,83455861;4,13419000
-223,75263861;4,13419000
-223,67071861;4,13419000
-223,58879861;4,13419000
-223,50687861;4,13419000
-223,42495861;4,13419000
-223,34303861;4,13419000
-223,26111861;4,08932800
-223,17919861;4,08932800
-223,09727861;4,08932800
-223,01535861;4,08932800
-222,93343861;4,04431300
-222,85151861;4,04431300
-222,76959861;4,04431300
-222,68767862;4,04431300
-222,60575862;4,04431300
-222,52383862;4,04431300
-222,44191862;4,04431300
-222,35999862;3,99929800
-222,27807862;3,95443600
-222,19615862;3,95443600
-222,11423862;3,95443600
-222,03231862;3,95443600
-221,95039862;3,95443600
-221,86847862;3,95443600
-221,78655862;3,95443600
-221,70463862;3,90942100
-221,62271862;3,95443600
-221,54079862;3,95443600
-221,45887862;3,95443600
-221,37695862;3,90942100
-221,29503862;3,90942100
-221,21311862;3,90942100
-221,13119862;3,90942100
-221,04927863;3,90942100
-220,96735863;3,86455900
-220,88543863;3,90942100
-220,80351863;3,90942100
-220,72159863;3,95443600
-220,63967863;3,95443600
-220,55775863;3,99929800
-220,47583863;4,04431300
-220,39391863;4,08932800
-220,31199863;4,13419000
-220,23007863;4,22406700
-220,14815863;4,26908200
-220,06623863;4,31409600
-219,98431863;4,31409600
-219,90239863;4,40397400
-219,82047863;4,40397400
-219,73855863;4,40397400
-219,65663863;4,49385100
-219,57471863;4,49385100
-219,49279863;4,49385100
-219,41087864;4,49385100
-219,32895864;4,53871300
-219,24703864;4,58372700
-219,16511864;4,58372700
-219,08319864;4,58372700
-219,00127864;4,58372700
-218,91935864;4,62874200
-218,83743864;4,58372700
-218,75551864;4,58372700
-218,67359864;4,62874200
-218,59167864;4,58372700
-218,50975864;4,58372700
-218,42783864;4,58372700
-218,34591864;4,58372700
-218,26399864;4,58372700
-218,18207864;4,58372700
-218,10015864;4,58372700
-218,01823864;4,58372700
-217,93631864;4,58372700
-217,85439864;4,53871300
-217,77247865;4,49385100
-217,69055865;4,53871300
-217,60863865;4,49385100
-217,52671865;4,49385100
-217,44479865;4,49385100
-217,36287865;4,49385100
-217,28095865;4,49385100
-217,19903865;4,49385100
-217,11711865;4,49385100
-217,03519865;4,44883600
-216,95327865;4,44883600
-216,87135865;4,44883600
-216,78943865;4,44883600
-216,70751865;4,40397400
-216,62559865;4,40397400
-216,54367865;4,40397400
-216,46175865;4,40397400
-216,37983865;4,40397400
-216,29791865;4,40397400
-216,21599865;4,40397400
-216,13407866;4,40397400
-216,05215866;4,35895900
-215,97023866;4,35895900
-215,88831866;4,35895900
-215,80639866;4,31409600
-215,72447866;4,31409600
-215,64255866;4,31409600
-215,56063866;4,31409600
-215,47871866;4,31409600
-215,39679866;4,31409600
-215,31487866;4,26908200
-215,23295866;4,26908200
-215,15103866;4,26908200
-215,06911866;4,26908200
-214,98719866;4,22406700
-214,90527866;4,26908200
-214,82335866;4,22406700
-214,74143866;4,22406700
-214,65951866;4,22406700
-214,57759866;4,22406700
-214,49567867;4,22406700
-214,41375867;4,17920400
-214,33183867;4,17920400
-214,24991867;4,17920400
-214,16799867;4,13419000
-214,08607867;4,17920400
-214,00415867;4,13419000
-213,92223867;4,13419000
-213,84031867;4,13419000
-213,75839867;4,13419000
-213,67647867;4,13419000
-213,59455867;4,13419000
-213,51263867;4,13419000
-213,43071867;4,08932800
-213,34879867;4,08932800
-213,26687867;4,08932800
-213,18495867;4,08932800
-213,10303867;4,08932800
-213,02111867;4,04431300
-212,93919867;4,04431300
-212,85727868;4,04431300
-212,77535868;4,04431300
-212,69343868;4,04431300
-212,61151868;3,99929800
-212,52959868;4,04431300
-212,44767868;3,99929800
-212,36575868;3,99929800
-212,28383868;3,95443600
-212,20191868;3,95443600
-212,11999868;3,95443600
-212,03807868;3,95443600
-211,95615868;3,95443600
-211,87423868;3,95443600
-211,79231868;3,95443600
-211,71039868;3,95443600
-211,62847868;3,95443600
-211,54655868;3,90942100
-211,46463868;3,90942100
-211,38271868;3,90942100
-211,30079868;3,90942100
-211,21887869;3,90942100
-211,13695869;3,86455900
-211,05503869;3,86455900
-210,97311869;3,86455900
-210,89119869;3,86455900
-210,80927869;3,90942100
-210,72735869;3,95443600
-210,64543869;3,95443600
-210,56351869;4,04431300
-210,48159869;4,08932800
-210,39967869;4,13419000
-210,31775869;4,17920400
-210,23583869;4,22406700
-210,15391869;4,26908200
-210,07199869;4,31409600
-209,99007869;4,35895900
-209,90815869;4,40397400
-209,82623869;4,40397400
-209,74431869;4,44883600
-209,66239869;4,49385100
-209,58047869;4,49385100
-209,49855870;4,53871300
-209,41663870;4,53871300
-209,33471870;4,58372700
-209,25279870;4,58372700
-209,17087870;4,58372700
-209,08895870;4,58372700
-209,00703870;4,62874200
-208,92511870;4,62874200
-208,84319870;4,62874200
-208,76127870;4,62874200
-208,67935870;4,62874200
-208,59743870;4,62874200
-208,51551870;4,58372700
-208,43359870;4,58372700
-208,35167870;4,58372700
-208,26975870;4,58372700
-208,18783870;4,58372700
-208,10591870;4,58372700
-208,02399870;4,58372700
-207,94207870;4,58372700
-207,86015871;4,53871300
-207,77823871;4,53871300
-207,69631871;4,49385100
-207,61439871;4,53871300
-207,53247871;4,49385100
-207,45055871;4,49385100
-207,36863871;4,49385100
-207,28671871;4,49385100
-207,20479871;4,49385100
-207,12287871;4,49385100
-207,04095871;4,49385100
-206,95903871;4,44883600
-206,87711871;4,44883600
-206,79519871;4,40397400
-206,71327871;4,40397400
-206,63135871;4,40397400
-206,54943871;4,40397400
-206,46751871;4,40397400
-206,38559871;4,40397400
-206,30367871;4,40397400
-206,22175872;4,40397400
-206,13983872;4,35895900
-206,05791872;4,35895900
-205,97599872;4,35895900
-205,89407872;4,35895900
-205,81215872;4,31409600
-205,73023872;4,31409600
-205,64831872;4,31409600
-205,56639872;4,31409600
-205,48447872;4,31409600
-205,40255872;4,31409600
-205,32063872;4,31409600
-205,23871872;4,26908200
-205,15679872;4,26908200
-205,07487872;4,26908200
-204,99295872;4,26908200
-204,91103872;4,22406700
-204,82911872;4,22406700
-204,74719872;4,22406700
-204,66527872;4,22406700
-204,58335873;4,22406700
-204,50143873;4,22406700
-204,41951873;4,22406700
-204,33759873;4,22406700
-204,25567873;4,17920400
-204,17375873;4,17920400
-204,09183873;4,13419000
-204,00991873;4,13419000
-203,92799873;4,13419000
-203,84607873;4,13419000
-203,76415873;4,13419000
-203,68223873;4,13419000
-203,60031873;4,13419000
-203,51839873;4,13419000
-203,43647873;4,13419000
-203,35455873;4,08932800
-203,27263873;4,08932800
-203,19071873;4,08932800
-203,10879873;4,04431300
-203,02687873;4,04431300
-202,94495874;4,04431300
-202,86303874;4,04431300
-202,78111874;4,04431300
-202,69919874;4,04431300
-202,61727874;4,04431300
-202,53535874;4,04431300
-202,45343874;4,04431300
-202,37151874;3,99929800
-202,28959874;3,95443600
-202,20767874;3,95443600
-202,12575874;3,95443600
-202,04383874;3,95443600
-201,96191874;3,95443600
-201,87999874;3,95443600
-201,79807874;3,95443600
-201,71615874;3,95443600
-201,63423874;3,95443600
-201,55231874;3,95443600
-201,47039874;3,90942100
-201,38847874;3,90942100
-201,30655875;3,90942100
-201,22463875;3,90942100
-201,14271875;3,86455900
-201,06079875;3,86455900
-200,97887875;3,86455900
-200,89695875;3,86455900
-200,81503875;3,86455900
-200,73311875;3,90942100
-200,65119875;3,95443600
-200,56927875;3,95443600
-200,48735875;4,04431300
-200,40543875;4,08932800
-200,32351875;4,13419000
-200,24159875;4,17920400
-200,15967875;4,22406700
-200,07775875;4,26908200
-199,99583875;4,31409600
-199,91391875;4,40397400
-199,83199875;4,40397400
-199,75007875;4,44883600
-199,66815876;4,44883600
-199,58623876;4,49385100
-199,50431876;4,49385100
-199,42239876;4,49385100
-199,34047876;4,53871300
-199,25855876;4,53871300
-199,17663876;4,58372700
-199,09471876;4,58372700
-199,01279876;4,58372700
-198,93087876;4,58372700
-198,84895876;4,58372700
-198,76703876;4,62874200
-198,68511876;4,58372700
-198,60319876;4,62874200
-198,52127876;4,58372700
-198,43935876;4,58372700
-198,35743876;4,62874200
-198,27551876;4,58372700
-198,19359876;4,58372700
-198,11167876;4,58372700
-198,02975877;4,58372700
-197,94783877;4,58372700
-197,86591877;4,53871300
-197,78399877;4,58372700
-197,70207877;4,53871300
-197,62015877;4,49385100
-197,53823877;4,49385100
-197,45631877;4,49385100
-197,37439877;4,49385100
-197,29247877;4,49385100
-197,21055877;4,49385100
-197,12863877;4,49385100
-197,04671877;4,49385100
-196,96479877;4,49385100
-196,88287877;4,44883600
-196,80095877;4,44883600
-196,71903877;4,40397400
-196,63711877;4,44883600
-196,55519877;4,40397400
-196,47327877;4,40397400
-196,39135878;4,40397400
-196,30943878;4,40397400
-196,22751878;4,40397400
-196,14559878;4,35895900
-196,06367878;4,31409600
-195,98175878;4,35895900
-195,89983878;4,31409600
-195,81791878;4,31409600
-195,73599878;4,31409600
-195,65407878;4,31409600
-195,57215878;4,31409600
-195,49023878;4,31409600
-195,40831878;4,31409600
-195,32639878;4,26908200
-195,24447878;4,31409600
-195,16255878;4,26908200
-195,08063878;4,26908200
-194,99871878;4,26908200
-194,91679878;4,22406700
-194,83487878;4,22406700
-194,75295879;4,22406700
-194,67103879;4,22406700
-194,58911879;4,22406700
-194,50719879;4,22406700
-194,42527879;4,22406700
-194,34335879;4,17920400
-194,26143879;4,17920400
-194,17951879;4,17920400
-194,09759879;4,13419000
-194,01567879;4,13419000
-193,93375879;4,13419000
-193,85183879;4,13419000
-193,76991879;4,13419000
-193,68799879;4,13419000
-193,60607879;4,13419000
-193,52415879;4,13419000
-193,44223879;4,13419000
-193,36031879;4,08932800
-193,27839879;4,08932800
-193,19647879;4,08932800
-193,11455880;4,04431300
-193,03263880;4,04431300
-192,95071880;4,04431300
-192,86879880;4,04431300
-192,78687880;4,04431300
-192,70495880;4,04431300
-192,62303880;4,04431300
-192,54111880;3,99929800
-192,45919880;4,04431300
-192,37727880;3,99929800
-192,29535880;3,95443600
-192,21343880;3,95443600
-192,13151880;3,95443600
-192,04959880;3,95443600
-191,96767880;3,95443600
-191,88575880;3,95443600
-191,80383880;3,95443600
-191,72191880;3,95443600
-191,63999880;3,90942100
-191,55807880;3,90942100
-191,47615881;3,95443600
-191,39423881;3,90942100
-191,31231881;3,90942100
-191,23039881;3,90942100
-191,14847881;3,90942100
-191,06655881;3,86455900
-190,98463881;3,86455900
-190,90271881;3,86455900
-190,82079881;3,90942100
-190,73887881;3,90942100
-190,65695881;3,95443600
-190,57503881;4,04431300
-190,49311881;4,08932800
-190,41119881;4,13419000
-190,32927881;4,17920400
-190,24735881;4,17920400
-190,16543881;4,26908200
-190,08351881;4,31409600
-190,00159881;4,35895900
-189,91967881;4,40397400
-189,83775881;4,40397400
-189,75583882;4,44883600
-189,67391882;4,49385100
-189,59199882;4,49385100
-189,51007882;4,53871300
-189,42815882;4,58372700
-189,34623882;4,58372700
-189,26431882;4,58372700
-189,18239882;4,58372700
-189,10047882;4,62874200
-189,01855882;4,62874200
-188,93663882;4,62874200
-188,85471882;4,67360400
-188,77279882;4,62874200
-188,69087882;4,58372700
-188,60895882;4,62874200
-188,52703882;4,62874200
-188,44511882;4,62874200
-188,36319882;4,58372700
-188,28127882;4,62874200
-188,19935882;4,58372700
-188,11743883;4,58372700
-188,03551883;4,58372700
-187,95359883;4,58372700
-187,87167883;4,58372700
-187,78975883;4,58372700
-187,70783883;4,58372700
-187,62591883;4,53871300
-187,54399883;4,53871300
-187,46207883;4,49385100
-187,38015883;4,49385100
-187,29823883;4,49385100
-187,21631883;4,49385100
-187,13439883;4,49385100
-187,05247883;4,49385100
-186,97055883;4,44883600
-186,88863883;4,49385100
-186,80671883;4,44883600
-186,72479883;4,44883600
-186,64287883;4,44883600
-186,56095883;4,40397400
-186,47903884;4,40397400
-186,39711884;4,40397400
-186,31519884;4,40397400
-186,23327884;4,40397400
-186,15135884;4,40397400
-186,06943884;4,40397400
-185,98751884;4,31409600
-185,90559884;4,35895900
-185,82367884;4,31409600
-185,74175884;4,31409600
-185,65983884;4,31409600
-185,57791884;4,31409600
-185,49599884;4,31409600
-185,41407884;4,31409600
-185,33215884;4,26908200
-185,25023884;4,31409600
-185,16831884;4,26908200
-185,08639884;4,31409600
-185,00447884;4,26908200
-184,92255884;4,26908200
-184,84063885;4,22406700
-184,75871885;4,22406700
-184,67679885;4,22406700
-184,59487885;4,22406700
-184,51295885;4,22406700
-184,43103885;4,22406700
-184,34911885;4,22406700
-184,26719885;4,17920400
-184,18527885;4,17920400
-184,10335885;4,17920400
-184,02143885;4,17920400
-183,93951885;4,13419000
-183,85759885;4,13419000
-183,77567885;4,13419000
-183,69375885;4,13419000
-183,61183885;4,13419000
-183,52991885;4,13419000
-183,44799885;4,13419000
-183,36607885;4,13419000
-183,28415885;4,08932800
-183,20223886;4,08932800
-183,12031886;4,08932800
-183,03839886;4,04431300
-182,95647886;4,04431300
-182,87455886;4,04431300
-182,79263886;4,04431300
-182,71071886;4,04431300
-182,62879886;4,04431300
-182,54687886;4,04431300
-182,46495886;3,99929800
-182,38303886;3,99929800
-182,30111886;3,95443600
-182,21919886;3,95443600
-182,13727886;3,95443600
-182,05535886;3,95443600
-181,97343886;3,95443600
-181,89151886;3,95443600
-181,80959886;3,95443600
-181,72767886;3,95443600
-181,64575886;3,95443600
-181,56383887;3,90942100
-181,48191887;3,95443600
-181,39999887;3,90942100
-181,31807887;3,90942100
-181,23615887;3,90942100
-181,15423887;3,90942100
-181,07231887;3,90942100
-180,99039887;3,90942100
-180,90847887;3,90942100
-180,82655887;3,90942100
-180,74463887;3,90942100
-180,66271887;3,95443600
-180,58079887;3,95443600
-180,49887887;4,04431300
-180,41695887;4,08932800
-180,33503887;4,13419000
-180,25311887;4,17920400
-180,17119887;4,22406700
-180,08927887;4,26908200
-180,00735887;4,31409600
-179,92543888;4,35895900
-179,84351888;4,40397400
-179,76159888;4,40397400
-179,67967888;4,44883600
-179,59775888;4,49385100
-179,51583888;4,49385100
-179,43391888;4,49385100
-179,35199888;4,49385100
-179,27007888;4,53871300
-179,18815888;4,53871300
-179,10623888;4,58372700
-179,02431888;4,58372700
-178,94239888;4,58372700
-178,86047888;4,62874200
-178,77855888;4,58372700
-178,69663888;4,58372700
-178,61471888;4,62874200
-178,53279888;4,58372700
-178,45087888;4,62874200
-178,36895888;4,58372700
-178,28703889;4,58372700
-178,20511889;4,58372700
-178,12319889;4,58372700
-178,04127889;4,58372700
-177,95935889;4,58372700
-177,87743889;4,53871300
-177,79551889;4,53871300
-177,71359889;4,53871300
-177,63167889;4,53871300
-177,54975889;4,49385100
-177,46783889;4,49385100
-177,38591889;4,49385100
-177,30399889;4,49385100
-177,22207889;4,49385100
-177,14015889;4,49385100
-177,05823889;4,49385100
-176,97631889;4,44883600
-176,89439889;4,44883600
-176,81247889;4,44883600
-176,73055889;4,40397400
-176,64863890;4,40397400
-176,56671890;4,40397400
-176,48479890;4,40397400
-176,40287890;4,40397400
-176,32095890;4,40397400
-176,23903890;4,40397400
-176,15711890;4,35895900
-176,07519890;4,35895900
-175,99327890;4,31409600
-175,91135890;4,31409600
-175,82943890;4,31409600
-175,74751890;4,31409600
-175,66559890;4,31409600
-175,58367890;4,31409600
-175,50175890;4,31409600
-175,41983890;4,31409600
-175,33791890;4,26908200
-175,25599890;4,26908200
-175,17407890;4,26908200
-175,09215890;4,26908200
-175,01023891;4,26908200
-174,92831891;4,22406700
-174,84639891;4,22406700
-174,76447891;4,22406700
-174,68255891;4,22406700
-174,60063891;4,22406700
-174,51871891;4,22406700
-174,43679891;4,22406700
-174,35487891;4,22406700
-174,27295891;4,17920400
-174,19103891;4,17920400
-174,10911891;4,17920400
-174,02719891;4,13419000
-173,94527891;4,13419000
-173,86335891;4,13419000
-173,78143891;4,13419000
-173,69951891;4,13419000
-173,61759891;4,13419000
-173,53567891;4,13419000
-173,45375891;4,08932800
-173,37183892;4,13419000
-173,28991892;4,08932800
-173,20799892;4,08932800
-173,12607892;4,08932800
-173,04415892;4,04431300
-172,96223892;4,04431300
-172,88031892;4,04431300
-172,79839892;4,04431300
-172,71647892;4,04431300
-172,63455892;4,04431300
-172,55263892;4,04431300
-172,47071892;3,99929800
-172,38879892;4,04431300
-172,30687892;3,95443600
-172,22495892;3,95443600
-172,14303892;3,95443600
-172,06111892;3,95443600
-171,97919892;3,95443600
-171,89727892;3,95443600
-171,81535892;3,95443600
-171,73343893;3,95443600
-171,65151893;3,95443600
-171,56959893;3,90942100
-171,48767893;3,90942100
-171,40575893;3,90942100
-171,32383893;3,90942100
-171,24191893;3,86455900
-171,15999893;3,90942100
-171,07807893;3,86455900
-170,99615893;3,86455900
-170,91423893;3,86455900
-170,83231893;3,90942100
-170,75039893;3,95443600
-170,66847893;3,95443600
-170,58655893;3,99929800
-170,50463893;4,04431300
-170,42271893;4,13419000
-170,34079893;4,17920400
-170,25887893;4,22406700
-170,17695893;4,26908200
-170,09503893;4,31409600
-170,01311894;4,31409600
-169,93119894;4,40397400
-169,84927894;4,40397400
-169,76735894;4,44883600
-169,68543894;4,49385100
-169,60351894;4,49385100
-169,52159894;4,49385100
-169,43967894;4,53871300
-169,35775894;4,58372700
-169,27583894;4,58372700
-169,19391894;4,58372700
-169,11199894;4,62874200
-169,03007894;4,62874200
-168,94815894;4,62874200
-168,86623894;4,62874200
-168,78431894;4,62874200
-168,70239894;4,62874200
-168,62047894;4,58372700
-168,53855894;4,62874200
-168,45663894;4,62874200
-168,37471895;4,58372700
-168,29279895;4,58372700
-168,21087895;4,58372700
-168,12895895;4,58372700
-168,04703895;4,58372700
-167,96511895;4,58372700
-167,88319895;4,58372700
-167,80127895;4,53871300
-167,71935895;4,53871300
-167,63743895;4,53871300
-167,55551895;4,53871300
-167,47359895;4,49385100
-167,39167895;4,49385100
-167,30975895;4,49385100
-167,22783895;4,49385100
-167,14591895;4,49385100
-167,06399895;4,49385100
-166,98207895;4,49385100
-166,90015895;4,44883600
-166,81823895;4,44883600
-166,73631896;4,44883600
-166,65439896;4,44883600
-166,57247896;4,40397400
-166,49055896;4,40397400
-166,40863896;4,40397400
-166,32671896;4,40397400
-166,24479896;4,40397400
-166,16287896;4,40397400
-166,08095896;4,40397400
-165,99903896;4,31409600
-165,91711896;4,31409600
-165,83519896;4,31409600
-165,75327896;4,31409600
-165,67135896;4,31409600
-165,58943896;4,31409600
-165,50751896;4,31409600
-165,42559896;4,31409600
-165,34367896;4,31409600
-165,26175896;4,26908200
-165,17983896;4,26908200
-165,09791897;4,26908200
-165,01599897;4,26908200
-164,93407897;4,26908200
-164,85215897;4,22406700
-164,77023897;4,26908200
-164,68831897;4,22406700
-164,60639897;4,22406700
-164,52447897;4,22406700
-164,44255897;4,22406700
-164,36063897;4,17920400
-164,27871897;4,17920400
-164,19679897;4,17920400
-164,11487897;4,13419000
-164,03295897;4,13419000
-163,95103897;4,13419000
-163,86911897;4,13419000
-163,78719897;4,13419000
-163,70527897;4,13419000
-163,62335897;4,13419000
-163,54143897;4,13419000
-163,45951898;4,13419000
-163,37759898;4,08932800
-163,29567898;4,08932800
-163,21375898;4,04431300
-163,13183898;4,04431300
-163,04991898;4,08932800
-162,96799898;4,04431300
-162,88607898;4,04431300
-162,80415898;4,04431300
-162,72223898;4,04431300
-162,64031898;4,04431300
-162,55839898;4,04431300
-162,47647898;4,04431300
-162,39455898;3,99929800
-162,31263898;3,95443600
-162,23071898;3,99929800
-162,14879898;3,95443600
-162,06687898;3,95443600
-161,98495898;3,95443600
-161,90303898;3,95443600
-161,82111899;3,95443600
-161,73919899;3,95443600
-161,65727899;3,95443600
-161,57535899;3,95443600
-161,49343899;3,90942100
-161,41151899;3,95443600
-161,32959899;3,90942100
-161,24767899;3,90942100
-161,16575899;3,90942100
-161,08383899;3,86455900
-161,00191899;3,86455900
-160,91999899;3,90942100
-160,83807899;3,86455900
-160,75615899;3,90942100
-160,67423899;3,95443600
-160,59231899;3,95443600
-160,51039899;4,04431300
-160,42847899;4,04431300
-160,34655899;4,13419000
-160,26463899;4,13419000
-160,18271900;4,22406700
-160,10079900;4,26908200
-160,01887900;4,31409600
-159,93695900;4,31409600
-159,85503900;4,40397400
-159,77311900;4,40397400
-159,69119900;4,44883600
-159,60927900;4,44883600
-159,52735900;4,49385100
-159,44543900;4,49385100
-159,36351900;4,53871300
-159,28159900;4,53871300
-159,19967900;4,53871300
-159,11775900;4,58372700
-159,03583900;4,58372700
-158,95391900;4,58372700
-158,87199900;4,58372700
-158,79007900;4,58372700
-158,70815900;4,58372700
-158,62623900;4,58372700
-158,54431901;4,62874200
-158,46239901;4,58372700
-158,38047901;4,58372700
-158,29855901;4,58372700
-158,21663901;4,58372700
-158,13471901;4,58372700
-158,05279901;4,58372700
-157,97087901;4,58372700
-157,88895901;4,53871300
-157,80703901;4,53871300
-157,72511901;4,53871300
-157,64319901;4,53871300
-157,56127901;4,49385100
-157,47935901;4,49385100
-157,39743901;4,49385100
-157,31551901;4,49385100
-157,23359901;4,49385100
-157,15167901;4,49385100
-157,06975901;4,49385100
-156,98783901;4,44883600
-156,90591902;4,44883600
-156,82399902;4,40397400
-156,74207902;4,40397400
-156,66015902;4,40397400
-156,57823902;4,40397400
-156,49631902;4,40397400
-156,41439902;4,40397400
-156,33247902;4,40397400
-156,25055902;4,40397400
-156,16863902;4,40397400
-156,08671902;4,35895900
-156,00479902;4,31409600
-155,92287902;4,31409600
-155,84095902;4,31409600
-155,75903902;4,31409600
-155,67711902;4,31409600
-155,59519902;4,31409600
-155,51327902;4,31409600
-155,43135902;4,31409600
-155,34943902;4,31409600
-155,26751903;4,26908200
-155,18559903;4,26908200
-155,10367903;4,26908200
-155,02175903;4,26908200
-154,93983903;4,26908200
-154,85791903;4,22406700
-154,77599903;4,22406700
-154,69407903;4,22406700
-154,61215903;4,22406700
-154,53023903;4,22406700
-154,44831903;4,22406700
-154,36639903;4,17920400
-154,28447903;4,17920400
-154,20255903;4,17920400
-154,12063903;4,17920400
-154,03871903;4,13419000
-153,95679903;4,13419000
-153,87487903;4,13419000
-153,79295903;4,13419000
-153,71103903;4,13419000
-153,62911904;4,13419000
-153,54719904;4,13419000
-153,46527904;4,13419000
-153,38335904;4,13419000
-153,30143904;4,08932800
-153,21951904;4,08932800
-153,13759904;4,08932800
-153,05567904;4,04431300
-152,97375904;4,04431300
-152,89183904;4,04431300
-152,80991904;4,04431300
-152,72799904;4,04431300
-152,64607904;4,04431300
-152,56415904;4,04431300
-152,48223904;3,99929800
-152,40031904;3,99929800
-152,31839904;3,99929800
-152,23647904;3,99929800
-152,15455904;3,95443600
-152,07263904;3,95443600
-151,99071904;3,95443600
-151,90879905;3,95443600
-151,82687905;3,95443600
-151,74495905;3,95443600
-151,66303905;3,95443600
-151,58111905;3,90942100
-151,49919905;3,90942100
-151,41727905;3,90942100
-151,33535905;3,90942100
-151,25343905;3,90942100
-151,17151905;3,86455900
-151,08959905;3,86455900
-151,00767905;3,86455900
-150,92575905;3,86455900
-150,84383905;3,90942100
-150,76191905;3,90942100
-150,67999905;3,95443600
-150,59807905;3,99929800
-150,51615905;4,04431300
-150,43423905;4,13419000
-150,35231905;4,13419000
-150,27039906;4,22406700
-150,18847906;4,26908200
-150,10655906;4,31409600
-150,02463906;4,31409600
-149,94271906;4,40397400
-149,86079906;4,40397400
-149,77887906;4,44883600
-149,69695906;4,49385100
-149,61503906;4,49385100
-149,53311906;4,49385100
-149,45119906;4,49385100
-149,36927906;4,53871300
-149,28735906;4,58372700
-149,20543906;4,58372700
-149,12351906;4,58372700
-149,04159906;4,58372700
-148,95967906;4,62874200
-148,87775906;4,62874200
-148,79583906;4,62874200
-148,71391906;4,62874200
-148,63199907;4,62874200
-148,55007907;4,58372700
-148,46815907;4,58372700
-148,38623907;4,58372700
-148,30431907;4,58372700
-148,22239907;4,58372700
-148,14047907;4,58372700
-148,05855907;4,58372700
-147,97663907;4,58372700
-147,89471907;4,58372700
-147,81279907;4,53871300
-147,73087907;4,53871300
-147,64895907;4,53871300
-147,56703907;4,49385100
-147,48511907;4,49385100
-147,40319907;4,49385100
-147,32127907;4,49385100
-147,23935907;4,49385100
-147,15743907;4,49385100
-147,07551907;4,49385100
-146,99359908;4,44883600
-146,91167908;4,44883600
-146,82975908;4,44883600
-146,74783908;4,44883600
-146,66591908;4,44883600
-146,58399908;4,40397400
-146,50207908;4,40397400
-146,42015908;4,40397400
-146,33823908;4,40397400
-146,25631908;4,40397400
-146,17439908;4,40397400
-146,09247908;4,35895900
-146,01055908;4,35895900
-145,92863908;4,31409600
-145,84671908;4,35895900
-145,76479908;4,31409600
-145,68287908;4,31409600
-145,60095908;4,31409600
-145,51903908;4,31409600
-145,43711908;4,31409600
-145,35519909;4,31409600
-145,27327909;4,26908200
-145,19135909;4,26908200
-145,10943909;4,26908200
-145,02751909;4,26908200
-144,94559909;4,26908200
-144,86367909;4,26908200
-144,78175909;4,22406700
-144,69983909;4,22406700
-144,61791909;4,22406700
-144,53599909;4,22406700
-144,45407909;4,22406700
-144,37215909;4,22406700
-144,29023909;4,17920400
-144,20831909;4,17920400
-144,12639909;4,17920400
-144,04447909;4,13419000
-143,96255909;4,13419000
-143,88063909;4,13419000
-143,79871909;4,13419000
-143,71679910;4,13419000
-143,63487910;4,13419000
-143,55295910;4,13419000
-143,47103910;4,13419000
-143,38911910;4,08932800
-143,30719910;4,13419000
-143,22527910;4,08932800
-143,14335910;4,04431300
-143,06143910;4,04431300
-142,97951910;4,04431300
-142,89759910;4,04431300
-142,81567910;4,04431300
-142,73375910;4,04431300
-142,65183910;4,04431300
-142,56991910;4,04431300
-142,48799910;4,04431300
-142,40607910;3,99929800
-142,32415910;3,95443600
-142,24223910;3,95443600
-142,16031910;3,95443600
-142,07839911;3,95443600
-141,99647911;3,95443600
-141,91455911;3,95443600
-141,83263911;3,95443600
-141,75071911;3,95443600
-141,66879911;3,95443600
-141,58687911;3,95443600
-141,50495911;3,95443600
-141,42303911;3,90942100
-141,34111911;3,90942100
-141,25919911;3,86455900
-141,17727911;3,86455900
-141,09535911;3,86455900
-141,01343911;3,86455900
-140,93151911;3,90942100
-140,84959911;3,90942100
-140,76767911;3,95443600
-140,68575911;3,95443600
-140,60383911;3,95443600
-140,52191911;3,99929800
-140,43999912;4,04431300
-140,35807912;4,13419000
-140,27615912;4,13419000
-140,19423912;4,22406700
-140,11231912;4,26908200
-140,03039912;4,31409600
-139,94847912;4,31409600
-139,86655912;4,40397400
-139,78463912;4,40397400
-139,70271912;4,44883600
-139,62079912;4,49385100
-139,53887912;4,49385100
-139,45695912;4,49385100
-139,37503912;4,53871300
-139,29311912;4,53871300
-139,21119912;4,58372700
-139,12927912;4,58372700
-139,04735912;4,58372700
-138,96543912;4,58372700
-138,88351912;4,62874200
-138,80159913;4,58372700
-138,71967913;4,58372700
-138,63775913;4,62874200
-138,55583913;4,58372700
-138,47391913;4,58372700
-138,39199913;4,58372700
-138,31007913;4,58372700
-138,22815913;4,58372700
-138,14623913;4,58372700
-138,06431913;4,58372700
-137,98239913;4,58372700
-137,90047913;4,58372700
-137,81855913;4,53871300
-137,73663913;4,53871300
-137,65471913;4,49385100
-137,57279913;4,49385100
-137,49087913;4,49385100
-137,40895913;4,49385100
-137,32703913;4,49385100
-137,24511913;4,49385100
-137,16319914;4,49385100
-137,08127914;4,49385100
-136,99935914;4,44883600
-136,91743914;4,44883600
-136,83551914;4,44883600
-136,75359914;4,44883600
-136,67167914;4,40397400
-136,58975914;4,40397400
-136,50783914;4,40397400
-136,42591914;4,40397400
-136,34399914;4,40397400
-136,26207914;4,40397400
-136,18015914;4,40397400
-136,09823914;4,35895900
-136,01631914;4,31409600
-135,93439914;4,35895900
-135,85247914;4,31409600
-135,77055914;4,31409600
-135,68863914;4,31409600
-135,60671914;4,31409600
-135,52479915;4,31409600
-135,44287915;4,31409600
-135,36095915;4,31409600
-135,27903915;4,26908200
-135,19711915;4,26908200
-135,11519915;4,26908200
-135,03327915;4,22406700
-134,95135915;4,22406700
-134,86943915;4,22406700
-134,78751915;4,22406700
-134,70559915;4,22406700
-134,62367915;4,22406700
-134,54175915;4,22406700
-134,45983915;4,22406700
-134,37791915;4,17920400
-134,29599915;4,17920400
-134,21407915;4,13419000
-134,13215915;4,17920400
-134,05023915;4,13419000
-133,96831915;4,13419000
-133,88639916;4,13419000
-133,80447916;4,13419000
-133,72255916;4,13419000
-133,64063916;4,13419000
-133,55871916;4,08932800
-133,47679916;4,08932800
-133,39487916;4,08932800
-133,31295916;4,08932800
-133,23103916;4,08932800
-133,14911916;4,04431300
-133,06719916;4,08932800
-132,98527916;4,04431300
-132,90335916;4,04431300
-132,82143916;4,04431300
-132,73951916;4,04431300
-132,65759916;4,04431300
-132,57567916;4,04431300
-132,49375916;4,04431300
-132,41183916;3,99929800
-132,32991916;3,99929800
-132,24799916;3,99929800
-132,16607917;3,95443600
-132,08415917;3,95443600
-132,00223917;3,95443600
-131,92031917;3,95443600
-131,83839917;3,95443600
-131,75647917;3,95443600
-131,67455917;3,95443600
-131,59263917;3,90942100
-131,51071917;3,90942100
-131,42879917;3,90942100
-131,34687917;3,90942100
-131,26495917;3,90942100
-131,18303917;3,86455900
-131,10111917;3,86455900
-131,01919917;3,86455900
-130,93727917;3,86455900
-130,85535917;3,86455900
-130,77343917;3,90942100
-130,69151917;3,95443600
-130,60959917;3,95443600
-130,52767918;4,04431300
-130,44575918;4,08932800
-130,36383918;4,13419000
-130,28191918;4,17920400
-130,19999918;4,22406700
-130,11807918;4,31409600
-130,03615918;4,31409600
-129,95423918;4,35895900
-129,87231918;4,40397400
-129,79039918;4,44883600
-129,70847918;4,44883600
-129,62655918;4,49385100
-129,54463918;4,49385100
-129,46271918;4,49385100
-129,38079918;4,58372700
-129,29887918;4,58372700
-129,21695918;4,58372700
-129,13503918;4,58372700
-129,05311918;4,58372700
-128,97119918;4,62874200
-128,88927919;4,62874200
-128,80735919;4,62874200
-128,72543919;4,62874200
-128,64351919;4,62874200
-128,56159919;4,62874200
-128,47967919;4,62874200
-128,39775919;4,58372700
-128,31583919;4,58372700
-128,23391919;4,58372700
-128,15199919;4,58372700
-128,07007919;4,58372700
-127,98815919;4,58372700
-127,90623919;4,58372700
-127,82431919;4,53871300
-127,74239919;4,53871300
-127,66047919;4,49385100
-127,57855919;4,49385100
-127,49663919;4,49385100
-127,41471919;4,49385100
-127,33279919;4,49385100
-127,25087920;4,49385100
-127,16895920;4,49385100
-127,08703920;4,49385100
-127,00511920;4,49385100
-126,92319920;4,44883600
-126,84127920;4,44883600
-126,75935920;4,40397400
-126,67743920;4,40397400
-126,59551920;4,40397400
-126,51359920;4,40397400
-126,43167920;4,40397400
-126,34975920;4,40397400
-126,26783920;4,40397400
-126,18591920;4,40397400
-126,10399920;4,35895900
-126,02207920;4,35895900
-125,94015920;4,31409600
-125,85823920;4,31409600
-125,77631920;4,31409600
-125,69439920;4,31409600
-125,61247921;4,31409600
-125,53055921;4,31409600
-125,44863921;4,31409600
-125,36671921;4,31409600
-125,28479921;4,31409600
-125,20287921;4,26908200
-125,12095921;4,26908200
-125,03903921;4,26908200
-124,95711921;4,22406700
-124,87519921;4,22406700
-124,79327921;4,22406700
-124,71135921;4,22406700
-124,62943921;4,22406700
-124,54751921;4,22406700
-124,46559921;4,22406700
-124,38367921;4,17920400
-124,30175921;4,17920400
-124,21983921;4,17920400
-124,13791921;4,17920400
-124,05599921;4,13419000
-123,97407922;4,13419000
-123,89215922;4,13419000
-123,81023922;4,13419000
-123,72831922;4,13419000
-123,64639922;4,13419000
-123,56447922;4,13419000
-123,48255922;4,13419000
-123,40063922;4,08932800
-123,31871922;4,08932800
-123,23679922;4,08932800
-123,15487922;4,08932800
-123,07295922;4,08932800
-122,99103922;4,04431300
-122,90911922;4,08932800
-122,82719922;4,04431300
-122,74527922;4,04431300
-122,66335922;4,04431300
-122,58143922;4,04431300
-122,49951922;4,04431300
-122,41759922;3,99929800
-122,33567923;3,99929800
-122,25375923;3,95443600
-122,17183923;3,99929800
-122,08991923;3,95443600
-122,00799923;3,95443600
-121,92607923;3,95443600
-121,84415923;3,95443600
-121,76223923;3,95443600
-121,68031923;3,95443600
-121,59839923;3,95443600
-121,51647923;3,90942100
-121,43455923;3,90942100
-121,35263923;3,90942100
-121,27071923;3,90942100
-121,18879923;3,86455900
-121,10687923;3,90942100
-121,02495923;3,86455900
-120,94303923;3,90942100
-120,86111923;3,86455900
-120,77919923;3,90942100
-120,69727924;3,95443600
-120,61535924;3,95443600
-120,53343924;3,99929800
-120,45151924;4,04431300
-120,36959924;4,08932800
-120,28767924;4,13419000
-120,20575924;4,22406700
-120,12383924;4,22406700
-120,04191924;4,31409600
-119,95999924;4,31409600
-119,87807924;4,35895900
-119,79615924;4,40397400
-119,71423924;4,40397400
-119,63231924;4,44883600
-119,55039924;4,49385100
-119,46847924;4,49385100
-119,38655924;4,49385100
-119,30463924;4,49385100
-119,22271924;4,58372700
-119,14079924;4,58372700
-119,05887925;4,58372700
-118,97695925;4,58372700
-118,89503925;4,58372700
-118,81311925;4,62874200
-118,73119925;4,62874200
-118,64927925;4,62874200
-118,56735925;4,58372700
-118,48543925;4,58372700
-118,40351925;4,58372700
-118,32159925;4,58372700
-118,23967925;4,58372700
-118,15775925;4,58372700
-118,07583925;4,58372700
-117,99391925;4,58372700
-117,91199925;4,53871300
-117,83007925;4,53871300
-117,74815925;4,53871300
-117,66623925;4,53871300
-117,58431925;4,49385100
-117,50239925;4,49385100
-117,42047926;4,49385100
-117,33855926;4,49385100
-117,25663926;4,49385100
-117,17471926;4,49385100
-117,09279926;4,44883600
-117,01087926;4,44883600
-116,92895926;4,44883600
-116,84703926;4,44883600
-116,76511926;4,44883600
-116,68319926;4,40397400
-116,60127926;4,40397400
-116,51935926;4,40397400
-116,43743926;4,40397400
-116,35551926;4,40397400
-116,27359926;4,40397400
-116,19167926;4,40397400
-116,10975926;4,35895900
-116,02783926;4,35895900
-115,94591926;4,35895900
-115,86399926;4,35895900
-115,78207927;4,31409600
-115,70015927;4,31409600
-115,61823927;4,31409600
-115,53631927;4,31409600
-115,45439927;4,31409600
-115,37247927;4,31409600
-115,29055927;4,31409600
-115,20863927;4,26908200
-115,12671927;4,26908200
-115,04479927;4,26908200
-114,96287927;4,22406700
-114,88095927;4,22406700
-114,79903927;4,22406700
-114,71711927;4,22406700
-114,63519927;4,22406700
-114,55327927;4,22406700
-114,47135927;4,22406700
-114,38943927;4,22406700
-114,30751927;4,17920400
-114,22559927;4,17920400
-114,14367928;4,17920400
-114,06175928;4,13419000
-113,97983928;4,13419000
-113,89791928;4,13419000
-113,81599928;4,13419000
-113,73407928;4,13419000
-113,65215928;4,13419000
-113,57023928;4,13419000
-113,48831928;4,13419000
-113,40639928;4,08932800
-113,32447928;4,08932800
-113,24255928;4,08932800
-113,16063928;4,04431300
-113,07871928;4,04431300
-112,99679928;4,04431300
-112,91487928;4,04431300
-112,83295928;4,04431300
-112,75103928;4,04431300
-112,66911928;4,04431300
-112,58719928;4,04431300
-112,50527928;3,99929800
-112,42335929;3,99929800
-112,34143929;3,99929800
-112,25951929;3,95443600
-112,17759929;3,95443600
-112,09567929;3,95443600
-112,01375929;3,95443600
-111,93183929;3,95443600
-111,84991929;3,95443600
-111,76799929;3,95443600
-111,68607929;3,95443600
-111,60415929;3,95443600
-111,52223929;3,95443600
-111,44031929;3,90942100
-111,35839929;3,90942100
-111,27647929;3,86455900
-111,19455929;3,90942100
-111,11263929;3,90942100
-111,03071929;3,86455900
-110,94879929;3,86455900
-110,86687929;3,86455900
-110,78495930;3,90942100
-110,70303930;3,95443600
-110,62111930;3,95443600
-110,53919930;4,04431300
-110,45727930;4,04431300
-110,37535930;4,13419000
-110,29343930;4,22406700
-110,21151930;4,22406700
-110,12959930;4,26908200
-110,04767930;4,31409600
-109,96575930;4,40397400
-109,88383930;4,40397400
-109,80191930;4,40397400
-109,71999930;4,44883600
-109,63807930;4,49385100
-109,55615930;4,49385100
-109,47423930;4,49385100
-109,39231930;4,53871300
-109,31039930;4,58372700
-109,22847930;4,58372700
-109,14655931;4,58372700
-109,06463931;4,62874200
-108,98271931;4,62874200
-108,90079931;4,62874200
-108,81887931;4,62874200
-108,73695931;4,62874200
-108,65503931;4,62874200
-108,57311931;4,62874200
-108,49119931;4,58372700
-108,40927931;4,62874200
-108,32735931;4,58372700
-108,24543931;4,58372700
-108,16351931;4,58372700
-108,08159931;4,58372700
-107,99967931;4,58372700
-107,91775931;4,58372700
-107,83583931;4,53871300
-107,75391931;4,53871300
-107,67199931;4,53871300
-107,59007931;4,53871300
-107,50815932;4,49385100
-107,42623932;4,49385100
-107,34431932;4,49385100
-107,26239932;4,49385100
-107,18047932;4,49385100
-107,09855932;4,49385100
-107,01663932;4,44883600
-106,93471932;4,44883600
-106,85279932;4,44883600
-106,77087932;4,40397400
-106,68895932;4,44883600
-106,60703932;4,40397400
-106,52511932;4,44883600
-106,44319932;4,40397400
-106,36127932;4,40397400
-106,27935932;4,40397400
-106,19743932;4,40397400
-106,11551932;4,40397400
-106,03359932;4,40397400
-105,95167932;4,35895900
-105,86975933;4,31409600
-105,78783933;4,31409600
-105,70591933;4,31409600
-105,62399933;4,31409600
-105,54207933;4,31409600
-105,46015933;4,31409600
-105,37823933;4,31409600
-105,29631933;4,31409600
-105,21439933;4,26908200
-105,13247933;4,26908200
-105,05055933;4,26908200
-104,96863933;4,26908200
-104,88671933;4,22406700
-104,80479933;4,26908200
-104,72287933;4,22406700
-104,64095933;4,22406700
-104,55903933;4,22406700
-104,47711933;4,22406700
-104,39519933;4,22406700
-104,31327933;4,17920400
-104,23135934;4,17920400
-104,14943934;4,17920400
-104,06751934;4,17920400
-103,98559934;4,13419000
-103,90367934;4,13419000
-103,82175934;4,13419000
-103,73983934;4,13419000
-103,65791934;4,13419000
-103,57599934;4,13419000
-103,49407934;4,13419000
-103,41215934;4,08932800
-103,33023934;4,08932800
-103,24831934;4,08932800
-103,16639934;4,08932800
-103,08447934;4,08932800
-103,00255934;4,08932800
-102,92063934;4,04431300
-102,83871934;4,04431300
-102,75679934;4,04431300
-102,67487934;4,04431300
-102,59295935;4,04431300
-102,51103935;4,04431300
-102,42911935;4,04431300
-102,34719935;4,04431300
-102,26527935;3,95443600
-102,18335935;3,95443600
-102,10143935;3,95443600
-102,01951935;3,95443600
-101,93759935;3,95443600
-101,85567935;3,95443600
-101,77375935;3,95443600
-101,69183935;3,95443600
-101,60991935;3,95443600
-101,52799935;3,90942100
-101,44607935;3,95443600
-101,36415935;3,90942100
-101,28223935;3,90942100
-101,20031935;3,90942100
-101,11839935;3,90942100
-101,03647935;3,86455900
-100,95455936;3,86455900
-100,87263936;3,86455900
-100,79071936;3,90942100
-100,70879936;3,90942100
-100,62687936;3,95443600
-100,54495936;3,99929800
-100,46303936;4,04431300
-100,38111936;4,08932800
-100,29919936;4,13419000
-100,21727936;4,22406700
-100,13535936;4,26908200
-100,05343936;4,31409600
-99,97151936;4,31409600
-99,88959936;4,31409600
-99,80767936;4,40397400
-99,72575936;4,40397400
-99,64383936;4,44883600
-99,56191936;4,49385100
-99,47999936;4,49385100
-99,39807936;4,49385100
-99,31615937;4,49385100
-99,23423937;4,53871300
-99,15231937;4,58372700
-99,07039937;4,58372700
-98,98847937;4,58372700
-98,90655937;4,58372700
-98,82463937;4,58372700
-98,74271937;4,58372700
-98,66079937;4,62874200
-98,57887937;4,62874200
-98,49695937;4,58372700
-98,41503937;4,58372700
-98,33311937;4,58372700
-98,25119937;4,58372700
-98,16927937;4,58372700
-98,08735937;4,58372700
-98,00543937;4,58372700
-97,92351937;4,53871300
-97,84159937;4,53871300
-97,75967937;4,49385100
-97,67775938;4,49385100
-97,59583938;4,49385100
-97,51391938;4,49385100
-97,43199938;4,49385100
-97,35007938;4,49385100
-97,26815938;4,49385100
-97,18623938;4,49385100
-97,10431938;4,49385100
-97,02239938;4,49385100
-96,94047938;4,44883600
-96,85855938;4,44883600
-96,77663938;4,44883600
-96,69471938;4,44883600
-96,61279938;4,40397400
-96,53087938;4,40397400
-96,44895938;4,40397400
-96,36703938;4,40397400
-96,28511938;4,40397400
-96,20319938;4,40397400
-96,12127938;4,35895900
-96,03935939;4,35895900
-95,95743939;4,31409600
-95,87551939;4,31409600
-95,79359939;4,31409600
-95,71167939;4,31409600
-95,62975939;4,31409600
-95,54783939;4,31409600
-95,46591939;4,31409600
-95,38399939;4,31409600
-95,30207939;4,31409600
-95,22015939;4,26908200
-95,13823939;4,26908200
-95,05631939;4,22406700
-94,97439939;4,22406700
-94,89247939;4,22406700
-94,81055939;4,22406700
-94,72863939;4,22406700
-94,64671939;4,22406700
-94,56479939;4,22406700
-94,48287939;4,17920400
-94,40095939;4,17920400
-94,31903940;4,17920400
-94,23711940;4,17920400
-94,15519940;4,13419000
-94,07327940;4,13419000
-93,99135940;4,13419000
-93,90943940;4,13419000
-93,82751940;4,13419000
-93,74559940;4,13419000
-93,66367940;4,13419000
-93,58175940;4,13419000
-93,49983940;4,13419000
-93,41791940;4,13419000
-93,33599940;4,08932800
-93,25407940;4,08932800
-93,17215940;4,04431300
-93,09023940;4,08932800
-93,00831940;4,08932800
-92,92639940;4,04431300
-92,84447940;4,04431300
-92,76255940;4,04431300
-92,68063941;4,04431300
-92,59871941;4,04431300
-92,51679941;3,99929800
-92,43487941;3,99929800
-92,35295941;4,04431300
-92,27103941;3,99929800
-92,18911941;3,95443600
-92,10719941;3,95443600
-92,02527941;3,95443600
-91,94335941;3,95443600
-91,86143941;3,95443600
-91,77951941;3,95443600
-91,69759941;3,95443600
-91,61567941;3,95443600
-91,53375941;3,95443600
-91,45183941;3,95443600
-91,36991941;3,90942100
-91,28799941;3,90942100
-91,20607941;3,90942100
-91,12415941;3,90942100
-91,04223942;3,90942100
-90,96031942;3,86455900
-90,87839942;3,86455900
-90,79647942;3,86455900
-90,71455942;3,95443600
-90,63263942;3,95443600
-90,55071942;4,04431300
-90,46879942;4,04431300
-90,38687942;4,13419000
-90,30495942;4,13419000
-90,22303942;4,22406700
-90,14111942;4,26908200
-90,05919942;4,31409600
-89,97727942;4,31409600
-89,89535942;4,40397400
-89,81343942;4,40397400
-89,73151942;4,44883600
-89,64959942;4,49385100
-89,56767942;4,49385100
-89,48575942;4,53871300
-89,40383943;4,53871300
-89,32191943;4,58372700
-89,23999943;4,58372700
-89,15807943;4,58372700
-89,07615943;4,58372700
-88,99423943;4,58372700
-88,91231943;4,62874200
-88,83039943;4,62874200
-88,74847943;4,62874200
-88,66655943;4,58372700
-88,58463943;4,62874200
-88,50271943;4,62874200
-88,42079943;4,62874200
-88,33887943;4,58372700
-88,25695943;4,58372700
-88,17503943;4,58372700
-88,09311943;4,58372700
-88,01119943;4,58372700
-87,92927943;4,53871300
-87,84735943;4,53871300
-87,76543944;4,53871300
-87,68351944;4,53871300
-87,60159944;4,49385100
-87,51967944;4,49385100
-87,43775944;4,49385100
-87,35583944;4,49385100
-87,27391944;4,49385100
-87,19199944;4,49385100
-87,11007944;4,49385100
-87,02815944;4,49385100
-86,94623944;4,44883600
-86,86431944;4,44883600
-86,78239944;4,44883600
-86,70047944;4,40397400
-86,61855944;4,40397400
-86,53663944;4,40397400
-86,45471944;4,40397400
-86,37279944;4,40397400
-86,29087944;4,40397400
-86,20895944;4,35895900
-86,12703945;4,40397400
-86,04511945;4,40397400
-85,96319945;4,35895900
-85,88127945;4,35895900
-85,79935945;4,31409600
-85,71743945;4,31409600
-85,63551945;4,31409600
-85,55359945;4,31409600
-85,47167945;4,31409600
-85,38975945;4,31409600
-85,30783945;4,31409600
-85,22591945;4,26908200
-85,14399945;4,26908200
-85,06207945;4,26908200
-84,98015945;4,22406700
-84,89823945;4,22406700
-84,81631945;4,22406700
-84,73439945;4,22406700
-84,65247945;4,22406700
-84,57055945;4,22406700
-84,48863946;4,22406700
-84,40671946;4,17920400
-84,32479946;4,17920400
-84,24287946;4,17920400
-84,16095946;4,17920400
-84,07903946;4,17920400
-83,99711946;4,13419000
-83,91519946;4,13419000
-83,83327946;4,13419000
-83,75135946;4,13419000
-83,66943946;4,13419000
-83,58751946;4,13419000
-83,50559946;4,13419000
-83,42367946;4,08932800
-83,34175946;4,08932800
-83,25983946;4,08932800
-83,17791946;4,04431300
-83,09599946;4,08932800
-83,01407946;4,04431300
-82,93215946;4,04431300
-82,85023947;4,04431300
-82,76831947;4,04431300
-82,68639947;4,04431300
-82,60447947;4,04431300
-82,52255947;4,04431300
-82,44063947;4,04431300
-82,35871947;3,99929800
-82,27679947;3,95443600
-82,19487947;3,95443600
-82,11295947;3,95443600
-82,03103947;3,95443600
-81,94911947;3,95443600
-81,86719947;3,95443600
-81,78527947;3,95443600
-81,70335947;3,95443600
-81,62143947;3,95443600
-81,53951947;3,95443600
-81,45759947;3,90942100
-81,37567947;3,90942100
-81,29375947;3,90942100
-81,21183948;3,90942100
-81,12991948;3,90942100
-81,04799948;3,86455900
-80,96607948;3,90942100
-80,88415948;3,86455900
-80,80223948;3,86455900
-80,72031948;3,90942100
-80,63839948;3,95443600
-80,55647948;3,95443600
-80,47455948;4,04431300
-80,39263948;4,04431300
-80,31071948;4,13419000
-80,22879948;4,17920400
-80,14687948;4,22406700
-80,06495948;4,26908200
-79,98303948;4,31409600
-79,90111948;4,31409600
-79,81919948;4,40397400
-79,73727948;4,40397400
-79,65535948;4,40397400
-79,57343949;4,44883600
-79,49151949;4,49385100
-79,40959949;4,49385100
-79,32767949;4,49385100
-79,24575949;4,53871300
-79,16383949;4,53871300
-79,08191949;4,58372700
-78,99999949;4,58372700
-78,91807949;4,58372700
-78,83615949;4,58372700
-78,75423949;4,58372700
-78,67231949;4,58372700
-78,59039949;4,58372700
-78,50847949;4,58372700
-78,42655949;4,58372700
-78,34463949;4,58372700
-78,26271949;4,58372700
-78,18079949;4,58372700
-78,09887949;4,58372700
-78,01695949;4,58372700
-77,93503950;4,53871300
-77,85311950;4,53871300
-77,77119950;4,53871300
-77,68927950;4,49385100
-77,60735950;4,49385100
-77,52543950;4,49385100
-77,44351950;4,49385100
-77,36159950;4,49385100
-77,27967950;4,49385100
-77,19775950;4,49385100
-77,11583950;4,49385100
-77,03391950;4,49385100
-76,95199950;4,44883600
-76,87007950;4,44883600
-76,78815950;4,40397400
-76,70623950;4,40397400
-76,62431950;4,40397400
-76,54239950;4,40397400
-76,46047950;4,40397400
-76,37855950;4,40397400
-76,29663951;4,40397400
-76,21471951;4,40397400
-76,13279951;4,40397400
-76,05087951;4,40397400
-75,96895951;4,31409600
-75,88703951;4,31409600
-75,80511951;4,31409600
-75,72319951;4,31409600
-75,64127951;4,31409600
-75,55935951;4,31409600
-75,47743951;4,31409600
-75,39551951;4,26908200
-75,31359951;4,31409600
-75,23167951;4,26908200
-75,14975951;4,26908200
-75,06783951;4,26908200
-74,98591951;4,26908200
-74,90399951;4,26908200
-74,82207951;4,22406700
-74,74015951;4,22406700
-74,65823951;4,22406700
-74,57631952;4,22406700
-74,49439952;4,22406700
-74,41247952;4,17920400
-74,33055952;4,17920400
-74,24863952;4,17920400
-74,16671952;4,17920400
-74,08479952;4,13419000
-74,00287952;4,17920400
-73,92095952;4,13419000
-73,83903952;4,13419000
-73,75711952;4,13419000
-73,67519952;4,13419000
-73,59327952;4,13419000
-73,51135952;4,13419000
-73,42943952;4,13419000
-73,34751952;4,08932800
-73,26559952;4,08932800
-73,18367952;4,08932800
-73,10175952;4,04431300
-73,01983952;4,08932800
-72,93791953;4,04431300
-72,85599953;4,04431300
-72,77407953;4,04431300
-72,69215953;4,04431300
-72,61023953;4,04431300
-72,52831953;4,04431300
-72,44639953;3,99929800
-72,36447953;3,95443600
-72,28255953;3,95443600
-72,20063953;3,95443600
-72,11871953;3,95443600
-72,03679953;3,95443600
-71,95487953;3,95443600
-71,87295953;3,95443600
-71,79103953;3,95443600
-71,70911953;3,95443600
-71,62719953;3,95443600
-71,54527953;3,90942100
-71,46335953;3,90942100
-71,38143953;3,90942100
-71,29951954;3,90942100
-71,21759954;3,86455900
-71,13567954;3,86455900
-71,05375954;3,90942100
-70,97183954;3,86455900
-70,88991954;3,86455900
-70,80799954;3,90942100
-70,72607954;3,95443600
-70,64415954;3,95443600
-70,56223954;4,04431300
-70,48031954;4,08932800
-70,39839954;4,08932800
-70,31647954;4,13419000
-70,23455954;4,22406700
-70,15263954;4,26908200
-70,07071954;4,31409600
-69,98879954;4,35895900
-69,90687954;4,40397400
-69,82495954;4,40397400
-69,74303954;4,44883600
-69,66111955;4,49385100
-69,57919955;4,49385100
-69,49727955;4,49385100
-69,41535955;4,49385100
-69,33343955;4,53871300
-69,25151955;4,58372700
-69,16959955;4,58372700
-69,08767955;4,58372700
-69,00575955;4,62874200
-68,92383955;4,62874200
-68,84191955;4,62874200
-68,75999955;4,62874200
-68,67807955;4,67360400
-68,59615955;4,58372700
-68,51423955;4,62874200
-68,43231955;4,58372700
-68,35039955;4,58372700
-68,26847955;4,58372700
-68,18655955;4,58372700
-68,10463955;4,58372700
-68,02271956;4,58372700
-67,94079956;4,58372700
-67,85887956;4,58372700
-67,77695956;4,53871300
-67,69503956;4,53871300
-67,61311956;4,49385100
-67,53119956;4,49385100
-67,44927956;4,49385100
-67,36735956;4,49385100
-67,28543956;4,49385100
-67,20351956;4,49385100
-67,12159956;4,49385100
-67,03967956;4,44883600
-66,95775956;4,49385100
-66,87583956;4,44883600
-66,79391956;4,44883600
-66,71199956;4,44883600
-66,63007956;4,40397400
-66,54815956;4,40397400
-66,46623956;4,40397400
-66,38431957;4,40397400
-66,30239957;4,40397400
-66,22047957;4,40397400
-66,13855957;4,40397400
-66,05663957;4,35895900
-65,97471957;4,35895900
-65,89279957;4,31409600
-65,81087957;4,31409600
-65,72895957;4,31409600
-65,64703957;4,31409600
-65,56511957;4,31409600
-65,48319957;4,31409600
-65,40127957;4,31409600
-65,31935957;4,31409600
-65,23743957;4,31409600
-65,15551957;4,26908200
-65,07359957;4,26908200
-64,99167957;4,26908200
-64,90975957;4,22406700
-64,82783957;4,22406700
-64,74591958;4,22406700
-64,66399958;4,22406700
-64,58207958;4,22406700
-64,50015958;4,22406700
-64,41823958;4,17920400
-64,33631958;4,17920400
-64,25439958;4,17920400
-64,17247958;4,17920400
-64,09055958;4,17920400
-64,00863958;4,13419000
-63,92671958;4,13419000
-63,84479958;4,13419000
-63,76287958;4,13419000
-63,68095958;4,13419000
-63,59903958;4,13419000
-63,51711958;4,13419000
-63,43519958;4,08932800
-63,35327958;4,08932800
-63,27135958;4,08932800
-63,18943958;4,08932800
-63,10751959;4,04431300
-63,02559959;4,04431300
-62,94367959;4,04431300
-62,86175959;4,04431300
-62,77983959;4,04431300
-62,69791959;4,04431300
-62,61599959;4,04431300
-62,53407959;4,04431300
-62,45215959;3,99929800
-62,37023959;3,99929800
-62,28831959;3,95443600
-62,20639959;3,99929800
-62,12447959;3,95443600
-62,04255959;3,95443600
-61,96063959;3,95443600
-61,87871959;3,95443600
-61,79679959;3,95443600
-61,71487959;3,95443600
-61,63295959;3,95443600
-61,55103959;3,90942100
-61,46911960;3,90942100
-61,38719960;3,90942100
-61,30527960;3,90942100
-61,22335960;3,90942100
-61,14143960;3,86455900
-61,05951960;3,86455900
-60,97759960;3,86455900
-60,89567960;3,86455900
-60,81375960;3,90942100
-60,73183960;3,90942100
-60,64991960;3,95443600
-60,56799960;3,95443600
-60,48607960;4,04431300
-60,40415960;4,04431300
-60,32223960;4,13419000
-60,24031960;4,17920400
-60,15839960;4,22406700
-60,07647960;4,26908200
-59,99455960;4,31409600
-59,91263960;4,31409600
-59,83071961;4,40397400
-59,74879961;4,40397400
-59,66687961;4,44883600
-59,58495961;4,44883600
-59,50303961;4,49385100
-59,42111961;4,49385100
-59,33919961;4,53871300
-59,25727961;4,53871300
-59,17535961;4,53871300
-59,09343961;4,58372700
-59,01151961;4,58372700
-58,92959961;4,58372700
-58,84767961;4,58372700
-58,76575961;4,62874200
-58,68383961;4,58372700
-58,60191961;4,58372700
-58,51999961;4,58372700
-58,43807961;4,58372700
-58,35615961;4,58372700
-58,27423961;4,58372700
-58,19231962;4,58372700
-58,11039962;4,58372700
-58,02847962;4,58372700
-57,94655962;4,58372700
-57,86463962;4,53871300
-57,78271962;4,53871300
-57,70079962;4,53871300
-57,61887962;4,53871300
-57,53695962;4,49385100
-57,45503962;4,49385100
-57,37311962;4,49385100
-57,29119962;4,49385100
-57,20927962;4,49385100
-57,12735962;4,44883600
-57,04543962;4,49385100
-56,96351962;4,44883600
-56,88159962;4,44883600
-56,79967962;4,44883600
-56,71775962;4,44883600
-56,63583962;4,40397400
-56,55391963;4,40397400
-56,47199963;4,40397400
-56,39007963;4,40397400
-56,30815963;4,40397400
-56,22623963;4,40397400
-56,14431963;4,40397400
-56,06239963;4,35895900
-55,98047963;4,40397400
-55,89855963;4,31409600
-55,81663963;4,31409600
-55,73471963;4,31409600
-55,65279963;4,31409600
-55,57087963;4,31409600
-55,48895963;4,31409600
-55,40703963;4,31409600
-55,32511963;4,31409600
-55,24319963;4,26908200
-55,16127963;4,26908200
-55,07935963;4,26908200
-54,99743963;4,26908200
-54,91551963;4,22406700
-54,83359964;4,22406700
-54,75167964;4,22406700
-54,66975964;4,22406700
-54,58783964;4,22406700
-54,50591964;4,22406700
-54,42399964;4,22406700
-54,34207964;4,17920400
-54,26015964;4,17920400
-54,17823964;4,17920400
-54,09631964;4,13419000
-54,01439964;4,13419000
-53,93247964;4,13419000
-53,85055964;4,13419000
-53,76863964;4,13419000
-53,68671964;4,13419000
-53,60479964;4,13419000
-53,52287964;4,13419000
-53,44095964;4,08932800
-53,35903964;4,08932800
-53,27711964;4,08932800
-53,19519965;4,08932800
-53,11327965;4,04431300
-53,03135965;4,04431300
-52,94943965;4,04431300
-52,86751965;4,04431300
-52,78559965;4,04431300
-52,70367965;4,04431300
-52,62175965;4,04431300
-52,53983965;4,04431300
-52,45791965;3,99929800
-52,37599965;3,99929800
-52,29407965;3,99929800
-52,21215965;3,95443600
-52,13023965;3,95443600
-52,04831965;3,95443600
-51,96639965;3,95443600
-51,88447965;3,95443600
-51,80255965;3,95443600
-51,72063965;3,95443600
-51,63871965;3,95443600
-51,55679966;3,90942100
-51,47487966;3,95443600
-51,39295966;3,90942100
-51,31103966;3,90942100
-51,22911966;3,86455900
-51,14719966;3,86455900
-51,06527966;3,86455900
-50,98335966;3,86455900
-50,90143966;3,86455900
-50,81951966;3,86455900
-50,73759966;3,90942100
-50,65567966;3,95443600
-50,57375966;3,95443600
-50,49183966;4,04431300
-50,40991966;4,08932800
-50,32799966;4,13419000
-50,24607966;4,22406700
-50,16415966;4,22406700
-50,08223966;4,31409600
-50,00031966;4,31409600
-49,91839967;4,40397400
-49,83647967;4,40397400
-49,75455967;4,44883600
-49,67263967;4,49385100
-49,59071967;4,49385100
-49,50879967;4,49385100
-49,42687967;4,53871300
-49,34495967;4,58372700
-49,26303967;4,58372700
-49,18111967;4,58372700
-49,09919967;4,58372700
-49,01727967;4,58372700
-48,93535967;4,62874200
-48,85343967;4,62874200
-48,77151967;4,62874200
-48,68959967;4,62874200
-48,60767967;4,58372700
-48,52575967;4,62874200
-48,44383967;4,62874200
-48,36191967;4,58372700
-48,27999968;4,58372700
-48,19807968;4,58372700
-48,11615968;4,58372700
-48,03423968;4,58372700
-47,95231968;4,58372700
-47,87039968;4,53871300
-47,78847968;4,53871300
-47,70655968;4,53871300
-47,62463968;4,53871300
-47,54271968;4,49385100
-47,46079968;4,49385100
-47,37887968;4,49385100
-47,29695968;4,49385100
-47,21503968;4,49385100
-47,13311968;4,49385100
-47,05119968;4,49385100
-46,96927968;4,49385100
-46,88735968;4,44883600
-46,80543968;4,49385100
-46,72351968;4,40397400
-46,64159969;4,40397400
-46,55967969;4,40397400
-46,47775969;4,40397400
-46,39583969;4,40397400
-46,31391969;4,40397400
-46,23199969;4,40397400
-46,15007969;4,40397400
-46,06815969;4,40397400
-45,98623969;4,31409600
-45,90431969;4,35895900
-45,82239969;4,35895900
-45,74047969;4,31409600
-45,65855969;4,31409600
-45,57663969;4,31409600
-45,49471969;4,31409600
-45,41279969;4,31409600
-45,33087969;4,31409600
-45,24895969;4,26908200
-45,16703969;4,26908200
-45,08511969;4,26908200
-45,00319970;4,26908200
-44,92127970;4,26908200
-44,83935970;4,22406700
-44,75743970;4,22406700
-44,67551970;4,22406700
-44,59359970;4,22406700
-44,51167970;4,22406700
-44,42975970;4,22406700
-44,34783970;4,22406700
-44,26591970;4,17920400
-44,18399970;4,17920400
-44,10207970;4,13419000
-44,02015970;4,13419000
-43,93823970;4,13419000
-43,85631970;4,13419000
-43,77439970;4,13419000
-43,69247970;4,13419000
-43,61055970;4,13419000
-43,52863970;4,13419000
-43,44671970;4,13419000
-43,36479971;4,13419000
-43,28287971;4,08932800
-43,20095971;4,08932800
-43,11903971;4,08932800
-43,03711971;4,04431300
-42,95519971;4,04431300
-42,87327971;4,04431300
-42,79135971;4,04431300
-42,70943971;4,04431300
-42,62751971;4,04431300
-42,54559971;4,04431300
-42,46367971;4,04431300
-42,38175971;3,99929800
-42,29983971;3,95443600
-42,21791971;3,95443600
-42,13599971;3,95443600
-42,05407971;3,95443600
-41,97215971;3,95443600
-41,89023971;3,95443600
-41,80831971;3,95443600
-41,72639972;3,95443600
-41,64447972;3,95443600
-41,56255972;3,95443600
-41,48063972;3,95443600
-41,39871972;3,95443600
-41,31679972;3,90942100
-41,23487972;3,90942100
-41,15295972;3,86455900
-41,07103972;3,86455900
-40,98911972;3,86455900
-40,90719972;3,86455900
-40,82527972;3,86455900
-40,74335972;3,86455900
-40,66143972;3,95443600
-40,57951972;3,95443600
-40,49759972;3,99929800
-40,41567972;4,04431300
-40,33375972;4,08932800
-40,25183972;4,17920400
-40,16991972;4,22406700
-40,08799973;4,22406700
-40,00607973;4,31409600
-39,92415973;4,31409600
-39,84223973;4,40397400
-39,76031973;4,40397400
-39,67839973;4,44883600
-39,59647973;4,44883600
-39,51455973;4,49385100
-39,43263973;4,49385100
-39,35071973;4,49385100
-39,26879973;4,53871300
-39,18687973;4,53871300
-39,10495973;4,58372700
-39,02303973;4,58372700
-38,94111973;4,58372700
-38,85919973;4,58372700
-38,77727973;4,62874200
-38,69535973;4,62874200
-38,61343973;4,58372700
-38,53151973;4,58372700
-38,44959974;4,58372700
-38,36767974;4,62874200
-38,28575974;4,58372700
-38,20383974;4,58372700
-38,12191974;4,58372700
-38,03999974;4,58372700
-37,95807974;4,58372700
-37,87615974;4,58372700
-37,79423974;4,53871300
-37,71231974;4,53871300
-37,63039974;4,53871300
-37,54847974;4,49385100
-37,46655974;4,49385100
-37,38463974;4,49385100
-37,30271974;4,49385100
-37,22079974;4,49385100
-37,13887974;4,49385100
-37,05695974;4,49385100
-36,97503974;4,49385100
-36,89311974;4,44883600
-36,81119974;4,44883600
-36,72927975;4,44883600
-36,64735975;4,40397400
-36,56543975;4,40397400
-36,48351975;4,40397400
-36,40159975;4,40397400
-36,31967975;4,40397400
-36,23775975;4,35895900
-36,15583975;4,40397400
-36,07391975;4,35895900
-35,99199975;4,31409600
-35,91007975;4,35895900
-35,82815975;4,31409600
-35,74623975;4,31409600
-35,66431975;4,31409600
-35,58239975;4,31409600
-35,50047975;4,31409600
-35,41855975;4,31409600
-35,33663975;4,31409600
-35,25471975;4,31409600
-35,17279975;4,26908200
-35,09087976;4,26908200
-35,00895976;4,26908200
-34,92703976;4,26908200
-34,84511976;4,22406700
-34,76319976;4,22406700
-34,68127976;4,22406700
-34,59935976;4,22406700
-34,51743976;4,22406700
-34,43551976;4,22406700
-34,35359976;4,22406700
-34,27167976;4,17920400
-34,18975976;4,17920400
-34,10783976;4,17920400
-34,02591976;4,13419000
-33,94399976;4,13419000
-33,86207976;4,13419000
-33,78015976;4,13419000
-33,69823976;4,13419000
-33,61631976;4,13419000
-33,53439976;4,13419000
-33,45247977;4,13419000
-33,37055977;4,13419000
-33,28863977;4,08932800
-33,20671977;4,04431300
-33,12479977;4,08932800
-33,04287977;4,08932800
-32,96095977;4,04431300
-32,87903977;4,04431300
-32,79711977;4,04431300
-32,71519977;4,04431300
-32,63327977;4,04431300
-32,55135977;4,04431300
-32,46943977;3,99929800
-32,38751977;3,99929800
-32,30559977;3,95443600
-32,22367977;3,99929800
-32,14175977;3,99929800
-32,05983977;3,95443600
-31,97791977;3,95443600
-31,89599977;3,95443600
-31,81407978;3,95443600
-31,73215978;3,95443600
-31,65023978;3,95443600
-31,56831978;3,95443600
-31,48639978;3,95443600
-31,40447978;3,95443600
-31,32255978;3,90942100
-31,24063978;3,90942100
-31,15871978;3,86455900
-31,07679978;3,86455900
-30,99487978;3,86455900
-30,91295978;3,86455900
-30,83103978;3,90942100
-30,74911978;3,90942100
-30,66719978;3,95443600
-30,58527978;3,95443600
-30,50335978;4,04431300
-30,42143978;4,08932800
-30,33951978;4,13419000
-30,25759978;4,17920400
-30,17567979;4,26908200
-30,09375979;4,31409600
-30,01183979;4,31409600
-29,92991979;4,40397400
-29,84799979;4,40397400
-29,76607979;4,44883600
-29,68415979;4,49385100
-29,60223979;4,49385100
-29,52031979;4,49385100
-29,43839979;4,49385100
-29,35647979;4,58372700
-29,27455979;4,53871300
-29,19263979;4,58372700
-29,11071979;4,58372700
-29,02879979;4,62874200
-28,94687979;4,62874200
-28,86495979;4,62874200
-28,78303979;4,62874200
-28,70111979;4,62874200
-28,61919979;4,62874200
-28,53727980;4,62874200
-28,45535980;4,58372700
-28,37343980;4,58372700
-28,29151980;4,58372700
-28,20959980;4,58372700
-28,12767980;4,58372700
-28,04575980;4,58372700
-27,96383980;4,53871300
-27,88191980;4,58372700
-27,79999980;4,58372700
-27,71807980;4,53871300
-27,63615980;4,49385100
-27,55423980;4,49385100
-27,47231980;4,49385100
-27,39039980;4,49385100
-27,30847980;4,49385100
-27,22655980;4,49385100
-27,14463980;4,49385100
-27,06271980;4,49385100
-26,98079980;4,49385100
-26,89887981;4,44883600
-26,81695981;4,49385100
-26,73503981;4,44883600
-26,65311981;4,44883600
-26,57119981;4,44883600
-26,48927981;4,40397400
-26,40735981;4,40397400
-26,32543981;4,40397400
-26,24351981;4,40397400
-26,16159981;4,40397400
-26,07967981;4,40397400
-25,99775981;4,35895900
-25,91583981;4,35895900
-25,83391981;4,35895900
-25,75199981;4,31409600
-25,67007981;4,31409600
-25,58815981;4,31409600
-25,50623981;4,31409600
-25,42431981;4,31409600
-25,34239981;4,31409600
-25,26047982;4,26908200
-25,17855982;4,31409600
-25,09663982;4,26908200
-25,01471982;4,26908200
-24,93279982;4,26908200
-24,85087982;4,22406700
-24,76895982;4,22406700
-24,68703982;4,22406700
-24,60511982;4,22406700
-24,52319982;4,22406700
-24,44127982;4,22406700
-24,35935982;4,22406700
-24,27743982;4,17920400
-24,19551982;4,17920400
-24,11359982;4,13419000
-24,03167982;4,13419000
-23,94975982;4,13419000
-23,86783982;4,13419000
-23,78591982;4,13419000
-23,70399982;4,13419000
-23,62207983;4,13419000
-23,54015983;4,13419000
-23,45823983;4,13419000
-23,37631983;4,13419000
-23,29439983;4,08932800
-23,21247983;4,08932800
-23,13055983;4,08932800
-23,04863983;4,04431300
-22,96671983;4,04431300
-22,88479983;4,04431300
-22,80287983;4,04431300
-22,72095983;4,04431300
-22,63903983;4,04431300
-22,55711983;4,04431300
-22,47519983;4,04431300
-22,39327983;3,99929800
-22,31135983;3,99929800
-22,22943983;3,95443600
-22,14751983;3,95443600
-22,06559983;3,95443600
-21,98367984;3,95443600
-21,90175984;3,95443600
-21,81983984;3,95443600
-21,73791984;3,95443600
-21,65599984;3,95443600
-21,57407984;3,90942100
-21,49215984;3,95443600
-21,41023984;3,90942100
-21,32831984;3,90942100
-21,24639984;3,90942100
-21,16447984;3,90942100
-21,08255984;3,90942100
-21,00063984;3,86455900
-20,91871984;3,86455900
-20,83679984;3,86455900
-20,75487984;3,90942100
-20,67295984;3,95443600
-20,59103984;3,95443600
-20,50911984;3,99929800
-20,42719984;4,04431300
-20,34527985;4,13419000
-20,26335985;4,13419000
-20,18143985;4,22406700
-20,09951985;4,26908200
-20,01759985;4,31409600
-19,93567985;4,31409600
-19,85375985;4,40397400
-19,77183985;4,40397400
-19,68991985;4,40397400
-19,60799985;4,44883600
-19,52607985;4,49385100
-19,44415985;4,49385100
-19,36223985;4,49385100
-19,28031985;4,53871300
-19,19839985;4,53871300
-19,11647985;4,58372700
-19,03455985;4,58372700
-18,95263985;4,58372700
-18,87071985;4,58372700
-18,78879985;4,62874200
-18,70687986;4,62874200
-18,62495986;4,58372700
-18,54303986;4,58372700
-18,46111986;4,58372700
-18,37919986;4,58372700
-18,29727986;4,58372700
-18,21535986;4,62874200
-18,13343986;4,58372700
-18,05151986;4,58372700
-17,96959986;4,58372700
-17,88767986;4,58372700
-17,80575986;4,53871300
-17,72383986;4,53871300
-17,64191986;4,53871300
-17,55999986;4,49385100
-17,47807986;4,49385100
-17,39615986;4,49385100
-17,31423986;4,49385100
-17,23231986;4,49385100
-17,15039986;4,49385100
-17,06847986;4,49385100
-16,98655987;4,44883600
-16,90463987;4,44883600
-16,82271987;4,44883600
-16,74079987;4,44883600
-16,65887987;4,40397400
-16,57695987;4,40397400
-16,49503987;4,40397400
-16,41311987;4,40397400
-16,33119987;4,40397400
-16,24927987;4,40397400
-16,16735987;4,40397400
-16,08543987;4,40397400
-16,00351987;4,35895900
-15,92159987;4,35895900
-15,83967987;4,31409600
-15,75775987;4,31409600
-15,67583987;4,31409600
-15,59391987;4,31409600
-15,51199987;4,31409600
-15,43007987;4,31409600
-15,34815988;4,31409600
-15,26623988;4,31409600
-15,18431988;4,26908200
-15,10239988;4,26908200
-15,02047988;4,26908200
-14,93855988;4,26908200
-14,85663988;4,22406700
-14,77471988;4,22406700
-14,69279988;4,22406700
-14,61087988;4,22406700
-14,52895988;4,22406700
-14,44703988;4,22406700
-14,36511988;4,22406700
-14,28319988;4,17920400
-14,20127988;4,17920400
-14,11935988;4,13419000
-14,03743988;4,13419000
-13,95551988;4,13419000
-13,87359988;4,13419000
-13,79167988;4,13419000
-13,70975989;4,13419000
-13,62783989;4,13419000
-13,54591989;4,13419000
-13,46399989;4,08932800
-13,38207989;4,08932800
-13,30015989;4,08932800
-13,21823989;4,04431300
-13,13631989;4,08932800
-13,05439989;4,04431300
-12,97247989;4,04431300
-12,89055989;4,04431300
-12,80863989;4,04431300
-12,72671989;4,04431300
-12,64479989;4,04431300
-12,56287989;4,04431300
-12,48095989;4,04431300
-12,39903989;4,04431300
-12,31711989;3,99929800
-12,23519989;3,95443600
-12,15327989;3,95443600
-12,07135990;3,95443600
-11,98943990;3,95443600
-11,90751990;3,95443600
-11,82559990;3,95443600
-11,74367990;3,95443600
-11,66175990;3,95443600
-11,57983990;3,95443600
-11,49791990;3,90942100
-11,41599990;3,90942100
-11,33407990;3,90942100
-11,25215990;3,90942100
-11,17023990;3,86455900
-11,08831990;3,90942100
-11,00639990;3,86455900
-10,92447990;3,86455900
-10,84255990;3,86455900
-10,76063990;3,90942100
-10,67871990;3,95443600
-10,59679990;3,95443600
-10,51487990;4,04431300
-10,43295991;4,04431300
-10,35103991;4,13419000
-10,26911991;4,17920400
-10,18719991;4,22406700
-10,10527991;4,26908200
-10,02335991;4,31409600
-9,94143991;4,35895900
-9,85951991;4,40397400
-9,77759991;4,40397400
-9,69567991;4,49385100
-9,61375991;4,49385100
-9,53183991;4,49385100
-9,44991991;4,49385100
-9,36799991;4,53871300
-9,28607991;4,58372700
-9,20415991;4,58372700
-9,12223991;4,58372700
-9,04031991;4,58372700
-8,95839991;4,58372700
-8,87647991;4,62874200
-8,79455992;4,67360400
-8,71263992;4,62874200
-8,63071992;4,62874200
-8,54879992;4,58372700
-8,46687992;4,62874200
-8,38495992;4,58372700
-8,30303992;4,58372700
-8,22111992;4,58372700
-8,13919992;4,58372700
-8,05727992;4,58372700
-7,97535992;4,58372700
-7,89343992;4,58372700
-7,81151992;4,53871300
-7,72959992;4,53871300
-7,64767992;4,53871300
-7,56575992;4,49385100
-7,48383992;4,49385100
-7,40191992;4,49385100
-7,31999992;4,49385100
-7,23807992;4,49385100
-7,15615993;4,49385100
-7,07423993;4,49385100
-6,99231993;4,49385100
-6,91039993;4,44883600
-6,82847993;4,49385100
-6,74655993;4,44883600
-6,66463993;4,40397400
-6,58271993;4,40397400
-6,50079993;4,40397400
-6,41887993;4,40397400
-6,33695993;4,40397400
-6,25503993;4,40397400
-6,17311993;4,40397400
-6,09119993;4,40397400
-6,00927993;4,40397400
-5,92735993;4,35895900
-5,84543993;4,35895900
-5,76351993;4,31409600
-5,68159993;4,31409600
-5,59967993;4,31409600
-5,51775994;4,31409600
-5,43583994;4,31409600
-5,35391994;4,31409600
-5,27199994;4,31409600
-5,19007994;4,26908200
-5,10815994;4,26908200
-5,02623994;4,26908200
-4,94431994;4,26908200
-4,86239994;4,22406700
-4,78047994;4,22406700
-4,69855994;4,22406700
-4,61663994;4,22406700
-4,53471994;4,22406700
-4,45279994;4,22406700
-4,37087994;4,22406700
-4,28895994;4,17920400
-4,20703994;4,17920400
-4,12511994;4,17920400
-4,04319994;4,13419000
-3,96127994;4,13419000
-3,87935995;4,13419000
-3,79743995;4,13419000
-3,71551995;4,13419000
-3,63359995;4,13419000
-3,55167995;4,13419000
-3,46975995;4,13419000
-3,38783995;4,13419000
-3,30591995;4,13419000
-3,22399995;4,08932800
-3,14207995;4,04431300
-3,06015995;4,04431300
-2,97823995;4,04431300
-2,89631995;4,04431300
-2,81439995;4,04431300
-2,73247995;4,04431300
-2,65055995;4,04431300
-2,56863995;4,04431300
-2,48671995;3,99929800
-2,40479995;3,99929800
-2,32287995;3,99929800
-2,24095996;3,99929800
-2,15903996;3,99929800
-2,07711996;3,95443600
-1,99519996;3,95443600
-1,91327996;3,95443600
-1,83135996;3,95443600
-1,74943996;3,95443600
-1,66751996;3,95443600
-1,58559996;3,95443600
-1,50367996;3,95443600
-1,42175996;3,90942100
-1,33983996;3,90942100
-1,25791996;3,90942100
-1,17599996;3,90942100
-1,09407996;3,86455900
-1,01215996;3,86455900
-0,93023996;3,86455900
-0,84831996;3,86455900
-0,76639996;3,90942100
-0,68447996;3,95443600
-0,60255997;3,95443600
-0,52063997;3,95443600
-0,43871997;4,04431300
-0,35679997;4,08932800
-0,27487997;4,13419000
-0,19295997;4,17920400
-0,11103997;4,22406700
-0,02911997;4,26908200
0,05280003;4,31409600
0,13472003;4,31409600
0,21664003;4,40397400
0,29856003;4,40397400
0,38048003;4,44883600
0,46240003;4,49385100
0,54432003;4,49385100
0,62624003;4,49385100
0,70816003;4,49385100
0,79008003;4,53871300
0,87200003;4,53871300
0,95392003;4,58372700
1,03584002;4,58372700
1,11776002;4,62874200
1,19968002;4,58372700
1,28160002;4,58372700
1,36352002;4,58372700
1,44544002;4,58372700
1,52736002;4,58372700
1,60928002;4,62874200
1,69120002;4,58372700
1,77312002;4,58372700
1,85504002;4,58372700
1,93696002;4,58372700
2,01888002;4,58372700
2,10080002;4,58372700
2,18272002;4,53871300
2,26464002;4,53871300
2,34656002;4,49385100
2,42848002;4,53871300
2,51040002;4,49385100
2,59232002;4,49385100
2,67424002;4,49385100
2,75616001;4,49385100
2,83808001;4,49385100
2,92000001;4,49385100
3,00192001;4,44883600
3,08384001;4,44883600
3,16576001;4,44883600
3,24768001;4,44883600
3,32960001;4,44883600
3,41152001;4,40397400
3,49344001;4,40397400
3,57536001;4,40397400
3,65728001;4,40397400
3,73920001;4,40397400
3,82112001;4,40397400
3,90304001;4,40397400
3,98496001;4,35895900
4,06688001;4,35895900
4,14880001;4,31409600
4,23072001;4,31409600
4,31264001;4,31409600
4,39456000;4,31409600
4,47648000;4,31409600
4,55840000;4,31409600
4,64032000;4,31409600
4,72224000;4,26908200
4,80416000;4,31409600
4,88608000;4,26908200
4,96800000;4,26908200
5,04992000;4,22406700
5,13184000;4,22406700
5,21376000;4,22406700
5,29568000;4,22406700
5,37760000;4,22406700
5,45952000;4,22406700
5,54144000;4,22406700
5,62336000;4,22406700
5,70528000;4,17920400
5,78720000;4,17920400
5,86912000;4,17920400
5,95104000;4,13419000
6,03295999;4,13419000
6,11487999;4,13419000
6,19679999;4,13419000
6,27871999;4,13419000
6,36063999;4,13419000
6,44255999;4,13419000
6,52447999;4,08932800
6,60639999;4,08932800
6,68831999;4,08932800
6,77023999;4,08932800
6,85215999;4,08932800
6,93407999;4,04431300
7,01599999;4,04431300
7,09791999;4,04431300
7,17983999;4,04431300
7,26175999;4,04431300
7,34367999;4,04431300
7,42559999;4,04431300
7,50751999;4,04431300
7,58943999;3,99929800
7,67135998;3,99929800
7,75327998;3,95443600
7,83519998;3,95443600
7,91711998;3,95443600
7,99903998;3,95443600
8,08095998;3,95443600
8,16287998;3,95443600
8,24479998;3,95443600
8,32671998;3,95443600
8,40863998;3,95443600
8,49055998;3,90942100
8,57247998;3,90942100
8,65439998;3,90942100
8,73631998;3,90942100
8,81823998;3,86455900
8,90015998;3,86455900
8,98207998;3,86455900
9,06399998;3,86455900
9,14591998;3,86455900
9,22783998;3,90942100
9,30975997;3,95443600
9,39167997;3,95443600
9,47359997;4,04431300
9,55551997;4,04431300
9,63743997;4,13419000
9,71935997;4,17920400
9,80127997;4,22406700
9,88319997;4,26908200
9,96511997;4,31409600
10,04703997;4,35895900
10,12895997;4,40397400
10,21087997;4,44883600
10,29279997;4,49385100
10,37471997;4,49385100
10,45663997;4,49385100
10,53855997;4,53871300
10,62047997;4,53871300
10,70239997;4,53871300
10,78431997;4,58372700
10,86623997;4,58372700
10,94815996;4,58372700
11,03007996;4,62874200
11,11199996;4,58372700
11,19391996;4,58372700
11,27583996;4,62874200
11,35775996;4,62874200
11,43967996;4,58372700
11,52159996;4,62874200
11,60351996;4,62874200
11,68543996;4,58372700
11,76735996;4,58372700
11,84927996;4,58372700
11,93119996;4,58372700
12,01311996;4,58372700
12,09503996;4,58372700
12,17695996;4,58372700
12,25887996;4,53871300
12,34079996;4,53871300
12,42271996;4,49385100
12,50463996;4,49385100
12,58655995;4,49385100
12,66847995;4,49385100
12,75039995;4,49385100
12,83231995;4,49385100
12,91423995;4,49385100
12,99615995;4,49385100
13,07807995;4,44883600
13,15999995;4,44883600
13,24191995;4,44883600
13,32383995;4,40397400
13,40575995;4,40397400
13,48767995;4,40397400
13,56959995;4,40397400
13,65151995;4,40397400
13,73343995;4,35895900
13,81535995;4,40397400
13,89727995;4,40397400
13,97919995;4,40397400
14,06111995;4,31409600
14,14303995;4,31409600
14,22495994;4,31409600
14,30687994;4,31409600
14,38879994;4,31409600
14,47071994;4,31409600
14,55263994;4,31409600
14,63455994;4,31409600
14,71647994;4,31409600
14,79839994;4,31409600
14,88031994;4,26908200
14,96223994;4,26908200
15,04415994;4,22406700
15,12607994;4,22406700
15,20799994;4,22406700
15,28991994;4,22406700
15,37183994;4,22406700
15,45375994;4,22406700
15,53567994;4,22406700
15,61759994;4,22406700
15,69951994;4,22406700
15,78143994;4,17920400
15,86335993;4,17920400
15,94527993;4,13419000
16,02719993;4,13419000
16,10911993;4,13419000
16,19103993;4,13419000
16,27295993;4,13419000
16,35487993;4,13419000
16,43679993;4,13419000
16,51871993;4,13419000
16,60063993;4,13419000
16,68255993;4,13419000
16,76447993;4,08932800
16,84639993;4,08932800
16,92831993;4,08932800
17,01023993;4,04431300
17,09215993;4,04431300
17,17407993;4,04431300
17,25599993;4,04431300
17,33791993;4,04431300
17,41983993;4,04431300
17,50175992;4,04431300
17,58367992;3,99929800
17,66559992;3,99929800
17,74751992;3,99929800
17,82943992;3,95443600
17,91135992;3,95443600
17,99327992;3,95443600
18,07519992;3,95443600
18,15711992;3,95443600
18,23903992;3,95443600
18,32095992;3,95443600
18,40287992;3,95443600
18,48479992;3,95443600
18,56671992;3,90942100
18,64863992;3,95443600
18,73055992;3,90942100
18,81247992;3,90942100
18,89439992;3,90942100
18,97631992;3,86455900
19,05823992;3,86455900
19,14015991;3,90942100
19,22207991;3,90942100
19,30399991;3,90942100
19,38591991;3,95443600
19,46783991;3,95443600
19,54975991;4,04431300
19,63167991;4,08932800
19,71359991;4,13419000
19,79551991;4,17920400
19,87743991;4,22406700
19,95935991;4,26908200
20,04127991;4,31409600
20,12319991;4,31409600
20,20511991;4,40397400
20,28703991;4,40397400
20,36895991;4,44883600
20,45087991;4,49385100
20,53279991;4,49385100
20,61471991;4,49385100
20,69663991;4,53871300
20,77855991;4,58372700
20,86047990;4,58372700
20,94239990;4,58372700
21,02431990;4,58372700
21,10623990;4,58372700
21,18815990;4,58372700
21,27007990;4,62874200
21,35199990;4,58372700
21,43391990;4,58372700
21,51583990;4,58372700
21,59775990;4,58372700
21,67967990;4,58372700
21,76159990;4,58372700
21,84351990;4,58372700
21,92543990;4,58372700
22,00735990;4,58372700
22,08927990;4,53871300
22,17119990;4,53871300
22,25311990;4,53871300
22,33503990;4,49385100
22,41695990;4,49385100
22,49887989;4,49385100
22,58079989;4,49385100
22,66271989;4,49385100
22,74463989;4,49385100
22,82655989;4,49385100
22,90847989;4,49385100
22,99039989;4,49385100
23,07231989;4,44883600
23,15423989;4,44883600
23,23615989;4,44883600
23,31807989;4,40397400
23,39999989;4,40397400
23,48191989;4,40397400
23,56383989;4,40397400
23,64575989;4,40397400
23,72767989;4,40397400
23,80959989;4,40397400
23,89151989;4,35895900
23,97343989;4,35895900
24,05535989;4,35895900
24,13727988;4,31409600
24,21919988;4,31409600
24,30111988;4,31409600
24,38303988;4,31409600
24,46495988;4,31409600
24,54687988;4,31409600
24,62879988;4,31409600
24,71071988;4,26908200
24,79263988;4,26908200
24,87455988;4,26908200
24,95647988;4,26908200
25,03839988;4,26908200
25,12031988;4,22406700
25,20223988;4,22406700
25,28415988;4,22406700
25,36607988;4,22406700
25,44799988;4,22406700
25,52991988;4,22406700
25,61183988;4,17920400
25,69375988;4,22406700
25,77567987;4,13419000
25,85759987;4,17920400
25,93951987;4,13419000
26,02143987;4,13419000
26,10335987;4,13419000
26,18527987;4,13419000
26,26719987;4,13419000
26,34911987;4,13419000
26,43103987;4,13419000
26,51295987;4,13419000
26,59487987;4,08932800
26,67679987;4,13419000
26,75871987;4,08932800
26,84063987;4,08932800
26,92255987;4,04431300
27,00447987;4,04431300
27,08639987;4,04431300
27,16831987;4,04431300
27,25023987;4,04431300
27,33215987;4,04431300
27,41407986;4,04431300
27,49599986;4,04431300
27,57791986;3,99929800
27,65983986;3,95443600
27,74175986;3,95443600
27,82367986;3,95443600
27,90559986;3,95443600
27,98751986;3,95443600
28,06943986;3,95443600
28,15135986;3,95443600
28,23327986;3,95443600
28,31519986;3,95443600
28,39711986;3,95443600
28,47903986;3,90942100
28,56095986;3,90942100
28,64287986;3,90942100
28,72479986;3,90942100
28,80671986;3,90942100
28,88863986;3,86455900
28,97055986;3,86455900
29,05247985;3,86455900
29,13439985;3,86455900
29,21631985;3,90942100
29,29823985;3,90942100
29,38015985;3,95443600
29,46207985;3,99929800
29,54399985;4,08932800
29,62591985;4,13419000
29,70783985;4,17920400
29,78975985;4,22406700
29,87167985;4,26908200
29,95359985;4,31409600
30,03551985;4,31409600
30,11743985;4,40397400
30,19935985;4,40397400
30,28127985;4,44883600
30,36319985;4,49385100
30,44511985;4,49385100
30,52703985;4,49385100
30,60895985;4,53871300
30,69087984;4,58372700
30,77279984;4,58372700
30,85471984;4,58372700
30,93663984;4,58372700
31,01855984;4,58372700
31,10047984;4,58372700
31,18239984;4,62874200
31,26431984;4,62874200
31,34623984;4,62874200
31,42815984;4,62874200
31,51007984;4,62874200
31,59199984;4,62874200
31,67391984;4,58372700
31,75583984;4,58372700
31,83775984;4,58372700
31,91967984;4,58372700
32,00159984;4,58372700
32,08351984;4,58372700
32,16543984;4,58372700
32,24735984;4,53871300
32,32927983;4,53871300
32,41119983;4,49385100
32,49311983;4,49385100
32,57503983;4,49385100
32,65695983;4,49385100
32,73887983;4,49385100
32,82079983;4,49385100
32,90271983;4,49385100
32,98463983;4,49385100
33,06655983;4,49385100
33,14847983;4,44883600
33,23039983;4,49385100
33,31231983;4,40397400
33,39423983;4,44883600
33,47615983;4,40397400
33,55807983;4,40397400
33,63999983;4,40397400
33,72191983;4,40397400
33,80383983;4,40397400
33,88575983;4,40397400
33,96767982;4,35895900
34,04959982;4,35895900
34,13151982;4,35895900
34,21343982;4,31409600
34,29535982;4,31409600
34,37727982;4,31409600
34,45919982;4,31409600
34,54111982;4,31409600
34,62303982;4,31409600
34,70495982;4,31409600
34,78687982;4,31409600
34,86879982;4,26908200
34,95071982;4,26908200
35,03263982;4,26908200
35,11455982;4,22406700
35,19647982;4,22406700
35,27839982;4,22406700
35,36031982;4,22406700
35,44223982;4,22406700
35,52415982;4,22406700
35,60607981;4,22406700
35,68799981;4,22406700
35,76991981;4,17920400
35,85183981;4,17920400
35,93375981;4,13419000
36,01567981;4,17920400
36,09759981;4,13419000
36,17951981;4,13419000
36,26143981;4,13419000
36,34335981;4,13419000
36,42527981;4,13419000
36,50719981;4,13419000
36,58911981;4,13419000
36,67103981;4,08932800
36,75295981;4,08932800
36,83487981;4,08932800
36,91679981;4,08932800
36,99871981;4,08932800
37,08063981;4,08932800
37,16255981;4,04431300
37,24447980;4,04431300
37,32639980;4,04431300
37,40831980;4,04431300
37,49023980;4,04431300
37,57215980;4,04431300
37,65407980;3,99929800
37,73599980;3,99929800
37,81791980;3,95443600
37,89983980;3,95443600
37,98175980;3,95443600
38,06367980;3,95443600
38,14559980;3,95443600
38,22751980;3,95443600
38,30943980;3,95443600
38,39135980;3,95443600
38,47327980;3,95443600
38,55519980;3,95443600
38,63711980;3,90942100
38,71903980;3,90942100
38,80095980;3,90942100
38,88287979;3,90942100
38,96479979;3,86455900
39,04671979;3,86455900
39,12863979;3,86455900
39,21055979;3,90942100
39,29247979;3,90942100
39,37439979;3,95443600
39,45631979;3,95443600
39,53823979;3,99929800
39,62015979;4,04431300
39,70207979;4,13419000
39,78399979;4,13419000
39,86591979;4,22406700
39,94783979;4,26908200
40,02975979;4,31409600
40,11167979;4,31409600
40,19359979;4,40397400
40,27551979;4,40397400
40,35743979;4,40397400
40,43935979;4,49385100
40,52127979;4,49385100
40,60319978;4,49385100
40,68511978;4,49385100
40,76703978;4,53871300
40,84895978;4,53871300
40,93087978;4,58372700
41,01279978;4,58372700
41,09471978;4,58372700
41,17663978;4,62874200
41,25855978;4,62874200
41,34047978;4,58372700
41,42239978;4,58372700
41,50431978;4,58372700
41,58623978;4,58372700
41,66815978;4,58372700
41,75007978;4,58372700
41,83199978;4,58372700
41,91391978;4,58372700
41,99583978;4,58372700
42,07775978;4,58372700
42,15967978;4,53871300
42,24159977;4,53871300
42,32351977;4,53871300
42,40543977;4,53871300
42,48735977;4,49385100
42,56927977;4,49385100
42,65119977;4,49385100
42,73311977;4,49385100
42,81503977;4,49385100
42,89695977;4,49385100
42,97887977;4,49385100
43,06079977;4,44883600
43,14271977;4,44883600
43,22463977;4,44883600
43,30655977;4,44883600
43,38847977;4,40397400
43,47039977;4,40397400
43,55231977;4,40397400
43,63423977;4,40397400
43,71615977;4,40397400
43,79807977;4,40397400
43,87999976;4,40397400
43,96191976;4,35895900
44,04383976;4,35895900
44,12575976;4,35895900
44,20767976;4,31409600
44,28959976;4,31409600
44,37151976;4,31409600
44,45343976;4,31409600
44,53535976;4,31409600
44,61727976;4,31409600
44,69919976;4,31409600
44,78111976;4,31409600
44,86303976;4,26908200
44,94495976;4,26908200
45,02687976;4,22406700
45,10879976;4,22406700
45,19071976;4,22406700
45,27263976;4,22406700
45,35455976;4,22406700
45,43647976;4,22406700
45,51839975;4,22406700
45,60031975;4,17920400
45,68223975;4,22406700
45,76415975;4,17920400
45,84607975;4,17920400
45,92799975;4,13419000
46,00991975;4,13419000
46,09183975;4,13419000
46,17375975;4,13419000
46,25567975;4,13419000
46,33759975;4,13419000
46,41951975;4,13419000
46,50143975;4,13419000
46,58335975;4,13419000
46,66527975;4,08932800
46,74719975;4,08932800
46,82911975;4,08932800
46,91103975;4,04431300
46,99295975;4,08932800
47,07487975;4,08932800
47,15679974;4,04431300
47,23871974;4,04431300
47,32063974;4,04431300
47,40255974;4,04431300
47,48447974;3,99929800
47,56639974;3,99929800
47,64831974;3,99929800
47,73023974;3,99929800
47,81215974;3,95443600
47,89407974;3,95443600
47,97599974;3,95443600
48,05791974;3,95443600
48,13983974;3,95443600
48,22175974;3,95443600
48,30367974;3,95443600
48,38559974;3,95443600
48,46751974;3,95443600
48,54943974;3,90942100
48,63135974;3,90942100
48,71327974;3,90942100
48,79519973;3,90942100
48,87711973;3,90942100
48,95903973;3,86455900
49,04095973;3,90942100
49,12287973;3,86455900
49,20479973;3,90942100
49,28671973;3,90942100
49,36863973;3,95443600
49,45055973;3,99929800
49,53247973;4,04431300
49,61439973;4,08932800
49,69631973;4,13419000
49,77823973;4,17920400
49,86015973;4,22406700
49,94207973;4,31409600
50,02399973;4,31409600
50,10591973;4,40397400
50,18783973;4,40397400
50,26975973;4,44883600
50,35167973;4,49385100
50,43359972;4,49385100
50,51551972;4,49385100
50,59743972;4,49385100
50,67935972;4,53871300
50,76127972;4,58372700
50,84319972;4,58372700
50,92511972;4,58372700
51,00703972;4,62874200
51,08895972;4,62874200
51,17087972;4,62874200
51,25279972;4,58372700
51,33471972;4,62874200
51,41663972;4,62874200
51,49855972;4,62874200
51,58047972;4,62874200
51,66239972;4,62874200
51,74431972;4,58372700
51,82623972;4,58372700
51,90815972;4,58372700
51,99007972;4,58372700
52,07199971;4,53871300
52,15391971;4,53871300
52,23583971;4,53871300
52,31775971;4,53871300
52,39967971;4,49385100
52,48159971;4,53871300
52,56351971;4,49385100
52,64543971;4,49385100
52,72735971;4,49385100
52,80927971;4,49385100
52,89119971;4,49385100
52,97311971;4,49385100
53,05503971;4,49385100
53,13695971;4,44883600
53,21887971;4,44883600
53,30079971;4,40397400
53,38271971;4,40397400
53,46463971;4,40397400
53,54655971;4,40397400
53,62847971;4,40397400
53,71039970;4,40397400
53,79231970;4,40397400
53,87423970;4,40397400
53,95615970;4,40397400
54,03807970;4,35895900
54,11999970;4,35895900
54,20191970;4,31409600
54,28383970;4,31409600
54,36575970;4,31409600
54,44767970;4,31409600
54,52959970;4,31409600
54,61151970;4,31409600
54,69343970;4,26908200
54,77535970;4,31409600
54,85727970;4,31409600
54,93919970;4,26908200
55,02111970;4,26908200
55,10303970;4,26908200
55,18495970;4,26908200
55,26687970;4,22406700
55,34879969;4,22406700
55,43071969;4,22406700
55,51263969;4,22406700
55,59455969;4,22406700
55,67647969;4,22406700
55,75839969;4,17920400
55,84031969;4,17920400
55,92223969;4,17920400
56,00415969;4,13419000
56,08607969;4,13419000
56,16799969;4,13419000
56,24991969;4,13419000
56,33183969;4,13419000
56,41375969;4,13419000
56,49567969;4,13419000
56,57759969;4,08932800
56,65951969;4,08932800
56,74143969;4,08932800
56,82335969;4,08932800
56,90527969;4,08932800
56,98719968;4,04431300
57,06911968;4,04431300
57,15103968;4,04431300
57,23295968;4,04431300
57,31487968;4,04431300
57,39679968;4,04431300
57,47871968;4,04431300
57,56063968;4,04431300
57,64255968;3,99929800
57,72447968;3,99929800
57,80639968;3,99929800
57,88831968;3,95443600
57,97023968;3,95443600
58,05215968;3,95443600
58,13407968;3,95443600
58,21599968;3,95443600
58,29791968;3,95443600
58,37983968;3,95443600
58,46175968;3,90942100
58,54367968;3,90942100
58,62559967;3,90942100
58,70751967;3,90942100
58,78943967;3,95443600
58,87135967;3,86455900
58,95327967;3,86455900
59,03519967;3,86455900
59,11711967;3,86455900
59,19903967;3,86455900
59,28095967;3,90942100
59,36287967;3,90942100
59,44479967;3,95443600
59,52671967;3,99929800
59,60863967;4,04431300
59,69055967;4,13419000
59,77247967;4,13419000
59,85439967;4,22406700
59,93631967;4,26908200
60,01823967;4,31409600
60,10015967;4,31409600
60,18207967;4,40397400
60,26399967;4,40397400
60,34591966;4,40397400
60,42783966;4,44883600
60,50975966;4,49385100
60,59167966;4,49385100
60,67359966;4,49385100
60,75551966;4,53871300
60,83743966;4,53871300
60,91935966;4,58372700
61,00127966;4,58372700
61,08319966;4,58372700
61,16511966;4,58372700
61,24703966;4,62874200
61,32895966;4,62874200
61,41087966;4,58372700
61,49279966;4,62874200
61,57471966;4,58372700
61,65663966;4,58372700
61,73855966;4,58372700
61,82047966;4,58372700
61,90239966;4,58372700
61,98431965;4,58372700
62,06623965;4,58372700
62,14815965;4,53871300
62,23007965;4,53871300
62,31199965;4,53871300
62,39391965;4,53871300
62,47583965;4,49385100
62,55775965;4,49385100
62,63967965;4,49385100
62,72159965;4,49385100
62,80351965;4,49385100
62,88543965;4,49385100
62,96735965;4,44883600
63,04927965;4,44883600
63,13119965;4,44883600
63,21311965;4,40397400
63,29503965;4,40397400
63,37695965;4,40397400
63,45887965;4,40397400
63,54079965;4,40397400
63,62271964;4,40397400
63,70463964;4,40397400
63,78655964;4,40397400
63,86847964;4,40397400
63,95039964;4,40397400
64,03231964;4,35895900
64,11423964;4,35895900
64,19615964;4,35895900
64,27807964;4,31409600
64,35999964;4,31409600
64,44191964;4,31409600
64,52383964;4,31409600
64,60575964;4,31409600
64,68767964;4,31409600
64,76959964;4,31409600
64,85151964;4,31409600
64,93343964;4,26908200
65,01535964;4,26908200
65,09727964;4,26908200
65,17919964;4,22406700
65,26111963;4,22406700
65,34303963;4,22406700
65,42495963;4,22406700
65,50687963;4,22406700
65,58879963;4,17920400
65,67071963;4,22406700
65,75263963;4,17920400
65,83455963;4,17920400
65,91647963;4,13419000
65,99839963;4,13419000
66,08031963;4,13419000
66,16223963;4,13419000
66,24415963;4,13419000
66,32607963;4,13419000
66,40799963;4,13419000
66,48991963;4,13419000
66,57183963;4,13419000
66,65375963;4,08932800
66,73567963;4,08932800
66,81759963;4,08932800
66,89951962;4,04431300
66,98143962;4,08932800
67,06335962;4,04431300
67,14527962;4,04431300
67,22719962;4,04431300
67,30911962;4,04431300
67,39103962;4,04431300
67,47295962;4,04431300
67,55487962;4,04431300
67,63679962;3,99929800
67,71871962;3,99929800
67,80063962;3,95443600
67,88255962;3,95443600
67,96447962;3,95443600
68,04639962;3,95443600
68,12831962;3,95443600
68,21023962;3,95443600
68,29215962;3,95443600
68,37407962;3,95443600
68,45599962;3,95443600
68,53791961;3,90942100
68,61983961;3,90942100
68,70175961;3,90942100
68,78367961;3,90942100
68,86559961;3,90942100
68,94751961;3,90942100
69,02943961;3,86455900
69,11135961;3,86455900
69,19327961;3,86455900
69,27519961;3,90942100
69,35711961;3,95443600
69,43903961;3,95443600
69,52095961;4,04431300
69,60287961;4,04431300
69,68479961;4,13419000
69,76671961;4,22406700
69,84863961;4,22406700
69,93055961;4,26908200
70,01247961;4,31409600
70,09439961;4,40397400
70,17631960;4,40397400
70,25823960;4,44883600
70,34015960;4,49385100
70,42207960;4,49385100
70,50399960;4,49385100
70,58591960;4,53871300
70,66783960;4,58372700
70,74975960;4,58372700
70,83167960;4,58372700
70,91359960;4,58372700
70,99551960;4,58372700
71,07743960;4,58372700
71,15935960;4,58372700
71,24127960;4,62874200
71,32319960;4,62874200
71,40511960;4,62874200
71,48703960;4,58372700
71,56895960;4,58372700
71,65087960;4,58372700
71,73279960;4,58372700
71,81471959;4,58372700
71,89663959;4,58372700
71,97855959;4,58372700
72,06047959;4,58372700
72,14239959;4,58372700
72,22431959;4,58372700
72,30623959;4,53871300
72,38815959;4,53871300
72,47007959;4,49385100
72,55199959;4,49385100
72,63391959;4,49385100
72,71583959;4,49385100
72,79775959;4,49385100
72,87967959;4,49385100
72,96159959;4,49385100
73,04351959;4,44883600
73,12543959;4,44883600
73,20735959;4,44883600
73,28927959;4,44883600
73,37119959;4,40397400
73,45311958;4,40397400
73,53503958;4,40397400
73,61695958;4,40397400
73,69887958;4,40397400
73,78079958;4,40397400
73,86271958;4,35895900
73,94463958;4,40397400
74,02655958;4,31409600
74,10847958;4,31409600
74,19039958;4,31409600
74,27231958;4,31409600
74,35423958;4,31409600
74,43615958;4,31409600
74,51807958;4,31409600
74,59999958;4,31409600
74,68191958;4,31409600
74,76383958;4,26908200
74,84575958;4,26908200
74,92767958;4,26908200
75,00959958;4,26908200
75,09151957;4,22406700
75,17343957;4,22406700
75,25535957;4,22406700
75,33727957;4,22406700
75,41919957;4,22406700
75,50111957;4,22406700
75,58303957;4,22406700
75,66495957;4,22406700
75,74687957;4,17920400
75,82879957;4,17920400
75,91071957;4,17920400
75,99263957;4,17920400
76,07455957;4,13419000
76,15647957;4,13419000
76,23839957;4,13419000
76,32031957;4,13419000
76,40223957;4,13419000
76,48415957;4,13419000
76,56607957;4,08932800
76,64799957;4,13419000
76,72991956;4,13419000
76,81183956;4,08932800
76,89375956;4,04431300
76,97567956;4,04431300
77,05759956;4,04431300
77,13951956;4,04431300
77,22143956;4,04431300
77,30335956;4,04431300
77,38527956;4,04431300
77,46719956;4,04431300
77,54911956;4,04431300
77,63103956;4,04431300
77,71295956;4,04431300
77,79487956;3,95443600
77,87679956;3,95443600
77,95871956;3,95443600
78,04063956;3,95443600
78,12255956;3,95443600
78,20447956;3,95443600
78,28639956;3,95443600
78,36831956;3,95443600
78,45023955;3,90942100
78,53215955;3,95443600
78,61407955;3,90942100
78,69599955;3,90942100
78,77791955;3,90942100
78,85983955;3,90942100
78,94175955;3,86455900
79,02367955;3,90942100
79,10559955;3,86455900
79,18751955;3,86455900
79,26943955;3,90942100
79,35135955;3,90942100
79,43327955;3,95443600
79,51519955;3,99929800
79,59711955;4,04431300
79,67903955;4,13419000
79,76095955;4,13419000
79,84287955;4,17920400
79,92479955;4,22406700
80,00671955;4,31409600
80,08863954;4,31409600
80,17055954;4,35895900
80,25247954;4,40397400
80,33439954;4,44883600
80,41631954;4,49385100
80,49823954;4,49385100
80,58015954;4,49385100
80,66207954;4,49385100
80,74399954;4,53871300
80,82591954;4,53871300
80,90783954;4,58372700
80,98975954;4,58372700
81,07167954;4,58372700
81,15359954;4,58372700
81,23551954;4,62874200
81,31743954;4,62874200
81,39935954;4,58372700
81,48127954;4,58372700
81,56319954;4,58372700
81,64511954;4,62874200
81,72703953;4,58372700
81,80895953;4,58372700
81,89087953;4,58372700
81,97279953;4,58372700
82,05471953;4,58372700
82,13663953;4,53871300
82,21855953;4,53871300
82,30047953;4,53871300
82,38239953;4,49385100
82,46431953;4,49385100
82,54623953;4,49385100
82,62815953;4,49385100
82,71007953;4,49385100
82,79199953;4,49385100
82,87391953;4,49385100
82,95583953;4,44883600
83,03775953;4,44883600
83,11967953;4,44883600
83,20159953;4,44883600
83,28351953;4,40397400
83,36543952;4,40397400
83,44735952;4,40397400
83,52927952;4,40397400
83,61119952;4,40397400
83,69311952;4,40397400
83,77503952;4,40397400
83,85695952;4,40397400
83,93887952;4,40397400
84,02079952;4,35895900
84,10271952;4,31409600
84,18463952;4,31409600
84,26655952;4,31409600
84,34847952;4,31409600
84,43039952;4,31409600
84,51231952;4,31409600
84,59423952;4,31409600
84,67615952;4,31409600
84,75807952;4,31409600
84,83999952;4,26908200
84,92191952;4,26908200
85,00383951;4,26908200
85,08575951;4,26908200
85,16767951;4,22406700
85,24959951;4,22406700
85,33151951;4,22406700
85,41343951;4,22406700
85,49535951;4,22406700
85,57727951;4,17920400
85,65919951;4,17920400
85,74111951;4,17920400
85,82303951;4,17920400
85,90495951;4,17920400
85,98687951;4,13419000
86,06879951;4,13419000
86,15071951;4,13419000
86,23263951;4,13419000
86,31455951;4,13419000
86,39647951;4,13419000
86,47839951;4,13419000
86,56031951;4,13419000
86,64223950;4,13419000
86,72415950;4,08932800
86,80607950;4,08932800
86,88799950;4,04431300
86,96991950;4,04431300
87,05183950;4,04431300
87,13375950;4,04431300
87,21567950;4,04431300
87,29759950;4,04431300
87,37951950;4,04431300
87,46143950;3,99929800
87,54335950;3,99929800
87,62527950;3,99929800
87,70719950;3,95443600
87,78911950;3,95443600
87,87103950;3,95443600
87,95295950;3,95443600
88,03487950;3,95443600
88,11679950;3,95443600
88,19871950;3,95443600
88,28063949;3,95443600
88,36255949;3,95443600
88,44447949;3,95443600
88,52639949;3,90942100
88,60831949;3,90942100
88,69023949;3,90942100
88,77215949;3,86455900
88,85407949;3,90942100
88,93599949;3,86455900
89,01791949;3,86455900
89,09983949;3,86455900
89,18175949;3,86455900
89,26367949;3,90942100
89,34559949;3,95443600
89,42751949;3,95443600
89,50943949;4,04431300
89,59135949;4,08932800
89,67327949;4,13419000
89,75519949;4,17920400
89,83711949;4,22406700
89,91903948;4,26908200
90,00095948;4,31409600
90,08287948;4,35895900
90,16479948;4,40397400
90,24671948;4,44883600
90,32863948;4,49385100
90,41055948;4,49385100
90,49247948;4,49385100
90,57439948;4,49385100
90,65631948;4,53871300
90,73823948;4,58372700
90,82015948;4,58372700
90,90207948;4,58372700
90,98399948;4,58372700
91,06591948;4,58372700
91,14783948;4,62874200
91,22975948;4,62874200
91,31167948;4,62874200
91,39359948;4,62874200
91,47551948;4,58372700
91,55743947;4,58372700
91,63935947;4,58372700
91,72127947;4,58372700
91,80319947;4,58372700
91,88511947;4,58372700
91,96703947;4,58372700
92,04895947;4,58372700
92,13087947;4,53871300
92,21279947;4,58372700
92,29471947;4,53871300
92,37663947;4,53871300
92,45855947;4,53871300
92,54047947;4,49385100
92,62239947;4,49385100
92,70431947;4,49385100
92,78623947;4,49385100
92,86815947;4,49385100
92,95007947;4,49385100
93,03199947;4,49385100
93,11391947;4,44883600
93,19583946;4,44883600
93,27775946;4,44883600
93,35967946;4,40397400
93,44159946;4,40397400
93,52351946;4,40397400
93,60543946;4,40397400
93,68735946;4,40397400
93,76927946;4,40397400
93,85119946;4,40397400
93,93311946;4,35895900
94,01503946;4,35895900
94,09695946;4,35895900
94,17887946;4,31409600
94,26079946;4,31409600
94,34271946;4,31409600
94,42463946;4,31409600
94,50655946;4,31409600
94,58847946;4,31409600
94,67039946;4,31409600
94,75231946;4,31409600
94,83423945;4,26908200
94,91615945;4,26908200
94,99807945;4,26908200
95,07999945;4,22406700
95,16191945;4,22406700
95,24383945;4,22406700
95,32575945;4,22406700
95,40767945;4,22406700
95,48959945;4,22406700
95,57151945;4,22406700
95,65343945;4,22406700
95,73535945;4,22406700
95,81727945;4,17920400
95,89919945;4,17920400
95,98111945;4,13419000
96,06303945;4,13419000
96,14495945;4,13419000
96,22687945;4,13419000
96,30879945;4,13419000
96,39071945;4,13419000
96,47263944;4,13419000
96,55455944;4,13419000
96,63647944;4,13419000
96,71839944;4,08932800
96,80031944;4,04431300
96,88223944;4,08932800
96,96415944;4,08932800
97,04607944;4,04431300
97,12799944;4,04431300
97,20991944;4,04431300
97,29183944;4,04431300
97,37375944;4,04431300
97,45567944;4,04431300
97,53759944;3,99929800
97,61951944;3,99929800
97,70143944;3,99929800
97,78335944;3,95443600
97,86527944;3,95443600
97,94719944;3,95443600
98,02911944;3,95443600
98,11103944;3,95443600
98,19295943;3,95443600
98,27487943;3,95443600
98,35679943;3,95443600
98,43871943;3,95443600
98,52063943;3,90942100
98,60255943;3,95443600
98,68447943;3,90942100
98,76639943;3,90942100
98,84831943;3,90942100
98,93023943;3,86455900
99,01215943;3,86455900
99,09407943;3,86455900
99,17599943;3,86455900
99,25791943;3,90942100
99,33983943;3,95443600
99,42175943;3,95443600
99,50367943;3,95443600
99,58559943;4,04431300
99,66751943;4,08932800
99,74943943;4,13419000
99,83135942;4,17920400
99,91327942;4,22406700
99,99519942;4,26908200
100,07711942;4,31409600
100,15903942;4,31409600
100,24095942;4,40397400
100,32287942;4,40397400
100,40479942;4,44883600
100,48671942;4,49385100
100,56863942;4,49385100
100,65055942;4,53871300
100,73247942;4,53871300
100,81439942;4,53871300
100,89631942;4,58372700
100,97823942;4,58372700
101,06015942;4,58372700
101,14207942;4,58372700
101,22399942;4,62874200
101,30591942;4,58372700
101,38783942;4,58372700
101,46975941;4,62874200
101,55167941;4,62874200
101,63359941;4,58372700
101,71551941;4,58372700
101,79743941;4,58372700
101,87935941;4,58372700
101,96127941;4,58372700
102,04319941;4,58372700
102,12511941;4,58372700
102,20703941;4,53871300
102,28895941;4,53871300
102,37087941;4,49385100
102,45279941;4,53871300
102,53471941;4,49385100
102,61663941;4,49385100
102,69855941;4,49385100
102,78047941;4,49385100
102,86239941;4,49385100
102,94431941;4,49385100
103,02623941;4,44883600
103,10815940;4,44883600
103,19007940;4,44883600
103,27199940;4,44883600
103,35391940;4,40397400
103,43583940;4,40397400
103,51775940;4,40397400
103,59967940;4,40397400
103,68159940;4,40397400
103,76351940;4,40397400
103,84543940;4,40397400
103,92735940;4,35895900
104,00927940;4,35895900
104,09119940;4,35895900
104,17311940;4,35895900
104,25503940;4,31409600
104,33695940;4,31409600
104,41887940;4,31409600
104,50079940;4,31409600
104,58271940;4,31409600
104,66463940;4,31409600
104,74655939;4,31409600
104,82847939;4,26908200
104,91039939;4,26908200
104,99231939;4,26908200
105,07423939;4,26908200
105,15615939;4,22406700
105,23807939;4,22406700
105,31999939;4,22406700
105,40191939;4,22406700
105,48383939;4,22406700
105,56575939;4,22406700
105,64767939;4,17920400
105,72959939;4,17920400
105,81151939;4,22406700
105,89343939;4,17920400
105,97535939;4,13419000
106,05727939;4,13419000
106,13919939;4,13419000
106,22111939;4,13419000
106,30303939;4,13419000
106,38495938;4,13419000
106,46687938;4,13419000
106,54879938;4,13419000
106,63071938;4,13419000
106,71263938;4,13419000
106,79455938;4,08932800
106,87647938;4,08932800
106,95839938;4,04431300
107,04031938;4,04431300
107,12223938;4,04431300
107,20415938;4,04431300
107,28607938;4,04431300
107,36799938;4,04431300
107,44991938;4,04431300
107,53183938;4,04431300
107,61375938;3,99929800
107,69567938;3,99929800
107,77759938;3,95443600
107,85951938;3,95443600
107,94143938;3,95443600
108,02335937;3,95443600
108,10527937;3,95443600
108,18719937;3,95443600
108,26911937;3,95443600
108,35103937;3,95443600
108,43295937;3,95443600
108,51487937;3,90942100
108,59679937;3,95443600
108,67871937;3,90942100
108,76063937;3,90942100
108,84255937;3,90942100
108,92447937;3,86455900
109,00639937;3,86455900
109,08831937;3,86455900
109,17023937;3,86455900
109,25215937;3,90942100
109,33407937;3,95443600
109,41599937;3,95443600
109,49791937;4,04431300
109,57983937;4,04431300
109,66175936;4,13419000
109,74367936;4,17920400
109,82559936;4,22406700
109,90751936;4,26908200
109,98943936;4,31409600
110,07135936;4,35895900
110,15327936;4,40397400
110,23519936;4,40397400
110,31711936;4,44883600
110,39903936;4,44883600
110,48095936;4,49385100
110,56287936;4,49385100
110,64479936;4,53871300
110,72671936;4,58372700
110,80863936;4,58372700
110,89055936;4,58372700
110,97247936;4,62874200
111,05439936;4,62874200
111,13631936;4,62874200
111,21823936;4,67360400
111,30015935;4,62874200
111,38207935;4,62874200
111,46399935;4,62874200
111,54591935;4,62874200
111,62783935;4,58372700
111,70975935;4,62874200
111,79167935;4,62874200
111,87359935;4,58372700
111,95551935;4,58372700
112,03743935;4,58372700
112,11935935;4,58372700
112,20127935;4,58372700
112,28319935;4,58372700
112,36511935;4,49385100
112,44703935;4,49385100
112,52895935;4,53871300
112,61087935;4,49385100
112,69279935;4,49385100
112,77471935;4,49385100
112,85663935;4,49385100
112,93855934;4,49385100
113,02047934;4,49385100
113,10239934;4,44883600
113,18431934;4,44883600
113,26623934;4,44883600
113,34815934;4,44883600
113,43007934;4,40397400
113,51199934;4,40397400
113,59391934;4,44883600
113,67583934;4,40397400
113,75775934;4,40397400
113,83967934;4,40397400
113,92159934;4,40397400
114,00351934;4,35895900
114,08543934;4,35895900
114,16735934;4,31409600
114,24927934;4,35895900
114,33119934;4,31409600
114,41311934;4,31409600
114,49503934;4,31409600
114,57695933;4,31409600
114,65887933;4,31409600
114,74079933;4,31409600
114,82271933;4,31409600
114,90463933;4,26908200
114,98655933;4,26908200
115,06847933;4,26908200
115,15039933;4,26908200
115,23231933;4,22406700
115,31423933;4,22406700
115,39615933;4,22406700
115,47807933;4,22406700
115,55999933;4,22406700
115,64191933;4,22406700
115,72383933;4,17920400
115,80575933;4,17920400
115,88767933;4,17920400
115,96959933;4,17920400
116,05151933;4,13419000
116,13343933;4,13419000
116,21535932;4,13419000
116,29727932;4,13419000
116,37919932;4,13419000
116,46111932;4,13419000
116,54303932;4,13419000
116,62495932;4,13419000
116,70687932;4,13419000
116,78879932;4,13419000
116,87071932;4,08932800
116,95263932;4,04431300
117,03455932;4,08932800
117,11647932;4,04431300
117,19839932;4,04431300
117,28031932;4,04431300
117,36223932;4,04431300
117,44415932;4,04431300
117,52607932;4,04431300
117,60799932;4,04431300
117,68991932;4,04431300
117,77183932;3,99929800
117,85375932;3,95443600
117,93567931;3,95443600
118,01759931;3,95443600
118,09951931;3,95443600
118,18143931;3,95443600
118,26335931;3,95443600
118,34527931;3,95443600
118,42719931;3,95443600
118,50911931;3,95443600
118,59103931;3,90942100
118,67295931;3,90942100
118,75487931;3,90942100
118,83679931;3,90942100
118,91871931;3,86455900
119,00063931;3,90942100
119,08255931;3,90942100
119,16447931;3,86455900
119,24639931;3,86455900
119,32831931;3,90942100
119,41023931;3,95443600
119,49215931;3,95443600
119,57407930;4,04431300
119,65599930;4,04431300
119,73791930;4,13419000
119,81983930;4,17920400
119,90175930;4,22406700
119,98367930;4,26908200
120,06559930;4,31409600
120,14751930;4,35895900
120,22943930;4,40397400
120,31135930;4,40397400
120,39327930;4,44883600
120,47519930;4,49385100
120,55711930;4,49385100
120,63903930;4,49385100
120,72095930;4,53871300
120,80287930;4,53871300
120,88479930;4,53871300
120,96671930;4,58372700
121,04863930;4,58372700
121,13055930;4,58372700
121,21247929;4,62874200
121,29439929;4,62874200
121,37631929;4,58372700
121,45823929;4,62874200
121,54015929;4,58372700
121,62207929;4,58372700
121,70399929;4,58372700
121,78591929;4,58372700
121,86783929;4,58372700
121,94975929;4,58372700
122,03167929;4,58372700
122,11359929;4,58372700
122,19551929;4,58372700
122,27743929;4,53871300
122,35935929;4,49385100
122,44127929;4,49385100
122,52319929;4,49385100
122,60511929;4,49385100
122,68703929;4,49385100
122,76895929;4,49385100
122,85087928;4,49385100
122,93279928;4,49385100
123,01471928;4,49385100
123,09663928;4,44883600
123,17855928;4,44883600
123,26047928;4,40397400
123,34239928;4,44883600
123,42431928;4,40397400
123,50623928;4,40397400
123,58815928;4,40397400
123,67007928;4,40397400
123,75199928;4,40397400
123,83391928;4,35895900
123,91583928;4,40397400
123,99775928;4,40397400
124,07967928;4,31409600
124,16159928;4,35895900
124,24351928;4,31409600
124,32543928;4,31409600
124,40735928;4,31409600
124,48927927;4,31409600
124,57119927;4,31409600
124,65311927;4,31409600
124,73503927;4,31409600
124,81695927;4,31409600
124,89887927;4,26908200
124,98079927;4,26908200
125,06271927;4,26908200
125,14463927;4,26908200
125,22655927;4,22406700
125,30847927;4,22406700
125,39039927;4,22406700
125,47231927;4,22406700
125,55423927;4,22406700
125,63615927;4,22406700
125,71807927;4,22406700
125,79999927;4,17920400
125,88191927;4,17920400
125,96383927;4,17920400
126,04575927;4,13419000
126,12767926;4,13419000
126,20959926;4,13419000
126,29151926;4,13419000
126,37343926;4,13419000
126,45535926;4,13419000
126,53727926;4,13419000
126,61919926;4,13419000
126,70111926;4,08932800
126,78303926;4,08932800
126,86495926;4,08932800
126,94687926;4,08932800
127,02879926;4,04431300
127,11071926;4,04431300
127,19263926;4,04431300
127,27455926;4,04431300
127,35647926;4,04431300
127,43839926;4,04431300
127,52031926;4,04431300
127,60223926;3,99929800
127,68415926;3,95443600
127,76607925;3,95443600
127,84799925;3,99929800
127,92991925;3,95443600
128,01183925;3,95443600
128,09375925;3,95443600
128,17567925;3,95443600
128,25759925;3,95443600
128,33951925;3,95443600
128,42143925;3,95443600
128,50335925;3,95443600
128,58527925;3,90942100
128,66719925;3,90942100
128,74911925;3,90942100
128,83103925;3,86455900
128,91295925;3,90942100
128,99487925;3,86455900
129,07679925;3,86455900
129,15871925;3,86455900
129,24063925;3,90942100
129,32255925;3,95443600
129,40447924;3,95443600
129,48639924;3,95443600
129,56831924;4,04431300
129,65023924;4,13419000
129,73215924;4,13419000
129,81407924;4,22406700
129,89599924;4,26908200
129,97791924;4,31409600
130,05983924;4,31409600
130,14175924;4,40397400
130,22367924;4,40397400
130,30559924;4,44883600
130,38751924;4,49385100
130,46943924;4,49385100
130,55135924;4,53871300
130,63327924;4,53871300
130,71519924;4,53871300
130,79711924;4,53871300
130,87903924;4,58372700
130,96095924;4,58372700
131,04287923;4,62874200
131,12479923;4,62874200
131,20671923;4,62874200
131,28863923;4,62874200
131,37055923;4,62874200
131,45247923;4,62874200
131,53439923;4,58372700
131,61631923;4,58372700
131,69823923;4,58372700
131,78015923;4,58372700
131,86207923;4,58372700
131,94399923;4,58372700
132,02591923;4,58372700
132,10783923;4,58372700
132,18975923;4,58372700
132,27167923;4,53871300
132,35359923;4,53871300
132,43551923;4,53871300
132,51743923;4,49385100
132,59935923;4,53871300
132,68127922;4,49385100
132,76319922;4,49385100
132,84511922;4,49385100
132,92703922;4,49385100
133,00895922;4,49385100
133,09087922;4,49385100
133,17279922;4,44883600
133,25471922;4,44883600
133,33663922;4,44883600
133,41855922;4,40397400
133,50047922;4,40397400
133,58239922;4,40397400
133,66431922;4,40397400
133,74623922;4,40397400
133,82815922;4,40397400
133,91007922;4,40397400
133,99199922;4,40397400
134,07391922;4,35895900
134,15583922;4,31409600
134,23775922;4,35895900
134,31967921;4,31409600
134,40159921;4,31409600
134,48351921;4,31409600
134,56543921;4,31409600
134,64735921;4,31409600
134,72927921;4,31409600
134,81119921;4,26908200
134,89311921;4,31409600
134,97503921;4,26908200
135,05695921;4,26908200
135,13887921;4,26908200
135,22079921;4,26908200
135,30271921;4,22406700
135,38463921;4,22406700
135,46655921;4,22406700
135,54847921;4,22406700
135,63039921;4,22406700
135,71231921;4,22406700
135,79423921;4,17920400
135,87615921;4,17920400
135,95807921;4,17920400
136,03999920;4,13419000
136,12191920;4,13419000
136,20383920;4,13419000
136,28575920;4,13419000
136,36767920;4,13419000
136,44959920;4,13419000
136,53151920;4,13419000
136,61343920;4,13419000
136,69535920;4,13419000
136,77727920;4,08932800
136,85919920;4,08932800
136,94111920;4,04431300
137,02303920;4,08932800
137,10495920;4,04431300
137,18687920;4,04431300
137,26879920;4,04431300
137,35071920;4,04431300
137,43263920;4,04431300
137,51455920;4,04431300
137,59647920;4,04431300
137,67839919;3,99929800
137,76031919;3,99929800
137,84223919;3,99929800
137,92415919;3,95443600
138,00607919;3,95443600
138,08799919;3,95443600
138,16991919;3,95443600
138,25183919;3,95443600
138,33375919;3,95443600
138,41567919;3,95443600
138,49759919;3,95443600
138,57951919;3,95443600
138,66143919;3,90942100
138,74335919;3,90942100
138,82527919;3,90942100
138,90719919;3,86455900
138,98911919;3,86455900
139,07103919;3,90942100
139,15295919;3,86455900
139,23487919;3,90942100
139,31679918;3,86455900
139,39871918;3,95443600
139,48063918;3,95443600
139,56255918;4,04431300
139,64447918;4,04431300
139,72639918;4,13419000
139,80831918;4,13419000
139,89023918;4,22406700
139,97215918;4,26908200
140,05407918;4,31409600
140,13599918;4,31409600
140,21791918;4,35895900
140,29983918;4,40397400
140,38175918;4,40397400
140,46367918;4,44883600
140,54559918;4,49385100
140,62751918;4,49385100
140,70943918;4,49385100
140,79135918;4,53871300
140,87327918;4,53871300
140,95519917;4,58372700
141,03711917;4,58372700
141,11903917;4,58372700
141,20095917;4,62874200
141,28287917;4,58372700
141,36479917;4,58372700
141,44671917;4,62874200
141,52863917;4,58372700
141,61055917;4,58372700
141,69247917;4,58372700
141,77439917;4,58372700
141,85631917;4,58372700
141,93823917;4,58372700
142,02015917;4,58372700
142,10207917;4,58372700
142,18399917;4,58372700
142,26591917;4,53871300
142,34783917;4,53871300
142,42975917;4,53871300
142,51167917;4,49385100
142,59359916;4,49385100
142,67551916;4,49385100
142,75743916;4,49385100
142,83935916;4,49385100
142,92127916;4,49385100
143,00319916;4,49385100
143,08511916;4,44883600
143,16703916;4,44883600
143,24895916;4,44883600
143,33087916;4,44883600
143,41279916;4,40397400
143,49471916;4,40397400
143,57663916;4,40397400
143,65855916;4,40397400
143,74047916;4,40397400
143,82239916;4,40397400
143,90431916;4,40397400
143,98623916;4,35895900
144,06815916;4,35895900
144,15007916;4,31409600
144,23199915;4,31409600
144,31391915;4,31409600
144,39583915;4,31409600
144,47775915;4,31409600
144,55967915;4,31409600
144,64159915;4,31409600
144,72351915;4,31409600
144,80543915;4,31409600
144,88735915;4,31409600
144,96927915;4,26908200
145,05119915;4,26908200
145,13311915;4,22406700
145,21503915;4,22406700
145,29695915;4,22406700
145,37887915;4,22406700
145,46079915;4,22406700
145,54271915;4,22406700
145,62463915;4,22406700
145,70655915;4,22406700
145,78847915;4,17920400
145,87039914;4,17920400
145,95231914;4,13419000
146,03423914;4,13419000
146,11615914;4,13419000
146,19807914;4,13419000
146,27999914;4,13419000
146,36191914;4,13419000
146,44383914;4,13419000
146,52575914;4,13419000
146,60767914;4,13419000
146,68959914;4,08932800
146,77151914;4,08932800
146,85343914;4,08932800
146,93535914;4,08932800
147,01727914;4,04431300
147,09919914;4,04431300
147,18111914;4,04431300
147,26303914;4,04431300
147,34495914;4,04431300
147,42687914;4,04431300
147,50879913;4,04431300
147,59071913;3,99929800
147,67263913;3,99929800
147,75455913;3,99929800
147,83647913;3,95443600
147,91839913;3,95443600
148,00031913;3,95443600
148,08223913;3,95443600
148,16415913;3,95443600
148,24607913;3,95443600
148,32799913;3,95443600
148,40991913;3,95443600
148,49183913;3,90942100
148,57375913;3,90942100
148,65567913;3,90942100
148,73759913;3,90942100
148,81951913;3,90942100
148,90143913;3,86455900
148,98335913;3,86455900
149,06527913;3,86455900
149,14719912;3,86455900
149,22911912;3,90942100
149,31103912;3,90942100
149,39295912;3,95443600
149,47487912;4,04431300
149,55679912;4,04431300
149,63871912;4,13419000
149,72063912;4,17920400
149,80255912;4,17920400
149,88447912;4,26908200
149,96639912;4,31409600
150,04831912;4,31409600
150,13023912;4,40397400
150,21215912;4,40397400
150,29407912;4,40397400
150,37599912;4,49385100
150,45791912;4,49385100
150,53983912;4,49385100
150,62175912;4,49385100
150,70367912;4,53871300
150,78559911;4,58372700
150,86751911;4,58372700
150,94943911;4,58372700
151,03135911;4,62874200
151,11327911;4,62874200
151,19519911;4,62874200
151,27711911;4,62874200
151,35903911;4,62874200
151,44095911;4,58372700
151,52287911;4,62874200
151,60479911;4,58372700
151,68671911;4,58372700
151,76863911;4,62874200
151,85055911;4,58372700
151,93247911;4,58372700
152,01439911;4,58372700
152,09631911;4,58372700
152,17823911;4,58372700
152,26015911;4,53871300
152,34207911;4,53871300
152,42399910;4,49385100
152,50591910;4,53871300
152,58783910;4,49385100
152,66975910;4,49385100
152,75167910;4,49385100
152,83359910;4,49385100
152,91551910;4,49385100
152,99743910;4,49385100
153,07935910;4,44883600
153,16127910;4,49385100
153,24319910;4,44883600
153,32511910;4,40397400
153,40703910;4,40397400
153,48895910;4,40397400
153,57087910;4,40397400
153,65279910;4,40397400
153,73471910;4,40397400
153,81663910;4,40397400
153,89855910;4,40397400
153,98047910;4,35895900
154,06239909;4,35895900
154,14431909;4,35895900
154,22623909;4,35895900
154,30815909;4,31409600
154,39007909;4,31409600
154,47199909;4,31409600
154,55391909;4,31409600
154,63583909;4,31409600
154,71775909;4,31409600
154,79967909;4,31409600
154,88159909;4,31409600
154,96351909;4,26908200
155,04543909;4,26908200
155,12735909;4,26908200
155,20927909;4,22406700
155,29119909;4,22406700
155,37311909;4,22406700
155,45503909;4,22406700
155,53695909;4,22406700
155,61887909;4,22406700
155,70079909;4,22406700
155,78271908;4,17920400
155,86463908;4,22406700
155,94655908;4,17920400
156,02847908;4,13419000
156,11039908;4,13419000
156,19231908;4,13419000
156,27423908;4,13419000
156,35615908;4,13419000
156,43807908;4,13419000
156,51999908;4,13419000
156,60191908;4,13419000
156,68383908;4,08932800
156,76575908;4,08932800
156,84767908;4,08932800
156,92959908;4,08932800
157,01151908;4,04431300
157,09343908;4,04431300
157,17535908;4,04431300
157,25727908;4,04431300
157,33919908;4,04431300
157,42111907;4,04431300
157,50303907;4,04431300
157,58495907;4,04431300
157,66687907;3,95443600
157,74879907;3,99929800
157,83071907;3,99929800
157,91263907;3,95443600
157,99455907;3,95443600
158,07647907;3,95443600
158,15839907;3,95443600
158,24031907;3,95443600
158,32223907;3,95443600
158,40415907;3,95443600
158,48607907;3,95443600
158,56799907;3,90942100
158,64991907;3,90942100
158,73183907;3,90942100
158,81375907;3,90942100
158,89567907;3,90942100
158,97759907;3,90942100
159,05951906;3,90942100
159,14143906;3,86455900
159,22335906;3,86455900
159,30527906;3,86455900
159,38719906;3,95443600
159,46911906;3,95443600
159,55103906;4,04431300
159,63295906;4,04431300
159,71487906;4,13419000
159,79679906;4,13419000
159,87871906;4,22406700
159,96063906;4,26908200
160,04255906;4,31409600
160,12447906;4,31409600
160,20639906;4,35895900
160,28831906;4,40397400
160,37023906;4,44883600
160,45215906;4,44883600
160,53407906;4,49385100
160,61599906;4,49385100
160,69791905;4,49385100
160,77983905;4,53871300
160,86175905;4,53871300
160,94367905;4,58372700
161,02559905;4,58372700
161,10751905;4,58372700
161,18943905;4,58372700
161,27135905;4,58372700
161,35327905;4,62874200
161,43519905;4,62874200
161,51711905;4,58372700
161,59903905;4,58372700
161,68095905;4,62874200
161,76287905;4,58372700
161,84479905;4,58372700
161,92671905;4,58372700
162,00863905;4,58372700
162,09055905;4,58372700
162,17247905;4,53871300
162,25439905;4,53871300
162,33631904;4,53871300
162,41823904;4,49385100
162,50015904;4,49385100
162,58207904;4,49385100
162,66399904;4,49385100
162,74591904;4,49385100
162,82783904;4,49385100
162,90975904;4,49385100
162,99167904;4,49385100
163,07359904;4,44883600
163,15551904;4,44883600
163,23743904;4,44883600
163,31935904;4,44883600
163,40127904;4,40397400
163,48319904;4,40397400
163,56511904;4,40397400
163,64703904;4,40397400
163,72895904;4,40397400
163,81087904;4,40397400
163,89279904;4,40397400
163,97471903;4,40397400
164,05663903;4,35895900
164,13855903;4,31409600
164,22047903;4,35895900
164,30239903;4,31409600
164,38431903;4,31409600
164,46623903;4,31409600
164,54815903;4,31409600
164,63007903;4,31409600
164,71199903;4,31409600
164,79391903;4,26908200
164,87583903;4,26908200
164,95775903;4,26908200
165,03967903;4,26908200
165,12159903;4,26908200
165,20351903;4,22406700
165,28543903;4,22406700
165,36735903;4,22406700
165,44927903;4,22406700
165,53119903;4,22406700
165,61311902;4,17920400
165,69503902;4,17920400
165,77695902;4,17920400
165,85887902;4,13419000
165,94079902;4,13419000
166,02271902;4,17920400
166,10463902;4,13419000
166,18655902;4,13419000
166,26847902;4,13419000
166,35039902;4,13419000
166,43231902;4,13419000
166,51423902;4,13419000
166,59615902;4,13419000
166,67807902;4,08932800
166,75999902;4,08932800
166,84191902;4,08932800
166,92383902;4,04431300
167,00575902;4,04431300
167,08767902;4,04431300
167,16959902;4,04431300
167,25151901;4,04431300
167,33343901;4,04431300
167,41535901;4,04431300
167,49727901;4,04431300
167,57919901;3,99929800
167,66111901;3,99929800
167,74303901;3,99929800
167,82495901;3,95443600
167,90687901;3,95443600
167,98879901;3,95443600
168,07071901;3,95443600
168,15263901;3,95443600
168,23455901;3,95443600
168,31647901;3,95443600
168,39839901;3,95443600
168,48031901;3,90942100
168,56223901;3,95443600
168,64415901;3,90942100
168,72607901;3,90942100
168,80799901;3,90942100
168,88991900;3,90942100
168,97183900;3,86455900
169,05375900;3,86455900
169,13567900;3,86455900
169,21759900;3,86455900
169,29951900;3,90942100
169,38143900;3,95443600
169,46335900;3,95443600
169,54527900;4,04431300
169,62719900;4,08932800
169,70911900;4,13419000
169,79103900;4,22406700
169,87295900;4,22406700
169,95487900;4,31409600
170,03679900;4,31409600
170,11871900;4,40397400
170,20063900;4,40397400
170,28255900;4,44883600
170,36447900;4,49385100
170,44639900;4,49385100
170,52831899;4,49385100
170,61023899;4,49385100
170,69215899;4,58372700
170,77407899;4,58372700
170,85599899;4,58372700
170,93791899;4,58372700
171,01983899;4,62874200
171,10175899;4,62874200
171,18367899;4,62874200
171,26559899;4,62874200
171,34751899;4,62874200
171,42943899;4,62874200
171,51135899;4,58372700
171,59327899;4,58372700
171,67519899;4,58372700
171,75711899;4,58372700
171,83903899;4,58372700
171,92095899;4,58372700
172,00287899;4,58372700
172,08479899;4,58372700
172,16671898;4,53871300
172,24863898;4,53871300
172,33055898;4,53871300
172,41247898;4,49385100
172,49439898;4,49385100
172,57631898;4,49385100
172,65823898;4,49385100
172,74015898;4,49385100
172,82207898;4,49385100
172,90399898;4,49385100
172,98591898;4,49385100
173,06783898;4,49385100
173,14975898;4,44883600
173,23167898;4,44883600
173,31359898;4,44883600
173,39551898;4,40397400
173,47743898;4,40397400
173,55935898;4,40397400
173,64127898;4,40397400
173,72319898;4,40397400
173,80511897;4,40397400
173,88703897;4,40397400
173,96895897;4,40397400
174,05087897;4,40397400
174,13279897;4,31409600
174,21471897;4,31409600
174,29663897;4,31409600
174,37855897;4,31409600
174,46047897;4,31409600
174,54239897;4,31409600
174,62431897;4,31409600
174,70623897;4,31409600
174,78815897;4,26908200
174,87007897;4,26908200
174,95199897;4,26908200
175,03391897;4,26908200
175,11583897;4,26908200
175,19775897;4,22406700
175,27967897;4,22406700
175,36159897;4,22406700
175,44351897;4,22406700
175,52543896;4,22406700
175,60735896;4,22406700
175,68927896;4,17920400
175,77119896;4,22406700
175,85311896;4,17920400
175,93503896;4,13419000
176,01695896;4,13419000
176,09887896;4,13419000
176,18079896;4,13419000
176,26271896;4,13419000
176,34463896;4,13419000
176,42655896;4,13419000
176,50847896;4,13419000
176,59039896;4,13419000
176,67231896;4,13419000
176,75423896;4,08932800
176,83615896;4,08932800
176,91807896;4,04431300
176,99999896;4,08932800
177,08191896;4,04431300
177,16383895;4,04431300
177,24575895;4,04431300
177,32767895;4,04431300
177,40959895;4,04431300
177,49151895;4,04431300
177,57343895;3,99929800
177,65535895;4,04431300
177,73727895;3,99929800
177,81919895;3,95443600
177,90111895;3,95443600
177,98303895;3,95443600
178,06495895;3,95443600
178,14687895;3,95443600
178,22879895;3,95443600
178,31071895;3,95443600
178,39263895;3,95443600
178,47455895;3,95443600
178,55647895;3,90942100
178,63839895;3,90942100
178,72031895;3,90942100
178,80223894;3,90942100
178,88415894;3,90942100
178,96607894;3,86455900
179,04799894;3,86455900
179,12991894;3,86455900
179,21183894;3,86455900
179,29375894;3,86455900
179,37567894;3,95443600
179,45759894;3,95443600
179,53951894;3,99929800
179,62143894;4,08932800
179,70335894;4,08932800
179,78527894;4,13419000
179,86719894;4,22406700
179,94911894;4,22406700
180,03103894;4,31409600
180,11295894;4,31409600
180,19487894;4,40397400
180,27679894;4,40397400
180,35871894;4,40397400
180,44063893;4,49385100
180,52255893;4,49385100
180,60447893;4,49385100
180,68639893;4,49385100
180,76831893;4,58372700
180,85023893;4,58372700
180,93215893;4,58372700
181,01407893;4,58372700
181,09599893;4,62874200
181,17791893;4,62874200
181,25983893;4,58372700
181,34175893;4,62874200
181,42367893;4,62874200
181,50559893;4,62874200
181,58751893;4,62874200
181,66943893;4,62874200
181,75135893;4,58372700
181,83327893;4,58372700
181,91519893;4,58372700
181,99711893;4,58372700
182,07903892;4,58372700
182,16095892;4,58372700
182,24287892;4,53871300
182,32479892;4,53871300
182,40671892;4,53871300
182,48863892;4,49385100
182,57055892;4,49385100
182,65247892;4,49385100
182,73439892;4,49385100
182,81631892;4,49385100
182,89823892;4,49385100
182,98015892;4,49385100
183,06207892;4,49385100
183,14399892;4,44883600
183,22591892;4,44883600
183,30783892;4,40397400
183,38975892;4,40397400
183,47167892;4,40397400
183,55359892;4,40397400
183,63551892;4,40397400
183,71743891;4,40397400
183,79935891;4,40397400
183,88127891;4,40397400
183,96319891;4,35895900
184,04511891;4,35895900
184,12703891;4,35895900
184,20895891;4,35895900
184,29087891;4,31409600
184,37279891;4,31409600
184,45471891;4,31409600
184,53663891;4,31409600
184,61855891;4,31409600
184,70047891;4,31409600
184,78239891;4,26908200
184,86431891;4,26908200
184,94623891;4,26908200
185,02815891;4,22406700
185,11007891;4,26908200
185,19199891;4,26908200
185,27391891;4,22406700
185,35583890;4,22406700
185,43775890;4,22406700
185,51967890;4,22406700
185,60159890;4,22406700
185,68351890;4,17920400
185,76543890;4,17920400
185,84735890;4,17920400
185,92927890;4,17920400
186,01119890;4,13419000
186,09311890;4,17920400
186,17503890;4,13419000
186,25695890;4,13419000
186,33887890;4,13419000
186,42079890;4,13419000
186,50271890;4,13419000
186,58463890;4,13419000
186,66655890;4,13419000
186,74847890;4,08932800
186,83039890;4,08932800
186,91231890;4,08932800
186,99423889;4,08932800
187,07615889;4,04431300
187,15807889;4,04431300
187,23999889;4,04431300
187,32191889;4,04431300
187,40383889;4,04431300
187,48575889;4,04431300
187,56767889;4,04431300
187,64959889;3,99929800
187,73151889;3,99929800
187,81343889;3,95443600
187,89535889;3,95443600
187,97727889;3,95443600
188,05919889;3,95443600
188,14111889;3,95443600
188,22303889;3,95443600
188,30495889;3,95443600
188,38687889;3,95443600
188,46879889;3,95443600
188,55071889;3,95443600
188,63263888;3,90942100
188,71455888;3,90942100
188,79647888;3,90942100
188,87839888;3,90942100
188,96031888;3,90942100
189,04223888;3,90942100
189,12415888;3,86455900
189,20607888;3,90942100
189,28799888;3,90942100
189,36991888;3,95443600
189,45183888;3,95443600
189,53375888;4,04431300
189,61567888;4,08932800
189,69759888;4,13419000
189,77951888;4,17920400
189,86143888;4,22406700
189,94335888;4,26908200
190,02527888;4,31409600
190,10719888;4,40397400
190,18911888;4,40397400
190,27103887;4,44883600
190,35295887;4,49385100
190,43487887;4,49385100
190,51679887;4,49385100
190,59871887;4,53871300
190,68063887;4,58372700
190,76255887;4,53871300
190,84447887;4,58372700
190,92639887;4,58372700
191,00831887;4,58372700
191,09023887;4,62874200
191,17215887;4,62874200
191,25407887;4,62874200
191,33599887;4,62874200
191,41791887;4,62874200
191,49983887;4,62874200
191,58175887;4,62874200
191,66367887;4,62874200
191,74559887;4,58372700
191,82751887;4,62874200
191,90943886;4,58372700
191,99135886;4,58372700
192,07327886;4,58372700
192,15519886;4,58372700
192,23711886;4,58372700
192,31903886;4,53871300
192,40095886;4,53871300
192,48287886;4,49385100
192,56479886;4,53871300
192,64671886;4,49385100
192,72863886;4,49385100
192,81055886;4,49385100
192,89247886;4,49385100
192,97439886;4,49385100
193,05631886;4,49385100
193,13823886;4,44883600
193,22015886;4,44883600
193,30207886;4,40397400
193,38399886;4,44883600
193,46591886;4,44883600
193,54783886;4,40397400
193,62975885;4,40397400
193,71167885;4,40397400
193,79359885;4,40397400
193,87551885;4,40397400
193,95743885;4,35895900
194,03935885;4,40397400
194,12127885;4,35895900
194,20319885;4,31409600
194,28511885;4,31409600
194,36703885;4,31409600
194,44895885;4,31409600
194,53087885;4,31409600
194,61279885;4,31409600
194,69471885;4,31409600
194,77663885;4,31409600
194,85855885;4,31409600
194,94047885;4,31409600
195,02239885;4,22406700
195,10431885;4,26908200
195,18623885;4,26908200
195,26815884;4,22406700
195,35007884;4,22406700
195,43199884;4,22406700
195,51391884;4,22406700
195,59583884;4,22406700
195,67775884;4,22406700
195,75967884;4,22406700
195,84159884;4,17920400
195,92351884;4,13419000
196,00543884;4,17920400
196,08735884;4,17920400
196,16927884;4,13419000
196,25119884;4,13419000
196,33311884;4,13419000
196,41503884;4,13419000
196,49695884;4,13419000
196,57887884;4,13419000
196,66079884;4,13419000
196,74271884;4,08932800
196,82463884;4,08932800
196,90655883;4,08932800
196,98847883;4,08932800
197,07039883;4,08932800
197,15231883;4,04431300
197,23423883;4,04431300
197,31615883;4,04431300
197,39807883;4,04431300
197,47999883;4,04431300
197,56191883;4,04431300
197,64383883;4,04431300
197,72575883;3,99929800
197,80767883;3,99929800
197,88959883;3,95443600
197,97151883;3,95443600
198,05343883;3,95443600
198,13535883;3,95443600
198,21727883;3,95443600
198,29919883;3,95443600
198,38111883;3,95443600
198,46303883;3,95443600
198,54495882;3,95443600
198,62687882;3,95443600
198,70879882;3,90942100
198,79071882;3,90942100
198,87263882;3,90942100
198,95455882;3,90942100
199,03647882;3,86455900
199,11839882;3,90942100
199,20031882;3,90942100
199,28223882;3,90942100
199,36415882;3,90942100
199,44607882;3,95443600
199,52799882;3,99929800
199,60991882;4,04431300
199,69183882;4,08932800
199,77375882;4,13419000
199,85567882;4,17920400
199,93759882;4,22406700
200,01951882;4,26908200
200,10143882;4,31409600
200,18335881;4,35895900
200,26527881;4,40397400
200,34719881;4,40397400
200,42911881;4,44883600
200,51103881;4,49385100
200,59295881;4,49385100
200,67487881;4,49385100
200,75679881;4,49385100
200,83871881;4,53871300
200,92063881;4,58372700
201,00255881;4,58372700
201,08447881;4,58372700
201,16639881;4,58372700
201,24831881;4,58372700
201,33023881;4,58372700
201,41215881;4,62874200
201,49407881;4,62874200
201,57599881;4,62874200
201,65791881;4,58372700
201,73983881;4,58372700
201,82175880;4,58372700
201,90367880;4,58372700
201,98559880;4,58372700
202,06751880;4,58372700
202,14943880;4,53871300
202,23135880;4,58372700
202,31327880;4,53871300
202,39519880;4,53871300
202,47711880;4,49385100
202,55903880;4,49385100
202,64095880;4,49385100
202,72287880;4,49385100
202,80479880;4,49385100
202,88671880;4,49385100
202,96863880;4,49385100
203,05055880;4,49385100
203,13247880;4,44883600
203,21439880;4,44883600
203,29631880;4,44883600
203,37823880;4,44883600
203,46015879;4,40397400
203,54207879;4,40397400
203,62399879;4,40397400
203,70591879;4,40397400
203,78783879;4,40397400
203,86975879;4,40397400
203,95167879;4,40397400
204,03359879;4,35895900
204,11551879;4,35895900
204,19743879;4,31409600
204,27935879;4,31409600
204,36127879;4,31409600
204,44319879;4,31409600
204,52511879;4,31409600
204,60703879;4,31409600
204,68895879;4,31409600
204,77087879;4,26908200
204,85279879;4,26908200
204,93471879;4,31409600
205,01663879;4,26908200
205,09855878;4,26908200
205,18047878;4,26908200
205,26239878;4,22406700
205,34431878;4,22406700
205,42623878;4,22406700
205,50815878;4,22406700
205,59007878;4,22406700
205,67199878;4,22406700
205,75391878;4,17920400
205,83583878;4,17920400
205,91775878;4,17920400
205,99967878;4,13419000
206,08159878;4,13419000
206,16351878;4,13419000
206,24543878;4,13419000
206,32735878;4,13419000
206,40927878;4,13419000
206,49119878;4,13419000
206,57311878;4,13419000
206,65503878;4,13419000
206,73695877;4,08932800
206,81887877;4,08932800
206,90079877;4,08932800
206,98271877;4,04431300
207,06463877;4,04431300
207,14655877;4,04431300
207,22847877;4,04431300
207,31039877;4,04431300
207,39231877;4,04431300
207,47423877;4,04431300
207,55615877;4,04431300
207,63807877;4,04431300
207,71999877;3,99929800
207,80191877;3,95443600
207,88383877;3,95443600
207,96575877;3,95443600
208,04767877;3,95443600
208,12959877;3,95443600
208,21151877;3,95443600
208,29343877;3,95443600
208,37535876;3,95443600
208,45727876;3,95443600
208,53919876;3,90942100
208,62111876;3,90942100
208,70303876;3,90942100
208,78495876;3,90942100
208,86687876;3,90942100
208,94879876;3,86455900
209,03071876;3,86455900
209,11263876;3,86455900
209,19455876;3,86455900
209,27647876;3,90942100
209,35839876;3,95443600
209,44031876;3,95443600
209,52223876;3,99929800
209,60415876;4,04431300
209,68607876;4,13419000
209,76799876;4,17920400
209,84991876;4,22406700
209,93183876;4,26908200
210,01375875;4,31409600
210,09567875;4,31409600
210,17759875;4,40397400
210,25951875;4,40397400
210,34143875;4,44883600
210,42335875;4,49385100
210,50527875;4,49385100
210,58719875;4,49385100
210,66911875;4,53871300
210,75103875;4,58372700
210,83295875;4,58372700
210,91487875;4,58372700
210,99679875;4,58372700
211,07871875;4,58372700
211,16063875;4,62874200
211,24255875;4,62874200
211,32447875;4,62874200
211,40639875;4,62874200
211,48831875;4,62874200
211,57023875;4,62874200
211,65215874;4,58372700
211,73407874;4,58372700
211,81599874;4,58372700
211,89791874;4,58372700
211,97983874;4,58372700
212,06175874;4,58372700
212,14367874;4,58372700
212,22559874;4,58372700
212,30751874;4,58372700
212,38943874;4,53871300
212,47135874;4,53871300
212,55327874;4,53871300
212,63519874;4,49385100
212,71711874;4,49385100
212,79903874;4,49385100
212,88095874;4,49385100
212,96287874;4,49385100
213,04479874;4,49385100
213,12671874;4,49385100
213,20863874;4,44883600
213,29055874;4,44883600
213,37247873;4,44883600
213,45439873;4,44883600
213,53631873;4,40397400
213,61823873;4,40397400
213,70015873;4,40397400
213,78207873;4,40397400
213,86399873;4,40397400
213,94591873;4,40397400
214,02783873;4,35895900
214,10975873;4,31409600
214,19167873;4,31409600
214,27359873;4,31409600
214,35551873;4,31409600
214,43743873;4,31409600
214,51935873;4,31409600
214,60127873;4,31409600
214,68319873;4,31409600
214,76511873;4,31409600
214,84703873;4,26908200
214,92895873;4,26908200
215,01087872;4,26908200
215,09279872;4,26908200
215,17471872;4,26908200
215,25663872;4,22406700
215,33855872;4,22406700
215,42047872;4,22406700
215,50239872;4,22406700
215,58431872;4,22406700
215,66623872;4,17920400
215,74815872;4,22406700
215,83007872;4,17920400
215,91199872;4,17920400
215,99391872;4,17920400
216,07583872;4,13419000
216,15775872;4,13419000
216,23967872;4,13419000
216,32159872;4,13419000
216,40351872;4,13419000
216,48543872;4,13419000
216,56735872;4,13419000
216,64927871;4,13419000
216,73119871;4,13419000
216,81311871;4,13419000
216,89503871;4,08932800
216,97695871;4,04431300
217,05887871;4,08932800
217,14079871;4,04431300
217,22271871;4,04431300
217,30463871;4,04431300
217,38655871;4,04431300
217,46847871;4,04431300
217,55039871;4,04431300
217,63231871;4,04431300
217,71423871;3,99929800
217,79615871;3,95443600
217,87807871;3,99929800
217,95999871;3,95443600
218,04191871;3,95443600
218,12383871;3,95443600
218,20575871;3,95443600
218,28767870;3,95443600
218,36959870;3,95443600
218,45151870;3,95443600
218,53343870;3,95443600
218,61535870;3,95443600
218,69727870;3,90942100
218,77919870;3,90942100
218,86111870;3,90942100
218,94303870;3,86455900
219,02495870;3,86455900
219,10687870;3,90942100
219,18879870;3,90942100
219,27071870;3,86455900
219,35263870;3,90942100
219,43455870;3,95443600
219,51647870;3,95443600
219,59839870;4,04431300
219,68031870;4,04431300
219,76223870;4,13419000
219,84415870;4,13419000
219,92607869;4,22406700
220,00799869;4,26908200
220,08991869;4,31409600
220,17183869;4,31409600
220,25375869;4,40397400
220,33567869;4,44883600
220,41759869;4,44883600
220,49951869;4,49385100
220,58143869;4,49385100
220,66335869;4,49385100
220,74527869;4,53871300
220,82719869;4,53871300
220,90911869;4,58372700
220,99103869;4,58372700
221,07295869;4,58372700
221,15487869;4,58372700
221,23679869;4,62874200
221,31871869;4,62874200
221,40063869;4,62874200
221,48255869;4,58372700
221,56447868;4,58372700
221,64639868;4,58372700
221,72831868;4,58372700
221,81023868;4,58372700
221,89215868;4,58372700
221,97407868;4,58372700
222,05599868;4,58372700
222,13791868;4,53871300
222,21983868;4,58372700
222,30175868;4,53871300
222,38367868;4,49385100
222,46559868;4,49385100
222,54751868;4,49385100
222,62943868;4,49385100
222,71135868;4,49385100
222,79327868;4,49385100
222,87519868;4,49385100
222,95711868;4,49385100
223,03903868;4,49385100
223,12095868;4,44883600
223,20287867;4,44883600
223,28479867;4,44883600
223,36671867;4,40397400
223,44863867;4,40397400
223,53055867;4,40397400
223,61247867;4,40397400
223,69439867;4,40397400
223,77631867;4,40397400
223,85823867;4,35895900
223,94015867;4,35895900
224,02207867;4,35895900
224,10399867;4,31409600
224,18591867;4,31409600
224,26783867;4,31409600
224,34975867;4,31409600
224,43167867;4,31409600
224,51359867;4,31409600
224,59551867;4,31409600
224,67743867;4,31409600
224,75935867;4,31409600
224,84127866;4,31409600
224,92319866;4,26908200
225,00511866;4,26908200
225,08703866;4,22406700
225,16895866;4,26908200
225,25087866;4,22406700
225,33279866;4,22406700
225,41471866;4,22406700
225,49663866;4,22406700
225,57855866;4,22406700
225,66047866;4,17920400
225,74239866;4,17920400
225,82431866;4,17920400
225,90623866;4,17920400
225,98815866;4,17920400
226,07007866;4,13419000
226,15199866;4,13419000
226,23391866;4,13419000
226,31583866;4,13419000
226,39775866;4,13419000
226,47967865;4,13419000
226,56159865;4,13419000
226,64351865;4,08932800
226,72543865;4,08932800
226,80735865;4,08932800
226,88927865;4,08932800
226,97119865;4,04431300
227,05311865;4,04431300
227,13503865;4,04431300
227,21695865;4,04431300
227,29887865;4,04431300
227,38079865;4,04431300
227,46271865;4,04431300
227,54463865;3,99929800
227,62655865;4,04431300
227,70847865;4,04431300
227,79039865;3,99929800
227,87231865;3,95443600
227,95423865;3,95443600
228,03615865;3,95443600
228,11807864;3,95443600
228,19999864;3,95443600
228,28191864;3,95443600
228,36383864;3,95443600
228,44575864;3,95443600
228,52767864;3,95443600
228,60959864;3,90942100
228,69151864;3,90942100
228,77343864;3,90942100
228,85535864;3,86455900
228,93727864;3,86455900
229,01919864;3,90942100
229,10111864;3,86455900
229,18303864;3,90942100
229,26495864;3,90942100
229,34687864;3,90942100
229,42879864;3,95443600
229,51071864;4,04431300
229,59263864;4,04431300
229,67455864;4,13419000
229,75647863;4,13419000
229,83839863;4,22406700
229,92031863;4,31409600
230,00223863;4,31409600
230,08415863;4,31409600
230,16607863;4,40397400
230,24799863;4,40397400
230,32991863;4,44883600
230,41183863;4,49385100
230,49375863;4,49385100
230,57567863;4,49385100
230,65759863;4,53871300
230,73951863;4,53871300
230,82143863;4,58372700
230,90335863;4,58372700
230,98527863;4,58372700
231,06719863;4,62874200
231,14911863;4,62874200
231,23103863;4,58372700
231,31295863;4,62874200
231,39487862;4,62874200
231,47679862;4,58372700
231,55871862;4,58372700
231,64063862;4,58372700
231,72255862;4,58372700
231,80447862;4,58372700
231,88639862;4,58372700
231,96831862;4,58372700
232,05023862;4,58372700
232,13215862;4,58372700
232,21407862;4,53871300
232,29599862;4,53871300
232,37791862;4,53871300
232,45983862;4,53871300
232,54175862;4,49385100
232,62367862;4,49385100
232,70559862;4,49385100
232,78751862;4,49385100
232,86943862;4,49385100
232,95135862;4,49385100
233,03327862;4,44883600
233,11519861;4,49385100
233,19711861;4,44883600
233,27903861;4,40397400
233,36095861;4,40397400
233,44287861;4,40397400
233,52479861;4,40397400
233,60671861;4,40397400
233,68863861;4,40397400
233,77055861;4,40397400
233,85247861;4,40397400
233,93439861;4,40397400
234,01631861;4,40397400
234,09823861;4,35895900
234,18015861;4,31409600
234,26207861;4,31409600
234,34399861;4,31409600
234,42591861;4,31409600
234,50783861;4,31409600
234,58975861;4,31409600
234,67167861;4,31409600
234,75359860;4,31409600
234,83551860;4,31409600
234,91743860;4,31409600
234,99935860;4,26908200
235,08127860;4,26908200
235,16319860;4,22406700
235,24511860;4,26908200
235,32703860;4,22406700
235,40895860;4,22406700
235,49087860;4,22406700
235,57279860;4,22406700
235,65471860;4,22406700
235,73663860;4,22406700
235,81855860;4,17920400
235,90047860;4,17920400
235,98239860;4,17920400
236,06431860;4,17920400
236,14623860;4,13419000
236,22815860;4,13419000
236,31007860;4,13419000
236,39199859;4,13419000
236,47391859;4,13419000
236,55583859;4,13419000
236,63775859;4,13419000
236,71967859;4,13419000
236,80159859;4,08932800
236,88351859;4,08932800
236,96543859;4,04431300
237,04735859;4,08932800
237,12927859;4,08932800
237,21119859;4,04431300
237,29311859;4,04431300
237,37503859;4,04431300
237,45695859;4,04431300
237,53887859;4,04431300
237,62079859;3,99929800
237,70271859;3,99929800
237,78463859;3,99929800
237,86655859;3,99929800
237,94847859;3,95443600
238,03039858;3,95443600
238,11231858;3,95443600
238,19423858;3,95443600
238,27615858;3,95443600
238,35807858;3,95443600
238,43999858;3,95443600
238,52191858;3,90942100
238,60383858;3,90942100
238,68575858;3,90942100
238,76767858;3,90942100
238,84959858;3,90942100
238,93151858;3,90942100
239,01343858;3,86455900
239,09535858;3,86455900
239,17727858;3,90942100
239,25919858;3,86455900
239,34111858;3,90942100
239,42303858;3,95443600
239,50495858;3,95443600
239,58687858;4,04431300
239,66879857;4,08932800
239,75071857;4,13419000
239,83263857;4,17920400
239,91455857;4,22406700
239,99647857;4,26908200
240,07839857;4,31409600
240,16031857;4,31409600
240,24223857;4,40397400
240,32415857;4,40397400
240,40607857;4,40397400
240,48799857;4,44883600
240,56991857;4,49385100
240,65183857;4,49385100
240,73375857;4,53871300
240,81567857;4,53871300
240,89759857;4,53871300
240,97951857;4,58372700
241,06143857;4,58372700
241,14335857;4,58372700
241,22527857;4,58372700
241,30719856;4,62874200
241,38911856;4,58372700
241,47103856;4,58372700
241,55295856;4,62874200
241,63487856;4,58372700
241,71679856;4,58372700
241,79871856;4,58372700
241,88063856;4,58372700
241,96255856;4,58372700
242,04447856;4,58372700
242,12639856;4,58372700
242,20831856;4,53871300
242,29023856;4,53871300
242,37215856;4,53871300
242,45407856;4,49385100
242,53599856;4,49385100
242,61791856;4,49385100
242,69983856;4,49385100
242,78175856;4,49385100
242,86367856;4,49385100
242,94559855;4,49385100
243,02751855;4,44883600
243,10943855;4,44883600
243,19135855;4,44883600
243,27327855;4,44883600
243,35519855;4,40397400
243,43711855;4,40397400
243,51903855;4,40397400
243,60095855;4,40397400
243,68287855;4,40397400
243,76479855;4,40397400
243,84671855;4,40397400
243,92863855;4,40397400
244,01055855;4,35895900
244,09247855;4,31409600
244,17439855;4,31409600
244,25631855;4,31409600
244,33823855;4,31409600
244,42015855;4,31409600
244,50207855;4,31409600
244,58399854;4,31409600
244,66591854;4,31409600
244,74783854;4,31409600
244,82975854;4,31409600
244,91167854;4,26908200
244,99359854;4,26908200
245,07551854;4,26908200
245,15743854;4,22406700
245,23935854;4,22406700
245,32127854;4,22406700
245,40319854;4,22406700
245,48511854;4,22406700
245,56703854;4,22406700
245,64895854;4,22406700
245,73087854;4,17920400
245,81279854;4,17920400
245,89471854;4,17920400
245,97663854;4,17920400
246,05855854;4,13419000
246,14047854;4,13419000
246,22239853;4,13419000
246,30431853;4,13419000
246,38623853;4,13419000
246,46815853;4,13419000
246,55007853;4,13419000
246,63199853;4,08932800
246,71391853;4,08932800
246,79583853;4,04431300
246,87775853;4,04431300
246,95967853;4,08932800
247,04159853;4,04431300
247,12351853;4,04431300
247,20543853;4,04431300
247,28735853;4,04431300
247,36927853;4,04431300
247,45119853;4,04431300
247,53311853;4,04431300
247,61503853;3,99929800
247,69695853;4,04431300
247,77887853;3,95443600
247,86079852;3,99929800
247,94271852;3,95443600
248,02463852;3,95443600
248,10655852;3,95443600
248,18847852;3,95443600
248,27039852;3,95443600
248,35231852;3,95443600
248,43423852;3,95443600
248,51615852;3,90942100
248,59807852;3,90942100
248,67999852;3,90942100
248,76191852;3,90942100
248,84383852;3,90942100
248,92575852;3,86455900
249,00767852;3,86455900
249,08959852;3,86455900
249,17151852;3,86455900
249,25343852;3,90942100
249,33535852;3,90942100
249,41727852;3,95443600
249,49919851;3,95443600
249,58111851;4,04431300
249,66303851;4,08932800
249,74495851;4,13419000
249,82687851;4,22406700
249,90879851;4,26908200
249,99071851;4,31409600
250,07263851;4,31409600
250,15455851;4,40397400
250,23647851;4,40397400
250,31839851;4,44883600
250,40031851;4,49385100
250,48223851;4,49385100
250,56415851;4,49385100
250,64607851;4,53871300
250,72799851;4,53871300
250,80991851;4,58372700
250,89183851;4,58372700
250,97375851;4,58372700
251,05567851;4,62874200
251,13759851;4,62874200
251,21951850;4,58372700
251,30143850;4,62874200
251,38335850;4,62874200
251,46527850;4,62874200
251,54719850;4,62874200
251,62911850;4,58372700
251,71103850;4,62874200
251,79295850;4,58372700
251,87487850;4,62874200
251,95679850;4,58372700
252,03871850;4,58372700
252,12063850;4,58372700
252,20255850;4,58372700
252,28447850;4,53871300
252,36639850;4,53871300
252,44831850;4,53871300
252,53023850;4,53871300
252,61215850;4,49385100
252,69407850;4,49385100
252,77599850;4,49385100
252,85791849;4,49385100
252,93983849;4,49385100
253,02175849;4,49385100
253,10367849;4,49385100
253,18559849;4,49385100
253,26751849;4,44883600
253,34943849;4,44883600
253,43135849;4,44883600
253,51327849;4,40397400
253,59519849;4,40397400
253,67711849;4,40397400
253,75903849;4,40397400
253,84095849;4,40397400
253,92287849;4,40397400
254,00479849;4,40397400
254,08671849;4,35895900
254,16863849;4,31409600
254,25055849;4,31409600
254,33247849;4,31409600
254,41439849;4,31409600
254,49631848;4,31409600
254,57823848;4,31409600
254,66015848;4,31409600
254,74207848;4,26908200
254,82399848;4,31409600
254,90591848;4,31409600
254,98783848;4,31409600
255,06975848;4,26908200
255,15167848;4,26908200
255,23359848;4,22406700
255,31551848;4,22406700
255,39743848;4,22406700
255,47935848;4,22406700
255,56127848;4,22406700
255,64319848;4,22406700
255,72511848;4,22406700
255,80703848;4,17920400
255,88895848;4,17920400
255,97087848;4,13419000
256,05279848;4,17920400
256,13471847;4,13419000
256,21663847;4,13419000
256,29855847;4,13419000
256,38047847;4,13419000
256,46239847;4,13419000
256,54431847;4,13419000
256,62623847;4,13419000
256,70815847;4,13419000
256,79007847;4,08932800
256,87199847;4,04431300
256,95391847;4,08932800
257,03583847;4,08932800
257,11775847;4,08932800
257,19967847;4,04431300
257,28159847;4,04431300
257,36351847;4,04431300
257,44543847;4,04431300
257,52735847;4,04431300
257,60927847;3,99929800
257,69119847;4,04431300
257,77311846;3,99929800
257,85503846;3,95443600
257,93695846;3,95443600
258,01887846;3,95443600
258,10079846;3,95443600
258,18271846;3,95443600
258,26463846;3,95443600
258,34655846;3,95443600
258,42847846;3,95443600
258,51039846;3,95443600
258,59231846;3,95443600
258,67423846;3,90942100
258,75615846;3,90942100
258,83807846;3,90942100
258,91999846;3,90942100
259,00191846;3,86455900
259,08383846;3,86455900
259,16575846;3,86455900
259,24767846;3,90942100
259,32959846;3,90942100
259,41151845;3,95443600
259,49343845;3,95443600
259,57535845;3,99929800
259,65727845;4,04431300
259,73919845;4,08932800
259,82111845;4,13419000
259,90303845;4,22406700
259,98495845;4,22406700
260,06687845;4,31409600
260,14879845;4,31409600
260,23071845;4,40397400
260,31263845;4,40397400
260,39455845;4,40397400
260,47647845;4,49385100
260,55839845;4,49385100
260,64031845;4,49385100
260,72223845;4,49385100
260,80415845;4,49385100
260,88607845;4,53871300
260,96799845;4,58372700
261,04991844;4,58372700
261,13183844;4,58372700
261,21375844;4,58372700
261,29567844;4,62874200
261,37759844;4,62874200
261,45951844;4,62874200
261,54143844;4,58372700
261,62335844;4,58372700
261,70527844;4,58372700
261,78719844;4,58372700
261,86911844;4,62874200
261,95103844;4,58372700
262,03295844;4,58372700
262,11487844;4,58372700
262,19679844;4,53871300
262,27871844;4,53871300
262,36063844;4,53871300
262,44255844;4,49385100
262,52447844;4,53871300
262,60639844;4,49385100
262,68831843;4,49385100
262,77023843;4,49385100
262,85215843;4,49385100
262,93407843;4,49385100
263,01599843;4,49385100
263,09791843;4,49385100
263,17983843;4,44883600
263,26175843;4,44883600
263,34367843;4,44883600
263,42559843;4,40397400
263,50751843;4,40397400
263,58943843;4,40397400
263,67135843;4,40397400
263,75327843;4,40397400
263,83519843;4,40397400
263,91711843;4,35895900
263,99903843;4,40397400
264,08095843;4,40397400
264,16287843;4,35895900
264,24479843;4,31409600
264,32671842;4,31409600
264,40863842;4,31409600
264,49055842;4,31409600
264,57247842;4,31409600
264,65439842;4,31409600
264,73631842;4,31409600
264,81823842;4,31409600
264,90015842;4,26908200
264,98207842;4,26908200
265,06399842;4,26908200
265,14591842;4,22406700
265,22783842;4,22406700
265,30975842;4,22406700
265,39167842;4,22406700
265,47359842;4,22406700
265,55551842;4,22406700
265,63743842;4,22406700
265,71935842;4,22406700
265,80127842;4,17920400
265,88319842;4,17920400
265,96511841;4,17920400
266,04703841;4,13419000
266,12895841;4,13419000
266,21087841;4,13419000
266,29279841;4,13419000
266,37471841;4,13419000
266,45663841;4,13419000
266,53855841;4,13419000
266,62047841;4,13419000
266,70239841;4,13419000
266,78431841;4,04431300
266,86623841;4,04431300
266,94815841;4,04431300
267,03007841;4,08932800
267,11199841;4,04431300
267,19391841;4,04431300
267,27583841;4,04431300
267,35775841;4,04431300
267,43967841;4,04431300
267,52159841;4,04431300
267,60351840;4,04431300
267,68543840;3,99929800
267,76735840;3,99929800
267,84927840;3,95443600
267,93119840;3,95443600
268,01311840;3,95443600
268,09503840;3,95443600
268,17695840;3,95443600
268,25887840;3,95443600
268,34079840;3,95443600
268,42271840;3,95443600
268,50463840;3,90942100
268,58655840;3,90942100
268,66847840;3,95443600
268,75039840;3,90942100
268,83231840;3,86455900
268,91423840;3,86455900
268,99615840;3,86455900
269,07807840;3,86455900
269,15999840;3,90942100
269,24191839;3,86455900
269,32383839;3,90942100
269,40575839;3,95443600
269,48767839;3,95443600
269,56959839;4,04431300
269,65151839;4,08932800
269,73343839;4,13419000
269,81535839;4,22406700
269,89727839;4,22406700
269,97919839;4,31409600
270,06111839;4,31409600
270,14303839;4,35895900
270,22495839;4,40397400
270,30687839;4,44883600
270,38879839;4,44883600
270,47071839;4,49385100
270,55263839;4,49385100
270,63455839;4,53871300
270,71647839;4,53871300
270,79839839;4,58372700
270,88031839;4,58372700
270,96223838;4,58372700
271,04415838;4,62874200
271,12607838;4,62874200
271,20799838;4,62874200
271,28991838;4,62874200
271,37183838;4,62874200
271,45375838;4,62874200
271,53567838;4,62874200
271,61759838;4,62874200
271,69951838;4,62874200
271,78143838;4,58372700
271,86335838;4,58372700
271,94527838;4,58372700
272,02719838;4,58372700
272,10911838;4,58372700
272,19103838;4,58372700
272,27295838;4,58372700
272,35487838;4,53871300
272,43679838;4,53871300
272,51871838;4,49385100
272,60063837;4,49385100
272,68255837;4,49385100
272,76447837;4,49385100
272,84639837;4,49385100
272,92831837;4,49385100
273,01023837;4,49385100
273,09215837;4,49385100
273,17407837;4,49385100
273,25599837;4,49385100
273,33791837;4,44883600
273,41983837;4,44883600
273,50175837;4,44883600
273,58367837;4,40397400
273,66559837;4,40397400
273,74751837;4,40397400
273,82943837;4,40397400
273,91135837;4,40397400
273,99327837;4,40397400
274,07519837;4,40397400
274,15711837;4,31409600
274,23903836;4,35895900
274,32095836;4,35895900
274,40287836;4,31409600
274,48479836;4,31409600
274,56671836;4,31409600
274,64863836;4,31409600
274,73055836;4,31409600
274,81247836;4,31409600
274,89439836;4,31409600
274,97631836;4,26908200
275,05823836;4,26908200
275,14015836;4,26908200
275,22207836;4,26908200
275,30399836;4,22406700
275,38591836;4,22406700
275,46783836;4,22406700
275,54975836;4,22406700
275,63167836;4,22406700
275,71359836;4,22406700
275,79551836;4,17920400
275,87743835;4,17920400
275,95935835;4,17920400
276,04127835;4,17920400
276,12319835;4,17920400
276,20511835;4,13419000
276,28703835;4,13419000
276,36895835;4,13419000
276,45087835;4,13419000
276,53279835;4,13419000
276,61471835;4,13419000
276,69663835;4,13419000
276,77855835;4,08932800
276,86047835;4,08932800
276,94239835;4,08932800
277,02431835;4,08932800
277,10623835;4,08932800
277,18815835;4,04431300
277,27007835;4,04431300
277,35199835;4,04431300
277,43391835;4,04431300
277,51583834;4,04431300
277,59775834;4,04431300
277,67967834;3,99929800
277,76159834;3,99929800
277,84351834;3,99929800
277,92543834;3,95443600
278,00735834;3,95443600
278,08927834;3,95443600
278,17119834;3,95443600
278,25311834;3,95443600
278,33503834;3,95443600
278,41695834;3,95443600
278,49887834;3,95443600
278,58079834;3,95443600
278,66271834;3,90942100
278,74463834;3,90942100
278,82655834;3,90942100
278,90847834;3,90942100
278,99039834;3,90942100
279,07231834;3,86455900
279,15423833;3,86455900
279,23615833;3,86455900
279,31807833;3,90942100
279,39999833;3,95443600
279,48191833;3,95443600
279,56383833;3,95443600
279,64575833;4,04431300
279,72767833;4,08932800
279,80959833;4,13419000
279,89151833;4,22406700
279,97343833;4,22406700
280,05535833;4,31409600
280,13727833;4,31409600
280,21919833;4,35895900
280,30111833;4,40397400
280,38303833;4,40397400
280,46495833;4,44883600
280,54687833;4,49385100
280,62879833;4,49385100
280,71071833;4,49385100
280,79263832;4,49385100
280,87455832;4,53871300
280,95647832;4,58372700
281,03839832;4,58372700
281,12031832;4,58372700
281,20223832;4,58372700
281,28415832;4,58372700
281,36607832;4,62874200
281,44799832;4,62874200
281,52991832;4,62874200
281,61183832;4,58372700
281,69375832;4,58372700
281,77567832;4,58372700
281,85759832;4,58372700
281,93951832;4,58372700
282,02143832;4,58372700
282,10335832;4,53871300
282,18527832;4,58372700
282,26719832;4,53871300
282,34911832;4,53871300
282,43103831;4,53871300
282,51295831;4,53871300
282,59487831;4,49385100
282,67679831;4,49385100
282,75871831;4,49385100
282,84063831;4,49385100
282,92255831;4,49385100
283,00447831;4,49385100
283,08639831;4,44883600
283,16831831;4,44883600
283,25023831;4,44883600
283,33215831;4,44883600
283,41407831;4,40397400
283,49599831;4,40397400
283,57791831;4,40397400
283,65983831;4,40397400
283,74175831;4,40397400
283,82367831;4,40397400
283,90559831;4,35895900
283,98751831;4,40397400
284,06943830;4,35895900
284,15135830;4,31409600
284,23327830;4,31409600
284,31519830;4,31409600
284,39711830;4,31409600
284,47903830;4,31409600
284,56095830;4,31409600
284,64287830;4,31409600
284,72479830;4,31409600
284,80671830;4,26908200
284,88863830;4,26908200
284,97055830;4,26908200
285,05247830;4,26908200
285,13439830;4,22406700
285,21631830;4,22406700
285,29823830;4,22406700
285,38015830;4,22406700
285,46207830;4,22406700
285,54399830;4,22406700
285,62591830;4,22406700
285,70783829;4,17920400
285,78975829;4,17920400
285,87167829;4,17920400
285,95359829;4,13419000
286,03551829;4,17920400
286,11743829;4,13419000
286,19935829;4,13419000
286,28127829;4,13419000
286,36319829;4,13419000
286,44511829;4,13419000
286,52703829;4,13419000
286,60895829;4,13419000
286,69087829;4,08932800
286,77279829;4,13419000
286,85471829;4,08932800
286,93663829;4,04431300
287,01855829;4,04431300
287,10047829;4,04431300
287,18239829;4,04431300
287,26431829;4,04431300
287,34623828;4,04431300
287,42815828;4,04431300
287,51007828;3,99929800
287,59199828;3,99929800
287,67391828;3,99929800
287,75583828;3,95443600
287,83775828;3,99929800
287,91967828;3,95443600
288,00159828;3,95443600
288,08351828;3,95443600
288,16543828;3,95443600
288,24735828;3,95443600
288,32927828;3,95443600
288,41119828;3,95443600
288,49311828;3,95443600
288,57503828;3,95443600
288,65695828;3,90942100
288,73887828;3,90942100
288,82079828;3,90942100
288,90271828;3,90942100
288,98463827;3,86455900
289,06655827;3,86455900
289,14847827;3,86455900
289,23039827;3,90942100
289,31231827;3,90942100
289,39423827;3,95443600
289,47615827;3,95443600
289,55807827;4,04431300
289,63999827;4,08932800
289,72191827;4,13419000
289,80383827;4,17920400
289,88575827;4,22406700
289,96767827;4,26908200
290,04959827;4,31409600
290,13151827;4,35895900
290,21343827;4,40397400
290,29535827;4,40397400
290,37727827;4,44883600
290,45919827;4,49385100
290,54111827;4,49385100
290,62303827;4,49385100
290,70495826;4,53871300
290,78687826;4,58372700
290,86879826;4,58372700
290,95071826;4,58372700
291,03263826;4,58372700
291,11455826;4,62874200
291,19647826;4,62874200
291,27839826;4,62874200
291,36031826;4,62874200
291,44223826;4,62874200
291,52415826;4,62874200
291,60607826;4,58372700
291,68799826;4,62874200
291,76991826;4,58372700
291,85183826;4,58372700
291,93375826;4,58372700
292,01567826;4,58372700
292,09759826;4,58372700
292,17951826;4,58372700
292,26143826;4,53871300
292,34335825;4,53871300
292,42527825;4,53871300
292,50719825;4,49385100
292,58911825;4,49385100
292,67103825;4,49385100
292,75295825;4,49385100
292,83487825;4,49385100
292,91679825;4,49385100
292,99871825;4,49385100
293,08063825;4,49385100
293,16255825;4,44883600
293,24447825;4,44883600
293,32639825;4,44883600
293,40831825;4,44883600
293,49023825;4,44883600
293,57215825;4,40397400
293,65407825;4,40397400
293,73599825;4,40397400
293,81791825;4,40397400
293,89983825;4,40397400
293,98175824;4,40397400
294,06367824;4,40397400
294,14559824;4,31409600
294,22751824;4,35895900
294,30943824;4,31409600
294,39135824;4,31409600
294,47327824;4,31409600
294,55519824;4,31409600
294,63711824;4,31409600
294,71903824;4,31409600
294,80095824;4,31409600
294,88287824;4,26908200
294,96479824;4,26908200
295,04671824;4,31409600
295,12863824;4,26908200
295,21055824;4,22406700
295,29247824;4,22406700
295,37439824;4,22406700
295,45631824;4,22406700
295,53823824;4,22406700
295,62015823;4,22406700
295,70207823;4,22406700
295,78399823;4,22406700
295,86591823;4,17920400
295,94783823;4,17920400
296,02975823;4,17920400
296,11167823;4,13419000
296,19359823;4,13419000
296,27551823;4,13419000
296,35743823;4,13419000
296,43935823;4,13419000
296,52127823;4,13419000
296,60319823;4,13419000
296,68511823;4,13419000
296,76703823;4,13419000
296,84895823;4,08932800
296,93087823;4,08932800
297,01279823;4,08932800
297,09471823;4,04431300
297,17663823;4,04431300
297,25855822;4,04431300
297,34047822;4,04431300
297,42239822;4,04431300
297,50431822;4,04431300
297,58623822;4,04431300
297,66815822;4,04431300
297,75007822;3,99929800
297,83199822;3,95443600
297,91391822;3,95443600
297,99583822;3,95443600
298,07775822;3,95443600
298,15967822;3,95443600
298,24159822;3,95443600
298,32351822;3,95443600
298,40543822;3,95443600
298,48735822;3,95443600
298,56927822;3,95443600
298,65119822;3,95443600
298,73311822;3,90942100
298,81503822;3,90942100
298,89695821;3,86455900
298,97887821;3,86455900
299,06079821;3,86455900
299,14271821;3,90942100
299,22463821;3,90942100
299,30655821;3,90942100
299,38847821;3,90942100
299,47039821;3,95443600
299,55231821;3,95443600
299,63423821;4,04431300
299,71615821;4,08932800
299,79807821;4,13419000
299,87999821;4,17920400
299,96191821;4,22406700
300,04383821;4,31409600
300,12575821;4,31409600
300,20767821;4,35895900
300,28959821;4,40397400
300,37151821;4,40397400
300,45343821;4,44883600
300,53535820;4,49385100
300,61727820;4,49385100
300,69919820;4,49385100
300,78111820;4,53871300
300,86303820;4,53871300
300,94495820;4,58372700
301,02687820;4,58372700
301,10879820;4,58372700
301,19071820;4,58372700
301,27263820;4,62874200
301,35455820;4,62874200
301,43647820;4,58372700
301,51839820;4,62874200
301,60031820;4,58372700
301,68223820;4,58372700
301,76415820;4,58372700
301,84607820;4,58372700
301,92799820;4,58372700
302,00991820;4,58372700
302,09183820;4,58372700
302,17375819;4,58372700
302,25567819;4,53871300
302,33759819;4,53871300
302,41951819;4,49385100
302,50143819;4,53871300
302,58335819;4,49385100
302,66527819;4,49385100
302,74719819;4,49385100
302,82911819;4,49385100
302,91103819;4,49385100
302,99295819;4,49385100
303,07487819;4,49385100
303,15679819;4,49385100
303,23871819;4,44883600
303,32063819;4,44883600
303,40255819;4,40397400
303,48447819;4,40397400
303,56639819;4,40397400
303,64831819;4,40397400
303,73023819;4,40397400
303,81215818;4,40397400
303,89407818;4,40397400
303,97599818;4,40397400
304,05791818;4,40397400
304,13983818;4,31409600
304,22175818;4,31409600
304,30367818;4,35895900
304,38559818;4,31409600
304,46751818;4,31409600
304,54943818;4,31409600
304,63135818;4,31409600
304,71327818;4,31409600
304,79519818;4,26908200
304,87711818;4,26908200
304,95903818;4,26908200
305,04095818;4,26908200
305,12287818;4,26908200
305,20479818;4,22406700
305,28671818;4,22406700
305,36863818;4,22406700
305,45055817;4,22406700
305,53247817;4,22406700
305,61439817;4,22406700
305,69631817;4,17920400
305,77823817;4,22406700
305,86015817;4,17920400
305,94207817;4,17920400
306,02399817;4,13419000
306,10591817;4,13419000
306,18783817;4,13419000
306,26975817;4,13419000
306,35167817;4,13419000
306,43359817;4,13419000
306,51551817;4,13419000
306,59743817;4,13419000
306,67935817;4,08932800
306,76127817;4,13419000
306,84319817;4,08932800
306,92511817;4,08932800
307,00703817;4,04431300
307,08895816;4,04431300
307,17087816;4,04431300
307,25279816;4,04431300
307,33471816;4,04431300
307,41663816;4,04431300
307,49855816;4,04431300
307,58047816;4,04431300
307,66239816;3,99929800
307,74431816;3,99929800
307,82623816;3,99929800
307,90815816;3,95443600
307,99007816;3,95443600
308,07199816;3,95443600
308,15391816;3,95443600
308,23583816;3,95443600
308,31775816;3,95443600
308,39967816;3,95443600
308,48159816;3,95443600
308,56351816;3,90942100
308,64543816;3,90942100
308,72735816;3,90942100
308,80927815;3,86455900
308,89119815;3,90942100
308,97311815;3,86455900
309,05503815;3,90942100
309,13695815;3,86455900
309,21887815;3,86455900
309,30079815;3,90942100
309,38271815;3,95443600
309,46463815;3,95443600
309,54655815;4,04431300
309,62847815;4,04431300
309,71039815;4,13419000
309,79231815;4,13419000
309,87423815;4,22406700
309,95615815;4,26908200
310,03807815;4,31409600
310,11999815;4,31409600
310,20191815;4,40397400
310,28383815;4,40397400
310,36575815;4,49385100
310,44767814;4,49385100
310,52959814;4,49385100
310,61151814;4,49385100
310,69343814;4,53871300
310,77535814;4,53871300
310,85727814;4,58372700
310,93919814;4,58372700
311,02111814;4,58372700
311,10303814;4,58372700
311,18495814;4,62874200
311,26687814;4,62874200
311,34879814;4,62874200
311,43071814;4,58372700
311,51263814;4,62874200
311,59455814;4,58372700
311,67647814;4,58372700
311,75839814;4,58372700
311,84031814;4,58372700
311,92223814;4,58372700
312,00415814;4,58372700
312,08607813;4,58372700
312,16799813;4,53871300
312,24991813;4,53871300
312,33183813;4,53871300
312,41375813;4,53871300
312,49567813;4,53871300
312,57759813;4,49385100
312,65951813;4,49385100
312,74143813;4,49385100
312,82335813;4,49385100
312,90527813;4,49385100
312,98719813;4,49385100
313,06911813;4,49385100
313,15103813;4,44883600
313,23295813;4,44883600
313,31487813;4,40397400
313,39679813;4,40397400
313,47871813;4,40397400
313,56063813;4,40397400
313,64255813;4,40397400
313,72447812;4,40397400
313,80639812;4,40397400
313,88831812;4,40397400
313,97023812;4,35895900
314,05215812;4,31409600
314,13407812;4,35895900
314,21599812;4,35895900
314,29791812;4,31409600
314,37983812;4,31409600
314,46175812;4,31409600
314,54367812;4,31409600
314,62559812;4,31409600
314,70751812;4,31409600
314,78943812;4,31409600
314,87135812;4,26908200
314,95327812;4,26908200
315,03519812;4,26908200
315,11711812;4,22406700
315,19903812;4,22406700
315,28095812;4,22406700
315,36287811;4,22406700
315,44479811;4,22406700
315,52671811;4,22406700
315,60863811;4,22406700
315,69055811;4,22406700
315,77247811;4,17920400
315,85439811;4,17920400
315,93631811;4,17920400
316,01823811;4,13419000
316,10015811;4,13419000
316,18207811;4,13419000
316,26399811;4,13419000
316,34591811;4,13419000
316,42783811;4,13419000
316,50975811;4,13419000
316,59167811;4,13419000
316,67359811;4,08932800
316,75551811;4,08932800
316,83743811;4,08932800
316,91935811;4,04431300
317,00127810;4,08932800
317,08319810;4,04431300
317,16511810;4,04431300
317,24703810;4,04431300
317,32895810;4,04431300
317,41087810;4,04431300
317,49279810;4,04431300
317,57471810;4,04431300
317,65663810;4,04431300
317,73855810;3,99929800
317,82047810;3,95443600
317,90239810;3,99929800
317,98431810;3,95443600
318,06623810;3,95443600
318,14815810;3,95443600
318,23007810;3,95443600
318,31199810;3,95443600
318,39391810;3,95443600
318,47583810;3,95443600
318,55775810;3,95443600
318,63967809;3,90942100
318,72159809;3,90942100
318,80351809;3,90942100
318,88543809;3,90942100
318,96735809;3,86455900
319,04927809;3,90942100
319,13119809;3,86455900
319,21311809;3,86455900
319,29503809;3,90942100
319,37695809;3,90942100
319,45887809;3,95443600
319,54079809;3,95443600
319,62271809;4,04431300
319,70463809;4,08932800
319,78655809;4,13419000
319,86847809;4,17920400
319,95039809;4,22406700
320,03231809;4,26908200
320,11423809;4,31409600
320,19615809;4,31409600
320,27807808;4,40397400
320,35999808;4,40397400
320,44191808;4,44883600
320,52383808;4,49385100
320,60575808;4,49385100
320,68767808;4,49385100
320,76959808;4,53871300
320,85151808;4,53871300
320,93343808;4,58372700
321,01535808;4,58372700
321,09727808;4,58372700
321,17919808;4,58372700
321,26111808;4,58372700
321,34303808;4,62874200
321,42495808;4,58372700
321,50687808;4,58372700
321,58879808;4,58372700
321,67071808;4,58372700
321,75263808;4,58372700
321,83455808;4,58372700
321,91647807;4,58372700
321,99839807;4,58372700
322,08031807;4,58372700
322,16223807;4,58372700
322,24415807;4,58372700
322,32607807;4,53871300
322,40799807;4,53871300
322,48991807;4,53871300
322,57183807;4,49385100
322,65375807;4,49385100
322,73567807;4,49385100
322,81759807;4,49385100
322,89951807;4,49385100
322,98143807;4,49385100
323,06335807;4,44883600
323,14527807;4,44883600
323,22719807;4,44883600
323,30911807;4,44883600
323,39103807;4,44883600
323,47295807;4,44883600
323,55487806;4,40397400
323,63679806;4,40397400
323,71871806;4,40397400
323,80063806;4,40397400
323,88255806;4,40397400
323,96447806;4,40397400
324,04639806;4,35895900
324,12831806;4,31409600
324,21023806;4,31409600
324,29215806;4,31409600
324,37407806;4,31409600
324,45599806;4,31409600
324,53791806;4,31409600
324,61983806;4,31409600
324,70175806;4,31409600
324,78367806;4,31409600
324,86559806;4,26908200
324,94751806;4,26908200
325,02943806;4,26908200
325,11135806;4,26908200
325,19327805;4,22406700
325,27519805;4,22406700
325,35711805;4,22406700
325,43903805;4,22406700
325,52095805;4,22406700
325,60287805;4,22406700
325,68479805;4,17920400
325,76671805;4,22406700
325,84863805;4,17920400
325,93055805;4,17920400
326,01247805;4,13419000
326,09439805;4,17920400
326,17631805;4,13419000
326,25823805;4,13419000
326,34015805;4,13419000
326,42207805;4,13419000
326,50399805;4,13419000
326,58591805;4,13419000
326,66783805;4,13419000
326,74975805;4,08932800
326,83167804;4,08932800
326,91359804;4,04431300
326,99551804;4,08932800
327,07743804;4,04431300
327,15935804;4,04431300
327,24127804;4,04431300
327,32319804;4,04431300
327,40511804;4,04431300
327,48703804;4,04431300
327,56895804;3,99929800
327,65087804;4,04431300
327,73279804;3,99929800
327,81471804;3,95443600
327,89663804;3,95443600
327,97855804;3,99929800
328,06047804;3,95443600
328,14239804;3,95443600
328,22431804;3,95443600
328,30623804;3,95443600
328,38815804;3,95443600
328,47007804;3,95443600
328,55199803;3,90942100
328,63391803;3,90942100
328,71583803;3,90942100
328,79775803;3,90942100
328,87967803;3,90942100
328,96159803;3,90942100
329,04351803;3,86455900
329,12543803;3,86455900
329,20735803;3,90942100
329,28927803;3,86455900
329,37119803;3,90942100
329,45311803;3,95443600
329,53503803;4,04431300
329,61695803;4,04431300
329,69887803;4,08932800
329,78079803;4,13419000
329,86271803;4,22406700
329,94463803;4,26908200
330,02655803;4,31409600
330,10847803;4,31409600
330,19039802;4,40397400
330,27231802;4,40397400
330,35423802;4,44883600
330,43615802;4,44883600
330,51807802;4,49385100
330,59999802;4,49385100
330,68191802;4,53871300
330,76383802;4,53871300
330,84575802;4,58372700
330,92767802;4,58372700
331,00959802;4,58372700
331,09151802;4,62874200
331,17343802;4,62874200
331,25535802;4,62874200
331,33727802;4,62874200
331,41919802;4,62874200
331,50111802;4,58372700
331,58303802;4,62874200
331,66495802;4,62874200
331,74687802;4,58372700
331,82879801;4,58372700
331,91071801;4,58372700
331,99263801;4,58372700
332,07455801;4,58372700
332,15647801;4,58372700
332,23839801;4,58372700
332,32031801;4,53871300
332,40223801;4,49385100
332,48415801;4,53871300
332,56607801;4,53871300
332,64799801;4,49385100
332,72991801;4,49385100
332,81183801;4,49385100
332,89375801;4,49385100
332,97567801;4,49385100
333,05759801;4,49385100
333,13951801;4,44883600
333,22143801;4,44883600
333,30335801;4,44883600
333,38527801;4,44883600
333,46719800;4,40397400
333,54911800;4,40397400
333,63103800;4,40397400
333,71295800;4,40397400
333,79487800;4,40397400
333,87679800;4,40397400
333,95871800;4,40397400
334,04063800;4,40397400
334,12255800;4,35895900
334,20447800;4,31409600
334,28639800;4,31409600
334,36831800;4,31409600
334,45023800;4,31409600
334,53215800;4,31409600
334,61407800;4,31409600
334,69599800;4,31409600
334,77791800;4,31409600
334,85983800;4,26908200
334,94175800;4,31409600
335,02367800;4,26908200
335,10559799;4,26908200
335,18751799;4,26908200
335,26943799;4,22406700
335,35135799;4,22406700
335,43327799;4,22406700
335,51519799;4,22406700
335,59711799;4,22406700
335,67903799;4,22406700
335,76095799;4,22406700
335,84287799;4,22406700
335,92479799;4,13419000
336,00671799;4,17920400
336,08863799;4,13419000
336,17055799;4,13419000
336,25247799;4,13419000
336,33439799;4,13419000
336,41631799;4,13419000
336,49823799;4,13419000
336,58015799;4,13419000
336,66207799;4,13419000
336,74399798;4,08932800
336,82591798;4,08932800
336,90783798;4,04431300
336,98975798;4,08932800
337,07167798;4,04431300
337,15359798;4,04431300
337,23551798;4,04431300
337,31743798;4,04431300
337,39935798;4,04431300
337,48127798;4,04431300
337,56319798;4,04431300
337,64511798;4,04431300
337,72703798;3,99929800
337,80895798;3,99929800
337,89087798;3,99929800
337,97279798;3,95443600
338,05471798;3,95443600
338,13663798;3,95443600
338,21855798;3,95443600
338,30047798;3,95443600
338,38239797;3,95443600
338,46431797;3,95443600
338,54623797;3,95443600
338,62815797;3,95443600
338,71007797;3,90942100
338,79199797;3,90942100
338,87391797;3,90942100
338,95583797;3,90942100
339,03775797;3,90942100
339,11967797;3,90942100
339,20159797;3,90942100
339,28351797;3,86455900
339,36543797;3,90942100
339,44735797;3,95443600
339,52927797;3,95443600
339,61119797;3,99929800
339,69311797;4,08932800
339,77503797;4,13419000
339,85695797;4,13419000
339,93887797;4,22406700
340,02079796;4,26908200
340,10271796;4,31409600
340,18463796;4,31409600
340,26655796;4,40397400
340,34847796;4,40397400
340,43039796;4,44883600
340,51231796;4,44883600
340,59423796;4,49385100
340,67615796;4,49385100
340,75807796;4,49385100
340,83999796;4,53871300
340,92191796;4,58372700
341,00383796;4,58372700
341,08575796;4,58372700
341,16767796;4,58372700
341,24959796;4,58372700
341,33151796;4,58372700
341,41343796;4,62874200
341,49535796;4,58372700
341,57727796;4,58372700
341,65919795;4,58372700
341,74111795;4,58372700
341,82303795;4,58372700
341,90495795;4,58372700
341,98687795;4,58372700
342,06879795;4,58372700
342,15071795;4,58372700
342,23263795;4,53871300
342,31455795;4,53871300
342,39647795;4,49385100
342,47839795;4,53871300
342,56031795;4,49385100
342,64223795;4,49385100
342,72415795;4,49385100
342,80607795;4,49385100
342,88799795;4,49385100
342,96991795;4,49385100
343,05183795;4,49385100
343,13375795;4,49385100
343,21567795;4,44883600
343,29759794;4,44883600
343,37951794;4,40397400
343,46143794;4,40397400
343,54335794;4,40397400
343,62527794;4,40397400
343,70719794;4,40397400
343,78911794;4,40397400
343,87103794;4,40397400
343,95295794;4,35895900
344,03487794;4,40397400
344,11679794;4,35895900
344,19871794;4,35895900
344,28063794;4,31409600
344,36255794;4,31409600
344,44447794;4,31409600
344,52639794;4,31409600
344,60831794;4,31409600
344,69023794;4,31409600
344,77215794;4,26908200
344,85407794;4,31409600
344,93599793;4,26908200
345,01791793;4,26908200
345,09983793;4,26908200
345,18175793;4,22406700
345,26367793;4,22406700
345,34559793;4,22406700
345,42751793;4,22406700
345,50943793;4,22406700
345,59135793;4,22406700
345,67327793;4,22406700
345,75519793;4,17920400
345,83711793;4,22406700
345,91903793;4,17920400
346,00095793;4,13419000
346,08287793;4,13419000
346,16479793;4,13419000
346,24671793;4,13419000
346,32863793;4,13419000
346,41055793;4,13419000
346,49247793;4,13419000
346,57439792;4,13419000
346,65631792;4,08932800
346,73823792;4,08932800
346,82015792;4,08932800
346,90207792;4,04431300
346,98399792;4,04431300
347,06591792;4,08932800
347,14783792;4,04431300
347,22975792;4,04431300
347,31167792;4,04431300
347,39359792;4,04431300
347,47551792;4,04431300
347,55743792;4,04431300
347,63935792;4,04431300
347,72127792;3,99929800
347,80319792;3,95443600
347,88511792;3,99929800
347,96703792;3,95443600
348,04895792;3,99929800
348,13087792;3,95443600
348,21279792;3,95443600
348,29471791;3,95443600
348,37663791;3,95443600
348,45855791;3,95443600
348,54047791;3,90942100
348,62239791;3,90942100
348,70431791;3,95443600
348,78623791;3,90942100
348,86815791;3,90942100
348,95007791;3,90942100
349,03199791;3,86455900
349,11391791;3,86455900
349,19583791;3,86455900
349,27775791;3,90942100
349,35967791;3,95443600
349,44159791;3,95443600
349,52351791;3,99929800
349,60543791;4,04431300
349,68735791;4,08932800
349,76927791;4,13419000
349,85119791;4,22406700
349,93311790;4,22406700
350,01503790;4,31409600
350,09695790;4,31409600
350,17887790;4,35895900
350,26079790;4,40397400
350,34271790;4,44883600
350,42463790;4,49385100
350,50655790;4,49385100
350,58847790;4,49385100
350,67039790;4,53871300
350,75231790;4,53871300
350,83423790;4,58372700
350,91615790;4,58372700
350,99807790;4,58372700
351,07999790;4,62874200
351,16191790;4,58372700
351,24383790;4,58372700
351,32575790;4,62874200
351,40767790;4,62874200
351,48959790;4,62874200
351,57151789;4,62874200
351,65343789;4,62874200
351,73535789;4,58372700
351,81727789;4,58372700
351,89919789;4,58372700
351,98111789;4,58372700
352,06303789;4,58372700
352,14495789;4,58372700
352,22687789;4,53871300
352,30879789;4,58372700
352,39071789;4,53871300
352,47263789;4,53871300
352,55455789;4,53871300
352,63647789;4,49385100
352,71839789;4,49385100
352,80031789;4,49385100
352,88223789;4,49385100
352,96415789;4,49385100
353,04607789;4,49385100
353,12799789;4,49385100
353,20991788;4,44883600
353,29183788;4,44883600
353,37375788;4,40397400
353,45567788;4,40397400
353,53759788;4,40397400
353,61951788;4,40397400
353,70143788;4,40397400
353,78335788;4,40397400
353,86527788;4,40397400
353,94719788;4,40397400
354,02911788;4,35895900
354,11103788;4,40397400
354,19295788;4,35895900
354,27487788;4,31409600
354,35679788;4,31409600
354,43871788;4,31409600
354,52063788;4,31409600
354,60255788;4,31409600
354,68447788;4,31409600
354,76639788;4,31409600
354,84831787;4,31409600
354,93023787;4,26908200
355,01215787;4,26908200
355,09407787;4,26908200
355,17599787;4,26908200
355,25791787;4,22406700
355,33983787;4,22406700
355,42175787;4,22406700
355,50367787;4,22406700
355,58559787;4,22406700
355,66751787;4,22406700
355,74943787;4,22406700
355,83135787;4,17920400
355,91327787;4,17920400
355,99519787;4,17920400
356,07711787;4,13419000
356,15903787;4,13419000
356,24095787;4,13419000
356,32287787;4,13419000
356,40479787;4,13419000
356,48671786;4,13419000
356,56863786;4,13419000
356,65055786;4,13419000
356,73247786;4,08932800
356,81439786;4,08932800
356,89631786;4,08932800
356,97823786;4,04431300
357,06015786;4,04431300
357,14207786;4,04431300
357,22399786;4,04431300
357,30591786;4,04431300
357,38783786;4,04431300
357,46975786;4,04431300
357,55167786;4,04431300
357,63359786;4,04431300
357,71551786;3,99929800
357,79743786;3,99929800
357,87935786;3,95443600
357,96127786;3,95443600
358,04319786;3,95443600
358,12511785;3,95443600
358,20703785;3,95443600
358,28895785;3,95443600
358,37087785;3,95443600
358,45279785;3,95443600
358,53471785;3,90942100
358,61663785;3,90942100
358,69855785;3,90942100
358,78047785;3,90942100
358,86239785;3,90942100
358,94431785;3,86455900
359,02623785;3,86455900
359,10815785;3,90942100
359,19007785;3,86455900
359,27199785;3,86455900
359,35391785;3,90942100
359,43583785;3,95443600
359,51775785;3,95443600
359,59967785;3,99929800
359,68159785;4,04431300
359,76351784;4,13419000
359,84543784;4,17920400
359,92735784;4,22406700
360,00927784;4,26908200
360,09119784;4,31409600
360,17311784;4,31409600
360,25503784;4,40397400
360,33695784;4,40397400
360,41887784;4,44883600
360,50079784;4,44883600
360,58271784;4,49385100
360,66463784;4,49385100
360,74655784;4,49385100
360,82847784;4,53871300
360,91039784;4,53871300
360,99231784;4,58372700
361,07423784;4,58372700
361,15615784;4,58372700
361,23807784;4,58372700
361,31999784;4,58372700
361,40191783;4,58372700
361,48383783;4,62874200
361,56575783;4,62874200
361,64767783;4,58372700
361,72959783;4,58372700
361,81151783;4,58372700
361,89343783;4,58372700
361,97535783;4,58372700
362,05727783;4,58372700
362,13919783;4,58372700
362,22111783;4,58372700
362,30303783;4,53871300
362,38495783;4,53871300
362,46687783;4,49385100
362,54879783;4,49385100
362,63071783;4,49385100
362,71263783;4,49385100
362,79455783;4,49385100
362,87647783;4,49385100
362,95839783;4,49385100
363,04031782;4,49385100
363,12223782;4,44883600
363,20415782;4,44883600
363,28607782;4,44883600
363,36799782;4,40397400
363,44991782;4,44883600
363,53183782;4,40397400
363,61375782;4,40397400
363,69567782;4,40397400
363,77759782;4,40397400
363,85951782;4,40397400
363,94143782;4,40397400
364,02335782;4,40397400
364,10527782;4,35895900
364,18719782;4,35895900
364,26911782;4,35895900
364,35103782;4,31409600
364,43295782;4,31409600
364,51487782;4,31409600
364,59679782;4,31409600
364,67871781;4,31409600
364,76063781;4,31409600
364,84255781;4,31409600
364,92447781;4,26908200
365,00639781;4,26908200
365,08831781;4,26908200
365,17023781;4,26908200
365,25215781;4,22406700
365,33407781;4,22406700
365,41599781;4,22406700
365,49791781;4,22406700
365,57983781;4,22406700
365,66175781;4,22406700
365,74367781;4,22406700
365,82559781;4,17920400
365,90751781;4,17920400
365,98943781;4,13419000
366,07135781;4,13419000
366,15327781;4,13419000
366,23519781;4,13419000
366,31711781;4,13419000
366,39903780;4,13419000
366,48095780;4,13419000
366,56287780;4,13419000
366,64479780;4,13419000
366,72671780;4,13419000
366,80863780;4,08932800
366,89055780;4,04431300
366,97247780;4,04431300
367,05439780;4,04431300
367,13631780;4,04431300
367,21823780;4,04431300
367,30015780;4,04431300
367,38207780;4,04431300
367,46399780;4,04431300
367,54591780;4,04431300
367,62783780;4,04431300
367,70975780;3,99929800
367,79167780;3,95443600
367,87359780;3,95443600
367,95551780;3,95443600
368,03743779;3,95443600
368,11935779;3,95443600
368,20127779;3,95443600
368,28319779;3,95443600
368,36511779;3,95443600
368,44703779;3,95443600
368,52895779;3,95443600
368,61087779;3,90942100
368,69279779;3,90942100
368,77471779;3,90942100
368,85663779;3,90942100
368,93855779;3,86455900
369,02047779;3,86455900
369,10239779;3,86455900
369,18431779;3,86455900
369,26623779;3,86455900
369,34815779;3,90942100
369,43007779;3,95443600
369,51199779;3,95443600
369,59391779;4,04431300
369,67583778;4,08932800
369,75775778;4,13419000
369,83967778;4,17920400
369,92159778;4,22406700
370,00351778;4,31409600
370,08543778;4,31409600
370,16735778;4,35895900
370,24927778;4,40397400
370,33119778;4,40397400
370,41311778;4,44883600
370,49503778;4,49385100
370,57695778;4,49385100
370,65887778;4,49385100
370,74079778;4,53871300
370,82271778;4,58372700
370,90463778;4,58372700
370,98655778;4,58372700
371,06847778;4,58372700
371,15039778;4,58372700
371,23231778;4,62874200
371,31423777;4,62874200
371,39615777;4,62874200
371,47807777;4,62874200
371,55999777;4,58372700
371,64191777;4,62874200
371,72383777;4,62874200
371,80575777;4,62874200
371,88767777;4,62874200
371,96959777;4,58372700
372,05151777;4,58372700
372,13343777;4,58372700
372,21535777;4,58372700
372,29727777;4,58372700
372,37919777;4,53871300
372,46111777;4,53871300
372,54303777;4,53871300
372,62495777;4,49385100
372,70687777;4,49385100
372,78879777;4,49385100
372,87071777;4,49385100
372,95263776;4,49385100
373,03455776;4,49385100
373,11647776;4,49385100
373,19839776;4,44883600
373,28031776;4,44883600
373,36223776;4,44883600
373,44415776;4,44883600
373,52607776;4,40397400
373,60799776;4,40397400
373,68991776;4,40397400
373,77183776;4,40397400
373,85375776;4,40397400
373,93567776;4,40397400
374,01759776;4,40397400
374,09951776;4,35895900
374,18143776;4,40397400
374,26335776;4,35895900
374,34527776;4,35895900
374,42719776;4,31409600
374,50911776;4,31409600
374,59103775;4,31409600
374,67295775;4,31409600
374,75487775;4,31409600
374,83679775;4,31409600
374,91871775;4,26908200
375,00063775;4,26908200
375,08255775;4,26908200
375,16447775;4,26908200
375,24639775;4,22406700
375,32831775;4,22406700
375,41023775;4,22406700
375,49215775;4,22406700
375,57407775;4,22406700
375,65599775;4,22406700
375,73791775;4,22406700
375,81983775;4,17920400
375,90175775;4,17920400
375,98367775;4,17920400
376,06559775;4,13419000
376,14751775;4,13419000
376,22943774;4,13419000
376,31135774;4,13419000
376,39327774;4,13419000
376,47519774;4,13419000
376,55711774;4,13419000
376,63903774;4,13419000
376,72095774;4,08932800
376,80287774;4,13419000
376,88479774;4,08932800
376,96671774;4,04431300
377,04863774;4,04431300
377,13055774;4,04431300
377,21247774;4,04431300
377,29439774;4,04431300
377,37631774;4,04431300
377,45823774;4,04431300
377,54015774;4,04431300
377,62207774;3,99929800
377,70399774;4,04431300
377,78591774;3,99929800
377,86783773;3,99929800
377,94975773;3,95443600
378,03167773;3,95443600
378,11359773;3,95443600
378,19551773;3,95443600
378,27743773;3,95443600
378,35935773;3,95443600
378,44127773;3,95443600
378,52319773;3,95443600
378,60511773;3,95443600
378,68703773;3,90942100
378,76895773;3,90942100
378,85087773;3,90942100
378,93279773;3,90942100
379,01471773;3,90942100
379,09663773;3,90942100
379,17855773;3,86455900
379,26047773;3,86455900
379,34239773;3,90942100
379,42431773;3,90942100
379,50623772;3,95443600
379,58815772;3,95443600
379,67007772;4,04431300
379,75199772;4,13419000
379,83391772;4,13419000
379,91583772;4,22406700
379,99775772;4,26908200
380,07967772;4,31409600
380,16159772;4,31409600
380,24351772;4,40397400
380,32543772;4,40397400
380,40735772;4,40397400
380,48927772;4,44883600
380,57119772;4,49385100
380,65311772;4,49385100
380,73503772;4,49385100
380,81695772;4,49385100
380,89887772;4,53871300
380,98079772;4,58372700
381,06271772;4,58372700
381,14463771;4,58372700
381,22655771;4,58372700
381,30847771;4,58372700
381,39039771;4,62874200
381,47231771;4,62874200
381,55423771;4,58372700
381,63615771;4,62874200
381,71807771;4,58372700
381,79999771;4,58372700
381,88191771;4,58372700
381,96383771;4,58372700
382,04575771;4,58372700
382,12767771;4,58372700
382,20959771;4,58372700
382,29151771;4,53871300
382,37343771;4,53871300
382,45535771;4,53871300
382,53727771;4,49385100
382,61919771;4,49385100
382,70111771;4,49385100
382,78303770;4,49385100
382,86495770;4,49385100
382,94687770;4,49385100
383,02879770;4,49385100
383,11071770;4,49385100
383,19263770;4,44883600
383,27455770;4,44883600
383,35647770;4,40397400
383,43839770;4,40397400
383,52031770;4,40397400
383,60223770;4,40397400
383,68415770;4,40397400
383,76607770;4,40397400
383,84799770;4,40397400
383,92991770;4,40397400
384,01183770;4,35895900
384,09375770;4,35895900
384,17567770;4,31409600
384,25759770;4,31409600
384,33951770;4,31409600
384,42143769;4,31409600
384,50335769;4,31409600
384,58527769;4,31409600
384,66719769;4,31409600
384,74911769;4,31409600
384,83103769;4,26908200
384,91295769;4,26908200
384,99487769;4,26908200
385,07679769;4,26908200
385,15871769;4,26908200
385,24063769;4,22406700
385,32255769;4,22406700
385,40447769;4,22406700
385,48639769;4,22406700
385,56831769;4,22406700
385,65023769;4,22406700
385,73215769;4,17920400
385,81407769;4,22406700
385,89599769;4,17920400
385,97791769;4,17920400
386,05983769;4,13419000
386,14175768;4,13419000
386,22367768;4,13419000
386,30559768;4,13419000
386,38751768;4,13419000
386,46943768;4,13419000
386,55135768;4,13419000
386,63327768;4,13419000
386,71519768;4,08932800
386,79711768;4,08932800
386,87903768;4,08932800
386,96095768;4,08932800
387,04287768;4,04431300
387,12479768;4,04431300
387,20671768;4,04431300
387,28863768;4,04431300
387,37055768;4,04431300
387,45247768;4,04431300
387,53439768;4,04431300
387,61631768;4,04431300
387,69823768;3,99929800
387,78015767;3,95443600
387,86207767;3,95443600
387,94399767;3,95443600
388,02591767;3,95443600
388,10783767;3,95443600
388,18975767;3,95443600
388,27167767;3,95443600
388,35359767;3,95443600
388,43551767;3,95443600
388,51743767;3,95443600
388,59935767;3,90942100
388,68127767;3,90942100
388,76319767;3,90942100
388,84511767;3,90942100
388,92703767;3,90942100
389,00895767;3,86455900
389,09087767;3,86455900
389,17279767;3,86455900
389,25471767;3,86455900
389,33663767;3,90942100
389,41855766;3,95443600
389,50047766;3,95443600
389,58239766;4,04431300
389,66431766;4,08932800
389,74623766;4,13419000
389,82815766;4,17920400
389,91007766;4,22406700
389,99199766;4,31409600
390,07391766;4,31409600
390,15583766;4,31409600
390,23775766;4,40397400
390,31967766;4,40397400
390,40159766;4,49385100
390,48351766;4,49385100
390,56543766;4,49385100
390,64735766;4,53871300
390,72927766;4,58372700
390,81119766;4,58372700
390,89311766;4,58372700
390,97503766;4,58372700
391,05695765;4,62874200
391,13887765;4,58372700
391,22079765;4,62874200
391,30271765;4,58372700
391,38463765;4,58372700
391,46655765;4,62874200
391,54847765;4,62874200
391,63039765;4,58372700
391,71231765;4,58372700
391,79423765;4,62874200
391,87615765;4,58372700
391,95807765;4,58372700
392,03999765;4,58372700
392,12191765;4,58372700
392,20383765;4,53871300
392,28575765;4,58372700
392,36767765;4,49385100
392,44959765;4,53871300
392,53151765;4,49385100
392,61343765;4,49385100
392,69535764;4,49385100
392,77727764;4,49385100
392,85919764;4,49385100
392,94111764;4,49385100
393,02303764;4,49385100
393,10495764;4,49385100
393,18687764;4,44883600
393,26879764;4,44883600
393,35071764;4,44883600
393,43263764;4,44883600
393,51455764;4,44883600
393,59647764;4,40397400
393,67839764;4,40397400
393,76031764;4,40397400
393,84223764;4,40397400
393,92415764;4,40397400
394,00607764;4,35895900
394,08799764;4,35895900
394,16991764;4,31409600
394,25183764;4,31409600
394,33375763;4,31409600
394,41567763;4,31409600
394,49759763;4,31409600
394,57951763;4,31409600
394,66143763;4,31409600
394,74335763;4,31409600
394,82527763;4,31409600
394,90719763;4,26908200
394,98911763;4,26908200
395,07103763;4,26908200
395,15295763;4,26908200
395,23487763;4,22406700
395,31679763;4,22406700
395,39871763;4,22406700
395,48063763;4,22406700
395,56255763;4,22406700
395,64447763;4,22406700
395,72639763;4,22406700
395,80831763;4,22406700
395,89023763;4,17920400
395,97215762;4,22406700
396,05407762;4,13419000
396,13599762;4,17920400
396,21791762;4,13419000
396,29983762;4,13419000
396,38175762;4,13419000
396,46367762;4,13419000
396,54559762;4,13419000
396,62751762;4,13419000
396,70943762;4,13419000
396,79135762;4,08932800
396,87327762;4,08932800
396,95519762;4,08932800
397,03711762;4,08932800
397,11903762;4,04431300
397,20095762;4,04431300
397,28287762;4,04431300
397,36479762;4,04431300
397,44671762;4,04431300
397,52863762;4,04431300
397,61055761;4,04431300
397,69247761;4,04431300
397,77439761;3,99929800
397,85631761;3,95443600
397,93823761;3,95443600
398,02015761;3,95443600
398,10207761;3,95443600
398,18399761;3,95443600
398,26591761;3,95443600
398,34783761;3,95443600
398,42975761;3,95443600
398,51167761;3,95443600
398,59359761;3,90942100
398,67551761;3,90942100
398,75743761;3,90942100
398,83935761;3,90942100
398,92127761;3,86455900
399,00319761;3,86455900
399,08511761;3,86455900
399,16703761;3,90942100
399,24895760;3,86455900
399,33087760;3,90942100
399,41279760;3,90942100
399,49471760;3,95443600
399,57663760;3,99929800
399,65855760;4,04431300
399,74047760;4,08932800
399,82239760;4,13419000
399,90431760;4,22406700
399,98623760;4,26908200
400,06815760;4,26908200
400,15007760;4,31409600
400,23199760;4,31409600
400,31391760;4,40397400
400,39583760;4,40397400
400,47775760;4,44883600
400,55967760;4,49385100
400,64159760;4,49385100
400,72351760;4,49385100
400,80543760;4,53871300
400,88735759;4,53871300
400,96927759;4,58372700
401,05119759;4,58372700
401,13311759;4,58372700
401,21503759;4,62874200
401,29695759;4,62874200
401,37887759;4,58372700
401,46079759;4,62874200
401,54271759;4,58372700
401,62463759;4,62874200
401,70655759;4,58372700
401,78847759;4,58372700
401,87039759;4,58372700
401,95231759;4,58372700
402,03423759;4,58372700
402,11615759;4,58372700
402,19807759;4,53871300
402,27999759;4,53871300
402,36191759;4,53871300
402,44383759;4,53871300
402,52575758;4,49385100
402,60767758;4,49385100
402,68959758;4,49385100
402,77151758;4,49385100
402,85343758;4,49385100
402,93535758;4,49385100
403,01727758;4,49385100
403,09919758;4,44883600
403,18111758;4,49385100
403,26303758;4,44883600
403,34495758;4,44883600
403,42687758;4,40397400
403,50879758;4,40397400
403,59071758;4,40397400
403,67263758;4,40397400
403,75455758;4,40397400
403,83647758;4,40397400
403,91839758;4,35895900
404,00031758;4,40397400
404,08223758;4,35895900
404,16415757;4,31409600
404,24607757;4,35895900
404,32799757;4,31409600
404,40991757;4,31409600
404,49183757;4,31409600
404,57375757;4,31409600
404,65567757;4,31409600
404,73759757;4,31409600
404,81951757;4,31409600
404,90143757;4,26908200
404,98335757;4,26908200
405,06527757;4,26908200
405,14719757;4,26908200
405,22911757;4,26908200
405,31103757;4,22406700
405,39295757;4,22406700
405,47487757;4,22406700
405,55679757;4,22406700
405,63871757;4,22406700
405,72063757;4,17920400
405,80255757;4,17920400
405,88447756;4,17920400
405,96639756;4,13419000
406,04831756;4,13419000
406,13023756;4,13419000
406,21215756;4,13419000
406,29407756;4,13419000
406,37599756;4,13419000
406,45791756;4,13419000
406,53983756;4,13419000
406,62175756;4,13419000
406,70367756;4,08932800
406,78559756;4,08932800
406,86751756;4,08932800
406,94943756;4,04431300
407,03135756;4,04431300
407,11327756;4,04431300
407,19519756;4,04431300
407,27711756;4,04431300
407,35903756;4,04431300
407,44095756;4,04431300
407,52287755;4,04431300
407,60479755;4,04431300
407,68671755;3,99929800
407,76863755;3,99929800
407,85055755;3,99929800
407,93247755;3,95443600
408,01439755;3,95443600
408,09631755;3,95443600
408,17823755;3,95443600
408,26015755;3,95443600
408,34207755;3,95443600
408,42399755;3,95443600
408,50591755;3,95443600
408,58783755;3,90942100
408,66975755;3,90942100
408,75167755;3,90942100
408,83359755;3,86455900
408,91551755;3,90942100
408,99743755;3,90942100
409,07935755;3,86455900
409,16127754;3,86455900
409,24319754;3,86455900
409,32511754;3,86455900
409,40703754;3,90942100
409,48895754;3,95443600
409,57087754;4,04431300
409,65279754;4,08932800
409,73471754;4,13419000
409,81663754;4,17920400
409,89855754;4,22406700
409,98047754;4,26908200
410,06239754;4,31409600
410,14431754;4,31409600
410,22623754;4,40397400
410,30815754;4,40397400
410,39007754;4,44883600
410,47199754;4,49385100
410,55391754;4,49385100
410,63583754;4,49385100
410,71775754;4,53871300
410,79967753;4,53871300
410,88159753;4,58372700
410,96351753;4,58372700
411,04543753;4,58372700
411,12735753;4,62874200
411,20927753;4,62874200
411,29119753;4,62874200
411,37311753;4,62874200
411,45503753;4,62874200
411,53695753;4,62874200
411,61887753;4,62874200
411,70079753;4,62874200
411,78271753;4,58372700
411,86463753;4,58372700
411,94655753;4,58372700
412,02847753;4,58372700
412,11039753;4,58372700
412,19231753;4,58372700
412,27423753;4,53871300
412,35615753;4,53871300
412,43807752;4,53871300
412,51999752;4,53871300
412,60191752;4,49385100
412,68383752;4,49385100
412,76575752;4,49385100
412,84767752;4,49385100
412,92959752;4,49385100
413,01151752;4,49385100
413,09343752;4,49385100
413,17535752;4,49385100
413,25727752;4,44883600
413,33919752;4,44883600
413,42111752;4,44883600
413,50303752;4,40397400
413,58495752;4,40397400
413,66687752;4,40397400
413,74879752;4,40397400
413,83071752;4,40397400
413,91263752;4,40397400
413,99455752;4,35895900
414,07647751;4,35895900
414,15839751;4,35895900
414,24031751;4,31409600
414,32223751;4,31409600
414,40415751;4,31409600
414,48607751;4,31409600
414,56799751;4,31409600
414,64991751;4,31409600
414,73183751;4,31409600
414,81375751;4,31409600
414,89567751;4,31409600
414,97759751;4,26908200
415,05951751;4,26908200
415,14143751;4,22406700
415,22335751;4,26908200
415,30527751;4,22406700
415,38719751;4,22406700
415,46911751;4,22406700
415,55103751;4,22406700
415,63295751;4,22406700
415,71487750;4,22406700
415,79679750;4,22406700
415,87871750;4,17920400
415,96063750;4,13419000
416,04255750;4,13419000
416,12447750;4,13419000
416,20639750;4,13419000
416,28831750;4,13419000
416,37023750;4,13419000
416,45215750;4,13419000
416,53407750;4,13419000
416,61599750;4,13419000
416,69791750;4,13419000
416,77983750;4,08932800
416,86175750;4,08932800
416,94367750;4,08932800
417,02559750;4,08932800
417,10751750;4,04431300
417,18943750;4,04431300
417,27135750;4,04431300
417,35327749;4,04431300
417,43519749;4,04431300
417,51711749;4,04431300
417,59903749;4,04431300
417,68095749;4,04431300
417,76287749;3,99929800
417,84479749;3,99929800
417,92671749;3,95443600
418,00863749;3,95443600
418,09055749;3,95443600
418,17247749;3,95443600
418,25439749;3,95443600
418,33631749;3,95443600
418,41823749;3,95443600
418,50015749;3,95443600
418,58207749;3,95443600
418,66399749;3,95443600
418,74591749;3,90942100
418,82783749;3,90942100
418,90975749;3,90942100
418,99167748;3,90942100
419,07359748;3,86455900
419,15551748;3,90942100
419,23743748;3,86455900
419,31935748;3,90942100
419,40127748;3,90942100
419,48319748;3,90942100
419,56511748;3,95443600
419,64703748;4,04431300
419,72895748;4,04431300
419,81087748;4,13419000
419,89279748;4,17920400
419,97471748;4,22406700
420,05663748;4,26908200
420,13855748;4,31409600
420,22047748;4,31409600
420,30239748;4,40397400
420,38431748;4,40397400
420,46623748;4,44883600
420,54815748;4,44883600
420,63007747;4,49385100
420,71199747;4,49385100
420,79391747;4,49385100
420,87583747;4,53871300
420,95775747;4,53871300
421,03967747;4,58372700
421,12159747;4,58372700
421,20351747;4,58372700
421,28543747;4,62874200
421,36735747;4,62874200
421,44927747;4,62874200
421,53119747;4,62874200
421,61311747;4,58372700
421,69503747;4,58372700
421,77695747;4,58372700
421,85887747;4,58372700
421,94079747;4,58372700
422,02271747;4,58372700
422,10463747;4,58372700
422,18655747;4,58372700
422,26847746;4,53871300
422,35039746;4,49385100
422,43231746;4,53871300
422,51423746;4,49385100
422,59615746;4,49385100
422,67807746;4,49385100
422,75999746;4,49385100
422,84191746;4,49385100
422,92383746;4,49385100
423,00575746;4,49385100
423,08767746;4,44883600
423,16959746;4,44883600
423,25151746;4,44883600
423,33343746;4,44883600
423,41535746;4,44883600
423,49727746;4,40397400
423,57919746;4,40397400
423,66111746;4,40397400
423,74303746;4,40397400
423,82495746;4,40397400
423,90687746;4,40397400
423,98879745;4,40397400
424,07071745;4,40397400
424,15263745;4,35895900
424,23455745;4,35895900
424,31647745;4,31409600
424,39839745;4,35895900
424,48031745;4,31409600
424,56223745;4,31409600
424,64415745;4,31409600
424,72607745;4,31409600
424,80799745;4,31409600
424,88991745;4,31409600
424,97183745;4,26908200
425,05375745;4,26908200
425,13567745;4,26908200
425,21759745;4,22406700
425,29951745;4,22406700
425,38143745;4,22406700
425,46335745;4,22406700
425,54527745;4,22406700
425,62719744;4,22406700
425,70911744;4,22406700
425,79103744;4,17920400
425,87295744;4,17920400
425,95487744;4,17920400
426,03679744;4,17920400
426,11871744;4,13419000
426,20063744;4,13419000
426,28255744;4,13419000
426,36447744;4,13419000
426,44639744;4,13419000
426,52831744;4,13419000
426,61023744;4,13419000
426,69215744;4,08932800
426,77407744;4,08932800
426,85599744;4,08932800
426,93791744;4,08932800
427,01983744;4,08932800
427,10175744;4,04431300
427,18367744;4,04431300
427,26559743;4,04431300
427,34751743;4,04431300
427,42943743;4,04431300
427,51135743;4,04431300
427,59327743;4,04431300
427,67519743;4,04431300
427,75711743;3,99929800
427,83903743;3,95443600
427,92095743;3,99929800
428,00287743;3,95443600
428,08479743;3,95443600
428,16671743;3,95443600
428,24863743;3,95443600
428,33055743;3,95443600
428,41247743;3,95443600
428,49439743;3,95443600
428,57631743;3,90942100
428,65823743;3,95443600
428,74015743;3,95443600
428,82207743;3,90942100
428,90399742;3,90942100
428,98591742;3,86455900
429,06783742;3,86455900
429,14975742;3,86455900
429,23167742;3,86455900
429,31359742;3,90942100
429,39551742;3,90942100
429,47743742;3,95443600
429,55935742;4,04431300
429,64127742;4,04431300
429,72319742;4,13419000
429,80511742;4,17920400
429,88703742;4,22406700
429,96895742;4,26908200
430,05087742;4,31409600
430,13279742;4,31409600
430,21471742;4,40397400
430,29663742;4,40397400
430,37855742;4,40397400
430,46047742;4,49385100
430,54239741;4,49385100
430,62431741;4,49385100
430,70623741;4,49385100
430,78815741;4,53871300
430,87007741;4,58372700
430,95199741;4,58372700
431,03391741;4,58372700
431,11583741;4,58372700
431,19775741;4,62874200
431,27967741;4,62874200
431,36159741;4,62874200
431,44351741;4,62874200
431,52543741;4,62874200
431,60735741;4,62874200
431,68927741;4,62874200
431,77119741;4,62874200
431,85311741;4,58372700
431,93503741;4,58372700
432,01695741;4,58372700
432,09887741;4,58372700
432,18079740;4,58372700
432,26271740;4,53871300
432,34463740;4,58372700
432,42655740;4,53871300
432,50847740;4,53871300
432,59039740;4,49385100
432,67231740;4,49385100
432,75423740;4,49385100
432,83615740;4,49385100
432,91807740;4,49385100
432,99999740;4,49385100
433,08191740;4,49385100
433,16383740;4,49385100
433,24575740;4,44883600
433,32767740;4,44883600
433,40959740;4,40397400
433,49151740;4,40397400
433,57343740;4,40397400
433,65535740;4,40397400
433,73727740;4,40397400
433,81919739;4,40397400
433,90111739;4,40397400
433,98303739;4,40397400
434,06495739;4,40397400
434,14687739;4,35895900
434,22879739;4,31409600
434,31071739;4,31409600
434,39263739;4,31409600
434,47455739;4,31409600
434,55647739;4,31409600
434,63839739;4,31409600
434,72031739;4,31409600
434,80223739;4,31409600
434,88415739;4,26908200
434,96607739;4,26908200
435,04799739;4,26908200
435,12991739;4,26908200
435,21183739;4,26908200
435,29375739;4,22406700
435,37567739;4,22406700
435,45759738;4,22406700
435,53951738;4,22406700
435,62143738;4,22406700
435,70335738;4,17920400
435,78527738;4,22406700
435,86719738;4,17920400
435,94911738;4,17920400
436,03103738;4,13419000
436,11295738;4,13419000
436,19487738;4,17920400
436,27679738;4,13419000
436,35871738;4,13419000
436,44063738;4,13419000
436,52255738;4,13419000
436,60447738;4,13419000
436,68639738;4,08932800
436,76831738;4,08932800
436,85023738;4,08932800
436,93215738;4,08932800
437,01407738;4,04431300
437,09599737;4,08932800
437,17791737;4,04431300
437,25983737;4,04431300
437,34175737;4,04431300
437,42367737;4,04431300
437,50559737;4,04431300
437,58751737;4,04431300
437,66943737;3,99929800
437,75135737;4,04431300
437,83327737;3,99929800
437,91519737;3,99929800
437,99711737;3,99929800
438,07903737;3,95443600
438,16095737;3,95443600
438,24287737;3,95443600
438,32479737;3,95443600
438,40671737;3,95443600
438,48863737;3,95443600
438,57055737;3,95443600
438,65247737;3,90942100
438,73439736;3,90942100
438,81631736;3,90942100
438,89823736;3,90942100
438,98015736;3,86455900
439,06207736;3,86455900
439,14399736;3,86455900
439,22591736;3,86455900
439,30783736;3,86455900
439,38975736;3,86455900
439,47167736;3,95443600
439,55359736;3,95443600
439,63551736;4,04431300
439,71743736;4,04431300
439,79935736;4,13419000
439,88127736;4,13419000
439,96319736;4,22406700
440,04511736;4,26908200
440,12703736;4,31409600
440,20895736;4,31409600
440,29087736;4,40397400
440,37279735;4,40397400
440,45471735;4,44883600
440,53663735;4,44883600
440,61855735;4,49385100
440,70047735;4,49385100
440,78239735;4,49385100
440,86431735;4,53871300
440,94623735;4,58372700
441,02815735;4,58372700
441,11007735;4,58372700
441,19199735;4,58372700
441,27391735;4,58372700
441,35583735;4,58372700
441,43775735;4,62874200
441,51967735;4,58372700
441,60159735;4,58372700
441,68351735;4,58372700
441,76543735;4,58372700
441,84735735;4,58372700
441,92927735;4,58372700
442,01119734;4,58372700
442,09311734;4,58372700
442,17503734;4,58372700
442,25695734;4,53871300
442,33887734;4,53871300
442,42079734;4,53871300
442,50271734;4,53871300
442,58463734;4,49385100
442,66655734;4,49385100
442,74847734;4,49385100
442,83039734;4,49385100
442,91231734;4,49385100
442,99423734;4,49385100
443,07615734;4,44883600
443,15807734;4,49385100
443,23999734;4,44883600
443,32191734;4,40397400
443,40383734;4,40397400
443,48575734;4,40397400
443,56767734;4,40397400
443,64959734;4,40397400
443,73151733;4,40397400
443,81343733;4,40397400
443,89535733;4,40397400
443,97727733;4,35895900
444,05919733;4,40397400
444,14111733;4,35895900
444,22303733;4,31409600
444,30495733;4,31409600
444,38687733;4,31409600
444,46879733;4,31409600
444,55071733;4,31409600
444,63263733;4,31409600
444,71455733;4,31409600
444,79647733;4,26908200
444,87839733;4,26908200
444,96031733;4,26908200
445,04223733;4,26908200
445,12415733;4,22406700
445,20607733;4,22406700
445,28799733;4,22406700
445,36991732;4,22406700
445,45183732;4,22406700
445,53375732;4,22406700
445,61567732;4,22406700
445,69759732;4,17920400
445,77951732;4,17920400
445,86143732;4,17920400
445,94335732;4,17920400
446,02527732;4,17920400
446,10719732;4,13419000
446,18911732;4,13419000
446,27103732;4,13419000
446,35295732;4,13419000
446,43487732;4,13419000
446,51679732;4,13419000
446,59871732;4,13419000
446,68063732;4,13419000
446,76255732;4,08932800
446,84447732;4,08932800
446,92639732;4,08932800
447,00831731;4,04431300
447,09023731;4,04431300
447,17215731;4,04431300
447,25407731;4,04431300
447,33599731;4,04431300
447,41791731;4,04431300
447,49983731;4,04431300
447,58175731;4,04431300
447,66367731;4,04431300
447,74559731;3,99929800
447,82751731;3,95443600
447,90943731;3,95443600
447,99135731;3,95443600
448,07327731;3,95443600
448,15519731;3,95443600
448,23711731;3,95443600
448,31903731;3,95443600
448,40095731;3,95443600
448,48287731;3,95443600
448,56479731;3,90942100
448,64671730;3,90942100
448,72863730;3,90942100
448,81055730;3,90942100
448,89247730;3,90942100
448,97439730;3,90942100
449,05631730;3,86455900
449,13823730;3,86455900
449,22015730;3,86455900
449,30207730;3,90942100
449,38399730;3,95443600
449,46591730;3,95443600
449,54783730;3,95443600
449,62975730;4,04431300
449,71167730;4,13419000
449,79359730;4,13419000
449,87551730;4,22406700
449,95743730;4,26908200
450,03935730;4,31409600
450,12127730;4,31409600
450,20319730;4,40397400
450,28511729;4,40397400
450,36703729;4,44883600
450,44895729;4,49385100
450,53087729;4,49385100
450,61279729;4,49385100
450,69471729;4,49385100
450,77663729;4,53871300
450,85855729;4,58372700
450,94047729;4,58372700
451,02239729;4,58372700
451,10431729;4,58372700
451,18623729;4,58372700
451,26815729;4,67360400
451,35007729;4,62874200
451,43199729;4,62874200
451,51391729;4,62874200
451,59583729;4,62874200
451,67775729;4,62874200
451,75967729;4,58372700
451,84159729;4,58372700
451,92351728;4,58372700
452,00543728;4,58372700
452,08735728;4,58372700
452,16927728;4,58372700
452,25119728;4,53871300
452,33311728;4,53871300
452,41503728;4,58372700
452,49695728;4,53871300
452,57887728;4,49385100
452,66079728;4,49385100
452,74271728;4,49385100
452,82463728;4,49385100
452,90655728;4,49385100
452,98847728;4,49385100
453,07039728;4,49385100
453,15231728;4,49385100
453,23423728;4,44883600
453,31615728;4,40397400
453,39807728;4,44883600
453,47999728;4,40397400
453,56191727;4,40397400
453,64383727;4,40397400
453,72575727;4,40397400
453,80767727;4,40397400
453,88959727;4,40397400
453,97151727;4,35895900
454,05343727;4,35895900
454,13535727;4,31409600
454,21727727;4,35895900
454,29919727;4,31409600
454,38111727;4,31409600
454,46303727;4,31409600
454,54495727;4,31409600
454,62687727;4,31409600
454,70879727;4,31409600
454,79071727;4,26908200
454,87263727;4,26908200
454,95455727;4,26908200
455,03647727;4,26908200
455,11839727;4,26908200
455,20031726;4,26908200
455,28223726;4,22406700
455,36415726;4,22406700
455,44607726;4,22406700
455,52799726;4,22406700
455,60991726;4,22406700
455,69183726;4,22406700
455,77375726;4,22406700
455,85567726;4,17920400
455,93759726;4,17920400
456,01951726;4,17920400
456,10143726;4,17920400
456,18335726;4,13419000
456,26527726;4,13419000
456,34719726;4,13419000
456,42911726;4,13419000
456,51103726;4,13419000
456,59295726;4,13419000
456,67487726;4,08932800
456,75679726;4,13419000
456,83871725;4,08932800
456,92063725;4,08932800
457,00255725;4,08932800
457,08447725;4,04431300
457,16639725;4,04431300
457,24831725;4,04431300
457,33023725;4,04431300
457,41215725;4,04431300
457,49407725;4,04431300
457,57599725;3,99929800
457,65791725;4,04431300
457,73983725;4,04431300
457,82175725;3,99929800
457,90367725;3,99929800
457,98559725;3,95443600
458,06751725;3,95443600
458,14943725;3,95443600
458,23135725;3,95443600
458,31327725;3,95443600
458,39519725;3,95443600
458,47711724;3,95443600
458,55903724;3,95443600
458,64095724;3,90942100
458,72287724;3,90942100
458,80479724;3,90942100
458,88671724;3,90942100
458,96863724;3,90942100
459,05055724;3,86455900
459,13247724;3,86455900
459,21439724;3,90942100
459,29631724;3,86455900
459,37823724;3,90942100
459,46015724;3,95443600
459,54207724;3,95443600
459,62399724;3,99929800
459,70591724;4,04431300
459,78783724;4,13419000
459,86975724;4,13419000
459,95167724;4,22406700
460,03359724;4,22406700
460,11551723;4,31409600
460,19743723;4,31409600
460,27935723;4,40397400
460,36127723;4,40397400
460,44319723;4,44883600
460,52511723;4,44883600
460,60703723;4,49385100
460,68895723;4,49385100
460,77087723;4,49385100
460,85279723;4,49385100
460,93471723;4,58372700
461,01663723;4,58372700
461,09855723;4,58372700
461,18047723;4,58372700
461,26239723;4,58372700
461,34431723;4,58372700
461,42623723;4,62874200
461,50815723;4,58372700
461,59007723;4,58372700
461,67199723;4,58372700
461,75391722;4,58372700
461,83583722;4,58372700
461,91775722;4,58372700
461,99967722;4,58372700
462,08159722;4,58372700
462,16351722;4,58372700
462,24543722;4,53871300
462,32735722;4,53871300
462,40927722;4,53871300
462,49119722;4,49385100
462,57311722;4,49385100
462,65503722;4,49385100
462,73695722;4,49385100
462,81887722;4,49385100
462,90079722;4,49385100
462,98271722;4,49385100
463,06463722;4,49385100
463,14655722;4,44883600
463,22847722;4,44883600
463,31039722;4,40397400
463,39231722;4,44883600
463,47423721;4,44883600
463,55615721;4,40397400
463,63807721;4,40397400
463,71999721;4,40397400
463,80191721;4,40397400
463,88383721;4,40397400
463,96575721;4,40397400
464,04767721;4,35895900
464,12959721;4,31409600
464,21151721;4,35895900
464,29343721;4,31409600
464,37535721;4,31409600
464,45727721;4,31409600
464,53919721;4,31409600
464,62111721;4,31409600
464,70303721;4,31409600
464,78495721;4,31409600
464,86687721;4,26908200
464,94879721;4,26908200
465,03071721;4,26908200
465,11263720;4,26908200
465,19455720;4,22406700
465,27647720;4,22406700
465,35839720;4,22406700
465,44031720;4,22406700
465,52223720;4,22406700
465,60415720;4,22406700
465,68607720;4,22406700
465,76799720;4,17920400
465,84991720;4,17920400
465,93183720;4,17920400
466,01375720;4,17920400
466,09567720;4,13419000
466,17759720;4,13419000
466,25951720;4,13419000
466,34143720;4,13419000
466,42335720;4,13419000
466,50527720;4,13419000
466,58719720;4,13419000
466,66911720;4,13419000
466,75103719;4,08932800
466,83295719;4,08932800
466,91487719;4,08932800
466,99679719;4,04431300
467,07871719;4,04431300
467,16063719;4,04431300
467,24255719;4,04431300
467,32447719;4,04431300
467,40639719;4,04431300
467,48831719;4,04431300
467,57023719;4,04431300
467,65215719;3,95443600
467,73407719;3,99929800
467,81599719;3,99929800
467,89791719;3,95443600
467,97983719;3,95443600
468,06175719;3,95443600
468,14367719;3,95443600
468,22559719;3,95443600
468,30751719;3,95443600
468,38943718;3,95443600
468,47135718;3,95443600
468,55327718;3,95443600
468,63519718;3,90942100
468,71711718;3,90942100
468,79903718;3,90942100
468,88095718;3,90942100
468,96287718;3,90942100
469,04479718;3,86455900
469,12671718;3,86455900
469,20863718;3,90942100
469,29055718;3,90942100
469,37247718;3,90942100
469,45439718;3,95443600
469,53631718;3,95443600
469,61823718;4,04431300
469,70015718;4,08932800
469,78207718;4,13419000
469,86399718;4,17920400
469,94591718;4,22406700
470,02783717;4,31409600
470,10975717;4,31409600
470,19167717;4,35895900
470,27359717;4,40397400
470,35551717;4,44883600
470,43743717;4,44883600
470,51935717;4,49385100
470,60127717;4,49385100
470,68319717;4,53871300
470,76511717;4,53871300
470,84703717;4,58372700
470,92895717;4,58372700
471,01087717;4,58372700
471,09279717;4,58372700
471,17471717;4,62874200
471,25663717;4,62874200
471,33855717;4,62874200
471,42047717;4,62874200
471,50239717;4,62874200
471,58431717;4,62874200
471,66623716;4,62874200
471,74815716;4,58372700
471,83007716;4,58372700
471,91199716;4,58372700
471,99391716;4,58372700
472,07583716;4,58372700
472,15775716;4,58372700
472,23967716;4,53871300
472,32159716;4,53871300
472,40351716;4,53871300
472,48543716;4,49385100
472,56735716;4,53871300
472,64927716;4,49385100
472,73119716;4,49385100
472,81311716;4,49385100
472,89503716;4,49385100
472,97695716;4,49385100
473,05887716;4,49385100
473,14079716;4,49385100
473,22271716;4,44883600
473,30463715;4,44883600
473,38655715;4,40397400
473,46847715;4,40397400
473,55039715;4,40397400
473,63231715;4,40397400
473,71423715;4,40397400
473,79615715;4,40397400
473,87807715;4,40397400
473,95999715;4,40397400
474,04191715;4,35895900
474,12383715;4,35895900
474,20575715;4,31409600
474,28767715;4,31409600
474,36959715;4,31409600
474,45151715;4,31409600
474,53343715;4,31409600
474,61535715;4,31409600
474,69727715;4,31409600
474,77919715;4,31409600
474,86111715;4,26908200
474,94303714;4,26908200
475,02495714;4,26908200
475,10687714;4,26908200
475,18879714;4,26908200
475,27071714;4,22406700
475,35263714;4,22406700
475,43455714;4,22406700
475,51647714;4,22406700
475,59839714;4,22406700
475,68031714;4,22406700
475,76223714;4,17920400
475,84415714;4,17920400
475,92607714;4,17920400
476,00799714;4,13419000
476,08991714;4,13419000
476,17183714;4,13419000
476,25375714;4,13419000
476,33567714;4,13419000
476,41759714;4,13419000
476,49951714;4,13419000
476,58143713;4,13419000
476,66335713;4,13419000
476,74527713;4,08932800
476,82719713;4,08932800
476,90911713;4,08932800
476,99103713;4,08932800
477,07295713;4,04431300
477,15487713;4,08932800
477,23679713;4,04431300
477,31871713;4,04431300
477,40063713;4,04431300
477,48255713;4,04431300
477,56447713;4,04431300
477,64639713;4,04431300
477,72831713;3,99929800
477,81023713;3,99929800
477,89215713;3,95443600
477,97407713;3,99929800
478,05599713;3,95443600
478,13791713;3,95443600
478,21983712;3,95443600
478,30175712;3,95443600
478,38367712;3,95443600
478,46559712;3,95443600
478,54751712;3,90942100
478,62943712;3,95443600
478,71135712;3,90942100
478,79327712;3,90942100
478,87519712;3,86455900
478,95711712;3,90942100
479,03903712;3,86455900
479,12095712;3,86455900
479,20287712;3,86455900
479,28479712;3,86455900
479,36671712;3,90942100
479,44863712;3,95443600
479,53055712;3,95443600
479,61247712;3,99929800
479,69439712;4,04431300
479,77631712;4,13419000
479,85823711;4,13419000
479,94015711;4,17920400
480,02207711;4,22406700
480,10399711;4,26908200
480,18591711;4,31409600
480,26783711;4,40397400
480,34975711;4,40397400
480,43167711;4,40397400
480,51359711;4,44883600
480,59551711;4,49385100
480,67743711;4,49385100
480,75935711;4,49385100
480,84127711;4,53871300
480,92319711;4,53871300
481,00511711;4,58372700
481,08703711;4,58372700
481,16895711;4,58372700
481,25087711;4,58372700
481,33279711;4,58372700
481,41471711;4,62874200
481,49663711;4,62874200
481,57855710;4,62874200
481,66047710;4,58372700
481,74239710;4,58372700
481,82431710;4,58372700
481,90623710;4,58372700
481,98815710;4,58372700
482,07007710;4,58372700
482,15199710;4,58372700
482,23391710;4,53871300
482,31583710;4,53871300
482,39775710;4,53871300
482,47967710;4,53871300
482,56159710;4,49385100
482,64351710;4,49385100
482,72543710;4,49385100
482,80735710;4,49385100
482,88927710;4,49385100
482,97119710;4,49385100
483,05311710;4,49385100
483,13503710;4,44883600
483,21695709;4,44883600
483,29887709;4,44883600
483,38079709;4,40397400
483,46271709;4,40397400
483,54463709;4,40397400
483,62655709;4,40397400
483,70847709;4,40397400
483,79039709;4,40397400
483,87231709;4,40397400
483,95423709;4,40397400
484,03615709;4,40397400
484,11807709;4,35895900
484,19999709;4,35895900
484,28191709;4,35895900
484,36383709;4,31409600
484,44575709;4,31409600
484,52767709;4,31409600
484,60959709;4,31409600
484,69151709;4,31409600
484,77343709;4,31409600
484,85535708;4,26908200
484,93727708;4,26908200
485,01919708;4,26908200
485,10111708;4,26908200
485,18303708;4,26908200
485,26495708;4,22406700
485,34687708;4,22406700
485,42879708;4,22406700
485,51071708;4,22406700
485,59263708;4,22406700
485,67455708;4,22406700
485,75647708;4,22406700
485,83839708;4,17920400
485,92031708;4,17920400
486,00223708;4,13419000
486,08415708;4,13419000
486,16607708;4,13419000
486,24799708;4,13419000
486,32991708;4,13419000
486,41183708;4,13419000
486,49375707;4,13419000
486,57567707;4,13419000
486,65759707;4,13419000
486,73951707;4,08932800
486,82143707;4,08932800
486,90335707;4,08932800
486,98527707;4,08932800
487,06719707;4,04431300
487,14911707;4,04431300
487,23103707;4,04431300
487,31295707;4,04431300
487,39487707;4,04431300
487,47679707;4,04431300
487,55871707;3,99929800
487,64063707;3,99929800
487,72255707;3,99929800
487,80447707;3,95443600
487,88639707;3,95443600
487,96831707;3,95443600
488,05023707;3,95443600
488,13215706;3,95443600
488,21407706;3,95443600
488,29599706;3,95443600
488,37791706;3,95443600
488,45983706;3,95443600
488,54175706;3,95443600
488,62367706;3,95443600
488,70559706;3,90942100
488,78751706;3,90942100
488,86943706;3,90942100
488,95135706;3,86455900
489,03327706;3,86455900
489,11519706;3,90942100
489,19711706;3,86455900
489,27903706;3,90942100
489,36095706;3,90942100
489,44287706;3,95443600
489,52479706;3,95443600
489,60671706;4,04431300
489,68863706;4,08932800
489,77055705;4,13419000
489,85247705;4,17920400
489,93439705;4,22406700
490,01631705;4,26908200
490,09823705;4,31409600
490,18015705;4,35895900
490,26207705;4,40397400
490,34399705;4,40397400
490,42591705;4,44883600
490,50783705;4,49385100
490,58975705;4,49385100
490,67167705;4,53871300
490,75359705;4,53871300
490,83551705;4,58372700
490,91743705;4,58372700
490,99935705;4,58372700
491,08127705;4,62874200
491,16319705;4,62874200
491,24511705;4,58372700
491,32703705;4,62874200
491,40895704;4,62874200
491,49087704;4,62874200
491,57279704;4,62874200
491,65471704;4,58372700
491,73663704;4,58372700
491,81855704;4,58372700
491,90047704;4,58372700
491,98239704;4,58372700
492,06431704;4,58372700
492,14623704;4,58372700
492,22815704;4,58372700
492,31007704;4,53871300
492,39199704;4,53871300
492,47391704;4,53871300
492,55583704;4,53871300
492,63775704;4,53871300
492,71967704;4,49385100
492,80159704;4,49385100
492,88351704;4,49385100
492,96543704;4,49385100
493,04735703;4,49385100
493,12927703;4,49385100
493,21119703;4,44883600
493,29311703;4,44883600
493,37503703;4,40397400
493,45695703;4,44883600
493,53887703;4,40397400
493,62079703;4,40397400
493,70271703;4,40397400
493,78463703;4,40397400
493,86655703;4,40397400
493,94847703;4,40397400
494,03039703;4,40397400
494,11231703;4,40397400
494,19423703;4,35895900
494,27615703;4,31409600
494,35807703;4,31409600
494,43999703;4,31409600
494,52191703;4,31409600
494,60383703;4,31409600
494,68575702;4,31409600
494,76767702;4,31409600
494,84959702;4,31409600
494,93151702;4,31409600
495,01343702;4,26908200
495,09535702;4,26908200
495,17727702;4,26908200
495,25919702;4,22406700
495,34111702;4,22406700
495,42303702;4,22406700
495,50495702;4,22406700
495,58687702;4,22406700
495,66879702;4,22406700
495,75071702;4,22406700
495,83263702;4,22406700
495,91455702;4,17920400
495,99647702;4,17920400
496,07839702;4,17920400
496,16031702;4,13419000
496,24223702;4,13419000
496,32415701;4,13419000
496,40607701;4,13419000
496,48799701;4,13419000
496,56991701;4,13419000
496,65183701;4,13419000
496,73375701;4,08932800
496,81567701;4,08932800
496,89759701;4,08932800
496,97951701;4,08932800
497,06143701;4,08932800
497,14335701;4,04431300
497,22527701;4,04431300
497,30719701;4,04431300
497,38911701;4,04431300
497,47103701;4,04431300
497,55295701;4,04431300
497,63487701;3,99929800
497,71679701;3,99929800
497,79871701;3,99929800
497,88063701;3,99929800
497,96255700;3,99929800
498,04447700;3,95443600
498,12639700;3,95443600
498,20831700;3,95443600
498,29023700;3,95443600
498,37215700;3,95443600
498,45407700;3,95443600
498,53599700;3,95443600
498,61791700;3,95443600
498,69983700;3,95443600
498,78175700;3,90942100
498,86367700;3,90942100
498,94559700;3,90942100
499,02751700;3,86455900
499,10943700;3,86455900
499,19135700;3,86455900
499,27327700;3,86455900
499,35519700;3,86455900
499,43711700;3,90942100
499,51903700;3,95443600
499,60095699;3,99929800
499,68287699;4,04431300
499,76479699;4,08932800
499,84671699;4,13419000
499,92863699;4,17920400
500,01055699;4,22406700
