Tiempo;Canal A
(ms);(V)

-500,23257732;4,13419000
-500,15065732;4,17920400
-500,06873732;4,22406700
-499,98681733;4,26908200
-499,90489733;4,31409600
-499,82297733;4,31409600
-499,74105733;4,40397400
-499,65913733;4,40397400
-499,57721733;4,44883600
-499,49529733;4,44883600
-499,41337733;4,49385100
-499,33145733;4,49385100
-499,24953733;4,49385100
-499,16761733;4,49385100
-499,08569733;4,53871300
-499,00377733;4,53871300
-498,92185733;4,58372700
-498,83993733;4,58372700
-498,75801733;4,58372700
-498,67609733;4,58372700
-498,59417733;4,62874200
-498,51225733;4,58372700
-498,43033733;4,58372700
-498,34841734;4,58372700
-498,26649734;4,58372700
-498,18457734;4,58372700
-498,10265734;4,58372700
-498,02073734;4,58372700
-497,93881734;4,58372700
-497,85689734;4,58372700
-497,77497734;4,53871300
-497,69305734;4,49385100
-497,61113734;4,49385100
-497,52921734;4,49385100
-497,44729734;4,49385100
-497,36537734;4,49385100
-497,28345734;4,49385100
-497,20153734;4,49385100
-497,11961734;4,44883600
-497,03769734;4,44883600
-496,95577734;4,44883600
-496,87385734;4,44883600
-496,79193734;4,44883600
-496,71001735;4,40397400
-496,62809735;4,40397400
-496,54617735;4,40397400
-496,46425735;4,40397400
-496,38233735;4,40397400
-496,30041735;4,40397400
-496,21849735;4,40397400
-496,13657735;4,35895900
-496,05465735;4,35895900
-495,97273735;4,31409600
-495,89081735;4,31409600
-495,80889735;4,31409600
-495,72697735;4,31409600
-495,64505735;4,31409600
-495,56313735;4,31409600
-495,48121735;4,31409600
-495,39929735;4,31409600
-495,31737735;4,31409600
-495,23545735;4,26908200
-495,15353735;4,26908200
-495,07161736;4,26908200
-494,98969736;4,26908200
-494,90777736;4,22406700
-494,82585736;4,22406700
-494,74393736;4,22406700
-494,66201736;4,22406700
-494,58009736;4,22406700
-494,49817736;4,22406700
-494,41625736;4,17920400
-494,33433736;4,17920400
-494,25241736;4,13419000
-494,17049736;4,17920400
-494,08857736;4,13419000
-494,00665736;4,13419000
-493,92473736;4,13419000
-493,84281736;4,13419000
-493,76089736;4,13419000
-493,67897736;4,13419000
-493,59705736;4,13419000
-493,51513736;4,13419000
-493,43321737;4,08932800
-493,35129737;4,08932800
-493,26937737;4,08932800
-493,18745737;4,04431300
-493,10553737;4,04431300
-493,02361737;4,04431300
-492,94169737;4,08932800
-492,85977737;4,04431300
-492,77785737;4,04431300
-492,69593737;4,04431300
-492,61401737;3,99929800
-492,53209737;3,99929800
-492,45017737;3,99929800
-492,36825737;3,95443600
-492,28633737;3,95443600
-492,20441737;3,95443600
-492,12249737;3,95443600
-492,04057737;3,95443600
-491,95865737;3,95443600
-491,87673737;3,95443600
-491,79481738;3,95443600
-491,71289738;3,95443600
-491,63097738;3,95443600
-491,54905738;3,95443600
-491,46713738;3,90942100
-491,38521738;3,90942100
-491,30329738;3,86455900
-491,22137738;3,86455900
-491,13945738;3,86455900
-491,05753738;3,86455900
-490,97561738;3,86455900
-490,89369738;3,86455900
-490,81177738;3,86455900
-490,72985738;3,86455900
-490,64793738;3,90942100
-490,56601738;3,95443600
-490,48409738;3,99929800
-490,40217738;4,04431300
-490,32025738;4,08932800
-490,23833738;4,13419000
-490,15641739;4,17920400
-490,07449739;4,26908200
-489,99257739;4,31409600
-489,91065739;4,31409600
-489,82873739;4,40397400
-489,74681739;4,40397400
-489,66489739;4,44883600
-489,58297739;4,49385100
-489,50105739;4,49385100
-489,41913739;4,49385100
-489,33721739;4,49385100
-489,25529739;4,53871300
-489,17337739;4,58372700
-489,09145739;4,58372700
-489,00953739;4,58372700
-488,92761739;4,58372700
-488,84569739;4,62874200
-488,76377739;4,62874200
-488,68185739;4,58372700
-488,59993739;4,58372700
-488,51801740;4,58372700
-488,43609740;4,58372700
-488,35417740;4,58372700
-488,27225740;4,58372700
-488,19033740;4,58372700
-488,10841740;4,58372700
-488,02649740;4,58372700
-487,94457740;4,53871300
-487,86265740;4,53871300
-487,78073740;4,53871300
-487,69881740;4,49385100
-487,61689740;4,53871300
-487,53497740;4,49385100
-487,45305740;4,49385100
-487,37113740;4,49385100
-487,28921740;4,49385100
-487,20729740;4,49385100
-487,12537740;4,49385100
-487,04345740;4,49385100
-486,96153740;4,44883600
-486,87961741;4,44883600
-486,79769741;4,40397400
-486,71577741;4,40397400
-486,63385741;4,40397400
-486,55193741;4,40397400
-486,47001741;4,40397400
-486,38809741;4,40397400
-486,30617741;4,40397400
-486,22425741;4,40397400
-486,14233741;4,40397400
-486,06041741;4,35895900
-485,97849741;4,31409600
-485,89657741;4,31409600
-485,81465741;4,31409600
-485,73273741;4,31409600
-485,65081741;4,31409600
-485,56889741;4,31409600
-485,48697741;4,31409600
-485,40505741;4,31409600
-485,32313741;4,31409600
-485,24121742;4,26908200
-485,15929742;4,31409600
-485,07737742;4,26908200
-484,99545742;4,22406700
-484,91353742;4,22406700
-484,83161742;4,22406700
-484,74969742;4,22406700
-484,66777742;4,22406700
-484,58585742;4,22406700
-484,50393742;4,17920400
-484,42201742;4,17920400
-484,34009742;4,17920400
-484,25817742;4,17920400
-484,17625742;4,17920400
-484,09433742;4,13419000
-484,01241742;4,13419000
-483,93049742;4,13419000
-483,84857742;4,13419000
-483,76665742;4,13419000
-483,68473742;4,13419000
-483,60281742;4,13419000
-483,52089743;4,13419000
-483,43897743;4,08932800
-483,35705743;4,08932800
-483,27513743;4,04431300
-483,19321743;4,08932800
-483,11129743;4,04431300
-483,02937743;4,04431300
-482,94745743;4,04431300
-482,86553743;4,04431300
-482,78361743;4,04431300
-482,70169743;4,04431300
-482,61977743;4,04431300
-482,53785743;4,04431300
-482,45593743;3,99929800
-482,37401743;3,99929800
-482,29209743;3,99929800
-482,21017743;3,99929800
-482,12825743;3,95443600
-482,04633743;3,95443600
-481,96441743;3,95443600
-481,88249744;3,95443600
-481,80057744;3,95443600
-481,71865744;3,95443600
-481,63673744;3,95443600
-481,55481744;3,90942100
-481,47289744;3,90942100
-481,39097744;3,95443600
-481,30905744;3,90942100
-481,22713744;3,86455900
-481,14521744;3,86455900
-481,06329744;3,86455900
-480,98137744;3,86455900
-480,89945744;3,86455900
-480,81753744;3,86455900
-480,73561744;3,86455900
-480,65369744;3,90942100
-480,57177744;3,95443600
-480,48985744;3,95443600
-480,40793744;4,04431300
-480,32601744;4,04431300
-480,24409745;4,08932800
-480,16217745;4,13419000
-480,08025745;4,22406700
-479,99833745;4,22406700
-479,91641745;4,31409600
-479,83449745;4,31409600
-479,75257745;4,35895900
-479,67065745;4,40397400
-479,58873745;4,40397400
-479,50681745;4,44883600
-479,42489745;4,49385100
-479,34297745;4,49385100
-479,26105745;4,49385100
-479,17913745;4,49385100
-479,09721745;4,53871300
-479,01529745;4,53871300
-478,93337745;4,58372700
-478,85145745;4,58372700
-478,76953745;4,58372700
-478,68761745;4,58372700
-478,60569746;4,58372700
-478,52377746;4,58372700
-478,44185746;4,58372700
-478,35993746;4,58372700
-478,27801746;4,58372700
-478,19609746;4,58372700
-478,11417746;4,58372700
-478,03225746;4,53871300
-477,95033746;4,53871300
-477,86841746;4,53871300
-477,78649746;4,53871300
-477,70457746;4,53871300
-477,62265746;4,49385100
-477,54073746;4,49385100
-477,45881746;4,49385100
-477,37689746;4,49385100
-477,29497746;4,49385100
-477,21305746;4,49385100
-477,13113746;4,44883600
-477,04921746;4,49385100
-476,96729747;4,44883600
-476,88537747;4,40397400
-476,80345747;4,44883600
-476,72153747;4,40397400
-476,63961747;4,40397400
-476,55769747;4,40397400
-476,47577747;4,40397400
-476,39385747;4,40397400
-476,31193747;4,40397400
-476,23001747;4,40397400
-476,14809747;4,40397400
-476,06617747;4,31409600
-475,98425747;4,35895900
-475,90233747;4,31409600
-475,82041747;4,31409600
-475,73849747;4,31409600
-475,65657747;4,31409600
-475,57465747;4,31409600
-475,49273747;4,31409600
-475,41081747;4,31409600
-475,32889748;4,31409600
-475,24697748;4,31409600
-475,16505748;4,26908200
-475,08313748;4,26908200
-475,00121748;4,26908200
-474,91929748;4,22406700
-474,83737748;4,22406700
-474,75545748;4,22406700
-474,67353748;4,22406700
-474,59161748;4,22406700
-474,50969748;4,22406700
-474,42777748;4,22406700
-474,34585748;4,22406700
-474,26393748;4,17920400
-474,18201748;4,13419000
-474,10009748;4,13419000
-474,01817748;4,13419000
-473,93625748;4,13419000
-473,85433748;4,13419000
-473,77241748;4,13419000
-473,69049749;4,13419000
-473,60857749;4,13419000
-473,52665749;4,13419000
-473,44473749;4,08932800
-473,36281749;4,08932800
-473,28089749;4,08932800
-473,19897749;4,04431300
-473,11705749;4,04431300
-473,03513749;4,04431300
-472,95321749;4,04431300
-472,87129749;4,04431300
-472,78937749;4,04431300
-472,70745749;4,04431300
-472,62553749;4,04431300
-472,54361749;4,04431300
-472,46169749;3,95443600
-472,37977749;3,99929800
-472,29785749;3,95443600
-472,21593749;3,95443600
-472,13401749;3,95443600
-472,05209750;3,95443600
-471,97017750;3,95443600
-471,88825750;3,95443600
-471,80633750;3,95443600
-471,72441750;3,95443600
-471,64249750;3,95443600
-471,56057750;3,90942100
-471,47865750;3,90942100
-471,39673750;3,90942100
-471,31481750;3,90942100
-471,23289750;3,86455900
-471,15097750;3,90942100
-471,06905750;3,86455900
-470,98713750;3,86455900
-470,90521750;3,86455900
-470,82329750;3,86455900
-470,74137750;3,86455900
-470,65945750;3,90942100
-470,57753750;3,95443600
-470,49561750;3,95443600
-470,41369751;4,04431300
-470,33177751;4,08932800
-470,24985751;4,13419000
-470,16793751;4,17920400
-470,08601751;4,22406700
-470,00409751;4,26908200
-469,92217751;4,31409600
-469,84025751;4,40397400
-469,75833751;4,40397400
-469,67641751;4,44883600
-469,59449751;4,44883600
-469,51257751;4,49385100
-469,43065751;4,49385100
-469,34873751;4,49385100
-469,26681751;4,53871300
-469,18489751;4,58372700
-469,10297751;4,58372700
-469,02105751;4,58372700
-468,93913751;4,58372700
-468,85721751;4,58372700
-468,77529752;4,58372700
-468,69337752;4,62874200
-468,61145752;4,62874200
-468,52953752;4,62874200
-468,44761752;4,58372700
-468,36569752;4,58372700
-468,28377752;4,58372700
-468,20185752;4,58372700
-468,11993752;4,58372700
-468,03801752;4,58372700
-467,95609752;4,58372700
-467,87417752;4,53871300
-467,79225752;4,53871300
-467,71033752;4,53871300
-467,62841752;4,53871300
-467,54649752;4,49385100
-467,46457752;4,49385100
-467,38265752;4,49385100
-467,30073752;4,49385100
-467,21881752;4,49385100
-467,13689753;4,49385100
-467,05497753;4,49385100
-466,97305753;4,44883600
-466,89113753;4,44883600
-466,80921753;4,44883600
-466,72729753;4,44883600
-466,64537753;4,40397400
-466,56345753;4,40397400
-466,48153753;4,40397400
-466,39961753;4,40397400
-466,31769753;4,40397400
-466,23577753;4,40397400
-466,15385753;4,40397400
-466,07193753;4,31409600
-465,99001753;4,31409600
-465,90809753;4,31409600
-465,82617753;4,31409600
-465,74425753;4,31409600
-465,66233753;4,31409600
-465,58041753;4,31409600
-465,49849754;4,31409600
-465,41657754;4,31409600
-465,33465754;4,31409600
-465,25273754;4,31409600
-465,17081754;4,26908200
-465,08889754;4,26908200
-465,00697754;4,26908200
-464,92505754;4,26908200
-464,84313754;4,22406700
-464,76121754;4,22406700
-464,67929754;4,22406700
-464,59737754;4,22406700
-464,51545754;4,22406700
-464,43353754;4,22406700
-464,35161754;4,17920400
-464,26969754;4,17920400
-464,18777754;4,17920400
-464,10585754;4,17920400
-464,02393754;4,13419000
-463,94201754;4,13419000
-463,86009754;4,13419000
-463,77817755;4,13419000
-463,69625755;4,13419000
-463,61433755;4,13419000
-463,53241755;4,13419000
-463,45049755;4,08932800
-463,36857755;4,08932800
-463,28665755;4,08932800
-463,20473755;4,04431300
-463,12281755;4,08932800
-463,04089755;4,04431300
-462,95897755;4,04431300
-462,87705755;4,04431300
-462,79513755;4,04431300
-462,71321755;4,04431300
-462,63129755;4,04431300
-462,54937755;4,04431300
-462,46745755;4,04431300
-462,38553755;4,04431300
-462,30361755;3,99929800
-462,22169755;3,99929800
-462,13977756;3,95443600
-462,05785756;3,95443600
-461,97593756;3,95443600
-461,89401756;3,95443600
-461,81209756;3,95443600
-461,73017756;3,95443600
-461,64825756;3,95443600
-461,56633756;3,95443600
-461,48441756;3,95443600
-461,40249756;3,90942100
-461,32057756;3,90942100
-461,23865756;3,90942100
-461,15673756;3,90942100
-461,07481756;3,86455900
-460,99289756;3,86455900
-460,91097756;3,86455900
-460,82905756;3,86455900
-460,74713756;3,86455900
-460,66521756;3,86455900
-460,58329756;3,95443600
-460,50137757;3,95443600
-460,41945757;4,04431300
-460,33753757;4,04431300
-460,25561757;4,13419000
-460,17369757;4,13419000
-460,09177757;4,22406700
-460,00985757;4,26908200
-459,92793757;4,31409600
-459,84601757;4,31409600
-459,76409757;4,40397400
-459,68217757;4,40397400
-459,60025757;4,40397400
-459,51833757;4,44883600
-459,43641757;4,49385100
-459,35449757;4,49385100
-459,27257757;4,49385100
-459,19065757;4,49385100
-459,10873757;4,53871300
-459,02681757;4,58372700
-458,94489757;4,53871300
-458,86297758;4,58372700
-458,78105758;4,58372700
-458,69913758;4,58372700
-458,61721758;4,58372700
-458,53529758;4,58372700
-458,45337758;4,58372700
-458,37145758;4,58372700
-458,28953758;4,58372700
-458,20761758;4,58372700
-458,12569758;4,58372700
-458,04377758;4,53871300
-457,96185758;4,53871300
-457,87993758;4,53871300
-457,79801758;4,53871300
-457,71609758;4,53871300
-457,63417758;4,49385100
-457,55225758;4,49385100
-457,47033758;4,49385100
-457,38841758;4,49385100
-457,30649758;4,49385100
-457,22457759;4,49385100
-457,14265759;4,49385100
-457,06073759;4,49385100
-456,97881759;4,44883600
-456,89689759;4,44883600
-456,81497759;4,44883600
-456,73305759;4,40397400
-456,65113759;4,40397400
-456,56921759;4,40397400
-456,48729759;4,40397400
-456,40537759;4,40397400
-456,32345759;4,40397400
-456,24153759;4,40397400
-456,15961759;4,35895900
-456,07769759;4,31409600
-455,99577759;4,31409600
-455,91385759;4,31409600
-455,83193759;4,31409600
-455,75001759;4,31409600
-455,66809759;4,31409600
-455,58617760;4,31409600
-455,50425760;4,31409600
-455,42233760;4,31409600
-455,34041760;4,31409600
-455,25849760;4,26908200
-455,17657760;4,26908200
-455,09465760;4,26908200
-455,01273760;4,22406700
-454,93081760;4,22406700
-454,84889760;4,22406700
-454,76697760;4,22406700
-454,68505760;4,22406700
-454,60313760;4,22406700
-454,52121760;4,22406700
-454,43929760;4,17920400
-454,35737760;4,17920400
-454,27545760;4,17920400
-454,19353760;4,13419000
-454,11161760;4,13419000
-454,02969760;4,13419000
-453,94777761;4,13419000
-453,86585761;4,13419000
-453,78393761;4,13419000
-453,70201761;4,13419000
-453,62009761;4,13419000
-453,53817761;4,13419000
-453,45625761;4,13419000
-453,37433761;4,08932800
-453,29241761;4,08932800
-453,21049761;4,08932800
-453,12857761;4,04431300
-453,04665761;4,04431300
-452,96473761;4,04431300
-452,88281761;4,04431300
-452,80089761;4,04431300
-452,71897761;4,04431300
-452,63705761;4,04431300
-452,55513761;3,99929800
-452,47321761;3,99929800
-452,39129761;3,99929800
-452,30937762;3,95443600
-452,22745762;3,95443600
-452,14553762;3,95443600
-452,06361762;3,95443600
-451,98169762;3,95443600
-451,89977762;3,95443600
-451,81785762;3,95443600
-451,73593762;3,95443600
-451,65401762;3,90942100
-451,57209762;3,90942100
-451,49017762;3,90942100
-451,40825762;3,90942100
-451,32633762;3,90942100
-451,24441762;3,86455900
-451,16249762;3,86455900
-451,08057762;3,86455900
-450,99865762;3,86455900
-450,91673762;3,86455900
-450,83481762;3,86455900
-450,75289762;3,86455900
-450,67097763;3,90942100
-450,58905763;3,95443600
-450,50713763;3,99929800
-450,42521763;4,04431300
-450,34329763;4,04431300
-450,26137763;4,13419000
-450,17945763;4,17920400
-450,09753763;4,22406700
-450,01561763;4,26908200
-449,93369763;4,31409600
-449,85177763;4,40397400
-449,76985763;4,40397400
-449,68793763;4,40397400
-449,60601763;4,44883600
-449,52409763;4,49385100
-449,44217763;4,49385100
-449,36025763;4,53871300
-449,27833763;4,53871300
-449,19641763;4,53871300
-449,11449763;4,58372700
-449,03257764;4,58372700
-448,95065764;4,58372700
-448,86873764;4,58372700
-448,78681764;4,62874200
-448,70489764;4,62874200
-448,62297764;4,62874200
-448,54105764;4,58372700
-448,45913764;4,58372700
-448,37721764;4,58372700
-448,29529764;4,58372700
-448,21337764;4,58372700
-448,13145764;4,58372700
-448,04953764;4,53871300
-447,96761764;4,53871300
-447,88569764;4,53871300
-447,80377764;4,53871300
-447,72185764;4,53871300
-447,63993764;4,53871300
-447,55801764;4,49385100
-447,47609764;4,49385100
-447,39417765;4,49385100
-447,31225765;4,49385100
-447,23033765;4,49385100
-447,14841765;4,49385100
-447,06649765;4,49385100
-446,98457765;4,44883600
-446,90265765;4,44883600
-446,82073765;4,44883600
-446,73881765;4,40397400
-446,65689765;4,40397400
-446,57497765;4,40397400
-446,49305765;4,40397400
-446,41113765;4,40397400
-446,32921765;4,40397400
-446,24729765;4,40397400
-446,16537765;4,40397400
-446,08345765;4,31409600
-446,00153765;4,31409600
-445,91961765;4,31409600
-445,83769765;4,31409600
-445,75577765;4,31409600
-445,67385766;4,31409600
-445,59193766;4,31409600
-445,51001766;4,31409600
-445,42809766;4,31409600
-445,34617766;4,31409600
-445,26425766;4,31409600
-445,18233766;4,26908200
-445,10041766;4,26908200
-445,01849766;4,26908200
-444,93657766;4,26908200
-444,85465766;4,22406700
-444,77273766;4,22406700
-444,69081766;4,22406700
-444,60889766;4,22406700
-444,52697766;4,22406700
-444,44505766;4,22406700
-444,36313766;4,17920400
-444,28121766;4,17920400
-444,19929766;4,17920400
-444,11737766;4,13419000
-444,03545767;4,13419000
-443,95353767;4,13419000
-443,87161767;4,13419000
-443,78969767;4,13419000
-443,70777767;4,13419000
-443,62585767;4,13419000
-443,54393767;4,08932800
-443,46201767;4,08932800
-443,38009767;4,08932800
-443,29817767;4,08932800
-443,21625767;4,08932800
-443,13433767;4,04431300
-443,05241767;4,04431300
-442,97049767;4,04431300
-442,88857767;4,04431300
-442,80665767;4,04431300
-442,72473767;4,04431300
-442,64281767;4,04431300
-442,56089767;4,04431300
-442,47897767;3,95443600
-442,39705768;3,99929800
-442,31513768;3,99929800
-442,23321768;3,95443600
-442,15129768;3,95443600
-442,06937768;3,95443600
-441,98745768;3,95443600
-441,90553768;3,95443600
-441,82361768;3,95443600
-441,74169768;3,95443600
-441,65977768;3,95443600
-441,57785768;3,90942100
-441,49593768;3,95443600
-441,41401768;3,90942100
-441,33209768;3,90942100
-441,25017768;3,90942100
-441,16825768;3,90942100
-441,08633768;3,86455900
-441,00441768;3,86455900
-440,92249768;3,86455900
-440,84057768;3,86455900
-440,75865769;3,86455900
-440,67673769;3,90942100
-440,59481769;3,90942100
-440,51289769;3,95443600
-440,43097769;3,99929800
-440,34905769;4,04431300
-440,26713769;4,13419000
-440,18521769;4,13419000
-440,10329769;4,22406700
-440,02137769;4,22406700
-439,93945769;4,26908200
-439,85753769;4,31409600
-439,77561769;4,31409600
-439,69369769;4,40397400
-439,61177769;4,40397400
-439,52985769;4,44883600
-439,44793769;4,49385100
-439,36601769;4,49385100
-439,28409769;4,49385100
-439,20217769;4,49385100
-439,12025770;4,53871300
-439,03833770;4,58372700
-438,95641770;4,58372700
-438,87449770;4,58372700
-438,79257770;4,58372700
-438,71065770;4,58372700
-438,62873770;4,58372700
-438,54681770;4,58372700
-438,46489770;4,58372700
-438,38297770;4,58372700
-438,30105770;4,58372700
-438,21913770;4,58372700
-438,13721770;4,58372700
-438,05529770;4,58372700
-437,97337770;4,58372700
-437,89145770;4,53871300
-437,80953770;4,53871300
-437,72761770;4,53871300
-437,64569770;4,49385100
-437,56377770;4,49385100
-437,48185771;4,49385100
-437,39993771;4,49385100
-437,31801771;4,49385100
-437,23609771;4,49385100
-437,15417771;4,49385100
-437,07225771;4,49385100
-436,99033771;4,44883600
-436,90841771;4,40397400
-436,82649771;4,44883600
-436,74457771;4,44883600
-436,66265771;4,40397400
-436,58073771;4,40397400
-436,49881771;4,40397400
-436,41689771;4,40397400
-436,33497771;4,40397400
-436,25305771;4,35895900
-436,17113771;4,40397400
-436,08921771;4,35895900
-436,00729771;4,35895900
-435,92537771;4,31409600
-435,84345772;4,31409600
-435,76153772;4,31409600
-435,67961772;4,31409600
-435,59769772;4,31409600
-435,51577772;4,31409600
-435,43385772;4,31409600
-435,35193772;4,26908200
-435,27001772;4,31409600
-435,18809772;4,31409600
-435,10617772;4,22406700
-435,02425772;4,22406700
-434,94233772;4,22406700
-434,86041772;4,22406700
-434,77849772;4,22406700
-434,69657772;4,22406700
-434,61465772;4,22406700
-434,53273772;4,22406700
-434,45081772;4,17920400
-434,36889772;4,17920400
-434,28697772;4,17920400
-434,20505773;4,13419000
-434,12313773;4,17920400
-434,04121773;4,13419000
-433,95929773;4,13419000
-433,87737773;4,13419000
-433,79545773;4,13419000
-433,71353773;4,13419000
-433,63161773;4,08932800
-433,54969773;4,08932800
-433,46777773;4,08932800
-433,38585773;4,08932800
-433,30393773;4,08932800
-433,22201773;4,04431300
-433,14009773;4,08932800
-433,05817773;4,04431300
-432,97625773;4,04431300
-432,89433773;4,04431300
-432,81241773;4,04431300
-432,73049773;4,04431300
-432,64857773;4,04431300
-432,56665774;4,04431300
-432,48473774;3,99929800
-432,40281774;3,99929800
-432,32089774;3,99929800
-432,23897774;3,95443600
-432,15705774;3,95443600
-432,07513774;3,95443600
-431,99321774;3,95443600
-431,91129774;3,95443600
-431,82937774;3,95443600
-431,74745774;3,95443600
-431,66553774;3,90942100
-431,58361774;3,90942100
-431,50169774;3,90942100
-431,41977774;3,90942100
-431,33785774;3,90942100
-431,25593774;3,86455900
-431,17401774;3,86455900
-431,09209774;3,86455900
-431,01017774;3,86455900
-430,92825775;3,86455900
-430,84633775;3,86455900
-430,76441775;3,86455900
-430,68249775;3,90942100
-430,60057775;3,90942100
-430,51865775;3,95443600
-430,43673775;4,04431300
-430,35481775;4,04431300
-430,27289775;4,13419000
-430,19097775;4,22406700
-430,10905775;4,22406700
-430,02713775;4,31409600
-429,94521775;4,31409600
-429,86329775;4,35895900
-429,78137775;4,40397400
-429,69945775;4,40397400
-429,61753775;4,44883600
-429,53561775;4,49385100
-429,45369775;4,49385100
-429,37177775;4,49385100
-429,28985776;4,53871300
-429,20793776;4,53871300
-429,12601776;4,58372700
-429,04409776;4,58372700
-428,96217776;4,58372700
-428,88025776;4,62874200
-428,79833776;4,62874200
-428,71641776;4,58372700
-428,63449776;4,58372700
-428,55257776;4,62874200
-428,47065776;4,58372700
-428,38873776;4,58372700
-428,30681776;4,58372700
-428,22489776;4,58372700
-428,14297776;4,58372700
-428,06105776;4,58372700
-427,97913776;4,53871300
-427,89721776;4,53871300
-427,81529776;4,53871300
-427,73337776;4,53871300
-427,65145777;4,49385100
-427,56953777;4,49385100
-427,48761777;4,49385100
-427,40569777;4,49385100
-427,32377777;4,49385100
-427,24185777;4,49385100
-427,15993777;4,49385100
-427,07801777;4,49385100
-426,99609777;4,44883600
-426,91417777;4,44883600
-426,83225777;4,44883600
-426,75033777;4,44883600
-426,66841777;4,40397400
-426,58649777;4,40397400
-426,50457777;4,40397400
-426,42265777;4,40397400
-426,34073777;4,40397400
-426,25881777;4,40397400
-426,17689777;4,40397400
-426,09497777;4,35895900
-426,01305777;4,35895900
-425,93113778;4,31409600
-425,84921778;4,31409600
-425,76729778;4,31409600
-425,68537778;4,31409600
-425,60345778;4,31409600
-425,52153778;4,31409600
-425,43961778;4,31409600
-425,35769778;4,31409600
-425,27577778;4,26908200
-425,19385778;4,26908200
-425,11193778;4,26908200
-425,03001778;4,22406700
-424,94809778;4,26908200
-424,86617778;4,22406700
-424,78425778;4,22406700
-424,70233778;4,22406700
-424,62041778;4,17920400
-424,53849778;4,22406700
-424,45657778;4,17920400
-424,37465778;4,17920400
-424,29273779;4,17920400
-424,21081779;4,13419000
-424,12889779;4,13419000
-424,04697779;4,13419000
-423,96505779;4,13419000
-423,88313779;4,13419000
-423,80121779;4,13419000
-423,71929779;4,13419000
-423,63737779;4,13419000
-423,55545779;4,13419000
-423,47353779;4,08932800
-423,39161779;4,08932800
-423,30969779;4,08932800
-423,22777779;4,04431300
-423,14585779;4,08932800
-423,06393779;4,04431300
-422,98201779;4,04431300
-422,90009779;4,04431300
-422,81817779;4,04431300
-422,73625779;4,04431300
-422,65433780;4,04431300
-422,57241780;4,04431300
-422,49049780;3,99929800
-422,40857780;3,99929800
-422,32665780;3,99929800
-422,24473780;3,95443600
-422,16281780;3,95443600
-422,08089780;3,95443600
-421,99897780;3,95443600
-421,91705780;3,95443600
-421,83513780;3,95443600
-421,75321780;3,95443600
-421,67129780;3,95443600
-421,58937780;3,90942100
-421,50745780;3,90942100
-421,42553780;3,90942100
-421,34361780;3,90942100
-421,26169780;3,86455900
-421,17977780;3,86455900
-421,09785780;3,86455900
-421,01593781;3,86455900
-420,93401781;3,86455900
-420,85209781;3,86455900
-420,77017781;3,86455900
-420,68825781;3,86455900
-420,60633781;3,90942100
-420,52441781;3,95443600
-420,44249781;3,99929800
-420,36057781;4,04431300
-420,27865781;4,08932800
-420,19673781;4,13419000
-420,11481781;4,17920400
-420,03289781;4,22406700
-419,95097781;4,26908200
-419,86905781;4,31409600
-419,78713781;4,35895900
-419,70521781;4,40397400
-419,62329781;4,40397400
-419,54137781;4,40397400
-419,45945781;4,49385100
-419,37753782;4,49385100
-419,29561782;4,49385100
-419,21369782;4,49385100
-419,13177782;4,58372700
-419,04985782;4,53871300
-418,96793782;4,58372700
-418,88601782;4,58372700
-418,80409782;4,58372700
-418,72217782;4,58372700
-418,64025782;4,58372700
-418,55833782;4,58372700
-418,47641782;4,58372700
-418,39449782;4,58372700
-418,31257782;4,58372700
-418,23065782;4,58372700
-418,14873782;4,58372700
-418,06681782;4,58372700
-417,98489782;4,53871300
-417,90297782;4,53871300
-417,82105782;4,53871300
-417,73913783;4,49385100
-417,65721783;4,53871300
-417,57529783;4,49385100
-417,49337783;4,49385100
-417,41145783;4,49385100
-417,32953783;4,49385100
-417,24761783;4,49385100
-417,16569783;4,49385100
-417,08377783;4,44883600
-417,00185783;4,49385100
-416,91993783;4,44883600
-416,83801783;4,40397400
-416,75609783;4,40397400
-416,67417783;4,40397400
-416,59225783;4,40397400
-416,51033783;4,40397400
-416,42841783;4,40397400
-416,34649783;4,40397400
-416,26457783;4,35895900
-416,18265783;4,35895900
-416,10073784;4,40397400
-416,01881784;4,31409600
-415,93689784;4,31409600
-415,85497784;4,31409600
-415,77305784;4,31409600
-415,69113784;4,31409600
-415,60921784;4,31409600
-415,52729784;4,31409600
-415,44537784;4,31409600
-415,36345784;4,26908200
-415,28153784;4,26908200
-415,19961784;4,26908200
-415,11769784;4,26908200
-415,03577784;4,22406700
-414,95385784;4,22406700
-414,87193784;4,22406700
-414,79001784;4,22406700
-414,70809784;4,22406700
-414,62617784;4,22406700
-414,54425784;4,22406700
-414,46233785;4,22406700
-414,38041785;4,17920400
-414,29849785;4,13419000
-414,21657785;4,17920400
-414,13465785;4,17920400
-414,05273785;4,13419000
-413,97081785;4,13419000
-413,88889785;4,13419000
-413,80697785;4,13419000
-413,72505785;4,13419000
-413,64313785;4,13419000
-413,56121785;4,13419000
-413,47929785;4,08932800
-413,39737785;4,08932800
-413,31545785;4,08932800
-413,23353785;4,04431300
-413,15161785;4,08932800
-413,06969785;4,04431300
-412,98777785;4,04431300
-412,90585785;4,04431300
-412,82393786;4,04431300
-412,74201786;4,04431300
-412,66009786;4,04431300
-412,57817786;3,95443600
-412,49625786;4,04431300
-412,41433786;3,99929800
-412,33241786;3,95443600
-412,25049786;3,95443600
-412,16857786;3,95443600
-412,08665786;3,95443600
-412,00473786;3,95443600
-411,92281786;3,95443600
-411,84089786;3,95443600
-411,75897786;3,95443600
-411,67705786;3,90942100
-411,59513786;3,90942100
-411,51321786;3,90942100
-411,43129786;3,90942100
-411,34937786;3,90942100
-411,26745786;3,86455900
-411,18553787;3,86455900
-411,10361787;3,86455900
-411,02169787;3,86455900
-410,93977787;3,86455900
-410,85785787;3,86455900
-410,77593787;3,86455900
-410,69401787;3,86455900
-410,61209787;3,95443600
-410,53017787;3,95443600
-410,44825787;4,04431300
-410,36633787;4,04431300
-410,28441787;4,13419000
-410,20249787;4,17920400
-410,12057787;4,22406700
-410,03865787;4,26908200
-409,95673787;4,31409600
-409,87481787;4,35895900
-409,79289787;4,40397400
-409,71097787;4,40397400
-409,62905787;4,44883600
-409,54713788;4,49385100
-409,46521788;4,49385100
-409,38329788;4,49385100
-409,30137788;4,49385100
-409,21945788;4,58372700
-409,13753788;4,58372700
-409,05561788;4,58372700
-408,97369788;4,58372700
-408,89177788;4,58372700
-408,80985788;4,58372700
-408,72793788;4,62874200
-408,64601788;4,58372700
-408,56409788;4,58372700
-408,48217788;4,62874200
-408,40025788;4,58372700
-408,31833788;4,58372700
-408,23641788;4,58372700
-408,15449788;4,58372700
-408,07257788;4,58372700
-407,99065788;4,53871300
-407,90873789;4,53871300
-407,82681789;4,53871300
-407,74489789;4,53871300
-407,66297789;4,49385100
-407,58105789;4,53871300
-407,49913789;4,49385100
-407,41721789;4,49385100
-407,33529789;4,49385100
-407,25337789;4,49385100
-407,17145789;4,49385100
-407,08953789;4,49385100
-407,00761789;4,44883600
-406,92569789;4,44883600
-406,84377789;4,44883600
-406,76185789;4,40397400
-406,67993789;4,40397400
-406,59801789;4,40397400
-406,51609789;4,40397400
-406,43417789;4,40397400
-406,35225789;4,40397400
-406,27033789;4,40397400
-406,18841790;4,40397400
-406,10649790;4,31409600
-406,02457790;4,35895900
-405,94265790;4,31409600
-405,86073790;4,31409600
-405,77881790;4,31409600
-405,69689790;4,31409600
-405,61497790;4,31409600
-405,53305790;4,31409600
-405,45113790;4,31409600
-405,36921790;4,31409600
-405,28729790;4,26908200
-405,20537790;4,26908200
-405,12345790;4,26908200
-405,04153790;4,26908200
-404,95961790;4,26908200
-404,87769790;4,22406700
-404,79577790;4,22406700
-404,71385790;4,22406700
-404,63193790;4,22406700
-404,55001791;4,22406700
-404,46809791;4,17920400
-404,38617791;4,22406700
-404,30425791;4,17920400
-404,22233791;4,17920400
-404,14041791;4,17920400
-404,05849791;4,13419000
-403,97657791;4,13419000
-403,89465791;4,13419000
-403,81273791;4,13419000
-403,73081791;4,13419000
-403,64889791;4,13419000
-403,56697791;4,13419000
-403,48505791;4,08932800
-403,40313791;4,08932800
-403,32121791;4,08932800
-403,23929791;4,08932800
-403,15737791;4,04431300
-403,07545791;4,04431300
-402,99353791;4,04431300
-402,91161792;4,04431300
-402,82969792;4,04431300
-402,74777792;4,04431300
-402,66585792;4,04431300
-402,58393792;4,04431300
-402,50201792;3,99929800
-402,42009792;3,99929800
-402,33817792;3,99929800
-402,25625792;3,95443600
-402,17433792;3,95443600
-402,09241792;3,95443600
-402,01049792;3,95443600
-401,92857792;3,95443600
-401,84665792;3,95443600
-401,76473792;3,95443600
-401,68281792;3,95443600
-401,60089792;3,95443600
-401,51897792;3,90942100
-401,43705792;3,90942100
-401,35513792;3,90942100
-401,27321793;3,90942100
-401,19129793;3,90942100
-401,10937793;3,86455900
-401,02745793;3,86455900
-400,94553793;3,86455900
-400,86361793;3,86455900
-400,78169793;3,86455900
-400,69977793;3,86455900
-400,61785793;3,90942100
-400,53593793;3,95443600
-400,45401793;3,95443600
-400,37209793;4,04431300
-400,29017793;4,08932800
-400,20825793;4,13419000
-400,12633793;4,17920400
-400,04441793;4,22406700
-399,96249793;4,26908200
-399,88057793;4,31409600
-399,79865793;4,35895900
-399,71673793;4,40397400
-399,63481794;4,40397400
-399,55289794;4,44883600
-399,47097794;4,44883600
-399,38905794;4,49385100
-399,30713794;4,49385100
-399,22521794;4,49385100
-399,14329794;4,49385100
-399,06137794;4,53871300
-398,97945794;4,58372700
-398,89753794;4,58372700
-398,81561794;4,58372700
-398,73369794;4,58372700
-398,65177794;4,58372700
-398,56985794;4,58372700
-398,48793794;4,58372700
-398,40601794;4,58372700
-398,32409794;4,58372700
-398,24217794;4,58372700
-398,16025794;4,58372700
-398,07833794;4,58372700
-397,99641795;4,58372700
-397,91449795;4,53871300
-397,83257795;4,53871300
-397,75065795;4,53871300
-397,66873795;4,49385100
-397,58681795;4,49385100
-397,50489795;4,49385100
-397,42297795;4,49385100
-397,34105795;4,49385100
-397,25913795;4,49385100
-397,17721795;4,49385100
-397,09529795;4,44883600
-397,01337795;4,44883600
-396,93145795;4,44883600
-396,84953795;4,44883600
-396,76761795;4,40397400
-396,68569795;4,40397400
-396,60377795;4,40397400
-396,52185795;4,40397400
-396,43993795;4,40397400
-396,35801796;4,40397400
-396,27609796;4,40397400
-396,19417796;4,35895900
-396,11225796;4,35895900
-396,03033796;4,31409600
-395,94841796;4,31409600
-395,86649796;4,31409600
-395,78457796;4,31409600
-395,70265796;4,31409600
-395,62073796;4,31409600
-395,53881796;4,31409600
-395,45689796;4,31409600
-395,37497796;4,31409600
-395,29305796;4,26908200
-395,21113796;4,26908200
-395,12921796;4,26908200
-395,04729796;4,22406700
-394,96537796;4,22406700
-394,88345796;4,22406700
-394,80153796;4,22406700
-394,71961797;4,22406700
-394,63769797;4,22406700
-394,55577797;4,22406700
-394,47385797;4,22406700
-394,39193797;4,17920400
-394,31001797;4,17920400
-394,22809797;4,13419000
-394,14617797;4,13419000
-394,06425797;4,13419000
-393,98233797;4,13419000
-393,90041797;4,13419000
-393,81849797;4,13419000
-393,73657797;4,13419000
-393,65465797;4,13419000
-393,57273797;4,13419000
-393,49081797;4,08932800
-393,40889797;4,08932800
-393,32697797;4,04431300
-393,24505797;4,04431300
-393,16313797;4,04431300
-393,08121798;4,04431300
-392,99929798;4,04431300
-392,91737798;4,04431300
-392,83545798;4,04431300
-392,75353798;4,04431300
-392,67161798;4,04431300
-392,58969798;4,04431300
-392,50777798;4,04431300
-392,42585798;3,99929800
-392,34393798;3,95443600
-392,26201798;3,95443600
-392,18009798;3,95443600
-392,09817798;3,95443600
-392,01625798;3,95443600
-391,93433798;3,95443600
-391,85241798;3,95443600
-391,77049798;3,95443600
-391,68857798;3,90942100
-391,60665798;3,95443600
-391,52473798;3,90942100
-391,44281799;3,90942100
-391,36089799;3,90942100
-391,27897799;3,86455900
-391,19705799;3,86455900
-391,11513799;3,86455900
-391,03321799;3,86455900
-390,95129799;3,86455900
-390,86937799;3,86455900
-390,78745799;3,86455900
-390,70553799;3,86455900
-390,62361799;3,90942100
-390,54169799;3,95443600
-390,45977799;3,99929800
-390,37785799;4,08932800
-390,29593799;4,13419000
-390,21401799;4,13419000
-390,13209799;4,22406700
-390,05017799;4,26908200
-389,96825799;4,31409600
-389,88633799;4,31409600
-389,80441800;4,40397400
-389,72249800;4,40397400
-389,64057800;4,44883600
-389,55865800;4,49385100
-389,47673800;4,49385100
-389,39481800;4,49385100
-389,31289800;4,53871300
-389,23097800;4,53871300
-389,14905800;4,53871300
-389,06713800;4,58372700
-388,98521800;4,58372700
-388,90329800;4,62874200
-388,82137800;4,58372700
-388,73945800;4,58372700
-388,65753800;4,58372700
-388,57561800;4,58372700
-388,49369800;4,58372700
-388,41177800;4,58372700
-388,32985800;4,58372700
-388,24793800;4,58372700
-388,16601800;4,58372700
-388,08409801;4,58372700
-388,00217801;4,58372700
-387,92025801;4,53871300
-387,83833801;4,53871300
-387,75641801;4,53871300
-387,67449801;4,53871300
-387,59257801;4,49385100
-387,51065801;4,49385100
-387,42873801;4,49385100
-387,34681801;4,49385100
-387,26489801;4,49385100
-387,18297801;4,49385100
-387,10105801;4,49385100
-387,01913801;4,49385100
-386,93721801;4,44883600
-386,85529801;4,44883600
-386,77337801;4,40397400
-386,69145801;4,40397400
-386,60953801;4,44883600
-386,52761801;4,40397400
-386,44569802;4,40397400
-386,36377802;4,40397400
-386,28185802;4,40397400
-386,19993802;4,35895900
-386,11801802;4,40397400
-386,03609802;4,31409600
-385,95417802;4,31409600
-385,87225802;4,31409600
-385,79033802;4,31409600
-385,70841802;4,31409600
-385,62649802;4,31409600
-385,54457802;4,31409600
-385,46265802;4,31409600
-385,38073802;4,31409600
-385,29881802;4,31409600
-385,21689802;4,26908200
-385,13497802;4,26908200
-385,05305802;4,26908200
-384,97113802;4,22406700
-384,88921802;4,26908200
-384,80729803;4,22406700
-384,72537803;4,22406700
-384,64345803;4,22406700
-384,56153803;4,17920400
-384,47961803;4,22406700
-384,39769803;4,17920400
-384,31577803;4,17920400
-384,23385803;4,17920400
-384,15193803;4,17920400
-384,07001803;4,13419000
-383,98809803;4,17920400
-383,90617803;4,13419000
-383,82425803;4,13419000
-383,74233803;4,13419000
-383,66041803;4,13419000
-383,57849803;4,13419000
-383,49657803;4,13419000
-383,41465803;4,13419000
-383,33273803;4,08932800
-383,25081803;4,08932800
-383,16889804;4,08932800
-383,08697804;4,04431300
-383,00505804;4,04431300
-382,92313804;4,04431300
-382,84121804;4,04431300
-382,75929804;4,04431300
-382,67737804;4,04431300
-382,59545804;4,04431300
-382,51353804;4,04431300
-382,43161804;3,99929800
-382,34969804;3,99929800
-382,26777804;3,95443600
-382,18585804;3,95443600
-382,10393804;3,95443600
-382,02201804;3,95443600
-381,94009804;3,95443600
-381,85817804;3,95443600
-381,77625804;3,95443600
-381,69433804;3,95443600
-381,61241804;3,95443600
-381,53049805;3,90942100
-381,44857805;3,90942100
-381,36665805;3,90942100
-381,28473805;3,90942100
-381,20281805;3,90942100
-381,12089805;3,86455900
-381,03897805;3,86455900
-380,95705805;3,86455900
-380,87513805;3,86455900
-380,79321805;3,86455900
-380,71129805;3,86455900
-380,62937805;3,90942100
-380,54745805;3,95443600
-380,46553805;3,95443600
-380,38361805;4,04431300
-380,30169805;4,08932800
-380,21977805;4,13419000
-380,13785805;4,13419000
-380,05593805;4,22406700
-379,97401805;4,26908200
-379,89209806;4,31409600
-379,81017806;4,31409600
-379,72825806;4,40397400
-379,64633806;4,40397400
-379,56441806;4,40397400
-379,48249806;4,49385100
-379,40057806;4,49385100
-379,31865806;4,49385100
-379,23673806;4,49385100
-379,15481806;4,49385100
-379,07289806;4,53871300
-378,99097806;4,58372700
-378,90905806;4,58372700
-378,82713806;4,58372700
-378,74521806;4,58372700
-378,66329806;4,58372700
-378,58137806;4,58372700
-378,49945806;4,58372700
-378,41753806;4,58372700
-378,33561806;4,58372700
-378,25369807;4,58372700
-378,17177807;4,58372700
-378,08985807;4,58372700
-378,00793807;4,58372700
-377,92601807;4,58372700
-377,84409807;4,53871300
-377,76217807;4,53871300
-377,68025807;4,53871300
-377,59833807;4,49385100
-377,51641807;4,49385100
-377,43449807;4,49385100
-377,35257807;4,49385100
-377,27065807;4,49385100
-377,18873807;4,49385100
-377,10681807;4,44883600
-377,02489807;4,44883600
-376,94297807;4,44883600
-376,86105807;4,44883600
-376,77913807;4,44883600
-376,69721807;4,40397400
-376,61529808;4,40397400
-376,53337808;4,40397400
-376,45145808;4,40397400
-376,36953808;4,40397400
-376,28761808;4,40397400
-376,20569808;4,40397400
-376,12377808;4,35895900
-376,04185808;4,35895900
-375,95993808;4,31409600
-375,87801808;4,31409600
-375,79609808;4,31409600
-375,71417808;4,31409600
-375,63225808;4,31409600
-375,55033808;4,31409600
-375,46841808;4,31409600
-375,38649808;4,31409600
-375,30457808;4,26908200
-375,22265808;4,26908200
-375,14073808;4,26908200
-375,05881808;4,22406700
-374,97689809;4,22406700
-374,89497809;4,22406700
-374,81305809;4,22406700
-374,73113809;4,22406700
-374,64921809;4,22406700
-374,56729809;4,22406700
-374,48537809;4,22406700
-374,40345809;4,17920400
-374,32153809;4,17920400
-374,23961809;4,17920400
-374,15769809;4,17920400
-374,07577809;4,13419000
-373,99385809;4,13419000
-373,91193809;4,13419000
-373,83001809;4,13419000
-373,74809809;4,13419000
-373,66617809;4,13419000
-373,58425809;4,13419000
-373,50233809;4,08932800
-373,42041809;4,08932800
-373,33849810;4,08932800
-373,25657810;4,08932800
-373,17465810;4,04431300
-373,09273810;4,04431300
-373,01081810;4,04431300
-372,92889810;4,04431300
-372,84697810;4,04431300
-372,76505810;4,04431300
-372,68313810;4,04431300
-372,60121810;4,04431300
-372,51929810;4,04431300
-372,43737810;3,95443600
-372,35545810;3,99929800
-372,27353810;3,99929800
-372,19161810;3,95443600
-372,10969810;3,95443600
-372,02777810;3,95443600
-371,94585810;3,95443600
-371,86393810;3,95443600
-371,78201810;3,95443600
-371,70009811;3,95443600
-371,61817811;3,95443600
-371,53625811;3,90942100
-371,45433811;3,90942100
-371,37241811;3,90942100
-371,29049811;3,90942100
-371,20857811;3,90942100
-371,12665811;3,86455900
-371,04473811;3,86455900
-370,96281811;3,86455900
-370,88089811;3,86455900
-370,79897811;3,86455900
-370,71705811;3,86455900
-370,63513811;3,95443600
-370,55321811;3,95443600
-370,47129811;3,99929800
-370,38937811;4,04431300
-370,30745811;4,08932800
-370,22553811;4,13419000
-370,14361811;4,22406700
-370,06169812;4,26908200
-369,97977812;4,31409600
-369,89785812;4,31409600
-369,81593812;4,40397400
-369,73401812;4,40397400
-369,65209812;4,40397400
-369,57017812;4,49385100
-369,48825812;4,49385100
-369,40633812;4,49385100
-369,32441812;4,53871300
-369,24249812;4,53871300
-369,16057812;4,58372700
-369,07865812;4,58372700
-368,99673812;4,58372700
-368,91481812;4,58372700
-368,83289812;4,58372700
-368,75097812;4,62874200
-368,66905812;4,58372700
-368,58713812;4,58372700
-368,50521812;4,58372700
-368,42329812;4,58372700
-368,34137813;4,58372700
-368,25945813;4,58372700
-368,17753813;4,58372700
-368,09561813;4,58372700
-368,01369813;4,58372700
-367,93177813;4,53871300
-367,84985813;4,53871300
-367,76793813;4,53871300
-367,68601813;4,53871300
-367,60409813;4,49385100
-367,52217813;4,49385100
-367,44025813;4,49385100
-367,35833813;4,49385100
-367,27641813;4,49385100
-367,19449813;4,49385100
-367,11257813;4,49385100
-367,03065813;4,44883600
-366,94873813;4,44883600
-366,86681813;4,44883600
-366,78489813;4,44883600
-366,70297814;4,40397400
-366,62105814;4,40397400
-366,53913814;4,40397400
-366,45721814;4,40397400
-366,37529814;4,40397400
-366,29337814;4,40397400
-366,21145814;4,40397400
-366,12953814;4,35895900
-366,04761814;4,40397400
-365,96569814;4,31409600
-365,88377814;4,31409600
-365,80185814;4,31409600
-365,71993814;4,31409600
-365,63801814;4,31409600
-365,55609814;4,31409600
-365,47417814;4,31409600
-365,39225814;4,31409600
-365,31033814;4,26908200
-365,22841814;4,31409600
-365,14649814;4,26908200
-365,06457815;4,26908200
-364,98265815;4,22406700
-364,90073815;4,22406700
-364,81881815;4,22406700
-364,73689815;4,22406700
-364,65497815;4,22406700
-364,57305815;4,22406700
-364,49113815;4,22406700
-364,40921815;4,17920400
-364,32729815;4,17920400
-364,24537815;4,17920400
-364,16345815;4,13419000
-364,08153815;4,13419000
-363,99961815;4,13419000
-363,91769815;4,13419000
-363,83577815;4,13419000
-363,75385815;4,13419000
-363,67193815;4,13419000
-363,59001815;4,13419000
-363,50809815;4,13419000
-363,42617816;4,13419000
-363,34425816;4,13419000
-363,26233816;4,08932800
-363,18041816;4,08932800
-363,09849816;4,04431300
-363,01657816;4,04431300
-362,93465816;4,04431300
-362,85273816;4,04431300
-362,77081816;4,04431300
-362,68889816;4,04431300
-362,60697816;4,04431300
-362,52505816;4,04431300
-362,44313816;3,99929800
-362,36121816;3,99929800
-362,27929816;3,99929800
-362,19737816;3,95443600
-362,11545816;3,95443600
-362,03353816;3,95443600
-361,95161816;3,95443600
-361,86969816;3,95443600
-361,78777817;3,95443600
-361,70585817;3,95443600
-361,62393817;3,95443600
-361,54201817;3,95443600
-361,46009817;3,90942100
-361,37817817;3,90942100
-361,29625817;3,90942100
-361,21433817;3,86455900
-361,13241817;3,90942100
-361,05049817;3,86455900
-360,96857817;3,86455900
-360,88665817;3,86455900
-360,80473817;3,86455900
-360,72281817;3,86455900
-360,64089817;3,90942100
-360,55897817;3,95443600
-360,47705817;3,95443600
-360,39513817;4,04431300
-360,31321817;4,08932800
-360,23129817;4,13419000
-360,14937818;4,17920400
-360,06745818;4,22406700
-359,98553818;4,26908200
-359,90361818;4,31409600
-359,82169818;4,31409600
-359,73977818;4,40397400
-359,65785818;4,40397400
-359,57593818;4,44883600
-359,49401818;4,44883600
-359,41209818;4,49385100
-359,33017818;4,49385100
-359,24825818;4,49385100
-359,16633818;4,53871300
-359,08441818;4,53871300
-359,00249818;4,58372700
-358,92057818;4,58372700
-358,83865818;4,58372700
-358,75673818;4,58372700
-358,67481818;4,58372700
-358,59289818;4,58372700
-358,51097819;4,58372700
-358,42905819;4,58372700
-358,34713819;4,58372700
-358,26521819;4,58372700
-358,18329819;4,58372700
-358,10137819;4,58372700
-358,01945819;4,58372700
-357,93753819;4,53871300
-357,85561819;4,53871300
-357,77369819;4,53871300
-357,69177819;4,49385100
-357,60985819;4,49385100
-357,52793819;4,49385100
-357,44601819;4,49385100
-357,36409819;4,49385100
-357,28217819;4,49385100
-357,20025819;4,44883600
-357,11833819;4,44883600
-357,03641819;4,49385100
-356,95449819;4,44883600
-356,87257820;4,44883600
-356,79065820;4,40397400
-356,70873820;4,40397400
-356,62681820;4,40397400
-356,54489820;4,40397400
-356,46297820;4,40397400
-356,38105820;4,40397400
-356,29913820;4,40397400
-356,21721820;4,40397400
-356,13529820;4,35895900
-356,05337820;4,31409600
-355,97145820;4,31409600
-355,88953820;4,31409600
-355,80761820;4,31409600
-355,72569820;4,31409600
-355,64377820;4,31409600
-355,56185820;4,31409600
-355,47993820;4,31409600
-355,39801820;4,31409600
-355,31609820;4,26908200
-355,23417821;4,26908200
-355,15225821;4,26908200
-355,07033821;4,26908200
-354,98841821;4,22406700
-354,90649821;4,22406700
-354,82457821;4,26908200
-354,74265821;4,22406700
-354,66073821;4,22406700
-354,57881821;4,22406700
-354,49689821;4,17920400
-354,41497821;4,22406700
-354,33305821;4,13419000
-354,25113821;4,17920400
-354,16921821;4,17920400
-354,08729821;4,17920400
-354,00537821;4,13419000
-353,92345821;4,13419000
-353,84153821;4,13419000
-353,75961821;4,13419000
-353,67769821;4,13419000
-353,59577822;4,13419000
-353,51385822;4,13419000
-353,43193822;4,08932800
-353,35001822;4,08932800
-353,26809822;4,08932800
-353,18617822;4,04431300
-353,10425822;4,04431300
-353,02233822;4,04431300
-352,94041822;4,04431300
-352,85849822;4,04431300
-352,77657822;4,04431300
-352,69465822;4,04431300
-352,61273822;4,04431300
-352,53081822;4,04431300
-352,44889822;3,95443600
-352,36697822;3,99929800
-352,28505822;3,95443600
-352,20313822;3,95443600
-352,12121822;3,95443600
-352,03929822;3,95443600
-351,95737823;3,95443600
-351,87545823;3,95443600
-351,79353823;3,95443600
-351,71161823;3,95443600
-351,62969823;3,95443600
-351,54777823;3,95443600
-351,46585823;3,90942100
-351,38393823;3,90942100
-351,30201823;3,90942100
-351,22009823;3,86455900
-351,13817823;3,86455900
-351,05625823;3,86455900
-350,97433823;3,86455900
-350,89241823;3,86455900
-350,81049823;3,86455900
-350,72857823;3,86455900
-350,64665823;3,90942100
-350,56473823;3,95443600
-350,48281823;3,99929800
-350,40089823;4,04431300
-350,31897824;4,08932800
-350,23705824;4,13419000
-350,15513824;4,22406700
-350,07321824;4,26908200
-349,99129824;4,31409600
-349,90937824;4,31409600
-349,82745824;4,40397400
-349,74553824;4,40397400
-349,66361824;4,40397400
-349,58169824;4,44883600
-349,49977824;4,49385100
-349,41785824;4,49385100
-349,33593824;4,53871300
-349,25401824;4,58372700
-349,17209824;4,53871300
-349,09017824;4,58372700
-349,00825824;4,58372700
-348,92633824;4,58372700
-348,84441824;4,58372700
-348,76249824;4,58372700
-348,68057824;4,58372700
-348,59865825;4,62874200
-348,51673825;4,58372700
-348,43481825;4,58372700
-348,35289825;4,58372700
-348,27097825;4,58372700
-348,18905825;4,58372700
-348,10713825;4,58372700
-348,02521825;4,53871300
-347,94329825;4,53871300
-347,86137825;4,53871300
-347,77945825;4,53871300
-347,69753825;4,53871300
-347,61561825;4,53871300
-347,53369825;4,49385100
-347,45177825;4,49385100
-347,36985825;4,49385100
-347,28793825;4,49385100
-347,20601825;4,49385100
-347,12409825;4,49385100
-347,04217825;4,49385100
-346,96025826;4,44883600
-346,87833826;4,44883600
-346,79641826;4,44883600
-346,71449826;4,40397400
-346,63257826;4,40397400
-346,55065826;4,40397400
-346,46873826;4,40397400
-346,38681826;4,40397400
-346,30489826;4,40397400
-346,22297826;4,35895900
-346,14105826;4,40397400
-346,05913826;4,40397400
-345,97721826;4,35895900
-345,89529826;4,31409600
-345,81337826;4,31409600
-345,73145826;4,31409600
-345,64953826;4,31409600
-345,56761826;4,31409600
-345,48569826;4,31409600
-345,40377826;4,31409600
-345,32185827;4,26908200
-345,23993827;4,31409600
-345,15801827;4,26908200
-345,07609827;4,26908200
-344,99417827;4,22406700
-344,91225827;4,22406700
-344,83033827;4,26908200
-344,74841827;4,22406700
-344,66649827;4,22406700
-344,58457827;4,22406700
-344,50265827;4,22406700
-344,42073827;4,22406700
-344,33881827;4,17920400
-344,25689827;4,17920400
-344,17497827;4,13419000
-344,09305827;4,17920400
-344,01113827;4,13419000
-343,92921827;4,13419000
-343,84729827;4,13419000
-343,76537827;4,13419000
-343,68345828;4,13419000
-343,60153828;4,13419000
-343,51961828;4,13419000
-343,43769828;4,08932800
-343,35577828;4,08932800
-343,27385828;4,08932800
-343,19193828;4,08932800
-343,11001828;4,08932800
-343,02809828;4,08932800
-342,94617828;4,04431300
-342,86425828;4,04431300
-342,78233828;4,04431300
-342,70041828;4,04431300
-342,61849828;4,04431300
-342,53657828;4,04431300
-342,45465828;3,99929800
-342,37273828;3,99929800
-342,29081828;3,99929800
-342,20889828;3,95443600
-342,12697828;3,95443600
-342,04505829;3,95443600
-341,96313829;3,95443600
-341,88121829;3,95443600
-341,79929829;3,95443600
-341,71737829;3,95443600
-341,63545829;3,95443600
-341,55353829;3,95443600
-341,47161829;3,90942100
-341,38969829;3,90942100
-341,30777829;3,86455900
-341,22585829;3,86455900
-341,14393829;3,86455900
-341,06201829;3,90942100
-340,98009829;3,86455900
-340,89817829;3,86455900
-340,81625829;3,86455900
-340,73433829;3,90942100
-340,65241829;3,90942100
-340,57049829;3,95443600
-340,48857829;3,95443600
-340,40665830;4,04431300
-340,32473830;4,04431300
-340,24281830;4,13419000
-340,16089830;4,13419000
-340,07897830;4,22406700
-339,99705830;4,26908200
-339,91513830;4,31409600
-339,83321830;4,31409600
-339,75129830;4,40397400
-339,66937830;4,40397400
-339,58745830;4,40397400
-339,50553830;4,44883600
-339,42361830;4,49385100
-339,34169830;4,49385100
-339,25977830;4,49385100
-339,17785830;4,53871300
-339,09593830;4,53871300
-339,01401830;4,58372700
-338,93209830;4,58372700
-338,85017830;4,58372700
-338,76825831;4,58372700
-338,68633831;4,58372700
-338,60441831;4,58372700
-338,52249831;4,58372700
-338,44057831;4,58372700
-338,35865831;4,58372700
-338,27673831;4,58372700
-338,19481831;4,58372700
-338,11289831;4,58372700
-338,03097831;4,58372700
-337,94905831;4,53871300
-337,86713831;4,58372700
-337,78521831;4,53871300
-337,70329831;4,53871300
-337,62137831;4,49385100
-337,53945831;4,49385100
-337,45753831;4,49385100
-337,37561831;4,49385100
-337,29369831;4,49385100
-337,21177831;4,49385100
-337,12985832;4,49385100
-337,04793832;4,44883600
-336,96601832;4,44883600
-336,88409832;4,44883600
-336,80217832;4,40397400
-336,72025832;4,40397400
-336,63833832;4,40397400
-336,55641832;4,40397400
-336,47449832;4,40397400
-336,39257832;4,40397400
-336,31065832;4,40397400
-336,22873832;4,35895900
-336,14681832;4,35895900
-336,06489832;4,40397400
-335,98297832;4,31409600
-335,90105832;4,31409600
-335,81913832;4,31409600
-335,73721832;4,31409600
-335,65529832;4,31409600
-335,57337832;4,31409600
-335,49145833;4,31409600
-335,40953833;4,31409600
-335,32761833;4,31409600
-335,24569833;4,31409600
-335,16377833;4,26908200
-335,08185833;4,22406700
-334,99993833;4,22406700
-334,91801833;4,26908200
-334,83609833;4,22406700
-334,75417833;4,22406700
-334,67225833;4,22406700
-334,59033833;4,22406700
-334,50841833;4,22406700
-334,42649833;4,17920400
-334,34457833;4,17920400
-334,26265833;4,13419000
-334,18073833;4,13419000
-334,09881833;4,17920400
-334,01689833;4,13419000
-333,93497833;4,13419000
-333,85305834;4,13419000
-333,77113834;4,13419000
-333,68921834;4,13419000
-333,60729834;4,13419000
-333,52537834;4,13419000
-333,44345834;4,08932800
-333,36153834;4,08932800
-333,27961834;4,08932800
-333,19769834;4,04431300
-333,11577834;4,04431300
-333,03385834;4,04431300
-332,95193834;4,04431300
-332,87001834;4,04431300
-332,78809834;4,04431300
-332,70617834;4,04431300
-332,62425834;4,04431300
-332,54233834;4,04431300
-332,46041834;4,04431300
-332,37849834;3,95443600
-332,29657834;3,95443600
-332,21465835;3,95443600
-332,13273835;3,95443600
-332,05081835;3,95443600
-331,96889835;3,95443600
-331,88697835;3,95443600
-331,80505835;3,95443600
-331,72313835;3,95443600
-331,64121835;3,95443600
-331,55929835;3,90942100
-331,47737835;3,90942100
-331,39545835;3,90942100
-331,31353835;3,90942100
-331,23161835;3,90942100
-331,14969835;3,86455900
-331,06777835;3,86455900
-330,98585835;3,86455900
-330,90393835;3,86455900
-330,82201835;3,86455900
-330,74009835;3,90942100
-330,65817835;3,90942100
-330,57625835;3,95443600
-330,49433836;3,99929800
-330,41241836;4,04431300
-330,33049836;4,08932800
-330,24857836;4,13419000
-330,16665836;4,17920400
-330,08473836;4,22406700
-330,00281836;4,31409600
-329,92089836;4,31409600
-329,83897836;4,40397400
-329,75705836;4,40397400
-329,67513836;4,44883600
-329,59321836;4,44883600
-329,51129836;4,49385100
-329,42937836;4,49385100
-329,34745836;4,49385100
-329,26553836;4,49385100
-329,18361836;4,53871300
-329,10169836;4,58372700
-329,01977836;4,58372700
-328,93785836;4,58372700
-328,85593837;4,58372700
-328,77401837;4,58372700
-328,69209837;4,62874200
-328,61017837;4,58372700
-328,52825837;4,62874200
-328,44633837;4,58372700
-328,36441837;4,58372700
-328,28249837;4,58372700
-328,20057837;4,58372700
-328,11865837;4,58372700
-328,03673837;4,58372700
-327,95481837;4,53871300
-327,87289837;4,53871300
-327,79097837;4,53871300
-327,70905837;4,53871300
-327,62713837;4,49385100
-327,54521837;4,49385100
-327,46329837;4,49385100
-327,38137837;4,49385100
-327,29945837;4,49385100
-327,21753838;4,49385100
-327,13561838;4,49385100
-327,05369838;4,49385100
-326,97177838;4,49385100
-326,88985838;4,44883600
-326,80793838;4,44883600
-326,72601838;4,40397400
-326,64409838;4,40397400
-326,56217838;4,40397400
-326,48025838;4,40397400
-326,39833838;4,40397400
-326,31641838;4,40397400
-326,23449838;4,40397400
-326,15257838;4,35895900
-326,07065838;4,40397400
-325,98873838;4,35895900
-325,90681838;4,35895900
-325,82489838;4,31409600
-325,74297838;4,31409600
-325,66105838;4,31409600
-325,57913839;4,31409600
-325,49721839;4,31409600
-325,41529839;4,31409600
-325,33337839;4,31409600
-325,25145839;4,26908200
-325,16953839;4,26908200
-325,08761839;4,26908200
-325,00569839;4,22406700
-324,92377839;4,26908200
-324,84185839;4,22406700
-324,75993839;4,22406700
-324,67801839;4,22406700
-324,59609839;4,22406700
-324,51417839;4,22406700
-324,43225839;4,17920400
-324,35033839;4,17920400
-324,26841839;4,17920400
-324,18649839;4,17920400
-324,10457839;4,13419000
-324,02265839;4,13419000
-323,94073840;4,13419000
-323,85881840;4,13419000
-323,77689840;4,13419000
-323,69497840;4,13419000
-323,61305840;4,13419000
-323,53113840;4,13419000
-323,44921840;4,13419000
-323,36729840;4,08932800
-323,28537840;4,08932800
-323,20345840;4,08932800
-323,12153840;4,04431300
-323,03961840;4,04431300
-322,95769840;4,04431300
-322,87577840;4,04431300
-322,79385840;4,04431300
-322,71193840;4,04431300
-322,63001840;4,04431300
-322,54809840;3,99929800
-322,46617840;3,99929800
-322,38425840;3,99929800
-322,30233841;3,95443600
-322,22041841;3,95443600
-322,13849841;3,95443600
-322,05657841;3,95443600
-321,97465841;3,95443600
-321,89273841;3,95443600
-321,81081841;3,95443600
-321,72889841;3,95443600
-321,64697841;3,95443600
-321,56505841;3,90942100
-321,48313841;3,90942100
-321,40121841;3,90942100
-321,31929841;3,90942100
-321,23737841;3,90942100
-321,15545841;3,90942100
-321,07353841;3,86455900
-320,99161841;3,86455900
-320,90969841;3,86455900
-320,82777841;3,86455900
-320,74585841;3,86455900
-320,66393842;3,90942100
-320,58201842;3,90942100
-320,50009842;3,95443600
-320,41817842;3,99929800
-320,33625842;4,04431300
-320,25433842;4,13419000
-320,17241842;4,13419000
-320,09049842;4,22406700
-320,00857842;4,26908200
-319,92665842;4,31409600
-319,84473842;4,31409600
-319,76281842;4,35895900
-319,68089842;4,40397400
-319,59897842;4,44883600
-319,51705842;4,44883600
-319,43513842;4,49385100
-319,35321842;4,49385100
-319,27129842;4,49385100
-319,18937842;4,49385100
-319,10745842;4,53871300
-319,02553843;4,58372700
-318,94361843;4,58372700
-318,86169843;4,58372700
-318,77977843;4,58372700
-318,69785843;4,58372700
-318,61593843;4,58372700
-318,53401843;4,58372700
-318,45209843;4,58372700
-318,37017843;4,58372700
-318,28825843;4,58372700
-318,20633843;4,58372700
-318,12441843;4,58372700
-318,04249843;4,53871300
-317,96057843;4,53871300
-317,87865843;4,53871300
-317,79673843;4,49385100
-317,71481843;4,49385100
-317,63289843;4,49385100
-317,55097843;4,49385100
-317,46905843;4,49385100
-317,38713844;4,49385100
-317,30521844;4,49385100
-317,22329844;4,49385100
-317,14137844;4,49385100
-317,05945844;4,44883600
-316,97753844;4,44883600
-316,89561844;4,40397400
-316,81369844;4,44883600
-316,73177844;4,40397400
-316,64985844;4,40397400
-316,56793844;4,40397400
-316,48601844;4,40397400
-316,40409844;4,40397400
-316,32217844;4,40397400
-316,24025844;4,40397400
-316,15833844;4,35895900
-316,07641844;4,35895900
-315,99449844;4,31409600
-315,91257844;4,31409600
-315,83065844;4,31409600
-315,74873845;4,31409600
-315,66681845;4,31409600
-315,58489845;4,31409600
-315,50297845;4,31409600
-315,42105845;4,26908200
-315,33913845;4,31409600
-315,25721845;4,26908200
-315,17529845;4,26908200
-315,09337845;4,26908200
-315,01145845;4,26908200
-314,92953845;4,22406700
-314,84761845;4,22406700
-314,76569845;4,22406700
-314,68377845;4,22406700
-314,60185845;4,22406700
-314,51993845;4,17920400
-314,43801845;4,17920400
-314,35609845;4,17920400
-314,27417845;4,17920400
-314,19225845;4,17920400
-314,11033846;4,13419000
-314,02841846;4,13419000
-313,94649846;4,13419000
-313,86457846;4,13419000
-313,78265846;4,13419000
-313,70073846;4,13419000
-313,61881846;4,13419000
-313,53689846;4,13419000
-313,45497846;4,08932800
-313,37305846;4,08932800
-313,29113846;4,08932800
-313,20921846;4,04431300
-313,12729846;4,08932800
-313,04537846;4,04431300
-312,96345846;4,04431300
-312,88153846;4,04431300
-312,79961846;4,04431300
-312,71769846;4,04431300
-312,63577846;4,04431300
-312,55385846;3,99929800
-312,47193847;3,99929800
-312,39001847;3,95443600
-312,30809847;3,95443600
-312,22617847;3,95443600
-312,14425847;3,95443600
-312,06233847;3,95443600
-311,98041847;3,95443600
-311,89849847;3,95443600
-311,81657847;3,95443600
-311,73465847;3,95443600
-311,65273847;3,95443600
-311,57081847;3,95443600
-311,48889847;3,90942100
-311,40697847;3,90942100
-311,32505847;3,90942100
-311,24313847;3,86455900
-311,16121847;3,86455900
-311,07929847;3,86455900
-310,99737847;3,86455900
-310,91545847;3,86455900
-310,83353847;3,86455900
-310,75161848;3,90942100
-310,66969848;3,90942100
-310,58777848;3,95443600
-310,50585848;3,95443600
-310,42393848;4,04431300
-310,34201848;4,08932800
-310,26009848;4,13419000
-310,17817848;4,17920400
-310,09625848;4,22406700
-310,01433848;4,31409600
-309,93241848;4,31409600
-309,85049848;4,35895900
-309,76857848;4,40397400
-309,68665848;4,44883600
-309,60473848;4,44883600
-309,52281848;4,49385100
-309,44089848;4,49385100
-309,35897848;4,49385100
-309,27705848;4,53871300
-309,19513848;4,58372700
-309,11321849;4,58372700
-309,03129849;4,58372700
-308,94937849;4,58372700
-308,86745849;4,62874200
-308,78553849;4,58372700
-308,70361849;4,62874200
-308,62169849;4,58372700
-308,53977849;4,58372700
-308,45785849;4,58372700
-308,37593849;4,58372700
-308,29401849;4,58372700
-308,21209849;4,58372700
-308,13017849;4,58372700
-308,04825849;4,58372700
-307,96633849;4,53871300
-307,88441849;4,53871300
-307,80249849;4,53871300
-307,72057849;4,53871300
-307,63865849;4,53871300
-307,55673849;4,49385100
-307,47481850;4,49385100
-307,39289850;4,49385100
-307,31097850;4,49385100
-307,22905850;4,49385100
-307,14713850;4,49385100
-307,06521850;4,44883600
-306,98329850;4,44883600
-306,90137850;4,49385100
-306,81945850;4,40397400
-306,73753850;4,40397400
-306,65561850;4,44883600
-306,57369850;4,40397400
-306,49177850;4,40397400
-306,40985850;4,40397400
-306,32793850;4,40397400
-306,24601850;4,40397400
-306,16409850;4,40397400
-306,08217850;4,35895900
-306,00025850;4,35895900
-305,91833850;4,35895900
-305,83641851;4,31409600
-305,75449851;4,31409600
-305,67257851;4,31409600
-305,59065851;4,31409600
-305,50873851;4,31409600
-305,42681851;4,31409600
-305,34489851;4,31409600
-305,26297851;4,26908200
-305,18105851;4,26908200
-305,09913851;4,26908200
-305,01721851;4,26908200
-304,93529851;4,22406700
-304,85337851;4,22406700
-304,77145851;4,22406700
-304,68953851;4,22406700
-304,60761851;4,22406700
-304,52569851;4,17920400
-304,44377851;4,22406700
-304,36185851;4,17920400
-304,27993851;4,17920400
-304,19801852;4,17920400
-304,11609852;4,17920400
-304,03417852;4,13419000
-303,95225852;4,13419000
-303,87033852;4,13419000
-303,78841852;4,13419000
-303,70649852;4,13419000
-303,62457852;4,13419000
-303,54265852;4,13419000
-303,46073852;4,08932800
-303,37881852;4,08932800
-303,29689852;4,08932800
-303,21497852;4,08932800
-303,13305852;4,08932800
-303,05113852;4,08932800
-302,96921852;4,04431300
-302,88729852;4,04431300
-302,80537852;4,04431300
-302,72345852;4,04431300
-302,64153852;4,04431300
-302,55961853;4,04431300
-302,47769853;3,99929800
-302,39577853;3,99929800
-302,31385853;3,95443600
-302,23193853;3,95443600
-302,15001853;3,95443600
-302,06809853;3,95443600
-301,98617853;3,95443600
-301,90425853;3,95443600
-301,82233853;3,95443600
-301,74041853;3,95443600
-301,65849853;3,95443600
-301,57657853;3,90942100
-301,49465853;3,90942100
-301,41273853;3,90942100
-301,33081853;3,90942100
-301,24889853;3,90942100
-301,16697853;3,90942100
-301,08505853;3,86455900
-301,00313853;3,86455900
-300,92121854;3,86455900
-300,83929854;3,86455900
-300,75737854;3,86455900
-300,67545854;3,90942100
-300,59353854;3,90942100
-300,51161854;3,95443600
-300,42969854;3,99929800
-300,34777854;4,04431300
-300,26585854;4,08932800
-300,18393854;4,13419000
-300,10201854;4,22406700
-300,02009854;4,26908200
-299,93817854;4,26908200
-299,85625854;4,31409600
-299,77433854;4,35895900
-299,69241854;4,40397400
-299,61049854;4,40397400
-299,52857854;4,44883600
-299,44665854;4,49385100
-299,36473854;4,49385100
-299,28281855;4,49385100
-299,20089855;4,49385100
-299,11897855;4,53871300
-299,03705855;4,53871300
-298,95513855;4,58372700
-298,87321855;4,58372700
-298,79129855;4,58372700
-298,70937855;4,58372700
-298,62745855;4,58372700
-298,54553855;4,58372700
-298,46361855;4,58372700
-298,38169855;4,58372700
-298,29977855;4,58372700
-298,21785855;4,58372700
-298,13593855;4,58372700
-298,05401855;4,58372700
-297,97209855;4,58372700
-297,89017855;4,53871300
-297,80825855;4,53871300
-297,72633855;4,53871300
-297,64441856;4,49385100
-297,56249856;4,49385100
-297,48057856;4,49385100
-297,39865856;4,49385100
-297,31673856;4,49385100
-297,23481856;4,49385100
-297,15289856;4,49385100
-297,07097856;4,44883600
-296,98905856;4,44883600
-296,90713856;4,44883600
-296,82521856;4,44883600
-296,74329856;4,40397400
-296,66137856;4,40397400
-296,57945856;4,40397400
-296,49753856;4,40397400
-296,41561856;4,40397400
-296,33369856;4,40397400
-296,25177856;4,40397400
-296,16985856;4,31409600
-296,08793856;4,31409600
-296,00601857;4,35895900
-295,92409857;4,31409600
-295,84217857;4,31409600
-295,76025857;4,31409600
-295,67833857;4,31409600
-295,59641857;4,31409600
-295,51449857;4,31409600
-295,43257857;4,31409600
-295,35065857;4,26908200
-295,26873857;4,26908200
-295,18681857;4,26908200
-295,10489857;4,26908200
-295,02297857;4,26908200
-294,94105857;4,22406700
-294,85913857;4,22406700
-294,77721857;4,22406700
-294,69529857;4,22406700
-294,61337857;4,22406700
-294,53145857;4,17920400
-294,44953857;4,22406700
-294,36761858;4,17920400
-294,28569858;4,17920400
-294,20377858;4,17920400
-294,12185858;4,17920400
-294,03993858;4,13419000
-293,95801858;4,13419000
-293,87609858;4,13419000
-293,79417858;4,13419000
-293,71225858;4,13419000
-293,63033858;4,13419000
-293,54841858;4,13419000
-293,46649858;4,08932800
-293,38457858;4,08932800
-293,30265858;4,04431300
-293,22073858;4,04431300
-293,13881858;4,04431300
-293,05689858;4,04431300
-292,97497858;4,04431300
-292,89305858;4,04431300
-292,81113858;4,04431300
-292,72921859;4,04431300
-292,64729859;4,04431300
-292,56537859;4,04431300
-292,48345859;3,99929800
-292,40153859;3,95443600
-292,31961859;3,95443600
-292,23769859;3,95443600
-292,15577859;3,95443600
-292,07385859;3,95443600
-291,99193859;3,95443600
-291,91001859;3,95443600
-291,82809859;3,95443600
-291,74617859;3,95443600
-291,66425859;3,90942100
-291,58233859;3,95443600
-291,50041859;3,90942100
-291,41849859;3,90942100
-291,33657859;3,90942100
-291,25465859;3,86455900
-291,17273859;3,86455900
-291,09081859;3,86455900
-291,00889860;3,86455900
-290,92697860;3,86455900
-290,84505860;3,86455900
-290,76313860;3,86455900
-290,68121860;3,86455900
-290,59929860;3,95443600
-290,51737860;3,99929800
-290,43545860;4,04431300
-290,35353860;4,08932800
-290,27161860;4,13419000
-290,18969860;4,17920400
-290,10777860;4,22406700
-290,02585860;4,31409600
-289,94393860;4,31409600
-289,86201860;4,35895900
-289,78009860;4,40397400
-289,69817860;4,40397400
-289,61625860;4,49385100
-289,53433860;4,49385100
-289,45241860;4,49385100
-289,37049861;4,49385100
-289,28857861;4,49385100
-289,20665861;4,53871300
-289,12473861;4,58372700
-289,04281861;4,58372700
-288,96089861;4,58372700
-288,87897861;4,58372700
-288,79705861;4,58372700
-288,71513861;4,58372700
-288,63321861;4,62874200
-288,55129861;4,62874200
-288,46937861;4,58372700
-288,38745861;4,58372700
-288,30553861;4,58372700
-288,22361861;4,58372700
-288,14169861;4,58372700
-288,05977861;4,58372700
-287,97785861;4,58372700
-287,89593861;4,53871300
-287,81401861;4,49385100
-287,73209862;4,49385100
-287,65017862;4,49385100
-287,56825862;4,49385100
-287,48633862;4,49385100
-287,40441862;4,49385100
-287,32249862;4,49385100
-287,24057862;4,49385100
-287,15865862;4,49385100
-287,07673862;4,49385100
-286,99481862;4,49385100
-286,91289862;4,44883600
-286,83097862;4,44883600
-286,74905862;4,40397400
-286,66713862;4,44883600
-286,58521862;4,40397400
-286,50329862;4,40397400
-286,42137862;4,40397400
-286,33945862;4,40397400
-286,25753862;4,40397400
-286,17561862;4,35895900
-286,09369863;4,40397400
-286,01177863;4,35895900
-285,92985863;4,35895900
-285,84793863;4,31409600
-285,76601863;4,31409600
-285,68409863;4,31409600
-285,60217863;4,31409600
-285,52025863;4,31409600
-285,43833863;4,31409600
-285,35641863;4,31409600
-285,27449863;4,26908200
-285,19257863;4,26908200
-285,11065863;4,26908200
-285,02873863;4,26908200
-284,94681863;4,22406700
-284,86489863;4,22406700
-284,78297863;4,22406700
-284,70105863;4,22406700
-284,61913863;4,22406700
-284,53721863;4,22406700
-284,45529864;4,22406700
-284,37337864;4,22406700
-284,29145864;4,17920400
-284,20953864;4,17920400
-284,12761864;4,17920400
-284,04569864;4,13419000
-283,96377864;4,13419000
-283,88185864;4,13419000
-283,79993864;4,13419000
-283,71801864;4,13419000
-283,63609864;4,13419000
-283,55417864;4,13419000
-283,47225864;4,13419000
-283,39033864;4,08932800
-283,30841864;4,08932800
-283,22649864;4,08932800
-283,14457864;4,08932800
-283,06265864;4,08932800
-282,98073864;4,04431300
-282,89881864;4,04431300
-282,81689865;4,04431300
-282,73497865;4,04431300
-282,65305865;4,04431300
-282,57113865;4,04431300
-282,48921865;3,99929800
-282,40729865;3,99929800
-282,32537865;3,99929800
-282,24345865;3,95443600
-282,16153865;3,95443600
-282,07961865;3,95443600
-281,99769865;3,95443600
-281,91577865;3,95443600
-281,83385865;3,95443600
-281,75193865;3,95443600
-281,67001865;3,95443600
-281,58809865;3,90942100
-281,50617865;3,90942100
-281,42425865;3,95443600
-281,34233865;3,90942100
-281,26041865;3,86455900
-281,17849866;3,90942100
-281,09657866;3,86455900
-281,01465866;3,86455900
-280,93273866;3,86455900
-280,85081866;3,86455900
-280,76889866;3,86455900
-280,68697866;3,86455900
-280,60505866;3,90942100
-280,52313866;3,95443600
-280,44121866;3,95443600
-280,35929866;3,99929800
-280,27737866;4,04431300
-280,19545866;4,13419000
-280,11353866;4,13419000
-280,03161866;4,22406700
-279,94969866;4,22406700
-279,86777866;4,26908200
-279,78585866;4,31409600
-279,70393866;4,35895900
-279,62201866;4,40397400
-279,54009867;4,40397400
-279,45817867;4,44883600
-279,37625867;4,44883600
-279,29433867;4,49385100
-279,21241867;4,49385100
-279,13049867;4,49385100
-279,04857867;4,49385100
-278,96665867;4,49385100
-278,88473867;4,53871300
-278,80281867;4,58372700
-278,72089867;4,53871300
-278,63897867;4,58372700
-278,55705867;4,53871300
-278,47513867;4,58372700
-278,39321867;4,53871300
-278,31129867;4,53871300
-278,22937867;4,53871300
-278,14745867;4,53871300
-278,06553867;4,53871300
-277,98361867;4,49385100
-277,90169868;4,53871300
-277,81977868;4,49385100
-277,73785868;4,49385100
-277,65593868;4,49385100
-277,57401868;4,49385100
-277,49209868;4,49385100
-277,41017868;4,49385100
-277,32825868;4,44883600
-277,24633868;4,44883600
-277,16441868;4,44883600
-277,08249868;4,40397400
-277,00057868;4,40397400
-276,91865868;4,44883600
-276,83673868;4,40397400
-276,75481868;4,40397400
-276,67289868;4,40397400
-276,59097868;4,40397400
-276,50905868;4,40397400
-276,42713868;4,40397400
-276,34521868;4,35895900
-276,26329869;4,31409600
-276,18137869;4,35895900
-276,09945869;4,35895900
-276,01753869;4,31409600
-275,93561869;4,31409600
-275,85369869;4,31409600
-275,77177869;4,31409600
-275,68985869;4,31409600
-275,60793869;4,31409600
-275,52601869;4,26908200
-275,44409869;4,26908200
-275,36217869;4,26908200
-275,28025869;4,26908200
-275,19833869;4,22406700
-275,11641869;4,26908200
-275,03449869;4,22406700
-274,95257869;4,22406700
-274,87065869;4,22406700
-274,78873869;4,22406700
-274,70681869;4,22406700
-274,62489870;4,22406700
-274,54297870;4,17920400
-274,46105870;4,17920400
-274,37913870;4,13419000
-274,29721870;4,13419000
-274,21529870;4,13419000
-274,13337870;4,13419000
-274,05145870;4,13419000
-273,96953870;4,13419000
-273,88761870;4,13419000
-273,80569870;4,13419000
-273,72377870;4,13419000
-273,64185870;4,08932800
-273,55993870;4,08932800
-273,47801870;4,04431300
-273,39609870;4,04431300
-273,31417870;4,04431300
-273,23225870;4,04431300
-273,15033870;4,04431300
-273,06841870;4,04431300
-272,98649870;4,04431300
-272,90457871;4,04431300
-272,82265871;4,04431300
-272,74073871;3,99929800
-272,65881871;3,99929800
-272,57689871;3,95443600
-272,49497871;3,95443600
-272,41305871;3,95443600
-272,33113871;3,95443600
-272,24921871;3,95443600
-272,16729871;3,95443600
-272,08537871;3,95443600
-272,00345871;3,95443600
-271,92153871;3,95443600
-271,83961871;3,90942100
-271,75769871;3,90942100
-271,67577871;3,90942100
-271,59385871;3,90942100
-271,51193871;3,90942100
-271,43001871;3,86455900
-271,34809871;3,86455900
-271,26617872;3,86455900
-271,18425872;3,86455900
-271,10233872;3,86455900
-271,02041872;3,86455900
-270,93849872;3,81954400
-270,85657872;3,86455900
-270,77465872;3,86455900
-270,69273872;3,86455900
-270,61081872;3,90942100
-270,52889872;3,95443600
-270,44697872;3,95443600
-270,36505872;4,04431300
-270,28313872;4,13419000
-270,20121872;4,13419000
-270,11929872;4,17920400
-270,03737872;4,26908200
-269,95545872;4,31409600
-269,87353872;4,31409600
-269,79161872;4,40397400
-269,70969872;4,40397400
-269,62777873;4,40397400
-269,54585873;4,44883600
-269,46393873;4,49385100
-269,38201873;4,49385100
-269,30009873;4,49385100
-269,21817873;4,53871300
-269,13625873;4,53871300
-269,05433873;4,53871300
-268,97241873;4,53871300
-268,89049873;4,58372700
-268,80857873;4,58372700
-268,72665873;4,58372700
-268,64473873;4,58372700
-268,56281873;4,58372700
-268,48089873;4,58372700
-268,39897873;4,58372700
-268,31705873;4,58372700
-268,23513873;4,58372700
-268,15321873;4,53871300
-268,07129873;4,53871300
-267,98937874;4,53871300
-267,90745874;4,49385100
-267,82553874;4,49385100
-267,74361874;4,49385100
-267,66169874;4,49385100
-267,57977874;4,49385100
-267,49785874;4,49385100
-267,41593874;4,49385100
-267,33401874;4,49385100
-267,25209874;4,49385100
-267,17017874;4,49385100
-267,08825874;4,49385100
-267,00633874;4,44883600
-266,92441874;4,40397400
-266,84249874;4,40397400
-266,76057874;4,40397400
-266,67865874;4,40397400
-266,59673874;4,40397400
-266,51481874;4,40397400
-266,43289874;4,40397400
-266,35097875;4,40397400
-266,26905875;4,35895900
-266,18713875;4,31409600
-266,10521875;4,31409600
-266,02329875;4,31409600
-265,94137875;4,31409600
-265,85945875;4,31409600
-265,77753875;4,31409600
-265,69561875;4,31409600
-265,61369875;4,31409600
-265,53177875;4,31409600
-265,44985875;4,26908200
-265,36793875;4,26908200
-265,28601875;4,26908200
-265,20409875;4,26908200
-265,12217875;4,22406700
-265,04025875;4,22406700
-264,95833875;4,22406700
-264,87641875;4,22406700
-264,79449875;4,22406700
-264,71257876;4,22406700
-264,63065876;4,22406700
-264,54873876;4,17920400
-264,46681876;4,17920400
-264,38489876;4,17920400
-264,30297876;4,17920400
-264,22105876;4,13419000
-264,13913876;4,13419000
-264,05721876;4,13419000
-263,97529876;4,13419000
-263,89337876;4,13419000
-263,81145876;4,13419000
-263,72953876;4,13419000
-263,64761876;4,13419000
-263,56569876;4,08932800
-263,48377876;4,08932800
-263,40185876;4,04431300
-263,31993876;4,04431300
-263,23801876;4,04431300
-263,15609876;4,08932800
-263,07417877;4,04431300
-262,99225877;4,04431300
-262,91033877;4,04431300
-262,82841877;4,04431300
-262,74649877;4,04431300
-262,66457877;3,99929800
-262,58265877;3,95443600
-262,50073877;3,95443600
-262,41881877;3,95443600
-262,33689877;3,95443600
-262,25497877;3,95443600
-262,17305877;3,95443600
-262,09113877;3,95443600
-262,00921877;3,95443600
-261,92729877;3,95443600
-261,84537877;3,95443600
-261,76345877;3,95443600
-261,68153877;3,90942100
-261,59961877;3,90942100
-261,51769877;3,90942100
-261,43577878;3,90942100
-261,35385878;3,90942100
-261,27193878;3,86455900
-261,19001878;3,86455900
-261,10809878;3,86455900
-261,02617878;3,86455900
-260,94425878;3,86455900
-260,86233878;3,86455900
-260,78041878;3,86455900
-260,69849878;3,86455900
-260,61657878;3,90942100
-260,53465878;3,95443600
-260,45273878;3,95443600
-260,37081878;4,04431300
-260,28889878;4,08932800
-260,20697878;4,13419000
-260,12505878;4,17920400
-260,04313878;4,22406700
-259,96121878;4,26908200
-259,87929878;4,31409600
-259,79737879;4,31409600
-259,71545879;4,40397400
-259,63353879;4,40397400
-259,55161879;4,44883600
-259,46969879;4,44883600
-259,38777879;4,49385100
-259,30585879;4,49385100
-259,22393879;4,49385100
-259,14201879;4,49385100
-259,06009879;4,53871300
-258,97817879;4,58372700
-258,89625879;4,58372700
-258,81433879;4,58372700
-258,73241879;4,58372700
-258,65049879;4,58372700
-258,56857879;4,58372700
-258,48665879;4,58372700
-258,40473879;4,58372700
-258,32281879;4,58372700
-258,24089879;4,58372700
-258,15897880;4,58372700
-258,07705880;4,58372700
-257,99513880;4,53871300
-257,91321880;4,53871300
-257,83129880;4,53871300
-257,74937880;4,49385100
-257,66745880;4,53871300
-257,58553880;4,49385100
-257,50361880;4,49385100
-257,42169880;4,49385100
-257,33977880;4,49385100
-257,25785880;4,49385100
-257,17593880;4,49385100
-257,09401880;4,49385100
-257,01209880;4,44883600
-256,93017880;4,44883600
-256,84825880;4,44883600
-256,76633880;4,44883600
-256,68441880;4,40397400
-256,60249880;4,40397400
-256,52057881;4,40397400
-256,43865881;4,40397400
-256,35673881;4,40397400
-256,27481881;4,40397400
-256,19289881;4,31409600
-256,11097881;4,35895900
-256,02905881;4,31409600
-255,94713881;4,31409600
-255,86521881;4,31409600
-255,78329881;4,31409600
-255,70137881;4,31409600
-255,61945881;4,31409600
-255,53753881;4,31409600
-255,45561881;4,31409600
-255,37369881;4,31409600
-255,29177881;4,26908200
-255,20985881;4,26908200
-255,12793881;4,26908200
-255,04601881;4,26908200
-254,96409881;4,22406700
-254,88217882;4,22406700
-254,80025882;4,22406700
-254,71833882;4,22406700
-254,63641882;4,22406700
-254,55449882;4,22406700
-254,47257882;4,17920400
-254,39065882;4,17920400
-254,30873882;4,17920400
-254,22681882;4,13419000
-254,14489882;4,13419000
-254,06297882;4,13419000
-253,98105882;4,13419000
-253,89913882;4,13419000
-253,81721882;4,13419000
-253,73529882;4,13419000
-253,65337882;4,08932800
-253,57145882;4,13419000
-253,48953882;4,08932800
-253,40761882;4,13419000
-253,32569882;4,13419000
-253,24377882;4,08932800
-253,16185883;4,04431300
-253,07993883;4,04431300
-252,99801883;4,04431300
-252,91609883;4,04431300
-252,83417883;4,04431300
-252,75225883;4,04431300
-252,67033883;4,04431300
-252,58841883;4,04431300
-252,50649883;4,04431300
-252,42457883;3,99929800
-252,34265883;3,95443600
-252,26073883;3,95443600
-252,17881883;3,95443600
-252,09689883;3,95443600
-252,01497883;3,95443600
-251,93305883;3,95443600
-251,85113883;3,95443600
-251,76921883;3,95443600
-251,68729883;3,95443600
-251,60537883;3,95443600
-251,52345884;3,90942100
-251,44153884;3,90942100
-251,35961884;3,90942100
-251,27769884;3,90942100
-251,19577884;3,86455900
-251,11385884;3,86455900
-251,03193884;3,86455900
-250,95001884;3,86455900
-250,86809884;3,86455900
-250,78617884;3,86455900
-250,70425884;3,86455900
-250,62233884;3,90942100
-250,54041884;3,95443600
-250,45849884;3,95443600
-250,37657884;4,04431300
-250,29465884;4,13419000
-250,21273884;4,13419000
-250,13081884;4,22406700
-250,04889884;4,22406700
-249,96697884;4,31409600
-249,88505885;4,31409600
-249,80313885;4,35895900
-249,72121885;4,40397400
-249,63929885;4,44883600
-249,55737885;4,49385100
-249,47545885;4,49385100
-249,39353885;4,49385100
-249,31161885;4,49385100
-249,22969885;4,53871300
-249,14777885;4,53871300
-249,06585885;4,58372700
-248,98393885;4,58372700
-248,90201885;4,62874200
-248,82009885;4,58372700
-248,73817885;4,58372700
-248,65625885;4,58372700
-248,57433885;4,62874200
-248,49241885;4,58372700
-248,41049885;4,58372700
-248,32857885;4,58372700
-248,24665886;4,58372700
-248,16473886;4,58372700
-248,08281886;4,58372700
-248,00089886;4,58372700
-247,91897886;4,58372700
-247,83705886;4,53871300
-247,75513886;4,53871300
-247,67321886;4,53871300
-247,59129886;4,49385100
-247,50937886;4,49385100
-247,42745886;4,49385100
-247,34553886;4,49385100
-247,26361886;4,49385100
-247,18169886;4,49385100
-247,09977886;4,49385100
-247,01785886;4,49385100
-246,93593886;4,44883600
-246,85401886;4,44883600
-246,77209886;4,44883600
-246,69017886;4,40397400
-246,60825887;4,40397400
-246,52633887;4,40397400
-246,44441887;4,40397400
-246,36249887;4,40397400
-246,28057887;4,40397400
-246,19865887;4,40397400
-246,11673887;4,35895900
-246,03481887;4,35895900
-245,95289887;4,35895900
-245,87097887;4,31409600
-245,78905887;4,31409600
-245,70713887;4,31409600
-245,62521887;4,31409600
-245,54329887;4,31409600
-245,46137887;4,31409600
-245,37945887;4,31409600
-245,29753887;4,26908200
-245,21561887;4,26908200
-245,13369887;4,26908200
-245,05177887;4,26908200
-244,96985888;4,22406700
-244,88793888;4,22406700
-244,80601888;4,22406700
-244,72409888;4,22406700
-244,64217888;4,22406700
-244,56025888;4,22406700
-244,47833888;4,22406700
-244,39641888;4,22406700
-244,31449888;4,17920400
-244,23257888;4,13419000
-244,15065888;4,13419000
-244,06873888;4,13419000
-243,98681888;4,13419000
-243,90489888;4,13419000
-243,82297888;4,13419000
-243,74105888;4,13419000
-243,65913888;4,13419000
-243,57721888;4,13419000
-243,49529888;4,13419000
-243,41337888;4,13419000
-243,33145889;4,08932800
-243,24953889;4,08932800
-243,16761889;4,04431300
-243,08569889;4,08932800
-243,00377889;4,04431300
-242,92185889;4,04431300
-242,83993889;4,04431300
-242,75801889;4,04431300
-242,67609889;4,04431300
-242,59417889;4,04431300
-242,51225889;4,04431300
-242,43033889;3,95443600
-242,34841889;3,99929800
-242,26649889;3,99929800
-242,18457889;3,95443600
-242,10265889;3,95443600
-242,02073889;3,95443600
-241,93881889;3,95443600
-241,85689889;3,95443600
-241,77497889;3,95443600
-241,69305890;3,95443600
-241,61113890;3,95443600
-241,52921890;3,90942100
-241,44729890;3,90942100
-241,36537890;3,90942100
-241,28345890;3,90942100
-241,20153890;3,90942100
-241,11961890;3,86455900
-241,03769890;3,86455900
-240,95577890;3,86455900
-240,87385890;3,86455900
-240,79193890;3,86455900
-240,71001890;3,86455900
-240,62809890;3,90942100
-240,54617890;3,95443600
-240,46425890;3,95443600
-240,38233890;4,04431300
-240,30041890;4,08932800
-240,21849890;4,13419000
-240,13657890;4,17920400
-240,05465891;4,22406700
-239,97273891;4,26908200
-239,89081891;4,31409600
-239,80889891;4,31409600
-239,72697891;4,40397400
-239,64505891;4,40397400
-239,56313891;4,40397400
-239,48121891;4,44883600
-239,39929891;4,49385100
-239,31737891;4,49385100
-239,23545891;4,53871300
-239,15353891;4,49385100
-239,07161891;4,53871300
-238,98969891;4,53871300
-238,90777891;4,58372700
-238,82585891;4,58372700
-238,74393891;4,58372700
-238,66201891;4,58372700
-238,58009891;4,58372700
-238,49817891;4,58372700
-238,41625892;4,58372700
-238,33433892;4,58372700
-238,25241892;4,58372700
-238,17049892;4,58372700
-238,08857892;4,58372700
-238,00665892;4,58372700
-237,92473892;4,53871300
-237,84281892;4,53871300
-237,76089892;4,53871300
-237,67897892;4,53871300
-237,59705892;4,49385100
-237,51513892;4,49385100
-237,43321892;4,49385100
-237,35129892;4,49385100
-237,26937892;4,49385100
-237,18745892;4,49385100
-237,10553892;4,49385100
-237,02361892;4,49385100
-236,94169892;4,44883600
-236,85977892;4,44883600
-236,77785893;4,40397400
-236,69593893;4,40397400
-236,61401893;4,40397400
-236,53209893;4,40397400
-236,45017893;4,40397400
-236,36825893;4,40397400
-236,28633893;4,40397400
-236,20441893;4,40397400
-236,12249893;4,35895900
-236,04057893;4,40397400
-235,95865893;4,31409600
-235,87673893;4,31409600
-235,79481893;4,31409600
-235,71289893;4,31409600
-235,63097893;4,31409600
-235,54905893;4,31409600
-235,46713893;4,31409600
-235,38521893;4,31409600
-235,30329893;4,31409600
-235,22137893;4,26908200
-235,13945894;4,26908200
-235,05753894;4,26908200
-234,97561894;4,22406700
-234,89369894;4,22406700
-234,81177894;4,22406700
-234,72985894;4,22406700
-234,64793894;4,22406700
-234,56601894;4,22406700
-234,48409894;4,22406700
-234,40217894;4,22406700
-234,32025894;4,17920400
-234,23833894;4,17920400
-234,15641894;4,13419000
-234,07449894;4,13419000
-233,99257894;4,17920400
-233,91065894;4,13419000
-233,82873894;4,13419000
-233,74681894;4,13419000
-233,66489894;4,13419000
-233,58297894;4,13419000
-233,50105894;4,13419000
-233,41913895;4,08932800
-233,33721895;4,08932800
-233,25529895;4,08932800
-233,17337895;4,04431300
-233,09145895;4,04431300
-233,00953895;4,08932800
-232,92761895;4,04431300
-232,84569895;4,04431300
-232,76377895;4,04431300
-232,68185895;4,04431300
-232,59993895;4,04431300
-232,51801895;4,04431300
-232,43609895;4,04431300
-232,35417895;3,99929800
-232,27225895;3,95443600
-232,19033895;3,95443600
-232,10841895;3,95443600
-232,02649895;3,95443600
-231,94457895;3,95443600
-231,86265895;3,95443600
-231,78073896;3,95443600
-231,69881896;3,95443600
-231,61689896;3,90942100
-231,53497896;3,90942100
-231,45305896;3,90942100
-231,37113896;3,90942100
-231,28921896;3,86455900
-231,20729896;3,90942100
-231,12537896;3,86455900
-231,04345896;3,86455900
-230,96153896;3,86455900
-230,87961896;3,86455900
-230,79769896;3,86455900
-230,71577896;3,86455900
-230,63385896;3,90942100
-230,55193896;3,95443600
-230,47001896;3,95443600
-230,38809896;4,04431300
-230,30617896;4,13419000
-230,22425896;4,13419000
-230,14233897;4,22406700
-230,06041897;4,26908200
-229,97849897;4,31409600
-229,89657897;4,31409600
-229,81465897;4,40397400
-229,73273897;4,40397400
-229,65081897;4,44883600
-229,56889897;4,49385100
-229,48697897;4,49385100
-229,40505897;4,49385100
-229,32313897;4,53871300
-229,24121897;4,53871300
-229,15929897;4,58372700
-229,07737897;4,58372700
-228,99545897;4,58372700
-228,91353897;4,58372700
-228,83161897;4,62874200
-228,74969897;4,58372700
-228,66777897;4,58372700
-228,58585897;4,62874200
-228,50393898;4,58372700
-228,42201898;4,58372700
-228,34009898;4,58372700
-228,25817898;4,58372700
-228,17625898;4,58372700
-228,09433898;4,58372700
-228,01241898;4,58372700
-227,93049898;4,58372700
-227,84857898;4,53871300
-227,76665898;4,53871300
-227,68473898;4,53871300
-227,60281898;4,49385100
-227,52089898;4,49385100
-227,43897898;4,49385100
-227,35705898;4,49385100
-227,27513898;4,49385100
-227,19321898;4,49385100
-227,11129898;4,49385100
-227,02937898;4,49385100
-226,94745898;4,44883600
-226,86553899;4,44883600
-226,78361899;4,44883600
-226,70169899;4,40397400
-226,61977899;4,40397400
-226,53785899;4,40397400
-226,45593899;4,40397400
-226,37401899;4,40397400
-226,29209899;4,40397400
-226,21017899;4,40397400
-226,12825899;4,40397400
-226,04633899;4,35895900
-225,96441899;4,31409600
-225,88249899;4,31409600
-225,80057899;4,31409600
-225,71865899;4,31409600
-225,63673899;4,31409600
-225,55481899;4,31409600
-225,47289899;4,31409600
-225,39097899;4,31409600
-225,30905899;4,26908200
-225,22713900;4,26908200
-225,14521900;4,26908200
-225,06329900;4,22406700
-224,98137900;4,22406700
-224,89945900;4,22406700
-224,81753900;4,22406700
-224,73561900;4,22406700
-224,65369900;4,22406700
-224,57177900;4,22406700
-224,48985900;4,17920400
-224,40793900;4,17920400
-224,32601900;4,17920400
-224,24409900;4,17920400
-224,16217900;4,13419000
-224,08025900;4,17920400
-223,99833900;4,13419000
-223,91641900;4,13419000
-223,83449900;4,13419000
-223,75257900;4,13419000
-223,67065900;4,13419000
-223,58873901;4,13419000
-223,50681901;4,13419000
-223,42489901;4,08932800
-223,34297901;4,08932800
-223,26105901;4,04431300
-223,17913901;4,04431300
-223,09721901;4,04431300
-223,01529901;4,04431300
-222,93337901;4,04431300
-222,85145901;4,04431300
-222,76953901;4,04431300
-222,68761901;4,04431300
-222,60569901;4,04431300
-222,52377901;3,99929800
-222,44185901;3,99929800
-222,35993901;3,99929800
-222,27801901;3,99929800
-222,19609901;3,95443600
-222,11417901;3,95443600
-222,03225901;3,95443600
-221,95033902;3,95443600
-221,86841902;3,95443600
-221,78649902;3,95443600
-221,70457902;3,95443600
-221,62265902;3,95443600
-221,54073902;3,95443600
-221,45881902;3,95443600
-221,37689902;3,90942100
-221,29497902;3,90942100
-221,21305902;3,90942100
-221,13113902;3,90942100
-221,04921902;3,86455900
-220,96729902;3,86455900
-220,88537902;3,86455900
-220,80345902;3,86455900
-220,72153902;3,86455900
-220,63961902;3,90942100
-220,55769902;3,90942100
-220,47577902;3,95443600
-220,39385902;4,04431300
-220,31193903;4,08932800
-220,23001903;4,13419000
-220,14809903;4,13419000
-220,06617903;4,22406700
-219,98425903;4,26908200
-219,90233903;4,31409600
-219,82041903;4,31409600
-219,73849903;4,40397400
-219,65657903;4,40397400
-219,57465903;4,40397400
-219,49273903;4,44883600
-219,41081903;4,49385100
-219,32889903;4,49385100
-219,24697903;4,49385100
-219,16505903;4,49385100
-219,08313903;4,49385100
-219,00121903;4,58372700
-218,91929903;4,58372700
-218,83737903;4,58372700
-218,75545903;4,58372700
-218,67353904;4,62874200
-218,59161904;4,58372700
-218,50969904;4,62874200
-218,42777904;4,58372700
-218,34585904;4,58372700
-218,26393904;4,58372700
-218,18201904;4,58372700
-218,10009904;4,58372700
-218,01817904;4,58372700
-217,93625904;4,53871300
-217,85433904;4,53871300
-217,77241904;4,53871300
-217,69049904;4,53871300
-217,60857904;4,53871300
-217,52665904;4,49385100
-217,44473904;4,49385100
-217,36281904;4,49385100
-217,28089904;4,49385100
-217,19897904;4,49385100
-217,11705904;4,49385100
-217,03513905;4,49385100
-216,95321905;4,44883600
-216,87129905;4,40397400
-216,78937905;4,40397400
-216,70745905;4,40397400
-216,62553905;4,40397400
-216,54361905;4,40397400
-216,46169905;4,40397400
-216,37977905;4,40397400
-216,29785905;4,40397400
-216,21593905;4,40397400
-216,13401905;4,40397400
-216,05209905;4,35895900
-215,97017905;4,31409600
-215,88825905;4,31409600
-215,80633905;4,31409600
-215,72441905;4,31409600
-215,64249905;4,31409600
-215,56057905;4,31409600
-215,47865905;4,31409600
-215,39673905;4,31409600
-215,31481906;4,26908200
-215,23289906;4,26908200
-215,15097906;4,26908200
-215,06905906;4,22406700
-214,98713906;4,26908200
-214,90521906;4,26908200
-214,82329906;4,22406700
-214,74137906;4,22406700
-214,65945906;4,22406700
-214,57753906;4,22406700
-214,49561906;4,22406700
-214,41369906;4,17920400
-214,33177906;4,17920400
-214,24985906;4,17920400
-214,16793906;4,17920400
-214,08601906;4,13419000
-214,00409906;4,13419000
-213,92217906;4,13419000
-213,84025906;4,13419000
-213,75833906;4,13419000
-213,67641907;4,13419000
-213,59449907;4,13419000
-213,51257907;4,13419000
-213,43065907;4,13419000
-213,34873907;4,04431300
-213,26681907;4,08932800
-213,18489907;4,04431300
-213,10297907;4,04431300
-213,02105907;4,04431300
-212,93913907;4,04431300
-212,85721907;4,04431300
-212,77529907;4,04431300
-212,69337907;4,04431300
-212,61145907;3,99929800
-212,52953907;4,04431300
-212,44761907;3,99929800
-212,36569907;3,99929800
-212,28377907;3,95443600
-212,20185907;3,95443600
-212,11993907;3,95443600
-212,03801908;3,95443600
-211,95609908;3,95443600
-211,87417908;3,95443600
-211,79225908;3,95443600
-211,71033908;3,95443600
-211,62841908;3,95443600
-211,54649908;3,95443600
-211,46457908;3,90942100
-211,38265908;3,90942100
-211,30073908;3,86455900
-211,21881908;3,90942100
-211,13689908;3,90942100
-211,05497908;3,86455900
-210,97305908;3,86455900
-210,89113908;3,86455900
-210,80921908;3,86455900
-210,72729908;3,86455900
-210,64537908;3,90942100
-210,56345908;3,95443600
-210,48153908;3,95443600
-210,39961909;4,04431300
-210,31769909;4,08932800
-210,23577909;4,13419000
-210,15385909;4,22406700
-210,07193909;4,26908200
-209,99001909;4,31409600
-209,90809909;4,31409600
-209,82617909;4,35895900
-209,74425909;4,40397400
-209,66233909;4,44883600
-209,58041909;4,49385100
-209,49849909;4,49385100
-209,41657909;4,49385100
-209,33465909;4,49385100
-209,25273909;4,53871300
-209,17081909;4,53871300
-209,08889909;4,58372700
-209,00697909;4,58372700
-208,92505909;4,58372700
-208,84313909;4,58372700
-208,76121910;4,58372700
-208,67929910;4,58372700
-208,59737910;4,58372700
-208,51545910;4,58372700
-208,43353910;4,58372700
-208,35161910;4,58372700
-208,26969910;4,58372700
-208,18777910;4,58372700
-208,10585910;4,58372700
-208,02393910;4,58372700
-207,94201910;4,58372700
-207,86009910;4,58372700
-207,77817910;4,53871300
-207,69625910;4,53871300
-207,61433910;4,53871300
-207,53241910;4,53871300
-207,45049910;4,49385100
-207,36857910;4,49385100
-207,28665910;4,49385100
-207,20473910;4,49385100
-207,12281911;4,49385100
-207,04089911;4,44883600
-206,95897911;4,49385100
-206,87705911;4,44883600
-206,79513911;4,44883600
-206,71321911;4,44883600
-206,63129911;4,40397400
-206,54937911;4,40397400
-206,46745911;4,40397400
-206,38553911;4,40397400
-206,30361911;4,40397400
-206,22169911;4,40397400
-206,13977911;4,40397400
-206,05785911;4,35895900
-205,97593911;4,31409600
-205,89401911;4,31409600
-205,81209911;4,31409600
-205,73017911;4,31409600
-205,64825911;4,31409600
-205,56633911;4,31409600
-205,48441912;4,31409600
-205,40249912;4,31409600
-205,32057912;4,31409600
-205,23865912;4,31409600
-205,15673912;4,31409600
-205,07481912;4,26908200
-204,99289912;4,26908200
-204,91097912;4,26908200
-204,82905912;4,22406700
-204,74713912;4,22406700
-204,66521912;4,22406700
-204,58329912;4,22406700
-204,50137912;4,22406700
-204,41945912;4,22406700
-204,33753912;4,17920400
-204,25561912;4,17920400
-204,17369912;4,17920400
-204,09177912;4,13419000
-204,00985912;4,13419000
-203,92793912;4,13419000
-203,84601913;4,13419000
-203,76409913;4,13419000
-203,68217913;4,13419000
-203,60025913;4,13419000
-203,51833913;4,13419000
-203,43641913;4,13419000
-203,35449913;4,13419000
-203,27257913;4,08932800
-203,19065913;4,08932800
-203,10873913;4,08932800
-203,02681913;4,04431300
-202,94489913;4,04431300
-202,86297913;4,04431300
-202,78105913;4,04431300
-202,69913913;4,04431300
-202,61721913;4,04431300
-202,53529913;4,04431300
-202,45337913;4,04431300
-202,37145913;3,99929800
-202,28953913;3,99929800
-202,20761914;3,99929800
-202,12569914;3,95443600
-202,04377914;3,95443600
-201,96185914;3,95443600
-201,87993914;3,95443600
-201,79801914;3,95443600
-201,71609914;3,95443600
-201,63417914;3,95443600
-201,55225914;3,95443600
-201,47033914;3,90942100
-201,38841914;3,90942100
-201,30649914;3,86455900
-201,22457914;3,86455900
-201,14265914;3,86455900
-201,06073914;3,86455900
-200,97881914;3,86455900
-200,89689914;3,86455900
-200,81497914;3,86455900
-200,73305914;3,86455900
-200,65113914;3,90942100
-200,56921915;3,95443600
-200,48729915;3,95443600
-200,40537915;3,99929800
-200,32345915;4,04431300
-200,24153915;4,13419000
-200,15961915;4,13419000
-200,07769915;4,22406700
-199,99577915;4,22406700
-199,91385915;4,31409600
-199,83193915;4,31409600
-199,75001915;4,40397400
-199,66809915;4,40397400
-199,58617915;4,40397400
-199,50425915;4,44883600
-199,42233915;4,49385100
-199,34041915;4,49385100
-199,25849915;4,49385100
-199,17657915;4,49385100
-199,09465915;4,53871300
-199,01273915;4,53871300
-198,93081916;4,58372700
-198,84889916;4,58372700
-198,76697916;4,58372700
-198,68505916;4,58372700
-198,60313916;4,58372700
-198,52121916;4,58372700
-198,43929916;4,58372700
-198,35737916;4,58372700
-198,27545916;4,58372700
-198,19353916;4,58372700
-198,11161916;4,58372700
-198,02969916;4,58372700
-197,94777916;4,53871300
-197,86585916;4,53871300
-197,78393916;4,49385100
-197,70201916;4,49385100
-197,62009916;4,49385100
-197,53817916;4,49385100
-197,45625916;4,49385100
-197,37433916;4,49385100
-197,29241917;4,49385100
-197,21049917;4,49385100
-197,12857917;4,49385100
-197,04665917;4,44883600
-196,96473917;4,44883600
-196,88281917;4,44883600
-196,80089917;4,40397400
-196,71897917;4,40397400
-196,63705917;4,40397400
-196,55513917;4,40397400
-196,47321917;4,40397400
-196,39129917;4,40397400
-196,30937917;4,40397400
-196,22745917;4,40397400
-196,14553917;4,31409600
-196,06361917;4,31409600
-195,98169917;4,31409600
-195,89977917;4,31409600
-195,81785917;4,31409600
-195,73593917;4,31409600
-195,65401917;4,31409600
-195,57209918;4,31409600
-195,49017918;4,31409600
-195,40825918;4,31409600
-195,32633918;4,26908200
-195,24441918;4,26908200
-195,16249918;4,22406700
-195,08057918;4,22406700
-194,99865918;4,26908200
-194,91673918;4,22406700
-194,83481918;4,22406700
-194,75289918;4,22406700
-194,67097918;4,22406700
-194,58905918;4,22406700
-194,50713918;4,22406700
-194,42521918;4,17920400
-194,34329918;4,17920400
-194,26137918;4,17920400
-194,17945918;4,13419000
-194,09753918;4,13419000
-194,01561918;4,13419000
-193,93369919;4,13419000
-193,85177919;4,13419000
-193,76985919;4,13419000
-193,68793919;4,13419000
-193,60601919;4,08932800
-193,52409919;4,08932800
-193,44217919;4,08932800
-193,36025919;4,08932800
-193,27833919;4,08932800
-193,19641919;4,08932800
-193,11449919;4,04431300
-193,03257919;4,08932800
-192,95065919;4,04431300
-192,86873919;4,04431300
-192,78681919;4,04431300
-192,70489919;4,04431300
-192,62297919;3,99929800
-192,54105919;4,04431300
-192,45913919;3,99929800
-192,37721919;3,99929800
-192,29529920;3,95443600
-192,21337920;3,95443600
-192,13145920;3,95443600
-192,04953920;3,95443600
-191,96761920;3,95443600
-191,88569920;3,95443600
-191,80377920;3,95443600
-191,72185920;3,95443600
-191,63993920;3,90942100
-191,55801920;3,90942100
-191,47609920;3,90942100
-191,39417920;3,90942100
-191,31225920;3,90942100
-191,23033920;3,86455900
-191,14841920;3,90942100
-191,06649920;3,86455900
-190,98457920;3,86455900
-190,90265920;3,86455900
-190,82073920;3,86455900
-190,73881920;3,86455900
-190,65689921;3,90942100
-190,57497921;3,95443600
-190,49305921;3,95443600
-190,41113921;4,04431300
-190,32921921;4,13419000
-190,24729921;4,13419000
-190,16537921;4,22406700
-190,08345921;4,22406700
-190,00153921;4,26908200
-189,91961921;4,31409600
-189,83769921;4,35895900
-189,75577921;4,40397400
-189,67385921;4,44883600
-189,59193921;4,44883600
-189,51001921;4,49385100
-189,42809921;4,49385100
-189,34617921;4,49385100
-189,26425921;4,49385100
-189,18233921;4,53871300
-189,10041921;4,58372700
-189,01849922;4,58372700
-188,93657922;4,58372700
-188,85465922;4,58372700
-188,77273922;4,62874200
-188,69081922;4,58372700
-188,60889922;4,62874200
-188,52697922;4,62874200
-188,44505922;4,58372700
-188,36313922;4,58372700
-188,28121922;4,58372700
-188,19929922;4,58372700
-188,11737922;4,58372700
-188,03545922;4,58372700
-187,95353922;4,58372700
-187,87161922;4,53871300
-187,78969922;4,53871300
-187,70777922;4,53871300
-187,62585922;4,49385100
-187,54393922;4,53871300
-187,46201922;4,49385100
-187,38009923;4,49385100
-187,29817923;4,49385100
-187,21625923;4,49385100
-187,13433923;4,44883600
-187,05241923;4,49385100
-186,97049923;4,44883600
-186,88857923;4,44883600
-186,80665923;4,44883600
-186,72473923;4,40397400
-186,64281923;4,40397400
-186,56089923;4,40397400
-186,47897923;4,40397400
-186,39705923;4,40397400
-186,31513923;4,40397400
-186,23321923;4,40397400
-186,15129923;4,40397400
-186,06937923;4,35895900
-185,98745923;4,35895900
-185,90553923;4,31409600
-185,82361923;4,31409600
-185,74169924;4,31409600
-185,65977924;4,31409600
-185,57785924;4,31409600
-185,49593924;4,31409600
-185,41401924;4,31409600
-185,33209924;4,31409600
-185,25017924;4,31409600
-185,16825924;4,26908200
-185,08633924;4,26908200
-185,00441924;4,26908200
-184,92249924;4,22406700
-184,84057924;4,26908200
-184,75865924;4,22406700
-184,67673924;4,22406700
-184,59481924;4,22406700
-184,51289924;4,22406700
-184,43097924;4,22406700
-184,34905924;4,22406700
-184,26713924;4,17920400
-184,18521924;4,17920400
-184,10329925;4,17920400
-184,02137925;4,13419000
-183,93945925;4,13419000
-183,85753925;4,13419000
-183,77561925;4,13419000
-183,69369925;4,13419000
-183,61177925;4,13419000
-183,52985925;4,13419000
-183,44793925;4,08932800
-183,36601925;4,08932800
-183,28409925;4,08932800
-183,20217925;4,04431300
-183,12025925;4,04431300
-183,03833925;4,04431300
-182,95641925;4,04431300
-182,87449925;4,04431300
-182,79257925;4,04431300
-182,71065925;4,04431300
-182,62873925;4,04431300
-182,54681925;4,04431300
-182,46489926;3,95443600
-182,38297926;4,04431300
-182,30105926;3,95443600
-182,21913926;3,95443600
-182,13721926;3,95443600
-182,05529926;3,95443600
-181,97337926;3,95443600
-181,89145926;3,95443600
-181,80953926;3,95443600
-181,72761926;3,95443600
-181,64569926;3,95443600
-181,56377926;3,95443600
-181,48185926;3,90942100
-181,39993926;3,90942100
-181,31801926;3,90942100
-181,23609926;3,90942100
-181,15417926;3,90942100
-181,07225926;3,86455900
-180,99033926;3,86455900
-180,90841926;3,86455900
-180,82649927;3,86455900
-180,74457927;3,86455900
-180,66265927;3,90942100
-180,58073927;3,90942100
-180,49881927;3,95443600
-180,41689927;3,99929800
-180,33497927;4,08932800
-180,25305927;4,13419000
-180,17113927;4,17920400
-180,08921927;4,22406700
-180,00729927;4,26908200
-179,92537927;4,31409600
-179,84345927;4,31409600
-179,76153927;4,35895900
-179,67961927;4,40397400
-179,59769927;4,40397400
-179,51577927;4,44883600
-179,43385927;4,49385100
-179,35193927;4,49385100
-179,27001927;4,49385100
-179,18809928;4,49385100
-179,10617928;4,53871300
-179,02425928;4,58372700
-178,94233928;4,58372700
-178,86041928;4,58372700
-178,77849928;4,58372700
-178,69657928;4,58372700
-178,61465928;4,58372700
-178,53273928;4,58372700
-178,45081928;4,58372700
-178,36889928;4,58372700
-178,28697928;4,58372700
-178,20505928;4,58372700
-178,12313928;4,58372700
-178,04121928;4,58372700
-177,95929928;4,58372700
-177,87737928;4,58372700
-177,79545928;4,58372700
-177,71353928;4,53871300
-177,63161928;4,53871300
-177,54969929;4,49385100
-177,46777929;4,49385100
-177,38585929;4,49385100
-177,30393929;4,49385100
-177,22201929;4,49385100
-177,14009929;4,49385100
-177,05817929;4,49385100
-176,97625929;4,44883600
-176,89433929;4,44883600
-176,81241929;4,44883600
-176,73049929;4,40397400
-176,64857929;4,40397400
-176,56665929;4,40397400
-176,48473929;4,40397400
-176,40281929;4,40397400
-176,32089929;4,40397400
-176,23897929;4,40397400
-176,15705929;4,40397400
-176,07513929;4,35895900
-175,99321929;4,35895900
-175,91129929;4,31409600
-175,82937930;4,31409600
-175,74745930;4,31409600
-175,66553930;4,31409600
-175,58361930;4,31409600
-175,50169930;4,31409600
-175,41977930;4,31409600
-175,33785930;4,31409600
-175,25593930;4,26908200
-175,17401930;4,26908200
-175,09209930;4,22406700
-175,01017930;4,26908200
-174,92825930;4,26908200
-174,84633930;4,22406700
-174,76441930;4,22406700
-174,68249930;4,22406700
-174,60057930;4,22406700
-174,51865930;4,22406700
-174,43673930;4,17920400
-174,35481930;4,17920400
-174,27289930;4,17920400
-174,19097931;4,17920400
-174,10905931;4,13419000
-174,02713931;4,13419000
-173,94521931;4,13419000
-173,86329931;4,13419000
-173,78137931;4,13419000
-173,69945931;4,13419000
-173,61753931;4,13419000
-173,53561931;4,13419000
-173,45369931;4,13419000
-173,37177931;4,08932800
-173,28985931;4,08932800
-173,20793931;4,08932800
-173,12601931;4,04431300
-173,04409931;4,04431300
-172,96217931;4,04431300
-172,88025931;4,04431300
-172,79833931;4,04431300
-172,71641931;4,04431300
-172,63449931;4,04431300
-172,55257932;4,04431300
-172,47065932;4,04431300
-172,38873932;3,99929800
-172,30681932;3,95443600
-172,22489932;3,99929800
-172,14297932;3,95443600
-172,06105932;3,95443600
-171,97913932;3,95443600
-171,89721932;3,95443600
-171,81529932;3,95443600
-171,73337932;3,95443600
-171,65145932;3,95443600
-171,56953932;3,95443600
-171,48761932;3,90942100
-171,40569932;3,90942100
-171,32377932;3,90942100
-171,24185932;3,86455900
-171,15993932;3,90942100
-171,07801932;3,86455900
-170,99609932;3,86455900
-170,91417933;3,86455900
-170,83225933;3,86455900
-170,75033933;3,90942100
-170,66841933;3,90942100
-170,58649933;3,95443600
-170,50457933;3,99929800
-170,42265933;4,04431300
-170,34073933;4,08932800
-170,25881933;4,13419000
-170,17689933;4,22406700
-170,09497933;4,22406700
-170,01305933;4,31409600
-169,93113933;4,31409600
-169,84921933;4,40397400
-169,76729933;4,40397400
-169,68537933;4,40397400
-169,60345933;4,44883600
-169,52153933;4,49385100
-169,43961933;4,49385100
-169,35769933;4,49385100
-169,27577934;4,53871300
-169,19385934;4,58372700
-169,11193934;4,58372700
-169,03001934;4,58372700
-168,94809934;4,58372700
-168,86617934;4,58372700
-168,78425934;4,62874200
-168,70233934;4,58372700
-168,62041934;4,62874200
-168,53849934;4,58372700
-168,45657934;4,58372700
-168,37465934;4,58372700
-168,29273934;4,58372700
-168,21081934;4,58372700
-168,12889934;4,58372700
-168,04697934;4,58372700
-167,96505934;4,58372700
-167,88313934;4,53871300
-167,80121934;4,53871300
-167,71929934;4,53871300
-167,63737935;4,49385100
-167,55545935;4,49385100
-167,47353935;4,49385100
-167,39161935;4,49385100
-167,30969935;4,49385100
-167,22777935;4,49385100
-167,14585935;4,49385100
-167,06393935;4,44883600
-166,98201935;4,44883600
-166,90009935;4,44883600
-166,81817935;4,44883600
-166,73625935;4,44883600
-166,65433935;4,40397400
-166,57241935;4,40397400
-166,49049935;4,40397400
-166,40857935;4,40397400
-166,32665935;4,40397400
-166,24473935;4,40397400
-166,16281935;4,40397400
-166,08089935;4,40397400
-165,99897936;4,35895900
-165,91705936;4,40397400
-165,83513936;4,35895900
-165,75321936;4,31409600
-165,67129936;4,31409600
-165,58937936;4,31409600
-165,50745936;4,31409600
-165,42553936;4,31409600
-165,34361936;4,31409600
-165,26169936;4,26908200
-165,17977936;4,31409600
-165,09785936;4,26908200
-165,01593936;4,22406700
-164,93401936;4,26908200
-164,85209936;4,22406700
-164,77017936;4,22406700
-164,68825936;4,22406700
-164,60633936;4,22406700
-164,52441936;4,22406700
-164,44249936;4,22406700
-164,36057937;4,17920400
-164,27865937;4,22406700
-164,19673937;4,17920400
-164,11481937;4,17920400
-164,03289937;4,13419000
-163,95097937;4,13419000
-163,86905937;4,13419000
-163,78713937;4,13419000
-163,70521937;4,13419000
-163,62329937;4,13419000
-163,54137937;4,13419000
-163,45945937;4,08932800
-163,37753937;4,08932800
-163,29561937;4,08932800
-163,21369937;4,08932800
-163,13177937;4,08932800
-163,04985937;4,08932800
-162,96793937;4,08932800
-162,88601937;4,04431300
-162,80409937;4,04431300
-162,72217938;4,04431300
-162,64025938;4,04431300
-162,55833938;4,04431300
-162,47641938;3,99929800
-162,39449938;4,04431300
-162,31257938;3,99929800
-162,23065938;3,95443600
-162,14873938;3,99929800
-162,06681938;3,95443600
-161,98489938;3,95443600
-161,90297938;3,95443600
-161,82105938;3,95443600
-161,73913938;3,95443600
-161,65721938;3,95443600
-161,57529938;3,95443600
-161,49337938;3,90942100
-161,41145938;3,95443600
-161,32953938;3,90942100
-161,24761938;3,86455900
-161,16569938;3,86455900
-161,08377939;3,90942100
-161,00185939;3,86455900
-160,91993939;3,86455900
-160,83801939;3,86455900
-160,75609939;3,90942100
-160,67417939;3,90942100
-160,59225939;3,90942100
-160,51033939;3,95443600
-160,42841939;3,99929800
-160,34649939;4,04431300
-160,26457939;4,13419000
-160,18265939;4,13419000
-160,10073939;4,22406700
-160,01881939;4,22406700
-159,93689939;4,26908200
-159,85497939;4,31409600
-159,77305939;4,35895900
-159,69113939;4,40397400
-159,60921939;4,40397400
-159,52729939;4,40397400
-159,44537940;4,49385100
-159,36345940;4,49385100
-159,28153940;4,49385100
-159,19961940;4,49385100
-159,11769940;4,53871300
-159,03577940;4,58372700
-158,95385940;4,58372700
-158,87193940;4,58372700
-158,79001940;4,58372700
-158,70809940;4,58372700
-158,62617940;4,58372700
-158,54425940;4,58372700
-158,46233940;4,58372700
-158,38041940;4,58372700
-158,29849940;4,58372700
-158,21657940;4,58372700
-158,13465940;4,58372700
-158,05273940;4,58372700
-157,97081940;4,58372700
-157,88889940;4,53871300
-157,80697940;4,53871300
-157,72505941;4,53871300
-157,64313941;4,49385100
-157,56121941;4,49385100
-157,47929941;4,49385100
-157,39737941;4,49385100
-157,31545941;4,49385100
-157,23353941;4,49385100
-157,15161941;4,49385100
-157,06969941;4,49385100
-156,98777941;4,44883600
-156,90585941;4,44883600
-156,82393941;4,44883600
-156,74201941;4,40397400
-156,66009941;4,44883600
-156,57817941;4,40397400
-156,49625941;4,40397400
-156,41433941;4,40397400
-156,33241941;4,40397400
-156,25049941;4,40397400
-156,16857941;4,35895900
-156,08665942;4,35895900
-156,00473942;4,35895900
-155,92281942;4,31409600
-155,84089942;4,31409600
-155,75897942;4,31409600
-155,67705942;4,31409600
-155,59513942;4,31409600
-155,51321942;4,31409600
-155,43129942;4,31409600
-155,34937942;4,31409600
-155,26745942;4,26908200
-155,18553942;4,26908200
-155,10361942;4,22406700
-155,02169942;4,26908200
-154,93977942;4,26908200
-154,85785942;4,22406700
-154,77593942;4,22406700
-154,69401942;4,22406700
-154,61209942;4,22406700
-154,53017942;4,22406700
-154,44825943;4,17920400
-154,36633943;4,17920400
-154,28441943;4,17920400
-154,20249943;4,13419000
-154,12057943;4,17920400
-154,03865943;4,13419000
-153,95673943;4,13419000
-153,87481943;4,13419000
-153,79289943;4,13419000
-153,71097943;4,13419000
-153,62905943;4,13419000
-153,54713943;4,13419000
-153,46521943;4,13419000
-153,38329943;4,13419000
-153,30137943;4,08932800
-153,21945943;4,08932800
-153,13753943;4,04431300
-153,05561943;4,08932800
-152,97369943;4,04431300
-152,89177943;4,04431300
-152,80985944;4,04431300
-152,72793944;4,04431300
-152,64601944;4,04431300
-152,56409944;4,04431300
-152,48217944;4,04431300
-152,40025944;3,95443600
-152,31833944;3,95443600
-152,23641944;3,95443600
-152,15449944;3,95443600
-152,07257944;3,95443600
-151,99065944;3,95443600
-151,90873944;3,95443600
-151,82681944;3,95443600
-151,74489944;3,95443600
-151,66297944;3,95443600
-151,58105944;3,90942100
-151,49913944;3,90942100
-151,41721944;3,90942100
-151,33529944;3,90942100
-151,25337944;3,90942100
-151,17145945;3,86455900
-151,08953945;3,86455900
-151,00761945;3,86455900
-150,92569945;3,86455900
-150,84377945;3,86455900
-150,76185945;3,86455900
-150,67993945;3,90942100
-150,59801945;3,95443600
-150,51609945;3,95443600
-150,43417945;4,04431300
-150,35225945;4,08932800
-150,27033945;4,13419000
-150,18841945;4,22406700
-150,10649945;4,22406700
-150,02457945;4,31409600
-149,94265945;4,31409600
-149,86073945;4,40397400
-149,77881945;4,40397400
-149,69689945;4,40397400
-149,61497945;4,44883600
-149,53305946;4,49385100
-149,45113946;4,49385100
-149,36921946;4,53871300
-149,28729946;4,53871300
-149,20537946;4,58372700
-149,12345946;4,58372700
-149,04153946;4,58372700
-148,95961946;4,58372700
-148,87769946;4,58372700
-148,79577946;4,62874200
-148,71385946;4,62874200
-148,63193946;4,58372700
-148,55001946;4,62874200
-148,46809946;4,62874200
-148,38617946;4,62874200
-148,30425946;4,58372700
-148,22233946;4,58372700
-148,14041946;4,58372700
-148,05849946;4,58372700
-147,97657946;4,58372700
-147,89465947;4,53871300
-147,81273947;4,53871300
-147,73081947;4,53871300
-147,64889947;4,53871300
-147,56697947;4,49385100
-147,48505947;4,49385100
-147,40313947;4,49385100
-147,32121947;4,49385100
-147,23929947;4,49385100
-147,15737947;4,49385100
-147,07545947;4,49385100
-146,99353947;4,44883600
-146,91161947;4,44883600
-146,82969947;4,40397400
-146,74777947;4,44883600
-146,66585947;4,44883600
-146,58393947;4,40397400
-146,50201947;4,40397400
-146,42009947;4,40397400
-146,33817947;4,40397400
-146,25625948;4,40397400
-146,17433948;4,40397400
-146,09241948;4,35895900
-146,01049948;4,35895900
-145,92857948;4,35895900
-145,84665948;4,31409600
-145,76473948;4,31409600
-145,68281948;4,31409600
-145,60089948;4,31409600
-145,51897948;4,31409600
-145,43705948;4,31409600
-145,35513948;4,31409600
-145,27321948;4,31409600
-145,19129948;4,31409600
-145,10937948;4,26908200
-145,02745948;4,26908200
-144,94553948;4,26908200
-144,86361948;4,22406700
-144,78169948;4,22406700
-144,69977948;4,22406700
-144,61785949;4,22406700
-144,53593949;4,22406700
-144,45401949;4,22406700
-144,37209949;4,22406700
-144,29017949;4,17920400
-144,20825949;4,17920400
-144,12633949;4,17920400
-144,04441949;4,13419000
-143,96249949;4,13419000
-143,88057949;4,13419000
-143,79865949;4,13419000
-143,71673949;4,13419000
-143,63481949;4,13419000
-143,55289949;4,13419000
-143,47097949;4,13419000
-143,38905949;4,08932800
-143,30713949;4,08932800
-143,22521949;4,08932800
-143,14329949;4,08932800
-143,06137949;4,04431300
-142,97945950;4,04431300
-142,89753950;4,04431300
-142,81561950;4,04431300
-142,73369950;4,04431300
-142,65177950;4,04431300
-142,56985950;4,04431300
-142,48793950;4,04431300
-142,40601950;4,04431300
-142,32409950;3,99929800
-142,24217950;3,95443600
-142,16025950;3,95443600
-142,07833950;3,95443600
-141,99641950;3,95443600
-141,91449950;3,95443600
-141,83257950;3,95443600
-141,75065950;3,95443600
-141,66873950;3,95443600
-141,58681950;3,95443600
-141,50489950;3,90942100
-141,42297950;3,90942100
-141,34105951;3,90942100
-141,25913951;3,90942100
-141,17721951;3,90942100
-141,09529951;3,90942100
-141,01337951;3,86455900
-140,93145951;3,86455900
-140,84953951;3,86455900
-140,76761951;3,86455900
-140,68569951;3,90942100
-140,60377951;3,90942100
-140,52185951;3,95443600
-140,43993951;3,99929800
-140,35801951;4,04431300
-140,27609951;4,08932800
-140,19417951;4,13419000
-140,11225951;4,22406700
-140,03033951;4,22406700
-139,94841951;4,26908200
-139,86649951;4,31409600
-139,78457951;4,31409600
-139,70265952;4,40397400
-139,62073952;4,40397400
-139,53881952;4,44883600
-139,45689952;4,49385100
-139,37497952;4,49385100
-139,29305952;4,49385100
-139,21113952;4,53871300
-139,12921952;4,53871300
-139,04729952;4,58372700
-138,96537952;4,58372700
-138,88345952;4,58372700
-138,80153952;4,58372700
-138,71961952;4,58372700
-138,63769952;4,58372700
-138,55577952;4,58372700
-138,47385952;4,62874200
-138,39193952;4,58372700
-138,31001952;4,58372700
-138,22809952;4,58372700
-138,14617952;4,58372700
-138,06425952;4,58372700
-137,98233953;4,58372700
-137,90041953;4,58372700
-137,81849953;4,53871300
-137,73657953;4,53871300
-137,65465953;4,53871300
-137,57273953;4,49385100
-137,49081953;4,49385100
-137,40889953;4,49385100
-137,32697953;4,49385100
-137,24505953;4,49385100
-137,16313953;4,49385100
-137,08121953;4,49385100
-136,99929953;4,44883600
-136,91737953;4,44883600
-136,83545953;4,49385100
-136,75353953;4,44883600
-136,67161953;4,40397400
-136,58969953;4,40397400
-136,50777953;4,40397400
-136,42585953;4,40397400
-136,34393954;4,40397400
-136,26201954;4,40397400
-136,18009954;4,40397400
-136,09817954;4,35895900
-136,01625954;4,40397400
-135,93433954;4,31409600
-135,85241954;4,31409600
-135,77049954;4,31409600
-135,68857954;4,31409600
-135,60665954;4,31409600
-135,52473954;4,31409600
-135,44281954;4,31409600
-135,36089954;4,31409600
-135,27897954;4,31409600
-135,19705954;4,26908200
-135,11513954;4,26908200
-135,03321954;4,22406700
-134,95129954;4,22406700
-134,86937954;4,22406700
-134,78745954;4,22406700
-134,70553955;4,22406700
-134,62361955;4,22406700
-134,54169955;4,22406700
-134,45977955;4,17920400
-134,37785955;4,17920400
-134,29593955;4,17920400
-134,21401955;4,17920400
-134,13209955;4,17920400
-134,05017955;4,13419000
-133,96825955;4,13419000
-133,88633955;4,13419000
-133,80441955;4,13419000
-133,72249955;4,13419000
-133,64057955;4,13419000
-133,55865955;4,08932800
-133,47673955;4,13419000
-133,39481955;4,08932800
-133,31289955;4,04431300
-133,23097955;4,08932800
-133,14905955;4,08932800
-133,06713956;4,04431300
-132,98521956;4,08932800
-132,90329956;4,04431300
-132,82137956;4,04431300
-132,73945956;4,04431300
-132,65753956;4,04431300
-132,57561956;3,99929800
-132,49369956;4,04431300
-132,41177956;3,95443600
-132,32985956;3,99929800
-132,24793956;3,99929800
-132,16601956;3,99929800
-132,08409956;3,95443600
-132,00217956;3,95443600
-131,92025956;3,95443600
-131,83833956;3,95443600
-131,75641956;3,95443600
-131,67449956;3,95443600
-131,59257956;3,95443600
-131,51065956;3,95443600
-131,42873957;3,90942100
-131,34681957;3,90942100
-131,26489957;3,90942100
-131,18297957;3,90942100
-131,10105957;3,86455900
-131,01913957;3,86455900
-130,93721957;3,86455900
-130,85529957;3,86455900
-130,77337957;3,86455900
-130,69145957;3,90942100
-130,60953957;3,95443600
-130,52761957;3,95443600
-130,44569957;4,04431300
-130,36377957;4,08932800
-130,28185957;4,13419000
-130,19993957;4,17920400
-130,11801957;4,22406700
-130,03609957;4,31409600
-129,95417957;4,31409600
-129,87225957;4,40397400
-129,79033958;4,40397400
-129,70841958;4,44883600
-129,62649958;4,49385100
-129,54457958;4,49385100
-129,46265958;4,49385100
-129,38073958;4,53871300
-129,29881958;4,53871300
-129,21689958;4,58372700
-129,13497958;4,58372700
-129,05305958;4,58372700
-128,97113958;4,58372700
-128,88921958;4,58372700
-128,80729958;4,58372700
-128,72537958;4,62874200
-128,64345958;4,58372700
-128,56153958;4,62874200
-128,47961958;4,58372700
-128,39769958;4,58372700
-128,31577958;4,58372700
-128,23385958;4,58372700
-128,15193959;4,58372700
-128,07001959;4,58372700
-127,98809959;4,58372700
-127,90617959;4,58372700
-127,82425959;4,53871300
-127,74233959;4,58372700
-127,66041959;4,49385100
-127,57849959;4,53871300
-127,49657959;4,49385100
-127,41465959;4,49385100
-127,33273959;4,49385100
-127,25081959;4,49385100
-127,16889959;4,49385100
-127,08697959;4,49385100
-127,00505959;4,49385100
-126,92313959;4,44883600
-126,84121959;4,44883600
-126,75929959;4,44883600
-126,67737959;4,44883600
-126,59545959;4,40397400
-126,51353960;4,40397400
-126,43161960;4,40397400
-126,34969960;4,40397400
-126,26777960;4,40397400
-126,18585960;4,40397400
-126,10393960;4,40397400
-126,02201960;4,40397400
-125,94009960;4,40397400
-125,85817960;4,31409600
-125,77625960;4,31409600
-125,69433960;4,31409600
-125,61241960;4,31409600
-125,53049960;4,31409600
-125,44857960;4,31409600
-125,36665960;4,31409600
-125,28473960;4,31409600
-125,20281960;4,31409600
-125,12089960;4,26908200
-125,03897960;4,26908200
-124,95705960;4,26908200
-124,87513961;4,22406700
-124,79321961;4,22406700
-124,71129961;4,22406700
-124,62937961;4,22406700
-124,54745961;4,22406700
-124,46553961;4,22406700
-124,38361961;4,22406700
-124,30169961;4,22406700
-124,21977961;4,17920400
-124,13785961;4,17920400
-124,05593961;4,13419000
-123,97401961;4,13419000
-123,89209961;4,13419000
-123,81017961;4,13419000
-123,72825961;4,13419000
-123,64633961;4,13419000
-123,56441961;4,13419000
-123,48249961;4,13419000
-123,40057961;4,13419000
-123,31865961;4,13419000
-123,23673962;4,08932800
-123,15481962;4,08932800
-123,07289962;4,08932800
-122,99097962;4,04431300
-122,90905962;4,04431300
-122,82713962;4,04431300
-122,74521962;4,04431300
-122,66329962;4,04431300
-122,58137962;4,04431300
-122,49945962;4,04431300
-122,41753962;4,04431300
-122,33561962;4,04431300
-122,25369962;3,99929800
-122,17177962;3,99929800
-122,08985962;3,95443600
-122,00793962;3,95443600
-121,92601962;3,95443600
-121,84409962;3,95443600
-121,76217962;3,95443600
-121,68025962;3,95443600
-121,59833963;3,95443600
-121,51641963;3,95443600
-121,43449963;3,90942100
-121,35257963;3,90942100
-121,27065963;3,90942100
-121,18873963;3,90942100
-121,10681963;3,86455900
-121,02489963;3,86455900
-120,94297963;3,86455900
-120,86105963;3,86455900
-120,77913963;3,86455900
-120,69721963;3,90942100
-120,61529963;3,90942100
-120,53337963;3,95443600
-120,45145963;3,99929800
-120,36953963;4,04431300
-120,28761963;4,08932800
-120,20569963;4,13419000
-120,12377963;4,22406700
-120,04185963;4,22406700
-119,95993964;4,31409600
-119,87801964;4,31409600
-119,79609964;4,35895900
-119,71417964;4,40397400
-119,63225964;4,40397400
-119,55033964;4,44883600
-119,46841964;4,49385100
-119,38649964;4,49385100
-119,30457964;4,49385100
-119,22265964;4,53871300
-119,14073964;4,53871300
-119,05881964;4,58372700
-118,97689964;4,58372700
-118,89497964;4,58372700
-118,81305964;4,58372700
-118,73113964;4,62874200
-118,64921964;4,58372700
-118,56729964;4,58372700
-118,48537964;4,62874200
-118,40345964;4,58372700
-118,32153964;4,58372700
-118,23961965;4,58372700
-118,15769965;4,58372700
-118,07577965;4,58372700
-117,99385965;4,58372700
-117,91193965;4,58372700
-117,83001965;4,53871300
-117,74809965;4,53871300
-117,66617965;4,53871300
-117,58425965;4,53871300
-117,50233965;4,49385100
-117,42041965;4,49385100
-117,33849965;4,49385100
-117,25657965;4,49385100
-117,17465965;4,49385100
-117,09273965;4,49385100
-117,01081965;4,49385100
-116,92889965;4,49385100
-116,84697965;4,44883600
-116,76505965;4,44883600
-116,68313965;4,44883600
-116,60121966;4,40397400
-116,51929966;4,40397400
-116,43737966;4,40397400
-116,35545966;4,40397400
-116,27353966;4,40397400
-116,19161966;4,40397400
-116,10969966;4,40397400
-116,02777966;4,35895900
-115,94585966;4,35895900
-115,86393966;4,31409600
-115,78201966;4,31409600
-115,70009966;4,31409600
-115,61817966;4,31409600
-115,53625966;4,31409600
-115,45433966;4,31409600
-115,37241966;4,31409600
-115,29049966;4,31409600
-115,20857966;4,31409600
-115,12665966;4,26908200
-115,04473966;4,26908200
-114,96281967;4,26908200
-114,88089967;4,22406700
-114,79897967;4,26908200
-114,71705967;4,22406700
-114,63513967;4,22406700
-114,55321967;4,22406700
-114,47129967;4,22406700
-114,38937967;4,22406700
-114,30745967;4,17920400
-114,22553967;4,17920400
-114,14361967;4,17920400
-114,06169967;4,13419000
-113,97977967;4,13419000
-113,89785967;4,13419000
-113,81593967;4,13419000
-113,73401967;4,13419000
-113,65209967;4,13419000
-113,57017967;4,13419000
-113,48825967;4,13419000
-113,40633967;4,08932800
-113,32441968;4,08932800
-113,24249968;4,13419000
-113,16057968;4,08932800
-113,07865968;4,04431300
-112,99673968;4,04431300
-112,91481968;4,08932800
-112,83289968;4,04431300
-112,75097968;4,04431300
-112,66905968;4,04431300
-112,58713968;4,04431300
-112,50521968;4,04431300
-112,42329968;3,99929800
-112,34137968;4,04431300
-112,25945968;3,99929800
-112,17753968;3,99929800
-112,09561968;3,95443600
-112,01369968;3,95443600
-111,93177968;3,95443600
-111,84985968;3,95443600
-111,76793968;3,95443600
-111,68601969;3,95443600
-111,60409969;3,95443600
-111,52217969;3,95443600
-111,44025969;3,90942100
-111,35833969;3,90942100
-111,27641969;3,90942100
-111,19449969;3,90942100
-111,11257969;3,90942100
-111,03065969;3,86455900
-110,94873969;3,86455900
-110,86681969;3,86455900
-110,78489969;3,86455900
-110,70297969;3,90942100
-110,62105969;3,95443600
-110,53913969;3,95443600
-110,45721969;4,04431300
-110,37529969;4,04431300
-110,29337969;4,13419000
-110,21145969;4,17920400
-110,12953969;4,22406700
-110,04761970;4,26908200
-109,96569970;4,31409600
-109,88377970;4,35895900
-109,80185970;4,40397400
-109,71993970;4,40397400
-109,63801970;4,44883600
-109,55609970;4,49385100
-109,47417970;4,49385100
-109,39225970;4,49385100
-109,31033970;4,53871300
-109,22841970;4,53871300
-109,14649970;4,58372700
-109,06457970;4,58372700
-108,98265970;4,58372700
-108,90073970;4,62874200
-108,81881970;4,58372700
-108,73689970;4,62874200
-108,65497970;4,62874200
-108,57305970;4,62874200
-108,49113970;4,62874200
-108,40921971;4,58372700
-108,32729971;4,58372700
-108,24537971;4,58372700
-108,16345971;4,58372700
-108,08153971;4,58372700
-107,99961971;4,58372700
-107,91769971;4,58372700
-107,83577971;4,58372700
-107,75385971;4,53871300
-107,67193971;4,53871300
-107,59001971;4,53871300
-107,50809971;4,53871300
-107,42617971;4,49385100
-107,34425971;4,49385100
-107,26233971;4,49385100
-107,18041971;4,49385100
-107,09849971;4,49385100
-107,01657971;4,49385100
-106,93465971;4,44883600
-106,85273971;4,44883600
-106,77081972;4,44883600
-106,68889972;4,44883600
-106,60697972;4,44883600
-106,52505972;4,40397400
-106,44313972;4,40397400
-106,36121972;4,40397400
-106,27929972;4,40397400
-106,19737972;4,40397400
-106,11545972;4,40397400
-106,03353972;4,40397400
-105,95161972;4,35895900
-105,86969972;4,35895900
-105,78777972;4,31409600
-105,70585972;4,31409600
-105,62393972;4,31409600
-105,54201972;4,31409600
-105,46009972;4,31409600
-105,37817972;4,31409600
-105,29625972;4,31409600
-105,21433972;4,31409600
-105,13241973;4,31409600
-105,05049973;4,26908200
-104,96857973;4,26908200
-104,88665973;4,22406700
-104,80473973;4,22406700
-104,72281973;4,22406700
-104,64089973;4,22406700
-104,55897973;4,22406700
-104,47705973;4,22406700
-104,39513973;4,22406700
-104,31321973;4,22406700
-104,23129973;4,22406700
-104,14937973;4,17920400
-104,06745973;4,13419000
-103,98553973;4,13419000
-103,90361973;4,13419000
-103,82169973;4,13419000
-103,73977973;4,13419000
-103,65785973;4,13419000
-103,57593973;4,13419000
-103,49401974;4,13419000
-103,41209974;4,13419000
-103,33017974;4,08932800
-103,24825974;4,13419000
-103,16633974;4,08932800
-103,08441974;4,08932800
-103,00249974;4,04431300
-102,92057974;4,04431300
-102,83865974;4,04431300
-102,75673974;4,04431300
-102,67481974;4,04431300
-102,59289974;4,04431300
-102,51097974;4,04431300
-102,42905974;3,99929800
-102,34713974;3,99929800
-102,26521974;3,99929800
-102,18329974;3,95443600
-102,10137974;3,95443600
-102,01945974;3,95443600
-101,93753974;3,95443600
-101,85561975;3,95443600
-101,77369975;3,95443600
-101,69177975;3,95443600
-101,60985975;3,95443600
-101,52793975;3,95443600
-101,44601975;3,90942100
-101,36409975;3,90942100
-101,28217975;3,90942100
-101,20025975;3,90942100
-101,11833975;3,86455900
-101,03641975;3,86455900
-100,95449975;3,86455900
-100,87257975;3,86455900
-100,79065975;3,86455900
-100,70873975;3,90942100
-100,62681975;3,90942100
-100,54489975;3,95443600
-100,46297975;3,95443600
-100,38105975;4,04431300
-100,29913975;4,08932800
-100,21721975;4,13419000
-100,13529976;4,22406700
-100,05337976;4,22406700
-99,97145976;4,26908200
-99,88953976;4,31409600
-99,80761976;4,35895900
-99,72569976;4,40397400
-99,64377976;4,44883600
-99,56185976;4,44883600
-99,47993976;4,49385100
-99,39801976;4,49385100
-99,31609976;4,49385100
-99,23417976;4,49385100
-99,15225976;4,53871300
-99,07033976;4,53871300
-98,98841976;4,58372700
-98,90649976;4,58372700
-98,82457976;4,58372700
-98,74265976;4,58372700
-98,66073976;4,58372700
-98,57881976;4,62874200
-98,49689977;4,58372700
-98,41497977;4,58372700
-98,33305977;4,58372700
-98,25113977;4,58372700
-98,16921977;4,58372700
-98,08729977;4,58372700
-98,00537977;4,58372700
-97,92345977;4,58372700
-97,84153977;4,53871300
-97,75961977;4,53871300
-97,67769977;4,53871300
-97,59577977;4,49385100
-97,51385977;4,49385100
-97,43193977;4,49385100
-97,35001977;4,49385100
-97,26809977;4,49385100
-97,18617977;4,49385100
-97,10425977;4,49385100
-97,02233977;4,49385100
-96,94041977;4,44883600
-96,85849978;4,44883600
-96,77657978;4,44883600
-96,69465978;4,40397400
-96,61273978;4,40397400
-96,53081978;4,40397400
-96,44889978;4,40397400
-96,36697978;4,40397400
-96,28505978;4,40397400
-96,20313978;4,40397400
-96,12121978;4,40397400
-96,03929978;4,35895900
-95,95737978;4,35895900
-95,87545978;4,31409600
-95,79353978;4,35895900
-95,71161978;4,31409600
-95,62969978;4,31409600
-95,54777978;4,31409600
-95,46585978;4,31409600
-95,38393978;4,31409600
-95,30201978;4,31409600
-95,22009979;4,31409600
-95,13817979;4,26908200
-95,05625979;4,26908200
-94,97433979;4,26908200
-94,89241979;4,26908200
-94,81049979;4,22406700
-94,72857979;4,22406700
-94,64665979;4,22406700
-94,56473979;4,22406700
-94,48281979;4,22406700
-94,40089979;4,22406700
-94,31897979;4,17920400
-94,23705979;4,22406700
-94,15513979;4,17920400
-94,07321979;4,13419000
-93,99129979;4,17920400
-93,90937979;4,13419000
-93,82745979;4,13419000
-93,74553979;4,13419000
-93,66361979;4,13419000
-93,58169980;4,13419000
-93,49977980;4,13419000
-93,41785980;4,13419000
-93,33593980;4,08932800
-93,25401980;4,08932800
-93,17209980;4,08932800
-93,09017980;4,08932800
-93,00825980;4,08932800
-92,92633980;4,04431300
-92,84441980;4,04431300
-92,76249980;4,04431300
-92,68057980;4,04431300
-92,59865980;4,04431300
-92,51673980;4,04431300
-92,43481980;4,04431300
-92,35289980;3,99929800
-92,27097980;3,95443600
-92,18905980;3,95443600
-92,10713980;3,95443600
-92,02521980;3,95443600
-91,94329981;3,95443600
-91,86137981;3,95443600
-91,77945981;3,95443600
-91,69753981;3,95443600
-91,61561981;3,95443600
-91,53369981;3,90942100
-91,45177981;3,90942100
-91,36985981;3,90942100
-91,28793981;3,90942100
-91,20601981;3,90942100
-91,12409981;3,90942100
-91,04217981;3,86455900
-90,96025981;3,86455900
-90,87833981;3,86455900
-90,79641981;3,86455900
-90,71449981;3,90942100
-90,63257981;3,95443600
-90,55065981;3,95443600
-90,46873981;4,04431300
-90,38681981;4,08932800
-90,30489982;4,13419000
-90,22297982;4,17920400
-90,14105982;4,22406700
-90,05913982;4,26908200
-89,97721982;4,31409600
-89,89529982;4,35895900
-89,81337982;4,40397400
-89,73145982;4,40397400
-89,64953982;4,44883600
-89,56761982;4,49385100
-89,48569982;4,49385100
-89,40377982;4,49385100
-89,32185982;4,53871300
-89,23993982;4,58372700
-89,15801982;4,58372700
-89,07609982;4,58372700
-88,99417982;4,58372700
-88,91225982;4,62874200
-88,83033982;4,62874200
-88,74841982;4,62874200
-88,66649983;4,58372700
-88,58457983;4,58372700
-88,50265983;4,62874200
-88,42073983;4,62874200
-88,33881983;4,58372700
-88,25689983;4,58372700
-88,17497983;4,62874200
-88,09305983;4,58372700
-88,01113983;4,58372700
-87,92921983;4,58372700
-87,84729983;4,58372700
-87,76537983;4,58372700
-87,68345983;4,53871300
-87,60153983;4,53871300
-87,51961983;4,49385100
-87,43769983;4,49385100
-87,35577983;4,49385100
-87,27385983;4,49385100
-87,19193983;4,49385100
-87,11001983;4,49385100
-87,02809984;4,49385100
-86,94617984;4,49385100
-86,86425984;4,44883600
-86,78233984;4,44883600
-86,70041984;4,44883600
-86,61849984;4,44883600
-86,53657984;4,44883600
-86,45465984;4,40397400
-86,37273984;4,40397400
-86,29081984;4,40397400
-86,20889984;4,40397400
-86,12697984;4,40397400
-86,04505984;4,40397400
-85,96313984;4,40397400
-85,88121984;4,35895900
-85,79929984;4,35895900
-85,71737984;4,31409600
-85,63545984;4,31409600
-85,55353984;4,31409600
-85,47161984;4,31409600
-85,38969985;4,31409600
-85,30777985;4,31409600
-85,22585985;4,31409600
-85,14393985;4,26908200
-85,06201985;4,26908200
-84,98009985;4,26908200
-84,89817985;4,26908200
-84,81625985;4,22406700
-84,73433985;4,22406700
-84,65241985;4,22406700
-84,57049985;4,22406700
-84,48857985;4,22406700
-84,40665985;4,22406700
-84,32473985;4,17920400
-84,24281985;4,22406700
-84,16089985;4,17920400
-84,07897985;4,17920400
-83,99705985;4,13419000
-83,91513985;4,13419000
-83,83321985;4,13419000
-83,75129986;4,13419000
-83,66937986;4,13419000
-83,58745986;4,13419000
-83,50553986;4,13419000
-83,42361986;4,13419000
-83,34169986;4,08932800
-83,25977986;4,08932800
-83,17785986;4,08932800
-83,09593986;4,08932800
-83,01401986;4,08932800
-82,93209986;4,04431300
-82,85017986;4,04431300
-82,76825986;4,04431300
-82,68633986;4,04431300
-82,60441986;4,04431300
-82,52249986;4,04431300
-82,44057986;3,99929800
-82,35865986;4,04431300
-82,27673986;4,04431300
-82,19481986;3,99929800
-82,11289987;3,95443600
-82,03097987;3,95443600
-81,94905987;3,95443600
-81,86713987;3,95443600
-81,78521987;3,95443600
-81,70329987;3,95443600
-81,62137987;3,95443600
-81,53945987;3,95443600
-81,45753987;3,90942100
-81,37561987;3,90942100
-81,29369987;3,90942100
-81,21177987;3,90942100
-81,12985987;3,86455900
-81,04793987;3,90942100
-80,96601987;3,86455900
-80,88409987;3,86455900
-80,80217987;3,86455900
-80,72025987;3,90942100
-80,63833987;3,90942100
-80,55641987;3,95443600
-80,47449987;3,95443600
-80,39257988;4,04431300
-80,31065988;4,08932800
-80,22873988;4,13419000
-80,14681988;4,17920400
-80,06489988;4,22406700
-79,98297988;4,26908200
-79,90105988;4,31409600
-79,81913988;4,35895900
-79,73721988;4,40397400
-79,65529988;4,40397400
-79,57337988;4,44883600
-79,49145988;4,49385100
-79,40953988;4,49385100
-79,32761988;4,49385100
-79,24569988;4,53871300
-79,16377988;4,53871300
-79,08185988;4,58372700
-78,99993988;4,58372700
-78,91801988;4,58372700
-78,83609988;4,58372700
-78,75417989;4,62874200
-78,67225989;4,58372700
-78,59033989;4,58372700
-78,50841989;4,58372700
-78,42649989;4,62874200
-78,34457989;4,58372700
-78,26265989;4,58372700
-78,18073989;4,58372700
-78,09881989;4,58372700
-78,01689989;4,58372700
-77,93497989;4,58372700
-77,85305989;4,53871300
-77,77113989;4,53871300
-77,68921989;4,53871300
-77,60729989;4,49385100
-77,52537989;4,49385100
-77,44345989;4,49385100
-77,36153989;4,49385100
-77,27961989;4,49385100
-77,19769989;4,49385100
-77,11577990;4,49385100
-77,03385990;4,49385100
-76,95193990;4,44883600
-76,87001990;4,44883600
-76,78809990;4,44883600
-76,70617990;4,44883600
-76,62425990;4,40397400
-76,54233990;4,40397400
-76,46041990;4,40397400
-76,37849990;4,40397400
-76,29657990;4,40397400
-76,21465990;4,40397400
-76,13273990;4,40397400
-76,05081990;4,40397400
-75,96889990;4,35895900
-75,88697990;4,31409600
-75,80505990;4,31409600
-75,72313990;4,31409600
-75,64121990;4,31409600
-75,55929990;4,31409600
-75,47737991;4,31409600
-75,39545991;4,31409600
-75,31353991;4,31409600
-75,23161991;4,31409600
-75,14969991;4,26908200
-75,06777991;4,26908200
-74,98585991;4,22406700
-74,90393991;4,26908200
-74,82201991;4,22406700
-74,74009991;4,22406700
-74,65817991;4,22406700
-74,57625991;4,22406700
-74,49433991;4,22406700
-74,41241991;4,22406700
-74,33049991;4,17920400
-74,24857991;4,17920400
-74,16665991;4,17920400
-74,08473991;4,17920400
-74,00281991;4,13419000
-73,92089991;4,13419000
-73,83897992;4,13419000
-73,75705992;4,13419000
-73,67513992;4,13419000
-73,59321992;4,13419000
-73,51129992;4,13419000
-73,42937992;4,08932800
-73,34745992;4,13419000
-73,26553992;4,08932800
-73,18361992;4,08932800
-73,10169992;4,04431300
-73,01977992;4,04431300
-72,93785992;4,04431300
-72,85593992;4,04431300
-72,77401992;4,04431300
-72,69209992;4,04431300
-72,61017992;4,04431300
-72,52825992;3,99929800
-72,44633992;3,95443600
-72,36441992;3,99929800
-72,28249992;3,99929800
-72,20057993;3,99929800
-72,11865993;3,95443600
-72,03673993;3,95443600
-71,95481993;3,95443600
-71,87289993;3,95443600
-71,79097993;3,95443600
-71,70905993;3,95443600
-71,62713993;3,95443600
-71,54521993;3,95443600
-71,46329993;3,90942100
-71,38137993;3,90942100
-71,29945993;3,90942100
-71,21753993;3,86455900
-71,13561993;3,90942100
-71,05369993;3,86455900
-70,97177993;3,90942100
-70,88985993;3,86455900
-70,80793993;3,86455900
-70,72601993;3,90942100
-70,64409993;3,95443600
-70,56217994;3,95443600
-70,48025994;4,04431300
-70,39833994;4,08932800
-70,31641994;4,13419000
-70,23449994;4,17920400
-70,15257994;4,22406700
-70,07065994;4,26908200
-69,98873994;4,31409600
-69,90681994;4,35895900
-69,82489994;4,40397400
-69,74297994;4,40397400
-69,66105994;4,44883600
-69,57913994;4,49385100
-69,49721994;4,49385100
-69,41529994;4,49385100
-69,33337994;4,53871300
-69,25145994;4,58372700
-69,16953994;4,58372700
-69,08761994;4,58372700
-69,00569994;4,58372700
-68,92377995;4,62874200
-68,84185995;4,62874200
-68,75993995;4,62874200
-68,67801995;4,62874200
-68,59609995;4,62874200
-68,51417995;4,62874200
-68,43225995;4,62874200
-68,35033995;4,58372700
-68,26841995;4,58372700
-68,18649995;4,58372700
-68,10457995;4,58372700
-68,02265995;4,58372700
-67,94073995;4,58372700
-67,85881995;4,58372700
-67,77689995;4,53871300
-67,69497995;4,53871300
-67,61305995;4,53871300
-67,53113995;4,49385100
-67,44921995;4,49385100
-67,36729995;4,49385100
-67,28537996;4,49385100
-67,20345996;4,49385100
-67,12153996;4,49385100
-67,03961996;4,49385100
-66,95769996;4,49385100
-66,87577996;4,44883600
-66,79385996;4,49385100
-66,71193996;4,44883600
-66,63001996;4,44883600
-66,54809996;4,44883600
-66,46617996;4,40397400
-66,38425996;4,40397400
-66,30233996;4,40397400
-66,22041996;4,40397400
-66,13849996;4,40397400
-66,05657996;4,40397400
-65,97465996;4,40397400
-65,89273996;4,35895900
-65,81081996;4,31409600
-65,72889996;4,31409600
-65,64697997;4,31409600
-65,56505997;4,31409600
-65,48313997;4,31409600
-65,40121997;4,31409600
-65,31929997;4,31409600
-65,23737997;4,26908200
-65,15545997;4,26908200
-65,07353997;4,26908200
-64,99161997;4,26908200
-64,90969997;4,26908200
-64,82777997;4,26908200
-64,74585997;4,22406700
-64,66393997;4,22406700
-64,58201997;4,22406700
-64,50009997;4,22406700
-64,41817997;4,22406700
-64,33625997;4,22406700
-64,25433997;4,17920400
-64,17241997;4,17920400
-64,09049997;4,17920400
-64,00857998;4,17920400
-63,92665998;4,13419000
-63,84473998;4,13419000
-63,76281998;4,13419000
-63,68089998;4,13419000
-63,59897998;4,13419000
-63,51705998;4,13419000
-63,43513998;4,13419000
-63,35321998;4,13419000
-63,27129998;4,13419000
-63,18937998;4,08932800
-63,10745998;4,08932800
-63,02553998;4,08932800
-62,94361998;4,08932800
-62,86169998;4,04431300
-62,77977998;4,04431300
-62,69785998;4,04431300
-62,61593998;4,04431300
-62,53401998;4,04431300
-62,45209998;3,99929800
-62,37017999;4,04431300
-62,28825999;3,99929800
-62,20633999;3,95443600
-62,12441999;3,95443600
-62,04249999;3,95443600
-61,96057999;3,95443600
-61,87865999;3,95443600
-61,79673999;3,95443600
-61,71481999;3,95443600
-61,63289999;3,95443600
-61,55097999;3,95443600
-61,46905999;3,90942100
-61,38713999;3,90942100
-61,30521999;3,90942100
-61,22329999;3,90942100
-61,14137999;3,90942100
-61,05945999;3,86455900
-60,97753999;3,90942100
-60,89561999;3,86455900
-60,81369999;3,90942100
-60,73177999;3,90942100
-60,64986000;3,90942100
-60,56794000;3,95443600
-60,48602000;3,95443600
-60,40410000;4,04431300
-60,32218000;4,08932800
-60,24026000;4,13419000
-60,15834000;4,13419000
-60,07642000;4,22406700
-59,99450000;4,26908200
-59,91258000;4,31409600
-59,83066000;4,35895900
-59,74874000;4,40397400
-59,66682000;4,40397400
-59,58490000;4,44883600
-59,50298000;4,49385100
-59,42106000;4,49385100
-59,33914000;4,49385100
-59,25722000;4,53871300
-59,17530000;4,53871300
-59,09338000;4,58372700
-59,01146001;4,58372700
-58,92954001;4,58372700
-58,84762001;4,58372700
-58,76570001;4,58372700
-58,68378001;4,58372700
-58,60186001;4,58372700
-58,51994001;4,58372700
-58,43802001;4,58372700
-58,35610001;4,58372700
-58,27418001;4,58372700
-58,19226001;4,58372700
-58,11034001;4,58372700
-58,02842001;4,58372700
-57,94650001;4,53871300
-57,86458001;4,58372700
-57,78266001;4,53871300
-57,70074001;4,53871300
-57,61882001;4,53871300
-57,53690001;4,49385100
-57,45498001;4,49385100
-57,37306002;4,49385100
-57,29114002;4,49385100
-57,20922002;4,49385100
-57,12730002;4,49385100
-57,04538002;4,49385100
-56,96346002;4,49385100
-56,88154002;4,44883600
-56,79962002;4,44883600
-56,71770002;4,44883600
-56,63578002;4,40397400
-56,55386002;4,40397400
-56,47194002;4,40397400
-56,39002002;4,40397400
-56,30810002;4,40397400
-56,22618002;4,40397400
-56,14426002;4,35895900
-56,06234002;4,40397400
-55,98042002;4,40397400
-55,89850002;4,31409600
-55,81658002;4,31409600
-55,73466003;4,31409600
-55,65274003;4,31409600
-55,57082003;4,31409600
-55,48890003;4,31409600
-55,40698003;4,31409600
-55,32506003;4,31409600
-55,24314003;4,31409600
-55,16122003;4,26908200
-55,07930003;4,26908200
-54,99738003;4,22406700
-54,91546003;4,26908200
-54,83354003;4,22406700
-54,75162003;4,22406700
-54,66970003;4,22406700
-54,58778003;4,22406700
-54,50586003;4,22406700
-54,42394003;4,22406700
-54,34202003;4,17920400
-54,26010003;4,17920400
-54,17818003;4,17920400
-54,09626004;4,17920400
-54,01434004;4,13419000
-53,93242004;4,13419000
-53,85050004;4,13419000
-53,76858004;4,13419000
-53,68666004;4,13419000
-53,60474004;4,13419000
-53,52282004;4,13419000
-53,44090004;4,13419000
-53,35898004;4,08932800
-53,27706004;4,08932800
-53,19514004;4,08932800
-53,11322004;4,08932800
-53,03130004;4,04431300
-52,94938004;4,04431300
-52,86746004;4,04431300
-52,78554004;4,04431300
-52,70362004;4,04431300
-52,62170004;4,04431300
-52,53978004;3,99929800
-52,45786005;4,04431300
-52,37594005;3,99929800
-52,29402005;3,95443600
-52,21210005;3,99929800
-52,13018005;3,95443600
-52,04826005;3,95443600
-51,96634005;3,95443600
-51,88442005;3,95443600
-51,80250005;3,95443600
-51,72058005;3,95443600
-51,63866005;3,95443600
-51,55674005;3,95443600
-51,47482005;3,90942100
-51,39290005;3,90942100
-51,31098005;3,90942100
-51,22906005;3,90942100
-51,14714005;3,90942100
-51,06522005;3,90942100
-50,98330005;3,86455900
-50,90138005;3,86455900
-50,81946006;3,86455900
-50,73754006;3,86455900
-50,65562006;3,90942100
-50,57370006;3,95443600
-50,49178006;4,04431300
-50,40986006;4,08932800
-50,32794006;4,13419000
-50,24602006;4,17920400
-50,16410006;4,22406700
-50,08218006;4,26908200
-50,00026006;4,31409600
-49,91834006;4,35895900
-49,83642006;4,40397400
-49,75450006;4,40397400
-49,67258006;4,44883600
-49,59066006;4,49385100
-49,50874006;4,49385100
-49,42682006;4,49385100
-49,34490006;4,53871300
-49,26298006;4,58372700
-49,18106007;4,58372700
-49,09914007;4,58372700
-49,01722007;4,58372700
-48,93530007;4,58372700
-48,85338007;4,62874200
-48,77146007;4,62874200
-48,68954007;4,62874200
-48,60762007;4,62874200
-48,52570007;4,58372700
-48,44378007;4,62874200
-48,36186007;4,58372700
-48,27994007;4,58372700
-48,19802007;4,58372700
-48,11610007;4,58372700
-48,03418007;4,58372700
-47,95226007;4,58372700
-47,87034007;4,53871300
-47,78842007;4,53871300
-47,70650007;4,53871300
-47,62458007;4,49385100
-47,54266008;4,53871300
-47,46074008;4,49385100
-47,37882008;4,49385100
-47,29690008;4,49385100
-47,21498008;4,49385100
-47,13306008;4,49385100
-47,05114008;4,49385100
-46,96922008;4,49385100
-46,88730008;4,44883600
-46,80538008;4,44883600
-46,72346008;4,44883600
-46,64154008;4,40397400
-46,55962008;4,40397400
-46,47770008;4,40397400
-46,39578008;4,40397400
-46,31386008;4,40397400
-46,23194008;4,40397400
-46,15002008;4,40397400
-46,06810008;4,35895900
-45,98618008;4,35895900
-45,90426009;4,35895900
-45,82234009;4,31409600
-45,74042009;4,31409600
-45,65850009;4,31409600
-45,57658009;4,31409600
-45,49466009;4,31409600
-45,41274009;4,31409600
-45,33082009;4,31409600
-45,24890009;4,31409600
-45,16698009;4,31409600
-45,08506009;4,26908200
-45,00314009;4,26908200
-44,92122009;4,26908200
-44,83930009;4,22406700
-44,75738009;4,22406700
-44,67546009;4,22406700
-44,59354009;4,22406700
-44,51162009;4,22406700
-44,42970009;4,22406700
-44,34778009;4,22406700
-44,26586010;4,17920400
-44,18394010;4,17920400
-44,10202010;4,13419000
-44,02010010;4,17920400
-43,93818010;4,13419000
-43,85626010;4,13419000
-43,77434010;4,13419000
-43,69242010;4,13419000
-43,61050010;4,13419000
-43,52858010;4,13419000
-43,44666010;4,13419000
-43,36474010;4,13419000
-43,28282010;4,08932800
-43,20090010;4,08932800
-43,11898010;4,08932800
-43,03706010;4,04431300
-42,95514010;4,04431300
-42,87322010;4,04431300
-42,79130010;4,04431300
-42,70938010;4,04431300
-42,62746010;4,04431300
-42,54554011;4,04431300
-42,46362011;4,04431300
-42,38170011;4,04431300
-42,29978011;3,99929800
-42,21786011;3,95443600
-42,13594011;3,99929800
-42,05402011;3,95443600
-41,97210011;3,95443600
-41,89018011;3,95443600
-41,80826011;3,95443600
-41,72634011;3,95443600
-41,64442011;3,95443600
-41,56250011;3,95443600
-41,48058011;3,95443600
-41,39866011;3,90942100
-41,31674011;3,90942100
-41,23482011;3,90942100
-41,15290011;3,90942100
-41,07098011;3,90942100
-40,98906011;3,86455900
-40,90714012;3,86455900
-40,82522012;3,86455900
-40,74330012;3,86455900
-40,66138012;3,90942100
-40,57946012;3,95443600
-40,49754012;3,95443600
-40,41562012;4,04431300
-40,33370012;4,04431300
-40,25178012;4,13419000
-40,16986012;4,13419000
-40,08794012;4,22406700
-40,00602012;4,26908200
-39,92410012;4,31409600
-39,84218012;4,35895900
-39,76026012;4,40397400
-39,67834012;4,40397400
-39,59642012;4,44883600
-39,51450012;4,49385100
-39,43258012;4,49385100
-39,35066012;4,49385100
-39,26874013;4,53871300
-39,18682013;4,53871300
-39,10490013;4,53871300
-39,02298013;4,58372700
-38,94106013;4,58372700
-38,85914013;4,58372700
-38,77722013;4,62874200
-38,69530013;4,62874200
-38,61338013;4,58372700
-38,53146013;4,58372700
-38,44954013;4,58372700
-38,36762013;4,62874200
-38,28570013;4,58372700
-38,20378013;4,58372700
-38,12186013;4,58372700
-38,03994013;4,58372700
-37,95802013;4,58372700
-37,87610013;4,58372700
-37,79418013;4,53871300
-37,71226013;4,53871300
-37,63034014;4,49385100
-37,54842014;4,49385100
-37,46650014;4,49385100
-37,38458014;4,49385100
-37,30266014;4,49385100
-37,22074014;4,49385100
-37,13882014;4,49385100
-37,05690014;4,49385100
-36,97498014;4,49385100
-36,89306014;4,44883600
-36,81114014;4,44883600
-36,72922014;4,44883600
-36,64730014;4,40397400
-36,56538014;4,40397400
-36,48346014;4,40397400
-36,40154014;4,40397400
-36,31962014;4,40397400
-36,23770014;4,40397400
-36,15578014;4,35895900
-36,07386014;4,40397400
-35,99194015;4,35895900
-35,91002015;4,35895900
-35,82810015;4,31409600
-35,74618015;4,31409600
-35,66426015;4,31409600
-35,58234015;4,31409600
-35,50042015;4,31409600
-35,41850015;4,31409600
-35,33658015;4,31409600
-35,25466015;4,31409600
-35,17274015;4,26908200
-35,09082015;4,26908200
-35,00890015;4,22406700
-34,92698015;4,22406700
-34,84506015;4,22406700
-34,76314015;4,22406700
-34,68122015;4,22406700
-34,59930015;4,22406700
-34,51738015;4,22406700
-34,43546015;4,17920400
-34,35354016;4,22406700
-34,27162016;4,17920400
-34,18970016;4,17920400
-34,10778016;4,17920400
-34,02586016;4,17920400
-33,94394016;4,13419000
-33,86202016;4,13419000
-33,78010016;4,13419000
-33,69818016;4,13419000
-33,61626016;4,13419000
-33,53434016;4,13419000
-33,45242016;4,13419000
-33,37050016;4,13419000
-33,28858016;4,13419000
-33,20666016;4,08932800
-33,12474016;4,08932800
-33,04282016;4,04431300
-32,96090016;4,04431300
-32,87898016;4,04431300
-32,79706016;4,04431300
-32,71514017;4,04431300
-32,63322017;4,04431300
-32,55130017;3,99929800
-32,46938017;4,04431300
-32,38746017;4,04431300
-32,30554017;3,99929800
-32,22362017;3,99929800
-32,14170017;3,95443600
-32,05978017;3,95443600
-31,97786017;3,95443600
-31,89594017;3,95443600
-31,81402017;3,95443600
-31,73210017;3,95443600
-31,65018017;3,95443600
-31,56826017;3,95443600
-31,48634017;3,90942100
-31,40442017;3,90942100
-31,32250017;3,90942100
-31,24058017;3,90942100
-31,15866017;3,86455900
-31,07674018;3,86455900
-30,99482018;3,86455900
-30,91290018;3,86455900
-30,83098018;3,90942100
-30,74906018;3,86455900
-30,66714018;3,90942100
-30,58522018;3,95443600
-30,50330018;3,99929800
-30,42138018;4,04431300
-30,33946018;4,13419000
-30,25754018;4,13419000
-30,17562018;4,22406700
-30,09370018;4,26908200
-30,01178018;4,31409600
-29,92986018;4,31409600
-29,84794018;4,40397400
-29,76602018;4,40397400
-29,68410018;4,44883600
-29,60218018;4,49385100
-29,52026018;4,49385100
-29,43834019;4,49385100
-29,35642019;4,53871300
-29,27450019;4,58372700
-29,19258019;4,58372700
-29,11066019;4,58372700
-29,02874019;4,62874200
-28,94682019;4,58372700
-28,86490019;4,62874200
-28,78298019;4,62874200
-28,70106019;4,62874200
-28,61914019;4,62874200
-28,53722019;4,62874200
-28,45530019;4,58372700
-28,37338019;4,62874200
-28,29146019;4,58372700
-28,20954019;4,58372700
-28,12762019;4,58372700
-28,04570019;4,58372700
-27,96378019;4,58372700
-27,88186019;4,58372700
-27,79994020;4,58372700
-27,71802020;4,53871300
-27,63610020;4,53871300
-27,55418020;4,53871300
-27,47226020;4,49385100
-27,39034020;4,49385100
-27,30842020;4,49385100
-27,22650020;4,49385100
-27,14458020;4,49385100
-27,06266020;4,49385100
-26,98074020;4,49385100
-26,89882020;4,49385100
-26,81690020;4,44883600
-26,73498020;4,44883600
-26,65306020;4,40397400
-26,57114020;4,40397400
-26,48922020;4,40397400
-26,40730020;4,40397400
-26,32538020;4,40397400
-26,24346020;4,40397400
-26,16154021;4,40397400
-26,07962021;4,40397400
-25,99770021;4,35895900
-25,91578021;4,35895900
-25,83386021;4,31409600
-25,75194021;4,35895900
-25,67002021;4,31409600
-25,58810021;4,31409600
-25,50618021;4,31409600
-25,42426021;4,31409600
-25,34234021;4,31409600
-25,26042021;4,31409600
-25,17850021;4,31409600
-25,09658021;4,26908200
-25,01466021;4,26908200
-24,93274021;4,22406700
-24,85082021;4,22406700
-24,76890021;4,22406700
-24,68698021;4,22406700
-24,60506021;4,22406700
-24,52314022;4,22406700
-24,44122022;4,22406700
-24,35930022;4,17920400
-24,27738022;4,22406700
-24,19546022;4,17920400
-24,11354022;4,17920400
-24,03162022;4,13419000
-23,94970022;4,17920400
-23,86778022;4,13419000
-23,78586022;4,13419000
-23,70394022;4,13419000
-23,62202022;4,13419000
-23,54010022;4,13419000
-23,45818022;4,13419000
-23,37626022;4,08932800
-23,29434022;4,08932800
-23,21242022;4,08932800
-23,13050022;4,08932800
-23,04858022;4,08932800
-22,96666022;4,08932800
-22,88474022;4,04431300
-22,80282023;4,04431300
-22,72090023;4,04431300
-22,63898023;4,04431300
-22,55706023;4,04431300
-22,47514023;4,04431300
-22,39322023;4,04431300
-22,31130023;4,04431300
-22,22938023;3,95443600
-22,14746023;3,95443600
-22,06554023;3,95443600
-21,98362023;3,95443600
-21,90170023;3,95443600
-21,81978023;3,95443600
-21,73786023;3,95443600
-21,65594023;3,95443600
-21,57402023;3,95443600
-21,49210023;3,95443600
-21,41018023;3,90942100
-21,32826023;3,95443600
-21,24634023;3,90942100
-21,16442024;3,90942100
-21,08250024;3,86455900
-21,00058024;3,86455900
-20,91866024;3,86455900
-20,83674024;3,86455900
-20,75482024;3,86455900
-20,67290024;3,90942100
-20,59098024;3,95443600
-20,50906024;3,95443600
-20,42714024;4,04431300
-20,34522024;4,04431300
-20,26330024;4,13419000
-20,18138024;4,17920400
-20,09946024;4,22406700
-20,01754024;4,26908200
-19,93562024;4,31409600
-19,85370024;4,35895900
-19,77178024;4,40397400
-19,68986024;4,40397400
-19,60794024;4,44883600
-19,52602025;4,44883600
-19,44410025;4,49385100
-19,36218025;4,49385100
-19,28026025;4,49385100
-19,19834025;4,53871300
-19,11642025;4,58372700
-19,03450025;4,58372700
-18,95258025;4,58372700
-18,87066025;4,58372700
-18,78874025;4,58372700
-18,70682025;4,58372700
-18,62490025;4,62874200
-18,54298025;4,62874200
-18,46106025;4,62874200
-18,37914025;4,58372700
-18,29722025;4,58372700
-18,21530025;4,58372700
-18,13338025;4,58372700
-18,05146025;4,58372700
-17,96954025;4,58372700
-17,88762026;4,58372700
-17,80570026;4,58372700
-17,72378026;4,53871300
-17,64186026;4,53871300
-17,55994026;4,49385100
-17,47802026;4,49385100
-17,39610026;4,49385100
-17,31418026;4,49385100
-17,23226026;4,49385100
-17,15034026;4,49385100
-17,06842026;4,49385100
-16,98650026;4,44883600
-16,90458026;4,44883600
-16,82266026;4,44883600
-16,74074026;4,44883600
-16,65882026;4,40397400
-16,57690026;4,40397400
-16,49498026;4,40397400
-16,41306026;4,40397400
-16,33114026;4,40397400
-16,24922027;4,40397400
-16,16730027;4,40397400
-16,08538027;4,40397400
-16,00346027;4,35895900
-15,92154027;4,35895900
-15,83962027;4,31409600
-15,75770027;4,31409600
-15,67578027;4,31409600
-15,59386027;4,31409600
-15,51194027;4,31409600
-15,43002027;4,31409600
-15,34810027;4,31409600
-15,26618027;4,31409600
-15,18426027;4,26908200
-15,10234027;4,26908200
-15,02042027;4,26908200
-14,93850027;4,22406700
-14,85658027;4,22406700
-14,77466027;4,22406700
-14,69274027;4,22406700
-14,61082028;4,22406700
-14,52890028;4,22406700
-14,44698028;4,22406700
-14,36506028;4,22406700
-14,28314028;4,17920400
-14,20122028;4,17920400
-14,11930028;4,17920400
-14,03738028;4,13419000
-13,95546028;4,13419000
-13,87354028;4,13419000
-13,79162028;4,13419000
-13,70970028;4,13419000
-13,62778028;4,13419000
-13,54586028;4,13419000
-13,46394028;4,08932800
-13,38202028;4,13419000
-13,30010028;4,08932800
-13,21818028;4,04431300
-13,13626028;4,13419000
-13,05434028;4,04431300
-12,97242029;4,04431300
-12,89050029;4,04431300
-12,80858029;4,04431300
-12,72666029;4,04431300
-12,64474029;4,04431300
-12,56282029;4,04431300
-12,48090029;4,04431300
-12,39898029;4,04431300
-12,31706029;3,99929800
-12,23514029;3,95443600
-12,15322029;3,95443600
-12,07130029;3,95443600
-11,98938029;3,95443600
-11,90746029;3,95443600
-11,82554029;3,95443600
-11,74362029;3,95443600
-11,66170029;3,95443600
-11,57978029;3,95443600
-11,49786029;3,90942100
-11,41594029;3,90942100
-11,33402030;3,90942100
-11,25210030;3,90942100
-11,17018030;3,90942100
-11,08826030;3,90942100
-11,00634030;3,86455900
-10,92442030;3,86455900
-10,84250030;3,86455900
-10,76058030;3,86455900
-10,67866030;3,90942100
-10,59674030;3,95443600
-10,51482030;3,99929800
-10,43290030;4,04431300
-10,35098030;4,08932800
-10,26906030;4,13419000
-10,18714030;4,22406700
-10,10522030;4,22406700
-10,02330030;4,31409600
-9,94138030;4,31409600
-9,85946030;4,40397400
-9,77754030;4,40397400
-9,69562031;4,44883600
-9,61370031;4,49385100
-9,53178031;4,49385100
-9,44986031;4,49385100
-9,36794031;4,53871300
-9,28602031;4,58372700
-9,20410031;4,58372700
-9,12218031;4,58372700
-9,04026031;4,58372700
-8,95834031;4,62874200
-8,87642031;4,58372700
-8,79450031;4,62874200
-8,71258031;4,62874200
-8,63066031;4,58372700
-8,54874031;4,62874200
-8,46682031;4,62874200
-8,38490031;4,58372700
-8,30298031;4,62874200
-8,22106031;4,58372700
-8,13914031;4,58372700
-8,05722032;4,58372700
-7,97530032;4,58372700
-7,89338032;4,58372700
-7,81146032;4,53871300
-7,72954032;4,53871300
-7,64762032;4,53871300
-7,56570032;4,53871300
-7,48378032;4,53871300
-7,40186032;4,53871300
-7,31994032;4,49385100
-7,23802032;4,49385100
-7,15610032;4,49385100
-7,07418032;4,49385100
-6,99226032;4,49385100
-6,91034032;4,44883600
-6,82842032;4,44883600
-6,74650032;4,44883600
-6,66458032;4,44883600
-6,58266032;4,40397400
-6,50074032;4,40397400
-6,41882033;4,40397400
-6,33690033;4,40397400
-6,25498033;4,40397400
-6,17306033;4,40397400
-6,09114033;4,40397400
-6,00922033;4,40397400
-5,92730033;4,40397400
-5,84538033;4,40397400
-5,76346033;4,35895900
-5,68154033;4,31409600
-5,59962033;4,31409600
-5,51770033;4,31409600
-5,43578033;4,31409600
-5,35386033;4,31409600
-5,27194033;4,31409600
-5,19002033;4,26908200
-5,10810033;4,31409600
-5,02618033;4,31409600
-4,94426033;4,26908200
-4,86234033;4,26908200
-4,78042034;4,22406700
-4,69850034;4,22406700
-4,61658034;4,22406700
-4,53466034;4,22406700
-4,45274034;4,22406700
-4,37082034;4,22406700
-4,28890034;4,22406700
-4,20698034;4,17920400
-4,12506034;4,17920400
-4,04314034;4,13419000
-3,96122034;4,13419000
-3,87930034;4,13419000
-3,79738034;4,13419000
-3,71546034;4,13419000
-3,63354034;4,13419000
-3,55162034;4,13419000
-3,46970034;4,13419000
-3,38778034;4,13419000
-3,30586034;4,13419000
-3,22394034;4,13419000
-3,14202034;4,08932800
-3,06010035;4,08932800
-2,97818035;4,08932800
-2,89626035;4,04431300
-2,81434035;4,04431300
-2,73242035;4,04431300
-2,65050035;4,04431300
-2,56858035;4,04431300
-2,48666035;4,04431300
-2,40474035;4,04431300
-2,32282035;3,99929800
-2,24090035;3,99929800
-2,15898035;3,99929800
-2,07706035;3,95443600
-1,99514035;3,95443600
-1,91322035;3,95443600
-1,83130035;3,95443600
-1,74938035;3,95443600
-1,66746035;3,95443600
-1,58554035;3,95443600
-1,50362035;3,95443600
-1,42170036;3,95443600
-1,33978036;3,95443600
-1,25786036;3,90942100
-1,17594036;3,90942100
-1,09402036;3,86455900
-1,01210036;3,90942100
-0,93018036;3,86455900
-0,84826036;3,86455900
-0,76634036;3,86455900
-0,68442036;3,86455900
-0,60250036;3,95443600
-0,52058036;3,95443600
-0,43866036;3,99929800
-0,35674036;4,08932800
-0,27482036;4,13419000
-0,19290036;4,13419000
-0,11098036;4,22406700
-0,02906036;4,26908200
0,05285964;4,31409600
0,13477964;4,31409600
0,21669963;4,40397400
0,29861963;4,40397400
0,38053963;4,44883600
0,46245963;4,44883600
0,54437963;4,49385100
0,62629963;4,49385100
0,70821963;4,49385100
0,79013963;4,53871300
0,87205963;4,58372700
0,95397963;4,58372700
1,03589963;4,58372700
1,11781963;4,58372700
1,19973963;4,58372700
1,28165963;4,62874200
1,36357963;4,58372700
1,44549963;4,58372700
1,52741963;4,58372700
1,60933963;4,58372700
1,69125963;4,58372700
1,77317963;4,58372700
1,85509962;4,58372700
1,93701962;4,58372700
2,01893962;4,58372700
2,10085962;4,58372700
2,18277962;4,53871300
2,26469962;4,53871300
2,34661962;4,53871300
2,42853962;4,49385100
2,51045962;4,49385100
2,59237962;4,49385100
2,67429962;4,49385100
2,75621962;4,49385100
2,83813962;4,49385100
2,92005962;4,49385100
3,00197962;4,49385100
3,08389962;4,44883600
3,16581962;4,40397400
3,24773962;4,44883600
3,32965962;4,40397400
3,41157962;4,40397400
3,49349961;4,40397400
3,57541961;4,40397400
3,65733961;4,40397400
3,73925961;4,40397400
3,82117961;4,40397400
3,90309961;4,40397400
3,98501961;4,40397400
4,06693961;4,40397400
4,14885961;4,31409600
4,23077961;4,31409600
4,31269961;4,31409600
4,39461961;4,31409600
4,47653961;4,31409600
4,55845961;4,31409600
4,64037961;4,31409600
4,72229961;4,31409600
4,80421961;4,31409600
4,88613961;4,26908200
4,96805961;4,22406700
5,04997961;4,26908200
5,13189960;4,22406700
5,21381960;4,22406700
5,29573960;4,22406700
5,37765960;4,22406700
5,45957960;4,22406700
5,54149960;4,22406700
5,62341960;4,22406700
5,70533960;4,17920400
5,78725960;4,17920400
5,86917960;4,17920400
5,95109960;4,17920400
6,03301960;4,13419000
6,11493960;4,13419000
6,19685960;4,13419000
6,27877960;4,13419000
6,36069960;4,13419000
6,44261960;4,13419000
6,52453960;4,13419000
6,60645960;4,13419000
6,68837960;4,08932800
6,77029959;4,08932800
6,85221959;4,08932800
6,93413959;4,04431300
7,01605959;4,04431300
7,09797959;4,04431300
7,17989959;4,04431300
7,26181959;4,04431300
7,34373959;4,04431300
7,42565959;4,04431300
7,50757959;4,04431300
7,58949959;3,99929800
7,67141959;3,95443600
7,75333959;3,99929800
7,83525959;3,95443600
7,91717959;3,95443600
7,99909959;3,95443600
8,08101959;3,95443600
8,16293959;3,95443600
8,24485959;3,95443600
8,32677959;3,90942100
8,40869958;3,95443600
8,49061958;3,95443600
8,57253958;3,90942100
8,65445958;3,90942100
8,73637958;3,90942100
8,81829958;3,90942100
8,90021958;3,90942100
8,98213958;3,86455900
9,06405958;3,86455900
9,14597958;3,86455900
9,22789958;3,86455900
9,30981958;3,90942100
9,39173958;3,95443600
9,47365958;3,95443600
9,55557958;4,04431300
9,63749958;4,08932800
9,71941958;4,13419000
9,80133958;4,17920400
9,88325958;4,22406700
9,96517958;4,31409600
10,04709957;4,31409600
10,12901957;4,35895900
10,21093957;4,40397400
10,29285957;4,40397400
10,37477957;4,44883600
10,45669957;4,49385100
10,53861957;4,49385100
10,62053957;4,49385100
10,70245957;4,53871300
10,78437957;4,58372700
10,86629957;4,58372700
10,94821957;4,58372700
11,03013957;4,58372700
11,11205957;4,62874200
11,19397957;4,62874200
11,27589957;4,58372700
11,35781957;4,62874200
11,43973957;4,62874200
11,52165957;4,62874200
11,60357957;4,62874200
11,68549956;4,58372700
11,76741956;4,62874200
11,84933956;4,58372700
11,93125956;4,58372700
12,01317956;4,58372700
12,09509956;4,58372700
12,17701956;4,53871300
12,25893956;4,58372700
12,34085956;4,53871300
12,42277956;4,53871300
12,50469956;4,49385100
12,58661956;4,49385100
12,66853956;4,49385100
12,75045956;4,49385100
12,83237956;4,49385100
12,91429956;4,49385100
12,99621956;4,49385100
13,07813956;4,44883600
13,16005956;4,44883600
13,24197956;4,44883600
13,32389955;4,44883600
13,40581955;4,40397400
13,48773955;4,40397400
13,56965955;4,40397400
13,65157955;4,40397400
13,73349955;4,40397400
13,81541955;4,40397400
13,89733955;4,40397400
13,97925955;4,35895900
14,06117955;4,31409600
14,14309955;4,35895900
14,22501955;4,31409600
14,30693955;4,31409600
14,38885955;4,31409600
14,47077955;4,31409600
14,55269955;4,31409600
14,63461955;4,31409600
14,71653955;4,31409600
14,79845955;4,26908200
14,88037955;4,26908200
14,96229955;4,26908200
15,04421954;4,26908200
15,12613954;4,26908200
15,20805954;4,22406700
15,28997954;4,22406700
15,37189954;4,22406700
15,45381954;4,22406700
15,53573954;4,22406700
15,61765954;4,22406700
15,69957954;4,22406700
15,78149954;4,22406700
15,86341954;4,17920400
15,94533954;4,13419000
16,02725954;4,17920400
16,10917954;4,13419000
16,19109954;4,13419000
16,27301954;4,13419000
16,35493954;4,13419000
16,43685954;4,13419000
16,51877954;4,13419000
16,60069954;4,13419000
16,68261953;4,08932800
16,76453953;4,08932800
16,84645953;4,08932800
16,92837953;4,08932800
17,01029953;4,04431300
17,09221953;4,04431300
17,17413953;4,04431300
17,25605953;4,04431300
17,33797953;4,04431300
17,41989953;4,04431300
17,50181953;4,04431300
17,58373953;4,04431300
17,66565953;3,99929800
17,74757953;3,95443600
17,82949953;3,99929800
17,91141953;3,95443600
17,99333953;3,95443600
18,07525953;3,95443600
18,15717953;3,95443600
18,23909953;3,95443600
18,32101952;3,95443600
18,40293952;3,95443600
18,48485952;3,95443600
18,56677952;3,95443600
18,64869952;3,90942100
18,73061952;3,90942100
18,81253952;3,90942100
18,89445952;3,86455900
18,97637952;3,86455900
19,05829952;3,86455900
19,14021952;3,86455900
19,22213952;3,86455900
19,30405952;3,86455900
19,38597952;3,95443600
19,46789952;3,95443600
19,54981952;3,99929800
19,63173952;4,08932800
19,71365952;4,13419000
19,79557952;4,13419000
19,87749952;4,22406700
19,95941951;4,26908200
20,04133951;4,31409600
20,12325951;4,31409600
20,20517951;4,35895900
20,28709951;4,40397400
20,36901951;4,44883600
20,45093951;4,44883600
20,53285951;4,49385100
20,61477951;4,49385100
20,69669951;4,53871300
20,77861951;4,53871300
20,86053951;4,53871300
20,94245951;4,58372700
21,02437951;4,58372700
21,10629951;4,58372700
21,18821951;4,62874200
21,27013951;4,58372700
21,35205951;4,58372700
21,43397951;4,58372700
21,51589951;4,58372700
21,59781950;4,62874200
21,67973950;4,58372700
21,76165950;4,62874200
21,84357950;4,58372700
21,92549950;4,58372700
22,00741950;4,58372700
22,08933950;4,58372700
22,17125950;4,58372700
22,25317950;4,53871300
22,33509950;4,53871300
22,41701950;4,49385100
22,49893950;4,49385100
22,58085950;4,49385100
22,66277950;4,49385100
22,74469950;4,49385100
22,82661950;4,49385100
22,90853950;4,49385100
22,99045950;4,49385100
23,07237950;4,49385100
23,15429950;4,44883600
23,23621949;4,44883600
23,31813949;4,44883600
23,40005949;4,40397400
23,48197949;4,40397400
23,56389949;4,40397400
23,64581949;4,40397400
23,72773949;4,40397400
23,80965949;4,40397400
23,89157949;4,35895900
23,97349949;4,35895900
24,05541949;4,35895900
24,13733949;4,35895900
24,21925949;4,35895900
24,30117949;4,31409600
24,38309949;4,31409600
24,46501949;4,31409600
24,54693949;4,31409600
24,62885949;4,31409600
24,71077949;4,31409600
24,79269949;4,31409600
24,87461948;4,26908200
24,95653948;4,26908200
25,03845948;4,22406700
25,12037948;4,22406700
25,20229948;4,22406700
25,28421948;4,22406700
25,36613948;4,22406700
25,44805948;4,22406700
25,52997948;4,22406700
25,61189948;4,17920400
25,69381948;4,17920400
25,77573948;4,17920400
25,85765948;4,17920400
25,93957948;4,17920400
26,02149948;4,13419000
26,10341948;4,13419000
26,18533948;4,13419000
26,26725948;4,13419000
26,34917948;4,13419000
26,43109948;4,13419000
26,51301947;4,13419000
26,59493947;4,13419000
26,67685947;4,13419000
26,75877947;4,08932800
26,84069947;4,08932800
26,92261947;4,08932800
27,00453947;4,04431300
27,08645947;4,04431300
27,16837947;4,04431300
27,25029947;4,04431300
27,33221947;4,04431300
27,41413947;4,04431300
27,49605947;4,04431300
27,57797947;4,04431300
27,65989947;4,04431300
27,74181947;3,99929800
27,82373947;3,95443600
27,90565947;3,95443600
27,98757947;3,95443600
28,06949947;3,95443600
28,15141946;3,95443600
28,23333946;3,95443600
28,31525946;3,95443600
28,39717946;3,95443600
28,47909946;3,95443600
28,56101946;3,90942100
28,64293946;3,90942100
28,72485946;3,90942100
28,80677946;3,86455900
28,88869946;3,90942100
28,97061946;3,86455900
29,05253946;3,86455900
29,13445946;3,86455900
29,21637946;3,90942100
29,29829946;3,90942100
29,38021946;3,95443600
29,46213946;3,95443600
29,54405946;4,04431300
29,62597946;4,04431300
29,70789946;4,13419000
29,78981945;4,17920400
29,87173945;4,22406700
29,95365945;4,26908200
30,03557945;4,31409600
30,11749945;4,35895900
30,19941945;4,40397400
30,28133945;4,40397400
30,36325945;4,44883600
30,44517945;4,49385100
30,52709945;4,49385100
30,60901945;4,49385100
30,69093945;4,53871300
30,77285945;4,58372700
30,85477945;4,58372700
30,93669945;4,58372700
31,01861945;4,62874200
31,10053945;4,58372700
31,18245945;4,62874200
31,26437945;4,58372700
31,34629945;4,58372700
31,42821944;4,62874200
31,51013944;4,62874200
31,59205944;4,58372700
31,67397944;4,58372700
31,75589944;4,58372700
31,83781944;4,62874200
31,91973944;4,58372700
32,00165944;4,58372700
32,08357944;4,58372700
32,16549944;4,58372700
32,24741944;4,53871300
32,32933944;4,53871300
32,41125944;4,53871300
32,49317944;4,53871300
32,57509944;4,49385100
32,65701944;4,49385100
32,73893944;4,49385100
32,82085944;4,49385100
32,90277944;4,49385100
32,98469944;4,49385100
33,06661943;4,44883600
33,14853943;4,49385100
33,23045943;4,44883600
33,31237943;4,44883600
33,39429943;4,40397400
33,47621943;4,40397400
33,55813943;4,40397400
33,64005943;4,40397400
33,72197943;4,40397400
33,80389943;4,40397400
33,88581943;4,40397400
33,96773943;4,40397400
34,04965943;4,35895900
34,13157943;4,35895900
34,21349943;4,35895900
34,29541943;4,31409600
34,37733943;4,31409600
34,45925943;4,31409600
34,54117943;4,31409600
34,62309943;4,31409600
34,70501943;4,31409600
34,78693942;4,31409600
34,86885942;4,31409600
34,95077942;4,26908200
35,03269942;4,26908200
35,11461942;4,26908200
35,19653942;4,22406700
35,27845942;4,22406700
35,36037942;4,22406700
35,44229942;4,22406700
35,52421942;4,22406700
35,60613942;4,17920400
35,68805942;4,22406700
35,76997942;4,17920400
35,85189942;4,17920400
35,93381942;4,13419000
36,01573942;4,17920400
36,09765942;4,13419000
36,17957942;4,13419000
36,26149942;4,13419000
36,34341942;4,13419000
36,42533941;4,13419000
36,50725941;4,13419000
36,58917941;4,13419000
36,67109941;4,13419000
36,75301941;4,08932800
36,83493941;4,08932800
36,91685941;4,08932800
36,99877941;4,04431300
37,08069941;4,04431300
37,16261941;4,04431300
37,24453941;4,04431300
37,32645941;4,04431300
37,40837941;4,04431300
37,49029941;4,04431300
37,57221941;4,04431300
37,65413941;3,99929800
37,73605941;3,99929800
37,81797941;3,95443600
37,89989941;3,95443600
37,98181941;3,95443600
38,06373940;3,95443600
38,14565940;3,95443600
38,22757940;3,95443600
38,30949940;3,95443600
38,39141940;3,95443600
38,47333940;3,90942100
38,55525940;3,95443600
38,63717940;3,90942100
38,71909940;3,90942100
38,80101940;3,90942100
38,88293940;3,86455900
38,96485940;3,86455900
39,04677940;3,86455900
39,12869940;3,86455900
39,21061940;3,86455900
39,29253940;3,90942100
39,37445940;3,95443600
39,45637940;3,95443600
39,53829940;3,95443600
39,62021940;4,04431300
39,70213939;4,08932800
39,78405939;4,13419000
39,86597939;4,22406700
39,94789939;4,22406700
40,02981939;4,26908200
40,11173939;4,31409600
40,19365939;4,35895900
40,27557939;4,40397400
40,35749939;4,40397400
40,43941939;4,44883600
40,52133939;4,49385100
40,60325939;4,49385100
40,68517939;4,49385100
40,76709939;4,49385100
40,84901939;4,53871300
40,93093939;4,58372700
41,01285939;4,58372700
41,09477939;4,58372700
41,17669939;4,58372700
41,25861939;4,58372700
41,34053938;4,58372700
41,42245938;4,62874200
41,50437938;4,58372700
41,58629938;4,58372700
41,66821938;4,58372700
41,75013938;4,58372700
41,83205938;4,58372700
41,91397938;4,58372700
41,99589938;4,58372700
42,07781938;4,53871300
42,15973938;4,53871300
42,24165938;4,53871300
42,32357938;4,53871300
42,40549938;4,53871300
42,48741938;4,49385100
42,56933938;4,49385100
42,65125938;4,49385100
42,73317938;4,49385100
42,81509938;4,49385100
42,89701938;4,49385100
42,97893937;4,44883600
43,06085937;4,44883600
43,14277937;4,44883600
43,22469937;4,44883600
43,30661937;4,44883600
43,38853937;4,40397400
43,47045937;4,40397400
43,55237937;4,40397400
43,63429937;4,40397400
43,71621937;4,40397400
43,79813937;4,40397400
43,88005937;4,40397400
43,96197937;4,35895900
44,04389937;4,35895900
44,12581937;4,31409600
44,20773937;4,31409600
44,28965937;4,31409600
44,37157937;4,31409600
44,45349937;4,31409600
44,53541937;4,31409600
44,61733936;4,31409600
44,69925936;4,26908200
44,78117936;4,31409600
44,86309936;4,26908200
44,94501936;4,26908200
45,02693936;4,26908200
45,10885936;4,22406700
45,19077936;4,26908200
45,27269936;4,22406700
45,35461936;4,22406700
45,43653936;4,22406700
45,51845936;4,17920400
45,60037936;4,17920400
45,68229936;4,17920400
45,76421936;4,17920400
45,84613936;4,17920400
45,92805936;4,17920400
46,00997936;4,13419000
46,09189936;4,13419000
46,17381936;4,13419000
46,25573935;4,13419000
46,33765935;4,13419000
46,41957935;4,13419000
46,50149935;4,13419000
46,58341935;4,13419000
46,66533935;4,08932800
46,74725935;4,13419000
46,82917935;4,08932800
46,91109935;4,08932800
46,99301935;4,04431300
47,07493935;4,04431300
47,15685935;4,04431300
47,23877935;4,04431300
47,32069935;4,04431300
47,40261935;4,04431300
47,48453935;4,04431300
47,56645935;3,99929800
47,64837935;3,99929800
47,73029935;3,99929800
47,81221935;3,99929800
47,89413934;3,95443600
47,97605934;3,95443600
48,05797934;3,95443600
48,13989934;3,95443600
48,22181934;3,95443600
48,30373934;3,95443600
48,38565934;3,95443600
48,46757934;3,95443600
48,54949934;3,90942100
48,63141934;3,95443600
48,71333934;3,90942100
48,79525934;3,90942100
48,87717934;3,86455900
48,95909934;3,86455900
49,04101934;3,86455900
49,12293934;3,86455900
49,20485934;3,86455900
49,28677934;3,90942100
49,36869934;3,95443600
49,45061934;3,95443600
49,53253933;4,04431300
49,61445933;4,08932800
49,69637933;4,13419000
49,77829933;4,17920400
49,86021933;4,22406700
49,94213933;4,26908200
50,02405933;4,31409600
50,10597933;4,35895900
50,18789933;4,40397400
50,26981933;4,40397400
50,35173933;4,44883600
50,43365933;4,49385100
50,51557933;4,49385100
50,59749933;4,49385100
50,67941933;4,53871300
50,76133933;4,58372700
50,84325933;4,53871300
50,92517933;4,58372700
51,00709933;4,58372700
51,08901933;4,62874200
51,17093932;4,62874200
51,25285932;4,58372700
51,33477932;4,62874200
51,41669932;4,58372700
51,49861932;4,62874200
51,58053932;4,58372700
51,66245932;4,58372700
51,74437932;4,58372700
51,82629932;4,58372700
51,90821932;4,58372700
51,99013932;4,58372700
52,07205932;4,58372700
52,15397932;4,53871300
52,23589932;4,58372700
52,31781932;4,53871300
52,39973932;4,49385100
52,48165932;4,49385100
52,56357932;4,49385100
52,64549932;4,49385100
52,72741932;4,49385100
52,80933931;4,49385100
52,89125931;4,49385100
52,97317931;4,49385100
53,05509931;4,44883600
53,13701931;4,44883600
53,21893931;4,49385100
53,30085931;4,40397400
53,38277931;4,44883600
53,46469931;4,40397400
53,54661931;4,40397400
53,62853931;4,40397400
53,71045931;4,40397400
53,79237931;4,40397400
53,87429931;4,40397400
53,95621931;4,40397400
54,03813931;4,40397400
54,12005931;4,35895900
54,20197931;4,31409600
54,28389931;4,31409600
54,36581931;4,31409600
54,44773931;4,31409600
54,52965930;4,31409600
54,61157930;4,31409600
54,69349930;4,31409600
54,77541930;4,31409600
54,85733930;4,26908200
54,93925930;4,26908200
55,02117930;4,26908200
55,10309930;4,26908200
55,18501930;4,22406700
55,26693930;4,26908200
55,34885930;4,26908200
55,43077930;4,22406700
55,51269930;4,22406700
55,59461930;4,22406700
55,67653930;4,22406700
55,75845930;4,17920400
55,84037930;4,17920400
55,92229930;4,13419000
56,00421930;4,17920400
56,08613930;4,13419000
56,16805929;4,13419000
56,24997929;4,13419000
56,33189929;4,13419000
56,41381929;4,13419000
56,49573929;4,13419000
56,57765929;4,13419000
56,65957929;4,13419000
56,74149929;4,08932800
56,82341929;4,08932800
56,90533929;4,04431300
56,98725929;4,08932800
57,06917929;4,04431300
57,15109929;4,04431300
57,23301929;4,04431300
57,31493929;4,04431300
57,39685929;4,04431300
57,47877929;4,04431300
57,56069929;4,04431300
57,64261929;3,99929800
57,72453929;3,99929800
57,80645928;3,99929800
57,88837928;3,95443600
57,97029928;3,95443600
58,05221928;3,95443600
58,13413928;3,95443600
58,21605928;3,95443600
58,29797928;3,95443600
58,37989928;3,95443600
58,46181928;3,95443600
58,54373928;3,90942100
58,62565928;3,90942100
58,70757928;3,90942100
58,78949928;3,90942100
58,87141928;3,90942100
58,95333928;3,86455900
59,03525928;3,86455900
59,11717928;3,86455900
59,19909928;3,86455900
59,28101928;3,90942100
59,36293928;3,90942100
59,44485927;3,95443600
59,52677927;3,95443600
59,60869927;4,04431300
59,69061927;4,08932800
59,77253927;4,13419000
59,85445927;4,17920400
59,93637927;4,22406700
60,01829927;4,26908200
60,10021927;4,31409600
60,18213927;4,35895900
60,26405927;4,40397400
60,34597927;4,40397400
60,42789927;4,44883600
60,50981927;4,49385100
60,59173927;4,49385100
60,67365927;4,53871300
60,75557927;4,53871300
60,83749927;4,53871300
60,91941927;4,58372700
61,00133927;4,58372700
61,08325926;4,58372700
61,16517926;4,58372700
61,24709926;4,58372700
61,32901926;4,58372700
61,41093926;4,62874200
61,49285926;4,58372700
61,57477926;4,58372700
61,65669926;4,58372700
61,73861926;4,58372700
61,82053926;4,58372700
61,90245926;4,58372700
61,98437926;4,58372700
62,06629926;4,58372700
62,14821926;4,58372700
62,23013926;4,53871300
62,31205926;4,53871300
62,39397926;4,49385100
62,47589926;4,53871300
62,55781926;4,49385100
62,63973926;4,49385100
62,72165925;4,49385100
62,80357925;4,49385100
62,88549925;4,49385100
62,96741925;4,44883600
63,04933925;4,49385100
63,13125925;4,44883600
63,21317925;4,44883600
63,29509925;4,40397400
63,37701925;4,40397400
63,45893925;4,40397400
63,54085925;4,40397400
63,62277925;4,40397400
63,70469925;4,40397400
63,78661925;4,40397400
63,86853925;4,40397400
63,95045925;4,35895900
64,03237925;4,35895900
64,11429925;4,31409600
64,19621925;4,31409600
64,27813925;4,31409600
64,36005924;4,31409600
64,44197924;4,31409600
64,52389924;4,31409600
64,60581924;4,31409600
64,68773924;4,26908200
64,76965924;4,31409600
64,85157924;4,26908200
64,93349924;4,26908200
65,01541924;4,26908200
65,09733924;4,22406700
65,17925924;4,26908200
65,26117924;4,22406700
65,34309924;4,22406700
65,42501924;4,22406700
65,50693924;4,22406700
65,58885924;4,22406700
65,67077924;4,22406700
65,75269924;4,22406700
65,83461924;4,17920400
65,91653924;4,13419000
65,99845923;4,13419000
66,08037923;4,13419000
66,16229923;4,13419000
66,24421923;4,13419000
66,32613923;4,13419000
66,40805923;4,13419000
66,48997923;4,13419000
66,57189923;4,08932800
66,65381923;4,13419000
66,73573923;4,08932800
66,81765923;4,08932800
66,89957923;4,04431300
66,98149923;4,04431300
67,06341923;4,04431300
67,14533923;4,04431300
67,22725923;4,04431300
67,30917923;4,04431300
67,39109923;4,04431300
67,47301923;4,04431300
67,55493923;4,04431300
67,63685922;3,99929800
67,71877922;3,95443600
67,80069922;3,95443600
67,88261922;3,95443600
67,96453922;3,95443600
68,04645922;3,95443600
68,12837922;3,95443600
68,21029922;3,95443600
68,29221922;3,95443600
68,37413922;3,95443600
68,45605922;3,90942100
68,53797922;3,90942100
68,61989922;3,90942100
68,70181922;3,90942100
68,78373922;3,90942100
68,86565922;3,90942100
68,94757922;3,86455900
69,02949922;3,86455900
69,11141922;3,86455900
69,19333922;3,86455900
69,27525921;3,90942100
69,35717921;3,95443600
69,43909921;3,95443600
69,52101921;4,04431300
69,60293921;4,04431300
69,68485921;4,13419000
69,76677921;4,13419000
69,84869921;4,22406700
69,93061921;4,26908200
70,01253921;4,31409600
70,09445921;4,35895900
70,17637921;4,40397400
70,25829921;4,44883600
70,34021921;4,44883600
70,42213921;4,49385100
70,50405921;4,49385100
70,58597921;4,53871300
70,66789921;4,53871300
70,74981921;4,58372700
70,83173921;4,58372700
70,91365920;4,58372700
70,99557920;4,58372700
71,07749920;4,62874200
71,15941920;4,62874200
71,24133920;4,58372700
71,32325920;4,62874200
71,40517920;4,62874200
71,48709920;4,62874200
71,56901920;4,58372700
71,65093920;4,62874200
71,73285920;4,58372700
71,81477920;4,58372700
71,89669920;4,58372700
71,97861920;4,58372700
72,06053920;4,58372700
72,14245920;4,58372700
72,22437920;4,53871300
72,30629920;4,53871300
72,38821920;4,53871300
72,47013920;4,53871300
72,55205920;4,49385100
72,63397919;4,49385100
72,71589919;4,49385100
72,79781919;4,49385100
72,87973919;4,49385100
72,96165919;4,49385100
73,04357919;4,49385100
73,12549919;4,44883600
73,20741919;4,44883600
73,28933919;4,44883600
73,37125919;4,40397400
73,45317919;4,40397400
73,53509919;4,40397400
73,61701919;4,40397400
73,69893919;4,40397400
73,78085919;4,40397400
73,86277919;4,40397400
73,94469919;4,35895900
74,02661919;4,35895900
74,10853919;4,31409600
74,19045919;4,31409600
74,27237918;4,31409600
74,35429918;4,31409600
74,43621918;4,31409600
74,51813918;4,31409600
74,60005918;4,31409600
74,68197918;4,31409600
74,76389918;4,26908200
74,84581918;4,26908200
74,92773918;4,26908200
75,00965918;4,26908200
75,09157918;4,26908200
75,17349918;4,22406700
75,25541918;4,22406700
75,33733918;4,22406700
75,41925918;4,22406700
75,50117918;4,22406700
75,58309918;4,22406700
75,66501918;4,22406700
75,74693918;4,17920400
75,82885918;4,17920400
75,91077917;4,22406700
75,99269917;4,13419000
76,07461917;4,13419000
76,15653917;4,13419000
76,23845917;4,13419000
76,32037917;4,13419000
76,40229917;4,13419000
76,48421917;4,13419000
76,56613917;4,13419000
76,64805917;4,13419000
76,72997917;4,08932800
76,81189917;4,08932800
76,89381917;4,08932800
76,97573917;4,08932800
77,05765917;4,04431300
77,13957917;4,04431300
77,22149917;4,04431300
77,30341917;4,04431300
77,38533917;4,04431300
77,46725917;4,04431300
77,54917916;4,04431300
77,63109916;3,99929800
77,71301916;3,99929800
77,79493916;3,95443600
77,87685916;3,95443600
77,95877916;3,95443600
78,04069916;3,95443600
78,12261916;3,95443600
78,20453916;3,95443600
78,28645916;3,95443600
78,36837916;3,95443600
78,45029916;3,95443600
78,53221916;3,95443600
78,61413916;3,90942100
78,69605916;3,90942100
78,77797916;3,90942100
78,85989916;3,90942100
78,94181916;3,86455900
79,02373916;3,86455900
79,10565916;3,86455900
79,18757915;3,90942100
79,26949915;3,86455900
79,35141915;3,90942100
79,43333915;3,95443600
79,51525915;3,95443600
79,59717915;4,04431300
79,67909915;4,08932800
79,76101915;4,13419000
79,84293915;4,22406700
79,92485915;4,22406700
80,00677915;4,26908200
80,08869915;4,31409600
80,17061915;4,31409600
80,25253915;4,40397400
80,33445915;4,40397400
80,41637915;4,44883600
80,49829915;4,49385100
80,58021915;4,49385100
80,66213915;4,49385100
80,74405915;4,53871300
80,82597914;4,53871300
80,90789914;4,53871300
80,98981914;4,58372700
81,07173914;4,58372700
81,15365914;4,58372700
81,23557914;4,62874200
81,31749914;4,62874200
81,39941914;4,62874200
81,48133914;4,62874200
81,56325914;4,58372700
81,64517914;4,58372700
81,72709914;4,58372700
81,80901914;4,58372700
81,89093914;4,58372700
81,97285914;4,58372700
82,05477914;4,58372700
82,13669914;4,58372700
82,21861914;4,53871300
82,30053914;4,53871300
82,38245914;4,49385100
82,46437913;4,49385100
82,54629913;4,49385100
82,62821913;4,49385100
82,71013913;4,49385100
82,79205913;4,49385100
82,87397913;4,49385100
82,95589913;4,49385100
83,03781913;4,49385100
83,11973913;4,49385100
83,20165913;4,44883600
83,28357913;4,44883600
83,36549913;4,40397400
83,44741913;4,40397400
83,52933913;4,40397400
83,61125913;4,40397400
83,69317913;4,40397400
83,77509913;4,40397400
83,85701913;4,40397400
83,93893913;4,40397400
84,02085913;4,35895900
84,10277912;4,31409600
84,18469912;4,31409600
84,26661912;4,31409600
84,34853912;4,31409600
84,43045912;4,31409600
84,51237912;4,31409600
84,59429912;4,31409600
84,67621912;4,31409600
84,75813912;4,31409600
84,84005912;4,26908200
84,92197912;4,26908200
85,00389912;4,26908200
85,08581912;4,22406700
85,16773912;4,26908200
85,24965912;4,22406700
85,33157912;4,22406700
85,41349912;4,22406700
85,49541912;4,22406700
85,57733912;4,22406700
85,65925912;4,17920400
85,74117911;4,17920400
85,82309911;4,17920400
85,90501911;4,17920400
85,98693911;4,13419000
86,06885911;4,13419000
86,15077911;4,13419000
86,23269911;4,13419000
86,31461911;4,13419000
86,39653911;4,13419000
86,47845911;4,13419000
86,56037911;4,13419000
86,64229911;4,08932800
86,72421911;4,08932800
86,80613911;4,04431300
86,88805911;4,08932800
86,96997911;4,08932800
87,05189911;4,08932800
87,13381911;4,04431300
87,21573911;4,04431300
87,29765911;4,04431300
87,37957910;4,04431300
87,46149910;4,04431300
87,54341910;3,99929800
87,62533910;3,99929800
87,70725910;3,99929800
87,78917910;3,95443600
87,87109910;3,95443600
87,95301910;3,95443600
88,03493910;3,95443600
88,11685910;3,95443600
88,19877910;3,95443600
88,28069910;3,95443600
88,36261910;3,95443600
88,44453910;3,95443600
88,52645910;3,90942100
88,60837910;3,90942100
88,69029910;3,90942100
88,77221910;3,90942100
88,85413910;3,90942100
88,93605910;3,86455900
89,01797909;3,86455900
89,09989909;3,86455900
89,18181909;3,86455900
89,26373909;3,90942100
89,34565909;3,95443600
89,42757909;3,95443600
89,50949909;3,99929800
89,59141909;4,04431300
89,67333909;4,13419000
89,75525909;4,17920400
89,83717909;4,22406700
89,91909909;4,26908200
90,00101909;4,31409600
90,08293909;4,35895900
90,16485909;4,40397400
90,24677909;4,40397400
90,32869909;4,44883600
90,41061909;4,49385100
90,49253909;4,49385100
90,57445909;4,53871300
90,65637908;4,58372700
90,73829908;4,58372700
90,82021908;4,58372700
90,90213908;4,58372700
90,98405908;4,62874200
91,06597908;4,62874200
91,14789908;4,62874200
91,22981908;4,62874200
91,31173908;4,62874200
91,39365908;4,62874200
91,47557908;4,62874200
91,55749908;4,62874200
91,63941908;4,62874200
91,72133908;4,62874200
91,80325908;4,58372700
91,88517908;4,58372700
91,96709908;4,58372700
92,04901908;4,58372700
92,13093908;4,58372700
92,21285908;4,53871300
92,29477908;4,58372700
92,37669907;4,53871300
92,45861907;4,53871300
92,54053907;4,49385100
92,62245907;4,49385100
92,70437907;4,49385100
92,78629907;4,49385100
92,86821907;4,49385100
92,95013907;4,49385100
93,03205907;4,44883600
93,11397907;4,49385100
93,19589907;4,44883600
93,27781907;4,44883600
93,35973907;4,44883600
93,44165907;4,44883600
93,52357907;4,40397400
93,60549907;4,40397400
93,68741907;4,40397400
93,76933907;4,40397400
93,85125907;4,40397400
93,93317907;4,40397400
94,01509906;4,40397400
94,09701906;4,35895900
94,17893906;4,31409600
94,26085906;4,31409600
94,34277906;4,31409600
94,42469906;4,31409600
94,50661906;4,31409600
94,58853906;4,31409600
94,67045906;4,31409600
94,75237906;4,31409600
94,83429906;4,26908200
94,91621906;4,26908200
94,99813906;4,26908200
95,08005906;4,26908200
95,16197906;4,22406700
95,24389906;4,22406700
95,32581906;4,22406700
95,40773906;4,22406700
95,48965906;4,22406700
95,57157906;4,22406700
95,65349905;4,22406700
95,73541905;4,22406700
95,81733905;4,17920400
95,89925905;4,17920400
95,98117905;4,17920400
96,06309905;4,17920400
96,14501905;4,13419000
96,22693905;4,13419000
96,30885905;4,13419000
96,39077905;4,13419000
96,47269905;4,13419000
96,55461905;4,13419000
96,63653905;4,08932800
96,71845905;4,13419000
96,80037905;4,08932800
96,88229905;4,04431300
96,96421905;4,04431300
97,04613905;4,08932800
97,12805905;4,04431300
97,20997905;4,04431300
97,29189904;4,04431300
97,37381904;4,04431300
97,45573904;4,04431300
97,53765904;4,04431300
97,61957904;4,04431300
97,70149904;3,99929800
97,78341904;3,95443600
97,86533904;3,99929800
97,94725904;3,95443600
98,02917904;3,95443600
98,11109904;3,95443600
98,19301904;3,95443600
98,27493904;3,95443600
98,35685904;3,95443600
98,43877904;3,95443600
98,52069904;3,95443600
98,60261904;3,95443600
98,68453904;3,90942100
98,76645904;3,90942100
98,84837904;3,90942100
98,93029903;3,90942100
99,01221903;3,86455900
99,09413903;3,86455900
99,17605903;3,86455900
99,25797903;3,86455900
99,33989903;3,90942100
99,42181903;3,95443600
99,50373903;3,95443600
99,58565903;4,04431300
99,66757903;4,04431300
99,74949903;4,13419000
99,83141903;4,17920400
99,91333903;4,22406700
99,99525903;4,31409600
100,07717903;4,31409600
100,15909903;4,31409600
100,24101903;4,40397400
100,32293903;4,40397400
100,40485903;4,44883600
100,48677903;4,49385100
100,56869902;4,49385100
100,65061902;4,49385100
100,73253902;4,53871300
100,81445902;4,53871300
100,89637902;4,58372700
100,97829902;4,58372700
101,06021902;4,58372700
101,14213902;4,58372700
101,22405902;4,58372700
101,30597902;4,62874200
101,38789902;4,58372700
101,46981902;4,58372700
101,55173902;4,62874200
101,63365902;4,58372700
101,71557902;4,58372700
101,79749902;4,58372700
101,87941902;4,58372700
101,96133902;4,58372700
102,04325902;4,58372700
102,12517902;4,58372700
102,20709901;4,53871300
102,28901901;4,53871300
102,37093901;4,49385100
102,45285901;4,49385100
102,53477901;4,49385100
102,61669901;4,49385100
102,69861901;4,49385100
102,78053901;4,49385100
102,86245901;4,49385100
102,94437901;4,49385100
103,02629901;4,49385100
103,10821901;4,44883600
103,19013901;4,44883600
103,27205901;4,40397400
103,35397901;4,40397400
103,43589901;4,40397400
103,51781901;4,40397400
103,59973901;4,40397400
103,68165901;4,40397400
103,76357901;4,40397400
103,84549900;4,40397400
103,92741900;4,40397400
104,00933900;4,35895900
104,09125900;4,35895900
104,17317900;4,31409600
104,25509900;4,31409600
104,33701900;4,31409600
104,41893900;4,31409600
104,50085900;4,31409600
104,58277900;4,31409600
104,66469900;4,31409600
104,74661900;4,31409600
104,82853900;4,26908200
104,91045900;4,26908200
104,99237900;4,26908200
105,07429900;4,22406700
105,15621900;4,22406700
105,23813900;4,22406700
105,32005900;4,22406700
105,40197900;4,22406700
105,48389899;4,22406700
105,56581899;4,22406700
105,64773899;4,22406700
105,72965899;4,22406700
105,81157899;4,17920400
105,89349899;4,17920400
105,97541899;4,13419000
106,05733899;4,17920400
106,13925899;4,13419000
106,22117899;4,13419000
106,30309899;4,13419000
106,38501899;4,13419000
106,46693899;4,13419000
106,54885899;4,13419000
106,63077899;4,08932800
106,71269899;4,08932800
106,79461899;4,08932800
106,87653899;4,08932800
106,95845899;4,04431300
107,04037899;4,04431300
107,12229898;4,04431300
107,20421898;4,04431300
107,28613898;4,04431300
107,36805898;4,04431300
107,44997898;4,04431300
107,53189898;4,04431300
107,61381898;3,99929800
107,69573898;3,95443600
107,77765898;3,99929800
107,85957898;3,95443600
107,94149898;3,95443600
108,02341898;3,95443600
108,10533898;3,95443600
108,18725898;3,95443600
108,26917898;3,95443600
108,35109898;3,95443600
108,43301898;3,95443600
108,51493898;3,90942100
108,59685898;3,90942100
108,67877898;3,90942100
108,76069897;3,90942100
108,84261897;3,90942100
108,92453897;3,86455900
109,00645897;3,86455900
109,08837897;3,90942100
109,17029897;3,86455900
109,25221897;3,90942100
109,33413897;3,90942100
109,41605897;3,95443600
109,49797897;3,95443600
109,57989897;4,04431300
109,66181897;4,08932800
109,74373897;4,13419000
109,82565897;4,22406700
109,90757897;4,26908200
109,98949897;4,31409600
110,07141897;4,31409600
110,15333897;4,40397400
110,23525897;4,40397400
110,31717897;4,40397400
110,39909896;4,49385100
110,48101896;4,49385100
110,56293896;4,49385100
110,64485896;4,53871300
110,72677896;4,53871300
110,80869896;4,58372700
110,89061896;4,58372700
110,97253896;4,58372700
111,05445896;4,62874200
111,13637896;4,62874200
111,21829896;4,62874200
111,30021896;4,62874200
111,38213896;4,62874200
111,46405896;4,58372700
111,54597896;4,62874200
111,62789896;4,58372700
111,70981896;4,58372700
111,79173896;4,58372700
111,87365896;4,58372700
111,95557896;4,58372700
112,03749896;4,58372700
112,11941895;4,58372700
112,20133895;4,53871300
112,28325895;4,58372700
112,36517895;4,53871300
112,44709895;4,53871300
112,52901895;4,49385100
112,61093895;4,49385100
112,69285895;4,49385100
112,77477895;4,49385100
112,85669895;4,49385100
112,93861895;4,49385100
113,02053895;4,49385100
113,10245895;4,49385100
113,18437895;4,44883600
113,26629895;4,44883600
113,34821895;4,40397400
113,43013895;4,40397400
113,51205895;4,40397400
113,59397895;4,40397400
113,67589895;4,40397400
113,75781894;4,40397400
113,83973894;4,40397400
113,92165894;4,40397400
114,00357894;4,40397400
114,08549894;4,35895900
114,16741894;4,35895900
114,24933894;4,31409600
114,33125894;4,31409600
114,41317894;4,31409600
114,49509894;4,31409600
114,57701894;4,31409600
114,65893894;4,31409600
114,74085894;4,31409600
114,82277894;4,26908200
114,90469894;4,26908200
114,98661894;4,26908200
115,06853894;4,26908200
115,15045894;4,22406700
115,23237894;4,26908200
115,31429894;4,22406700
115,39621893;4,22406700
115,47813893;4,22406700
115,56005893;4,22406700
115,64197893;4,22406700
115,72389893;4,17920400
115,80581893;4,17920400
115,88773893;4,17920400
115,96965893;4,13419000
116,05157893;4,13419000
116,13349893;4,13419000
116,21541893;4,13419000
116,29733893;4,13419000
116,37925893;4,13419000
116,46117893;4,13419000
116,54309893;4,13419000
116,62501893;4,13419000
116,70693893;4,08932800
116,78885893;4,08932800
116,87077893;4,08932800
116,95269893;4,04431300
117,03461892;4,04431300
117,11653892;4,04431300
117,19845892;4,04431300
117,28037892;4,04431300
117,36229892;4,04431300
117,44421892;4,04431300
117,52613892;3,99929800
117,60805892;4,04431300
117,68997892;3,99929800
117,77189892;3,95443600
117,85381892;3,99929800
117,93573892;3,95443600
118,01765892;3,95443600
118,09957892;3,95443600
118,18149892;3,95443600
118,26341892;3,95443600
118,34533892;3,95443600
118,42725892;3,95443600
118,50917892;3,95443600
118,59109892;3,90942100
118,67301891;3,90942100
118,75493891;3,90942100
118,83685891;3,90942100
118,91877891;3,90942100
119,00069891;3,86455900
119,08261891;3,90942100
119,16453891;3,86455900
119,24645891;3,90942100
119,32837891;3,90942100
119,41029891;3,95443600
119,49221891;3,95443600
119,57413891;4,04431300
119,65605891;4,08932800
119,73797891;4,13419000
119,81989891;4,17920400
119,90181891;4,22406700
119,98373891;4,26908200
120,06565891;4,31409600
120,14757891;4,31409600
120,22949891;4,40397400
120,31141890;4,40397400
120,39333890;4,40397400
120,47525890;4,44883600
120,55717890;4,49385100
120,63909890;4,49385100
120,72101890;4,49385100
120,80293890;4,53871300
120,88485890;4,53871300
120,96677890;4,58372700
121,04869890;4,58372700
121,13061890;4,58372700
121,21253890;4,58372700
121,29445890;4,62874200
121,37637890;4,62874200
121,45829890;4,58372700
121,54021890;4,58372700
121,62213890;4,58372700
121,70405890;4,58372700
121,78597890;4,58372700
121,86789890;4,58372700
121,94981889;4,58372700
122,03173889;4,58372700
122,11365889;4,53871300
122,19557889;4,53871300
122,27749889;4,53871300
122,35941889;4,49385100
122,44133889;4,53871300
122,52325889;4,49385100
122,60517889;4,49385100
122,68709889;4,49385100
122,76901889;4,49385100
122,85093889;4,49385100
122,93285889;4,49385100
123,01477889;4,49385100
123,09669889;4,44883600
123,17861889;4,44883600
123,26053889;4,44883600
123,34245889;4,40397400
123,42437889;4,40397400
123,50629889;4,40397400
123,58821888;4,40397400
123,67013888;4,40397400
123,75205888;4,40397400
123,83397888;4,40397400
123,91589888;4,40397400
123,99781888;4,35895900
124,07973888;4,31409600
124,16165888;4,31409600
124,24357888;4,31409600
124,32549888;4,31409600
124,40741888;4,31409600
124,48933888;4,31409600
124,57125888;4,31409600
124,65317888;4,31409600
124,73509888;4,31409600
124,81701888;4,26908200
124,89893888;4,26908200
124,98085888;4,26908200
125,06277888;4,26908200
125,14469888;4,26908200
125,22661887;4,22406700
125,30853887;4,22406700
125,39045887;4,22406700
125,47237887;4,22406700
125,55429887;4,22406700
125,63621887;4,22406700
125,71813887;4,22406700
125,80005887;4,17920400
125,88197887;4,13419000
125,96389887;4,13419000
126,04581887;4,13419000
126,12773887;4,13419000
126,20965887;4,13419000
126,29157887;4,13419000
126,37349887;4,13419000
126,45541887;4,13419000
126,53733887;4,13419000
126,61925887;4,13419000
126,70117887;4,13419000
126,78309887;4,13419000
126,86501886;4,08932800
126,94693886;4,04431300
127,02885886;4,04431300
127,11077886;4,04431300
127,19269886;4,04431300
127,27461886;4,04431300
127,35653886;4,04431300
127,43845886;4,04431300
127,52037886;4,04431300
127,60229886;3,95443600
127,68421886;3,99929800
127,76613886;3,95443600
127,84805886;3,95443600
127,92997886;3,95443600
128,01189886;3,95443600
128,09381886;3,95443600
128,17573886;3,95443600
128,25765886;3,95443600
128,33957886;3,95443600
128,42149886;3,90942100
128,50341885;3,90942100
128,58533885;3,95443600
128,66725885;3,90942100
128,74917885;3,90942100
128,83109885;3,86455900
128,91301885;3,86455900
128,99493885;3,86455900
129,07685885;3,86455900
129,15877885;3,86455900
129,24069885;3,90942100
129,32261885;3,90942100
129,40453885;3,95443600
129,48645885;3,95443600
129,56837885;4,04431300
129,65029885;4,08932800
129,73221885;4,13419000
129,81413885;4,22406700
129,89605885;4,26908200
129,97797885;4,31409600
130,05989885;4,31409600
130,14181885;4,40397400
130,22373884;4,40397400
130,30565884;4,44883600
130,38757884;4,49385100
130,46949884;4,49385100
130,55141884;4,49385100
130,63333884;4,53871300
130,71525884;4,53871300
130,79717884;4,58372700
130,87909884;4,58372700
130,96101884;4,58372700
131,04293884;4,58372700
131,12485884;4,62874200
131,20677884;4,62874200
131,28869884;4,62874200
131,37061884;4,62874200
131,45253884;4,58372700
131,53445884;4,62874200
131,61637884;4,62874200
131,69829884;4,58372700
131,78021884;4,58372700
131,86213883;4,58372700
131,94405883;4,58372700
132,02597883;4,58372700
132,10789883;4,58372700
132,18981883;4,53871300
132,27173883;4,53871300
132,35365883;4,53871300
132,43557883;4,49385100
132,51749883;4,49385100
132,59941883;4,49385100
132,68133883;4,49385100
132,76325883;4,49385100
132,84517883;4,49385100
132,92709883;4,49385100
133,00901883;4,44883600
133,09093883;4,44883600
133,17285883;4,44883600
133,25477883;4,44883600
133,33669883;4,44883600
133,41861883;4,40397400
133,50053882;4,40397400
133,58245882;4,40397400
133,66437882;4,40397400
133,74629882;4,40397400
133,82821882;4,40397400
133,91013882;4,40397400
133,99205882;4,40397400
134,07397882;4,31409600
134,15589882;4,35895900
134,23781882;4,31409600
134,31973882;4,31409600
134,40165882;4,31409600
134,48357882;4,31409600
134,56549882;4,31409600
134,64741882;4,31409600
134,72933882;4,31409600
134,81125882;4,26908200
134,89317882;4,26908200
134,97509882;4,26908200
135,05701882;4,26908200
135,13893881;4,22406700
135,22085881;4,22406700
135,30277881;4,22406700
135,38469881;4,22406700
135,46661881;4,22406700
135,54853881;4,22406700
135,63045881;4,22406700
135,71237881;4,17920400
135,79429881;4,17920400
135,87621881;4,17920400
135,95813881;4,17920400
136,04005881;4,13419000
136,12197881;4,13419000
136,20389881;4,13419000
136,28581881;4,13419000
136,36773881;4,13419000
136,44965881;4,13419000
136,53157881;4,13419000
136,61349881;4,13419000
136,69541881;4,08932800
136,77733880;4,08932800
136,85925880;4,08932800
136,94117880;4,08932800
137,02309880;4,08932800
137,10501880;4,04431300
137,18693880;4,04431300
137,26885880;4,04431300
137,35077880;4,04431300
137,43269880;4,04431300
137,51461880;4,04431300
137,59653880;4,04431300
137,67845880;3,99929800
137,76037880;3,99929800
137,84229880;3,95443600
137,92421880;3,95443600
138,00613880;3,95443600
138,08805880;3,95443600
138,16997880;3,95443600
138,25189880;3,95443600
138,33381880;3,95443600
138,41573879;3,95443600
138,49765879;3,95443600
138,57957879;3,95443600
138,66149879;3,95443600
138,74341879;3,90942100
138,82533879;3,90942100
138,90725879;3,86455900
138,98917879;3,86455900
139,07109879;3,86455900
139,15301879;3,86455900
139,23493879;3,86455900
139,31685879;3,90942100
139,39877879;3,95443600
139,48069879;3,95443600
139,56261879;4,04431300
139,64453879;4,04431300
139,72645879;4,13419000
139,80837879;4,17920400
139,89029879;4,22406700
139,97221879;4,26908200
140,05413878;4,31409600
140,13605878;4,31409600
140,21797878;4,40397400
140,29989878;4,40397400
140,38181878;4,44883600
140,46373878;4,49385100
140,54565878;4,49385100
140,62757878;4,49385100
140,70949878;4,49385100
140,79141878;4,53871300
140,87333878;4,58372700
140,95525878;4,58372700
141,03717878;4,58372700
141,11909878;4,58372700
141,20101878;4,62874200
141,28293878;4,62874200
141,36485878;4,58372700
141,44677878;4,58372700
141,52869878;4,62874200
141,61061878;4,58372700
141,69253877;4,58372700
141,77445877;4,58372700
141,85637877;4,58372700
141,93829877;4,58372700
142,02021877;4,58372700
142,10213877;4,58372700
142,18405877;4,58372700
142,26597877;4,53871300
142,34789877;4,53871300
142,42981877;4,53871300
142,51173877;4,49385100
142,59365877;4,49385100
142,67557877;4,49385100
142,75749877;4,49385100
142,83941877;4,49385100
142,92133877;4,49385100
143,00325877;4,44883600
143,08517877;4,44883600
143,16709877;4,44883600
143,24901877;4,44883600
143,33093876;4,44883600
143,41285876;4,44883600
143,49477876;4,40397400
143,57669876;4,40397400
143,65861876;4,40397400
143,74053876;4,40397400
143,82245876;4,40397400
143,90437876;4,40397400
143,98629876;4,35895900
144,06821876;4,31409600
144,15013876;4,31409600
144,23205876;4,31409600
144,31397876;4,31409600
144,39589876;4,31409600
144,47781876;4,31409600
144,55973876;4,31409600
144,64165876;4,31409600
144,72357876;4,31409600
144,80549876;4,31409600
144,88741876;4,26908200
144,96933875;4,26908200
145,05125875;4,26908200
145,13317875;4,22406700
145,21509875;4,22406700
145,29701875;4,22406700
145,37893875;4,22406700
145,46085875;4,22406700
145,54277875;4,22406700
145,62469875;4,17920400
145,70661875;4,17920400
145,78853875;4,17920400
145,87045875;4,17920400
145,95237875;4,13419000
146,03429875;4,13419000
146,11621875;4,13419000
146,19813875;4,13419000
146,28005875;4,13419000
146,36197875;4,13419000
146,44389875;4,13419000
146,52581875;4,13419000
146,60773874;4,13419000
146,68965874;4,13419000
146,77157874;4,08932800
146,85349874;4,08932800
146,93541874;4,08932800
147,01733874;4,04431300
147,09925874;4,04431300
147,18117874;4,04431300
147,26309874;4,04431300
147,34501874;4,04431300
147,42693874;4,04431300
147,50885874;4,04431300
147,59077874;4,04431300
147,67269874;3,99929800
147,75461874;3,95443600
147,83653874;3,95443600
147,91845874;3,95443600
148,00037874;3,95443600
148,08229874;3,95443600
148,16421874;3,95443600
148,24613873;3,95443600
148,32805873;3,95443600
148,40997873;3,95443600
148,49189873;3,95443600
148,57381873;3,90942100
148,65573873;3,90942100
148,73765873;3,90942100
148,81957873;3,90942100
148,90149873;3,86455900
148,98341873;3,86455900
149,06533873;3,86455900
149,14725873;3,86455900
149,22917873;3,86455900
149,31109873;3,90942100
149,39301873;3,95443600
149,47493873;3,99929800
149,55685873;4,04431300
149,63877873;4,08932800
149,72069873;4,13419000
149,80261873;4,22406700
149,88453873;4,26908200
149,96645872;4,26908200
150,04837872;4,31409600
150,13029872;4,35895900
150,21221872;4,40397400
150,29413872;4,44883600
150,37605872;4,49385100
150,45797872;4,49385100
150,53989872;4,49385100
150,62181872;4,53871300
150,70373872;4,53871300
150,78565872;4,58372700
150,86757872;4,58372700
150,94949872;4,58372700
151,03141872;4,62874200
151,11333872;4,62874200
151,19525872;4,62874200
151,27717872;4,62874200
151,35909872;4,62874200
151,44101872;4,62874200
151,52293872;4,62874200
151,60485871;4,58372700
151,68677871;4,58372700
151,76869871;4,58372700
151,85061871;4,58372700
151,93253871;4,58372700
152,01445871;4,58372700
152,09637871;4,58372700
152,17829871;4,53871300
152,26021871;4,53871300
152,34213871;4,53871300
152,42405871;4,49385100
152,50597871;4,49385100
152,58789871;4,49385100
152,66981871;4,49385100
152,75173871;4,49385100
152,83365871;4,49385100
152,91557871;4,49385100
152,99749871;4,44883600
153,07941871;4,44883600
153,16133871;4,44883600
153,24325870;4,40397400
153,32517870;4,40397400
153,40709870;4,40397400
153,48901870;4,40397400
153,57093870;4,40397400
153,65285870;4,40397400
153,73477870;4,40397400
153,81669870;4,40397400
153,89861870;4,40397400
153,98053870;4,40397400
154,06245870;4,35895900
154,14437870;4,31409600
154,22629870;4,31409600
154,30821870;4,31409600
154,39013870;4,31409600
154,47205870;4,31409600
154,55397870;4,31409600
154,63589870;4,31409600
154,71781870;4,31409600
154,79973870;4,26908200
154,88165869;4,26908200
154,96357869;4,26908200
155,04549869;4,26908200
155,12741869;4,22406700
155,20933869;4,22406700
155,29125869;4,22406700
155,37317869;4,22406700
155,45509869;4,22406700
155,53701869;4,22406700
155,61893869;4,22406700
155,70085869;4,17920400
155,78277869;4,17920400
155,86469869;4,17920400
155,94661869;4,17920400
156,02853869;4,13419000
156,11045869;4,13419000
156,19237869;4,13419000
156,27429869;4,13419000
156,35621869;4,13419000
156,43813869;4,13419000
156,52005868;4,13419000
156,60197868;4,08932800
156,68389868;4,08932800
156,76581868;4,08932800
156,84773868;4,08932800
156,92965868;4,04431300
157,01157868;4,08932800
157,09349868;4,04431300
157,17541868;4,04431300
157,25733868;4,04431300
157,33925868;4,04431300
157,42117868;4,04431300
157,50309868;4,04431300
157,58501868;4,04431300
157,66693868;4,04431300
157,74885868;3,95443600
157,83077868;3,95443600
157,91269868;3,95443600
157,99461868;3,95443600
158,07653868;3,95443600
158,15845867;3,95443600
158,24037867;3,95443600
158,32229867;3,95443600
158,40421867;3,95443600
158,48613867;3,95443600
158,56805867;3,90942100
158,64997867;3,90942100
158,73189867;3,90942100
158,81381867;3,86455900
158,89573867;3,86455900
158,97765867;3,86455900
159,05957867;3,86455900
159,14149867;3,86455900
159,22341867;3,86455900
159,30533867;3,86455900
159,38725867;3,90942100
159,46917867;3,95443600
159,55109867;3,99929800
159,63301867;4,04431300
159,71493867;4,13419000
159,79685866;4,17920400
159,87877866;4,22406700
159,96069866;4,22406700
160,04261866;4,31409600
160,12453866;4,31409600
160,20645866;4,40397400
160,28837866;4,40397400
160,37029866;4,40397400
160,45221866;4,49385100
160,53413866;4,49385100
160,61605866;4,49385100
160,69797866;4,49385100
160,77989866;4,53871300
160,86181866;4,53871300
160,94373866;4,58372700
161,02565866;4,58372700
161,10757866;4,58372700
161,18949866;4,58372700
161,27141866;4,62874200
161,35333866;4,58372700
161,43525865;4,58372700
161,51717865;4,58372700
161,59909865;4,58372700
161,68101865;4,58372700
161,76293865;4,58372700
161,84485865;4,58372700
161,92677865;4,58372700
162,00869865;4,58372700
162,09061865;4,58372700
162,17253865;4,53871300
162,25445865;4,53871300
162,33637865;4,53871300
162,41829865;4,49385100
162,50021865;4,49385100
162,58213865;4,49385100
162,66405865;4,49385100
162,74597865;4,49385100
162,82789865;4,49385100
162,90981865;4,49385100
162,99173865;4,44883600
163,07365864;4,49385100
163,15557864;4,44883600
163,23749864;4,44883600
163,31941864;4,40397400
163,40133864;4,40397400
163,48325864;4,40397400
163,56517864;4,40397400
163,64709864;4,40397400
163,72901864;4,40397400
163,81093864;4,40397400
163,89285864;4,40397400
163,97477864;4,35895900
164,05669864;4,35895900
164,13861864;4,35895900
164,22053864;4,35895900
164,30245864;4,31409600
164,38437864;4,31409600
164,46629864;4,31409600
164,54821864;4,31409600
164,63013864;4,31409600
164,71205863;4,26908200
164,79397863;4,31409600
164,87589863;4,26908200
164,95781863;4,26908200
165,03973863;4,26908200
165,12165863;4,22406700
165,20357863;4,22406700
165,28549863;4,22406700
165,36741863;4,22406700
165,44933863;4,22406700
165,53125863;4,22406700
165,61317863;4,22406700
165,69509863;4,22406700
165,77701863;4,13419000
165,85893863;4,17920400
165,94085863;4,17920400
166,02277863;4,13419000
166,10469863;4,13419000
166,18661863;4,13419000
166,26853863;4,13419000
166,35045862;4,13419000
166,43237862;4,13419000
166,51429862;4,13419000
166,59621862;4,08932800
166,67813862;4,08932800
166,76005862;4,04431300
166,84197862;4,04431300
166,92389862;4,08932800
167,00581862;4,04431300
167,08773862;4,04431300
167,16965862;4,04431300
167,25157862;4,04431300
167,33349862;4,04431300
167,41541862;4,04431300
167,49733862;4,04431300
167,57925862;3,99929800
167,66117862;3,99929800
167,74309862;3,95443600
167,82501862;3,95443600
167,90693862;3,95443600
167,98885861;3,95443600
168,07077861;3,95443600
168,15269861;3,95443600
168,23461861;3,95443600
168,31653861;3,95443600
168,39845861;3,95443600
168,48037861;3,95443600
168,56229861;3,90942100
168,64421861;3,90942100
168,72613861;3,90942100
168,80805861;3,90942100
168,88997861;3,90942100
168,97189861;3,86455900
169,05381861;3,86455900
169,13573861;3,86455900
169,21765861;3,86455900
169,29957861;3,90942100
169,38149861;3,95443600
169,46341861;3,95443600
169,54533861;4,04431300
169,62725861;4,08932800
169,70917860;4,13419000
169,79109860;4,17920400
169,87301860;4,22406700
169,95493860;4,26908200
170,03685860;4,31409600
170,11877860;4,35895900
170,20069860;4,40397400
170,28261860;4,40397400
170,36453860;4,44883600
170,44645860;4,49385100
170,52837860;4,49385100
170,61029860;4,49385100
170,69221860;4,58372700
170,77413860;4,58372700
170,85605860;4,58372700
170,93797860;4,58372700
171,01989860;4,62874200
171,10181860;4,58372700
171,18373860;4,62874200
171,26565860;4,62874200
171,34757859;4,62874200
171,42949859;4,58372700
171,51141859;4,58372700
171,59333859;4,58372700
171,67525859;4,58372700
171,75717859;4,58372700
171,83909859;4,58372700
171,92101859;4,58372700
172,00293859;4,58372700
172,08485859;4,53871300
172,16677859;4,53871300
172,24869859;4,53871300
172,33061859;4,53871300
172,41253859;4,49385100
172,49445859;4,49385100
172,57637859;4,49385100
172,65829859;4,49385100
172,74021859;4,49385100
172,82213859;4,49385100
172,90405859;4,49385100
172,98597858;4,49385100
173,06789858;4,44883600
173,14981858;4,44883600
173,23173858;4,40397400
173,31365858;4,44883600
173,39557858;4,40397400
173,47749858;4,40397400
173,55941858;4,40397400
173,64133858;4,40397400
173,72325858;4,40397400
173,80517858;4,40397400
173,88709858;4,35895900
173,96901858;4,40397400
174,05093858;4,31409600
174,13285858;4,31409600
174,21477858;4,31409600
174,29669858;4,31409600
174,37861858;4,31409600
174,46053858;4,31409600
174,54245858;4,31409600
174,62437857;4,31409600
174,70629857;4,31409600
174,78821857;4,31409600
174,87013857;4,26908200
174,95205857;4,26908200
175,03397857;4,22406700
175,11589857;4,22406700
175,19781857;4,22406700
175,27973857;4,22406700
175,36165857;4,22406700
175,44357857;4,22406700
175,52549857;4,22406700
175,60741857;4,22406700
175,68933857;4,17920400
175,77125857;4,17920400
175,85317857;4,17920400
175,93509857;4,13419000
176,01701857;4,13419000
176,09893857;4,13419000
176,18085857;4,13419000
176,26277856;4,13419000
176,34469856;4,13419000
176,42661856;4,13419000
176,50853856;4,08932800
176,59045856;4,13419000
176,67237856;4,08932800
176,75429856;4,08932800
176,83621856;4,04431300
176,91813856;4,04431300
177,00005856;4,04431300
177,08197856;4,04431300
177,16389856;4,04431300
177,24581856;4,04431300
177,32773856;4,04431300
177,40965856;4,04431300
177,49157856;4,04431300
177,57349856;4,04431300
177,65541856;3,99929800
177,73733856;3,95443600
177,81925856;3,99929800
177,90117855;3,95443600
177,98309855;3,95443600
178,06501855;3,95443600
178,14693855;3,95443600
178,22885855;3,95443600
178,31077855;3,95443600
178,39269855;3,95443600
178,47461855;3,95443600
178,55653855;3,90942100
178,63845855;3,95443600
178,72037855;3,90942100
178,80229855;3,90942100
178,88421855;3,90942100
178,96613855;3,86455900
179,04805855;3,86455900
179,12997855;3,86455900
179,21189855;3,86455900
179,29381855;3,90942100
179,37573855;3,90942100
179,45765855;3,95443600
179,53957854;4,04431300
179,62149854;4,04431300
179,70341854;4,08932800
179,78533854;4,13419000
179,86725854;4,17920400
179,94917854;4,26908200
180,03109854;4,26908200
180,11301854;4,31409600
180,19493854;4,31409600
180,27685854;4,40397400
180,35877854;4,40397400
180,44069854;4,40397400
180,52261854;4,44883600
180,60453854;4,49385100
180,68645854;4,49385100
180,76837854;4,49385100
180,85029854;4,53871300
180,93221854;4,58372700
181,01413854;4,58372700
181,09605854;4,58372700
181,17797853;4,58372700
181,25989853;4,58372700
181,34181853;4,58372700
181,42373853;4,62874200
181,50565853;4,62874200
181,58757853;4,58372700
181,66949853;4,58372700
181,75141853;4,58372700
181,83333853;4,58372700
181,91525853;4,58372700
181,99717853;4,58372700
182,07909853;4,58372700
182,16101853;4,53871300
182,24293853;4,53871300
182,32485853;4,53871300
182,40677853;4,53871300
182,48869853;4,49385100
182,57061853;4,49385100
182,65253853;4,49385100
182,73445853;4,49385100
182,81637852;4,49385100
182,89829852;4,49385100
182,98021852;4,49385100
183,06213852;4,49385100
183,14405852;4,44883600
183,22597852;4,44883600
183,30789852;4,44883600
183,38981852;4,40397400
183,47173852;4,40397400
183,55365852;4,40397400
183,63557852;4,40397400
183,71749852;4,40397400
183,79941852;4,40397400
183,88133852;4,35895900
183,96325852;4,35895900
184,04517852;4,31409600
184,12709852;4,31409600
184,20901852;4,31409600
184,29093852;4,31409600
184,37285852;4,31409600
184,45477851;4,31409600
184,53669851;4,31409600
184,61861851;4,31409600
184,70053851;4,31409600
184,78245851;4,26908200
184,86437851;4,26908200
184,94629851;4,26908200
185,02821851;4,26908200
185,11013851;4,22406700
185,19205851;4,22406700
185,27397851;4,22406700
185,35589851;4,22406700
185,43781851;4,22406700
185,51973851;4,22406700
185,60165851;4,22406700
185,68357851;4,17920400
185,76549851;4,17920400
185,84741851;4,17920400
185,92933851;4,17920400
186,01125851;4,13419000
186,09317850;4,13419000
186,17509850;4,13419000
186,25701850;4,13419000
186,33893850;4,13419000
186,42085850;4,13419000
186,50277850;4,13419000
186,58469850;4,13419000
186,66661850;4,08932800
186,74853850;4,08932800
186,83045850;4,04431300
186,91237850;4,08932800
186,99429850;4,04431300
187,07621850;4,04431300
187,15813850;4,04431300
187,24005850;4,04431300
187,32197850;4,04431300
187,40389850;4,04431300
187,48581850;4,04431300
187,56773850;3,99929800
187,64965850;3,99929800
187,73157850;3,99929800
187,81349849;3,95443600
187,89541849;3,95443600
187,97733849;3,95443600
188,05925849;3,95443600
188,14117849;3,95443600
188,22309849;3,95443600
188,30501849;3,95443600
188,38693849;3,95443600
188,46885849;3,95443600
188,55077849;3,90942100
188,63269849;3,90942100
188,71461849;3,90942100
188,79653849;3,86455900
188,87845849;3,86455900
188,96037849;3,86455900
189,04229849;3,86455900
189,12421849;3,86455900
189,20613849;3,86455900
189,28805849;3,90942100
189,36997849;3,90942100
189,45189848;3,95443600
189,53381848;4,04431300
189,61573848;4,08932800
189,69765848;4,13419000
189,77957848;4,17920400
189,86149848;4,22406700
189,94341848;4,31409600
190,02533848;4,31409600
190,10725848;4,40397400
190,18917848;4,40397400
190,27109848;4,40397400
190,35301848;4,44883600
190,43493848;4,49385100
190,51685848;4,49385100
190,59877848;4,53871300
190,68069848;4,53871300
190,76261848;4,58372700
190,84453848;4,58372700
190,92645848;4,58372700
191,00837848;4,58372700
191,09029847;4,62874200
191,17221847;4,62874200
191,25413847;4,62874200
191,33605847;4,62874200
191,41797847;4,62874200
191,49989847;4,62874200
191,58181847;4,62874200
191,66373847;4,58372700
191,74565847;4,58372700
191,82757847;4,62874200
191,90949847;4,58372700
191,99141847;4,58372700
192,07333847;4,58372700
192,15525847;4,58372700
192,23717847;4,53871300
192,31909847;4,53871300
192,40101847;4,53871300
192,48293847;4,49385100
192,56485847;4,49385100
192,64677847;4,49385100
192,72869846;4,49385100
192,81061846;4,49385100
192,89253846;4,49385100
192,97445846;4,49385100
193,05637846;4,44883600
193,13829846;4,49385100
193,22021846;4,44883600
193,30213846;4,40397400
193,38405846;4,40397400
193,46597846;4,40397400
193,54789846;4,40397400
193,62981846;4,40397400
193,71173846;4,40397400
193,79365846;4,40397400
193,87557846;4,40397400
193,95749846;4,35895900
194,03941846;4,40397400
194,12133846;4,31409600
194,20325846;4,35895900
194,28517846;4,31409600
194,36709845;4,31409600
194,44901845;4,31409600
194,53093845;4,31409600
194,61285845;4,31409600
194,69477845;4,31409600
194,77669845;4,31409600
194,85861845;4,26908200
194,94053845;4,26908200
195,02245845;4,26908200
195,10437845;4,22406700
195,18629845;4,22406700
195,26821845;4,22406700
195,35013845;4,22406700
195,43205845;4,22406700
195,51397845;4,22406700
195,59589845;4,22406700
195,67781845;4,22406700
195,75973845;4,17920400
195,84165845;4,17920400
195,92357845;4,13419000
196,00549844;4,13419000
196,08741844;4,13419000
196,16933844;4,13419000
196,25125844;4,13419000
196,33317844;4,13419000
196,41509844;4,13419000
196,49701844;4,13419000
196,57893844;4,08932800
196,66085844;4,13419000
196,74277844;4,08932800
196,82469844;4,08932800
196,90661844;4,08932800
196,98853844;4,04431300
197,07045844;4,04431300
197,15237844;4,04431300
197,23429844;4,04431300
197,31621844;4,04431300
197,39813844;4,04431300
197,48005844;4,04431300
197,56197844;4,04431300
197,64389843;3,99929800
197,72581843;3,99929800
197,80773843;3,95443600
197,88965843;3,95443600
197,97157843;3,95443600
198,05349843;3,95443600
198,13541843;3,95443600
198,21733843;3,95443600
198,29925843;3,95443600
198,38117843;3,95443600
198,46309843;3,90942100
198,54501843;3,95443600
198,62693843;3,90942100
198,70885843;3,90942100
198,79077843;3,90942100
198,87269843;3,90942100
198,95461843;3,90942100
199,03653843;3,86455900
199,11845843;3,86455900
199,20037843;3,86455900
199,28229842;3,86455900
199,36421842;3,90942100
199,44613842;3,95443600
199,52805842;3,99929800
199,60997842;4,04431300
199,69189842;4,08932800
199,77381842;4,13419000
199,85573842;4,17920400
199,93765842;4,22406700
200,01957842;4,31409600
200,10149842;4,31409600
200,18341842;4,35895900
200,26533842;4,40397400
200,34725842;4,40397400
200,42917842;4,44883600
200,51109842;4,49385100
200,59301842;4,49385100
200,67493842;4,49385100
200,75685842;4,53871300
200,83877842;4,53871300
200,92069841;4,58372700
201,00261841;4,58372700
201,08453841;4,58372700
201,16645841;4,58372700
201,24837841;4,58372700
201,33029841;4,58372700
201,41221841;4,62874200
201,49413841;4,62874200
201,57605841;4,58372700
201,65797841;4,58372700
201,73989841;4,58372700
201,82181841;4,58372700
201,90373841;4,58372700
201,98565841;4,58372700
202,06757841;4,58372700
202,14949841;4,58372700
202,23141841;4,53871300
202,31333841;4,49385100
202,39525841;4,49385100
202,47717841;4,53871300
202,55909840;4,49385100
202,64101840;4,49385100
202,72293840;4,49385100
202,80485840;4,49385100
202,88677840;4,49385100
202,96869840;4,49385100
203,05061840;4,49385100
203,13253840;4,44883600
203,21445840;4,44883600
203,29637840;4,44883600
203,37829840;4,40397400
203,46021840;4,40397400
203,54213840;4,40397400
203,62405840;4,40397400
203,70597840;4,40397400
203,78789840;4,40397400
203,86981840;4,40397400
203,95173840;4,40397400
204,03365840;4,35895900
204,11557840;4,31409600
204,19749839;4,31409600
204,27941839;4,31409600
204,36133839;4,31409600
204,44325839;4,31409600
204,52517839;4,31409600
204,60709839;4,31409600
204,68901839;4,31409600
204,77093839;4,31409600
204,85285839;4,26908200
204,93477839;4,26908200
205,01669839;4,26908200
205,09861839;4,26908200
205,18053839;4,26908200
205,26245839;4,22406700
205,34437839;4,22406700
205,42629839;4,22406700
205,50821839;4,22406700
205,59013839;4,22406700
205,67205839;4,22406700
205,75397839;4,17920400
205,83589838;4,17920400
205,91781838;4,17920400
205,99973838;4,17920400
206,08165838;4,13419000
206,16357838;4,13419000
206,24549838;4,13419000
206,32741838;4,13419000
206,40933838;4,13419000
206,49125838;4,13419000
206,57317838;4,13419000
206,65509838;4,13419000
206,73701838;4,08932800
206,81893838;4,08932800
206,90085838;4,04431300
206,98277838;4,08932800
207,06469838;4,04431300
207,14661838;4,04431300
207,22853838;4,04431300
207,31045838;4,04431300
207,39237838;4,04431300
207,47429838;4,04431300
207,55621837;4,04431300
207,63813837;4,04431300
207,72005837;3,95443600
207,80197837;3,95443600
207,88389837;3,95443600
207,96581837;3,95443600
208,04773837;3,95443600
208,12965837;3,95443600
208,21157837;3,95443600
208,29349837;3,95443600
208,37541837;3,95443600
208,45733837;3,95443600
208,53925837;3,95443600
208,62117837;3,90942100
208,70309837;3,90942100
208,78501837;3,90942100
208,86693837;3,86455900
208,94885837;3,90942100
209,03077837;3,86455900
209,11269837;3,86455900
209,19461836;3,90942100
209,27653836;3,90942100
209,35845836;3,90942100
209,44037836;3,95443600
209,52229836;4,04431300
209,60421836;4,08932800
209,68613836;4,13419000
209,76805836;4,17920400
209,84997836;4,22406700
209,93189836;4,26908200
210,01381836;4,31409600
210,09573836;4,31409600
210,17765836;4,40397400
210,25957836;4,44883600
210,34149836;4,44883600
210,42341836;4,49385100
210,50533836;4,49385100
210,58725836;4,53871300
210,66917836;4,53871300
210,75109836;4,53871300
210,83301835;4,58372700
210,91493835;4,58372700
210,99685835;4,62874200
211,07877835;4,62874200
211,16069835;4,62874200
211,24261835;4,62874200
211,32453835;4,62874200
211,40645835;4,58372700
211,48837835;4,58372700
211,57029835;4,58372700
211,65221835;4,58372700
211,73413835;4,58372700
211,81605835;4,58372700
211,89797835;4,58372700
211,97989835;4,58372700
212,06181835;4,58372700
212,14373835;4,58372700
212,22565835;4,53871300
212,30757835;4,53871300
212,38949835;4,49385100
212,47141834;4,49385100
212,55333834;4,49385100
212,63525834;4,49385100
212,71717834;4,49385100
212,79909834;4,49385100
212,88101834;4,49385100
212,96293834;4,49385100
213,04485834;4,49385100
213,12677834;4,49385100
213,20869834;4,40397400
213,29061834;4,44883600
213,37253834;4,40397400
213,45445834;4,40397400
213,53637834;4,40397400
213,61829834;4,40397400
213,70021834;4,40397400
213,78213834;4,40397400
213,86405834;4,40397400
213,94597834;4,40397400
214,02789834;4,35895900
214,10981833;4,31409600
214,19173833;4,31409600
214,27365833;4,31409600
214,35557833;4,31409600
214,43749833;4,31409600
214,51941833;4,31409600
214,60133833;4,31409600
214,68325833;4,31409600
214,76517833;4,26908200
214,84709833;4,26908200
214,92901833;4,26908200
215,01093833;4,26908200
215,09285833;4,26908200
215,17477833;4,26908200
215,25669833;4,22406700
215,33861833;4,22406700
215,42053833;4,22406700
215,50245833;4,22406700
215,58437833;4,22406700
215,66629833;4,22406700
215,74821832;4,17920400
215,83013832;4,17920400
215,91205832;4,17920400
215,99397832;4,13419000
216,07589832;4,13419000
216,15781832;4,13419000
216,23973832;4,13419000
216,32165832;4,13419000
216,40357832;4,13419000
216,48549832;4,13419000
216,56741832;4,13419000
216,64933832;4,13419000
216,73125832;4,08932800
216,81317832;4,08932800
216,89509832;4,08932800
216,97701832;4,04431300
217,05893832;4,04431300
217,14085832;4,04431300
217,22277832;4,04431300
217,30469832;4,04431300
217,38661831;4,04431300
217,46853831;4,04431300
217,55045831;3,99929800
217,63237831;3,99929800
217,71429831;3,99929800
217,79621831;3,95443600
217,87813831;3,95443600
217,96005831;3,95443600
218,04197831;3,95443600
218,12389831;3,95443600
218,20581831;3,95443600
218,28773831;3,95443600
218,36965831;3,95443600
218,45157831;3,95443600
218,53349831;3,90942100
218,61541831;3,90942100
218,69733831;3,90942100
218,77925831;3,90942100
218,86117831;3,90942100
218,94309831;3,86455900
219,02501830;3,86455900
219,10693830;3,86455900
219,18885830;3,86455900
219,27077830;3,86455900
219,35269830;3,90942100
219,43461830;3,95443600
219,51653830;3,95443600
219,59845830;4,04431300
219,68037830;4,08932800
219,76229830;4,13419000
219,84421830;4,17920400
219,92613830;4,22406700
220,00805830;4,26908200
220,08997830;4,31409600
220,17189830;4,35895900
220,25381830;4,40397400
220,33573830;4,40397400
220,41765830;4,44883600
220,49957830;4,49385100
220,58149830;4,49385100
220,66341829;4,49385100
220,74533829;4,49385100
220,82725829;4,53871300
220,90917829;4,58372700
220,99109829;4,58372700
221,07301829;4,58372700
221,15493829;4,58372700
221,23685829;4,58372700
221,31877829;4,62874200
221,40069829;4,58372700
221,48261829;4,62874200
221,56453829;4,58372700
221,64645829;4,58372700
221,72837829;4,58372700
221,81029829;4,58372700
221,89221829;4,58372700
221,97413829;4,58372700
222,05605829;4,58372700
222,13797829;4,58372700
222,21989829;4,53871300
222,30181828;4,53871300
222,38373828;4,53871300
222,46565828;4,53871300
222,54757828;4,49385100
222,62949828;4,49385100
222,71141828;4,49385100
222,79333828;4,49385100
222,87525828;4,49385100
222,95717828;4,49385100
223,03909828;4,49385100
223,12101828;4,49385100
223,20293828;4,44883600
223,28485828;4,40397400
223,36677828;4,40397400
223,44869828;4,44883600
223,53061828;4,40397400
223,61253828;4,40397400
223,69445828;4,40397400
223,77637828;4,40397400
223,85829828;4,40397400
223,94021827;4,40397400
224,02213827;4,40397400
224,10405827;4,35895900
224,18597827;4,31409600
224,26789827;4,31409600
224,34981827;4,31409600
224,43173827;4,31409600
224,51365827;4,31409600
224,59557827;4,31409600
224,67749827;4,31409600
224,75941827;4,31409600
224,84133827;4,31409600
224,92325827;4,26908200
225,00517827;4,26908200
225,08709827;4,26908200
225,16901827;4,22406700
225,25093827;4,22406700
225,33285827;4,22406700
225,41477827;4,22406700
225,49669827;4,17920400
225,57861826;4,22406700
225,66053826;4,22406700
225,74245826;4,17920400
225,82437826;4,17920400
225,90629826;4,17920400
225,98821826;4,13419000
226,07013826;4,13419000
226,15205826;4,13419000
226,23397826;4,13419000
226,31589826;4,13419000
226,39781826;4,13419000
226,47973826;4,13419000
226,56165826;4,13419000
226,64357826;4,08932800
226,72549826;4,08932800
226,80741826;4,08932800
226,88933826;4,04431300
226,97125826;4,08932800
227,05317826;4,04431300
227,13509826;4,04431300
227,21701826;4,04431300
227,29893825;4,04431300
227,38085825;4,04431300
227,46277825;4,04431300
227,54469825;4,04431300
227,62661825;3,99929800
227,70853825;3,99929800
227,79045825;3,95443600
227,87237825;3,95443600
227,95429825;3,95443600
228,03621825;3,95443600
228,11813825;3,95443600
228,20005825;3,95443600
228,28197825;3,95443600
228,36389825;3,95443600
228,44581825;3,95443600
228,52773825;3,95443600
228,60965825;3,90942100
228,69157825;3,90942100
228,77349825;3,86455900
228,85541825;3,86455900
228,93733824;3,90942100
229,01925824;3,86455900
229,10117824;3,86455900
229,18309824;3,86455900
229,26501824;3,90942100
229,34693824;3,90942100
229,42885824;3,95443600
229,51077824;3,99929800
229,59269824;4,04431300
229,67461824;4,13419000
229,75653824;4,13419000
229,83845824;4,22406700
229,92037824;4,26908200
230,00229824;4,31409600
230,08421824;4,35895900
230,16613824;4,40397400
230,24805824;4,40397400
230,32997824;4,44883600
230,41189824;4,49385100
230,49381824;4,49385100
230,57573823;4,49385100
230,65765823;4,49385100
230,73957823;4,53871300
230,82149823;4,58372700
230,90341823;4,58372700
230,98533823;4,58372700
231,06725823;4,62874200
231,14917823;4,62874200
231,23109823;4,62874200
231,31301823;4,58372700
231,39493823;4,62874200
231,47685823;4,58372700
231,55877823;4,58372700
231,64069823;4,62874200
231,72261823;4,58372700
231,80453823;4,58372700
231,88645823;4,58372700
231,96837823;4,58372700
232,05029823;4,58372700
232,13221823;4,58372700
232,21413822;4,58372700
232,29605822;4,53871300
232,37797822;4,53871300
232,45989822;4,49385100
232,54181822;4,49385100
232,62373822;4,49385100
232,70565822;4,49385100
232,78757822;4,49385100
232,86949822;4,49385100
232,95141822;4,49385100
233,03333822;4,49385100
233,11525822;4,44883600
233,19717822;4,44883600
233,27909822;4,44883600
233,36101822;4,44883600
233,44293822;4,40397400
233,52485822;4,40397400
233,60677822;4,40397400
233,68869822;4,40397400
233,77061822;4,40397400
233,85253821;4,40397400
233,93445821;4,40397400
234,01637821;4,35895900
234,09829821;4,31409600
234,18021821;4,31409600
234,26213821;4,31409600
234,34405821;4,31409600
234,42597821;4,31409600
234,50789821;4,31409600
234,58981821;4,31409600
234,67173821;4,31409600
234,75365821;4,31409600
234,83557821;4,26908200
234,91749821;4,26908200
234,99941821;4,26908200
235,08133821;4,26908200
235,16325821;4,26908200
235,24517821;4,22406700
235,32709821;4,22406700
235,40901821;4,22406700
235,49093820;4,22406700
235,57285820;4,22406700
235,65477820;4,22406700
235,73669820;4,17920400
235,81861820;4,17920400
235,90053820;4,17920400
235,98245820;4,13419000
236,06437820;4,13419000
236,14629820;4,13419000
236,22821820;4,13419000
236,31013820;4,13419000
236,39205820;4,13419000
236,47397820;4,13419000
236,55589820;4,13419000
236,63781820;4,08932800
236,71973820;4,13419000
236,80165820;4,08932800
236,88357820;4,08932800
236,96549820;4,08932800
237,04741820;4,04431300
237,12933819;4,04431300
237,21125819;4,04431300
237,29317819;4,04431300
237,37509819;4,04431300
237,45701819;4,04431300
237,53893819;4,04431300
237,62085819;3,99929800
237,70277819;3,95443600
237,78469819;3,95443600
237,86661819;3,95443600
237,94853819;3,95443600
238,03045819;3,95443600
238,11237819;3,95443600
238,19429819;3,95443600
238,27621819;3,95443600
238,35813819;3,95443600
238,44005819;3,95443600
238,52197819;3,95443600
238,60389819;3,90942100
238,68581819;3,90942100
238,76773818;3,90942100
238,84965818;3,86455900
238,93157818;3,90942100
239,01349818;3,86455900
239,09541818;3,86455900
239,17733818;3,86455900
239,25925818;3,90942100
239,34117818;3,90942100
239,42309818;3,95443600
239,50501818;3,95443600
239,58693818;4,04431300
239,66885818;4,04431300
239,75077818;4,13419000
239,83269818;4,17920400
239,91461818;4,22406700
239,99653818;4,26908200
240,07845818;4,31409600
240,16037818;4,35895900
240,24229818;4,40397400
240,32421818;4,40397400
240,40613817;4,44883600
240,48805817;4,49385100
240,56997817;4,49385100
240,65189817;4,49385100
240,73381817;4,49385100
240,81573817;4,53871300
240,89765817;4,58372700
240,97957817;4,58372700
241,06149817;4,58372700
241,14341817;4,58372700
241,22533817;4,58372700
241,30725817;4,62874200
241,38917817;4,58372700
241,47109817;4,58372700
241,55301817;4,58372700
241,63493817;4,58372700
241,71685817;4,58372700
241,79877817;4,58372700
241,88069817;4,58372700
241,96261817;4,58372700
242,04453816;4,58372700
242,12645816;4,53871300
242,20837816;4,53871300
242,29029816;4,53871300
242,37221816;4,53871300
242,45413816;4,49385100
242,53605816;4,49385100
242,61797816;4,49385100
242,69989816;4,49385100
242,78181816;4,49385100
242,86373816;4,49385100
242,94565816;4,49385100
243,02757816;4,49385100
243,10949816;4,40397400
243,19141816;4,44883600
243,27333816;4,40397400
243,35525816;4,44883600
243,43717816;4,40397400
243,51909816;4,40397400
243,60101816;4,40397400
243,68293815;4,40397400
243,76485815;4,40397400
243,84677815;4,40397400
243,92869815;4,35895900
244,01061815;4,35895900
244,09253815;4,35895900
244,17445815;4,31409600
244,25637815;4,31409600
244,33829815;4,31409600
244,42021815;4,31409600
244,50213815;4,31409600
244,58405815;4,31409600
244,66597815;4,31409600
244,74789815;4,26908200
244,82981815;4,26908200
244,91173815;4,26908200
244,99365815;4,26908200
245,07557815;4,26908200
245,15749815;4,22406700
245,23941815;4,22406700
245,32133815;4,22406700
245,40325814;4,22406700
245,48517814;4,22406700
245,56709814;4,22406700
245,64901814;4,17920400
245,73093814;4,17920400
245,81285814;4,17920400
245,89477814;4,13419000
245,97669814;4,13419000
246,05861814;4,17920400
246,14053814;4,13419000
246,22245814;4,13419000
246,30437814;4,13419000
246,38629814;4,13419000
246,46821814;4,13419000
246,55013814;4,13419000
246,63205814;4,08932800
246,71397814;4,08932800
246,79589814;4,04431300
246,87781814;4,04431300
246,95973814;4,04431300
247,04165813;4,04431300
247,12357813;4,04431300
247,20549813;4,04431300
247,28741813;4,04431300
247,36933813;4,04431300
247,45125813;3,99929800
247,53317813;4,04431300
247,61509813;4,04431300
247,69701813;3,99929800
247,77893813;3,95443600
247,86085813;3,95443600
247,94277813;3,95443600
248,02469813;3,95443600
248,10661813;3,95443600
248,18853813;3,95443600
248,27045813;3,95443600
248,35237813;3,95443600
248,43429813;3,95443600
248,51621813;3,90942100
248,59813813;3,90942100
248,68005812;3,90942100
248,76197812;3,86455900
248,84389812;3,90942100
248,92581812;3,86455900
249,00773812;3,90942100
249,08965812;3,86455900
249,17157812;3,86455900
249,25349812;3,90942100
249,33541812;3,90942100
249,41733812;3,95443600
249,49925812;4,04431300
249,58117812;4,04431300
249,66309812;4,13419000
249,74501812;4,13419000
249,82693812;4,22406700
249,90885812;4,26908200
249,99077812;4,31409600
250,07269812;4,35895900
250,15461812;4,40397400
250,23653812;4,40397400
250,31845811;4,44883600
250,40037811;4,49385100
250,48229811;4,49385100
250,56421811;4,49385100
250,64613811;4,49385100
250,72805811;4,53871300
250,80997811;4,58372700
250,89189811;4,58372700
250,97381811;4,58372700
251,05573811;4,58372700
251,13765811;4,58372700
251,21957811;4,62874200
251,30149811;4,62874200
251,38341811;4,62874200
251,46533811;4,62874200
251,54725811;4,58372700
251,62917811;4,58372700
251,71109811;4,58372700
251,79301811;4,58372700
251,87493811;4,58372700
251,95685810;4,58372700
252,03877810;4,58372700
252,12069810;4,58372700
252,20261810;4,53871300
252,28453810;4,53871300
252,36645810;4,53871300
252,44837810;4,49385100
252,53029810;4,49385100
252,61221810;4,49385100
252,69413810;4,49385100
252,77605810;4,49385100
252,85797810;4,49385100
252,93989810;4,49385100
253,02181810;4,44883600
253,10373810;4,44883600
253,18565810;4,44883600
253,26757810;4,40397400
253,34949810;4,40397400
253,43141810;4,40397400
253,51333810;4,40397400
253,59525809;4,40397400
253,67717809;4,40397400
253,75909809;4,40397400
253,84101809;4,35895900
253,92293809;4,40397400
254,00485809;4,35895900
254,08677809;4,35895900
254,16869809;4,35895900
254,25061809;4,31409600
254,33253809;4,31409600
254,41445809;4,31409600
254,49637809;4,31409600
254,57829809;4,31409600
254,66021809;4,31409600
254,74213809;4,31409600
254,82405809;4,26908200
254,90597809;4,26908200
254,98789809;4,26908200
255,06981809;4,26908200
255,15173809;4,26908200
255,23365808;4,22406700
255,31557808;4,22406700
255,39749808;4,22406700
255,47941808;4,22406700
255,56133808;4,22406700
255,64325808;4,17920400
255,72517808;4,17920400
255,80709808;4,17920400
255,88901808;4,17920400
255,97093808;4,13419000
256,05285808;4,13419000
256,13477808;4,13419000
256,21669808;4,13419000
256,29861808;4,13419000
256,38053808;4,13419000
256,46245808;4,13419000
256,54437808;4,13419000
256,62629808;4,13419000
256,70821808;4,08932800
256,79013808;4,08932800
256,87205807;4,04431300
256,95397807;4,04431300
257,03589807;4,04431300
257,11781807;4,04431300
257,19973807;4,04431300
257,28165807;4,04431300
257,36357807;4,04431300
257,44549807;4,04431300
257,52741807;4,04431300
257,60933807;3,99929800
257,69125807;4,04431300
257,77317807;3,99929800
257,85509807;3,95443600
257,93701807;3,95443600
258,01893807;3,95443600
258,10085807;3,95443600
258,18277807;3,95443600
258,26469807;3,95443600
258,34661807;3,95443600
258,42853807;3,90942100
258,51045806;3,90942100
258,59237806;3,90942100
258,67429806;3,90942100
258,75621806;3,90942100
258,83813806;3,90942100
258,92005806;3,90942100
259,00197806;3,86455900
259,08389806;3,86455900
259,16581806;3,86455900
259,24773806;3,86455900
259,32965806;3,90942100
259,41157806;3,95443600
259,49349806;3,95443600
259,57541806;4,04431300
259,65733806;4,08932800
259,73925806;4,13419000
259,82117806;4,13419000
259,90309806;4,22406700
259,98501806;4,26908200
260,06693806;4,31409600
260,14885805;4,35895900
260,23077805;4,35895900
260,31269805;4,40397400
260,39461805;4,44883600
260,47653805;4,49385100
260,55845805;4,49385100
260,64037805;4,49385100
260,72229805;4,49385100
260,80421805;4,53871300
260,88613805;4,58372700
260,96805805;4,58372700
261,04997805;4,58372700
261,13189805;4,58372700
261,21381805;4,58372700
261,29573805;4,58372700
261,37765805;4,58372700
261,45957805;4,58372700
261,54149805;4,58372700
261,62341805;4,62874200
261,70533805;4,58372700
261,78725804;4,58372700
261,86917804;4,58372700
261,95109804;4,58372700
262,03301804;4,58372700
262,11493804;4,53871300
262,19685804;4,58372700
262,27877804;4,53871300
262,36069804;4,49385100
262,44261804;4,49385100
262,52453804;4,49385100
262,60645804;4,49385100
262,68837804;4,49385100
262,77029804;4,49385100
262,85221804;4,49385100
262,93413804;4,49385100
263,01605804;4,44883600
263,09797804;4,49385100
263,17989804;4,44883600
263,26181804;4,44883600
263,34373804;4,40397400
263,42565803;4,40397400
263,50757803;4,40397400
263,58949803;4,40397400
263,67141803;4,40397400
263,75333803;4,40397400
263,83525803;4,35895900
263,91717803;4,40397400
263,99909803;4,35895900
264,08101803;4,35895900
264,16293803;4,31409600
264,24485803;4,31409600
264,32677803;4,31409600
264,40869803;4,31409600
264,49061803;4,31409600
264,57253803;4,31409600
264,65445803;4,31409600
264,73637803;4,31409600
264,81829803;4,31409600
264,90021803;4,26908200
264,98213803;4,26908200
265,06405803;4,26908200
265,14597802;4,22406700
265,22789802;4,22406700
265,30981802;4,22406700
265,39173802;4,22406700
265,47365802;4,22406700
265,55557802;4,17920400
265,63749802;4,22406700
265,71941802;4,17920400
265,80133802;4,17920400
265,88325802;4,17920400
265,96517802;4,13419000
266,04709802;4,13419000
266,12901802;4,13419000
266,21093802;4,13419000
266,29285802;4,13419000
266,37477802;4,13419000
266,45669802;4,13419000
266,53861802;4,13419000
266,62053802;4,08932800
266,70245802;4,08932800
266,78437801;4,08932800
266,86629801;4,08932800
266,94821801;4,04431300
267,03013801;4,04431300
267,11205801;4,04431300
267,19397801;4,04431300
267,27589801;4,04431300
267,35781801;4,04431300
267,43973801;4,04431300
267,52165801;4,04431300
267,60357801;4,04431300
267,68549801;3,95443600
267,76741801;3,99929800
267,84933801;3,95443600
267,93125801;3,95443600
268,01317801;3,95443600
268,09509801;3,95443600
268,17701801;3,95443600
268,25893801;3,95443600
268,34085801;3,95443600
268,42277800;3,95443600
268,50469800;3,90942100
268,58661800;3,90942100
268,66853800;3,90942100
268,75045800;3,90942100
268,83237800;3,90942100
268,91429800;3,90942100
268,99621800;3,86455900
269,07813800;3,86455900
269,16005800;3,86455900
269,24197800;3,90942100
269,32389800;3,90942100
269,40581800;3,95443600
269,48773800;3,99929800
269,56965800;4,04431300
269,65157800;4,13419000
269,73349800;4,13419000
269,81541800;4,22406700
269,89733800;4,26908200
269,97925800;4,31409600
270,06117799;4,31409600
270,14309799;4,40397400
270,22501799;4,40397400
270,30693799;4,44883600
270,38885799;4,49385100
270,47077799;4,49385100
270,55269799;4,49385100
270,63461799;4,53871300
270,71653799;4,53871300
270,79845799;4,58372700
270,88037799;4,58372700
270,96229799;4,58372700
271,04421799;4,58372700
271,12613799;4,62874200
271,20805799;4,62874200
271,28997799;4,62874200
271,37189799;4,62874200
271,45381799;4,62874200
271,53573799;4,62874200
271,61765799;4,62874200
271,69957798;4,58372700
271,78149798;4,58372700
271,86341798;4,58372700
271,94533798;4,58372700
272,02725798;4,58372700
272,10917798;4,58372700
272,19109798;4,53871300
272,27301798;4,53871300
272,35493798;4,49385100
272,43685798;4,49385100
272,51877798;4,49385100
272,60069798;4,49385100
272,68261798;4,49385100
272,76453798;4,49385100
272,84645798;4,49385100
272,92837798;4,49385100
273,01029798;4,49385100
273,09221798;4,49385100
273,17413798;4,44883600
273,25605798;4,40397400
273,33797797;4,40397400
273,41989797;4,40397400
273,50181797;4,40397400
273,58373797;4,40397400
273,66565797;4,40397400
273,74757797;4,40397400
273,82949797;4,40397400
273,91141797;4,40397400
273,99333797;4,35895900
274,07525797;4,35895900
274,15717797;4,31409600
274,23909797;4,31409600
274,32101797;4,31409600
274,40293797;4,31409600
274,48485797;4,31409600
274,56677797;4,31409600
274,64869797;4,31409600
274,73061797;4,31409600
274,81253797;4,26908200
274,89445797;4,26908200
274,97637796;4,26908200
275,05829796;4,26908200
275,14021796;4,22406700
275,22213796;4,22406700
275,30405796;4,22406700
275,38597796;4,22406700
275,46789796;4,22406700
275,54981796;4,22406700
275,63173796;4,17920400
275,71365796;4,17920400
275,79557796;4,17920400
275,87749796;4,17920400
275,95941796;4,17920400
276,04133796;4,13419000
276,12325796;4,17920400
276,20517796;4,13419000
276,28709796;4,13419000
276,36901796;4,13419000
276,45093796;4,13419000
276,53285796;4,13419000
276,61477795;4,13419000
276,69669795;4,08932800
276,77861795;4,08932800
276,86053795;4,08932800
276,94245795;4,04431300
277,02437795;4,08932800
277,10629795;4,08932800
277,18821795;4,04431300
277,27013795;4,04431300
277,35205795;4,04431300
277,43397795;4,04431300
277,51589795;4,04431300
277,59781795;4,04431300
277,67973795;3,95443600
277,76165795;3,95443600
277,84357795;3,99929800
277,92549795;3,95443600
278,00741795;3,95443600
278,08933795;3,95443600
278,17125795;3,95443600
278,25317794;3,95443600
278,33509794;3,95443600
278,41701794;3,95443600
278,49893794;3,95443600
278,58085794;3,95443600
278,66277794;3,90942100
278,74469794;3,90942100
278,82661794;3,90942100
278,90853794;3,86455900
278,99045794;3,86455900
279,07237794;3,86455900
279,15429794;3,86455900
279,23621794;3,90942100
279,31813794;3,90942100
279,40005794;3,95443600
279,48197794;3,95443600
279,56389794;3,99929800
279,64581794;4,08932800
279,72773794;4,13419000
279,80965794;4,13419000
279,89157793;4,22406700
279,97349793;4,26908200
280,05541793;4,31409600
280,13733793;4,31409600
280,21925793;4,40397400
280,30117793;4,40397400
280,38309793;4,44883600
280,46501793;4,49385100
280,54693793;4,49385100
280,62885793;4,49385100
280,71077793;4,49385100
280,79269793;4,58372700
280,87461793;4,58372700
280,95653793;4,53871300
281,03845793;4,58372700
281,12037793;4,58372700
281,20229793;4,62874200
281,28421793;4,62874200
281,36613793;4,62874200
281,44805793;4,58372700
281,52997792;4,62874200
281,61189792;4,62874200
281,69381792;4,58372700
281,77573792;4,58372700
281,85765792;4,58372700
281,93957792;4,58372700
282,02149792;4,58372700
282,10341792;4,58372700
282,18533792;4,53871300
282,26725792;4,53871300
282,34917792;4,53871300
282,43109792;4,53871300
282,51301792;4,49385100
282,59493792;4,49385100
282,67685792;4,49385100
282,75877792;4,49385100
282,84069792;4,49385100
282,92261792;4,49385100
283,00453792;4,49385100
283,08645792;4,49385100
283,16837791;4,44883600
283,25029791;4,40397400
283,33221791;4,40397400
283,41413791;4,40397400
283,49605791;4,40397400
283,57797791;4,40397400
283,65989791;4,40397400
283,74181791;4,40397400
283,82373791;4,40397400
283,90565791;4,35895900
283,98757791;4,35895900
284,06949791;4,35895900
284,15141791;4,31409600
284,23333791;4,31409600
284,31525791;4,31409600
284,39717791;4,31409600
284,47909791;4,31409600
284,56101791;4,31409600
284,64293791;4,31409600
284,72485791;4,26908200
284,80677791;4,26908200
284,88869790;4,26908200
284,97061790;4,26908200
285,05253790;4,26908200
285,13445790;4,22406700
285,21637790;4,22406700
285,29829790;4,22406700
285,38021790;4,22406700
285,46213790;4,22406700
285,54405790;4,22406700
285,62597790;4,22406700
285,70789790;4,22406700
285,78981790;4,17920400
285,87173790;4,17920400
285,95365790;4,13419000
286,03557790;4,13419000
286,11749790;4,13419000
286,19941790;4,13419000
286,28133790;4,13419000
286,36325790;4,13419000
286,44517790;4,13419000
286,52709789;4,08932800
286,60901789;4,08932800
286,69093789;4,08932800
286,77285789;4,13419000
286,85477789;4,08932800
286,93669789;4,04431300
287,01861789;4,04431300
287,10053789;4,04431300
287,18245789;4,04431300
287,26437789;4,04431300
287,34629789;4,04431300
287,42821789;4,04431300
287,51013789;3,99929800
287,59205789;4,04431300
287,67397789;3,99929800
287,75589789;3,95443600
287,83781789;3,95443600
287,91973789;3,95443600
288,00165789;3,95443600
288,08357789;3,95443600
288,16549788;3,95443600
288,24741788;3,95443600
288,32933788;3,95443600
288,41125788;3,95443600
288,49317788;3,90942100
288,57509788;3,90942100
288,65701788;3,90942100
288,73893788;3,90942100
288,82085788;3,90942100
288,90277788;3,90942100
288,98469788;3,86455900
289,06661788;3,86455900
289,14853788;3,86455900
289,23045788;3,86455900
289,31237788;3,90942100
289,39429788;3,95443600
289,47621788;3,95443600
289,55813788;4,04431300
289,64005788;4,08932800
289,72197788;4,13419000
289,80389787;4,22406700
289,88581787;4,22406700
289,96773787;4,31409600
290,04965787;4,31409600
290,13157787;4,40397400
290,21349787;4,40397400
290,29541787;4,40397400
290,37733787;4,49385100
290,45925787;4,49385100
290,54117787;4,49385100
290,62309787;4,53871300
290,70501787;4,53871300
290,78693787;4,53871300
290,86885787;4,58372700
290,95077787;4,58372700
291,03269787;4,58372700
291,11461787;4,62874200
291,19653787;4,62874200
291,27845787;4,62874200
291,36037787;4,62874200
291,44229786;4,62874200
291,52421786;4,62874200
291,60613786;4,62874200
291,68805786;4,62874200
291,76997786;4,58372700
291,85189786;4,58372700
291,93381786;4,58372700
292,01573786;4,58372700
292,09765786;4,58372700
292,17957786;4,53871300
292,26149786;4,58372700
292,34341786;4,49385100
292,42533786;4,53871300
292,50725786;4,49385100
292,58917786;4,49385100
292,67109786;4,49385100
292,75301786;4,49385100
292,83493786;4,49385100
292,91685786;4,49385100
292,99877786;4,49385100
293,08069785;4,49385100
293,16261785;4,44883600
293,24453785;4,44883600
293,32645785;4,40397400
293,40837785;4,40397400
293,49029785;4,40397400
293,57221785;4,40397400
293,65413785;4,40397400
293,73605785;4,40397400
293,81797785;4,40397400
293,89989785;4,40397400
293,98181785;4,40397400
294,06373785;4,35895900
294,14565785;4,35895900
294,22757785;4,31409600
294,30949785;4,31409600
294,39141785;4,31409600
294,47333785;4,31409600
294,55525785;4,31409600
294,63717785;4,31409600
294,71909784;4,31409600
294,80101784;4,31409600
294,88293784;4,26908200
294,96485784;4,26908200
295,04677784;4,26908200
295,12869784;4,26908200
295,21061784;4,22406700
295,29253784;4,22406700
295,37445784;4,22406700
295,45637784;4,22406700
295,53829784;4,22406700
295,62021784;4,22406700
295,70213784;4,17920400
295,78405784;4,17920400
295,86597784;4,22406700
295,94789784;4,17920400
296,02981784;4,13419000
296,11173784;4,13419000
296,19365784;4,13419000
296,27557784;4,13419000
296,35749783;4,13419000
296,43941783;4,13419000
296,52133783;4,13419000
296,60325783;4,13419000
296,68517783;4,13419000
296,76709783;4,08932800
296,84901783;4,08932800
296,93093783;4,08932800
297,01285783;4,08932800
297,09477783;4,04431300
297,17669783;4,04431300
297,25861783;4,04431300
297,34053783;4,04431300
297,42245783;4,04431300
297,50437783;4,04431300
297,58629783;4,04431300
297,66821783;3,99929800
297,75013783;3,95443600
297,83205783;3,95443600
297,91397783;3,95443600
297,99589782;3,95443600
298,07781782;3,95443600
298,15973782;3,95443600
298,24165782;3,95443600
298,32357782;3,95443600
298,40549782;3,95443600
298,48741782;3,95443600
298,56933782;3,90942100
298,65125782;3,90942100
298,73317782;3,90942100
298,81509782;3,90942100
298,89701782;3,90942100
298,97893782;3,90942100
299,06085782;3,86455900
299,14277782;3,86455900
299,22469782;3,86455900
299,30661782;3,90942100
299,38853782;3,95443600
299,47045782;3,95443600
299,55237782;3,99929800
299,63429781;4,04431300
299,71621781;4,13419000
299,79813781;4,13419000
299,88005781;4,22406700
299,96197781;4,26908200
300,04389781;4,31409600
300,12581781;4,31409600
300,20773781;4,35895900
300,28965781;4,40397400
300,37157781;4,40397400
300,45349781;4,44883600
300,53541781;4,49385100
300,61733781;4,49385100
300,69925781;4,49385100
300,78117781;4,53871300
300,86309781;4,53871300
300,94501781;4,58372700
301,02693781;4,58372700
301,10885781;4,58372700
301,19077781;4,62874200
301,27269780;4,58372700
301,35461780;4,62874200
301,43653780;4,58372700
301,51845780;4,58372700
301,60037780;4,58372700
301,68229780;4,58372700
301,76421780;4,58372700
301,84613780;4,58372700
301,92805780;4,58372700
302,00997780;4,58372700
302,09189780;4,58372700
302,17381780;4,53871300
302,25573780;4,53871300
302,33765780;4,53871300
302,41957780;4,53871300
302,50149780;4,49385100
302,58341780;4,49385100
302,66533780;4,49385100
302,74725780;4,49385100
302,82917780;4,49385100
302,91109780;4,49385100
302,99301779;4,49385100
303,07493779;4,44883600
303,15685779;4,44883600
303,23877779;4,44883600
303,32069779;4,40397400
303,40261779;4,40397400
303,48453779;4,40397400
303,56645779;4,40397400
303,64837779;4,40397400
303,73029779;4,40397400
303,81221779;4,40397400
303,89413779;4,40397400
303,97605779;4,40397400
304,05797779;4,35895900
304,13989779;4,31409600
304,22181779;4,31409600
304,30373779;4,31409600
304,38565779;4,31409600
304,46757779;4,31409600
304,54949779;4,31409600
304,63141778;4,26908200
304,71333778;4,31409600
304,79525778;4,26908200
304,87717778;4,26908200
304,95909778;4,26908200
305,04101778;4,26908200
305,12293778;4,22406700
305,20485778;4,22406700
305,28677778;4,22406700
305,36869778;4,22406700
305,45061778;4,22406700
305,53253778;4,22406700
305,61445778;4,22406700
305,69637778;4,22406700
305,77829778;4,17920400
305,86021778;4,17920400
305,94213778;4,13419000
306,02405778;4,13419000
306,10597778;4,13419000
306,18789778;4,13419000
306,26981777;4,13419000
306,35173777;4,13419000
306,43365777;4,13419000
306,51557777;4,13419000
306,59749777;4,08932800
306,67941777;4,08932800
306,76133777;4,08932800
306,84325777;4,08932800
306,92517777;4,08932800
307,00709777;4,04431300
307,08901777;4,04431300
307,17093777;4,04431300
307,25285777;4,04431300
307,33477777;4,04431300
307,41669777;4,04431300
307,49861777;4,04431300
307,58053777;4,04431300
307,66245777;3,95443600
307,74437777;3,95443600
307,82629777;3,95443600
307,90821776;3,95443600
307,99013776;3,95443600
308,07205776;3,95443600
308,15397776;3,95443600
308,23589776;3,95443600
308,31781776;3,95443600
308,39973776;3,95443600
308,48165776;3,95443600
308,56357776;3,90942100
308,64549776;3,90942100
308,72741776;3,90942100
308,80933776;3,90942100
308,89125776;3,86455900
308,97317776;3,90942100
309,05509776;3,86455900
309,13701776;3,86455900
309,21893776;3,86455900
309,30085776;3,90942100
309,38277776;3,95443600
309,46469776;3,95443600
309,54661775;4,04431300
309,62853775;4,08932800
309,71045775;4,13419000
309,79237775;4,17920400
309,87429775;4,22406700
309,95621775;4,31409600
310,03813775;4,31409600
310,12005775;4,40397400
310,20197775;4,40397400
310,28389775;4,44883600
310,36581775;4,49385100
310,44773775;4,49385100
310,52965775;4,49385100
310,61157775;4,49385100
310,69349775;4,53871300
310,77541775;4,58372700
310,85733775;4,58372700
310,93925775;4,58372700
311,02117775;4,58372700
311,10309775;4,58372700
311,18501774;4,62874200
311,26693774;4,62874200
311,34885774;4,62874200
311,43077774;4,62874200
311,51269774;4,62874200
311,59461774;4,58372700
311,67653774;4,62874200
311,75845774;4,58372700
311,84037774;4,58372700
311,92229774;4,58372700
312,00421774;4,58372700
312,08613774;4,58372700
312,16805774;4,53871300
312,24997774;4,53871300
312,33189774;4,49385100
312,41381774;4,49385100
312,49573774;4,49385100
312,57765774;4,49385100
312,65957774;4,49385100
312,74149774;4,49385100
312,82341773;4,49385100
312,90533773;4,49385100
312,98725773;4,49385100
313,06917773;4,44883600
313,15109773;4,44883600
313,23301773;4,49385100
313,31493773;4,44883600
313,39685773;4,40397400
313,47877773;4,40397400
313,56069773;4,40397400
313,64261773;4,40397400
313,72453773;4,40397400
313,80645773;4,40397400
313,88837773;4,40397400
313,97029773;4,35895900
314,05221773;4,35895900
314,13413773;4,31409600
314,21605773;4,31409600
314,29797773;4,31409600
314,37989773;4,31409600
314,46181772;4,31409600
314,54373772;4,31409600
314,62565772;4,31409600
314,70757772;4,31409600
314,78949772;4,31409600
314,87141772;4,26908200
314,95333772;4,26908200
315,03525772;4,26908200
315,11717772;4,26908200
315,19909772;4,22406700
315,28101772;4,22406700
315,36293772;4,22406700
315,44485772;4,22406700
315,52677772;4,22406700
315,60869772;4,22406700
315,69061772;4,17920400
315,77253772;4,17920400
315,85445772;4,17920400
315,93637772;4,17920400
316,01829772;4,13419000
316,10021771;4,13419000
316,18213771;4,13419000
316,26405771;4,13419000
316,34597771;4,13419000
316,42789771;4,13419000
316,50981771;4,13419000
316,59173771;4,13419000
316,67365771;4,13419000
316,75557771;4,08932800
316,83749771;4,08932800
316,91941771;4,04431300
317,00133771;4,08932800
317,08325771;4,08932800
317,16517771;4,04431300
317,24709771;4,04431300
317,32901771;4,04431300
317,41093771;4,04431300
317,49285771;4,04431300
317,57477771;3,99929800
317,65669771;3,99929800
317,73861770;3,95443600
317,82053770;3,95443600
317,90245770;3,95443600
317,98437770;3,95443600
318,06629770;3,95443600
318,14821770;3,95443600
318,23013770;3,95443600
318,31205770;3,95443600
318,39397770;3,95443600
318,47589770;3,95443600
318,55781770;3,90942100
318,63973770;3,90942100
318,72165770;3,90942100
318,80357770;3,90942100
318,88549770;3,90942100
318,96741770;3,86455900
319,04933770;3,86455900
319,13125770;3,86455900
319,21317770;3,86455900
319,29509770;3,90942100
319,37701769;3,90942100
319,45893769;3,95443600
319,54085769;3,95443600
319,62277769;4,04431300
319,70469769;4,13419000
319,78661769;4,17920400
319,86853769;4,22406700
319,95045769;4,22406700
320,03237769;4,26908200
320,11429769;4,31409600
320,19621769;4,40397400
320,27813769;4,40397400
320,36005769;4,40397400
320,44197769;4,44883600
320,52389769;4,49385100
320,60581769;4,49385100
320,68773769;4,49385100
320,76965769;4,53871300
320,85157769;4,58372700
320,93349769;4,58372700
321,01541768;4,58372700
321,09733768;4,58372700
321,17925768;4,58372700
321,26117768;4,62874200
321,34309768;4,58372700
321,42501768;4,62874200
321,50693768;4,58372700
321,58885768;4,58372700
321,67077768;4,58372700
321,75269768;4,58372700
321,83461768;4,58372700
321,91653768;4,58372700
321,99845768;4,58372700
322,08037768;4,58372700
322,16229768;4,53871300
322,24421768;4,53871300
322,32613768;4,53871300
322,40805768;4,49385100
322,48997768;4,49385100
322,57189768;4,49385100
322,65381768;4,49385100
322,73573767;4,49385100
322,81765767;4,49385100
322,89957767;4,49385100
322,98149767;4,49385100
323,06341767;4,44883600
323,14533767;4,44883600
323,22725767;4,44883600
323,30917767;4,44883600
323,39109767;4,44883600
323,47301767;4,40397400
323,55493767;4,40397400
323,63685767;4,40397400
323,71877767;4,40397400
323,80069767;4,40397400
323,88261767;4,40397400
323,96453767;4,35895900
324,04645767;4,35895900
324,12837767;4,31409600
324,21029767;4,31409600
324,29221767;4,31409600
324,37413766;4,31409600
324,45605766;4,31409600
324,53797766;4,31409600
324,61989766;4,31409600
324,70181766;4,31409600
324,78373766;4,26908200
324,86565766;4,26908200
324,94757766;4,26908200
325,02949766;4,26908200
325,11141766;4,22406700
325,19333766;4,22406700
325,27525766;4,22406700
325,35717766;4,22406700
325,43909766;4,22406700
325,52101766;4,22406700
325,60293766;4,22406700
325,68485766;4,17920400
325,76677766;4,22406700
325,84869766;4,17920400
325,93061766;4,13419000
326,01253765;4,17920400
326,09445765;4,13419000
326,17637765;4,13419000
326,25829765;4,13419000
326,34021765;4,13419000
326,42213765;4,13419000
326,50405765;4,08932800
326,58597765;4,13419000
326,66789765;4,13419000
326,74981765;4,08932800
326,83173765;4,08932800
326,91365765;4,08932800
326,99557765;4,04431300
327,07749765;4,04431300
327,15941765;4,04431300
327,24133765;4,04431300
327,32325765;4,04431300
327,40517765;4,04431300
327,48709765;4,04431300
327,56901765;3,99929800
327,65093764;3,99929800
327,73285764;3,99929800
327,81477764;3,95443600
327,89669764;3,95443600
327,97861764;3,95443600
328,06053764;3,95443600
328,14245764;3,95443600
328,22437764;3,95443600
328,30629764;3,95443600
328,38821764;3,95443600
328,47013764;3,90942100
328,55205764;3,90942100
328,63397764;3,90942100
328,71589764;3,90942100
328,79781764;3,90942100
328,87973764;3,86455900
328,96165764;3,86455900
329,04357764;3,86455900
329,12549764;3,86455900
329,20741764;3,86455900
329,28933763;3,86455900
329,37125763;3,95443600
329,45317763;3,95443600
329,53509763;4,04431300
329,61701763;4,04431300
329,69893763;4,13419000
329,78085763;4,13419000
329,86277763;4,22406700
329,94469763;4,26908200
330,02661763;4,31409600
330,10853763;4,31409600
330,19045763;4,40397400
330,27237763;4,40397400
330,35429763;4,44883600
330,43621763;4,49385100
330,51813763;4,49385100
330,60005763;4,49385100
330,68197763;4,53871300
330,76389763;4,58372700
330,84581763;4,58372700
330,92773762;4,58372700
331,00965762;4,58372700
331,09157762;4,62874200
331,17349762;4,58372700
331,25541762;4,62874200
331,33733762;4,62874200
331,41925762;4,58372700
331,50117762;4,62874200
331,58309762;4,58372700
331,66501762;4,58372700
331,74693762;4,58372700
331,82885762;4,62874200
331,91077762;4,58372700
331,99269762;4,58372700
332,07461762;4,58372700
332,15653762;4,53871300
332,23845762;4,53871300
332,32037762;4,53871300
332,40229762;4,49385100
332,48421762;4,49385100
332,56613761;4,49385100
332,64805761;4,49385100
332,72997761;4,49385100
332,81189761;4,49385100
332,89381761;4,49385100
332,97573761;4,44883600
333,05765761;4,49385100
333,13957761;4,44883600
333,22149761;4,44883600
333,30341761;4,44883600
333,38533761;4,44883600
333,46725761;4,40397400
333,54917761;4,40397400
333,63109761;4,40397400
333,71301761;4,40397400
333,79493761;4,40397400
333,87685761;4,35895900
333,95877761;4,35895900
334,04069761;4,35895900
334,12261761;4,35895900
334,20453760;4,35895900
334,28645760;4,31409600
334,36837760;4,31409600
334,45029760;4,31409600
334,53221760;4,31409600
334,61413760;4,31409600
334,69605760;4,31409600
334,77797760;4,31409600
334,85989760;4,26908200
334,94181760;4,26908200
335,02373760;4,26908200
335,10565760;4,26908200
335,18757760;4,22406700
335,26949760;4,22406700
335,35141760;4,22406700
335,43333760;4,22406700
335,51525760;4,22406700
335,59717760;4,22406700
335,67909760;4,22406700
335,76101760;4,22406700
335,84293759;4,17920400
335,92485759;4,17920400
336,00677759;4,13419000
336,08869759;4,13419000
336,17061759;4,13419000
336,25253759;4,13419000
336,33445759;4,13419000
336,41637759;4,13419000
336,49829759;4,13419000
336,58021759;4,08932800
336,66213759;4,13419000
336,74405759;4,08932800
336,82597759;4,08932800
336,90789759;4,04431300
336,98981759;4,04431300
337,07173759;4,04431300
337,15365759;4,04431300
337,23557759;4,04431300
337,31749759;4,04431300
337,39941759;4,04431300
337,48133758;4,04431300
337,56325758;4,04431300
337,64517758;3,99929800
337,72709758;3,95443600
337,80901758;3,95443600
337,89093758;3,95443600
337,97285758;3,95443600
338,05477758;3,95443600
338,13669758;3,95443600
338,21861758;3,95443600
338,30053758;3,95443600
338,38245758;3,95443600
338,46437758;3,95443600
338,54629758;3,90942100
338,62821758;3,90942100
338,71013758;3,90942100
338,79205758;3,90942100
338,87397758;3,90942100
338,95589758;3,90942100
339,03781758;3,86455900
339,11973757;3,86455900
339,20165757;3,86455900
339,28357757;3,90942100
339,36549757;3,90942100
339,44741757;3,95443600
339,52933757;3,95443600
339,61125757;4,04431300
339,69317757;4,08932800
339,77509757;4,13419000
339,85701757;4,17920400
339,93893757;4,22406700
340,02085757;4,31409600
340,10277757;4,31409600
340,18469757;4,40397400
340,26661757;4,40397400
340,34853757;4,40397400
340,43045757;4,44883600
340,51237757;4,49385100
340,59429757;4,49385100
340,67621757;4,49385100
340,75813756;4,49385100
340,84005756;4,53871300
340,92197756;4,58372700
341,00389756;4,58372700
341,08581756;4,58372700
341,16773756;4,62874200
341,24965756;4,58372700
341,33157756;4,58372700
341,41349756;4,62874200
341,49541756;4,58372700
341,57733756;4,62874200
341,65925756;4,58372700
341,74117756;4,62874200
341,82309756;4,58372700
341,90501756;4,58372700
341,98693756;4,58372700
342,06885756;4,58372700
342,15077756;4,58372700
342,23269756;4,53871300
342,31461756;4,53871300
342,39653756;4,49385100
342,47845755;4,49385100
342,56037755;4,49385100
342,64229755;4,49385100
342,72421755;4,49385100
342,80613755;4,49385100
342,88805755;4,49385100
342,96997755;4,44883600
343,05189755;4,49385100
343,13381755;4,44883600
343,21573755;4,44883600
343,29765755;4,40397400
343,37957755;4,40397400
343,46149755;4,40397400
343,54341755;4,40397400
343,62533755;4,40397400
343,70725755;4,40397400
343,78917755;4,40397400
343,87109755;4,35895900
343,95301755;4,35895900
344,03493755;4,35895900
344,11685754;4,35895900
344,19877754;4,31409600
344,28069754;4,31409600
344,36261754;4,31409600
344,44453754;4,31409600
344,52645754;4,31409600
344,60837754;4,31409600
344,69029754;4,31409600
344,77221754;4,31409600
344,85413754;4,26908200
344,93605754;4,26908200
345,01797754;4,26908200
345,09989754;4,22406700
345,18181754;4,22406700
345,26373754;4,22406700
345,34565754;4,22406700
345,42757754;4,22406700
345,50949754;4,22406700
345,59141754;4,17920400
345,67333754;4,17920400
345,75525753;4,17920400
345,83717753;4,17920400
345,91909753;4,17920400
346,00101753;4,13419000
346,08293753;4,13419000
346,16485753;4,13419000
346,24677753;4,13419000
346,32869753;4,13419000
346,41061753;4,13419000
346,49253753;4,13419000
346,57445753;4,13419000
346,65637753;4,08932800
346,73829753;4,08932800
346,82021753;4,08932800
346,90213753;4,08932800
346,98405753;4,08932800
347,06597753;4,08932800
347,14789753;4,04431300
347,22981753;4,04431300
347,31173753;4,04431300
347,39365752;4,04431300
347,47557752;3,99929800
347,55749752;3,99929800
347,63941752;3,99929800
347,72133752;3,95443600
347,80325752;3,99929800
347,88517752;3,95443600
347,96709752;3,95443600
348,04901752;3,95443600
348,13093752;3,95443600
348,21285752;3,95443600
348,29477752;3,95443600
348,37669752;3,95443600
348,45861752;3,95443600
348,54053752;3,90942100
348,62245752;3,90942100
348,70437752;3,90942100
348,78629752;3,86455900
348,86821752;3,90942100
348,95013752;3,86455900
349,03205751;3,86455900
349,11397751;3,86455900
349,19589751;3,86455900
349,27781751;3,90942100
349,35973751;3,95443600
349,44165751;3,95443600
349,52357751;4,04431300
349,60549751;4,08932800
349,68741751;4,13419000
349,76933751;4,13419000
349,85125751;4,22406700
349,93317751;4,26908200
350,01509751;4,31409600
350,09701751;4,35895900
350,17893751;4,40397400
350,26085751;4,40397400
350,34277751;4,44883600
350,42469751;4,49385100
350,50661751;4,49385100
350,58853751;4,49385100
350,67045750;4,49385100
350,75237750;4,58372700
350,83429750;4,58372700
350,91621750;4,58372700
350,99813750;4,58372700
351,08005750;4,58372700
351,16197750;4,62874200
351,24389750;4,62874200
351,32581750;4,58372700
351,40773750;4,62874200
351,48965750;4,62874200
351,57157750;4,62874200
351,65349750;4,62874200
351,73541750;4,58372700
351,81733750;4,58372700
351,89925750;4,58372700
351,98117750;4,58372700
352,06309750;4,58372700
352,14501750;4,58372700
352,22693750;4,58372700
352,30885749;4,53871300
352,39077749;4,49385100
352,47269749;4,53871300
352,55461749;4,49385100
352,63653749;4,49385100
352,71845749;4,49385100
352,80037749;4,49385100
352,88229749;4,49385100
352,96421749;4,49385100
353,04613749;4,49385100
353,12805749;4,44883600
353,20997749;4,44883600
353,29189749;4,44883600
353,37381749;4,40397400
353,45573749;4,40397400
353,53765749;4,40397400
353,61957749;4,40397400
353,70149749;4,40397400
353,78341749;4,40397400
353,86533749;4,40397400
353,94725748;4,35895900
354,02917748;4,35895900
354,11109748;4,35895900
354,19301748;4,35895900
354,27493748;4,31409600
354,35685748;4,31409600
354,43877748;4,31409600
354,52069748;4,31409600
354,60261748;4,31409600
354,68453748;4,31409600
354,76645748;4,31409600
354,84837748;4,26908200
354,93029748;4,26908200
355,01221748;4,26908200
355,09413748;4,26908200
355,17605748;4,26908200
355,25797748;4,22406700
355,33989748;4,22406700
355,42181748;4,22406700
355,50373748;4,22406700
355,58565747;4,22406700
355,66757747;4,17920400
355,74949747;4,17920400
355,83141747;4,17920400
355,91333747;4,13419000
355,99525747;4,13419000
356,07717747;4,13419000
356,15909747;4,13419000
356,24101747;4,13419000
356,32293747;4,13419000
356,40485747;4,13419000
356,48677747;4,13419000
356,56869747;4,13419000
356,65061747;4,08932800
356,73253747;4,08932800
356,81445747;4,08932800
356,89637747;4,08932800
356,97829747;4,08932800
357,06021747;4,04431300
357,14213747;4,04431300
357,22405746;4,04431300
357,30597746;4,04431300
357,38789746;4,04431300
357,46981746;4,04431300
357,55173746;4,04431300
357,63365746;4,04431300
357,71557746;3,99929800
357,79749746;3,95443600
357,87941746;3,95443600
357,96133746;3,99929800
358,04325746;3,95443600
358,12517746;3,95443600
358,20709746;3,95443600
358,28901746;3,95443600
358,37093746;3,95443600
358,45285746;3,95443600
358,53477746;3,90942100
358,61669746;3,90942100
358,69861746;3,86455900
358,78053746;3,95443600
358,86245745;3,90942100
358,94437745;3,86455900
359,02629745;3,86455900
359,10821745;3,86455900
359,19013745;3,86455900
359,27205745;3,86455900
359,35397745;3,90942100
359,43589745;3,95443600
359,51781745;3,95443600
359,59973745;4,04431300
359,68165745;4,08932800
359,76357745;4,13419000
359,84549745;4,17920400
359,92741745;4,22406700
360,00933745;4,26908200
360,09125745;4,31409600
360,17317745;4,35895900
360,25509745;4,40397400
360,33701745;4,40397400
360,41893745;4,44883600
360,50085745;4,49385100
360,58277744;4,49385100
360,66469744;4,49385100
360,74661744;4,53871300
360,82853744;4,53871300
360,91045744;4,58372700
360,99237744;4,58372700
361,07429744;4,58372700
361,15621744;4,58372700
361,23813744;4,58372700
361,32005744;4,58372700
361,40197744;4,58372700
361,48389744;4,58372700
361,56581744;4,58372700
361,64773744;4,58372700
361,72965744;4,58372700
361,81157744;4,58372700
361,89349744;4,58372700
361,97541744;4,58372700
362,05733744;4,58372700
362,13925744;4,53871300
362,22117743;4,58372700
362,30309743;4,53871300
362,38501743;4,49385100
362,46693743;4,49385100
362,54885743;4,49385100
362,63077743;4,49385100
362,71269743;4,49385100
362,79461743;4,49385100
362,87653743;4,49385100
362,95845743;4,49385100
363,04037743;4,44883600
363,12229743;4,49385100
363,20421743;4,44883600
363,28613743;4,44883600
363,36805743;4,40397400
363,44997743;4,40397400
363,53189743;4,40397400
363,61381743;4,40397400
363,69573743;4,40397400
363,77765743;4,40397400
363,85957742;4,35895900
363,94149742;4,40397400
364,02341742;4,35895900
364,10533742;4,31409600
364,18725742;4,35895900
364,26917742;4,31409600
364,35109742;4,31409600
364,43301742;4,31409600
364,51493742;4,31409600
364,59685742;4,31409600
364,67877742;4,31409600
364,76069742;4,26908200
364,84261742;4,26908200
364,92453742;4,22406700
365,00645742;4,26908200
365,08837742;4,26908200
365,17029742;4,22406700
365,25221742;4,22406700
365,33413742;4,22406700
365,41605742;4,22406700
365,49797741;4,22406700
365,57989741;4,22406700
365,66181741;4,17920400
365,74373741;4,17920400
365,82565741;4,17920400
365,90757741;4,17920400
365,98949741;4,13419000
366,07141741;4,13419000
366,15333741;4,13419000
366,23525741;4,13419000
366,31717741;4,13419000
366,39909741;4,13419000
366,48101741;4,13419000
366,56293741;4,08932800
366,64485741;4,08932800
366,72677741;4,08932800
366,80869741;4,08932800
366,89061741;4,04431300
366,97253741;4,04431300
367,05445741;4,04431300
367,13637740;4,04431300
367,21829740;4,04431300
367,30021740;4,04431300
367,38213740;4,04431300
367,46405740;3,99929800
367,54597740;4,04431300
367,62789740;4,04431300
367,70981740;3,99929800
367,79173740;3,95443600
367,87365740;3,95443600
367,95557740;3,95443600
368,03749740;3,95443600
368,11941740;3,95443600
368,20133740;3,95443600
368,28325740;3,95443600
368,36517740;3,95443600
368,44709740;3,95443600
368,52901740;3,90942100
368,61093740;3,90942100
368,69285740;3,90942100
368,77477739;3,90942100
368,85669739;3,86455900
368,93861739;3,86455900
369,02053739;3,86455900
369,10245739;3,86455900
369,18437739;3,86455900
369,26629739;3,90942100
369,34821739;3,95443600
369,43013739;3,95443600
369,51205739;4,04431300
369,59397739;4,04431300
369,67589739;4,13419000
369,75781739;4,17920400
369,83973739;4,22406700
369,92165739;4,26908200
370,00357739;4,31409600
370,08549739;4,35895900
370,16741739;4,40397400
370,24933739;4,40397400
370,33125739;4,44883600
370,41317738;4,49385100
370,49509738;4,49385100
370,57701738;4,49385100
370,65893738;4,53871300
370,74085738;4,53871300
370,82277738;4,58372700
370,90469738;4,58372700
370,98661738;4,62874200
371,06853738;4,62874200
371,15045738;4,62874200
371,23237738;4,62874200
371,31429738;4,58372700
371,39621738;4,58372700
371,47813738;4,62874200
371,56005738;4,58372700
371,64197738;4,58372700
371,72389738;4,58372700
371,80581738;4,58372700
371,88773738;4,58372700
371,96965738;4,58372700
372,05157737;4,58372700
372,13349737;4,58372700
372,21541737;4,53871300
372,29733737;4,53871300
372,37925737;4,53871300
372,46117737;4,49385100
372,54309737;4,53871300
372,62501737;4,49385100
372,70693737;4,49385100
372,78885737;4,49385100
372,87077737;4,49385100
372,95269737;4,49385100
373,03461737;4,49385100
373,11653737;4,49385100
373,19845737;4,44883600
373,28037737;4,40397400
373,36229737;4,44883600
373,44421737;4,40397400
373,52613737;4,40397400
373,60805737;4,40397400
373,68997736;4,40397400
373,77189736;4,40397400
373,85381736;4,40397400
373,93573736;4,35895900
374,01765736;4,35895900
374,09957736;4,31409600
374,18149736;4,35895900
374,26341736;4,35895900
374,34533736;4,31409600
374,42725736;4,31409600
374,50917736;4,31409600
374,59109736;4,31409600
374,67301736;4,31409600
374,75493736;4,31409600
374,83685736;4,26908200
374,91877736;4,26908200
375,00069736;4,26908200
375,08261736;4,26908200
375,16453736;4,22406700
375,24645736;4,22406700
375,32837735;4,22406700
375,41029735;4,22406700
375,49221735;4,22406700
375,57413735;4,22406700
375,65605735;4,22406700
375,73797735;4,17920400
375,81989735;4,17920400
375,90181735;4,17920400
375,98373735;4,17920400
376,06565735;4,13419000
376,14757735;4,13419000
376,22949735;4,13419000
376,31141735;4,13419000
376,39333735;4,13419000
376,47525735;4,13419000
376,55717735;4,13419000
376,63909735;4,13419000
376,72101735;4,08932800
376,80293735;4,08932800
376,88485735;4,08932800
376,96677734;4,04431300
377,04869734;4,04431300
377,13061734;4,04431300
377,21253734;4,04431300
377,29445734;4,04431300
377,37637734;4,04431300
377,45829734;4,04431300
377,54021734;3,99929800
377,62213734;3,99929800
377,70405734;3,99929800
377,78597734;3,99929800
377,86789734;3,95443600
377,94981734;3,95443600
378,03173734;3,95443600
378,11365734;3,95443600
378,19557734;3,95443600
378,27749734;3,95443600
378,35941734;3,95443600
378,44133734;3,95443600
378,52325734;3,95443600
378,60517733;3,90942100
378,68709733;3,90942100
378,76901733;3,90942100
378,85093733;3,90942100
378,93285733;3,86455900
379,01477733;3,86455900
379,09669733;3,86455900
379,17861733;3,86455900
379,26053733;3,86455900
379,34245733;3,90942100
379,42437733;3,95443600
379,50629733;3,95443600
379,58821733;4,04431300
379,67013733;4,08932800
379,75205733;4,13419000
379,83397733;4,17920400
379,91589733;4,22406700
379,99781733;4,26908200
380,07973733;4,31409600
380,16165733;4,35895900
380,24357733;4,40397400
380,32549732;4,40397400
380,40741732;4,44883600
380,48933732;4,49385100
380,57125732;4,49385100
380,65317732;4,49385100
380,73509732;4,53871300
380,81701732;4,58372700
380,89893732;4,58372700
380,98085732;4,58372700
381,06277732;4,58372700
381,14469732;4,58372700
381,22661732;4,62874200
381,30853732;4,62874200
381,39045732;4,62874200
381,47237732;4,58372700
381,55429732;4,58372700
381,63621732;4,58372700
381,71813732;4,58372700
381,80005732;4,58372700
381,88197732;4,58372700
381,96389731;4,58372700
382,04581731;4,53871300
382,12773731;4,58372700
382,20965731;4,53871300
382,29157731;4,53871300
382,37349731;4,53871300
382,45541731;4,49385100
382,53733731;4,49385100
382,61925731;4,49385100
382,70117731;4,49385100
382,78309731;4,49385100
382,86501731;4,49385100
382,94693731;4,49385100
383,02885731;4,44883600
383,11077731;4,44883600
383,19269731;4,44883600
383,27461731;4,44883600
383,35653731;4,40397400
383,43845731;4,40397400
383,52037731;4,40397400
383,60229730;4,40397400
383,68421730;4,40397400
383,76613730;4,40397400
383,84805730;4,40397400
383,92997730;4,31409600
384,01189730;4,31409600
384,09381730;4,31409600
384,17573730;4,31409600
384,25765730;4,31409600
384,33957730;4,31409600
384,42149730;4,31409600
384,50341730;4,31409600
384,58533730;4,31409600
384,66725730;4,31409600
384,74917730;4,26908200
384,83109730;4,26908200
384,91301730;4,26908200
384,99493730;4,26908200
385,07685730;4,26908200
385,15877730;4,22406700
385,24069729;4,22406700
385,32261729;4,22406700
385,40453729;4,22406700
385,48645729;4,22406700
385,56837729;4,17920400
385,65029729;4,22406700
385,73221729;4,17920400
385,81413729;4,17920400
385,89605729;4,13419000
385,97797729;4,17920400
386,05989729;4,13419000
386,14181729;4,13419000
386,22373729;4,13419000
386,30565729;4,13419000
386,38757729;4,13419000
386,46949729;4,13419000
386,55141729;4,13419000
386,63333729;4,08932800
386,71525729;4,08932800
386,79717729;4,08932800
386,87909728;4,04431300
386,96101728;4,08932800
387,04293728;4,04431300
387,12485728;4,04431300
387,20677728;4,04431300
387,28869728;4,04431300
387,37061728;4,04431300
387,45253728;4,04431300
387,53445728;4,04431300
387,61637728;3,99929800
387,69829728;3,95443600
387,78021728;3,95443600
387,86213728;3,95443600
387,94405728;3,95443600
388,02597728;3,95443600
388,10789728;3,95443600
388,18981728;3,95443600
388,27173728;3,95443600
388,35365728;3,95443600
388,43557728;3,95443600
388,51749727;3,95443600
388,59941727;3,90942100
388,68133727;3,90942100
388,76325727;3,90942100
388,84517727;3,90942100
388,92709727;3,86455900
389,00901727;3,86455900
389,09093727;3,86455900
389,17285727;3,86455900
389,25477727;3,90942100
389,33669727;3,90942100
389,41861727;3,95443600
389,50053727;3,95443600
389,58245727;4,04431300
389,66437727;4,13419000
389,74629727;4,13419000
389,82821727;4,17920400
389,91013727;4,26908200
389,99205727;4,31409600
390,07397727;4,31409600
390,15589726;4,40397400
390,23781726;4,40397400
390,31973726;4,44883600
390,40165726;4,49385100
390,48357726;4,49385100
390,56549726;4,49385100
390,64741726;4,49385100
390,72933726;4,53871300
390,81125726;4,58372700
390,89317726;4,58372700
390,97509726;4,62874200
391,05701726;4,58372700
391,13893726;4,58372700
391,22085726;4,62874200
391,30277726;4,58372700
391,38469726;4,58372700
391,46661726;4,62874200
391,54853726;4,62874200
391,63045726;4,58372700
391,71237726;4,62874200
391,79429725;4,58372700
391,87621725;4,58372700
391,95813725;4,58372700
392,04005725;4,58372700
392,12197725;4,53871300
392,20389725;4,58372700
392,28581725;4,53871300
392,36773725;4,53871300
392,44965725;4,49385100
392,53157725;4,49385100
392,61349725;4,49385100
392,69541725;4,49385100
392,77733725;4,49385100
392,85925725;4,49385100
392,94117725;4,49385100
393,02309725;4,44883600
393,10501725;4,44883600
393,18693725;4,44883600
393,26885725;4,40397400
393,35077725;4,40397400
393,43269724;4,40397400
393,51461724;4,40397400
393,59653724;4,40397400
393,67845724;4,40397400
393,76037724;4,40397400
393,84229724;4,40397400
393,92421724;4,35895900
394,00613724;4,40397400
394,08805724;4,35895900
394,16997724;4,31409600
394,25189724;4,31409600
394,33381724;4,31409600
394,41573724;4,31409600
394,49765724;4,31409600
394,57957724;4,31409600
394,66149724;4,31409600
394,74341724;4,31409600
394,82533724;4,26908200
394,90725724;4,26908200
394,98917724;4,26908200
395,07109723;4,26908200
395,15301723;4,22406700
395,23493723;4,22406700
395,31685723;4,22406700
395,39877723;4,22406700
395,48069723;4,22406700
395,56261723;4,17920400
395,64453723;4,17920400
395,72645723;4,17920400
395,80837723;4,17920400
395,89029723;4,13419000
395,97221723;4,13419000
396,05413723;4,13419000
396,13605723;4,13419000
396,21797723;4,13419000
396,29989723;4,13419000
396,38181723;4,13419000
396,46373723;4,13419000
396,54565723;4,13419000
396,62757723;4,13419000
396,70949722;4,08932800
396,79141722;4,04431300
396,87333722;4,04431300
396,95525722;4,04431300
397,03717722;4,04431300
397,11909722;4,08932800
397,20101722;4,04431300
397,28293722;4,04431300
397,36485722;4,04431300
397,44677722;4,04431300
397,52869722;4,04431300
397,61061722;3,99929800
397,69253722;3,99929800
397,77445722;3,95443600
397,85637722;3,95443600
397,93829722;3,95443600
398,02021722;3,95443600
398,10213722;3,95443600
398,18405722;3,95443600
398,26597722;3,95443600
398,34789721;3,95443600
398,42981721;3,95443600
398,51173721;3,95443600
398,59365721;3,90942100
398,67557721;3,90942100
398,75749721;3,90942100
398,83941721;3,86455900
398,92133721;3,86455900
399,00325721;3,86455900
399,08517721;3,86455900
399,16709721;3,86455900
399,24901721;3,86455900
399,33093721;3,90942100
399,41285721;3,95443600
399,49477721;3,95443600
399,57669721;4,04431300
399,65861721;4,08932800
399,74053721;4,13419000
399,82245721;4,17920400
399,90437721;4,22406700
399,98629721;4,26908200
400,06821720;4,31409600
400,15013720;4,35895900
400,23205720;4,40397400
400,31397720;4,40397400
400,39589720;4,44883600
400,47781720;4,49385100
400,55973720;4,49385100
400,64165720;4,49385100
400,72357720;4,49385100
400,80549720;4,53871300
400,88741720;4,53871300
400,96933720;4,58372700
401,05125720;4,58372700
401,13317720;4,58372700
401,21509720;4,62874200
401,29701720;4,58372700
401,37893720;4,58372700
401,46085720;4,62874200
401,54277720;4,62874200
401,62469720;4,58372700
401,70661719;4,58372700
401,78853719;4,58372700
401,87045719;4,58372700
401,95237719;4,58372700
402,03429719;4,58372700
402,11621719;4,58372700
402,19813719;4,53871300
402,28005719;4,53871300
402,36197719;4,53871300
402,44389719;4,53871300
402,52581719;4,49385100
402,60773719;4,49385100
402,68965719;4,49385100
402,77157719;4,49385100
402,85349719;4,49385100
402,93541719;4,49385100
403,01733719;4,49385100
403,09925719;4,44883600
403,18117719;4,44883600
403,26309719;4,40397400
403,34501718;4,40397400
403,42693718;4,40397400
403,50885718;4,40397400
403,59077718;4,40397400
403,67269718;4,40397400
403,75461718;4,40397400
403,83653718;4,40397400
403,91845718;4,40397400
404,00037718;4,40397400
404,08229718;4,31409600
404,16421718;4,31409600
404,24613718;4,35895900
404,32805718;4,31409600
404,40997718;4,31409600
404,49189718;4,31409600
404,57381718;4,31409600
404,65573718;4,31409600
404,73765718;4,31409600
404,81957718;4,26908200
404,90149718;4,26908200
404,98341717;4,22406700
405,06533717;4,26908200
405,14725717;4,26908200
405,22917717;4,22406700
405,31109717;4,22406700
405,39301717;4,22406700
405,47493717;4,22406700
405,55685717;4,22406700
405,63877717;4,22406700
405,72069717;4,17920400
405,80261717;4,22406700
405,88453717;4,22406700
405,96645717;4,17920400
406,04837717;4,13419000
406,13029717;4,13419000
406,21221717;4,13419000
406,29413717;4,13419000
406,37605717;4,13419000
406,45797717;4,13419000
406,53989717;4,13419000
406,62181716;4,13419000
406,70373716;4,08932800
406,78565716;4,08932800
406,86757716;4,08932800
406,94949716;4,08932800
407,03141716;4,08932800
407,11333716;4,04431300
407,19525716;4,04431300
407,27717716;4,04431300
407,35909716;4,04431300
407,44101716;4,04431300
407,52293716;4,04431300
407,60485716;4,04431300
407,68677716;3,99929800
407,76869716;3,95443600
407,85061716;3,95443600
407,93253716;3,95443600
408,01445716;3,95443600
408,09637716;3,95443600
408,17829716;3,95443600
408,26021715;3,95443600
408,34213715;3,95443600
408,42405715;3,90942100
408,50597715;3,95443600
408,58789715;3,90942100
408,66981715;3,90942100
408,75173715;3,90942100
408,83365715;3,90942100
408,91557715;3,86455900
408,99749715;3,86455900
409,07941715;3,86455900
409,16133715;3,86455900
409,24325715;3,90942100
409,32517715;3,95443600
409,40709715;3,95443600
409,48901715;3,99929800
409,57093715;4,04431300
409,65285715;4,08932800
409,73477715;4,13419000
409,81669715;4,22406700
409,89861714;4,26908200
409,98053714;4,31409600
410,06245714;4,31409600
410,14437714;4,40397400
410,22629714;4,40397400
410,30821714;4,44883600
410,39013714;4,49385100
410,47205714;4,49385100
410,55397714;4,49385100
410,63589714;4,53871300
410,71781714;4,58372700
410,79973714;4,58372700
410,88165714;4,58372700
410,96357714;4,58372700
411,04549714;4,62874200
411,12741714;4,62874200
411,20933714;4,62874200
411,29125714;4,62874200
411,37317714;4,62874200
411,45509714;4,62874200
411,53701713;4,62874200
411,61893713;4,58372700
411,70085713;4,58372700
411,78277713;4,58372700
411,86469713;4,58372700
411,94661713;4,58372700
412,02853713;4,58372700
412,11045713;4,58372700
412,19237713;4,53871300
412,27429713;4,53871300
412,35621713;4,53871300
412,43813713;4,53871300
412,52005713;4,49385100
412,60197713;4,49385100
412,68389713;4,49385100
412,76581713;4,49385100
412,84773713;4,49385100
412,92965713;4,49385100
413,01157713;4,49385100
413,09349713;4,44883600
413,17541712;4,49385100
413,25733712;4,44883600
413,33925712;4,44883600
413,42117712;4,44883600
413,50309712;4,40397400
413,58501712;4,40397400
413,66693712;4,40397400
413,74885712;4,40397400
413,83077712;4,40397400
413,91269712;4,40397400
413,99461712;4,35895900
414,07653712;4,31409600
414,15845712;4,35895900
414,24037712;4,31409600
414,32229712;4,31409600
414,40421712;4,31409600
414,48613712;4,31409600
414,56805712;4,31409600
414,64997712;4,31409600
414,73189712;4,31409600
414,81381711;4,26908200
414,89573711;4,26908200
414,97765711;4,26908200
415,05957711;4,26908200
415,14149711;4,26908200
415,22341711;4,22406700
415,30533711;4,22406700
415,38725711;4,22406700
415,46917711;4,22406700
415,55109711;4,22406700
415,63301711;4,22406700
415,71493711;4,22406700
415,79685711;4,22406700
415,87877711;4,17920400
415,96069711;4,13419000
416,04261711;4,13419000
416,12453711;4,13419000
416,20645711;4,13419000
416,28837711;4,13419000
416,37029711;4,13419000
416,45221710;4,13419000
416,53413710;4,13419000
416,61605710;4,13419000
416,69797710;4,08932800
416,77989710;4,08932800
416,86181710;4,08932800
416,94373710;4,04431300
417,02565710;4,04431300
417,10757710;4,04431300
417,18949710;4,04431300
417,27141710;4,04431300
417,35333710;4,04431300
417,43525710;4,04431300
417,51717710;4,04431300
417,59909710;4,04431300
417,68101710;3,95443600
417,76293710;3,99929800
417,84485710;3,95443600
417,92677710;3,95443600
418,00869710;3,95443600
418,09061710;3,95443600
418,17253709;3,95443600
418,25445709;3,95443600
418,33637709;3,95443600
418,41829709;3,95443600
418,50021709;3,90942100
418,58213709;3,95443600
418,66405709;3,90942100
418,74597709;3,90942100
418,82789709;3,90942100
418,90981709;3,90942100
418,99173709;3,90942100
419,07365709;3,86455900
419,15557709;3,86455900
419,23749709;3,86455900
419,31941709;3,90942100
419,40133709;3,95443600
419,48325709;3,95443600
419,56517709;4,04431300
419,64709709;4,08932800
419,72901709;4,13419000
419,81093708;4,17920400
419,89285708;4,22406700
419,97477708;4,26908200
420,05669708;4,31409600
420,13861708;4,31409600
420,22053708;4,35895900
420,30245708;4,40397400
420,38437708;4,40397400
420,46629708;4,44883600
420,54821708;4,49385100
420,63013708;4,49385100
420,71205708;4,49385100
420,79397708;4,53871300
420,87589708;4,58372700
420,95781708;4,53871300
421,03973708;4,58372700
421,12165708;4,58372700
421,20357708;4,62874200
421,28549708;4,62874200
421,36741708;4,62874200
421,44933707;4,58372700
421,53125707;4,58372700
421,61317707;4,58372700
421,69509707;4,58372700
421,77701707;4,58372700
421,85893707;4,58372700
421,94085707;4,58372700
422,02277707;4,58372700
422,10469707;4,53871300
422,18661707;4,58372700
422,26853707;4,53871300
422,35045707;4,53871300
422,43237707;4,53871300
422,51429707;4,49385100
422,59621707;4,49385100
422,67813707;4,49385100
422,76005707;4,49385100
422,84197707;4,49385100
422,92389707;4,49385100
423,00581707;4,49385100
423,08773706;4,44883600
423,16965706;4,44883600
423,25157706;4,44883600
423,33349706;4,40397400
423,41541706;4,40397400
423,49733706;4,40397400
423,57925706;4,40397400
423,66117706;4,40397400
423,74309706;4,40397400
423,82501706;4,40397400
423,90693706;4,40397400
423,98885706;4,35895900
424,07077706;4,35895900
424,15269706;4,35895900
424,23461706;4,31409600
424,31653706;4,31409600
424,39845706;4,31409600
424,48037706;4,31409600
424,56229706;4,31409600
424,64421706;4,31409600
424,72613705;4,26908200
424,80805705;4,26908200
424,88997705;4,26908200
424,97189705;4,26908200
425,05381705;4,22406700
425,13573705;4,26908200
425,21765705;4,22406700
425,29957705;4,22406700
425,38149705;4,22406700
425,46341705;4,22406700
425,54533705;4,22406700
425,62725705;4,17920400
425,70917705;4,17920400
425,79109705;4,17920400
425,87301705;4,17920400
425,95493705;4,17920400
426,03685705;4,13419000
426,11877705;4,13419000
426,20069705;4,13419000
426,28261705;4,13419000
426,36453704;4,13419000
426,44645704;4,13419000
426,52837704;4,08932800
426,61029704;4,08932800
426,69221704;4,04431300
426,77413704;4,04431300
426,85605704;4,04431300
426,93797704;4,04431300
427,01989704;4,04431300
427,10181704;4,04431300
427,18373704;4,04431300
427,26565704;4,04431300
427,34757704;4,04431300
427,42949704;4,04431300
427,51141704;3,99929800
427,59333704;3,99929800
427,67525704;3,99929800
427,75717704;3,99929800
427,83909704;3,95443600
427,92101704;3,95443600
428,00293703;3,95443600
428,08485703;3,95443600
428,16677703;3,95443600
428,24869703;3,95443600
428,33061703;3,95443600
428,41253703;3,90942100
428,49445703;3,90942100
428,57637703;3,90942100
428,65829703;3,90942100
428,74021703;3,90942100
428,82213703;3,86455900
428,90405703;3,86455900
428,98597703;3,86455900
429,06789703;3,86455900
429,14981703;3,86455900
429,23173703;3,86455900
429,31365703;3,90942100
429,39557703;3,95443600
429,47749703;3,95443600
429,55941703;4,04431300
429,64133702;4,13419000
429,72325702;4,13419000
429,80517702;4,22406700
429,88709702;4,22406700
429,96901702;4,31409600
430,05093702;4,31409600
430,13285702;4,40397400
430,21477702;4,40397400
430,29669702;4,40397400
430,37861702;4,49385100
430,46053702;4,49385100
430,54245702;4,49385100
430,62437702;4,49385100
430,70629702;4,53871300
430,78821702;4,58372700
430,87013702;4,58372700
430,95205702;4,58372700
431,03397702;4,62874200
431,11589702;4,62874200
431,19781702;4,62874200
431,27973701;4,62874200
431,36165701;4,62874200
431,44357701;4,62874200
431,52549701;4,58372700
431,60741701;4,62874200
431,68933701;4,62874200
431,77125701;4,62874200
431,85317701;4,58372700
431,93509701;4,58372700
432,01701701;4,58372700
432,09893701;4,53871300
432,18085701;4,58372700
432,26277701;4,53871300
432,34469701;4,53871300
432,42661701;4,49385100
432,50853701;4,49385100
432,59045701;4,49385100
432,67237701;4,49385100
432,75429701;4,49385100
432,83621701;4,49385100
432,91813700;4,49385100
433,00005700;4,49385100
433,08197700;4,44883600
433,16389700;4,44883600
433,24581700;4,44883600
433,32773700;4,40397400
433,40965700;4,40397400
433,49157700;4,40397400
433,57349700;4,40397400
433,65541700;4,40397400
433,73733700;4,40397400
433,81925700;4,40397400
433,90117700;4,40397400
433,98309700;4,35895900
434,06501700;4,35895900
434,14693700;4,31409600
434,22885700;4,31409600
434,31077700;4,31409600
434,39269700;4,31409600
434,47461700;4,31409600
434,55653699;4,31409600
434,63845699;4,31409600
434,72037699;4,31409600
434,80229699;4,26908200
434,88421699;4,31409600
434,96613699;4,26908200
435,04805699;4,26908200
435,12997699;4,22406700
435,21189699;4,22406700
435,29381699;4,22406700
435,37573699;4,22406700
435,45765699;4,22406700
435,53957699;4,22406700
435,62149699;4,17920400
435,70341699;4,17920400
435,78533699;4,22406700
435,86725699;4,17920400
435,94917699;4,13419000
436,03109699;4,17920400
436,11301699;4,13419000
436,19493698;4,13419000
436,27685698;4,13419000
436,35877698;4,13419000
436,44069698;4,13419000
436,52261698;4,13419000
436,60453698;4,13419000
436,68645698;4,08932800
436,76837698;4,08932800
436,85029698;4,08932800
436,93221698;4,04431300
437,01413698;4,04431300
437,09605698;4,04431300
437,17797698;4,04431300
437,25989698;4,04431300
437,34181698;4,04431300
437,42373698;4,04431300
437,50565698;4,04431300
437,58757698;4,04431300
437,66949698;3,99929800
437,75141698;3,95443600
437,83333698;3,95443600
437,91525697;3,95443600
437,99717697;3,95443600
438,07909697;3,95443600
438,16101697;3,95443600
438,24293697;3,95443600
438,32485697;3,95443600
438,40677697;3,95443600
438,48869697;3,95443600
438,57061697;3,90942100
438,65253697;3,95443600
438,73445697;3,90942100
438,81637697;3,90942100
438,89829697;3,86455900
438,98021697;3,90942100
439,06213697;3,86455900
439,14405697;3,86455900
439,22597697;3,86455900
439,30789697;3,90942100
439,38981697;3,90942100
439,47173697;3,95443600
439,55365696;4,04431300
439,63557696;4,04431300
439,71749696;4,13419000
439,79941696;4,13419000
439,88133696;4,22406700
439,96325696;4,22406700
440,04517696;4,31409600
440,12709696;4,31409600
440,20901696;4,40397400
440,29093696;4,40397400
440,37285696;4,40397400
440,45477696;4,44883600
440,53669696;4,49385100
440,61861696;4,49385100
440,70053696;4,49385100
440,78245696;4,53871300
440,86437696;4,58372700
440,94629696;4,58372700
441,02821696;4,58372700
441,11013696;4,58372700
441,19205695;4,58372700
441,27397695;4,58372700
441,35589695;4,62874200
441,43781695;4,58372700
441,51973695;4,58372700
441,60165695;4,58372700
441,68357695;4,58372700
441,76549695;4,58372700
441,84741695;4,58372700
441,92933695;4,58372700
442,01125695;4,58372700
442,09317695;4,58372700
442,17509695;4,58372700
442,25701695;4,53871300
442,33893695;4,53871300
442,42085695;4,53871300
442,50277695;4,49385100
442,58469695;4,49385100
442,66661695;4,49385100
442,74853695;4,49385100
442,83045694;4,49385100
442,91237694;4,49385100
442,99429694;4,49385100
443,07621694;4,44883600
443,15813694;4,44883600
443,24005694;4,44883600
443,32197694;4,44883600
443,40389694;4,40397400
443,48581694;4,40397400
443,56773694;4,40397400
443,64965694;4,40397400
443,73157694;4,40397400
443,81349694;4,40397400
443,89541694;4,40397400
443,97733694;4,35895900
444,05925694;4,35895900
444,14117694;4,31409600
444,22309694;4,31409600
444,30501694;4,31409600
444,38693694;4,31409600
444,46885693;4,31409600
444,55077693;4,31409600
444,63269693;4,31409600
444,71461693;4,31409600
444,79653693;4,31409600
444,87845693;4,26908200
444,96037693;4,26908200
445,04229693;4,22406700
445,12421693;4,22406700
445,20613693;4,22406700
445,28805693;4,22406700
445,36997693;4,22406700
445,45189693;4,22406700
445,53381693;4,17920400
445,61573693;4,17920400
445,69765693;4,17920400
445,77957693;4,17920400
445,86149693;4,17920400
445,94341693;4,13419000
446,02533693;4,13419000
446,10725692;4,17920400
446,18917692;4,13419000
446,27109692;4,13419000
446,35301692;4,13419000
446,43493692;4,13419000
446,51685692;4,13419000
446,59877692;4,13419000
446,68069692;4,08932800
446,76261692;4,08932800
446,84453692;4,04431300
446,92645692;4,04431300
447,00837692;4,04431300
447,09029692;4,04431300
447,17221692;4,04431300
447,25413692;4,04431300
447,33605692;4,04431300
447,41797692;4,04431300
447,49989692;4,04431300
447,58181692;4,04431300
447,66373692;3,99929800
447,74565691;3,95443600
447,82757691;3,95443600
447,90949691;3,95443600
447,99141691;3,95443600
448,07333691;3,95443600
448,15525691;3,95443600
448,23717691;3,95443600
448,31909691;3,95443600
448,40101691;3,95443600
448,48293691;3,90942100
448,56485691;3,90942100
448,64677691;3,90942100
448,72869691;3,86455900
448,81061691;3,90942100
448,89253691;3,90942100
448,97445691;3,86455900
449,05637691;3,86455900
449,13829691;3,86455900
449,22021691;3,90942100
449,30213691;3,90942100
449,38405690;3,95443600
449,46597690;3,99929800
449,54789690;4,04431300
449,62981690;4,08932800
449,71173690;4,13419000
449,79365690;4,22406700
449,87557690;4,22406700
449,95749690;4,31409600
450,03941690;4,31409600
450,12133690;4,35895900
450,20325690;4,40397400
450,28517690;4,40397400
450,36709690;4,49385100
450,44901690;4,49385100
450,53093690;4,49385100
450,61285690;4,49385100
450,69477690;4,53871300
450,77669690;4,53871300
450,85861690;4,58372700
450,94053690;4,58372700
451,02245689;4,58372700
451,10437689;4,58372700
451,18629689;4,58372700
451,26821689;4,62874200
451,35013689;4,62874200
451,43205689;4,62874200
451,51397689;4,58372700
451,59589689;4,58372700
451,67781689;4,58372700
451,75973689;4,62874200
451,84165689;4,58372700
451,92357689;4,58372700
452,00549689;4,58372700
452,08741689;4,58372700
452,16933689;4,58372700
452,25125689;4,53871300
452,33317689;4,53871300
452,41509689;4,49385100
452,49701689;4,49385100
452,57893689;4,49385100
452,66085688;4,49385100
452,74277688;4,49385100
452,82469688;4,49385100
452,90661688;4,49385100
452,98853688;4,44883600
453,07045688;4,44883600
453,15237688;4,44883600
453,23429688;4,44883600
453,31621688;4,44883600
453,39813688;4,40397400
453,48005688;4,40397400
453,56197688;4,40397400
453,64389688;4,40397400
453,72581688;4,40397400
453,80773688;4,40397400
453,88965688;4,35895900
453,97157688;4,35895900
454,05349688;4,35895900
454,13541688;4,35895900
454,21733688;4,31409600
454,29925687;4,31409600
454,38117687;4,31409600
454,46309687;4,31409600
454,54501687;4,31409600
454,62693687;4,31409600
454,70885687;4,31409600
454,79077687;4,31409600
454,87269687;4,26908200
454,95461687;4,26908200
455,03653687;4,26908200
455,11845687;4,22406700
455,20037687;4,22406700
455,28229687;4,22406700
455,36421687;4,22406700
455,44613687;4,22406700
455,52805687;4,22406700
455,60997687;4,22406700
455,69189687;4,17920400
455,77381687;4,17920400
455,85573687;4,17920400
455,93765686;4,13419000
456,01957686;4,13419000
456,10149686;4,13419000
456,18341686;4,13419000
456,26533686;4,13419000
456,34725686;4,13419000
456,42917686;4,13419000
456,51109686;4,13419000
456,59301686;4,08932800
456,67493686;4,08932800
456,75685686;4,08932800
456,83877686;4,08932800
456,92069686;4,08932800
457,00261686;4,04431300
457,08453686;4,04431300
457,16645686;4,04431300
457,24837686;4,04431300
457,33029686;4,04431300
457,41221686;4,04431300
457,49413686;4,04431300
457,57605686;3,99929800
457,65797685;4,04431300
457,73989685;3,99929800
457,82181685;3,99929800
457,90373685;3,95443600
457,98565685;3,95443600
458,06757685;3,95443600
458,14949685;3,95443600
458,23141685;3,95443600
458,31333685;3,95443600
458,39525685;3,95443600
458,47717685;3,95443600
458,55909685;3,90942100
458,64101685;3,90942100
458,72293685;3,90942100
458,80485685;3,90942100
458,88677685;3,86455900
458,96869685;3,86455900
459,05061685;3,86455900
459,13253685;3,86455900
459,21445685;3,86455900
459,29637684;3,90942100
459,37829684;3,90942100
459,46021684;3,95443600
459,54213684;3,95443600
459,62405684;4,04431300
459,70597684;4,13419000
459,78789684;4,13419000
459,86981684;4,22406700
459,95173684;4,22406700
460,03365684;4,31409600
460,11557684;4,31409600
460,19749684;4,35895900
460,27941684;4,40397400
460,36133684;4,40397400
460,44325684;4,49385100
460,52517684;4,49385100
460,60709684;4,49385100
460,68901684;4,49385100
460,77093684;4,49385100
460,85285684;4,53871300
460,93477683;4,58372700
461,01669683;4,58372700
461,09861683;4,58372700
461,18053683;4,58372700
461,26245683;4,58372700
461,34437683;4,58372700
461,42629683;4,58372700
461,50821683;4,58372700
461,59013683;4,58372700
461,67205683;4,58372700
461,75397683;4,58372700
461,83589683;4,58372700
461,91781683;4,58372700
461,99973683;4,58372700
462,08165683;4,58372700
462,16357683;4,58372700
462,24549683;4,53871300
462,32741683;4,53871300
462,40933683;4,49385100
462,49125683;4,53871300
462,57317682;4,49385100
462,65509682;4,49385100
462,73701682;4,49385100
462,81893682;4,49385100
462,90085682;4,49385100
462,98277682;4,49385100
463,06469682;4,44883600
463,14661682;4,44883600
463,22853682;4,44883600
463,31045682;4,44883600
463,39237682;4,40397400
463,47429682;4,44883600
463,55621682;4,40397400
463,63813682;4,40397400
463,72005682;4,40397400
463,80197682;4,40397400
463,88389682;4,40397400
463,96581682;4,35895900
464,04773682;4,35895900
464,12965682;4,31409600
464,21157681;4,31409600
464,29349681;4,31409600
464,37541681;4,31409600
464,45733681;4,31409600
464,53925681;4,31409600
464,62117681;4,31409600
464,70309681;4,31409600
464,78501681;4,31409600
464,86693681;4,26908200
464,94885681;4,26908200
465,03077681;4,22406700
465,11269681;4,22406700
465,19461681;4,22406700
465,27653681;4,22406700
465,35845681;4,22406700
465,44037681;4,22406700
465,52229681;4,22406700
465,60421681;4,17920400
465,68613681;4,17920400
465,76805681;4,17920400
465,84997680;4,17920400
465,93189680;4,13419000
466,01381680;4,13419000
466,09573680;4,13419000
466,17765680;4,13419000
466,25957680;4,13419000
466,34149680;4,13419000
466,42341680;4,13419000
466,50533680;4,13419000
466,58725680;4,08932800
466,66917680;4,13419000
466,75109680;4,04431300
466,83301680;4,08932800
466,91493680;4,04431300
466,99685680;4,04431300
467,07877680;4,04431300
467,16069680;4,04431300
467,24261680;4,04431300
467,32453680;4,04431300
467,40645680;4,04431300
467,48837679;4,04431300
467,57029679;4,04431300
467,65221679;3,99929800
467,73413679;3,95443600
467,81605679;3,95443600
467,89797679;3,95443600
467,97989679;3,95443600
468,06181679;3,95443600
468,14373679;3,95443600
468,22565679;3,95443600
468,30757679;3,95443600
468,38949679;3,90942100
468,47141679;3,90942100
468,55333679;3,90942100
468,63525679;3,90942100
468,71717679;3,90942100
468,79909679;3,90942100
468,88101679;3,86455900
468,96293679;3,86455900
469,04485679;3,86455900
469,12677678;3,86455900
469,20869678;3,86455900
469,29061678;3,90942100
469,37253678;3,95443600
469,45445678;3,95443600
469,53637678;4,04431300
469,61829678;4,08932800
469,70021678;4,13419000
469,78213678;4,17920400
469,86405678;4,22406700
469,94597678;4,26908200
470,02789678;4,31409600
470,10981678;4,40397400
470,19173678;4,40397400
470,27365678;4,40397400
470,35557678;4,49385100
470,43749678;4,49385100
470,51941678;4,49385100
470,60133678;4,53871300
470,68325678;4,58372700
470,76517677;4,58372700
470,84709677;4,58372700
470,92901677;4,58372700
471,01093677;4,58372700
471,09285677;4,58372700
471,17477677;4,58372700
471,25669677;4,62874200
471,33861677;4,62874200
471,42053677;4,62874200
471,50245677;4,58372700
471,58437677;4,62874200
471,66629677;4,58372700
471,74821677;4,58372700
471,83013677;4,58372700
471,91205677;4,58372700
471,99397677;4,58372700
472,07589677;4,53871300
472,15781677;4,58372700
472,23973677;4,53871300
472,32165677;4,53871300
472,40357676;4,53871300
472,48549676;4,49385100
472,56741676;4,49385100
472,64933676;4,49385100
472,73125676;4,49385100
472,81317676;4,49385100
472,89509676;4,49385100
472,97701676;4,49385100
473,05893676;4,49385100
473,14085676;4,44883600
473,22277676;4,44883600
473,30469676;4,44883600
473,38661676;4,40397400
473,46853676;4,40397400
473,55045676;4,40397400
473,63237676;4,40397400
473,71429676;4,40397400
473,79621676;4,40397400
473,87813676;4,40397400
473,96005676;4,40397400
474,04197675;4,35895900
474,12389675;4,31409600
474,20581675;4,31409600
474,28773675;4,31409600
474,36965675;4,31409600
474,45157675;4,31409600
474,53349675;4,31409600
474,61541675;4,31409600
474,69733675;4,31409600
474,77925675;4,31409600
474,86117675;4,26908200
474,94309675;4,26908200
475,02501675;4,26908200
475,10693675;4,22406700
475,18885675;4,22406700
475,27077675;4,22406700
475,35269675;4,22406700
475,43461675;4,22406700
475,51653675;4,22406700
475,59845675;4,22406700
475,68037675;4,17920400
475,76229674;4,17920400
475,84421674;4,22406700
475,92613674;4,13419000
476,00805674;4,13419000
476,08997674;4,13419000
476,17189674;4,13419000
476,25381674;4,13419000
476,33573674;4,13419000
476,41765674;4,13419000
476,49957674;4,13419000
476,58149674;4,08932800
476,66341674;4,13419000
476,74533674;4,08932800
476,82725674;4,08932800
476,90917674;4,04431300
476,99109674;4,04431300
477,07301674;4,04431300
477,15493674;4,04431300
477,23685674;4,04431300
477,31877674;4,04431300
477,40069673;4,04431300
477,48261673;4,04431300
477,56453673;4,04431300
477,64645673;3,99929800
477,72837673;3,99929800
477,81029673;3,95443600
477,89221673;3,99929800
477,97413673;3,95443600
478,05605673;3,95443600
478,13797673;3,95443600
478,21989673;3,95443600
478,30181673;3,95443600
478,38373673;3,95443600
478,46565673;3,95443600
478,54757673;3,95443600
478,62949673;3,90942100
478,71141673;3,90942100
478,79333673;3,90942100
478,87525673;3,86455900
478,95717673;3,86455900
479,03909672;3,86455900
479,12101672;3,86455900
479,20293672;3,86455900
479,28485672;3,90942100
479,36677672;3,90942100
479,44869672;3,95443600
479,53061672;3,95443600
479,61253672;4,04431300
479,69445672;4,08932800
479,77637672;4,13419000
479,85829672;4,22406700
479,94021672;4,22406700
480,02213672;4,26908200
480,10405672;4,31409600
480,18597672;4,35895900
480,26789672;4,40397400
480,34981672;4,40397400
480,43173672;4,44883600
480,51365672;4,49385100
480,59557672;4,49385100
480,67749671;4,49385100
480,75941671;4,53871300
480,84133671;4,53871300
480,92325671;4,58372700
481,00517671;4,58372700
481,08709671;4,58372700
481,16901671;4,58372700
481,25093671;4,58372700
481,33285671;4,58372700
481,41477671;4,58372700
481,49669671;4,62874200
481,57861671;4,58372700
481,66053671;4,58372700
481,74245671;4,58372700
481,82437671;4,58372700
481,90629671;4,58372700
481,98821671;4,58372700
482,07013671;4,58372700
482,15205671;4,53871300
482,23397671;4,49385100
482,31589670;4,53871300
482,39781670;4,49385100
482,47973670;4,49385100
482,56165670;4,49385100
482,64357670;4,49385100
482,72549670;4,49385100
482,80741670;4,49385100
482,88933670;4,49385100
482,97125670;4,49385100
483,05317670;4,44883600
483,13509670;4,44883600
483,21701670;4,44883600
483,29893670;4,40397400
483,38085670;4,40397400
483,46277670;4,40397400
483,54469670;4,40397400
483,62661670;4,40397400
483,70853670;4,40397400
483,79045670;4,40397400
483,87237670;4,40397400
483,95429669;4,40397400
484,03621669;4,31409600
484,11813669;4,31409600
484,20005669;4,35895900
484,28197669;4,31409600
484,36389669;4,31409600
484,44581669;4,31409600
484,52773669;4,31409600
484,60965669;4,31409600
484,69157669;4,31409600
484,77349669;4,26908200
484,85541669;4,26908200
484,93733669;4,26908200
485,01925669;4,22406700
485,10117669;4,22406700
485,18309669;4,22406700
485,26501669;4,22406700
485,34693669;4,22406700
485,42885669;4,22406700
485,51077669;4,22406700
485,59269668;4,17920400
485,67461668;4,17920400
485,75653668;4,17920400
485,83845668;4,17920400
485,92037668;4,13419000
486,00229668;4,13419000
486,08421668;4,13419000
486,16613668;4,13419000
486,24805668;4,13419000
486,32997668;4,13419000
486,41189668;4,13419000
486,49381668;4,13419000
486,57573668;4,13419000
486,65765668;4,08932800
486,73957668;4,08932800
486,82149668;4,04431300
486,90341668;4,08932800
486,98533668;4,04431300
487,06725668;4,04431300
487,14917668;4,04431300
487,23109667;4,04431300
487,31301667;4,04431300
487,39493667;4,04431300
487,47685667;4,04431300
487,55877667;3,95443600
487,64069667;3,99929800
487,72261667;3,99929800
487,80453667;3,99929800
487,88645667;3,95443600
487,96837667;3,95443600
488,05029667;3,95443600
488,13221667;3,95443600
488,21413667;3,95443600
488,29605667;3,95443600
488,37797667;3,95443600
488,45989667;3,95443600
488,54181667;3,90942100
488,62373667;3,95443600
488,70565667;3,90942100
488,78757667;3,86455900
488,86949666;3,86455900
488,95141666;3,86455900
489,03333666;3,86455900
489,11525666;3,86455900
489,19717666;3,86455900
489,27909666;3,90942100
489,36101666;3,95443600
489,44293666;3,95443600
489,52485666;4,04431300
489,60677666;4,08932800
489,68869666;4,13419000
489,77061666;4,17920400
489,85253666;4,22406700
489,93445666;4,26908200
490,01637666;4,31409600
490,09829666;4,40397400
490,18021666;4,40397400
490,26213666;4,44883600
490,34405666;4,44883600
490,42597666;4,49385100
490,50789665;4,49385100
490,58981665;4,49385100
490,67173665;4,53871300
490,75365665;4,53871300
490,83557665;4,58372700
490,91749665;4,58372700
490,99941665;4,58372700
491,08133665;4,62874200
491,16325665;4,62874200
491,24517665;4,62874200
491,32709665;4,62874200
491,40901665;4,62874200
491,49093665;4,62874200
491,57285665;4,62874200
491,65477665;4,62874200
491,73669665;4,58372700
491,81861665;4,58372700
491,90053665;4,58372700
491,98245665;4,58372700
492,06437665;4,58372700
492,14629664;4,58372700
492,22821664;4,58372700
492,31013664;4,53871300
492,39205664;4,53871300
492,47397664;4,53871300
492,55589664;4,49385100
492,63781664;4,49385100
492,71973664;4,49385100
492,80165664;4,49385100
492,88357664;4,49385100
492,96549664;4,49385100
493,04741664;4,49385100
493,12933664;4,44883600
493,21125664;4,44883600
493,29317664;4,44883600
493,37509664;4,40397400
493,45701664;4,40397400
493,53893664;4,40397400
493,62085664;4,40397400
493,70277664;4,40397400
493,78469663;4,40397400
493,86661663;4,40397400
493,94853663;4,40397400
494,03045663;4,35895900
494,11237663;4,35895900
494,19429663;4,31409600
494,27621663;4,31409600
494,35813663;4,31409600
494,44005663;4,31409600
494,52197663;4,31409600
494,60389663;4,31409600
494,68581663;4,31409600
494,76773663;4,26908200
494,84965663;4,26908200
494,93157663;4,26908200
495,01349663;4,26908200
495,09541663;4,22406700
495,17733663;4,22406700
495,25925663;4,22406700
495,34117663;4,22406700
495,42309663;4,22406700
495,50501662;4,22406700
495,58693662;4,22406700
495,66885662;4,17920400
495,75077662;4,17920400
495,83269662;4,17920400
495,91461662;4,17920400
495,99653662;4,13419000
496,07845662;4,13419000
496,16037662;4,13419000
496,24229662;4,13419000
496,32421662;4,13419000
496,40613662;4,13419000
496,48805662;4,13419000
496,56997662;4,13419000
496,65189662;4,13419000
496,73381662;4,13419000
496,81573662;4,13419000
496,89765662;4,08932800
496,97957662;4,08932800
497,06149662;4,04431300
497,14341661;4,08932800
497,22533661;4,04431300
497,30725661;4,04431300
497,38917661;4,04431300
497,47109661;4,04431300
497,55301661;4,04431300
497,63493661;4,04431300
497,71685661;3,95443600
497,79877661;3,95443600
497,88069661;3,95443600
497,96261661;3,95443600
498,04453661;3,95443600
498,12645661;3,95443600
498,20837661;3,95443600
498,29029661;3,95443600
498,37221661;3,95443600
498,45413661;3,95443600
498,53605661;3,90942100
498,61797661;3,90942100
498,69989661;3,90942100
498,78181660;3,90942100
498,86373660;3,90942100
498,94565660;3,90942100
499,02757660;3,90942100
499,10949660;3,86455900
499,19141660;3,90942100
499,27333660;3,86455900
499,35525660;3,90942100
499,43717660;3,95443600
499,51909660;3,95443600
499,60101660;4,04431300
499,68293660;4,08932800
499,76485660;4,13419000
499,84677660;4,17920400
499,92869660;4,22406700
500,01061660;4,26908200
