Tiempo;Canal A
(ms);(V)

-500,27310848;4,13419000
-500,19118848;4,17920400
-500,10926848;4,22406700
-500,02734848;4,26908200
-499,94542848;4,31409600
-499,86350848;4,35895900
-499,78158849;4,40397400
-499,69966849;4,40397400
-499,61774849;4,40397400
-499,53582849;4,44883600
-499,45390849;4,49385100
-499,37198849;4,49385100
-499,29006849;4,53871300
-499,20814849;4,53871300
-499,12622849;4,53871300
-499,04430849;4,58372700
-498,96238849;4,58372700
-498,88046849;4,58372700
-498,79854849;4,62874200
-498,71662849;4,58372700
-498,63470849;4,58372700
-498,55278849;4,58372700
-498,47086849;4,58372700
-498,38894849;4,58372700
-498,30702849;4,58372700
-498,22510849;4,58372700
-498,14318850;4,58372700
-498,06126850;4,58372700
-497,97934850;4,53871300
-497,89742850;4,58372700
-497,81550850;4,53871300
-497,73358850;4,53871300
-497,65166850;4,49385100
-497,56974850;4,49385100
-497,48782850;4,49385100
-497,40590850;4,49385100
-497,32398850;4,49385100
-497,24206850;4,49385100
-497,16014850;4,49385100
-497,07822850;4,44883600
-496,99630850;4,49385100
-496,91438850;4,44883600
-496,83246850;4,44883600
-496,75054850;4,44883600
-496,66862850;4,40397400
-496,58670850;4,40397400
-496,50478851;4,40397400
-496,42286851;4,40397400
-496,34094851;4,40397400
-496,25902851;4,35895900
-496,17710851;4,35895900
-496,09518851;4,35895900
-496,01326851;4,31409600
-495,93134851;4,31409600
-495,84942851;4,31409600
-495,76750851;4,31409600
-495,68558851;4,31409600
-495,60366851;4,31409600
-495,52174851;4,31409600
-495,43982851;4,31409600
-495,35790851;4,26908200
-495,27598851;4,26908200
-495,19406851;4,26908200
-495,11214851;4,26908200
-495,03022851;4,26908200
-494,94830851;4,22406700
-494,86638852;4,22406700
-494,78446852;4,22406700
-494,70254852;4,22406700
-494,62062852;4,22406700
-494,53870852;4,22406700
-494,45678852;4,22406700
-494,37486852;4,17920400
-494,29294852;4,17920400
-494,21102852;4,13419000
-494,12910852;4,13419000
-494,04718852;4,17920400
-493,96526852;4,13419000
-493,88334852;4,13419000
-493,80142852;4,13419000
-493,71950852;4,13419000
-493,63758852;4,13419000
-493,55566852;4,13419000
-493,47374852;4,08932800
-493,39182852;4,08932800
-493,30990852;4,08932800
-493,22798853;4,08932800
-493,14606853;4,08932800
-493,06414853;4,04431300
-492,98222853;4,04431300
-492,90030853;4,04431300
-492,81838853;4,04431300
-492,73646853;4,04431300
-492,65454853;4,04431300
-492,57262853;3,99929800
-492,49070853;3,99929800
-492,40878853;3,99929800
-492,32686853;3,95443600
-492,24494853;3,95443600
-492,16302853;3,95443600
-492,08110853;3,95443600
-491,99918853;3,95443600
-491,91726853;3,95443600
-491,83534853;3,95443600
-491,75342853;3,95443600
-491,67150853;3,95443600
-491,58958854;3,95443600
-491,50766854;3,90942100
-491,42574854;3,90942100
-491,34382854;3,90942100
-491,26190854;3,90942100
-491,17998854;3,86455900
-491,09806854;3,86455900
-491,01614854;3,86455900
-490,93422854;3,86455900
-490,85230854;3,86455900
-490,77038854;3,90942100
-490,68846854;3,90942100
-490,60654854;3,95443600
-490,52462854;3,95443600
-490,44270854;4,04431300
-490,36078854;4,13419000
-490,27886854;4,13419000
-490,19694854;4,22406700
-490,11502854;4,22406700
-490,03310854;4,31409600
-489,95118855;4,31409600
-489,86926855;4,40397400
-489,78734855;4,40397400
-489,70542855;4,40397400
-489,62350855;4,49385100
-489,54158855;4,49385100
-489,45966855;4,49385100
-489,37774855;4,49385100
-489,29582855;4,58372700
-489,21390855;4,53871300
-489,13198855;4,58372700
-489,05006855;4,58372700
-488,96814855;4,62874200
-488,88622855;4,58372700
-488,80430855;4,58372700
-488,72238855;4,62874200
-488,64046855;4,62874200
-488,55854855;4,62874200
-488,47662855;4,58372700
-488,39470855;4,58372700
-488,31278856;4,58372700
-488,23086856;4,58372700
-488,14894856;4,58372700
-488,06702856;4,58372700
-487,98510856;4,58372700
-487,90318856;4,58372700
-487,82126856;4,53871300
-487,73934856;4,53871300
-487,65742856;4,53871300
-487,57550856;4,49385100
-487,49358856;4,49385100
-487,41166856;4,49385100
-487,32974856;4,49385100
-487,24782856;4,49385100
-487,16590856;4,49385100
-487,08398856;4,49385100
-487,00206856;4,49385100
-486,92014856;4,49385100
-486,83822856;4,44883600
-486,75630856;4,44883600
-486,67438857;4,44883600
-486,59246857;4,40397400
-486,51054857;4,40397400
-486,42862857;4,40397400
-486,34670857;4,40397400
-486,26478857;4,40397400
-486,18286857;4,40397400
-486,10094857;4,40397400
-486,01902857;4,35895900
-485,93710857;4,35895900
-485,85518857;4,31409600
-485,77326857;4,31409600
-485,69134857;4,31409600
-485,60942857;4,31409600
-485,52750857;4,31409600
-485,44558857;4,31409600
-485,36366857;4,31409600
-485,28174857;4,31409600
-485,19982857;4,26908200
-485,11790857;4,26908200
-485,03598857;4,26908200
-484,95406858;4,22406700
-484,87214858;4,26908200
-484,79022858;4,22406700
-484,70830858;4,22406700
-484,62638858;4,22406700
-484,54446858;4,22406700
-484,46254858;4,22406700
-484,38062858;4,17920400
-484,29870858;4,17920400
-484,21678858;4,17920400
-484,13486858;4,17920400
-484,05294858;4,13419000
-483,97102858;4,13419000
-483,88910858;4,13419000
-483,80718858;4,13419000
-483,72526858;4,13419000
-483,64334858;4,13419000
-483,56142858;4,13419000
-483,47950858;4,13419000
-483,39758858;4,08932800
-483,31566859;4,08932800
-483,23374859;4,08932800
-483,15182859;4,08932800
-483,06990859;4,04431300
-482,98798859;4,04431300
-482,90606859;4,04431300
-482,82414859;4,04431300
-482,74222859;4,04431300
-482,66030859;4,04431300
-482,57838859;4,04431300
-482,49646859;4,04431300
-482,41454859;4,04431300
-482,33262859;3,95443600
-482,25070859;3,99929800
-482,16878859;3,95443600
-482,08686859;3,95443600
-482,00494859;3,95443600
-481,92302859;3,95443600
-481,84110859;3,95443600
-481,75918859;3,95443600
-481,67726860;3,95443600
-481,59534860;3,90942100
-481,51342860;3,90942100
-481,43150860;3,90942100
-481,34958860;3,90942100
-481,26766860;3,90942100
-481,18574860;3,86455900
-481,10382860;3,86455900
-481,02190860;3,86455900
-480,93998860;3,86455900
-480,85806860;3,86455900
-480,77614860;3,86455900
-480,69422860;3,90942100
-480,61230860;3,95443600
-480,53038860;3,95443600
-480,44846860;4,04431300
-480,36654860;4,04431300
-480,28462860;4,13419000
-480,20270860;4,13419000
-480,12078860;4,22406700
-480,03886861;4,26908200
-479,95694861;4,31409600
-479,87502861;4,31409600
-479,79310861;4,35895900
-479,71118861;4,40397400
-479,62926861;4,40397400
-479,54734861;4,44883600
-479,46542861;4,49385100
-479,38350861;4,49385100
-479,30158861;4,49385100
-479,21966861;4,53871300
-479,13774861;4,53871300
-479,05582861;4,53871300
-478,97390861;4,58372700
-478,89198861;4,58372700
-478,81006861;4,58372700
-478,72814861;4,58372700
-478,64622861;4,58372700
-478,56430861;4,58372700
-478,48238861;4,58372700
-478,40046862;4,58372700
-478,31854862;4,58372700
-478,23662862;4,58372700
-478,15470862;4,58372700
-478,07278862;4,58372700
-477,99086862;4,53871300
-477,90894862;4,58372700
-477,82702862;4,53871300
-477,74510862;4,53871300
-477,66318862;4,49385100
-477,58126862;4,49385100
-477,49934862;4,49385100
-477,41742862;4,49385100
-477,33550862;4,49385100
-477,25358862;4,49385100
-477,17166862;4,49385100
-477,08974862;4,49385100
-477,00782862;4,44883600
-476,92590862;4,44883600
-476,84398862;4,44883600
-476,76206863;4,44883600
-476,68014863;4,40397400
-476,59822863;4,40397400
-476,51630863;4,40397400
-476,43438863;4,40397400
-476,35246863;4,40397400
-476,27054863;4,40397400
-476,18862863;4,40397400
-476,10670863;4,35895900
-476,02478863;4,31409600
-475,94286863;4,35895900
-475,86094863;4,31409600
-475,77902863;4,31409600
-475,69710863;4,31409600
-475,61518863;4,31409600
-475,53326863;4,31409600
-475,45134863;4,31409600
-475,36942863;4,31409600
-475,28750863;4,26908200
-475,20558863;4,26908200
-475,12366864;4,26908200
-475,04174864;4,22406700
-474,95982864;4,26908200
-474,87790864;4,26908200
-474,79598864;4,22406700
-474,71406864;4,22406700
-474,63214864;4,22406700
-474,55022864;4,22406700
-474,46830864;4,22406700
-474,38638864;4,13419000
-474,30446864;4,22406700
-474,22254864;4,13419000
-474,14062864;4,17920400
-474,05870864;4,13419000
-473,97678864;4,13419000
-473,89486864;4,13419000
-473,81294864;4,13419000
-473,73102864;4,13419000
-473,64910864;4,13419000
-473,56718864;4,13419000
-473,48526865;4,13419000
-473,40334865;4,08932800
-473,32142865;4,08932800
-473,23950865;4,08932800
-473,15758865;4,08932800
-473,07566865;4,04431300
-472,99374865;4,04431300
-472,91182865;4,04431300
-472,82990865;4,04431300
-472,74798865;4,04431300
-472,66606865;4,04431300
-472,58414865;4,04431300
-472,50222865;3,99929800
-472,42030865;3,99929800
-472,33838865;3,95443600
-472,25646865;3,95443600
-472,17454865;3,95443600
-472,09262865;3,95443600
-472,01070865;3,95443600
-471,92878865;3,95443600
-471,84686866;3,95443600
-471,76494866;3,95443600
-471,68302866;3,95443600
-471,60110866;3,95443600
-471,51918866;3,90942100
-471,43726866;3,90942100
-471,35534866;3,90942100
-471,27342866;3,90942100
-471,19150866;3,86455900
-471,10958866;3,86455900
-471,02766866;3,86455900
-470,94574866;3,86455900
-470,86382866;3,86455900
-470,78190866;3,86455900
-470,69998866;3,90942100
-470,61806866;3,95443600
-470,53614866;3,95443600
-470,45422866;4,04431300
-470,37230866;4,08932800
-470,29038866;4,13419000
-470,20846867;4,17920400
-470,12654867;4,22406700
-470,04462867;4,31409600
-469,96270867;4,31409600
-469,88078867;4,35895900
-469,79886867;4,40397400
-469,71694867;4,44883600
-469,63502867;4,49385100
-469,55310867;4,49385100
-469,47118867;4,49385100
-469,38926867;4,49385100
-469,30734867;4,53871300
-469,22542867;4,53871300
-469,14350867;4,58372700
-469,06158867;4,58372700
-468,97966867;4,58372700
-468,89774867;4,62874200
-468,81582867;4,62874200
-468,73390867;4,62874200
-468,65198867;4,58372700
-468,57006868;4,62874200
-468,48814868;4,62874200
-468,40622868;4,62874200
-468,32430868;4,58372700
-468,24238868;4,58372700
-468,16046868;4,58372700
-468,07854868;4,58372700
-467,99662868;4,58372700
-467,91470868;4,58372700
-467,83278868;4,58372700
-467,75086868;4,53871300
-467,66894868;4,53871300
-467,58702868;4,49385100
-467,50510868;4,49385100
-467,42318868;4,49385100
-467,34126868;4,49385100
-467,25934868;4,49385100
-467,17742868;4,49385100
-467,09550868;4,49385100
-467,01358868;4,49385100
-466,93166868;4,49385100
-466,84974869;4,44883600
-466,76782869;4,44883600
-466,68590869;4,40397400
-466,60398869;4,40397400
-466,52206869;4,40397400
-466,44014869;4,40397400
-466,35822869;4,40397400
-466,27630869;4,40397400
-466,19438869;4,40397400
-466,11246869;4,40397400
-466,03054869;4,35895900
-465,94862869;4,35895900
-465,86670869;4,31409600
-465,78478869;4,31409600
-465,70286869;4,31409600
-465,62094869;4,31409600
-465,53902869;4,31409600
-465,45710869;4,31409600
-465,37518869;4,31409600
-465,29326869;4,26908200
-465,21134870;4,31409600
-465,12942870;4,26908200
-465,04750870;4,26908200
-464,96558870;4,22406700
-464,88366870;4,22406700
-464,80174870;4,22406700
-464,71982870;4,22406700
-464,63790870;4,22406700
-464,55598870;4,22406700
-464,47406870;4,22406700
-464,39214870;4,22406700
-464,31022870;4,17920400
-464,22830870;4,17920400
-464,14638870;4,13419000
-464,06446870;4,17920400
-463,98254870;4,17920400
-463,90062870;4,13419000
-463,81870870;4,13419000
-463,73678870;4,13419000
-463,65486870;4,13419000
-463,57294871;4,13419000
-463,49102871;4,13419000
-463,40910871;4,13419000
-463,32718871;4,08932800
-463,24526871;4,08932800
-463,16334871;4,04431300
-463,08142871;4,08932800
-462,99950871;4,04431300
-462,91758871;4,04431300
-462,83566871;4,04431300
-462,75374871;4,04431300
-462,67182871;4,04431300
-462,58990871;4,04431300
-462,50798871;3,99929800
-462,42606871;4,04431300
-462,34414871;3,99929800
-462,26222871;3,95443600
-462,18030871;3,95443600
-462,09838871;3,95443600
-462,01646871;3,95443600
-461,93454872;3,95443600
-461,85262872;3,95443600
-461,77070872;3,95443600
-461,68878872;3,95443600
-461,60686872;3,90942100
-461,52494872;3,95443600
-461,44302872;3,90942100
-461,36110872;3,90942100
-461,27918872;3,86455900
-461,19726872;3,90942100
-461,11534872;3,86455900
-461,03342872;3,86455900
-460,95150872;3,86455900
-460,86958872;3,86455900
-460,78766872;3,86455900
-460,70574872;3,90942100
-460,62382872;3,95443600
-460,54190872;3,95443600
-460,45998872;4,04431300
-460,37806872;4,08932800
-460,29614873;4,13419000
-460,21422873;4,13419000
-460,13230873;4,22406700
-460,05038873;4,26908200
-459,96846873;4,31409600
-459,88654873;4,31409600
-459,80462873;4,40397400
-459,72270873;4,40397400
-459,64078873;4,40397400
-459,55886873;4,44883600
-459,47694873;4,49385100
-459,39502873;4,49385100
-459,31310873;4,49385100
-459,23118873;4,49385100
-459,14926873;4,53871300
-459,06734873;4,58372700
-458,98542873;4,58372700
-458,90350873;4,58372700
-458,82158873;4,58372700
-458,73966873;4,58372700
-458,65774874;4,58372700
-458,57582874;4,58372700
-458,49390874;4,58372700
-458,41198874;4,58372700
-458,33006874;4,58372700
-458,24814874;4,58372700
-458,16622874;4,58372700
-458,08430874;4,58372700
-458,00238874;4,58372700
-457,92046874;4,53871300
-457,83854874;4,58372700
-457,75662874;4,49385100
-457,67470874;4,49385100
-457,59278874;4,49385100
-457,51086874;4,49385100
-457,42894874;4,49385100
-457,34702874;4,49385100
-457,26510874;4,49385100
-457,18318874;4,49385100
-457,10126874;4,49385100
-457,01934875;4,44883600
-456,93742875;4,44883600
-456,85550875;4,40397400
-456,77358875;4,44883600
-456,69166875;4,40397400
-456,60974875;4,40397400
-456,52782875;4,40397400
-456,44590875;4,40397400
-456,36398875;4,40397400
-456,28206875;4,35895900
-456,20014875;4,40397400
-456,11822875;4,35895900
-456,03630875;4,31409600
-455,95438875;4,31409600
-455,87246875;4,31409600
-455,79054875;4,31409600
-455,70862875;4,31409600
-455,62670875;4,31409600
-455,54478875;4,31409600
-455,46286875;4,31409600
-455,38094876;4,26908200
-455,29902876;4,31409600
-455,21710876;4,26908200
-455,13518876;4,26908200
-455,05326876;4,26908200
-454,97134876;4,22406700
-454,88942876;4,22406700
-454,80750876;4,22406700
-454,72558876;4,22406700
-454,64366876;4,17920400
-454,56174876;4,22406700
-454,47982876;4,22406700
-454,39790876;4,17920400
-454,31598876;4,17920400
-454,23406876;4,13419000
-454,15214876;4,13419000
-454,07022876;4,13419000
-453,98830876;4,13419000
-453,90638876;4,13419000
-453,82446876;4,13419000
-453,74254877;4,13419000
-453,66062877;4,13419000
-453,57870877;4,13419000
-453,49678877;4,08932800
-453,41486877;4,08932800
-453,33294877;4,08932800
-453,25102877;4,08932800
-453,16910877;4,04431300
-453,08718877;4,04431300
-453,00526877;4,04431300
-452,92334877;4,04431300
-452,84142877;4,04431300
-452,75950877;3,99929800
-452,67758877;4,04431300
-452,59566877;3,99929800
-452,51374877;3,99929800
-452,43182877;3,99929800
-452,34990877;3,95443600
-452,26798877;3,95443600
-452,18606877;3,95443600
-452,10414878;3,95443600
-452,02222878;3,95443600
-451,94030878;3,95443600
-451,85838878;3,95443600
-451,77646878;3,95443600
-451,69454878;3,90942100
-451,61262878;3,95443600
-451,53070878;3,90942100
-451,44878878;3,95443600
-451,36686878;3,90942100
-451,28494878;3,90942100
-451,20302878;3,86455900
-451,12110878;3,86455900
-451,03918878;3,86455900
-450,95726878;3,86455900
-450,87534878;3,86455900
-450,79342878;3,86455900
-450,71150878;3,90942100
-450,62958878;3,95443600
-450,54766878;3,99929800
-450,46574879;4,04431300
-450,38382879;4,08932800
-450,30190879;4,13419000
-450,21998879;4,17920400
-450,13806879;4,22406700
-450,05614879;4,26908200
-449,97422879;4,31409600
-449,89230879;4,40397400
-449,81038879;4,40397400
-449,72846879;4,44883600
-449,64654879;4,44883600
-449,56462879;4,49385100
-449,48270879;4,49385100
-449,40078879;4,49385100
-449,31886879;4,53871300
-449,23694879;4,58372700
-449,15502879;4,58372700
-449,07310879;4,58372700
-448,99118879;4,62874200
-448,90926879;4,58372700
-448,82734880;4,62874200
-448,74542880;4,58372700
-448,66350880;4,62874200
-448,58158880;4,58372700
-448,49966880;4,58372700
-448,41774880;4,58372700
-448,33582880;4,58372700
-448,25390880;4,58372700
-448,17198880;4,58372700
-448,09006880;4,58372700
-448,00814880;4,58372700
-447,92622880;4,58372700
-447,84430880;4,53871300
-447,76238880;4,53871300
-447,68046880;4,53871300
-447,59854880;4,53871300
-447,51662880;4,49385100
-447,43470880;4,49385100
-447,35278880;4,49385100
-447,27086880;4,49385100
-447,18894880;4,49385100
-447,10702881;4,49385100
-447,02510881;4,49385100
-446,94318881;4,44883600
-446,86126881;4,44883600
-446,77934881;4,40397400
-446,69742881;4,40397400
-446,61550881;4,40397400
-446,53358881;4,40397400
-446,45166881;4,40397400
-446,36974881;4,40397400
-446,28782881;4,40397400
-446,20590881;4,40397400
-446,12398881;4,35895900
-446,04206881;4,35895900
-445,96014881;4,35895900
-445,87822881;4,31409600
-445,79630881;4,31409600
-445,71438881;4,31409600
-445,63246881;4,31409600
-445,55054881;4,31409600
-445,46862882;4,31409600
-445,38670882;4,31409600
-445,30478882;4,26908200
-445,22286882;4,26908200
-445,14094882;4,26908200
-445,05902882;4,26908200
-444,97710882;4,22406700
-444,89518882;4,22406700
-444,81326882;4,22406700
-444,73134882;4,22406700
-444,64942882;4,22406700
-444,56750882;4,22406700
-444,48558882;4,22406700
-444,40366882;4,17920400
-444,32174882;4,17920400
-444,23982882;4,13419000
-444,15790882;4,17920400
-444,07598882;4,17920400
-443,99406882;4,13419000
-443,91214882;4,13419000
-443,83022883;4,13419000
-443,74830883;4,13419000
-443,66638883;4,13419000
-443,58446883;4,13419000
-443,50254883;4,13419000
-443,42062883;4,13419000
-443,33870883;4,08932800
-443,25678883;4,13419000
-443,17486883;4,08932800
-443,09294883;4,08932800
-443,01102883;4,04431300
-442,92910883;4,04431300
-442,84718883;4,04431300
-442,76526883;4,04431300
-442,68334883;4,04431300
-442,60142883;4,04431300
-442,51950883;4,04431300
-442,43758883;3,99929800
-442,35566883;3,95443600
-442,27374883;3,95443600
-442,19182884;3,95443600
-442,10990884;3,95443600
-442,02798884;3,95443600
-441,94606884;3,95443600
-441,86414884;3,95443600
-441,78222884;3,95443600
-441,70030884;3,95443600
-441,61838884;3,95443600
-441,53646884;3,95443600
-441,45454884;3,90942100
-441,37262884;3,90942100
-441,29070884;3,86455900
-441,20878884;3,90942100
-441,12686884;3,90942100
-441,04494884;3,86455900
-440,96302884;3,86455900
-440,88110884;3,86455900
-440,79918884;3,86455900
-440,71726884;3,90942100
-440,63534884;3,90942100
-440,55342885;3,95443600
-440,47150885;4,04431300
-440,38958885;4,04431300
-440,30766885;4,13419000
-440,22574885;4,13419000
-440,14382885;4,22406700
-440,06190885;4,22406700
-439,97998885;4,31409600
-439,89806885;4,31409600
-439,81614885;4,35895900
-439,73422885;4,40397400
-439,65230885;4,40397400
-439,57038885;4,44883600
-439,48846885;4,49385100
-439,40654885;4,49385100
-439,32462885;4,49385100
-439,24270885;4,53871300
-439,16078885;4,58372700
-439,07886885;4,58372700
-438,99694885;4,58372700
-438,91502886;4,58372700
-438,83310886;4,58372700
-438,75118886;4,62874200
-438,66926886;4,58372700
-438,58734886;4,58372700
-438,50542886;4,58372700
-438,42350886;4,58372700
-438,34158886;4,58372700
-438,25966886;4,58372700
-438,17774886;4,58372700
-438,09582886;4,58372700
-438,01390886;4,53871300
-437,93198886;4,53871300
-437,85006886;4,53871300
-437,76814886;4,53871300
-437,68622886;4,53871300
-437,60430886;4,53871300
-437,52238886;4,49385100
-437,44046886;4,49385100
-437,35854886;4,49385100
-437,27662887;4,49385100
-437,19470887;4,49385100
-437,11278887;4,49385100
-437,03086887;4,44883600
-436,94894887;4,44883600
-436,86702887;4,44883600
-436,78510887;4,40397400
-436,70318887;4,40397400
-436,62126887;4,40397400
-436,53934887;4,40397400
-436,45742887;4,40397400
-436,37550887;4,40397400
-436,29358887;4,40397400
-436,21166887;4,40397400
-436,12974887;4,35895900
-436,04782887;4,31409600
-435,96590887;4,31409600
-435,88398887;4,31409600
-435,80206887;4,31409600
-435,72014887;4,31409600
-435,63822888;4,31409600
-435,55630888;4,31409600
-435,47438888;4,31409600
-435,39246888;4,31409600
-435,31054888;4,26908200
-435,22862888;4,26908200
-435,14670888;4,26908200
-435,06478888;4,22406700
-434,98286888;4,22406700
-434,90094888;4,22406700
-434,81902888;4,22406700
-434,73710888;4,22406700
-434,65518888;4,22406700
-434,57326888;4,22406700
-434,49134888;4,17920400
-434,40942888;4,22406700
-434,32750888;4,13419000
-434,24558888;4,13419000
-434,16366888;4,17920400
-434,08174888;4,13419000
-433,99982889;4,13419000
-433,91790889;4,13419000
-433,83598889;4,13419000
-433,75406889;4,13419000
-433,67214889;4,13419000
-433,59022889;4,08932800
-433,50830889;4,13419000
-433,42638889;4,08932800
-433,34446889;4,08932800
-433,26254889;4,08932800
-433,18062889;4,04431300
-433,09870889;4,04431300
-433,01678889;4,04431300
-432,93486889;4,04431300
-432,85294889;4,04431300
-432,77102889;4,04431300
-432,68910889;4,04431300
-432,60718889;4,04431300
-432,52526889;4,04431300
-432,44334889;4,04431300
-432,36142890;3,99929800
-432,27950890;3,99929800
-432,19758890;3,95443600
-432,11566890;3,95443600
-432,03374890;3,95443600
-431,95182890;3,95443600
-431,86990890;3,95443600
-431,78798890;3,95443600
-431,70606890;3,95443600
-431,62414890;3,90942100
-431,54222890;3,90942100
-431,46030890;3,90942100
-431,37838890;3,90942100
-431,29646890;3,86455900
-431,21454890;3,90942100
-431,13262890;3,86455900
-431,05070890;3,86455900
-430,96878890;3,86455900
-430,88686890;3,86455900
-430,80494890;3,86455900
-430,72302891;3,90942100
-430,64110891;3,95443600
-430,55918891;3,95443600
-430,47726891;4,04431300
-430,39534891;4,13419000
-430,31342891;4,13419000
-430,23150891;4,22406700
-430,14958891;4,22406700
-430,06766891;4,31409600
-429,98574891;4,31409600
-429,90382891;4,40397400
-429,82190891;4,40397400
-429,73998891;4,40397400
-429,65806891;4,44883600
-429,57614891;4,49385100
-429,49422891;4,49385100
-429,41230891;4,49385100
-429,33038891;4,53871300
-429,24846891;4,53871300
-429,16654891;4,58372700
-429,08462892;4,58372700
-429,00270892;4,58372700
-428,92078892;4,58372700
-428,83886892;4,62874200
-428,75694892;4,58372700
-428,67502892;4,62874200
-428,59310892;4,58372700
-428,51118892;4,58372700
-428,42926892;4,58372700
-428,34734892;4,58372700
-428,26542892;4,58372700
-428,18350892;4,58372700
-428,10158892;4,58372700
-428,01966892;4,58372700
-427,93774892;4,53871300
-427,85582892;4,58372700
-427,77390892;4,49385100
-427,69198892;4,53871300
-427,61006892;4,49385100
-427,52814892;4,49385100
-427,44622892;4,49385100
-427,36430893;4,49385100
-427,28238893;4,49385100
-427,20046893;4,49385100
-427,11854893;4,49385100
-427,03662893;4,44883600
-426,95470893;4,44883600
-426,87278893;4,44883600
-426,79086893;4,40397400
-426,70894893;4,40397400
-426,62702893;4,40397400
-426,54510893;4,40397400
-426,46318893;4,40397400
-426,38126893;4,40397400
-426,29934893;4,40397400
-426,21742893;4,40397400
-426,13550893;4,40397400
-426,05358893;4,31409600
-425,97166893;4,31409600
-425,88974893;4,31409600
-425,80782893;4,31409600
-425,72590894;4,31409600
-425,64398894;4,31409600
-425,56206894;4,31409600
-425,48014894;4,31409600
-425,39822894;4,31409600
-425,31630894;4,31409600
-425,23438894;4,26908200
-425,15246894;4,26908200
-425,07054894;4,26908200
-424,98862894;4,22406700
-424,90670894;4,22406700
-424,82478894;4,22406700
-424,74286894;4,22406700
-424,66094894;4,22406700
-424,57902894;4,22406700
-424,49710894;4,22406700
-424,41518894;4,17920400
-424,33326894;4,17920400
-424,25134894;4,17920400
-424,16942894;4,17920400
-424,08750895;4,17920400
-424,00558895;4,13419000
-423,92366895;4,13419000
-423,84174895;4,13419000
-423,75982895;4,13419000
-423,67790895;4,13419000
-423,59598895;4,13419000
-423,51406895;4,13419000
-423,43214895;4,13419000
-423,35022895;4,08932800
-423,26830895;4,08932800
-423,18638895;4,08932800
-423,10446895;4,08932800
-423,02254895;4,04431300
-422,94062895;4,04431300
-422,85870895;4,04431300
-422,77678895;4,04431300
-422,69486895;4,04431300
-422,61294895;4,04431300
-422,53102895;4,04431300
-422,44910896;3,99929800
-422,36718896;3,99929800
-422,28526896;3,95443600
-422,20334896;3,95443600
-422,12142896;3,95443600
-422,03950896;3,95443600
-421,95758896;3,95443600
-421,87566896;3,95443600
-421,79374896;3,95443600
-421,71182896;3,95443600
-421,62990896;3,95443600
-421,54798896;3,90942100
-421,46606896;3,95443600
-421,38414896;3,90942100
-421,30222896;3,90942100
-421,22030896;3,90942100
-421,13838896;3,86455900
-421,05646896;3,86455900
-420,97454896;3,86455900
-420,89262896;3,86455900
-420,81070897;3,86455900
-420,72878897;3,86455900
-420,64686897;3,95443600
-420,56494897;3,95443600
-420,48302897;3,99929800
-420,40110897;4,04431300
-420,31918897;4,08932800
-420,23726897;4,13419000
-420,15534897;4,17920400
-420,07342897;4,22406700
-419,99150897;4,31409600
-419,90958897;4,31409600
-419,82766897;4,35895900
-419,74574897;4,40397400
-419,66382897;4,40397400
-419,58190897;4,44883600
-419,49998897;4,49385100
-419,41806897;4,49385100
-419,33614897;4,49385100
-419,25422897;4,49385100
-419,17230898;4,53871300
-419,09038898;4,58372700
-419,00846898;4,58372700
-418,92654898;4,58372700
-418,84462898;4,58372700
-418,76270898;4,58372700
-418,68078898;4,58372700
-418,59886898;4,58372700
-418,51694898;4,58372700
-418,43502898;4,58372700
-418,35310898;4,58372700
-418,27118898;4,58372700
-418,18926898;4,58372700
-418,10734898;4,53871300
-418,02542898;4,58372700
-417,94350898;4,53871300
-417,86158898;4,53871300
-417,77966898;4,53871300
-417,69774898;4,49385100
-417,61582898;4,49385100
-417,53390899;4,49385100
-417,45198899;4,49385100
-417,37006899;4,49385100
-417,28814899;4,49385100
-417,20622899;4,49385100
-417,12430899;4,44883600
-417,04238899;4,44883600
-416,96046899;4,44883600
-416,87854899;4,44883600
-416,79662899;4,40397400
-416,71470899;4,44883600
-416,63278899;4,40397400
-416,55086899;4,40397400
-416,46894899;4,40397400
-416,38702899;4,40397400
-416,30510899;4,35895900
-416,22318899;4,40397400
-416,14126899;4,35895900
-416,05934899;4,31409600
-415,97742899;4,31409600
-415,89550900;4,31409600
-415,81358900;4,31409600
-415,73166900;4,31409600
-415,64974900;4,31409600
-415,56782900;4,31409600
-415,48590900;4,31409600
-415,40398900;4,31409600
-415,32206900;4,31409600
-415,24014900;4,26908200
-415,15822900;4,26908200
-415,07630900;4,22406700
-414,99438900;4,22406700
-414,91246900;4,22406700
-414,83054900;4,22406700
-414,74862900;4,22406700
-414,66670900;4,22406700
-414,58478900;4,22406700
-414,50286900;4,22406700
-414,42094900;4,17920400
-414,33902900;4,17920400
-414,25710901;4,17920400
-414,17518901;4,13419000
-414,09326901;4,17920400
-414,01134901;4,13419000
-413,92942901;4,13419000
-413,84750901;4,13419000
-413,76558901;4,13419000
-413,68366901;4,13419000
-413,60174901;4,13419000
-413,51982901;4,08932800
-413,43790901;4,08932800
-413,35598901;4,08932800
-413,27406901;4,08932800
-413,19214901;4,08932800
-413,11022901;4,04431300
-413,02830901;4,04431300
-412,94638901;4,04431300
-412,86446901;4,04431300
-412,78254901;4,04431300
-412,70062901;4,04431300
-412,61870902;4,04431300
-412,53678902;4,04431300
-412,45486902;3,95443600
-412,37294902;3,99929800
-412,29102902;3,95443600
-412,20910902;3,95443600
-412,12718902;3,95443600
-412,04526902;3,95443600
-411,96334902;3,95443600
-411,88142902;3,95443600
-411,79950902;3,95443600
-411,71758902;3,90942100
-411,63566902;3,90942100
-411,55374902;3,90942100
-411,47182902;3,90942100
-411,38990902;3,90942100
-411,30798902;3,90942100
-411,22606902;3,86455900
-411,14414902;3,86455900
-411,06222902;3,86455900
-410,98030903;3,86455900
-410,89838903;3,86455900
-410,81646903;3,86455900
-410,73454903;3,86455900
-410,65262903;3,95443600
-410,57070903;3,95443600
-410,48878903;4,04431300
-410,40686903;4,08932800
-410,32494903;4,13419000
-410,24302903;4,17920400
-410,16110903;4,22406700
-410,07918903;4,26908200
-409,99726903;4,31409600
-409,91534903;4,31409600
-409,83342903;4,40397400
-409,75150903;4,44883600
-409,66958903;4,44883600
-409,58766903;4,49385100
-409,50574903;4,49385100
-409,42382903;4,49385100
-409,34190903;4,53871300
-409,25998904;4,53871300
-409,17806904;4,58372700
-409,09614904;4,58372700
-409,01422904;4,58372700
-408,93230904;4,62874200
-408,85038904;4,58372700
-408,76846904;4,58372700
-408,68654904;4,58372700
-408,60462904;4,58372700
-408,52270904;4,58372700
-408,44078904;4,62874200
-408,35886904;4,58372700
-408,27694904;4,58372700
-408,19502904;4,58372700
-408,11310904;4,58372700
-408,03118904;4,53871300
-407,94926904;4,58372700
-407,86734904;4,53871300
-407,78542904;4,53871300
-407,70350904;4,49385100
-407,62158905;4,49385100
-407,53966905;4,49385100
-407,45774905;4,49385100
-407,37582905;4,49385100
-407,29390905;4,49385100
-407,21198905;4,49385100
-407,13006905;4,49385100
-407,04814905;4,44883600
-406,96622905;4,44883600
-406,88430905;4,44883600
-406,80238905;4,40397400
-406,72046905;4,40397400
-406,63854905;4,40397400
-406,55662905;4,40397400
-406,47470905;4,40397400
-406,39278905;4,40397400
-406,31086905;4,40397400
-406,22894905;4,40397400
-406,14702905;4,40397400
-406,06510905;4,40397400
-405,98318906;4,31409600
-405,90126906;4,35895900
-405,81934906;4,31409600
-405,73742906;4,31409600
-405,65550906;4,31409600
-405,57358906;4,31409600
-405,49166906;4,31409600
-405,40974906;4,31409600
-405,32782906;4,31409600
-405,24590906;4,26908200
-405,16398906;4,26908200
-405,08206906;4,26908200
-405,00014906;4,22406700
-404,91822906;4,22406700
-404,83630906;4,22406700
-404,75438906;4,22406700
-404,67246906;4,22406700
-404,59054906;4,22406700
-404,50862906;4,22406700
-404,42670906;4,17920400
-404,34478907;4,17920400
-404,26286907;4,17920400
-404,18094907;4,13419000
-404,09902907;4,17920400
-404,01710907;4,13419000
-403,93518907;4,13419000
-403,85326907;4,13419000
-403,77134907;4,13419000
-403,68942907;4,13419000
-403,60750907;4,13419000
-403,52558907;4,08932800
-403,44366907;4,13419000
-403,36174907;4,08932800
-403,27982907;4,08932800
-403,19790907;4,08932800
-403,11598907;4,04431300
-403,03406907;4,04431300
-402,95214907;4,04431300
-402,87022907;4,04431300
-402,78830907;4,04431300
-402,70638908;4,04431300
-402,62446908;4,04431300
-402,54254908;4,04431300
-402,46062908;4,04431300
-402,37870908;3,99929800
-402,29678908;3,95443600
-402,21486908;3,95443600
-402,13294908;3,95443600
-402,05102908;3,95443600
-401,96910908;3,95443600
-401,88718908;3,95443600
-401,80526908;3,95443600
-401,72334908;3,95443600
-401,64142908;3,90942100
-401,55950908;3,90942100
-401,47758908;3,90942100
-401,39566908;3,90942100
-401,31374908;3,86455900
-401,23182908;3,90942100
-401,14990908;3,90942100
-401,06798909;3,86455900
-400,98606909;3,86455900
-400,90414909;3,86455900
-400,82222909;3,86455900
-400,74030909;3,86455900
-400,65838909;3,90942100
-400,57646909;3,95443600
-400,49454909;3,95443600
-400,41262909;4,04431300
-400,33070909;4,08932800
-400,24878909;4,13419000
-400,16686909;4,17920400
-400,08494909;4,22406700
-400,00302909;4,26908200
-399,92110909;4,31409600
-399,83918909;4,35895900
-399,75726909;4,40397400
-399,67534909;4,40397400
-399,59342909;4,44883600
-399,51150909;4,49385100
-399,42958910;4,49385100
-399,34766910;4,49385100
-399,26574910;4,49385100
-399,18382910;4,53871300
-399,10190910;4,58372700
-399,01998910;4,58372700
-398,93806910;4,58372700
-398,85614910;4,58372700
-398,77422910;4,58372700
-398,69230910;4,62874200
-398,61038910;4,58372700
-398,52846910;4,58372700
-398,44654910;4,58372700
-398,36462910;4,58372700
-398,28270910;4,58372700
-398,20078910;4,58372700
-398,11886910;4,58372700
-398,03694910;4,58372700
-397,95502910;4,53871300
-397,87310910;4,53871300
-397,79118911;4,49385100
-397,70926911;4,53871300
-397,62734911;4,49385100
-397,54542911;4,49385100
-397,46350911;4,49385100
-397,38158911;4,49385100
-397,29966911;4,49385100
-397,21774911;4,49385100
-397,13582911;4,49385100
-397,05390911;4,44883600
-396,97198911;4,44883600
-396,89006911;4,44883600
-396,80814911;4,44883600
-396,72622911;4,40397400
-396,64430911;4,40397400
-396,56238911;4,40397400
-396,48046911;4,40397400
-396,39854911;4,40397400
-396,31662911;4,35895900
-396,23470911;4,40397400
-396,15278912;4,40397400
-396,07086912;4,40397400
-395,98894912;4,35895900
-395,90702912;4,31409600
-395,82510912;4,31409600
-395,74318912;4,31409600
-395,66126912;4,31409600
-395,57934912;4,31409600
-395,49742912;4,31409600
-395,41550912;4,31409600
-395,33358912;4,26908200
-395,25166912;4,26908200
-395,16974912;4,26908200
-395,08782912;4,26908200
-395,00590912;4,22406700
-394,92398912;4,22406700
-394,84206912;4,22406700
-394,76014912;4,22406700
-394,67822912;4,22406700
-394,59630912;4,22406700
-394,51438913;4,22406700
-394,43246913;4,22406700
-394,35054913;4,17920400
-394,26862913;4,17920400
-394,18670913;4,17920400
-394,10478913;4,13419000
-394,02286913;4,13419000
-393,94094913;4,13419000
-393,85902913;4,13419000
-393,77710913;4,13419000
-393,69518913;4,13419000
-393,61326913;4,13419000
-393,53134913;4,13419000
-393,44942913;4,08932800
-393,36750913;4,08932800
-393,28558913;4,04431300
-393,20366913;4,08932800
-393,12174913;4,08932800
-393,03982913;4,04431300
-392,95790913;4,04431300
-392,87598914;4,04431300
-392,79406914;4,04431300
-392,71214914;3,99929800
-392,63022914;4,04431300
-392,54830914;4,04431300
-392,46638914;4,04431300
-392,38446914;3,99929800
-392,30254914;3,99929800
-392,22062914;3,95443600
-392,13870914;3,95443600
-392,05678914;3,95443600
-391,97486914;3,95443600
-391,89294914;3,95443600
-391,81102914;3,95443600
-391,72910914;3,90942100
-391,64718914;3,95443600
-391,56526914;3,90942100
-391,48334914;3,90942100
-391,40142914;3,90942100
-391,31950914;3,90942100
-391,23758915;3,86455900
-391,15566915;3,86455900
-391,07374915;3,86455900
-390,99182915;3,86455900
-390,90990915;3,86455900
-390,82798915;3,86455900
-390,74606915;3,90942100
-390,66414915;3,95443600
-390,58222915;3,95443600
-390,50030915;4,04431300
-390,41838915;4,04431300
-390,33646915;4,13419000
-390,25454915;4,17920400
-390,17262915;4,22406700
-390,09070915;4,26908200
-390,00878915;4,31409600
-389,92686915;4,31409600
-389,84494915;4,40397400
-389,76302915;4,40397400
-389,68110915;4,44883600
-389,59918915;4,49385100
-389,51726916;4,49385100
-389,43534916;4,49385100
-389,35342916;4,49385100
-389,27150916;4,53871300
-389,18958916;4,58372700
-389,10766916;4,58372700
-389,02574916;4,58372700
-388,94382916;4,62874200
-388,86190916;4,58372700
-388,77998916;4,58372700
-388,69806916;4,62874200
-388,61614916;4,62874200
-388,53422916;4,58372700
-388,45230916;4,58372700
-388,37038916;4,58372700
-388,28846916;4,58372700
-388,20654916;4,58372700
-388,12462916;4,58372700
-388,04270916;4,58372700
-387,96078916;4,58372700
-387,87886917;4,58372700
-387,79694917;4,53871300
-387,71502917;4,53871300
-387,63310917;4,49385100
-387,55118917;4,49385100
-387,46926917;4,49385100
-387,38734917;4,49385100
-387,30542917;4,49385100
-387,22350917;4,49385100
-387,14158917;4,44883600
-387,05966917;4,49385100
-386,97774917;4,44883600
-386,89582917;4,44883600
-386,81390917;4,44883600
-386,73198917;4,40397400
-386,65006917;4,40397400
-386,56814917;4,40397400
-386,48622917;4,40397400
-386,40430917;4,40397400
-386,32238917;4,40397400
-386,24046918;4,40397400
-386,15854918;4,40397400
-386,07662918;4,35895900
-385,99470918;4,31409600
-385,91278918;4,31409600
-385,83086918;4,31409600
-385,74894918;4,31409600
-385,66702918;4,31409600
-385,58510918;4,31409600
-385,50318918;4,31409600
-385,42126918;4,31409600
-385,33934918;4,26908200
-385,25742918;4,31409600
-385,17550918;4,22406700
-385,09358918;4,26908200
-385,01166918;4,26908200
-384,92974918;4,22406700
-384,84782918;4,22406700
-384,76590918;4,22406700
-384,68398918;4,22406700
-384,60206919;4,22406700
-384,52014919;4,22406700
-384,43822919;4,22406700
-384,35630919;4,17920400
-384,27438919;4,17920400
-384,19246919;4,17920400
-384,11054919;4,13419000
-384,02862919;4,13419000
-383,94670919;4,13419000
-383,86478919;4,13419000
-383,78286919;4,13419000
-383,70094919;4,13419000
-383,61902919;4,13419000
-383,53710919;4,13419000
-383,45518919;4,13419000
-383,37326919;4,08932800
-383,29134919;4,08932800
-383,20942919;4,08932800
-383,12750919;4,08932800
-383,04558919;4,04431300
-382,96366920;4,04431300
-382,88174920;4,04431300
-382,79982920;4,04431300
-382,71790920;4,04431300
-382,63598920;4,04431300
-382,55406920;3,99929800
-382,47214920;3,99929800
-382,39022920;3,99929800
-382,30830920;3,99929800
-382,22638920;3,95443600
-382,14446920;3,95443600
-382,06254920;3,95443600
-381,98062920;3,95443600
-381,89870920;3,95443600
-381,81678920;3,95443600
-381,73486920;3,95443600
-381,65294920;3,95443600
-381,57102920;3,95443600
-381,48910920;3,90942100
-381,40718920;3,90942100
-381,32526921;3,90942100
-381,24334921;3,90942100
-381,16142921;3,90942100
-381,07950921;3,86455900
-380,99758921;3,86455900
-380,91566921;3,86455900
-380,83374921;3,86455900
-380,75182921;3,90942100
-380,66990921;3,90942100
-380,58798921;3,95443600
-380,50606921;3,95443600
-380,42414921;4,04431300
-380,34222921;4,08932800
-380,26030921;4,13419000
-380,17838921;4,17920400
-380,09646921;4,22406700
-380,01454921;4,26908200
-379,93262921;4,31409600
-379,85070921;4,35895900
-379,76878921;4,40397400
-379,68686922;4,40397400
-379,60494922;4,40397400
-379,52302922;4,49385100
-379,44110922;4,49385100
-379,35918922;4,49385100
-379,27726922;4,49385100
-379,19534922;4,53871300
-379,11342922;4,53871300
-379,03150922;4,58372700
-378,94958922;4,58372700
-378,86766922;4,58372700
-378,78574922;4,58372700
-378,70382922;4,58372700
-378,62190922;4,58372700
-378,53998922;4,58372700
-378,45806922;4,58372700
-378,37614922;4,58372700
-378,29422922;4,58372700
-378,21230922;4,58372700
-378,13038922;4,58372700
-378,04846923;4,58372700
-377,96654923;4,53871300
-377,88462923;4,53871300
-377,80270923;4,53871300
-377,72078923;4,49385100
-377,63886923;4,49385100
-377,55694923;4,49385100
-377,47502923;4,49385100
-377,39310923;4,49385100
-377,31118923;4,49385100
-377,22926923;4,49385100
-377,14734923;4,49385100
-377,06542923;4,44883600
-376,98350923;4,44883600
-376,90158923;4,44883600
-376,81966923;4,40397400
-376,73774923;4,40397400
-376,65582923;4,40397400
-376,57390923;4,40397400
-376,49198923;4,40397400
-376,41006924;4,40397400
-376,32814924;4,40397400
-376,24622924;4,40397400
-376,16430924;4,35895900
-376,08238924;4,35895900
-376,00046924;4,31409600
-375,91854924;4,31409600
-375,83662924;4,31409600
-375,75470924;4,31409600
-375,67278924;4,31409600
-375,59086924;4,31409600
-375,50894924;4,31409600
-375,42702924;4,26908200
-375,34510924;4,31409600
-375,26318924;4,26908200
-375,18126924;4,26908200
-375,09934924;4,26908200
-375,01742924;4,22406700
-374,93550924;4,22406700
-374,85358924;4,22406700
-374,77166925;4,22406700
-374,68974925;4,22406700
-374,60782925;4,22406700
-374,52590925;4,22406700
-374,44398925;4,17920400
-374,36206925;4,17920400
-374,28014925;4,13419000
-374,19822925;4,17920400
-374,11630925;4,13419000
-374,03438925;4,13419000
-373,95246925;4,13419000
-373,87054925;4,13419000
-373,78862925;4,13419000
-373,70670925;4,13419000
-373,62478925;4,13419000
-373,54286925;4,13419000
-373,46094925;4,08932800
-373,37902925;4,08932800
-373,29710925;4,08932800
-373,21518925;4,08932800
-373,13326926;4,04431300
-373,05134926;4,04431300
-372,96942926;4,04431300
-372,88750926;4,04431300
-372,80558926;4,04431300
-372,72366926;4,04431300
-372,64174926;3,99929800
-372,55982926;3,99929800
-372,47790926;3,95443600
-372,39598926;3,95443600
-372,31406926;3,95443600
-372,23214926;3,95443600
-372,15022926;3,95443600
-372,06830926;3,95443600
-371,98638926;3,95443600
-371,90446926;3,95443600
-371,82254926;3,95443600
-371,74062926;3,95443600
-371,65870926;3,95443600
-371,57678926;3,90942100
-371,49486927;3,90942100
-371,41294927;3,90942100
-371,33102927;3,86455900
-371,24910927;3,86455900
-371,16718927;3,90942100
-371,08526927;3,86455900
-371,00334927;3,86455900
-370,92142927;3,86455900
-370,83950927;3,86455900
-370,75758927;3,90942100
-370,67566927;3,95443600
-370,59374927;3,95443600
-370,51182927;3,95443600
-370,42990927;4,04431300
-370,34798927;4,13419000
-370,26606927;4,17920400
-370,18414927;4,22406700
-370,10222927;4,26908200
-370,02030927;4,31409600
-369,93838927;4,31409600
-369,85646927;4,40397400
-369,77454928;4,40397400
-369,69262928;4,44883600
-369,61070928;4,49385100
-369,52878928;4,49385100
-369,44686928;4,49385100
-369,36494928;4,49385100
-369,28302928;4,53871300
-369,20110928;4,58372700
-369,11918928;4,58372700
-369,03726928;4,58372700
-368,95534928;4,58372700
-368,87342928;4,58372700
-368,79150928;4,62874200
-368,70958928;4,62874200
-368,62766928;4,58372700
-368,54574928;4,62874200
-368,46382928;4,58372700
-368,38190928;4,58372700
-368,29998928;4,58372700
-368,21806928;4,58372700
-368,13614929;4,58372700
-368,05422929;4,58372700
-367,97230929;4,58372700
-367,89038929;4,53871300
-367,80846929;4,53871300
-367,72654929;4,49385100
-367,64462929;4,49385100
-367,56270929;4,49385100
-367,48078929;4,49385100
-367,39886929;4,49385100
-367,31694929;4,49385100
-367,23502929;4,49385100
-367,15310929;4,49385100
-367,07118929;4,49385100
-366,98926929;4,44883600
-366,90734929;4,44883600
-366,82542929;4,44883600
-366,74350929;4,40397400
-366,66158929;4,40397400
-366,57966929;4,40397400
-366,49774930;4,40397400
-366,41582930;4,40397400
-366,33390930;4,40397400
-366,25198930;4,40397400
-366,17006930;4,40397400
-366,08814930;4,40397400
-366,00622930;4,35895900
-365,92430930;4,31409600
-365,84238930;4,31409600
-365,76046930;4,31409600
-365,67854930;4,31409600
-365,59662930;4,31409600
-365,51470930;4,31409600
-365,43278930;4,31409600
-365,35086930;4,31409600
-365,26894930;4,26908200
-365,18702930;4,26908200
-365,10510930;4,26908200
-365,02318930;4,22406700
-364,94126930;4,26908200
-364,85934931;4,22406700
-364,77742931;4,22406700
-364,69550931;4,22406700
-364,61358931;4,22406700
-364,53166931;4,22406700
-364,44974931;4,22406700
-364,36782931;4,17920400
-364,28590931;4,17920400
-364,20398931;4,17920400
-364,12206931;4,17920400
-364,04014931;4,13419000
-363,95822931;4,13419000
-363,87630931;4,13419000
-363,79438931;4,13419000
-363,71246931;4,13419000
-363,63054931;4,13419000
-363,54862931;4,13419000
-363,46670931;4,08932800
-363,38478931;4,08932800
-363,30286931;4,08932800
-363,22094932;4,08932800
-363,13902932;4,08932800
-363,05710932;4,04431300
-362,97518932;4,04431300
-362,89326932;4,04431300
-362,81134932;4,04431300
-362,72942932;4,04431300
-362,64750932;4,04431300
-362,56558932;4,04431300
-362,48366932;4,04431300
-362,40174932;3,99929800
-362,31982932;3,95443600
-362,23790932;3,95443600
-362,15598932;3,95443600
-362,07406932;3,95443600
-361,99214932;3,95443600
-361,91022932;3,95443600
-361,82830932;3,95443600
-361,74638932;3,95443600
-361,66446932;3,95443600
-361,58254933;3,90942100
-361,50062933;3,90942100
-361,41870933;3,95443600
-361,33678933;3,90942100
-361,25486933;3,90942100
-361,17294933;3,86455900
-361,09102933;3,86455900
-361,00910933;3,86455900
-360,92718933;3,86455900
-360,84526933;3,86455900
-360,76334933;3,90942100
-360,68142933;3,90942100
-360,59950933;3,95443600
-360,51758933;3,99929800
-360,43566933;4,04431300
-360,35374933;4,08932800
-360,27182933;4,13419000
-360,18990933;4,17920400
-360,10798933;4,22406700
-360,02606933;4,26908200
-359,94414934;4,31409600
-359,86222934;4,31409600
-359,78030934;4,40397400
-359,69838934;4,40397400
-359,61646934;4,44883600
-359,53454934;4,49385100
-359,45262934;4,49385100
-359,37070934;4,49385100
-359,28878934;4,53871300
-359,20686934;4,53871300
-359,12494934;4,58372700
-359,04302934;4,58372700
-358,96110934;4,58372700
-358,87918934;4,62874200
-358,79726934;4,58372700
-358,71534934;4,58372700
-358,63342934;4,58372700
-358,55150934;4,58372700
-358,46958934;4,58372700
-358,38766934;4,58372700
-358,30574935;4,58372700
-358,22382935;4,58372700
-358,14190935;4,58372700
-358,05998935;4,58372700
-357,97806935;4,53871300
-357,89614935;4,53871300
-357,81422935;4,49385100
-357,73230935;4,49385100
-357,65038935;4,49385100
-357,56846935;4,49385100
-357,48654935;4,49385100
-357,40462935;4,49385100
-357,32270935;4,49385100
-357,24078935;4,49385100
-357,15886935;4,49385100
-357,07694935;4,44883600
-356,99502935;4,49385100
-356,91310935;4,44883600
-356,83118935;4,40397400
-356,74926935;4,40397400
-356,66734936;4,40397400
-356,58542936;4,40397400
-356,50350936;4,40397400
-356,42158936;4,40397400
-356,33966936;4,40397400
-356,25774936;4,40397400
-356,17582936;4,35895900
-356,09390936;4,35895900
-356,01198936;4,35895900
-355,93006936;4,31409600
-355,84814936;4,31409600
-355,76622936;4,31409600
-355,68430936;4,31409600
-355,60238936;4,31409600
-355,52046936;4,31409600
-355,43854936;4,31409600
-355,35662936;4,26908200
-355,27470936;4,26908200
-355,19278936;4,26908200
-355,11086936;4,26908200
-355,02894937;4,22406700
-354,94702937;4,22406700
-354,86510937;4,22406700
-354,78318937;4,22406700
-354,70126937;4,22406700
-354,61934937;4,22406700
-354,53742937;4,17920400
-354,45550937;4,17920400
-354,37358937;4,17920400
-354,29166937;4,17920400
-354,20974937;4,13419000
-354,12782937;4,13419000
-354,04590937;4,13419000
-353,96398937;4,13419000
-353,88206937;4,13419000
-353,80014937;4,13419000
-353,71822937;4,13419000
-353,63630937;4,13419000
-353,55438937;4,13419000
-353,47246937;4,08932800
-353,39054938;4,08932800
-353,30862938;4,08932800
-353,22670938;4,08932800
-353,14478938;4,04431300
-353,06286938;4,04431300
-352,98094938;4,04431300
-352,89902938;4,04431300
-352,81710938;4,04431300
-352,73518938;4,04431300
-352,65326938;4,04431300
-352,57134938;4,04431300
-352,48942938;3,99929800
-352,40750938;3,95443600
-352,32558938;3,95443600
-352,24366938;3,95443600
-352,16174938;3,95443600
-352,07982938;3,95443600
-351,99790938;3,95443600
-351,91598938;3,95443600
-351,83406938;3,95443600
-351,75214938;3,95443600
-351,67022939;3,95443600
-351,58830939;3,90942100
-351,50638939;3,90942100
-351,42446939;3,90942100
-351,34254939;3,90942100
-351,26062939;3,90942100
-351,17870939;3,86455900
-351,09678939;3,86455900
-351,01486939;3,86455900
-350,93294939;3,86455900
-350,85102939;3,86455900
-350,76910939;3,86455900
-350,68718939;3,95443600
-350,60526939;3,95443600
-350,52334939;3,99929800
-350,44142939;4,04431300
-350,35950939;4,13419000
-350,27758939;4,13419000
-350,19566939;4,22406700
-350,11374939;4,26908200
-350,03182940;4,31409600
-349,94990940;4,31409600
-349,86798940;4,40397400
-349,78606940;4,40397400
-349,70414940;4,44883600
-349,62222940;4,49385100
-349,54030940;4,49385100
-349,45838940;4,49385100
-349,37646940;4,53871300
-349,29454940;4,53871300
-349,21262940;4,58372700
-349,13070940;4,58372700
-349,04878940;4,58372700
-348,96686940;4,58372700
-348,88494940;4,58372700
-348,80302940;4,62874200
-348,72110940;4,58372700
-348,63918940;4,62874200
-348,55726940;4,62874200
-348,47534940;4,62874200
-348,39342941;4,58372700
-348,31150941;4,58372700
-348,22958941;4,58372700
-348,14766941;4,58372700
-348,06574941;4,58372700
-347,98382941;4,53871300
-347,90190941;4,53871300
-347,81998941;4,53871300
-347,73806941;4,53871300
-347,65614941;4,49385100
-347,57422941;4,49385100
-347,49230941;4,49385100
-347,41038941;4,49385100
-347,32846941;4,49385100
-347,24654941;4,49385100
-347,16462941;4,49385100
-347,08270941;4,44883600
-347,00078941;4,44883600
-346,91886941;4,44883600
-346,83694941;4,44883600
-346,75502942;4,40397400
-346,67310942;4,40397400
-346,59118942;4,40397400
-346,50926942;4,40397400
-346,42734942;4,40397400
-346,34542942;4,35895900
-346,26350942;4,40397400
-346,18158942;4,40397400
-346,09966942;4,40397400
-346,01774942;4,35895900
-345,93582942;4,31409600
-345,85390942;4,31409600
-345,77198942;4,31409600
-345,69006942;4,31409600
-345,60814942;4,31409600
-345,52622942;4,31409600
-345,44430942;4,31409600
-345,36238942;4,26908200
-345,28046942;4,26908200
-345,19854942;4,26908200
-345,11662943;4,26908200
-345,03470943;4,26908200
-344,95278943;4,22406700
-344,87086943;4,22406700
-344,78894943;4,22406700
-344,70702943;4,22406700
-344,62510943;4,22406700
-344,54318943;4,22406700
-344,46126943;4,22406700
-344,37934943;4,17920400
-344,29742943;4,17920400
-344,21550943;4,13419000
-344,13358943;4,17920400
-344,05166943;4,13419000
-343,96974943;4,13419000
-343,88782943;4,13419000
-343,80590943;4,13419000
-343,72398943;4,13419000
-343,64206943;4,13419000
-343,56014943;4,13419000
-343,47822944;4,13419000
-343,39630944;4,08932800
-343,31438944;4,08932800
-343,23246944;4,04431300
-343,15054944;4,08932800
-343,06862944;4,04431300
-342,98670944;4,04431300
-342,90478944;4,04431300
-342,82286944;4,04431300
-342,74094944;4,04431300
-342,65902944;4,04431300
-342,57710944;4,04431300
-342,49518944;3,99929800
-342,41326944;3,99929800
-342,33134944;3,95443600
-342,24942944;3,95443600
-342,16750944;3,95443600
-342,08558944;3,95443600
-342,00366944;3,95443600
-341,92174944;3,95443600
-341,83982945;3,95443600
-341,75790945;3,90942100
-341,67598945;3,95443600
-341,59406945;3,90942100
-341,51214945;3,90942100
-341,43022945;3,90942100
-341,34830945;3,90942100
-341,26638945;3,86455900
-341,18446945;3,86455900
-341,10254945;3,86455900
-341,02062945;3,86455900
-340,93870945;3,86455900
-340,85678945;3,86455900
-340,77486945;3,86455900
-340,69294945;3,90942100
-340,61102945;3,95443600
-340,52910945;3,95443600
-340,44718945;4,04431300
-340,36526945;4,08932800
-340,28334945;4,13419000
-340,20142946;4,13419000
-340,11950946;4,22406700
-340,03758946;4,26908200
-339,95566946;4,31409600
-339,87374946;4,31409600
-339,79182946;4,40397400
-339,70990946;4,40397400
-339,62798946;4,44883600
-339,54606946;4,44883600
-339,46414946;4,49385100
-339,38222946;4,49385100
-339,30030946;4,53871300
-339,21838946;4,53871300
-339,13646946;4,53871300
-339,05454946;4,58372700
-338,97262946;4,58372700
-338,89070946;4,58372700
-338,80878946;4,58372700
-338,72686946;4,58372700
-338,64494946;4,58372700
-338,56302947;4,58372700
-338,48110947;4,58372700
-338,39918947;4,58372700
-338,31726947;4,58372700
-338,23534947;4,58372700
-338,15342947;4,58372700
-338,07150947;4,58372700
-337,98958947;4,53871300
-337,90766947;4,53871300
-337,82574947;4,49385100
-337,74382947;4,49385100
-337,66190947;4,49385100
-337,57998947;4,49385100
-337,49806947;4,49385100
-337,41614947;4,49385100
-337,33422947;4,49385100
-337,25230947;4,49385100
-337,17038947;4,49385100
-337,08846947;4,49385100
-337,00654947;4,49385100
-336,92462948;4,44883600
-336,84270948;4,44883600
-336,76078948;4,40397400
-336,67886948;4,40397400
-336,59694948;4,40397400
-336,51502948;4,40397400
-336,43310948;4,40397400
-336,35118948;4,40397400
-336,26926948;4,40397400
-336,18734948;4,31409600
-336,10542948;4,35895900
-336,02350948;4,31409600
-335,94158948;4,31409600
-335,85966948;4,31409600
-335,77774948;4,31409600
-335,69582948;4,31409600
-335,61390948;4,31409600
-335,53198948;4,31409600
-335,45006948;4,31409600
-335,36814948;4,31409600
-335,28622949;4,26908200
-335,20430949;4,26908200
-335,12238949;4,26908200
-335,04046949;4,26908200
-334,95854949;4,22406700
-334,87662949;4,22406700
-334,79470949;4,22406700
-334,71278949;4,22406700
-334,63086949;4,22406700
-334,54894949;4,17920400
-334,46702949;4,17920400
-334,38510949;4,17920400
-334,30318949;4,17920400
-334,22126949;4,13419000
-334,13934949;4,13419000
-334,05742949;4,13419000
-333,97550949;4,13419000
-333,89358949;4,13419000
-333,81166949;4,13419000
-333,72974949;4,13419000
-333,64782950;4,13419000
-333,56590950;4,08932800
-333,48398950;4,08932800
-333,40206950;4,08932800
-333,32014950;4,04431300
-333,23822950;4,08932800
-333,15630950;4,08932800
-333,07438950;4,04431300
-332,99246950;4,04431300
-332,91054950;4,04431300
-332,82862950;4,04431300
-332,74670950;4,04431300
-332,66478950;4,04431300
-332,58286950;4,04431300
-332,50094950;3,99929800
-332,41902950;3,99929800
-332,33710950;3,99929800
-332,25518950;3,95443600
-332,17326950;3,95443600
-332,09134950;3,95443600
-332,00942950;3,95443600
-331,92750951;3,95443600
-331,84558951;3,95443600
-331,76366951;3,95443600
-331,68174951;3,95443600
-331,59982951;3,90942100
-331,51790951;3,90942100
-331,43598951;3,90942100
-331,35406951;3,90942100
-331,27214951;3,86455900
-331,19022951;3,86455900
-331,10830951;3,86455900
-331,02638951;3,86455900
-330,94446951;3,86455900
-330,86254951;3,86455900
-330,78062951;3,86455900
-330,69870951;3,90942100
-330,61678951;3,95443600
-330,53486951;4,04431300
-330,45294951;4,04431300
-330,37102951;4,13419000
-330,28910952;4,13419000
-330,20718952;4,22406700
-330,12526952;4,26908200
-330,04334952;4,31409600
-329,96142952;4,31409600
-329,87950952;4,40397400
-329,79758952;4,40397400
-329,71566952;4,44883600
-329,63374952;4,44883600
-329,55182952;4,49385100
-329,46990952;4,49385100
-329,38798952;4,53871300
-329,30606952;4,53871300
-329,22414952;4,53871300
-329,14222952;4,58372700
-329,06030952;4,58372700
-328,97838952;4,58372700
-328,89646952;4,62874200
-328,81454952;4,58372700
-328,73262952;4,62874200
-328,65070953;4,58372700
-328,56878953;4,58372700
-328,48686953;4,58372700
-328,40494953;4,58372700
-328,32302953;4,58372700
-328,24110953;4,58372700
-328,15918953;4,58372700
-328,07726953;4,58372700
-327,99534953;4,58372700
-327,91342953;4,53871300
-327,83150953;4,53871300
-327,74958953;4,53871300
-327,66766953;4,49385100
-327,58574953;4,53871300
-327,50382953;4,49385100
-327,42190953;4,49385100
-327,33998953;4,49385100
-327,25806953;4,49385100
-327,17614953;4,49385100
-327,09422953;4,44883600
-327,01230954;4,44883600
-326,93038954;4,44883600
-326,84846954;4,40397400
-326,76654954;4,44883600
-326,68462954;4,40397400
-326,60270954;4,40397400
-326,52078954;4,40397400
-326,43886954;4,40397400
-326,35694954;4,40397400
-326,27502954;4,40397400
-326,19310954;4,35895900
-326,11118954;4,35895900
-326,02926954;4,35895900
-325,94734954;4,31409600
-325,86542954;4,31409600
-325,78350954;4,31409600
-325,70158954;4,31409600
-325,61966954;4,31409600
-325,53774954;4,31409600
-325,45582954;4,31409600
-325,37390955;4,26908200
-325,29198955;4,26908200
-325,21006955;4,26908200
-325,12814955;4,26908200
-325,04622955;4,26908200
-324,96430955;4,26908200
-324,88238955;4,22406700
-324,80046955;4,22406700
-324,71854955;4,22406700
-324,63662955;4,22406700
-324,55470955;4,22406700
-324,47278955;4,17920400
-324,39086955;4,22406700
-324,30894955;4,17920400
-324,22702955;4,17920400
-324,14510955;4,17920400
-324,06318955;4,13419000
-323,98126955;4,13419000
-323,89934955;4,13419000
-323,81742955;4,13419000
-323,73550956;4,13419000
-323,65358956;4,13419000
-323,57166956;4,13419000
-323,48974956;4,08932800
-323,40782956;4,08932800
-323,32590956;4,08932800
-323,24398956;4,04431300
-323,16206956;4,08932800
-323,08014956;4,04431300
-322,99822956;4,04431300
-322,91630956;4,04431300
-322,83438956;4,04431300
-322,75246956;4,04431300
-322,67054956;4,04431300
-322,58862956;3,99929800
-322,50670956;3,99929800
-322,42478956;3,99929800
-322,34286956;3,95443600
-322,26094956;3,95443600
-322,17902956;3,95443600
-322,09710957;3,95443600
-322,01518957;3,95443600
-321,93326957;3,95443600
-321,85134957;3,95443600
-321,76942957;3,95443600
-321,68750957;3,90942100
-321,60558957;3,90942100
-321,52366957;3,90942100
-321,44174957;3,95443600
-321,35982957;3,90942100
-321,27790957;3,90942100
-321,19598957;3,90942100
-321,11406957;3,86455900
-321,03214957;3,86455900
-320,95022957;3,86455900
-320,86830957;3,86455900
-320,78638957;3,86455900
-320,70446957;3,90942100
-320,62254957;3,95443600
-320,54062957;3,95443600
-320,45870958;4,04431300
-320,37678958;4,04431300
-320,29486958;4,13419000
-320,21294958;4,13419000
-320,13102958;4,22406700
-320,04910958;4,26908200
-319,96718958;4,31409600
-319,88526958;4,35895900
-319,80334958;4,40397400
-319,72142958;4,40397400
-319,63950958;4,44883600
-319,55758958;4,44883600
-319,47566958;4,49385100
-319,39374958;4,49385100
-319,31182958;4,53871300
-319,22990958;4,49385100
-319,14798958;4,53871300
-319,06606958;4,58372700
-318,98414958;4,58372700
-318,90222958;4,58372700
-318,82030959;4,58372700
-318,73838959;4,58372700
-318,65646959;4,58372700
-318,57454959;4,58372700
-318,49262959;4,58372700
-318,41070959;4,58372700
-318,32878959;4,58372700
-318,24686959;4,58372700
-318,16494959;4,58372700
-318,08302959;4,53871300
-318,00110959;4,53871300
-317,91918959;4,53871300
-317,83726959;4,53871300
-317,75534959;4,53871300
-317,67342959;4,49385100
-317,59150959;4,49385100
-317,50958959;4,49385100
-317,42766959;4,49385100
-317,34574959;4,49385100
-317,26382959;4,49385100
-317,18190960;4,49385100
-317,09998960;4,49385100
-317,01806960;4,40397400
-316,93614960;4,44883600
-316,85422960;4,40397400
-316,77230960;4,40397400
-316,69038960;4,40397400
-316,60846960;4,40397400
-316,52654960;4,40397400
-316,44462960;4,40397400
-316,36270960;4,40397400
-316,28078960;4,40397400
-316,19886960;4,40397400
-316,11694960;4,35895900
-316,03502960;4,31409600
-315,95310960;4,35895900
-315,87118960;4,31409600
-315,78926960;4,31409600
-315,70734960;4,31409600
-315,62542960;4,31409600
-315,54350961;4,31409600
-315,46158961;4,31409600
-315,37966961;4,31409600
-315,29774961;4,26908200
-315,21582961;4,26908200
-315,13390961;4,26908200
-315,05198961;4,22406700
-314,97006961;4,22406700
-314,88814961;4,22406700
-314,80622961;4,22406700
-314,72430961;4,22406700
-314,64238961;4,22406700
-314,56046961;4,22406700
-314,47854961;4,22406700
-314,39662961;4,17920400
-314,31470961;4,17920400
-314,23278961;4,17920400
-314,15086961;4,17920400
-314,06894961;4,13419000
-313,98702961;4,13419000
-313,90510962;4,13419000
-313,82318962;4,13419000
-313,74126962;4,13419000
-313,65934962;4,13419000
-313,57742962;4,13419000
-313,49550962;4,08932800
-313,41358962;4,08932800
-313,33166962;4,08932800
-313,24974962;4,08932800
-313,16782962;4,08932800
-313,08590962;4,04431300
-313,00398962;4,04431300
-312,92206962;4,04431300
-312,84014962;4,04431300
-312,75822962;4,04431300
-312,67630962;4,04431300
-312,59438962;3,99929800
-312,51246962;3,99929800
-312,43054962;3,95443600
-312,34862962;3,95443600
-312,26670962;3,95443600
-312,18478963;3,95443600
-312,10286963;3,95443600
-312,02094963;3,95443600
-311,93902963;3,95443600
-311,85710963;3,95443600
-311,77518963;3,95443600
-311,69326963;3,95443600
-311,61134963;3,90942100
-311,52942963;3,90942100
-311,44750963;3,90942100
-311,36558963;3,86455900
-311,28366963;3,86455900
-311,20174963;3,86455900
-311,11982963;3,86455900
-311,03790963;3,86455900
-310,95598963;3,86455900
-310,87406963;3,86455900
-310,79214963;3,86455900
-310,71022963;3,90942100
-310,62830963;3,95443600
-310,54638964;3,95443600
-310,46446964;4,04431300
-310,38254964;4,08932800
-310,30062964;4,13419000
-310,21870964;4,17920400
-310,13678964;4,26908200
-310,05486964;4,31409600
-309,97294964;4,31409600
-309,89102964;4,40397400
-309,80910964;4,40397400
-309,72718964;4,40397400
-309,64526964;4,44883600
-309,56334964;4,49385100
-309,48142964;4,49385100
-309,39950964;4,53871300
-309,31758964;4,58372700
-309,23566964;4,58372700
-309,15374964;4,58372700
-309,07182964;4,58372700
-308,98990964;4,58372700
-308,90798965;4,62874200
-308,82606965;4,58372700
-308,74414965;4,62874200
-308,66222965;4,58372700
-308,58030965;4,62874200
-308,49838965;4,58372700
-308,41646965;4,58372700
-308,33454965;4,58372700
-308,25262965;4,58372700
-308,17070965;4,58372700
-308,08878965;4,58372700
-308,00686965;4,53871300
-307,92494965;4,58372700
-307,84302965;4,53871300
-307,76110965;4,53871300
-307,67918965;4,49385100
-307,59726965;4,49385100
-307,51534965;4,49385100
-307,43342965;4,49385100
-307,35150965;4,49385100
-307,26958966;4,49385100
-307,18766966;4,49385100
-307,10574966;4,49385100
-307,02382966;4,44883600
-306,94190966;4,44883600
-306,85998966;4,44883600
-306,77806966;4,40397400
-306,69614966;4,44883600
-306,61422966;4,40397400
-306,53230966;4,40397400
-306,45038966;4,40397400
-306,36846966;4,40397400
-306,28654966;4,40397400
-306,20462966;4,35895900
-306,12270966;4,35895900
-306,04078966;4,35895900
-305,95886966;4,31409600
-305,87694966;4,35895900
-305,79502966;4,31409600
-305,71310966;4,31409600
-305,63118967;4,31409600
-305,54926967;4,31409600
-305,46734967;4,31409600
-305,38542967;4,31409600
-305,30350967;4,26908200
-305,22158967;4,26908200
-305,13966967;4,26908200
-305,05774967;4,26908200
-304,97582967;4,22406700
-304,89390967;4,22406700
-304,81198967;4,22406700
-304,73006967;4,22406700
-304,64814967;4,22406700
-304,56622967;4,22406700
-304,48430967;4,22406700
-304,40238967;4,17920400
-304,32046967;4,17920400
-304,23854967;4,17920400
-304,15662967;4,13419000
-304,07470967;4,13419000
-303,99278968;4,13419000
-303,91086968;4,13419000
-303,82894968;4,13419000
-303,74702968;4,13419000
-303,66510968;4,13419000
-303,58318968;4,13419000
-303,50126968;4,13419000
-303,41934968;4,08932800
-303,33742968;4,08932800
-303,25550968;4,08932800
-303,17358968;4,08932800
-303,09166968;4,04431300
-303,00974968;4,04431300
-302,92782968;4,04431300
-302,84590968;4,04431300
-302,76398968;4,04431300
-302,68206968;4,04431300
-302,60014968;4,04431300
-302,51822968;3,99929800
-302,43630968;3,99929800
-302,35438969;3,95443600
-302,27246969;3,95443600
-302,19054969;3,95443600
-302,10862969;3,95443600
-302,02670969;3,95443600
-301,94478969;3,95443600
-301,86286969;3,95443600
-301,78094969;3,95443600
-301,69902969;3,95443600
-301,61710969;3,90942100
-301,53518969;3,90942100
-301,45326969;3,90942100
-301,37134969;3,90942100
-301,28942969;3,86455900
-301,20750969;3,86455900
-301,12558969;3,86455900
-301,04366969;3,86455900
-300,96174969;3,86455900
-300,87982969;3,86455900
-300,79790969;3,86455900
-300,71598970;3,90942100
-300,63406970;3,95443600
-300,55214970;3,95443600
-300,47022970;3,99929800
-300,38830970;4,04431300
-300,30638970;4,13419000
-300,22446970;4,13419000
-300,14254970;4,22406700
-300,06062970;4,26908200
-299,97870970;4,31409600
-299,89678970;4,31409600
-299,81486970;4,40397400
-299,73294970;4,40397400
-299,65102970;4,44883600
-299,56910970;4,44883600
-299,48718970;4,49385100
-299,40526970;4,49385100
-299,32334970;4,49385100
-299,24142970;4,53871300
-299,15950970;4,53871300
-299,07758971;4,58372700
-298,99566971;4,58372700
-298,91374971;4,58372700
-298,83182971;4,58372700
-298,74990971;4,58372700
-298,66798971;4,58372700
-298,58606971;4,58372700
-298,50414971;4,58372700
-298,42222971;4,58372700
-298,34030971;4,58372700
-298,25838971;4,58372700
-298,17646971;4,58372700
-298,09454971;4,58372700
-298,01262971;4,58372700
-297,93070971;4,53871300
-297,84878971;4,53871300
-297,76686971;4,53871300
-297,68494971;4,49385100
-297,60302971;4,49385100
-297,52110971;4,49385100
-297,43918972;4,49385100
-297,35726972;4,49385100
-297,27534972;4,49385100
-297,19342972;4,49385100
-297,11150972;4,49385100
-297,02958972;4,44883600
-296,94766972;4,44883600
-296,86574972;4,44883600
-296,78382972;4,44883600
-296,70190972;4,40397400
-296,61998972;4,40397400
-296,53806972;4,40397400
-296,45614972;4,40397400
-296,37422972;4,40397400
-296,29230972;4,40397400
-296,21038972;4,40397400
-296,12846972;4,31409600
-296,04654972;4,35895900
-295,96462972;4,31409600
-295,88270972;4,31409600
-295,80078973;4,31409600
-295,71886973;4,31409600
-295,63694973;4,31409600
-295,55502973;4,31409600
-295,47310973;4,31409600
-295,39118973;4,31409600
-295,30926973;4,26908200
-295,22734973;4,26908200
-295,14542973;4,26908200
-295,06350973;4,26908200
-294,98158973;4,22406700
-294,89966973;4,22406700
-294,81774973;4,22406700
-294,73582973;4,22406700
-294,65390973;4,22406700
-294,57198973;4,22406700
-294,49006973;4,22406700
-294,40814973;4,17920400
-294,32622973;4,17920400
-294,24430973;4,13419000
-294,16238973;4,17920400
-294,08046974;4,13419000
-293,99854974;4,13419000
-293,91662974;4,13419000
-293,83470974;4,13419000
-293,75278974;4,13419000
-293,67086974;4,13419000
-293,58894974;4,13419000
-293,50702974;4,08932800
-293,42510974;4,08932800
-293,34318974;4,08932800
-293,26126974;4,08932800
-293,17934974;4,04431300
-293,09742974;4,04431300
-293,01550974;4,04431300
-292,93358974;4,04431300
-292,85166974;4,04431300
-292,76974974;4,04431300
-292,68782974;4,04431300
-292,60590974;4,04431300
-292,52398974;4,04431300
-292,44206975;3,99929800
-292,36014975;3,95443600
-292,27822975;3,95443600
-292,19630975;3,95443600
-292,11438975;3,95443600
-292,03246975;3,95443600
-291,95054975;3,95443600
-291,86862975;3,95443600
-291,78670975;3,95443600
-291,70478975;3,95443600
-291,62286975;3,95443600
-291,54094975;3,90942100
-291,45902975;3,90942100
-291,37710975;3,90942100
-291,29518975;3,90942100
-291,21326975;3,86455900
-291,13134975;3,86455900
-291,04942975;3,86455900
-290,96750975;3,86455900
-290,88558975;3,86455900
-290,80366976;3,86455900
-290,72174976;3,90942100
-290,63982976;3,95443600
-290,55790976;3,95443600
-290,47598976;4,04431300
-290,39406976;4,13419000
-290,31214976;4,13419000
-290,23022976;4,17920400
-290,14830976;4,22406700
-290,06638976;4,26908200
-289,98446976;4,31409600
-289,90254976;4,40397400
-289,82062976;4,40397400
-289,73870976;4,44883600
-289,65678976;4,44883600
-289,57486976;4,49385100
-289,49294976;4,49385100
-289,41102976;4,49385100
-289,32910976;4,53871300
-289,24718976;4,58372700
-289,16526977;4,58372700
-289,08334977;4,58372700
-289,00142977;4,58372700
-288,91950977;4,62874200
-288,83758977;4,58372700
-288,75566977;4,58372700
-288,67374977;4,62874200
-288,59182977;4,58372700
-288,50990977;4,62874200
-288,42798977;4,58372700
-288,34606977;4,58372700
-288,26414977;4,58372700
-288,18222977;4,53871300
-288,10030977;4,58372700
-288,01838977;4,58372700
-287,93646977;4,58372700
-287,85454977;4,53871300
-287,77262977;4,49385100
-287,69070977;4,49385100
-287,60878977;4,49385100
-287,52686978;4,49385100
-287,44494978;4,49385100
-287,36302978;4,49385100
-287,28110978;4,49385100
-287,19918978;4,49385100
-287,11726978;4,49385100
-287,03534978;4,49385100
-286,95342978;4,44883600
-286,87150978;4,44883600
-286,78958978;4,40397400
-286,70766978;4,40397400
-286,62574978;4,40397400
-286,54382978;4,40397400
-286,46190978;4,40397400
-286,37998978;4,40397400
-286,29806978;4,40397400
-286,21614978;4,40397400
-286,13422978;4,40397400
-286,05230978;4,35895900
-285,97038978;4,35895900
-285,88846979;4,31409600
-285,80654979;4,31409600
-285,72462979;4,31409600
-285,64270979;4,31409600
-285,56078979;4,31409600
-285,47886979;4,31409600
-285,39694979;4,31409600
-285,31502979;4,31409600
-285,23310979;4,26908200
-285,15118979;4,26908200
-285,06926979;4,26908200
-284,98734979;4,22406700
-284,90542979;4,22406700
-284,82350979;4,22406700
-284,74158979;4,22406700
-284,65966979;4,22406700
-284,57774979;4,22406700
-284,49582979;4,22406700
-284,41390979;4,22406700
-284,33198979;4,17920400
-284,25006980;4,13419000
-284,16814980;4,13419000
-284,08622980;4,13419000
-284,00430980;4,17920400
-283,92238980;4,13419000
-283,84046980;4,13419000
-283,75854980;4,13419000
-283,67662980;4,13419000
-283,59470980;4,13419000
-283,51278980;4,13419000
-283,43086980;4,08932800
-283,34894980;4,08932800
-283,26702980;4,08932800
-283,18510980;4,08932800
-283,10318980;4,04431300
-283,02126980;4,08932800
-282,93934980;4,04431300
-282,85742980;4,04431300
-282,77550980;4,04431300
-282,69358980;4,04431300
-282,61166981;4,04431300
-282,52974981;4,04431300
-282,44782981;3,99929800
-282,36590981;3,95443600
-282,28398981;3,95443600
-282,20206981;3,95443600
-282,12014981;3,95443600
-282,03822981;3,95443600
-281,95630981;3,95443600
-281,87438981;3,95443600
-281,79246981;3,95443600
-281,71054981;3,95443600
-281,62862981;3,95443600
-281,54670981;3,90942100
-281,46478981;3,90942100
-281,38286981;3,90942100
-281,30094981;3,90942100
-281,21902981;3,90942100
-281,13710981;3,86455900
-281,05518981;3,86455900
-280,97326982;3,86455900
-280,89134982;3,86455900
-280,80942982;3,86455900
-280,72750982;3,90942100
-280,64558982;3,95443600
-280,56366982;3,95443600
-280,48174982;3,99929800
-280,39982982;4,04431300
-280,31790982;4,08932800
-280,23598982;4,13419000
-280,15406982;4,22406700
-280,07214982;4,22406700
-279,99022982;4,31409600
-279,90830982;4,31409600
-279,82638982;4,35895900
-279,74446982;4,40397400
-279,66254982;4,40397400
-279,58062982;4,44883600
-279,49870982;4,49385100
-279,41678982;4,49385100
-279,33486983;4,49385100
-279,25294983;4,53871300
-279,17102983;4,53871300
-279,08910983;4,53871300
-279,00718983;4,58372700
-278,92526983;4,58372700
-278,84334983;4,58372700
-278,76142983;4,58372700
-278,67950983;4,58372700
-278,59758983;4,62874200
-278,51566983;4,62874200
-278,43374983;4,58372700
-278,35182983;4,58372700
-278,26990983;4,58372700
-278,18798983;4,58372700
-278,10606983;4,58372700
-278,02414983;4,58372700
-277,94222983;4,53871300
-277,86030983;4,53871300
-277,77838983;4,53871300
-277,69646984;4,53871300
-277,61454984;4,53871300
-277,53262984;4,49385100
-277,45070984;4,49385100
-277,36878984;4,49385100
-277,28686984;4,49385100
-277,20494984;4,49385100
-277,12302984;4,49385100
-277,04110984;4,49385100
-276,95918984;4,44883600
-276,87726984;4,44883600
-276,79534984;4,44883600
-276,71342984;4,40397400
-276,63150984;4,40397400
-276,54958984;4,40397400
-276,46766984;4,40397400
-276,38574984;4,40397400
-276,30382984;4,40397400
-276,22190984;4,35895900
-276,13998984;4,35895900
-276,05806985;4,35895900
-275,97614985;4,31409600
-275,89422985;4,31409600
-275,81230985;4,31409600
-275,73038985;4,31409600
-275,64846985;4,31409600
-275,56654985;4,31409600
-275,48462985;4,31409600
-275,40270985;4,31409600
-275,32078985;4,31409600
-275,23886985;4,26908200
-275,15694985;4,26908200
-275,07502985;4,22406700
-274,99310985;4,22406700
-274,91118985;4,22406700
-274,82926985;4,22406700
-274,74734985;4,22406700
-274,66542985;4,22406700
-274,58350985;4,22406700
-274,50158985;4,22406700
-274,41966985;4,22406700
-274,33774986;4,22406700
-274,25582986;4,17920400
-274,17390986;4,13419000
-274,09198986;4,13419000
-274,01006986;4,13419000
-273,92814986;4,13419000
-273,84622986;4,13419000
-273,76430986;4,13419000
-273,68238986;4,13419000
-273,60046986;4,13419000
-273,51854986;4,13419000
-273,43662986;4,08932800
-273,35470986;4,04431300
-273,27278986;4,08932800
-273,19086986;4,08932800
-273,10894986;4,04431300
-273,02702986;4,04431300
-272,94510986;4,04431300
-272,86318986;4,04431300
-272,78126986;4,04431300
-272,69934987;4,04431300
-272,61742987;4,04431300
-272,53550987;3,99929800
-272,45358987;3,95443600
-272,37166987;3,95443600
-272,28974987;3,95443600
-272,20782987;3,95443600
-272,12590987;3,95443600
-272,04398987;3,95443600
-271,96206987;3,95443600
-271,88014987;3,95443600
-271,79822987;3,95443600
-271,71630987;3,95443600
-271,63438987;3,95443600
-271,55246987;3,90942100
-271,47054987;3,95443600
-271,38862987;3,90942100
-271,30670987;3,90942100
-271,22478987;3,86455900
-271,14286987;3,86455900
-271,06094988;3,86455900
-270,97902988;3,86455900
-270,89710988;3,86455900
-270,81518988;3,86455900
-270,73326988;3,90942100
-270,65134988;3,95443600
-270,56942988;3,95443600
-270,48750988;4,04431300
-270,40558988;4,08932800
-270,32366988;4,13419000
-270,24174988;4,22406700
-270,15982988;4,22406700
-270,07790988;4,31409600
-269,99598988;4,31409600
-269,91406988;4,35895900
-269,83214988;4,40397400
-269,75022988;4,44883600
-269,66830988;4,44883600
-269,58638988;4,49385100
-269,50446988;4,49385100
-269,42254989;4,49385100
-269,34062989;4,53871300
-269,25870989;4,53871300
-269,17678989;4,58372700
-269,09486989;4,58372700
-269,01294989;4,58372700
-268,93102989;4,58372700
-268,84910989;4,58372700
-268,76718989;4,58372700
-268,68526989;4,62874200
-268,60334989;4,58372700
-268,52142989;4,62874200
-268,43950989;4,58372700
-268,35758989;4,58372700
-268,27566989;4,58372700
-268,19374989;4,58372700
-268,11182989;4,58372700
-268,02990989;4,58372700
-267,94798989;4,53871300
-267,86606989;4,53871300
-267,78414990;4,53871300
-267,70222990;4,53871300
-267,62030990;4,49385100
-267,53838990;4,49385100
-267,45646990;4,49385100
-267,37454990;4,49385100
-267,29262990;4,49385100
-267,21070990;4,49385100
-267,12878990;4,49385100
-267,04686990;4,49385100
-266,96494990;4,44883600
-266,88302990;4,49385100
-266,80110990;4,44883600
-266,71918990;4,40397400
-266,63726990;4,40397400
-266,55534990;4,40397400
-266,47342990;4,40397400
-266,39150990;4,40397400
-266,30958990;4,40397400
-266,22766990;4,40397400
-266,14574991;4,40397400
-266,06382991;4,35895900
-265,98190991;4,35895900
-265,89998991;4,31409600
-265,81806991;4,31409600
-265,73614991;4,31409600
-265,65422991;4,31409600
-265,57230991;4,31409600
-265,49038991;4,31409600
-265,40846991;4,31409600
-265,32654991;4,31409600
-265,24462991;4,26908200
-265,16270991;4,26908200
-265,08078991;4,26908200
-264,99886991;4,26908200
-264,91694991;4,22406700
-264,83502991;4,22406700
-264,75310991;4,22406700
-264,67118991;4,22406700
-264,58926991;4,22406700
-264,50734992;4,22406700
-264,42542992;4,17920400
-264,34350992;4,17920400
-264,26158992;4,17920400
-264,17966992;4,17920400
-264,09774992;4,13419000
-264,01582992;4,17920400
-263,93390992;4,13419000
-263,85198992;4,13419000
-263,77006992;4,13419000
-263,68814992;4,13419000
-263,60622992;4,13419000
-263,52430992;4,13419000
-263,44238992;4,08932800
-263,36046992;4,08932800
-263,27854992;4,08932800
-263,19662992;4,04431300
-263,11470992;4,04431300
-263,03278992;4,04431300
-262,95086992;4,04431300
-262,86894993;4,04431300
-262,78702993;4,04431300
-262,70510993;4,04431300
-262,62318993;4,04431300
-262,54126993;4,04431300
-262,45934993;3,99929800
-262,37742993;3,95443600
-262,29550993;3,99929800
-262,21358993;3,95443600
-262,13166993;3,95443600
-262,04974993;3,95443600
-261,96782993;3,95443600
-261,88590993;3,95443600
-261,80398993;3,95443600
-261,72206993;3,95443600
-261,64014993;3,95443600
-261,55822993;3,95443600
-261,47630993;3,90942100
-261,39438993;3,90942100
-261,31246993;3,90942100
-261,23054994;3,86455900
-261,14862994;3,86455900
-261,06670994;3,90942100
-260,98478994;3,86455900
-260,90286994;3,86455900
-260,82094994;3,86455900
-260,73902994;3,90942100
-260,65710994;3,95443600
-260,57518994;3,95443600
-260,49326994;3,99929800
-260,41134994;4,04431300
-260,32942994;4,13419000
-260,24750994;4,13419000
-260,16558994;4,22406700
-260,08366994;4,22406700
-260,00174994;4,31409600
-259,91982994;4,31409600
-259,83790994;4,35895900
-259,75598994;4,40397400
-259,67406994;4,40397400
-259,59214995;4,44883600
-259,51022995;4,49385100
-259,42830995;4,49385100
-259,34638995;4,49385100
-259,26446995;4,49385100
-259,18254995;4,53871300
-259,10062995;4,58372700
-259,01870995;4,58372700
-258,93678995;4,58372700
-258,85486995;4,58372700
-258,77294995;4,58372700
-258,69102995;4,58372700
-258,60910995;4,58372700
-258,52718995;4,58372700
-258,44526995;4,58372700
-258,36334995;4,58372700
-258,28142995;4,58372700
-258,19950995;4,58372700
-258,11758995;4,58372700
-258,03566995;4,58372700
-257,95374996;4,53871300
-257,87182996;4,53871300
-257,78990996;4,53871300
-257,70798996;4,49385100
-257,62606996;4,53871300
-257,54414996;4,49385100
-257,46222996;4,49385100
-257,38030996;4,49385100
-257,29838996;4,49385100
-257,21646996;4,49385100
-257,13454996;4,49385100
-257,05262996;4,44883600
-256,97070996;4,44883600
-256,88878996;4,40397400
-256,80686996;4,44883600
-256,72494996;4,40397400
-256,64302996;4,40397400
-256,56110996;4,40397400
-256,47918996;4,40397400
-256,39726996;4,40397400
-256,31534997;4,40397400
-256,23342997;4,35895900
-256,15150997;4,40397400
-256,06958997;4,31409600
-255,98766997;4,31409600
-255,90574997;4,31409600
-255,82382997;4,35895900
-255,74190997;4,31409600
-255,65998997;4,31409600
-255,57806997;4,31409600
-255,49614997;4,31409600
-255,41422997;4,31409600
-255,33230997;4,31409600
-255,25038997;4,26908200
-255,16846997;4,22406700
-255,08654997;4,26908200
-255,00462997;4,22406700
-254,92270997;4,22406700
-254,84078997;4,22406700
-254,75886997;4,22406700
-254,67694997;4,22406700
-254,59502998;4,22406700
-254,51310998;4,22406700
-254,43118998;4,17920400
-254,34926998;4,17920400
-254,26734998;4,17920400
-254,18542998;4,13419000
-254,10350998;4,13419000
-254,02158998;4,13419000
-253,93966998;4,13419000
-253,85774998;4,13419000
-253,77582998;4,13419000
-253,69390998;4,13419000
-253,61198998;4,13419000
-253,53006998;4,13419000
-253,44814998;4,08932800
-253,36622998;4,08932800
-253,28430998;4,04431300
-253,20238998;4,04431300
-253,12046998;4,08932800
-253,03854998;4,04431300
-252,95662999;4,04431300
-252,87470999;4,04431300
-252,79278999;4,04431300
-252,71086999;4,04431300
-252,62894999;4,04431300
-252,54702999;3,99929800
-252,46510999;4,04431300
-252,38318999;3,95443600
-252,30126999;3,95443600
-252,21934999;3,95443600
-252,13742999;3,95443600
-252,05550999;3,95443600
-251,97358999;3,95443600
-251,89166999;3,95443600
-251,80974999;3,95443600
-251,72782999;3,95443600
-251,64590999;3,95443600
-251,56398999;3,90942100
-251,48206999;3,90942100
-251,40014999;3,90942100
-251,31823000;3,90942100
-251,23631000;3,86455900
-251,15439000;3,86455900
-251,07247000;3,86455900
-250,99055000;3,86455900
-250,90863000;3,86455900
-250,82671000;3,86455900
-250,74479000;3,90942100
-250,66287000;3,95443600
-250,58095000;3,99929800
-250,49903000;4,04431300
-250,41711000;4,04431300
-250,33519000;4,13419000
-250,25327000;4,17920400
-250,17135000;4,22406700
-250,08943000;4,31409600
-250,00751000;4,31409600
-249,92559000;4,35895900
-249,84367000;4,40397400
-249,76175000;4,40397400
-249,67983001;4,44883600
-249,59791001;4,49385100
-249,51599001;4,49385100
-249,43407001;4,49385100
-249,35215001;4,49385100
-249,27023001;4,58372700
-249,18831001;4,58372700
-249,10639001;4,58372700
-249,02447001;4,58372700
-248,94255001;4,62874200
-248,86063001;4,62874200
-248,77871001;4,62874200
-248,69679001;4,62874200
-248,61487001;4,58372700
-248,53295001;4,62874200
-248,45103001;4,62874200
-248,36911001;4,58372700
-248,28719001;4,58372700
-248,20527001;4,58372700
-248,12335001;4,58372700
-248,04143002;4,58372700
-247,95951002;4,53871300
-247,87759002;4,53871300
-247,79567002;4,53871300
-247,71375002;4,53871300
-247,63183002;4,49385100
-247,54991002;4,49385100
-247,46799002;4,49385100
-247,38607002;4,49385100
-247,30415002;4,49385100
-247,22223002;4,49385100
-247,14031002;4,49385100
-247,05839002;4,49385100
-246,97647002;4,44883600
-246,89455002;4,44883600
-246,81263002;4,44883600
-246,73071002;4,40397400
-246,64879002;4,40397400
-246,56687002;4,40397400
-246,48495002;4,40397400
-246,40303003;4,40397400
-246,32111003;4,40397400
-246,23919003;4,40397400
-246,15727003;4,40397400
-246,07535003;4,35895900
-245,99343003;4,31409600
-245,91151003;4,31409600
-245,82959003;4,31409600
-245,74767003;4,31409600
-245,66575003;4,31409600
-245,58383003;4,31409600
-245,50191003;4,31409600
-245,41999003;4,31409600
-245,33807003;4,31409600
-245,25615003;4,26908200
-245,17423003;4,26908200
-245,09231003;4,26908200
-245,01039003;4,26908200
-244,92847003;4,22406700
-244,84655003;4,22406700
-244,76463004;4,22406700
-244,68271004;4,22406700
-244,60079004;4,22406700
-244,51887004;4,22406700
-244,43695004;4,17920400
-244,35503004;4,17920400
-244,27311004;4,17920400
-244,19119004;4,13419000
-244,10927004;4,13419000
-244,02735004;4,13419000
-243,94543004;4,13419000
-243,86351004;4,13419000
-243,78159004;4,13419000
-243,69967004;4,13419000
-243,61775004;4,13419000
-243,53583004;4,13419000
-243,45391004;4,13419000
-243,37199004;4,08932800
-243,29007004;4,08932800
-243,20815004;4,04431300
-243,12623005;4,08932800
-243,04431005;4,04431300
-242,96239005;4,04431300
-242,88047005;4,04431300
-242,79855005;4,04431300
-242,71663005;4,04431300
-242,63471005;4,04431300
-242,55279005;4,04431300
-242,47087005;3,99929800
-242,38895005;3,99929800
-242,30703005;3,95443600
-242,22511005;3,95443600
-242,14319005;3,95443600
-242,06127005;3,95443600
-241,97935005;3,95443600
-241,89743005;3,95443600
-241,81551005;3,95443600
-241,73359005;3,95443600
-241,65167005;3,95443600
-241,56975005;3,90942100
-241,48783006;3,90942100
-241,40591006;3,90942100
-241,32399006;3,86455900
-241,24207006;3,86455900
-241,16015006;3,86455900
-241,07823006;3,86455900
-240,99631006;3,86455900
-240,91439006;3,86455900
-240,83247006;3,86455900
-240,75055006;3,86455900
-240,66863006;3,90942100
-240,58671006;3,95443600
-240,50479006;3,99929800
-240,42287006;4,04431300
-240,34095006;4,08932800
-240,25903006;4,13419000
-240,17711006;4,17920400
-240,09519006;4,22406700
-240,01327006;4,31409600
-239,93135006;4,31409600
-239,84943007;4,35895900
-239,76751007;4,40397400
-239,68559007;4,40397400
-239,60367007;4,44883600
-239,52175007;4,49385100
-239,43983007;4,49385100
-239,35791007;4,49385100
-239,27599007;4,53871300
-239,19407007;4,53871300
-239,11215007;4,58372700
-239,03023007;4,53871300
-238,94831007;4,58372700
-238,86639007;4,58372700
-238,78447007;4,58372700
-238,70255007;4,58372700
-238,62063007;4,58372700
-238,53871007;4,62874200
-238,45679007;4,58372700
-238,37487007;4,58372700
-238,29295007;4,58372700
-238,21103008;4,58372700
-238,12911008;4,58372700
-238,04719008;4,58372700
-237,96527008;4,53871300
-237,88335008;4,53871300
-237,80143008;4,53871300
-237,71951008;4,49385100
-237,63759008;4,49385100
-237,55567008;4,49385100
-237,47375008;4,49385100
-237,39183008;4,49385100
-237,30991008;4,49385100
-237,22799008;4,49385100
-237,14607008;4,44883600
-237,06415008;4,44883600
-236,98223008;4,44883600
-236,90031008;4,44883600
-236,81839008;4,44883600
-236,73647008;4,40397400
-236,65455008;4,40397400
-236,57263008;4,40397400
-236,49071009;4,40397400
-236,40879009;4,40397400
-236,32687009;4,40397400
-236,24495009;4,40397400
-236,16303009;4,40397400
-236,08111009;4,40397400
-235,99919009;4,31409600
-235,91727009;4,35895900
-235,83535009;4,31409600
-235,75343009;4,31409600
-235,67151009;4,31409600
-235,58959009;4,31409600
-235,50767009;4,31409600
-235,42575009;4,31409600
-235,34383009;4,26908200
-235,26191009;4,26908200
-235,17999009;4,26908200
-235,09807009;4,26908200
-235,01615009;4,22406700
-234,93423009;4,22406700
-234,85231010;4,22406700
-234,77039010;4,22406700
-234,68847010;4,22406700
-234,60655010;4,22406700
-234,52463010;4,22406700
-234,44271010;4,22406700
-234,36079010;4,17920400
-234,27887010;4,17920400
-234,19695010;4,17920400
-234,11503010;4,13419000
-234,03311010;4,13419000
-233,95119010;4,13419000
-233,86927010;4,13419000
-233,78735010;4,13419000
-233,70543010;4,13419000
-233,62351010;4,13419000
-233,54159010;4,13419000
-233,45967010;4,08932800
-233,37775010;4,08932800
-233,29583010;4,08932800
-233,21391011;4,08932800
-233,13199011;4,04431300
-233,05007011;4,04431300
-232,96815011;4,04431300
-232,88623011;4,04431300
-232,80431011;4,04431300
-232,72239011;4,04431300
-232,64047011;4,04431300
-232,55855011;3,99929800
-232,47663011;3,99929800
-232,39471011;3,99929800
-232,31279011;3,95443600
-232,23087011;3,95443600
-232,14895011;3,95443600
-232,06703011;3,95443600
-231,98511011;3,95443600
-231,90319011;3,95443600
-231,82127011;3,95443600
-231,73935011;3,95443600
-231,65743011;3,90942100
-231,57551012;3,95443600
-231,49359012;3,90942100
-231,41167012;3,90942100
-231,32975012;3,90942100
-231,24783012;3,90942100
-231,16591012;3,86455900
-231,08399012;3,86455900
-231,00207012;3,86455900
-230,92015012;3,86455900
-230,83823012;3,86455900
-230,75631012;3,90942100
-230,67439012;3,95443600
-230,59247012;3,95443600
-230,51055012;4,04431300
-230,42863012;4,08932800
-230,34671012;4,13419000
-230,26479012;4,17920400
-230,18287012;4,22406700
-230,10095012;4,26908200
-230,01903012;4,31409600
-229,93711013;4,35895900
-229,85519013;4,40397400
-229,77327013;4,40397400
-229,69135013;4,44883600
-229,60943013;4,49385100
-229,52751013;4,49385100
-229,44559013;4,49385100
-229,36367013;4,53871300
-229,28175013;4,53871300
-229,19983013;4,58372700
-229,11791013;4,58372700
-229,03599013;4,58372700
-228,95407013;4,58372700
-228,87215013;4,62874200
-228,79023013;4,58372700
-228,70831013;4,62874200
-228,62639013;4,58372700
-228,54447013;4,58372700
-228,46255013;4,58372700
-228,38063013;4,58372700
-228,29871014;4,58372700
-228,21679014;4,58372700
-228,13487014;4,58372700
-228,05295014;4,58372700
-227,97103014;4,58372700
-227,88911014;4,53871300
-227,80719014;4,49385100
-227,72527014;4,53871300
-227,64335014;4,49385100
-227,56143014;4,49385100
-227,47951014;4,49385100
-227,39759014;4,49385100
-227,31567014;4,49385100
-227,23375014;4,49385100
-227,15183014;4,49385100
-227,06991014;4,44883600
-226,98799014;4,44883600
-226,90607014;4,44883600
-226,82415014;4,40397400
-226,74223014;4,40397400
-226,66031015;4,40397400
-226,57839015;4,40397400
-226,49647015;4,40397400
-226,41455015;4,40397400
-226,33263015;4,40397400
-226,25071015;4,40397400
-226,16879015;4,35895900
-226,08687015;4,31409600
-226,00495015;4,31409600
-225,92303015;4,31409600
-225,84111015;4,31409600
-225,75919015;4,31409600
-225,67727015;4,31409600
-225,59535015;4,31409600
-225,51343015;4,31409600
-225,43151015;4,31409600
-225,34959015;4,26908200
-225,26767015;4,26908200
-225,18575015;4,26908200
-225,10383015;4,22406700
-225,02191016;4,26908200
-224,93999016;4,22406700
-224,85807016;4,26908200
-224,77615016;4,22406700
-224,69423016;4,22406700
-224,61231016;4,22406700
-224,53039016;4,22406700
-224,44847016;4,17920400
-224,36655016;4,17920400
-224,28463016;4,17920400
-224,20271016;4,13419000
-224,12079016;4,17920400
-224,03887016;4,13419000
-223,95695016;4,13419000
-223,87503016;4,13419000
-223,79311016;4,13419000
-223,71119016;4,13419000
-223,62927016;4,13419000
-223,54735016;4,13419000
-223,46543016;4,13419000
-223,38351017;4,08932800
-223,30159017;4,04431300
-223,21967017;4,08932800
-223,13775017;4,04431300
-223,05583017;4,04431300
-222,97391017;4,04431300
-222,89199017;4,04431300
-222,81007017;4,04431300
-222,72815017;4,04431300
-222,64623017;4,04431300
-222,56431017;3,99929800
-222,48239017;3,95443600
-222,40047017;3,99929800
-222,31855017;3,95443600
-222,23663017;3,95443600
-222,15471017;3,95443600
-222,07279017;3,95443600
-221,99087017;3,95443600
-221,90895017;3,95443600
-221,82703017;3,95443600
-221,74511018;3,95443600
-221,66319018;3,95443600
-221,58127018;3,90942100
-221,49935018;3,90942100
-221,41743018;3,90942100
-221,33551018;3,90942100
-221,25359018;3,86455900
-221,17167018;3,90942100
-221,08975018;3,86455900
-221,00783018;3,86455900
-220,92591018;3,86455900
-220,84399018;3,86455900
-220,76207018;3,90942100
-220,68015018;3,90942100
-220,59823018;3,95443600
-220,51631018;3,95443600
-220,43439018;4,04431300
-220,35247018;4,08932800
-220,27055018;4,13419000
-220,18863018;4,17920400
-220,10671019;4,22406700
-220,02479019;4,26908200
-219,94287019;4,31409600
-219,86095019;4,35895900
-219,77903019;4,40397400
-219,69711019;4,44883600
-219,61519019;4,44883600
-219,53327019;4,49385100
-219,45135019;4,49385100
-219,36943019;4,49385100
-219,28751019;4,49385100
-219,20559019;4,53871300
-219,12367019;4,53871300
-219,04175019;4,58372700
-218,95983019;4,58372700
-218,87791019;4,58372700
-218,79599019;4,58372700
-218,71407019;4,58372700
-218,63215019;4,58372700
-218,55023019;4,58372700
-218,46831020;4,58372700
-218,38639020;4,58372700
-218,30447020;4,58372700
-218,22255020;4,58372700
-218,14063020;4,58372700
-218,05871020;4,58372700
-217,97679020;4,58372700
-217,89487020;4,53871300
-217,81295020;4,53871300
-217,73103020;4,49385100
-217,64911020;4,49385100
-217,56719020;4,49385100
-217,48527020;4,49385100
-217,40335020;4,49385100
-217,32143020;4,49385100
-217,23951020;4,49385100
-217,15759020;4,44883600
-217,07567020;4,49385100
-216,99375020;4,49385100
-216,91183020;4,44883600
-216,82991020;4,40397400
-216,74799021;4,40397400
-216,66607021;4,40397400
-216,58415021;4,40397400
-216,50223021;4,40397400
-216,42031021;4,40397400
-216,33839021;4,40397400
-216,25647021;4,40397400
-216,17455021;4,40397400
-216,09263021;4,31409600
-216,01071021;4,31409600
-215,92879021;4,31409600
-215,84687021;4,31409600
-215,76495021;4,31409600
-215,68303021;4,31409600
-215,60111021;4,31409600
-215,51919021;4,31409600
-215,43727021;4,31409600
-215,35535021;4,31409600
-215,27343021;4,26908200
-215,19151021;4,26908200
-215,10959022;4,22406700
-215,02767022;4,26908200
-214,94575022;4,22406700
-214,86383022;4,22406700
-214,78191022;4,22406700
-214,69999022;4,22406700
-214,61807022;4,22406700
-214,53615022;4,22406700
-214,45423022;4,17920400
-214,37231022;4,17920400
-214,29039022;4,17920400
-214,20847022;4,13419000
-214,12655022;4,17920400
-214,04463022;4,13419000
-213,96271022;4,13419000
-213,88079022;4,13419000
-213,79887022;4,13419000
-213,71695022;4,13419000
-213,63503022;4,13419000
-213,55311022;4,08932800
-213,47119023;4,08932800
-213,38927023;4,08932800
-213,30735023;4,08932800
-213,22543023;4,08932800
-213,14351023;4,04431300
-213,06159023;4,04431300
-212,97967023;4,04431300
-212,89775023;4,04431300
-212,81583023;4,04431300
-212,73391023;4,04431300
-212,65199023;4,04431300
-212,57007023;3,99929800
-212,48815023;3,99929800
-212,40623023;3,99929800
-212,32431023;3,95443600
-212,24239023;3,95443600
-212,16047023;3,95443600
-212,07855023;3,95443600
-211,99663023;3,95443600
-211,91471023;3,95443600
-211,83279024;3,95443600
-211,75087024;3,95443600
-211,66895024;3,90942100
-211,58703024;3,90942100
-211,50511024;3,90942100
-211,42319024;3,90942100
-211,34127024;3,90942100
-211,25935024;3,86455900
-211,17743024;3,86455900
-211,09551024;3,86455900
-211,01359024;3,86455900
-210,93167024;3,86455900
-210,84975024;3,86455900
-210,76783024;3,86455900
-210,68591024;3,90942100
-210,60399024;3,95443600
-210,52207024;4,04431300
-210,44015024;4,08932800
-210,35823024;4,13419000
-210,27631024;4,17920400
-210,19439025;4,22406700
-210,11247025;4,26908200
-210,03055025;4,31409600
-209,94863025;4,31409600
-209,86671025;4,40397400
-209,78479025;4,40397400
-209,70287025;4,44883600
-209,62095025;4,49385100
-209,53903025;4,49385100
-209,45711025;4,49385100
-209,37519025;4,53871300
-209,29327025;4,58372700
-209,21135025;4,53871300
-209,12943025;4,58372700
-209,04751025;4,58372700
-208,96559025;4,58372700
-208,88367025;4,58372700
-208,80175025;4,58372700
-208,71983025;4,58372700
-208,63791025;4,62874200
-208,55599026;4,58372700
-208,47407026;4,62874200
-208,39215026;4,58372700
-208,31023026;4,58372700
-208,22831026;4,58372700
-208,14639026;4,58372700
-208,06447026;4,58372700
-207,98255026;4,58372700
-207,90063026;4,53871300
-207,81871026;4,53871300
-207,73679026;4,49385100
-207,65487026;4,53871300
-207,57295026;4,49385100
-207,49103026;4,49385100
-207,40911026;4,49385100
-207,32719026;4,49385100
-207,24527026;4,49385100
-207,16335026;4,49385100
-207,08143026;4,49385100
-206,99951026;4,49385100
-206,91759027;4,44883600
-206,83567027;4,44883600
-206,75375027;4,40397400
-206,67183027;4,44883600
-206,58991027;4,40397400
-206,50799027;4,40397400
-206,42607027;4,40397400
-206,34415027;4,40397400
-206,26223027;4,40397400
-206,18031027;4,35895900
-206,09839027;4,35895900
-206,01647027;4,31409600
-205,93455027;4,31409600
-205,85263027;4,31409600
-205,77071027;4,31409600
-205,68879027;4,31409600
-205,60687027;4,31409600
-205,52495027;4,31409600
-205,44303027;4,31409600
-205,36111027;4,26908200
-205,27919028;4,31409600
-205,19727028;4,26908200
-205,11535028;4,26908200
-205,03343028;4,22406700
-204,95151028;4,22406700
-204,86959028;4,22406700
-204,78767028;4,22406700
-204,70575028;4,22406700
-204,62383028;4,22406700
-204,54191028;4,22406700
-204,45999028;4,22406700
-204,37807028;4,17920400
-204,29615028;4,17920400
-204,21423028;4,17920400
-204,13231028;4,13419000
-204,05039028;4,13419000
-203,96847028;4,13419000
-203,88655028;4,13419000
-203,80463028;4,13419000
-203,72271028;4,13419000
-203,64079029;4,13419000
-203,55887029;4,08932800
-203,47695029;4,08932800
-203,39503029;4,08932800
-203,31311029;4,04431300
-203,23119029;4,08932800
-203,14927029;4,04431300
-203,06735029;4,04431300
-202,98543029;4,04431300
-202,90351029;4,04431300
-202,82159029;4,04431300
-202,73967029;4,04431300
-202,65775029;4,04431300
-202,57583029;4,04431300
-202,49391029;3,99929800
-202,41199029;3,99929800
-202,33007029;3,95443600
-202,24815029;3,95443600
-202,16623029;3,95443600
-202,08431029;3,95443600
-202,00239030;3,95443600
-201,92047030;3,95443600
-201,83855030;3,95443600
-201,75663030;3,95443600
-201,67471030;3,95443600
-201,59279030;3,95443600
-201,51087030;3,90942100
-201,42895030;3,90942100
-201,34703030;3,90942100
-201,26511030;3,86455900
-201,18319030;3,86455900
-201,10127030;3,86455900
-201,01935030;3,86455900
-200,93743030;3,86455900
-200,85551030;3,86455900
-200,77359030;3,86455900
-200,69167030;3,90942100
-200,60975030;3,95443600
-200,52783030;3,95443600
-200,44591030;4,04431300
-200,36399031;4,08932800
-200,28207031;4,13419000
-200,20015031;4,17920400
-200,11823031;4,22406700
-200,03631031;4,26908200
-199,95439031;4,31409600
-199,87247031;4,31409600
-199,79055031;4,40397400
-199,70863031;4,40397400
-199,62671031;4,40397400
-199,54479031;4,49385100
-199,46287031;4,49385100
-199,38095031;4,49385100
-199,29903031;4,53871300
-199,21711031;4,53871300
-199,13519031;4,53871300
-199,05327031;4,58372700
-198,97135031;4,58372700
-198,88943031;4,58372700
-198,80751031;4,58372700
-198,72559032;4,58372700
-198,64367032;4,58372700
-198,56175032;4,58372700
-198,47983032;4,58372700
-198,39791032;4,58372700
-198,31599032;4,58372700
-198,23407032;4,58372700
-198,15215032;4,58372700
-198,07023032;4,53871300
-197,98831032;4,58372700
-197,90639032;4,53871300
-197,82447032;4,49385100
-197,74255032;4,53871300
-197,66063032;4,49385100
-197,57871032;4,49385100
-197,49679032;4,49385100
-197,41487032;4,49385100
-197,33295032;4,49385100
-197,25103032;4,49385100
-197,16911032;4,49385100
-197,08719032;4,49385100
-197,00527033;4,44883600
-196,92335033;4,44883600
-196,84143033;4,40397400
-196,75951033;4,40397400
-196,67759033;4,40397400
-196,59567033;4,40397400
-196,51375033;4,40397400
-196,43183033;4,40397400
-196,34991033;4,40397400
-196,26799033;4,40397400
-196,18607033;4,35895900
-196,10415033;4,35895900
-196,02223033;4,35895900
-195,94031033;4,31409600
-195,85839033;4,31409600
-195,77647033;4,31409600
-195,69455033;4,31409600
-195,61263033;4,31409600
-195,53071033;4,31409600
-195,44879033;4,31409600
-195,36687034;4,31409600
-195,28495034;4,26908200
-195,20303034;4,26908200
-195,12111034;4,22406700
-195,03919034;4,22406700
-194,95727034;4,22406700
-194,87535034;4,22406700
-194,79343034;4,22406700
-194,71151034;4,22406700
-194,62959034;4,22406700
-194,54767034;4,22406700
-194,46575034;4,17920400
-194,38383034;4,17920400
-194,30191034;4,17920400
-194,21999034;4,13419000
-194,13807034;4,13419000
-194,05615034;4,13419000
-193,97423034;4,13419000
-193,89231034;4,13419000
-193,81039034;4,13419000
-193,72847035;4,13419000
-193,64655035;4,13419000
-193,56463035;4,08932800
-193,48271035;4,08932800
-193,40079035;4,08932800
-193,31887035;4,08932800
-193,23695035;4,04431300
-193,15503035;4,04431300
-193,07311035;4,04431300
-192,99119035;4,04431300
-192,90927035;4,04431300
-192,82735035;4,04431300
-192,74543035;4,04431300
-192,66351035;4,04431300
-192,58159035;3,99929800
-192,49967035;3,99929800
-192,41775035;3,95443600
-192,33583035;3,99929800
-192,25391035;3,95443600
-192,17199035;3,95443600
-192,09007036;3,95443600
-192,00815036;3,95443600
-191,92623036;3,95443600
-191,84431036;3,95443600
-191,76239036;3,95443600
-191,68047036;3,95443600
-191,59855036;3,90942100
-191,51663036;3,90942100
-191,43471036;3,90942100
-191,35279036;3,90942100
-191,27087036;3,90942100
-191,18895036;3,86455900
-191,10703036;3,86455900
-191,02511036;3,86455900
-190,94319036;3,86455900
-190,86127036;3,86455900
-190,77935036;3,90942100
-190,69743036;3,95443600
-190,61551036;3,95443600
-190,53359036;4,04431300
-190,45167037;4,04431300
-190,36975037;4,13419000
-190,28783037;4,13419000
-190,20591037;4,22406700
-190,12399037;4,26908200
-190,04207037;4,31409600
-189,96015037;4,31409600
-189,87823037;4,40397400
-189,79631037;4,40397400
-189,71439037;4,44883600
-189,63247037;4,49385100
-189,55055037;4,49385100
-189,46863037;4,49385100
-189,38671037;4,53871300
-189,30479037;4,53871300
-189,22287037;4,58372700
-189,14095037;4,58372700
-189,05903037;4,58372700
-188,97711037;4,62874200
-188,89519037;4,58372700
-188,81327038;4,62874200
-188,73135038;4,62874200
-188,64943038;4,58372700
-188,56751038;4,58372700
-188,48559038;4,58372700
-188,40367038;4,62874200
-188,32175038;4,58372700
-188,23983038;4,58372700
-188,15791038;4,58372700
-188,07599038;4,58372700
-187,99407038;4,58372700
-187,91215038;4,58372700
-187,83023038;4,53871300
-187,74831038;4,53871300
-187,66639038;4,49385100
-187,58447038;4,49385100
-187,50255038;4,49385100
-187,42063038;4,49385100
-187,33871038;4,49385100
-187,25679038;4,49385100
-187,17487039;4,49385100
-187,09295039;4,49385100
-187,01103039;4,44883600
-186,92911039;4,44883600
-186,84719039;4,44883600
-186,76527039;4,44883600
-186,68335039;4,44883600
-186,60143039;4,40397400
-186,51951039;4,40397400
-186,43759039;4,40397400
-186,35567039;4,40397400
-186,27375039;4,40397400
-186,19183039;4,35895900
-186,10991039;4,31409600
-186,02799039;4,40397400
-185,94607039;4,31409600
-185,86415039;4,31409600
-185,78223039;4,31409600
-185,70031039;4,31409600
-185,61839039;4,31409600
-185,53647040;4,31409600
-185,45455040;4,31409600
-185,37263040;4,31409600
-185,29071040;4,31409600
-185,20879040;4,26908200
-185,12687040;4,26908200
-185,04495040;4,26908200
-184,96303040;4,26908200
-184,88111040;4,22406700
-184,79919040;4,22406700
-184,71727040;4,22406700
-184,63535040;4,22406700
-184,55343040;4,22406700
-184,47151040;4,22406700
-184,38959040;4,17920400
-184,30767040;4,17920400
-184,22575040;4,17920400
-184,14383040;4,17920400
-184,06191040;4,13419000
-183,97999040;4,13419000
-183,89807041;4,13419000
-183,81615041;4,13419000
-183,73423041;4,13419000
-183,65231041;4,13419000
-183,57039041;4,13419000
-183,48847041;4,13419000
-183,40655041;4,13419000
-183,32463041;4,08932800
-183,24271041;4,04431300
-183,16079041;4,04431300
-183,07887041;4,04431300
-182,99695041;4,04431300
-182,91503041;4,04431300
-182,83311041;4,04431300
-182,75119041;4,04431300
-182,66927041;4,04431300
-182,58735041;4,04431300
-182,50543041;3,99929800
-182,42351041;3,99929800
-182,34159041;3,95443600
-182,25967042;3,95443600
-182,17775042;3,95443600
-182,09583042;3,95443600
-182,01391042;3,95443600
-181,93199042;3,95443600
-181,85007042;3,95443600
-181,76815042;3,95443600
-181,68623042;3,95443600
-181,60431042;3,95443600
-181,52239042;3,95443600
-181,44047042;3,90942100
-181,35855042;3,90942100
-181,27663042;3,86455900
-181,19471042;3,86455900
-181,11279042;3,90942100
-181,03087042;3,86455900
-180,94895042;3,86455900
-180,86703042;3,86455900
-180,78511042;3,86455900
-180,70319042;3,90942100
-180,62127043;3,95443600
-180,53935043;3,95443600
-180,45743043;4,04431300
-180,37551043;4,08932800
-180,29359043;4,13419000
-180,21167043;4,13419000
-180,12975043;4,22406700
-180,04783043;4,26908200
-179,96591043;4,31409600
-179,88399043;4,31409600
-179,80207043;4,40397400
-179,72015043;4,40397400
-179,63823043;4,40397400
-179,55631043;4,44883600
-179,47439043;4,49385100
-179,39247043;4,49385100
-179,31055043;4,49385100
-179,22863043;4,53871300
-179,14671043;4,58372700
-179,06479043;4,58372700
-178,98287043;4,58372700
-178,90095044;4,58372700
-178,81903044;4,58372700
-178,73711044;4,58372700
-178,65519044;4,58372700
-178,57327044;4,58372700
-178,49135044;4,58372700
-178,40943044;4,58372700
-178,32751044;4,58372700
-178,24559044;4,58372700
-178,16367044;4,58372700
-178,08175044;4,58372700
-177,99983044;4,53871300
-177,91791044;4,53871300
-177,83599044;4,53871300
-177,75407044;4,53871300
-177,67215044;4,49385100
-177,59023044;4,49385100
-177,50831044;4,49385100
-177,42639044;4,49385100
-177,34447044;4,49385100
-177,26255045;4,49385100
-177,18063045;4,49385100
-177,09871045;4,49385100
-177,01679045;4,44883600
-176,93487045;4,44883600
-176,85295045;4,44883600
-176,77103045;4,40397400
-176,68911045;4,40397400
-176,60719045;4,40397400
-176,52527045;4,40397400
-176,44335045;4,40397400
-176,36143045;4,40397400
-176,27951045;4,40397400
-176,19759045;4,35895900
-176,11567045;4,35895900
-176,03375045;4,35895900
-175,95183045;4,31409600
-175,86991045;4,31409600
-175,78799045;4,31409600
-175,70607045;4,31409600
-175,62415046;4,31409600
-175,54223046;4,31409600
-175,46031046;4,31409600
-175,37839046;4,31409600
-175,29647046;4,26908200
-175,21455046;4,31409600
-175,13263046;4,26908200
-175,05071046;4,22406700
-174,96879046;4,22406700
-174,88687046;4,22406700
-174,80495046;4,22406700
-174,72303046;4,22406700
-174,64111046;4,22406700
-174,55919046;4,22406700
-174,47727046;4,22406700
-174,39535046;4,17920400
-174,31343046;4,17920400
-174,23151046;4,13419000
-174,14959046;4,13419000
-174,06767046;4,13419000
-173,98575047;4,13419000
-173,90383047;4,13419000
-173,82191047;4,13419000
-173,73999047;4,13419000
-173,65807047;4,13419000
-173,57615047;4,13419000
-173,49423047;4,08932800
-173,41231047;4,08932800
-173,33039047;4,04431300
-173,24847047;4,08932800
-173,16655047;4,04431300
-173,08463047;4,04431300
-173,00271047;4,04431300
-172,92079047;4,04431300
-172,83887047;4,04431300
-172,75695047;4,04431300
-172,67503047;4,04431300
-172,59311047;3,99929800
-172,51119047;3,99929800
-172,42927047;3,95443600
-172,34735048;3,99929800
-172,26543048;3,95443600
-172,18351048;3,95443600
-172,10159048;3,95443600
-172,01967048;3,95443600
-171,93775048;3,95443600
-171,85583048;3,95443600
-171,77391048;3,95443600
-171,69199048;3,95443600
-171,61007048;3,90942100
-171,52815048;3,90942100
-171,44623048;3,90942100
-171,36431048;3,90942100
-171,28239048;3,90942100
-171,20047048;3,86455900
-171,11855048;3,86455900
-171,03663048;3,86455900
-170,95471048;3,86455900
-170,87279048;3,86455900
-170,79087048;3,86455900
-170,70895049;3,90942100
-170,62703049;3,95443600
-170,54511049;4,04431300
-170,46319049;4,04431300
-170,38127049;4,08932800
-170,29935049;4,13419000
-170,21743049;4,22406700
-170,13551049;4,26908200
-170,05359049;4,31409600
-169,97167049;4,31409600
-169,88975049;4,40397400
-169,80783049;4,40397400
-169,72591049;4,40397400
-169,64399049;4,49385100
-169,56207049;4,49385100
-169,48015049;4,49385100
-169,39823049;4,53871300
-169,31631049;4,53871300
-169,23439049;4,58372700
-169,15247049;4,58372700
-169,07055050;4,58372700
-168,98863050;4,58372700
-168,90671050;4,58372700
-168,82479050;4,58372700
-168,74287050;4,62874200
-168,66095050;4,62874200
-168,57903050;4,58372700
-168,49711050;4,58372700
-168,41519050;4,58372700
-168,33327050;4,58372700
-168,25135050;4,58372700
-168,16943050;4,58372700
-168,08751050;4,53871300
-168,00559050;4,58372700
-167,92367050;4,58372700
-167,84175050;4,53871300
-167,75983050;4,49385100
-167,67791050;4,49385100
-167,59599050;4,49385100
-167,51407050;4,49385100
-167,43215051;4,49385100
-167,35023051;4,49385100
-167,26831051;4,49385100
-167,18639051;4,49385100
-167,10447051;4,44883600
-167,02255051;4,49385100
-166,94063051;4,44883600
-166,85871051;4,40397400
-166,77679051;4,40397400
-166,69487051;4,40397400
-166,61295051;4,40397400
-166,53103051;4,40397400
-166,44911051;4,40397400
-166,36719051;4,40397400
-166,28527051;4,40397400
-166,20335051;4,35895900
-166,12143051;4,35895900
-166,03951051;4,35895900
-165,95759051;4,35895900
-165,87567051;4,31409600
-165,79375052;4,31409600
-165,71183052;4,31409600
-165,62991052;4,31409600
-165,54799052;4,31409600
-165,46607052;4,31409600
-165,38415052;4,26908200
-165,30223052;4,31409600
-165,22031052;4,26908200
-165,13839052;4,26908200
-165,05647052;4,26908200
-164,97455052;4,22406700
-164,89263052;4,22406700
-164,81071052;4,22406700
-164,72879052;4,22406700
-164,64687052;4,22406700
-164,56495052;4,22406700
-164,48303052;4,17920400
-164,40111052;4,17920400
-164,31919052;4,17920400
-164,23727052;4,17920400
-164,15535053;4,13419000
-164,07343053;4,13419000
-163,99151053;4,13419000
-163,90959053;4,13419000
-163,82767053;4,13419000
-163,74575053;4,13419000
-163,66383053;4,13419000
-163,58191053;4,13419000
-163,49999053;4,08932800
-163,41807053;4,08932800
-163,33615053;4,08932800
-163,25423053;4,08932800
-163,17231053;4,04431300
-163,09039053;4,04431300
-163,00847053;4,04431300
-162,92655053;4,04431300
-162,84463053;4,04431300
-162,76271053;4,04431300
-162,68079053;4,04431300
-162,59887053;4,04431300
-162,51695054;4,04431300
-162,43503054;3,99929800
-162,35311054;3,95443600
-162,27119054;3,95443600
-162,18927054;3,95443600
-162,10735054;3,95443600
-162,02543054;3,95443600
-161,94351054;3,95443600
-161,86159054;3,95443600
-161,77967054;3,95443600
-161,69775054;3,95443600
-161,61583054;3,95443600
-161,53391054;3,90942100
-161,45199054;3,90942100
-161,37007054;3,90942100
-161,28815054;3,90942100
-161,20623054;3,86455900
-161,12431054;3,86455900
-161,04239054;3,86455900
-160,96047054;3,86455900
-160,87855055;3,86455900
-160,79663055;3,86455900
-160,71471055;3,90942100
-160,63279055;3,95443600
-160,55087055;3,95443600
-160,46895055;4,04431300
-160,38703055;4,08932800
-160,30511055;4,13419000
-160,22319055;4,17920400
-160,14127055;4,22406700
-160,05935055;4,26908200
-159,97743055;4,31409600
-159,89551055;4,31409600
-159,81359055;4,40397400
-159,73167055;4,40397400
-159,64975055;4,40397400
-159,56783055;4,44883600
-159,48591055;4,49385100
-159,40399055;4,49385100
-159,32207055;4,49385100
-159,24015055;4,49385100
-159,15823056;4,53871300
-159,07631056;4,58372700
-158,99439056;4,58372700
-158,91247056;4,58372700
-158,83055056;4,58372700
-158,74863056;4,58372700
-158,66671056;4,58372700
-158,58479056;4,58372700
-158,50287056;4,58372700
-158,42095056;4,58372700
-158,33903056;4,58372700
-158,25711056;4,58372700
-158,17519056;4,58372700
-158,09327056;4,58372700
-158,01135056;4,53871300
-157,92943056;4,53871300
-157,84751056;4,53871300
-157,76559056;4,53871300
-157,68367056;4,49385100
-157,60175056;4,49385100
-157,51983057;4,49385100
-157,43791057;4,49385100
-157,35599057;4,49385100
-157,27407057;4,49385100
-157,19215057;4,49385100
-157,11023057;4,49385100
-157,02831057;4,44883600
-156,94639057;4,44883600
-156,86447057;4,40397400
-156,78255057;4,40397400
-156,70063057;4,40397400
-156,61871057;4,40397400
-156,53679057;4,40397400
-156,45487057;4,40397400
-156,37295057;4,40397400
-156,29103057;4,40397400
-156,20911057;4,35895900
-156,12719057;4,35895900
-156,04527057;4,35895900
-155,96335057;4,31409600
-155,88143058;4,31409600
-155,79951058;4,31409600
-155,71759058;4,31409600
-155,63567058;4,31409600
-155,55375058;4,31409600
-155,47183058;4,31409600
-155,38991058;4,26908200
-155,30799058;4,26908200
-155,22607058;4,26908200
-155,14415058;4,26908200
-155,06223058;4,26908200
-154,98031058;4,22406700
-154,89839058;4,22406700
-154,81647058;4,22406700
-154,73455058;4,22406700
-154,65263058;4,22406700
-154,57071058;4,17920400
-154,48879058;4,17920400
-154,40687058;4,17920400
-154,32495058;4,17920400
-154,24303059;4,13419000
-154,16111059;4,13419000
-154,07919059;4,13419000
-153,99727059;4,13419000
-153,91535059;4,13419000
-153,83343059;4,13419000
-153,75151059;4,13419000
-153,66959059;4,13419000
-153,58767059;4,13419000
-153,50575059;4,08932800
-153,42383059;4,08932800
-153,34191059;4,04431300
-153,25999059;4,08932800
-153,17807059;4,04431300
-153,09615059;4,04431300
-153,01423059;4,04431300
-152,93231059;4,04431300
-152,85039059;4,04431300
-152,76847059;4,04431300
-152,68655059;4,04431300
-152,60463060;3,99929800
-152,52271060;3,99929800
-152,44079060;3,99929800
-152,35887060;3,95443600
-152,27695060;3,95443600
-152,19503060;3,95443600
-152,11311060;3,95443600
-152,03119060;3,95443600
-151,94927060;3,95443600
-151,86735060;3,95443600
-151,78543060;3,95443600
-151,70351060;3,95443600
-151,62159060;3,95443600
-151,53967060;3,90942100
-151,45775060;3,90942100
-151,37583060;3,90942100
-151,29391060;3,90942100
-151,21199060;3,86455900
-151,13007060;3,86455900
-151,04815060;3,86455900
-150,96623061;3,86455900
-150,88431061;3,86455900
-150,80239061;3,86455900
-150,72047061;3,90942100
-150,63855061;3,95443600
-150,55663061;3,99929800
-150,47471061;4,04431300
-150,39279061;4,08932800
-150,31087061;4,13419000
-150,22895061;4,22406700
-150,14703061;4,22406700
-150,06511061;4,31409600
-149,98319061;4,31409600
-149,90127061;4,40397400
-149,81935061;4,40397400
-149,73743061;4,44883600
-149,65551061;4,49385100
-149,57359061;4,49385100
-149,49167061;4,49385100
-149,40975061;4,53871300
-149,32783062;4,58372700
-149,24591062;4,58372700
-149,16399062;4,58372700
-149,08207062;4,58372700
-149,00015062;4,58372700
-148,91823062;4,58372700
-148,83631062;4,58372700
-148,75439062;4,58372700
-148,67247062;4,58372700
-148,59055062;4,58372700
-148,50863062;4,62874200
-148,42671062;4,62874200
-148,34479062;4,58372700
-148,26287062;4,58372700
-148,18095062;4,58372700
-148,09903062;4,58372700
-148,01711062;4,58372700
-147,93519062;4,58372700
-147,85327062;4,53871300
-147,77135062;4,49385100
-147,68943063;4,53871300
-147,60751063;4,49385100
-147,52559063;4,49385100
-147,44367063;4,49385100
-147,36175063;4,49385100
-147,27983063;4,49385100
-147,19791063;4,49385100
-147,11599063;4,49385100
-147,03407063;4,49385100
-146,95215063;4,44883600
-146,87023063;4,44883600
-146,78831063;4,40397400
-146,70639063;4,40397400
-146,62447063;4,40397400
-146,54255063;4,40397400
-146,46063063;4,40397400
-146,37871063;4,40397400
-146,29679063;4,40397400
-146,21487063;4,40397400
-146,13295063;4,40397400
-146,05103064;4,40397400
-145,96911064;4,31409600
-145,88719064;4,31409600
-145,80527064;4,31409600
-145,72335064;4,31409600
-145,64143064;4,31409600
-145,55951064;4,31409600
-145,47759064;4,31409600
-145,39567064;4,26908200
-145,31375064;4,26908200
-145,23183064;4,31409600
-145,14991064;4,26908200
-145,06799064;4,26908200
-144,98607064;4,22406700
-144,90415064;4,22406700
-144,82223064;4,22406700
-144,74031064;4,22406700
-144,65839064;4,22406700
-144,57647064;4,22406700
-144,49455064;4,22406700
-144,41263065;4,17920400
-144,33071065;4,17920400
-144,24879065;4,17920400
-144,16687065;4,13419000
-144,08495065;4,17920400
-144,00303065;4,13419000
-143,92111065;4,13419000
-143,83919065;4,13419000
-143,75727065;4,13419000
-143,67535065;4,13419000
-143,59343065;4,13419000
-143,51151065;4,08932800
-143,42959065;4,08932800
-143,34767065;4,04431300
-143,26575065;4,08932800
-143,18383065;4,08932800
-143,10191065;4,04431300
-143,01999065;4,04431300
-142,93807065;4,04431300
-142,85615065;4,04431300
-142,77423066;4,04431300
-142,69231066;4,04431300
-142,61039066;4,04431300
-142,52847066;3,99929800
-142,44655066;3,95443600
-142,36463066;3,99929800
-142,28271066;3,95443600
-142,20079066;3,95443600
-142,11887066;3,95443600
-142,03695066;3,95443600
-141,95503066;3,95443600
-141,87311066;3,95443600
-141,79119066;3,95443600
-141,70927066;3,95443600
-141,62735066;3,95443600
-141,54543066;3,90942100
-141,46351066;3,90942100
-141,38159066;3,86455900
-141,29967066;3,90942100
-141,21775066;3,90942100
-141,13583067;3,90942100
-141,05391067;3,86455900
-140,97199067;3,90942100
-140,89007067;3,86455900
-140,80815067;3,86455900
-140,72623067;3,90942100
-140,64431067;3,95443600
-140,56239067;3,95443600
-140,48047067;3,99929800
-140,39855067;4,04431300
-140,31663067;4,13419000
-140,23471067;4,13419000
-140,15279067;4,22406700
-140,07087067;4,22406700
-139,98895067;4,31409600
-139,90703067;4,31409600
-139,82511067;4,35895900
-139,74319067;4,40397400
-139,66127067;4,44883600
-139,57935067;4,49385100
-139,49743067;4,49385100
-139,41551068;4,49385100
-139,33359068;4,49385100
-139,25167068;4,49385100
-139,16975068;4,53871300
-139,08783068;4,53871300
-139,00591068;4,58372700
-138,92399068;4,58372700
-138,84207068;4,58372700
-138,76015068;4,58372700
-138,67823068;4,58372700
-138,59631068;4,58372700
-138,51439068;4,58372700
-138,43247068;4,58372700
-138,35055068;4,58372700
-138,26863068;4,58372700
-138,18671068;4,58372700
-138,10479068;4,58372700
-138,02287068;4,58372700
-137,94095068;4,53871300
-137,85903068;4,53871300
-137,77711069;4,49385100
-137,69519069;4,49385100
-137,61327069;4,49385100
-137,53135069;4,49385100
-137,44943069;4,49385100
-137,36751069;4,49385100
-137,28559069;4,49385100
-137,20367069;4,49385100
-137,12175069;4,44883600
-137,03983069;4,44883600
-136,95791069;4,44883600
-136,87599069;4,44883600
-136,79407069;4,40397400
-136,71215069;4,40397400
-136,63023069;4,40397400
-136,54831069;4,40397400
-136,46639069;4,40397400
-136,38447069;4,40397400
-136,30255069;4,40397400
-136,22063069;4,40397400
-136,13871070;4,31409600
-136,05679070;4,31409600
-135,97487070;4,31409600
-135,89295070;4,31409600
-135,81103070;4,31409600
-135,72911070;4,31409600
-135,64719070;4,31409600
-135,56527070;4,31409600
-135,48335070;4,31409600
-135,40143070;4,31409600
-135,31951070;4,26908200
-135,23759070;4,26908200
-135,15567070;4,26908200
-135,07375070;4,22406700
-134,99183070;4,22406700
-134,90991070;4,22406700
-134,82799070;4,22406700
-134,74607070;4,22406700
-134,66415070;4,22406700
-134,58223070;4,22406700
-134,50031071;4,22406700
-134,41839071;4,22406700
-134,33647071;4,17920400
-134,25455071;4,17920400
-134,17263071;4,17920400
-134,09071071;4,13419000
-134,00879071;4,13419000
-133,92687071;4,13419000
-133,84495071;4,13419000
-133,76303071;4,13419000
-133,68111071;4,13419000
-133,59919071;4,08932800
-133,51727071;4,08932800
-133,43535071;4,08932800
-133,35343071;4,08932800
-133,27151071;4,08932800
-133,18959071;4,04431300
-133,10767071;4,04431300
-133,02575071;4,04431300
-132,94383071;4,04431300
-132,86191072;4,04431300
-132,77999072;4,04431300
-132,69807072;4,04431300
-132,61615072;4,04431300
-132,53423072;3,99929800
-132,45231072;3,99929800
-132,37039072;3,95443600
-132,28847072;3,95443600
-132,20655072;3,95443600
-132,12463072;3,95443600
-132,04271072;3,95443600
-131,96079072;3,95443600
-131,87887072;3,95443600
-131,79695072;3,95443600
-131,71503072;3,95443600
-131,63311072;3,95443600
-131,55119072;3,95443600
-131,46927072;3,90942100
-131,38735072;3,90942100
-131,30543072;3,90942100
-131,22351073;3,86455900
-131,14159073;3,86455900
-131,05967073;3,86455900
-130,97775073;3,86455900
-130,89583073;3,86455900
-130,81391073;3,86455900
-130,73199073;3,90942100
-130,65007073;3,95443600
-130,56815073;3,99929800
-130,48623073;4,04431300
-130,40431073;4,13419000
-130,32239073;4,13419000
-130,24047073;4,22406700
-130,15855073;4,26908200
-130,07663073;4,31409600
-129,99471073;4,31409600
-129,91279073;4,40397400
-129,83087073;4,40397400
-129,74895073;4,40397400
-129,66703073;4,49385100
-129,58511074;4,49385100
-129,50319074;4,49385100
-129,42127074;4,49385100
-129,33935074;4,53871300
-129,25743074;4,53871300
-129,17551074;4,58372700
-129,09359074;4,58372700
-129,01167074;4,58372700
-128,92975074;4,62874200
-128,84783074;4,58372700
-128,76591074;4,62874200
-128,68399074;4,58372700
-128,60207074;4,58372700
-128,52015074;4,58372700
-128,43823074;4,58372700
-128,35631074;4,58372700
-128,27439074;4,58372700
-128,19247074;4,58372700
-128,11055074;4,58372700
-128,02863074;4,58372700
-127,94671075;4,58372700
-127,86479075;4,53871300
-127,78287075;4,53871300
-127,70095075;4,53871300
-127,61903075;4,49385100
-127,53711075;4,49385100
-127,45519075;4,49385100
-127,37327075;4,49385100
-127,29135075;4,49385100
-127,20943075;4,49385100
-127,12751075;4,49385100
-127,04559075;4,44883600
-126,96367075;4,44883600
-126,88175075;4,44883600
-126,79983075;4,40397400
-126,71791075;4,40397400
-126,63599075;4,40397400
-126,55407075;4,40397400
-126,47215075;4,40397400
-126,39023075;4,40397400
-126,30831076;4,40397400
-126,22639076;4,35895900
-126,14447076;4,35895900
-126,06255076;4,31409600
-125,98063076;4,31409600
-125,89871076;4,31409600
-125,81679076;4,31409600
-125,73487076;4,31409600
-125,65295076;4,31409600
-125,57103076;4,31409600
-125,48911076;4,31409600
-125,40719076;4,31409600
-125,32527076;4,26908200
-125,24335076;4,26908200
-125,16143076;4,26908200
-125,07951076;4,26908200
-124,99759076;4,22406700
-124,91567076;4,22406700
-124,83375076;4,22406700
-124,75183076;4,22406700
-124,66991077;4,22406700
-124,58799077;4,22406700
-124,50607077;4,22406700
-124,42415077;4,22406700
-124,34223077;4,17920400
-124,26031077;4,17920400
-124,17839077;4,13419000
-124,09647077;4,13419000
-124,01455077;4,13419000
-123,93263077;4,13419000
-123,85071077;4,13419000
-123,76879077;4,13419000
-123,68687077;4,13419000
-123,60495077;4,13419000
-123,52303077;4,08932800
-123,44111077;4,13419000
-123,35919077;4,08932800
-123,27727077;4,08932800
-123,19535077;4,08932800
-123,11343077;4,04431300
-123,03151078;4,08932800
-122,94959078;4,04431300
-122,86767078;4,04431300
-122,78575078;4,04431300
-122,70383078;4,04431300
-122,62191078;3,99929800
-122,53999078;4,04431300
-122,45807078;3,99929800
-122,37615078;3,95443600
-122,29423078;3,99929800
-122,21231078;3,95443600
-122,13039078;3,95443600
-122,04847078;3,95443600
-121,96655078;3,95443600
-121,88463078;3,95443600
-121,80271078;3,95443600
-121,72079078;3,95443600
-121,63887078;3,95443600
-121,55695078;3,95443600
-121,47503078;3,90942100
-121,39311078;3,90942100
-121,31119079;3,90942100
-121,22927079;3,86455900
-121,14735079;3,90942100
-121,06543079;3,86455900
-120,98351079;3,86455900
-120,90159079;3,86455900
-120,81967079;3,86455900
-120,73775079;3,90942100
-120,65583079;3,90942100
-120,57391079;3,95443600
-120,49199079;4,04431300
-120,41007079;4,04431300
-120,32815079;4,13419000
-120,24623079;4,13419000
-120,16431079;4,22406700
-120,08239079;4,26908200
-120,00047079;4,31409600
-119,91855079;4,31409600
-119,83663079;4,40397400
-119,75471079;4,40397400
-119,67279080;4,40397400
-119,59087080;4,44883600
-119,50895080;4,49385100
-119,42703080;4,49385100
-119,34511080;4,49385100
-119,26319080;4,53871300
-119,18127080;4,53871300
-119,09935080;4,58372700
-119,01743080;4,58372700
-118,93551080;4,58372700
-118,85359080;4,58372700
-118,77167080;4,58372700
-118,68975080;4,58372700
-118,60783080;4,58372700
-118,52591080;4,58372700
-118,44399080;4,58372700
-118,36207080;4,58372700
-118,28015080;4,58372700
-118,19823080;4,58372700
-118,11631080;4,53871300
-118,03439081;4,58372700
-117,95247081;4,53871300
-117,87055081;4,53871300
-117,78863081;4,49385100
-117,70671081;4,49385100
-117,62479081;4,49385100
-117,54287081;4,49385100
-117,46095081;4,49385100
-117,37903081;4,49385100
-117,29711081;4,49385100
-117,21519081;4,49385100
-117,13327081;4,44883600
-117,05135081;4,44883600
-116,96943081;4,40397400
-116,88751081;4,40397400
-116,80559081;4,40397400
-116,72367081;4,40397400
-116,64175081;4,40397400
-116,55983081;4,40397400
-116,47791081;4,40397400
-116,39599082;4,40397400
-116,31407082;4,40397400
-116,23215082;4,40397400
-116,15023082;4,35895900
-116,06831082;4,31409600
-115,98639082;4,31409600
-115,90447082;4,31409600
-115,82255082;4,31409600
-115,74063082;4,31409600
-115,65871082;4,31409600
-115,57679082;4,31409600
-115,49487082;4,31409600
-115,41295082;4,31409600
-115,33103082;4,31409600
-115,24911082;4,26908200
-115,16719082;4,26908200
-115,08527082;4,26908200
-115,00335082;4,22406700
-114,92143082;4,22406700
-114,83951082;4,22406700
-114,75759083;4,22406700
-114,67567083;4,22406700
-114,59375083;4,22406700
-114,51183083;4,17920400
-114,42991083;4,17920400
-114,34799083;4,17920400
-114,26607083;4,17920400
-114,18415083;4,13419000
-114,10223083;4,13419000
-114,02031083;4,13419000
-113,93839083;4,13419000
-113,85647083;4,13419000
-113,77455083;4,13419000
-113,69263083;4,13419000
-113,61071083;4,13419000
-113,52879083;4,08932800
-113,44687083;4,08932800
-113,36495083;4,04431300
-113,28303083;4,08932800
-113,20111083;4,04431300
-113,11919084;4,08932800
-113,03727084;4,04431300
-112,95535084;4,04431300
-112,87343084;4,04431300
-112,79151084;4,04431300
-112,70959084;4,04431300
-112,62767084;4,04431300
-112,54575084;3,99929800
-112,46383084;3,99929800
-112,38191084;3,95443600
-112,29999084;3,95443600
-112,21807084;3,95443600
-112,13615084;3,95443600
-112,05423084;3,95443600
-111,97231084;3,95443600
-111,89039084;3,95443600
-111,80847084;3,95443600
-111,72655084;3,95443600
-111,64463084;3,95443600
-111,56271084;3,90942100
-111,48079085;3,90942100
-111,39887085;3,90942100
-111,31695085;3,86455900
-111,23503085;3,86455900
-111,15311085;3,86455900
-111,07119085;3,86455900
-110,98927085;3,86455900
-110,90735085;3,86455900
-110,82543085;3,86455900
-110,74351085;3,90942100
-110,66159085;3,95443600
-110,57967085;3,99929800
-110,49775085;4,04431300
-110,41583085;4,08932800
-110,33391085;4,13419000
-110,25199085;4,17920400
-110,17007085;4,22406700
-110,08815085;4,31409600
-110,00623085;4,31409600
-109,92431085;4,40397400
-109,84239086;4,40397400
-109,76047086;4,40397400
-109,67855086;4,49385100
-109,59663086;4,49385100
-109,51471086;4,49385100
-109,43279086;4,53871300
-109,35087086;4,53871300
-109,26895086;4,58372700
-109,18703086;4,58372700
-109,10511086;4,58372700
-109,02319086;4,58372700
-108,94127086;4,58372700
-108,85935086;4,58372700
-108,77743086;4,62874200
-108,69551086;4,58372700
-108,61359086;4,58372700
-108,53167086;4,58372700
-108,44975086;4,58372700
-108,36783086;4,58372700
-108,28591086;4,58372700
-108,20399087;4,58372700
-108,12207087;4,58372700
-108,04015087;4,53871300
-107,95823087;4,58372700
-107,87631087;4,53871300
-107,79439087;4,53871300
-107,71247087;4,53871300
-107,63055087;4,49385100
-107,54863087;4,49385100
-107,46671087;4,49385100
-107,38479087;4,49385100
-107,30287087;4,49385100
-107,22095087;4,49385100
-107,13903087;4,49385100
-107,05711087;4,44883600
-106,97519087;4,44883600
-106,89327087;4,44883600
-106,81135087;4,44883600
-106,72943087;4,40397400
-106,64751087;4,40397400
-106,56559088;4,40397400
-106,48367088;4,40397400
-106,40175088;4,40397400
-106,31983088;4,35895900
-106,23791088;4,35895900
-106,15599088;4,35895900
-106,07407088;4,35895900
-105,99215088;4,31409600
-105,91023088;4,35895900
-105,82831088;4,31409600
-105,74639088;4,31409600
-105,66447088;4,31409600
-105,58255088;4,31409600
-105,50063088;4,31409600
-105,41871088;4,31409600
-105,33679088;4,26908200
-105,25487088;4,26908200
-105,17295088;4,26908200
-105,09103088;4,26908200
-105,00911088;4,22406700
-104,92719089;4,22406700
-104,84527089;4,22406700
-104,76335089;4,22406700
-104,68143089;4,22406700
-104,59951089;4,22406700
-104,51759089;4,22406700
-104,43567089;4,22406700
-104,35375089;4,17920400
-104,27183089;4,17920400
-104,18991089;4,17920400
-104,10799089;4,17920400
-104,02607089;4,13419000
-103,94415089;4,13419000
-103,86223089;4,13419000
-103,78031089;4,13419000
-103,69839089;4,13419000
-103,61647089;4,13419000
-103,53455089;4,13419000
-103,45263089;4,08932800
-103,37071089;4,08932800
-103,28879090;4,08932800
-103,20687090;4,08932800
-103,12495090;4,04431300
-103,04303090;4,04431300
-102,96111090;4,04431300
-102,87919090;4,04431300
-102,79727090;4,04431300
-102,71535090;4,04431300
-102,63343090;3,99929800
-102,55151090;4,04431300
-102,46959090;3,99929800
-102,38767090;3,99929800
-102,30575090;3,95443600
-102,22383090;3,95443600
-102,14191090;3,95443600
-102,05999090;3,95443600
-101,97807090;3,95443600
-101,89615090;3,95443600
-101,81423090;3,95443600
-101,73231090;3,95443600
-101,65039090;3,90942100
-101,56847091;3,90942100
-101,48655091;3,90942100
-101,40463091;3,90942100
-101,32271091;3,86455900
-101,24079091;3,86455900
-101,15887091;3,86455900
-101,07695091;3,86455900
-100,99503091;3,86455900
-100,91311091;3,86455900
-100,83119091;3,86455900
-100,74927091;3,90942100
-100,66735091;3,90942100
-100,58543091;3,95443600
-100,50351091;3,99929800
-100,42159091;4,04431300
-100,33967091;4,08932800
-100,25775091;4,13419000
-100,17583091;4,22406700
-100,09391091;4,22406700
-100,01199091;4,31409600
-99,93007092;4,31409600
-99,84815092;4,35895900
-99,76623092;4,40397400
-99,68431092;4,40397400
-99,60239092;4,44883600
-99,52047092;4,49385100
-99,43855092;4,49385100
-99,35663092;4,49385100
-99,27471092;4,53871300
-99,19279092;4,58372700
-99,11087092;4,58372700
-99,02895092;4,58372700
-98,94703092;4,58372700
-98,86511092;4,58372700
-98,78319092;4,62874200
-98,70127092;4,58372700
-98,61935092;4,62874200
-98,53743092;4,58372700
-98,45551092;4,58372700
-98,37359092;4,58372700
-98,29167093;4,58372700
-98,20975093;4,58372700
-98,12783093;4,58372700
-98,04591093;4,53871300
-97,96399093;4,53871300
-97,88207093;4,53871300
-97,80015093;4,49385100
-97,71823093;4,49385100
-97,63631093;4,49385100
-97,55439093;4,49385100
-97,47247093;4,49385100
-97,39055093;4,49385100
-97,30863093;4,49385100
-97,22671093;4,49385100
-97,14479093;4,44883600
-97,06287093;4,44883600
-96,98095093;4,44883600
-96,89903093;4,44883600
-96,81711093;4,40397400
-96,73519093;4,40397400
-96,65327094;4,40397400
-96,57135094;4,40397400
-96,48943094;4,40397400
-96,40751094;4,40397400
-96,32559094;4,40397400
-96,24367094;4,35895900
-96,16175094;4,35895900
-96,07983094;4,31409600
-95,99791094;4,31409600
-95,91599094;4,31409600
-95,83407094;4,31409600
-95,75215094;4,31409600
-95,67023094;4,31409600
-95,58831094;4,31409600
-95,50639094;4,31409600
-95,42447094;4,31409600
-95,34255094;4,26908200
-95,26063094;4,26908200
-95,17871094;4,26908200
-95,09679094;4,26908200
-95,01487095;4,22406700
-94,93295095;4,22406700
-94,85103095;4,22406700
-94,76911095;4,22406700
-94,68719095;4,22406700
-94,60527095;4,22406700
-94,52335095;4,17920400
-94,44143095;4,17920400
-94,35951095;4,17920400
-94,27759095;4,13419000
-94,19567095;4,13419000
-94,11375095;4,13419000
-94,03183095;4,13419000
-93,94991095;4,13419000
-93,86799095;4,13419000
-93,78607095;4,13419000
-93,70415095;4,13419000
-93,62223095;4,08932800
-93,54031095;4,13419000
-93,45839095;4,08932800
-93,37647096;4,08932800
-93,29455096;4,08932800
-93,21263096;4,08932800
-93,13071096;4,04431300
-93,04879096;4,04431300
-92,96687096;4,04431300
-92,88495096;4,04431300
-92,80303096;4,04431300
-92,72111096;4,04431300
-92,63919096;4,04431300
-92,55727096;3,99929800
-92,47535096;3,95443600
-92,39343096;3,95443600
-92,31151096;3,95443600
-92,22959096;3,95443600
-92,14767096;3,95443600
-92,06575096;3,95443600
-91,98383096;3,95443600
-91,90191096;3,95443600
-91,81999096;3,95443600
-91,73807097;3,95443600
-91,65615097;3,95443600
-91,57423097;3,95443600
-91,49231097;3,90942100
-91,41039097;3,90942100
-91,32847097;3,90942100
-91,24655097;3,86455900
-91,16463097;3,86455900
-91,08271097;3,86455900
-91,00079097;3,86455900
-90,91887097;3,86455900
-90,83695097;3,86455900
-90,75503097;3,90942100
-90,67311097;3,95443600
-90,59119097;3,95443600
-90,50927097;4,04431300
-90,42735097;4,08932800
-90,34543097;4,13419000
-90,26351097;4,17920400
-90,18159097;4,22406700
-90,09967098;4,31409600
-90,01775098;4,31409600
-89,93583098;4,35895900
-89,85391098;4,40397400
-89,77199098;4,44883600
-89,69007098;4,44883600
-89,60815098;4,49385100
-89,52623098;4,49385100
-89,44431098;4,49385100
-89,36239098;4,53871300
-89,28047098;4,58372700
-89,19855098;4,58372700
-89,11663098;4,58372700
-89,03471098;4,58372700
-88,95279098;4,58372700
-88,87087098;4,62874200
-88,78895098;4,58372700
-88,70703098;4,58372700
-88,62511098;4,58372700
-88,54319098;4,58372700
-88,46127099;4,58372700
-88,37935099;4,58372700
-88,29743099;4,58372700
-88,21551099;4,58372700
-88,13359099;4,58372700
-88,05167099;4,58372700
-87,96975099;4,53871300
-87,88783099;4,53871300
-87,80591099;4,53871300
-87,72399099;4,49385100
-87,64207099;4,49385100
-87,56015099;4,49385100
-87,47823099;4,49385100
-87,39631099;4,49385100
-87,31439099;4,49385100
-87,23247099;4,49385100
-87,15055099;4,49385100
-87,06863099;4,49385100
-86,98671099;4,44883600
-86,90479099;4,44883600
-86,82287100;4,44883600
-86,74095100;4,40397400
-86,65903100;4,40397400
-86,57711100;4,40397400
-86,49519100;4,40397400
-86,41327100;4,40397400
-86,33135100;4,40397400
-86,24943100;4,40397400
-86,16751100;4,40397400
-86,08559100;4,35895900
-86,00367100;4,31409600
-85,92175100;4,35895900
-85,83983100;4,31409600
-85,75791100;4,31409600
-85,67599100;4,31409600
-85,59407100;4,31409600
-85,51215100;4,31409600
-85,43023100;4,31409600
-85,34831100;4,31409600
-85,26639100;4,26908200
-85,18447101;4,26908200
-85,10255101;4,26908200
-85,02063101;4,22406700
-84,93871101;4,22406700
-84,85679101;4,22406700
-84,77487101;4,22406700
-84,69295101;4,22406700
-84,61103101;4,22406700
-84,52911101;4,22406700
-84,44719101;4,17920400
-84,36527101;4,17920400
-84,28335101;4,17920400
-84,20143101;4,17920400
-84,11951101;4,13419000
-84,03759101;4,17920400
-83,95567101;4,13419000
-83,87375101;4,13419000
-83,79183101;4,13419000
-83,70991101;4,13419000
-83,62799101;4,13419000
-83,54607102;4,08932800
-83,46415102;4,13419000
-83,38223102;4,08932800
-83,30031102;4,04431300
-83,21839102;4,08932800
-83,13647102;4,08932800
-83,05455102;4,04431300
-82,97263102;4,04431300
-82,89071102;4,04431300
-82,80879102;4,04431300
-82,72687102;4,04431300
-82,64495102;4,04431300
-82,56303102;4,04431300
-82,48111102;3,99929800
-82,39919102;3,99929800
-82,31727102;3,95443600
-82,23535102;3,99929800
-82,15343102;3,95443600
-82,07151102;3,95443600
-81,98959102;3,95443600
-81,90767102;3,95443600
-81,82575103;3,95443600
-81,74383103;3,95443600
-81,66191103;3,95443600
-81,57999103;3,95443600
-81,49807103;3,90942100
-81,41615103;3,90942100
-81,33423103;3,90942100
-81,25231103;3,90942100
-81,17039103;3,86455900
-81,08847103;3,86455900
-81,00655103;3,86455900
-80,92463103;3,86455900
-80,84271103;3,86455900
-80,76079103;3,90942100
-80,67887103;3,90942100
-80,59695103;3,95443600
-80,51503103;3,99929800
-80,43311103;4,04431300
-80,35119103;4,08932800
-80,26927103;4,13419000
-80,18735104;4,17920400
-80,10543104;4,22406700
-80,02351104;4,31409600
-79,94159104;4,31409600
-79,85967104;4,40397400
-79,77775104;4,40397400
-79,69583104;4,40397400
-79,61391104;4,44883600
-79,53199104;4,49385100
-79,45007104;4,49385100
-79,36815104;4,49385100
-79,28623104;4,49385100
-79,20431104;4,53871300
-79,12239104;4,53871300
-79,04047104;4,58372700
-78,95855104;4,58372700
-78,87663104;4,58372700
-78,79471104;4,58372700
-78,71279104;4,58372700
-78,63087104;4,58372700
-78,54895105;4,58372700
-78,46703105;4,58372700
-78,38511105;4,58372700
-78,30319105;4,58372700
-78,22127105;4,58372700
-78,13935105;4,58372700
-78,05743105;4,58372700
-77,97551105;4,58372700
-77,89359105;4,53871300
-77,81167105;4,53871300
-77,72975105;4,49385100
-77,64783105;4,49385100
-77,56591105;4,49385100
-77,48399105;4,49385100
-77,40207105;4,49385100
-77,32015105;4,49385100
-77,23823105;4,49385100
-77,15631105;4,49385100
-77,07439105;4,44883600
-76,99247105;4,44883600
-76,91055106;4,44883600
-76,82863106;4,40397400
-76,74671106;4,44883600
-76,66479106;4,40397400
-76,58287106;4,40397400
-76,50095106;4,40397400
-76,41903106;4,40397400
-76,33711106;4,40397400
-76,25519106;4,40397400
-76,17327106;4,35895900
-76,09135106;4,35895900
-76,00943106;4,31409600
-75,92751106;4,31409600
-75,84559106;4,31409600
-75,76367106;4,31409600
-75,68175106;4,31409600
-75,59983106;4,31409600
-75,51791106;4,31409600
-75,43599106;4,31409600
-75,35407106;4,31409600
-75,27215107;4,26908200
-75,19023107;4,26908200
-75,10831107;4,26908200
-75,02639107;4,26908200
-74,94447107;4,22406700
-74,86255107;4,22406700
-74,78063107;4,22406700
-74,69871107;4,22406700
-74,61679107;4,22406700
-74,53487107;4,22406700
-74,45295107;4,17920400
-74,37103107;4,17920400
-74,28911107;4,17920400
-74,20719107;4,17920400
-74,12527107;4,13419000
-74,04335107;4,13419000
-73,96143107;4,13419000
-73,87951107;4,13419000
-73,79759107;4,13419000
-73,71567107;4,13419000
-73,63375108;4,13419000
-73,55183108;4,13419000
-73,46991108;4,08932800
-73,38799108;4,08932800
-73,30607108;4,04431300
-73,22415108;4,04431300
-73,14223108;4,04431300
-73,06031108;4,04431300
-72,97839108;4,04431300
-72,89647108;4,04431300
-72,81455108;4,04431300
-72,73263108;4,04431300
-72,65071108;3,99929800
-72,56879108;4,04431300
-72,48687108;3,99929800
-72,40495108;3,99929800
-72,32303108;3,95443600
-72,24111108;3,95443600
-72,15919108;3,95443600
-72,07727108;3,95443600
-71,99535109;3,95443600
-71,91343109;3,95443600
-71,83151109;3,95443600
-71,74959109;3,95443600
-71,66767109;3,90942100
-71,58575109;3,90942100
-71,50383109;3,90942100
-71,42191109;3,90942100
-71,33999109;3,90942100
-71,25807109;3,86455900
-71,17615109;3,90942100
-71,09423109;3,86455900
-71,01231109;3,86455900
-70,93039109;3,86455900
-70,84847109;3,90942100
-70,76655109;3,90942100
-70,68463109;3,95443600
-70,60271109;3,95443600
-70,52079109;4,04431300
-70,43887109;4,08932800
-70,35695110;4,13419000
-70,27503110;4,17920400
-70,19311110;4,22406700
-70,11119110;4,26908200
-70,02927110;4,31409600
-69,94735110;4,40397400
-69,86543110;4,40397400
-69,78351110;4,40397400
-69,70159110;4,49385100
-69,61967110;4,49385100
-69,53775110;4,49385100
-69,45583110;4,49385100
-69,37391110;4,53871300
-69,29199110;4,53871300
-69,21007110;4,58372700
-69,12815110;4,58372700
-69,04623110;4,58372700
-68,96431110;4,58372700
-68,88239110;4,58372700
-68,80047110;4,58372700
-68,71855111;4,58372700
-68,63663111;4,58372700
-68,55471111;4,58372700
-68,47279111;4,58372700
-68,39087111;4,58372700
-68,30895111;4,58372700
-68,22703111;4,58372700
-68,14511111;4,58372700
-68,06319111;4,58372700
-67,98127111;4,58372700
-67,89935111;4,53871300
-67,81743111;4,53871300
-67,73551111;4,53871300
-67,65359111;4,53871300
-67,57167111;4,49385100
-67,48975111;4,49385100
-67,40783111;4,49385100
-67,32591111;4,49385100
-67,24399111;4,49385100
-67,16207111;4,49385100
-67,08015112;4,49385100
-66,99823112;4,44883600
-66,91631112;4,44883600
-66,83439112;4,44883600
-66,75247112;4,40397400
-66,67055112;4,40397400
-66,58863112;4,40397400
-66,50671112;4,40397400
-66,42479112;4,40397400
-66,34287112;4,40397400
-66,26095112;4,40397400
-66,17903112;4,35895900
-66,09711112;4,40397400
-66,01519112;4,35895900
-65,93327112;4,35895900
-65,85135112;4,31409600
-65,76943112;4,31409600
-65,68751112;4,31409600
-65,60559112;4,31409600
-65,52367112;4,31409600
-65,44175113;4,31409600
-65,35983113;4,31409600
-65,27791113;4,26908200
-65,19599113;4,26908200
-65,11407113;4,31409600
-65,03215113;4,26908200
-64,95023113;4,22406700
-64,86831113;4,22406700
-64,78639113;4,22406700
-64,70447113;4,22406700
-64,62255113;4,22406700
-64,54063113;4,22406700
-64,45871113;4,17920400
-64,37679113;4,17920400
-64,29487113;4,13419000
-64,21295113;4,13419000
-64,13103113;4,13419000
-64,04911113;4,17920400
-63,96719113;4,13419000
-63,88527113;4,13419000
-63,80335113;4,13419000
-63,72143114;4,13419000
-63,63951114;4,13419000
-63,55759114;4,08932800
-63,47567114;4,13419000
-63,39375114;4,08932800
-63,31183114;4,08932800
-63,22991114;4,08932800
-63,14799114;4,04431300
-63,06607114;4,04431300
-62,98415114;4,04431300
-62,90223114;4,04431300
-62,82031114;4,04431300
-62,73839114;4,04431300
-62,65647114;4,04431300
-62,57455114;4,04431300
-62,49263114;4,04431300
-62,41071114;3,99929800
-62,32879114;3,95443600
-62,24687114;3,95443600
-62,16495114;3,95443600
-62,08303115;3,95443600
-62,00111115;3,95443600
-61,91919115;3,95443600
-61,83727115;3,95443600
-61,75535115;3,95443600
-61,67343115;3,95443600
-61,59151115;3,95443600
-61,50959115;3,90942100
-61,42767115;3,90942100
-61,34575115;3,90942100
-61,26383115;3,90942100
-61,18191115;3,86455900
-61,09999115;3,90942100
-61,01807115;3,86455900
-60,93615115;3,86455900
-60,85423115;3,86455900
-60,77231115;3,86455900
-60,69039115;3,95443600
-60,60847115;3,95443600
-60,52655115;3,95443600
-60,44463116;4,04431300
-60,36271116;4,08932800
-60,28079116;4,13419000
-60,19887116;4,17920400
-60,11695116;4,22406700
-60,03503116;4,26908200
-59,95311116;4,31409600
-59,87119116;4,35895900
-59,78927116;4,40397400
-59,70735116;4,40397400
-59,62543116;4,44883600
-59,54351116;4,44883600
-59,46159116;4,49385100
-59,37967116;4,49385100
-59,29775116;4,49385100
-59,21583116;4,53871300
-59,13391116;4,58372700
-59,05199116;4,58372700
-58,97007116;4,58372700
-58,88815116;4,58372700
-58,80623117;4,58372700
-58,72431117;4,58372700
-58,64239117;4,58372700
-58,56047117;4,58372700
-58,47855117;4,58372700
-58,39663117;4,58372700
-58,31471117;4,58372700
-58,23279117;4,58372700
-58,15087117;4,58372700
-58,06895117;4,58372700
-57,98703117;4,58372700
-57,90511117;4,53871300
-57,82319117;4,53871300
-57,74127117;4,49385100
-57,65935117;4,49385100
-57,57743117;4,49385100
-57,49551117;4,49385100
-57,41359117;4,49385100
-57,33167117;4,49385100
-57,24975117;4,49385100
-57,16783118;4,49385100
-57,08591118;4,44883600
-57,00399118;4,44883600
-56,92207118;4,44883600
-56,84015118;4,44883600
-56,75823118;4,40397400
-56,67631118;4,40397400
-56,59439118;4,40397400
-56,51247118;4,40397400
-56,43055118;4,40397400
-56,34863118;4,40397400
-56,26671118;4,40397400
-56,18479118;4,35895900
-56,10287118;4,35895900
-56,02095118;4,35895900
-55,93903118;4,31409600
-55,85711118;4,31409600
-55,77519118;4,31409600
-55,69327118;4,31409600
-55,61135118;4,31409600
-55,52943119;4,31409600
-55,44751119;4,31409600
-55,36559119;4,26908200
-55,28367119;4,31409600
-55,20175119;4,26908200
-55,11983119;4,22406700
-55,03791119;4,22406700
-54,95599119;4,22406700
-54,87407119;4,22406700
-54,79215119;4,22406700
-54,71023119;4,22406700
-54,62831119;4,17920400
-54,54639119;4,22406700
-54,46447119;4,17920400
-54,38255119;4,17920400
-54,30063119;4,13419000
-54,21871119;4,17920400
-54,13679119;4,13419000
-54,05487119;4,13419000
-53,97295119;4,13419000
-53,89103120;4,13419000
-53,80911120;4,13419000
-53,72719120;4,13419000
-53,64527120;4,13419000
-53,56335120;4,08932800
-53,48143120;4,08932800
-53,39951120;4,08932800
-53,31759120;4,08932800
-53,23567120;4,04431300
-53,15375120;4,04431300
-53,07183120;4,04431300
-52,98991120;4,04431300
-52,90799120;4,04431300
-52,82607120;4,04431300
-52,74415120;4,04431300
-52,66223120;4,04431300
-52,58031120;4,04431300
-52,49839120;3,99929800
-52,41647120;3,99929800
-52,33455120;3,95443600
-52,25263121;3,99929800
-52,17071121;3,95443600
-52,08879121;3,95443600
-52,00687121;3,95443600
-51,92495121;3,95443600
-51,84303121;3,95443600
-51,76111121;3,95443600
-51,67919121;3,95443600
-51,59727121;3,90942100
-51,51535121;3,90942100
-51,43343121;3,90942100
-51,35151121;3,86455900
-51,26959121;3,86455900
-51,18767121;3,86455900
-51,10575121;3,86455900
-51,02383121;3,86455900
-50,94191121;3,86455900
-50,85999121;3,86455900
-50,77807121;3,90942100
-50,69615121;3,95443600
-50,61423122;3,95443600
-50,53231122;4,04431300
-50,45039122;4,08932800
-50,36847122;4,13419000
-50,28655122;4,17920400
-50,20463122;4,22406700
-50,12271122;4,26908200
-50,04079122;4,31409600
-49,95887122;4,35895900
-49,87695122;4,40397400
-49,79503122;4,40397400
-49,71311122;4,44883600
-49,63119122;4,49385100
-49,54927122;4,49385100
-49,46735122;4,49385100
-49,38543122;4,53871300
-49,30351122;4,58372700
-49,22159122;4,58372700
-49,13967122;4,58372700
-49,05775122;4,58372700
-48,97583123;4,62874200
-48,89391123;4,62874200
-48,81199123;4,58372700
-48,73007123;4,62874200
-48,64815123;4,67360400
-48,56623123;4,62874200
-48,48431123;4,58372700
-48,40239123;4,58372700
-48,32047123;4,58372700
-48,23855123;4,58372700
-48,15663123;4,58372700
-48,07471123;4,58372700
-47,99279123;4,58372700
-47,91087123;4,53871300
-47,82895123;4,53871300
-47,74703123;4,49385100
-47,66511123;4,53871300
-47,58319123;4,49385100
-47,50127123;4,49385100
-47,41935123;4,49385100
-47,33743124;4,49385100
-47,25551124;4,49385100
-47,17359124;4,49385100
-47,09167124;4,49385100
-47,00975124;4,49385100
-46,92783124;4,44883600
-46,84591124;4,44883600
-46,76399124;4,40397400
-46,68207124;4,40397400
-46,60015124;4,40397400
-46,51823124;4,40397400
-46,43631124;4,40397400
-46,35439124;4,40397400
-46,27247124;4,40397400
-46,19055124;4,35895900
-46,10863124;4,35895900
-46,02671124;4,35895900
-45,94479124;4,31409600
-45,86287124;4,31409600
-45,78095124;4,31409600
-45,69903125;4,31409600
-45,61711125;4,31409600
-45,53519125;4,31409600
-45,45327125;4,31409600
-45,37135125;4,26908200
-45,28943125;4,31409600
-45,20751125;4,26908200
-45,12559125;4,26908200
-45,04367125;4,26908200
-44,96175125;4,22406700
-44,87983125;4,22406700
-44,79791125;4,22406700
-44,71599125;4,22406700
-44,63407125;4,22406700
-44,55215125;4,22406700
-44,47023125;4,22406700
-44,38831125;4,17920400
-44,30639125;4,17920400
-44,22447125;4,17920400
-44,14255125;4,13419000
-44,06063125;4,13419000
-43,97871126;4,13419000
-43,89679126;4,13419000
-43,81487126;4,13419000
-43,73295126;4,13419000
-43,65103126;4,13419000
-43,56911126;4,13419000
-43,48719126;4,13419000
-43,40527126;4,08932800
-43,32335126;4,08932800
-43,24143126;4,08932800
-43,15951126;4,04431300
-43,07759126;4,04431300
-42,99567126;4,04431300
-42,91375126;4,04431300
-42,83183126;4,04431300
-42,74991126;4,04431300
-42,66799126;4,04431300
-42,58607126;4,04431300
-42,50415126;3,99929800
-42,42223126;3,99929800
-42,34031127;3,99929800
-42,25839127;4,04431300
-42,17647127;3,95443600
-42,09455127;3,95443600
-42,01263127;3,95443600
-41,93071127;3,95443600
-41,84879127;3,95443600
-41,76687127;3,95443600
-41,68495127;3,95443600
-41,60303127;3,95443600
-41,52111127;3,95443600
-41,43919127;3,90942100
-41,35727127;3,90942100
-41,27535127;3,90942100
-41,19343127;3,90942100
-41,11151127;3,90942100
-41,02959127;3,86455900
-40,94767127;3,86455900
-40,86575127;3,86455900
-40,78383127;3,86455900
-40,70191128;3,90942100
-40,61999128;3,95443600
-40,53807128;3,95443600
-40,45615128;4,04431300
-40,37423128;4,08932800
-40,29231128;4,13419000
-40,21039128;4,17920400
-40,12847128;4,22406700
-40,04655128;4,26908200
-39,96463128;4,31409600
-39,88271128;4,31409600
-39,80079128;4,40397400
-39,71887128;4,40397400
-39,63695128;4,49385100
-39,55503128;4,49385100
-39,47311128;4,49385100
-39,39119128;4,49385100
-39,30927128;4,49385100
-39,22735128;4,53871300
-39,14543128;4,53871300
-39,06351129;4,58372700
-38,98159129;4,58372700
-38,89967129;4,58372700
-38,81775129;4,58372700
-38,73583129;4,58372700
-38,65391129;4,58372700
-38,57199129;4,58372700
-38,49007129;4,58372700
-38,40815129;4,58372700
-38,32623129;4,58372700
-38,24431129;4,58372700
-38,16239129;4,58372700
-38,08047129;4,58372700
-37,99855129;4,58372700
-37,91663129;4,53871300
-37,83471129;4,53871300
-37,75279129;4,49385100
-37,67087129;4,49385100
-37,58895129;4,49385100
-37,50703129;4,49385100
-37,42511130;4,49385100
-37,34319130;4,49385100
-37,26127130;4,49385100
-37,17935130;4,44883600
-37,09743130;4,44883600
-37,01551130;4,44883600
-36,93359130;4,44883600
-36,85167130;4,40397400
-36,76975130;4,44883600
-36,68783130;4,40397400
-36,60591130;4,40397400
-36,52399130;4,40397400
-36,44207130;4,40397400
-36,36015130;4,40397400
-36,27823130;4,40397400
-36,19631130;4,40397400
-36,11439130;4,31409600
-36,03247130;4,31409600
-35,95055130;4,31409600
-35,86863130;4,31409600
-35,78671131;4,31409600
-35,70479131;4,31409600
-35,62287131;4,31409600
-35,54095131;4,31409600
-35,45903131;4,31409600
-35,37711131;4,31409600
-35,29519131;4,26908200
-35,21327131;4,26908200
-35,13135131;4,26908200
-35,04943131;4,26908200
-34,96751131;4,22406700
-34,88559131;4,22406700
-34,80367131;4,22406700
-34,72175131;4,22406700
-34,63983131;4,22406700
-34,55791131;4,22406700
-34,47599131;4,22406700
-34,39407131;4,17920400
-34,31215131;4,17920400
-34,23023131;4,17920400
-34,14831132;4,13419000
-34,06639132;4,13419000
-33,98447132;4,13419000
-33,90255132;4,13419000
-33,82063132;4,13419000
-33,73871132;4,13419000
-33,65679132;4,13419000
-33,57487132;4,08932800
-33,49295132;4,08932800
-33,41103132;4,08932800
-33,32911132;4,04431300
-33,24719132;4,08932800
-33,16527132;4,08932800
-33,08335132;4,04431300
-33,00143132;4,04431300
-32,91951132;4,04431300
-32,83759132;4,04431300
-32,75567132;4,04431300
-32,67375132;4,04431300
-32,59183132;3,99929800
-32,50991133;3,95443600
-32,42799133;3,99929800
-32,34607133;3,95443600
-32,26415133;3,95443600
-32,18223133;3,95443600
-32,10031133;3,95443600
-32,01839133;3,95443600
-31,93647133;3,95443600
-31,85455133;3,95443600
-31,77263133;3,95443600
-31,69071133;3,95443600
-31,60879133;3,90942100
-31,52687133;3,90942100
-31,44495133;3,86455900
-31,36303133;3,90942100
-31,28111133;3,90942100
-31,19919133;3,86455900
-31,11727133;3,86455900
-31,03535133;3,86455900
-30,95343133;3,86455900
-30,87151134;3,86455900
-30,78959134;3,86455900
-30,70767134;3,95443600
-30,62575134;3,95443600
-30,54383134;3,99929800
-30,46191134;4,04431300
-30,37999134;4,13419000
-30,29807134;4,13419000
-30,21615134;4,22406700
-30,13423134;4,22406700
-30,05231134;4,31409600
-29,97039134;4,35895900
-29,88847134;4,40397400
-29,80655134;4,40397400
-29,72463134;4,44883600
-29,64271134;4,49385100
-29,56079134;4,49385100
-29,47887134;4,49385100
-29,39695134;4,53871300
-29,31503134;4,53871300
-29,23311135;4,58372700
-29,15119135;4,58372700
-29,06927135;4,58372700
-28,98735135;4,58372700
-28,90543135;4,58372700
-28,82351135;4,58372700
-28,74159135;4,58372700
-28,65967135;4,58372700
-28,57775135;4,58372700
-28,49583135;4,62874200
-28,41391135;4,58372700
-28,33199135;4,58372700
-28,25007135;4,58372700
-28,16815135;4,58372700
-28,08623135;4,58372700
-28,00431135;4,58372700
-27,92239135;4,58372700
-27,84047135;4,53871300
-27,75855135;4,53871300
-27,67663135;4,53871300
-27,59471136;4,49385100
-27,51279136;4,49385100
-27,43087136;4,49385100
-27,34895136;4,49385100
-27,26703136;4,49385100
-27,18511136;4,49385100
-27,10319136;4,44883600
-27,02127136;4,44883600
-26,93935136;4,44883600
-26,85743136;4,44883600
-26,77551136;4,44883600
-26,69359136;4,40397400
-26,61167136;4,40397400
-26,52975136;4,40397400
-26,44783136;4,40397400
-26,36591136;4,40397400
-26,28399136;4,40397400
-26,20207136;4,35895900
-26,12015136;4,40397400
-26,03823136;4,31409600
-25,95631137;4,31409600
-25,87439137;4,31409600
-25,79247137;4,31409600
-25,71055137;4,31409600
-25,62863137;4,31409600
-25,54671137;4,31409600
-25,46479137;4,31409600
-25,38287137;4,31409600
-25,30095137;4,31409600
-25,21903137;4,26908200
-25,13711137;4,26908200
-25,05519137;4,22406700
-24,97327137;4,22406700
-24,89135137;4,22406700
-24,80943137;4,22406700
-24,72751137;4,22406700
-24,64559137;4,22406700
-24,56367137;4,22406700
-24,48175137;4,17920400
-24,39983137;4,22406700
-24,31791137;4,17920400
-24,23599138;4,17920400
-24,15407138;4,13419000
-24,07215138;4,13419000
-23,99023138;4,13419000
-23,90831138;4,13419000
-23,82639138;4,13419000
-23,74447138;4,13419000
-23,66255138;4,13419000
-23,58063138;4,13419000
-23,49871138;4,13419000
-23,41679138;4,08932800
-23,33487138;4,08932800
-23,25295138;4,08932800
-23,17103138;4,04431300
-23,08911138;4,08932800
-23,00719138;4,08932800
-22,92527138;4,04431300
-22,84335138;4,04431300
-22,76143138;4,04431300
-22,67951138;4,04431300
-22,59759139;4,04431300
-22,51567139;4,04431300
-22,43375139;3,99929800
-22,35183139;3,95443600
-22,26991139;3,95443600
-22,18799139;3,95443600
-22,10607139;3,95443600
-22,02415139;3,95443600
-21,94223139;3,95443600
-21,86031139;3,95443600
-21,77839139;3,95443600
-21,69647139;3,95443600
-21,61455139;3,95443600
-21,53263139;3,95443600
-21,45071139;3,90942100
-21,36879139;3,90942100
-21,28687139;3,90942100
-21,20495139;3,90942100
-21,12303139;3,86455900
-21,04111139;3,86455900
-20,95919140;3,86455900
-20,87727140;3,86455900
-20,79535140;3,86455900
-20,71343140;3,90942100
-20,63151140;3,95443600
-20,54959140;3,95443600
-20,46767140;4,04431300
-20,38575140;4,08932800
-20,30383140;4,13419000
-20,22191140;4,17920400
-20,13999140;4,22406700
-20,05807140;4,26908200
-19,97615140;4,31409600
-19,89423140;4,31409600
-19,81231140;4,40397400
-19,73039140;4,40397400
-19,64847140;4,44883600
-19,56655140;4,49385100
-19,48463140;4,49385100
-19,40271140;4,49385100
-19,32079141;4,49385100
-19,23887141;4,53871300
-19,15695141;4,53871300
-19,07503141;4,58372700
-18,99311141;4,58372700
-18,91119141;4,58372700
-18,82927141;4,58372700
-18,74735141;4,58372700
-18,66543141;4,58372700
-18,58351141;4,58372700
-18,50159141;4,58372700
-18,41967141;4,58372700
-18,33775141;4,62874200
-18,25583141;4,58372700
-18,17391141;4,58372700
-18,09199141;4,53871300
-18,01007141;4,58372700
-17,92815141;4,53871300
-17,84623141;4,53871300
-17,76431141;4,49385100
-17,68239142;4,49385100
-17,60047142;4,49385100
-17,51855142;4,49385100
-17,43663142;4,49385100
-17,35471142;4,49385100
-17,27279142;4,49385100
-17,19087142;4,49385100
-17,10895142;4,44883600
-17,02703142;4,44883600
-16,94511142;4,44883600
-16,86319142;4,40397400
-16,78127142;4,40397400
-16,69935142;4,40397400
-16,61743142;4,40397400
-16,53551142;4,40397400
-16,45359142;4,40397400
-16,37167142;4,40397400
-16,28975142;4,40397400
-16,20783142;4,40397400
-16,12591142;4,31409600
-16,04399143;4,31409600
-15,96207143;4,31409600
-15,88015143;4,31409600
-15,79823143;4,31409600
-15,71631143;4,31409600
-15,63439143;4,31409600
-15,55247143;4,31409600
-15,47055143;4,31409600
-15,38863143;4,26908200
-15,30671143;4,26908200
-15,22479143;4,26908200
-15,14287143;4,26908200
-15,06095143;4,22406700
-14,97903143;4,22406700
-14,89711143;4,22406700
-14,81519143;4,22406700
-14,73327143;4,22406700
-14,65135143;4,22406700
-14,56943143;4,17920400
-14,48751143;4,17920400
-14,40559144;4,17920400
-14,32367144;4,17920400
-14,24175144;4,13419000
-14,15983144;4,13419000
-14,07791144;4,13419000
-13,99599144;4,13419000
-13,91407144;4,13419000
-13,83215144;4,13419000
-13,75023144;4,13419000
-13,66831144;4,13419000
-13,58639144;4,13419000
-13,50447144;4,08932800
-13,42255144;4,08932800
-13,34063144;4,08932800
-13,25871144;4,04431300
-13,17679144;4,04431300
-13,09487144;4,04431300
-13,01295144;4,04431300
-12,93103144;4,04431300
-12,84911144;4,04431300
-12,76719145;4,04431300
-12,68527145;3,99929800
-12,60335145;3,99929800
-12,52143145;3,99929800
-12,43951145;3,95443600
-12,35759145;3,95443600
-12,27567145;3,95443600
-12,19375145;3,95443600
-12,11183145;3,95443600
-12,02991145;3,95443600
-11,94799145;3,95443600
-11,86607145;3,95443600
-11,78415145;3,95443600
-11,70223145;3,95443600
-11,62031145;3,90942100
-11,53839145;3,90942100
-11,45647145;3,90942100
-11,37455145;3,90942100
-11,29263145;3,86455900
-11,21071145;3,86455900
-11,12879146;3,86455900
-11,04687146;3,86455900
-10,96495146;3,86455900
-10,88303146;3,86455900
-10,80111146;3,86455900
-10,71919146;3,90942100
-10,63727146;3,95443600
-10,55535146;3,99929800
-10,47343146;4,04431300
-10,39151146;4,13419000
-10,30959146;4,13419000
-10,22767146;4,22406700
-10,14575146;4,22406700
-10,06383146;4,31409600
-9,98191146;4,35895900
-9,89999146;4,40397400
-9,81807146;4,40397400
-9,73615146;4,44883600
-9,65423146;4,49385100
-9,57231146;4,49385100
-9,49039147;4,49385100
-9,40847147;4,53871300
-9,32655147;4,53871300
-9,24463147;4,58372700
-9,16271147;4,58372700
-9,08079147;4,58372700
-8,99887147;4,58372700
-8,91695147;4,62874200
-8,83503147;4,62874200
-8,75311147;4,62874200
-8,67119147;4,62874200
-8,58927147;4,58372700
-8,50735147;4,58372700
-8,42543147;4,58372700
-8,34351147;4,58372700
-8,26159147;4,58372700
-8,17967147;4,58372700
-8,09775147;4,58372700
-8,01583147;4,58372700
-7,93391147;4,58372700
-7,85199148;4,53871300
-7,77007148;4,49385100
-7,68815148;4,49385100
-7,60623148;4,49385100
-7,52431148;4,49385100
-7,44239148;4,49385100
-7,36047148;4,49385100
-7,27855148;4,49385100
-7,19663148;4,49385100
-7,11471148;4,44883600
-7,03279148;4,44883600
-6,95087148;4,40397400
-6,86895148;4,44883600
-6,78703148;4,40397400
-6,70511148;4,40397400
-6,62319148;4,40397400
-6,54127148;4,40397400
-6,45935148;4,40397400
-6,37743148;4,40397400
-6,29551148;4,40397400
-6,21359148;4,35895900
-6,13167149;4,35895900
-6,04975149;4,35895900
-5,96783149;4,31409600
-5,88591149;4,31409600
-5,80399149;4,31409600
-5,72207149;4,31409600
-5,64015149;4,31409600
-5,55823149;4,31409600
-5,47631149;4,31409600
-5,39439149;4,31409600
-5,31247149;4,26908200
-5,23055149;4,26908200
-5,14863149;4,26908200
-5,06671149;4,22406700
-4,98479149;4,26908200
-4,90287149;4,22406700
-4,82095149;4,22406700
-4,73903149;4,22406700
-4,65711149;4,22406700
-4,57519149;4,22406700
-4,49327150;4,22406700
-4,41135150;4,17920400
-4,32943150;4,17920400
-4,24751150;4,17920400
-4,16559150;4,13419000
-4,08367150;4,13419000
-4,00175150;4,13419000
-3,91983150;4,13419000
-3,83791150;4,13419000
-3,75599150;4,13419000
-3,67407150;4,13419000
-3,59215150;4,13419000
-3,51023150;4,13419000
-3,42831150;4,08932800
-3,34639150;4,04431300
-3,26447150;4,08932800
-3,18255150;4,08932800
-3,10063150;4,04431300
-3,01871150;4,04431300
-2,93679150;4,04431300
-2,85487151;4,04431300
-2,77295151;4,04431300
-2,69103151;4,04431300
-2,60911151;4,04431300
-2,52719151;3,99929800
-2,44527151;3,95443600
-2,36335151;3,99929800
-2,28143151;3,95443600
-2,19951151;3,95443600
-2,11759151;3,95443600
-2,03567151;3,95443600
-1,95375151;3,95443600
-1,87183151;3,95443600
-1,78991151;3,95443600
-1,70799151;3,95443600
-1,62607151;3,95443600
-1,54415151;3,90942100
-1,46223151;3,90942100
-1,38031151;3,90942100
-1,29839151;3,90942100
-1,21647152;3,86455900
-1,13455152;3,86455900
-1,05263152;3,86455900
-0,97071152;3,86455900
-0,88879152;3,86455900
-0,80687152;3,86455900
-0,72495152;3,86455900
-0,64303152;3,95443600
-0,56111152;3,95443600
-0,47919152;3,99929800
-0,39727152;4,04431300
-0,31535152;4,13419000
-0,23343152;4,13419000
-0,15151152;4,22406700
-0,06959152;4,26908200
0,01232848;4,31409600
0,09424848;4,31409600
0,17616848;4,40397400
0,25808848;4,40397400
0,34000848;4,44883600
0,42192847;4,49385100
0,50384847;4,49385100
0,58576847;4,49385100
0,66768847;4,53871300
0,74960847;4,53871300
0,83152847;4,53871300
0,91344847;4,53871300
0,99536847;4,58372700
1,07728847;4,58372700
1,15920847;4,62874200
1,24112847;4,58372700
1,32304847;4,58372700
1,40496847;4,58372700
1,48688847;4,58372700
1,56880847;4,58372700
1,65072847;4,58372700
1,73264847;4,58372700
1,81456847;4,58372700
1,89648847;4,53871300
1,97840847;4,53871300
2,06032846;4,53871300
2,14224846;4,53871300
2,22416846;4,53871300
2,30608846;4,49385100
2,38800846;4,49385100
2,46992846;4,49385100
2,55184846;4,49385100
2,63376846;4,49385100
2,71568846;4,49385100
2,79760846;4,44883600
2,87952846;4,49385100
2,96144846;4,44883600
3,04336846;4,44883600
3,12528846;4,44883600
3,20720846;4,44883600
3,28912846;4,40397400
3,37104846;4,40397400
3,45296846;4,40397400
3,53488846;4,40397400
3,61680846;4,40397400
3,69872845;4,40397400
3,78064845;4,35895900
3,86256845;4,35895900
3,94448845;4,31409600
4,02640845;4,31409600
4,10832845;4,31409600
4,19024845;4,31409600
4,27216845;4,31409600
4,35408845;4,31409600
4,43600845;4,31409600
4,51792845;4,31409600
4,59984845;4,26908200
4,68176845;4,26908200
4,76368845;4,26908200
4,84560845;4,26908200
4,92752845;4,22406700
5,00944845;4,26908200
5,09136845;4,22406700
5,17328845;4,22406700
5,25520845;4,22406700
5,33712844;4,22406700
5,41904844;4,22406700
5,50096844;4,17920400
5,58288844;4,17920400
5,66480844;4,17920400
5,74672844;4,17920400
5,82864844;4,13419000
5,91056844;4,13419000
5,99248844;4,13419000
6,07440844;4,13419000
6,15632844;4,13419000
6,23824844;4,13419000
6,32016844;4,13419000
6,40208844;4,13419000
6,48400844;4,08932800
6,56592844;4,08932800
6,64784844;4,08932800
6,72976844;4,04431300
6,81168844;4,08932800
6,89360844;4,08932800
6,97552843;4,04431300
7,05744843;4,04431300
7,13936843;4,04431300
7,22128843;4,04431300
7,30320843;3,99929800
7,38512843;3,99929800
7,46704843;3,99929800
7,54896843;3,95443600
7,63088843;3,95443600
7,71280843;3,95443600
7,79472843;3,95443600
7,87664843;3,95443600
7,95856843;3,95443600
8,04048843;3,95443600
8,12240843;3,95443600
8,20432843;3,95443600
8,28624843;3,95443600
8,36816843;3,90942100
8,45008843;3,90942100
8,53200843;3,90942100
8,61392842;3,90942100
8,69584842;3,90942100
8,77776842;3,86455900
8,85968842;3,86455900
8,94160842;3,86455900
9,02352842;3,86455900
9,10544842;3,86455900
9,18736842;3,86455900
9,26928842;3,95443600
9,35120842;3,95443600
9,43312842;3,99929800
9,51504842;4,04431300
9,59696842;4,08932800
9,67888842;4,13419000
9,76080842;4,22406700
9,84272842;4,26908200
9,92464842;4,31409600
10,00656842;4,31409600
10,08848842;4,40397400
10,17040842;4,40397400
10,25232841;4,44883600
10,33424841;4,49385100
10,41616841;4,49385100
10,49808841;4,49385100
10,58000841;4,53871300
10,66192841;4,53871300
10,74384841;4,58372700
10,82576841;4,58372700
10,90768841;4,58372700
10,98960841;4,62874200
11,07152841;4,58372700
11,15344841;4,58372700
11,23536841;4,62874200
11,31728841;4,62874200
11,39920841;4,58372700
11,48112841;4,58372700
11,56304841;4,58372700
11,64496841;4,58372700
11,72688841;4,58372700
11,80880841;4,58372700
11,89072840;4,58372700
11,97264840;4,53871300
12,05456840;4,58372700
12,13648840;4,53871300
12,21840840;4,53871300
12,30032840;4,53871300
12,38224840;4,49385100
12,46416840;4,49385100
12,54608840;4,49385100
12,62800840;4,49385100
12,70992840;4,49385100
12,79184840;4,49385100
12,87376840;4,49385100
12,95568840;4,49385100
13,03760840;4,49385100
13,11952840;4,44883600
13,20144840;4,44883600
13,28336840;4,40397400
13,36528840;4,40397400
13,44720840;4,40397400
13,52912840;4,40397400
13,61104839;4,40397400
13,69296839;4,35895900
13,77488839;4,40397400
13,85680839;4,35895900
13,93872839;4,35895900
14,02064839;4,35895900
14,10256839;4,31409600
14,18448839;4,31409600
14,26640839;4,31409600
14,34832839;4,31409600
14,43024839;4,31409600
14,51216839;4,31409600
14,59408839;4,31409600
14,67600839;4,26908200
14,75792839;4,26908200
14,83984839;4,26908200
14,92176839;4,26908200
15,00368839;4,26908200
15,08560839;4,22406700
15,16752839;4,22406700
15,24944838;4,22406700
15,33136838;4,22406700
15,41328838;4,22406700
15,49520838;4,22406700
15,57712838;4,22406700
15,65904838;4,17920400
15,74096838;4,17920400
15,82288838;4,17920400
15,90480838;4,13419000
15,98672838;4,13419000
16,06864838;4,13419000
16,15056838;4,13419000
16,23248838;4,13419000
16,31440838;4,13419000
16,39632838;4,13419000
16,47824838;4,13419000
16,56016838;4,08932800
16,64208838;4,08932800
16,72400838;4,13419000
16,80592838;4,08932800
16,88784837;4,04431300
16,96976837;4,04431300
17,05168837;4,04431300
17,13360837;4,04431300
17,21552837;4,04431300
17,29744837;4,04431300
17,37936837;4,04431300
17,46128837;3,99929800
17,54320837;3,99929800
17,62512837;3,95443600
17,70704837;3,99929800
17,78896837;3,95443600
17,87088837;3,95443600
17,95280837;3,95443600
18,03472837;3,95443600
18,11664837;3,95443600
18,19856837;3,95443600
18,28048837;3,95443600
18,36240837;3,95443600
18,44432837;3,90942100
18,52624836;3,90942100
18,60816836;3,90942100
18,69008836;3,90942100
18,77200836;3,86455900
18,85392836;3,86455900
18,93584836;3,86455900
19,01776836;3,86455900
19,09968836;3,86455900
19,18160836;3,86455900
19,26352836;3,90942100
19,34544836;3,95443600
19,42736836;3,95443600
19,50928836;4,04431300
19,59120836;4,04431300
19,67312836;4,13419000
19,75504836;4,13419000
19,83696836;4,22406700
19,91888836;4,26908200
20,00080836;4,31409600
20,08272836;4,31409600
20,16464835;4,35895900
20,24656835;4,40397400
20,32848835;4,44883600
20,41040835;4,49385100
20,49232835;4,49385100
20,57424835;4,49385100
20,65616835;4,49385100
20,73808835;4,53871300
20,82000835;4,53871300
20,90192835;4,58372700
20,98384835;4,58372700
21,06576835;4,58372700
21,14768835;4,58372700
21,22960835;4,58372700
21,31152835;4,58372700
21,39344835;4,58372700
21,47536835;4,58372700
21,55728835;4,58372700
21,63920835;4,58372700
21,72112835;4,58372700
21,80304834;4,58372700
21,88496834;4,58372700
21,96688834;4,53871300
22,04880834;4,53871300
22,13072834;4,58372700
22,21264834;4,53871300
22,29456834;4,53871300
22,37648834;4,49385100
22,45840834;4,49385100
22,54032834;4,49385100
22,62224834;4,49385100
22,70416834;4,49385100
22,78608834;4,49385100
22,86800834;4,49385100
22,94992834;4,44883600
23,03184834;4,44883600
23,11376834;4,40397400
23,19568834;4,44883600
23,27760834;4,40397400
23,35952834;4,40397400
23,44144833;4,40397400
23,52336833;4,40397400
23,60528833;4,40397400
23,68720833;4,40397400
23,76912833;4,40397400
23,85104833;4,40397400
23,93296833;4,31409600
24,01488833;4,31409600
24,09680833;4,31409600
24,17872833;4,31409600
24,26064833;4,31409600
24,34256833;4,31409600
24,42448833;4,31409600
24,50640833;4,31409600
24,58832833;4,31409600
24,67024833;4,26908200
24,75216833;4,26908200
24,83408833;4,26908200
24,91600833;4,26908200
24,99792833;4,22406700
25,07984832;4,22406700
25,16176832;4,22406700
25,24368832;4,22406700
25,32560832;4,22406700
25,40752832;4,22406700
25,48944832;4,17920400
25,57136832;4,22406700
25,65328832;4,17920400
25,73520832;4,17920400
25,81712832;4,17920400
25,89904832;4,13419000
25,98096832;4,13419000
26,06288832;4,13419000
26,14480832;4,13419000
26,22672832;4,13419000
26,30864832;4,13419000
26,39056832;4,13419000
26,47248832;4,13419000
26,55440832;4,08932800
26,63632832;4,08932800
26,71824831;4,08932800
26,80016831;4,04431300
26,88208831;4,08932800
26,96400831;4,04431300
27,04592831;4,04431300
27,12784831;4,04431300
27,20976831;4,04431300
27,29168831;4,04431300
27,37360831;4,04431300
27,45552831;4,04431300
27,53744831;3,99929800
27,61936831;3,95443600
27,70128831;3,95443600
27,78320831;3,95443600
27,86512831;3,95443600
27,94704831;3,95443600
28,02896831;3,95443600
28,11088831;3,95443600
28,19280831;3,95443600
28,27472831;3,95443600
28,35664830;3,95443600
28,43856830;3,90942100
28,52048830;3,90942100
28,60240830;3,90942100
28,68432830;3,90942100
28,76624830;3,86455900
28,84816830;3,90942100
28,93008830;3,86455900
29,01200830;3,86455900
29,09392830;3,86455900
29,17584830;3,86455900
29,25776830;3,90942100
29,33968830;3,95443600
29,42160830;3,99929800
29,50352830;4,04431300
29,58544830;4,08932800
29,66736830;4,13419000
29,74928830;4,22406700
29,83120830;4,26908200
29,91312830;4,31409600
29,99504829;4,31409600
30,07696829;4,35895900
30,15888829;4,40397400
30,24080829;4,44883600
30,32272829;4,49385100
30,40464829;4,49385100
30,48656829;4,49385100
30,56848829;4,49385100
30,65040829;4,53871300
30,73232829;4,58372700
30,81424829;4,58372700
30,89616829;4,58372700
30,97808829;4,62874200
31,06000829;4,58372700
31,14192829;4,62874200
31,22384829;4,62874200
31,30576829;4,62874200
31,38768829;4,62874200
31,46960829;4,58372700
31,55152829;4,58372700
31,63344828;4,58372700
31,71536828;4,58372700
31,79728828;4,58372700
31,87920828;4,58372700
31,96112828;4,58372700
32,04304828;4,58372700
32,12496828;4,53871300
32,20688828;4,49385100
32,28880828;4,53871300
32,37072828;4,49385100
32,45264828;4,49385100
32,53456828;4,49385100
32,61648828;4,49385100
32,69840828;4,49385100
32,78032828;4,49385100
32,86224828;4,49385100
32,94416828;4,44883600
33,02608828;4,49385100
33,10800828;4,44883600
33,18992828;4,44883600
33,27184828;4,40397400
33,35376827;4,40397400
33,43568827;4,40397400
33,51760827;4,40397400
33,59952827;4,40397400
33,68144827;4,40397400
33,76336827;4,40397400
33,84528827;4,40397400
33,92720827;4,35895900
34,00912827;4,31409600
34,09104827;4,31409600
34,17296827;4,31409600
34,25488827;4,31409600
34,33680827;4,31409600
34,41872827;4,31409600
34,50064827;4,31409600
34,58256827;4,31409600
34,66448827;4,31409600
34,74640827;4,31409600
34,82832827;4,26908200
34,91024827;4,26908200
34,99216826;4,26908200
35,07408826;4,22406700
35,15600826;4,22406700
35,23792826;4,22406700
35,31984826;4,22406700
35,40176826;4,22406700
35,48368826;4,22406700
35,56560826;4,22406700
35,64752826;4,17920400
35,72944826;4,17920400
35,81136826;4,17920400
35,89328826;4,13419000
35,97520826;4,13419000
36,05712826;4,17920400
36,13904826;4,13419000
36,22096826;4,13419000
36,30288826;4,13419000
36,38480826;4,13419000
36,46672826;4,13419000
36,54864826;4,08932800
36,63056825;4,08932800
36,71248825;4,08932800
36,79440825;4,08932800
36,87632825;4,04431300
36,95824825;4,08932800
37,04016825;4,04431300
37,12208825;4,04431300
37,20400825;4,04431300
37,28592825;4,04431300
37,36784825;4,04431300
37,44976825;4,04431300
37,53168825;4,04431300
37,61360825;3,99929800
37,69552825;3,99929800
37,77744825;3,95443600
37,85936825;3,95443600
37,94128825;3,95443600
38,02320825;3,95443600
38,10512825;3,95443600
38,18704825;3,95443600
38,26896824;3,95443600
38,35088824;3,95443600
38,43280824;3,90942100
38,51472824;3,90942100
38,59664824;3,90942100
38,67856824;3,90942100
38,76048824;3,86455900
38,84240824;3,86455900
38,92432824;3,86455900
39,00624824;3,86455900
39,08816824;3,90942100
39,17008824;3,90942100
39,25200824;3,90942100
39,33392824;3,95443600
39,41584824;3,95443600
39,49776824;4,04431300
39,57968824;4,04431300
39,66160824;4,13419000
39,74352824;4,13419000
39,82544824;4,22406700
39,90736823;4,22406700
39,98928823;4,31409600
40,07120823;4,31409600
40,15312823;4,40397400
40,23504823;4,40397400
40,31696823;4,40397400
40,39888823;4,44883600
40,48080823;4,49385100
40,56272823;4,49385100
40,64464823;4,49385100
40,72656823;4,53871300
40,80848823;4,53871300
40,89040823;4,58372700
40,97232823;4,58372700
41,05424823;4,58372700
41,13616823;4,58372700
41,21808823;4,58372700
41,30000823;4,58372700
41,38192823;4,58372700
41,46384823;4,58372700
41,54576822;4,58372700
41,62768822;4,58372700
41,70960822;4,58372700
41,79152822;4,58372700
41,87344822;4,58372700
41,95536822;4,53871300
42,03728822;4,53871300
42,11920822;4,53871300
42,20112822;4,53871300
42,28304822;4,53871300
42,36496822;4,53871300
42,44688822;4,49385100
42,52880822;4,49385100
42,61072822;4,49385100
42,69264822;4,49385100
42,77456822;4,49385100
42,85648822;4,49385100
42,93840822;4,49385100
43,02032822;4,44883600
43,10224822;4,44883600
43,18416821;4,44883600
43,26608821;4,40397400
43,34800821;4,40397400
43,42992821;4,40397400
43,51184821;4,40397400
43,59376821;4,40397400
43,67568821;4,40397400
43,75760821;4,40397400
43,83952821;4,35895900
43,92144821;4,35895900
44,00336821;4,31409600
44,08528821;4,31409600
44,16720821;4,31409600
44,24912821;4,31409600
44,33104821;4,31409600
44,41296821;4,31409600
44,49488821;4,31409600
44,57680821;4,31409600
44,65872821;4,26908200
44,74064821;4,26908200
44,82256820;4,26908200
44,90448820;4,22406700
44,98640820;4,26908200
45,06832820;4,22406700
45,15024820;4,22406700
45,23216820;4,22406700
45,31408820;4,22406700
45,39600820;4,22406700
45,47792820;4,22406700
45,55984820;4,17920400
45,64176820;4,17920400
45,72368820;4,17920400
45,80560820;4,13419000
45,88752820;4,13419000
45,96944820;4,13419000
46,05136820;4,13419000
46,13328820;4,13419000
46,21520820;4,13419000
46,29712820;4,13419000
46,37904820;4,13419000
46,46096819;4,13419000
46,54288819;4,08932800
46,62480819;4,08932800
46,70672819;4,04431300
46,78864819;4,04431300
46,87056819;4,04431300
46,95248819;4,04431300
47,03440819;4,04431300
47,11632819;4,04431300
47,19824819;4,04431300
47,28016819;3,99929800
47,36208819;4,04431300
47,44400819;4,04431300
47,52592819;3,99929800
47,60784819;3,99929800
47,68976819;3,95443600
47,77168819;3,95443600
47,85360819;3,95443600
47,93552819;3,95443600
48,01744819;3,95443600
48,09936818;3,95443600
48,18128818;3,95443600
48,26320818;3,95443600
48,34512818;3,95443600
48,42704818;3,90942100
48,50896818;3,90942100
48,59088818;3,86455900
48,67280818;3,86455900
48,75472818;3,86455900
48,83664818;3,90942100
48,91856818;3,86455900
49,00048818;3,86455900
49,08240818;3,86455900
49,16432818;3,86455900
49,24624818;3,95443600
49,32816818;3,95443600
49,41008818;3,95443600
49,49200818;4,04431300
49,57392818;4,08932800
49,65584818;4,13419000
49,73776817;4,22406700
49,81968817;4,22406700
49,90160817;4,31409600
49,98352817;4,31409600
50,06544817;4,35895900
50,14736817;4,40397400
50,22928817;4,44883600
50,31120817;4,49385100
50,39312817;4,49385100
50,47504817;4,49385100
50,55696817;4,49385100
50,63888817;4,53871300
50,72080817;4,58372700
50,80272817;4,58372700
50,88464817;4,58372700
50,96656817;4,58372700
51,04848817;4,58372700
51,13040817;4,62874200
51,21232817;4,62874200
51,29424817;4,58372700
51,37616817;4,58372700
51,45808816;4,58372700
51,54000816;4,58372700
51,62192816;4,58372700
51,70384816;4,58372700
51,78576816;4,58372700
51,86768816;4,58372700
51,94960816;4,58372700
52,03152816;4,58372700
52,11344816;4,53871300
52,19536816;4,53871300
52,27728816;4,53871300
52,35920816;4,49385100
52,44112816;4,49385100
52,52304816;4,49385100
52,60496816;4,49385100
52,68688816;4,49385100
52,76880816;4,49385100
52,85072816;4,49385100
52,93264816;4,49385100
53,01456816;4,44883600
53,09648815;4,44883600
53,17840815;4,44883600
53,26032815;4,40397400
53,34224815;4,40397400
53,42416815;4,40397400
53,50608815;4,40397400
53,58800815;4,40397400
53,66992815;4,40397400
53,75184815;4,40397400
53,83376815;4,40397400
53,91568815;4,35895900
53,99760815;4,40397400
54,07952815;4,31409600
54,16144815;4,31409600
54,24336815;4,31409600
54,32528815;4,31409600
54,40720815;4,31409600
54,48912815;4,31409600
54,57104815;4,31409600
54,65296815;4,31409600
54,73488814;4,26908200
54,81680814;4,26908200
54,89872814;4,26908200
54,98064814;4,26908200
55,06256814;4,22406700
55,14448814;4,22406700
55,22640814;4,22406700
55,30832814;4,22406700
55,39024814;4,22406700
55,47216814;4,17920400
55,55408814;4,17920400
55,63600814;4,22406700
55,71792814;4,17920400
55,79984814;4,17920400
55,88176814;4,13419000
55,96368814;4,13419000
56,04560814;4,13419000
56,12752814;4,13419000
56,20944814;4,13419000
56,29136814;4,13419000
56,37328813;4,13419000
56,45520813;4,13419000
56,53712813;4,08932800
56,61904813;4,13419000
56,70096813;4,08932800
56,78288813;4,08932800
56,86480813;4,08932800
56,94672813;4,04431300
57,02864813;4,04431300
57,11056813;4,04431300
57,19248813;4,04431300
57,27440813;4,04431300
57,35632813;4,04431300
57,43824813;3,99929800
57,52016813;3,99929800
57,60208813;3,95443600
57,68400813;3,95443600
57,76592813;3,95443600
57,84784813;3,95443600
57,92976813;3,95443600
58,01168812;3,95443600
58,09360812;3,95443600
58,17552812;3,95443600
58,25744812;3,95443600
58,33936812;3,95443600
58,42128812;3,95443600
58,50320812;3,90942100
58,58512812;3,90942100
58,66704812;3,90942100
58,74896812;3,86455900
58,83088812;3,86455900
58,91280812;3,86455900
58,99472812;3,86455900
59,07664812;3,86455900
59,15856812;3,86455900
59,24048812;3,86455900
59,32240812;3,95443600
59,40432812;3,95443600
59,48624812;3,99929800
59,56816812;4,08932800
59,65008811;4,13419000
59,73200811;4,13419000
59,81392811;4,17920400
59,89584811;4,22406700
59,97776811;4,31409600
60,05968811;4,31409600
60,14160811;4,40397400
60,22352811;4,40397400
60,30544811;4,44883600
60,38736811;4,44883600
60,46928811;4,49385100
60,55120811;4,49385100
60,63312811;4,49385100
60,71504811;4,49385100
60,79696811;4,53871300
60,87888811;4,53871300
60,96080811;4,58372700
61,04272811;4,58372700
61,12464811;4,58372700
61,20656811;4,58372700
61,28848810;4,58372700
61,37040810;4,62874200
61,45232810;4,58372700
61,53424810;4,58372700
61,61616810;4,58372700
61,69808810;4,58372700
61,78000810;4,58372700
61,86192810;4,58372700
61,94384810;4,53871300
62,02576810;4,58372700
62,10768810;4,53871300
62,18960810;4,53871300
62,27152810;4,53871300
62,35344810;4,49385100
62,43536810;4,49385100
62,51728810;4,49385100
62,59920810;4,49385100
62,68112810;4,49385100
62,76304810;4,49385100
62,84496810;4,49385100
62,92688809;4,49385100
63,00880809;4,44883600
63,09072809;4,44883600
63,17264809;4,40397400
63,25456809;4,40397400
63,33648809;4,40397400
63,41840809;4,40397400
63,50032809;4,40397400
63,58224809;4,40397400
63,66416809;4,40397400
63,74608809;4,35895900
63,82800809;4,40397400
63,90992809;4,31409600
63,99184809;4,35895900
64,07376809;4,31409600
64,15568809;4,31409600
64,23760809;4,31409600
64,31952809;4,31409600
64,40144809;4,31409600
64,48336809;4,31409600
64,56528808;4,31409600
64,64720808;4,26908200
64,72912808;4,26908200
64,81104808;4,26908200
64,89296808;4,26908200
64,97488808;4,22406700
65,05680808;4,22406700
65,13872808;4,22406700
65,22064808;4,22406700
65,30256808;4,22406700
65,38448808;4,22406700
65,46640808;4,22406700
65,54832808;4,22406700
65,63024808;4,17920400
65,71216808;4,13419000
65,79408808;4,13419000
65,87600808;4,13419000
65,95792808;4,13419000
66,03984808;4,13419000
66,12176808;4,13419000
66,20368807;4,13419000
66,28560807;4,13419000
66,36752807;4,13419000
66,44944807;4,13419000
66,53136807;4,08932800
66,61328807;4,08932800
66,69520807;4,04431300
66,77712807;4,08932800
66,85904807;4,04431300
66,94096807;4,04431300
67,02288807;4,04431300
67,10480807;4,04431300
67,18672807;4,04431300
67,26864807;4,04431300
67,35056807;4,04431300
67,43248807;3,99929800
67,51440807;3,99929800
67,59632807;3,99929800
67,67824807;3,95443600
67,76016807;3,95443600
67,84208806;3,95443600
67,92400806;3,95443600
68,00592806;3,95443600
68,08784806;3,95443600
68,16976806;3,95443600
68,25168806;3,90942100
68,33360806;3,95443600
68,41552806;3,90942100
68,49744806;3,90942100
68,57936806;3,90942100
68,66128806;3,90942100
68,74320806;3,86455900
68,82512806;3,86455900
68,90704806;3,86455900
68,98896806;3,86455900
69,07088806;3,86455900
69,15280806;3,86455900
69,23472806;3,90942100
69,31664806;3,95443600
69,39856806;3,95443600
69,48048805;4,04431300
69,56240805;4,08932800
69,64432805;4,13419000
69,72624805;4,17920400
69,80816805;4,22406700
69,89008805;4,26908200
69,97200805;4,31409600
70,05392805;4,35895900
70,13584805;4,40397400
70,21776805;4,40397400
70,29968805;4,44883600
70,38160805;4,49385100
70,46352805;4,49385100
70,54544805;4,49385100
70,62736805;4,53871300
70,70928805;4,53871300
70,79120805;4,58372700
70,87312805;4,58372700
70,95504805;4,62874200
71,03696805;4,58372700
71,11888805;4,58372700
71,20080804;4,58372700
71,28272804;4,58372700
71,36464804;4,62874200
71,44656804;4,62874200
71,52848804;4,58372700
71,61040804;4,58372700
71,69232804;4,58372700
71,77424804;4,58372700
71,85616804;4,58372700
71,93808804;4,58372700
72,02000804;4,53871300
72,10192804;4,53871300
72,18384804;4,53871300
72,26576804;4,53871300
72,34768804;4,49385100
72,42960804;4,49385100
72,51152804;4,49385100
72,59344804;4,49385100
72,67536804;4,49385100
72,75728804;4,49385100
72,83920803;4,49385100
72,92112803;4,44883600
73,00304803;4,44883600
73,08496803;4,49385100
73,16688803;4,44883600
73,24880803;4,40397400
73,33072803;4,40397400
73,41264803;4,40397400
73,49456803;4,40397400
73,57648803;4,40397400
73,65840803;4,40397400
73,74032803;4,40397400
73,82224803;4,35895900
73,90416803;4,35895900
73,98608803;4,31409600
74,06800803;4,35895900
74,14992803;4,31409600
74,23184803;4,31409600
74,31376803;4,31409600
74,39568803;4,31409600
74,47760802;4,31409600
74,55952802;4,31409600
74,64144802;4,31409600
74,72336802;4,26908200
74,80528802;4,26908200
74,88720802;4,26908200
74,96912802;4,22406700
75,05104802;4,22406700
75,13296802;4,22406700
75,21488802;4,22406700
75,29680802;4,22406700
75,37872802;4,22406700
75,46064802;4,22406700
75,54256802;4,22406700
75,62448802;4,22406700
75,70640802;4,17920400
75,78832802;4,17920400
75,87024802;4,17920400
75,95216802;4,13419000
76,03408802;4,13419000
76,11600801;4,13419000
76,19792801;4,13419000
76,27984801;4,13419000
76,36176801;4,13419000
76,44368801;4,13419000
76,52560801;4,08932800
76,60752801;4,08932800
76,68944801;4,08932800
76,77136801;4,04431300
76,85328801;4,04431300
76,93520801;4,04431300
77,01712801;4,04431300
77,09904801;4,04431300
77,18096801;4,04431300
77,26288801;4,04431300
77,34480801;4,04431300
77,42672801;3,99929800
77,50864801;3,99929800
77,59056801;4,04431300
77,67248801;3,99929800
77,75440800;3,95443600
77,83632800;3,95443600
77,91824800;3,95443600
78,00016800;3,95443600
78,08208800;3,95443600
78,16400800;3,95443600
78,24592800;3,95443600
78,32784800;3,95443600
78,40976800;3,95443600
78,49168800;3,90942100
78,57360800;3,90942100
78,65552800;3,90942100
78,73744800;3,90942100
78,81936800;3,86455900
78,90128800;3,86455900
78,98320800;3,86455900
79,06512800;3,86455900
79,14704800;3,86455900
79,22896800;3,90942100
79,31088800;3,90942100
79,39280799;3,95443600
79,47472799;3,99929800
79,55664799;4,04431300
79,63856799;4,08932800
79,72048799;4,17920400
79,80240799;4,17920400
79,88432799;4,22406700
79,96624799;4,31409600
80,04816799;4,31409600
80,13008799;4,31409600
80,21200799;4,40397400
80,29392799;4,40397400
80,37584799;4,44883600
80,45776799;4,49385100
80,53968799;4,49385100
80,62160799;4,49385100
80,70352799;4,49385100
80,78544799;4,53871300
80,86736799;4,53871300
80,94928799;4,58372700
81,03120798;4,58372700
81,11312798;4,58372700
81,19504798;4,58372700
81,27696798;4,58372700
81,35888798;4,58372700
81,44080798;4,58372700
81,52272798;4,58372700
81,60464798;4,58372700
81,68656798;4,58372700
81,76848798;4,58372700
81,85040798;4,58372700
81,93232798;4,58372700
82,01424798;4,53871300
82,09616798;4,53871300
82,17808798;4,53871300
82,26000798;4,49385100
82,34192798;4,49385100
82,42384798;4,49385100
82,50576798;4,49385100
82,58768798;4,49385100
82,66960797;4,49385100
82,75152797;4,49385100
82,83344797;4,49385100
82,91536797;4,44883600
82,99728797;4,44883600
83,07920797;4,44883600
83,16112797;4,44883600
83,24304797;4,40397400
83,32496797;4,40397400
83,40688797;4,40397400
83,48880797;4,40397400
83,57072797;4,40397400
83,65264797;4,40397400
83,73456797;4,40397400
83,81648797;4,31409600
83,89840797;4,31409600
83,98032797;4,35895900
84,06224797;4,31409600
84,14416797;4,31409600
84,22608797;4,31409600
84,30800796;4,31409600
84,38992796;4,31409600
84,47184796;4,31409600
84,55376796;4,26908200
84,63568796;4,26908200
84,71760796;4,26908200
84,79952796;4,26908200
84,88144796;4,26908200
84,96336796;4,22406700
85,04528796;4,22406700
85,12720796;4,22406700
85,20912796;4,22406700
85,29104796;4,22406700
85,37296796;4,22406700
85,45488796;4,22406700
85,53680796;4,22406700
85,61872796;4,17920400
85,70064796;4,13419000
85,78256796;4,17920400
85,86448796;4,13419000
85,94640795;4,13419000
86,02832795;4,13419000
86,11024795;4,13419000
86,19216795;4,13419000
86,27408795;4,13419000
86,35600795;4,13419000
86,43792795;4,13419000
86,51984795;4,08932800
86,60176795;4,13419000
86,68368795;4,08932800
86,76560795;4,08932800
86,84752795;4,08932800
86,92944795;4,04431300
87,01136795;4,04431300
87,09328795;4,04431300
87,17520795;4,04431300
87,25712795;4,04431300
87,33904795;4,04431300
87,42096795;4,04431300
87,50288795;3,99929800
87,58480794;3,99929800
87,66672794;3,95443600
87,74864794;3,95443600
87,83056794;3,95443600
87,91248794;3,95443600
87,99440794;3,95443600
88,07632794;3,95443600
88,15824794;3,95443600
88,24016794;3,95443600
88,32208794;3,95443600
88,40400794;3,90942100
88,48592794;3,90942100
88,56784794;3,90942100
88,64976794;3,86455900
88,73168794;3,86455900
88,81360794;3,86455900
88,89552794;3,86455900
88,97744794;3,86455900
89,05936794;3,86455900
89,14128794;3,86455900
89,22320793;3,90942100
89,30512793;3,95443600
89,38704793;3,95443600
89,46896793;4,04431300
89,55088793;4,04431300
89,63280793;4,13419000
89,71472793;4,17920400
89,79664793;4,22406700
89,87856793;4,26908200
89,96048793;4,31409600
90,04240793;4,35895900
90,12432793;4,40397400
90,20624793;4,40397400
90,28816793;4,49385100
90,37008793;4,49385100
90,45200793;4,49385100
90,53392793;4,49385100
90,61584793;4,58372700
90,69776793;4,58372700
90,77968793;4,58372700
90,86160793;4,58372700
90,94352792;4,58372700
91,02544792;4,58372700
91,10736792;4,62874200
91,18928792;4,62874200
91,27120792;4,62874200
91,35312792;4,58372700
91,43504792;4,62874200
91,51696792;4,58372700
91,59888792;4,58372700
91,68080792;4,58372700
91,76272792;4,58372700
91,84464792;4,58372700
91,92656792;4,58372700
92,00848792;4,58372700
92,09040792;4,58372700
92,17232792;4,53871300
92,25424792;4,53871300
92,33616792;4,53871300
92,41808792;4,49385100
92,50000792;4,49385100
92,58192791;4,49385100
92,66384791;4,49385100
92,74576791;4,49385100
92,82768791;4,49385100
92,90960791;4,44883600
92,99152791;4,44883600
93,07344791;4,44883600
93,15536791;4,44883600
93,23728791;4,44883600
93,31920791;4,40397400
93,40112791;4,40397400
93,48304791;4,40397400
93,56496791;4,40397400
93,64688791;4,40397400
93,72880791;4,35895900
93,81072791;4,35895900
93,89264791;4,35895900
93,97456791;4,31409600
94,05648791;4,35895900
94,13840791;4,31409600
94,22032790;4,31409600
94,30224790;4,31409600
94,38416790;4,31409600
94,46608790;4,31409600
94,54800790;4,31409600
94,62992790;4,26908200
94,71184790;4,31409600
94,79376790;4,26908200
94,87568790;4,22406700
94,95760790;4,22406700
95,03952790;4,22406700
95,12144790;4,22406700
95,20336790;4,22406700
95,28528790;4,22406700
95,36720790;4,22406700
95,44912790;4,22406700
95,53104790;4,22406700
95,61296790;4,17920400
95,69488790;4,17920400
95,77680790;4,17920400
95,85872789;4,13419000
95,94064789;4,17920400
96,02256789;4,13419000
96,10448789;4,13419000
96,18640789;4,13419000
96,26832789;4,13419000
96,35024789;4,13419000
96,43216789;4,13419000
96,51408789;4,13419000
96,59600789;4,08932800
96,67792789;4,04431300
96,75984789;4,08932800
96,84176789;4,04431300
96,92368789;4,04431300
97,00560789;4,04431300
97,08752789;4,04431300
97,16944789;4,04431300
97,25136789;4,04431300
97,33328789;4,04431300
97,41520789;4,04431300
97,49712788;3,99929800
97,57904788;3,99929800
97,66096788;3,95443600
97,74288788;3,95443600
97,82480788;3,95443600
97,90672788;3,95443600
97,98864788;3,95443600
98,07056788;3,95443600
98,15248788;3,95443600
98,23440788;3,95443600
98,31632788;3,95443600
98,39824788;3,90942100
98,48016788;3,90942100
98,56208788;3,86455900
98,64400788;3,90942100
98,72592788;3,90942100
98,80784788;3,86455900
98,88976788;3,86455900
98,97168788;3,86455900
99,05360788;3,86455900
99,13552787;3,86455900
99,21744787;3,90942100
99,29936787;3,90942100
99,38128787;3,95443600
99,46320787;3,95443600
99,54512787;4,04431300
99,62704787;4,08932800
99,70896787;4,13419000
99,79088787;4,17920400
99,87280787;4,22406700
99,95472787;4,31409600
100,03664787;4,31409600
100,11856787;4,31409600
100,20048787;4,40397400
100,28240787;4,40397400
100,36432787;4,44883600
100,44624787;4,49385100
100,52816787;4,49385100
100,61008787;4,49385100
100,69200787;4,53871300
100,77392786;4,53871300
100,85584786;4,53871300
100,93776786;4,58372700
101,01968786;4,58372700
101,10160786;4,58372700
101,18352786;4,58372700
101,26544786;4,58372700
101,34736786;4,62874200
101,42928786;4,58372700
101,51120786;4,58372700
101,59312786;4,58372700
101,67504786;4,58372700
101,75696786;4,58372700
101,83888786;4,58372700
101,92080786;4,58372700
102,00272786;4,53871300
102,08464786;4,53871300
102,16656786;4,53871300
102,24848786;4,49385100
102,33040786;4,49385100
102,41232785;4,49385100
102,49424785;4,49385100
102,57616785;4,49385100
102,65808785;4,49385100
102,74000785;4,49385100
102,82192785;4,49385100
102,90384785;4,44883600
102,98576785;4,44883600
103,06768785;4,44883600
103,14960785;4,44883600
103,23152785;4,40397400
103,31344785;4,40397400
103,39536785;4,40397400
103,47728785;4,40397400
103,55920785;4,40397400
103,64112785;4,40397400
103,72304785;4,35895900
103,80496785;4,35895900
103,88688785;4,35895900
103,96880785;4,31409600
104,05072784;4,31409600
104,13264784;4,31409600
104,21456784;4,31409600
104,29648784;4,31409600
104,37840784;4,31409600
104,46032784;4,31409600
104,54224784;4,31409600
104,62416784;4,26908200
104,70608784;4,26908200
104,78800784;4,26908200
104,86992784;4,26908200
104,95184784;4,22406700
105,03376784;4,22406700
105,11568784;4,22406700
105,19760784;4,22406700
105,27952784;4,22406700
105,36144784;4,22406700
105,44336784;4,22406700
105,52528784;4,17920400
105,60720784;4,17920400
105,68912783;4,17920400
105,77104783;4,13419000
105,85296783;4,13419000
105,93488783;4,13419000
106,01680783;4,13419000
106,09872783;4,13419000
106,18064783;4,13419000
106,26256783;4,13419000
106,34448783;4,13419000
106,42640783;4,13419000
106,50832783;4,13419000
106,59024783;4,08932800
106,67216783;4,04431300
106,75408783;4,04431300
106,83600783;4,04431300
106,91792783;4,04431300
106,99984783;4,04431300
107,08176783;4,04431300
107,16368783;4,04431300
107,24560783;4,04431300
107,32752782;4,04431300
107,40944782;4,04431300
107,49136782;3,99929800
107,57328782;3,95443600
107,65520782;3,95443600
107,73712782;3,95443600
107,81904782;3,95443600
107,90096782;3,95443600
107,98288782;3,95443600
108,06480782;3,95443600
108,14672782;3,95443600
108,22864782;3,95443600
108,31056782;3,90942100
108,39248782;3,90942100
108,47440782;3,90942100
108,55632782;3,90942100
108,63824782;3,90942100
108,72016782;3,90942100
108,80208782;3,86455900
108,88400782;3,86455900
108,96592782;3,86455900
109,04784781;3,86455900
109,12976781;3,86455900
109,21168781;3,90942100
109,29360781;3,95443600
109,37552781;3,95443600
109,45744781;4,04431300
109,53936781;4,04431300
109,62128781;4,13419000
109,70320781;4,13419000
109,78512781;4,22406700
109,86704781;4,26908200
109,94896781;4,31409600
110,03088781;4,35895900
110,11280781;4,40397400
110,19472781;4,40397400
110,27664781;4,44883600
110,35856781;4,49385100
110,44048781;4,49385100
110,52240781;4,49385100
110,60432781;4,53871300
110,68624780;4,58372700
110,76816780;4,58372700
110,85008780;4,58372700
110,93200780;4,58372700
111,01392780;4,58372700
111,09584780;4,62874200
111,17776780;4,62874200
111,25968780;4,58372700
111,34160780;4,62874200
111,42352780;4,58372700
111,50544780;4,58372700
111,58736780;4,58372700
111,66928780;4,58372700
111,75120780;4,58372700
111,83312780;4,58372700
111,91504780;4,58372700
111,99696780;4,58372700
112,07888780;4,53871300
112,16080780;4,53871300
112,24272780;4,53871300
112,32464779;4,53871300
112,40656779;4,49385100
112,48848779;4,49385100
112,57040779;4,49385100
112,65232779;4,49385100
112,73424779;4,49385100
112,81616779;4,49385100
112,89808779;4,44883600
112,98000779;4,44883600
113,06192779;4,44883600
113,14384779;4,44883600
113,22576779;4,40397400
113,30768779;4,40397400
113,38960779;4,40397400
113,47152779;4,40397400
113,55344779;4,40397400
113,63536779;4,40397400
113,71728779;4,40397400
113,79920779;4,40397400
113,88112779;4,31409600
113,96304778;4,35895900
114,04496778;4,31409600
114,12688778;4,31409600
114,20880778;4,31409600
114,29072778;4,31409600
114,37264778;4,31409600
114,45456778;4,31409600
114,53648778;4,31409600
114,61840778;4,26908200
114,70032778;4,26908200
114,78224778;4,26908200
114,86416778;4,26908200
114,94608778;4,26908200
115,02800778;4,26908200
115,10992778;4,22406700
115,19184778;4,22406700
115,27376778;4,22406700
115,35568778;4,22406700
115,43760778;4,22406700
115,51952778;4,22406700
115,60144777;4,17920400
115,68336777;4,17920400
115,76528777;4,13419000
115,84720777;4,13419000
115,92912777;4,17920400
116,01104777;4,13419000
116,09296777;4,13419000
116,17488777;4,13419000
116,25680777;4,13419000
116,33872777;4,13419000
116,42064777;4,13419000
116,50256777;4,13419000
116,58448777;4,08932800
116,66640777;4,08932800
116,74832777;4,08932800
116,83024777;4,08932800
116,91216777;4,04431300
116,99408777;4,04431300
117,07600777;4,04431300
117,15792777;4,04431300
117,23984776;4,04431300
117,32176776;4,04431300
117,40368776;3,99929800
117,48560776;3,99929800
117,56752776;3,95443600
117,64944776;3,99929800
117,73136776;3,95443600
117,81328776;3,95443600
117,89520776;3,95443600
117,97712776;3,95443600
118,05904776;3,95443600
118,14096776;3,95443600
118,22288776;3,95443600
118,30480776;3,95443600
118,38672776;3,95443600
118,46864776;3,90942100
118,55056776;3,90942100
118,63248776;3,86455900
118,71440776;3,90942100
118,79632776;3,86455900
118,87824775;3,86455900
118,96016775;3,86455900
119,04208775;3,86455900
119,12400775;3,86455900
119,20592775;3,90942100
119,28784775;3,90942100
119,36976775;3,95443600
119,45168775;3,99929800
119,53360775;4,04431300
119,61552775;4,08932800
119,69744775;4,13419000
119,77936775;4,22406700
119,86128775;4,22406700
119,94320775;4,31409600
120,02512775;4,31409600
120,10704775;4,35895900
120,18896775;4,40397400
120,27088775;4,40397400
120,35280775;4,44883600
120,43472775;4,44883600
120,51664774;4,49385100
120,59856774;4,49385100
120,68048774;4,49385100
120,76240774;4,53871300
120,84432774;4,58372700
120,92624774;4,58372700
121,00816774;4,58372700
121,09008774;4,58372700
121,17200774;4,58372700
121,25392774;4,58372700
121,33584774;4,58372700
121,41776774;4,58372700
121,49968774;4,58372700
121,58160774;4,58372700
121,66352774;4,58372700
121,74544774;4,58372700
121,82736774;4,58372700
121,90928774;4,58372700
121,99120774;4,53871300
122,07312774;4,58372700
122,15504773;4,53871300
122,23696773;4,53871300
122,31888773;4,49385100
122,40080773;4,49385100
122,48272773;4,49385100
122,56464773;4,49385100
122,64656773;4,49385100
122,72848773;4,49385100
122,81040773;4,49385100
122,89232773;4,49385100
122,97424773;4,49385100
123,05616773;4,44883600
123,13808773;4,40397400
123,22000773;4,40397400
123,30192773;4,40397400
123,38384773;4,40397400
123,46576773;4,40397400
123,54768773;4,40397400
123,62960773;4,40397400
123,71152773;4,40397400
123,79344772;4,35895900
123,87536772;4,40397400
123,95728772;4,31409600
124,03920772;4,31409600
124,12112772;4,31409600
124,20304772;4,31409600
124,28496772;4,31409600
124,36688772;4,31409600
124,44880772;4,31409600
124,53072772;4,31409600
124,61264772;4,31409600
124,69456772;4,26908200
124,77648772;4,26908200
124,85840772;4,22406700
124,94032772;4,26908200
125,02224772;4,22406700
125,10416772;4,22406700
125,18608772;4,22406700
125,26800772;4,22406700
125,34992772;4,22406700
125,43184771;4,22406700
125,51376771;4,17920400
125,59568771;4,17920400
125,67760771;4,17920400
125,75952771;4,13419000
125,84144771;4,13419000
125,92336771;4,13419000
126,00528771;4,13419000
126,08720771;4,13419000
126,16912771;4,13419000
126,25104771;4,13419000
126,33296771;4,13419000
126,41488771;4,13419000
126,49680771;4,08932800
126,57872771;4,13419000
126,66064771;4,08932800
126,74256771;4,04431300
126,82448771;4,08932800
126,90640771;4,04431300
126,98832771;4,04431300
127,07024770;4,04431300
127,15216770;4,04431300
127,23408770;4,04431300
127,31600770;4,04431300
127,39792770;3,99929800
127,47984770;4,04431300
127,56176770;3,99929800
127,64368770;3,99929800
127,72560770;3,99929800
127,80752770;3,95443600
127,88944770;3,95443600
127,97136770;3,95443600
128,05328770;3,95443600
128,13520770;3,95443600
128,21712770;3,95443600
128,29904770;3,95443600
128,38096770;3,95443600
128,46288770;3,90942100
128,54480770;3,90942100
128,62672770;3,86455900
128,70864770;3,86455900
128,79056769;3,86455900
128,87248769;3,86455900
128,95440769;3,86455900
129,03632769;3,86455900
129,11824769;3,86455900
129,20016769;3,90942100
129,28208769;3,95443600
129,36400769;3,95443600
129,44592769;4,04431300
129,52784769;4,08932800
129,60976769;4,13419000
129,69168769;4,13419000
129,77360769;4,22406700
129,85552769;4,26908200
129,93744769;4,31409600
130,01936769;4,31409600
130,10128769;4,40397400
130,18320769;4,40397400
130,26512769;4,49385100
130,34704769;4,49385100
130,42896768;4,49385100
130,51088768;4,49385100
130,59280768;4,53871300
130,67472768;4,58372700
130,75664768;4,58372700
130,83856768;4,58372700
130,92048768;4,62874200
131,00240768;4,58372700
131,08432768;4,62874200
131,16624768;4,58372700
131,24816768;4,62874200
131,33008768;4,62874200
131,41200768;4,58372700
131,49392768;4,58372700
131,57584768;4,62874200
131,65776768;4,58372700
131,73968768;4,58372700
131,82160768;4,58372700
131,90352768;4,58372700
131,98544768;4,58372700
132,06736767;4,58372700
132,14928767;4,53871300
132,23120767;4,53871300
132,31312767;4,49385100
132,39504767;4,53871300
132,47696767;4,49385100
132,55888767;4,49385100
132,64080767;4,49385100
132,72272767;4,49385100
132,80464767;4,49385100
132,88656767;4,49385100
132,96848767;4,49385100
133,05040767;4,44883600
133,13232767;4,40397400
133,21424767;4,44883600
133,29616767;4,40397400
133,37808767;4,40397400
133,46000767;4,40397400
133,54192767;4,40397400
133,62384767;4,40397400
133,70576766;4,40397400
133,78768766;4,40397400
133,86960766;4,35895900
133,95152766;4,31409600
134,03344766;4,31409600
134,11536766;4,31409600
134,19728766;4,31409600
134,27920766;4,31409600
134,36112766;4,31409600
134,44304766;4,31409600
134,52496766;4,31409600
134,60688766;4,31409600
134,68880766;4,31409600
134,77072766;4,31409600
134,85264766;4,26908200
134,93456766;4,26908200
135,01648766;4,22406700
135,09840766;4,26908200
135,18032766;4,22406700
135,26224766;4,22406700
135,34416765;4,22406700
135,42608765;4,22406700
135,50800765;4,22406700
135,58992765;4,17920400
135,67184765;4,17920400
135,75376765;4,17920400
135,83568765;4,17920400
135,91760765;4,13419000
135,99952765;4,13419000
136,08144765;4,13419000
136,16336765;4,13419000
136,24528765;4,13419000
136,32720765;4,13419000
136,40912765;4,08932800
136,49104765;4,08932800
136,57296765;4,13419000
136,65488765;4,08932800
136,73680765;4,08932800
136,81872765;4,08932800
136,90064765;4,04431300
136,98256764;4,04431300
137,06448764;4,04431300
137,14640764;4,04431300
137,22832764;4,04431300
137,31024764;4,04431300
137,39216764;4,04431300
137,47408764;4,04431300
137,55600764;3,95443600
137,63792764;3,99929800
137,71984764;4,04431300
137,80176764;3,95443600
137,88368764;3,95443600
137,96560764;3,95443600
138,04752764;3,95443600
138,12944764;3,95443600
138,21136764;3,95443600
138,29328764;3,95443600
138,37520764;3,95443600
138,45712764;3,90942100
138,53904764;3,90942100
138,62096763;3,95443600
138,70288763;3,86455900
138,78480763;3,86455900
138,86672763;3,90942100
138,94864763;3,86455900
139,03056763;3,86455900
139,11248763;3,86455900
139,19440763;3,86455900
139,27632763;3,95443600
139,35824763;3,95443600
139,44016763;3,99929800
139,52208763;4,04431300
139,60400763;4,08932800
139,68592763;4,13419000
139,76784763;4,17920400
139,84976763;4,22406700
139,93168763;4,26908200
140,01360763;4,31409600
140,09552763;4,35895900
140,17744763;4,40397400
140,25936762;4,40397400
140,34128762;4,44883600
140,42320762;4,49385100
140,50512762;4,49385100
140,58704762;4,49385100
140,66896762;4,49385100
140,75088762;4,53871300
140,83280762;4,53871300
140,91472762;4,58372700
140,99664762;4,58372700
141,07856762;4,58372700
141,16048762;4,62874200
141,24240762;4,58372700
141,32432762;4,58372700
141,40624762;4,58372700
141,48816762;4,58372700
141,57008762;4,58372700
141,65200762;4,58372700
141,73392762;4,58372700
141,81584762;4,58372700
141,89776761;4,53871300
141,97968761;4,58372700
142,06160761;4,53871300
142,14352761;4,53871300
142,22544761;4,49385100
142,30736761;4,49385100
142,38928761;4,49385100
142,47120761;4,49385100
142,55312761;4,49385100
142,63504761;4,49385100
142,71696761;4,49385100
142,79888761;4,49385100
142,88080761;4,49385100
142,96272761;4,44883600
143,04464761;4,44883600
143,12656761;4,44883600
143,20848761;4,40397400
143,29040761;4,40397400
143,37232761;4,40397400
143,45424761;4,40397400
143,53616760;4,40397400
143,61808760;4,40397400
143,70000760;4,40397400
143,78192760;4,35895900
143,86384760;4,35895900
143,94576760;4,35895900
144,02768760;4,31409600
144,10960760;4,31409600
144,19152760;4,31409600
144,27344760;4,31409600
144,35536760;4,31409600
144,43728760;4,31409600
144,51920760;4,31409600
144,60112760;4,26908200
144,68304760;4,26908200
144,76496760;4,31409600
144,84688760;4,26908200
144,92880760;4,22406700
145,01072760;4,26908200
145,09264760;4,22406700
145,17456759;4,22406700
145,25648759;4,22406700
145,33840759;4,22406700
145,42032759;4,22406700
145,50224759;4,17920400
145,58416759;4,17920400
145,66608759;4,17920400
145,74800759;4,17920400
145,82992759;4,17920400
145,91184759;4,13419000
145,99376759;4,13419000
146,07568759;4,13419000
146,15760759;4,13419000
146,23952759;4,13419000
146,32144759;4,13419000
146,40336759;4,13419000
146,48528759;4,13419000
146,56720759;4,08932800
146,64912759;4,08932800
146,73104759;4,08932800
146,81296758;4,08932800
146,89488758;4,04431300
146,97680758;4,04431300
147,05872758;4,04431300
147,14064758;4,04431300
147,22256758;4,04431300
147,30448758;4,04431300
147,38640758;3,99929800
147,46832758;3,99929800
147,55024758;3,99929800
147,63216758;3,99929800
147,71408758;3,95443600
147,79600758;3,95443600
147,87792758;3,95443600
147,95984758;3,95443600
148,04176758;3,95443600
148,12368758;3,95443600
148,20560758;3,95443600
148,28752758;3,95443600
148,36944758;3,95443600
148,45136758;3,95443600
148,53328757;3,90942100
148,61520757;3,90942100
148,69712757;3,90942100
148,77904757;3,86455900
148,86096757;3,86455900
148,94288757;3,86455900
149,02480757;3,86455900
149,10672757;3,86455900
149,18864757;3,90942100
149,27056757;3,90942100
149,35248757;3,95443600
149,43440757;3,95443600
149,51632757;4,04431300
149,59824757;4,13419000
149,68016757;4,13419000
149,76208757;4,22406700
149,84400757;4,22406700
149,92592757;4,31409600
150,00784757;4,31409600
150,08976757;4,40397400
150,17168756;4,40397400
150,25360756;4,44883600
150,33552756;4,49385100
150,41744756;4,49385100
150,49936756;4,53871300
150,58128756;4,49385100
150,66320756;4,53871300
150,74512756;4,53871300
150,82704756;4,58372700
150,90896756;4,58372700
150,99088756;4,58372700
151,07280756;4,58372700
151,15472756;4,58372700
151,23664756;4,58372700
151,31856756;4,58372700
151,40048756;4,62874200
151,48240756;4,58372700
151,56432756;4,58372700
151,64624756;4,58372700
151,72816756;4,58372700
151,81008755;4,58372700
151,89200755;4,58372700
151,97392755;4,58372700
152,05584755;4,58372700
152,13776755;4,53871300
152,21968755;4,49385100
152,30160755;4,49385100
152,38352755;4,49385100
152,46544755;4,49385100
152,54736755;4,49385100
152,62928755;4,49385100
152,71120755;4,49385100
152,79312755;4,49385100
152,87504755;4,49385100
152,95696755;4,49385100
153,03888755;4,44883600
153,12080755;4,44883600
153,20272755;4,44883600
153,28464755;4,40397400
153,36656755;4,40397400
153,44848754;4,40397400
153,53040754;4,40397400
153,61232754;4,40397400
153,69424754;4,40397400
153,77616754;4,40397400
153,85808754;4,40397400
153,94000754;4,35895900
154,02192754;4,31409600
154,10384754;4,31409600
154,18576754;4,31409600
154,26768754;4,31409600
154,34960754;4,31409600
154,43152754;4,31409600
154,51344754;4,31409600
154,59536754;4,31409600
154,67728754;4,26908200
154,75920754;4,26908200
154,84112754;4,26908200
154,92304754;4,26908200
155,00496754;4,22406700
155,08688753;4,22406700
155,16880753;4,22406700
155,25072753;4,22406700
155,33264753;4,22406700
155,41456753;4,22406700
155,49648753;4,22406700
155,57840753;4,17920400
155,66032753;4,17920400
155,74224753;4,17920400
155,82416753;4,17920400
155,90608753;4,13419000
155,98800753;4,13419000
156,06992753;4,13419000
156,15184753;4,13419000
156,23376753;4,13419000
156,31568753;4,13419000
156,39760753;4,13419000
156,47952753;4,13419000
156,56144753;4,08932800
156,64336753;4,08932800
156,72528752;4,08932800
156,80720752;4,08932800
156,88912752;4,08932800
156,97104752;4,04431300
157,05296752;4,04431300
157,13488752;4,04431300
157,21680752;4,04431300
157,29872752;4,04431300
157,38064752;4,04431300
157,46256752;3,99929800
157,54448752;3,99929800
157,62640752;3,99929800
157,70832752;3,95443600
157,79024752;3,99929800
157,87216752;3,95443600
157,95408752;3,95443600
158,03600752;3,95443600
158,11792752;3,95443600
158,19984752;3,95443600
158,28176752;3,95443600
158,36368751;3,95443600
158,44560751;3,90942100
158,52752751;3,90942100
158,60944751;3,90942100
158,69136751;3,90942100
158,77328751;3,90942100
158,85520751;3,86455900
158,93712751;3,86455900
159,01904751;3,86455900
159,10096751;3,86455900
159,18288751;3,86455900
159,26480751;3,90942100
159,34672751;3,90942100
159,42864751;3,95443600
159,51056751;4,04431300
159,59248751;4,08932800
159,67440751;4,13419000
159,75632751;4,17920400
159,83824751;4,22406700
159,92016751;4,26908200
160,00208750;4,31409600
160,08400750;4,31409600
160,16592750;4,35895900
160,24784750;4,40397400
160,32976750;4,44883600
160,41168750;4,44883600
160,49360750;4,49385100
160,57552750;4,49385100
160,65744750;4,49385100
160,73936750;4,53871300
160,82128750;4,53871300
160,90320750;4,58372700
160,98512750;4,58372700
161,06704750;4,58372700
161,14896750;4,58372700
161,23088750;4,62874200
161,31280750;4,58372700
161,39472750;4,58372700
161,47664750;4,58372700
161,55856750;4,58372700
161,64048749;4,58372700
161,72240749;4,58372700
161,80432749;4,58372700
161,88624749;4,58372700
161,96816749;4,58372700
162,05008749;4,53871300
162,13200749;4,53871300
162,21392749;4,53871300
162,29584749;4,49385100
162,37776749;4,49385100
162,45968749;4,49385100
162,54160749;4,49385100
162,62352749;4,49385100
162,70544749;4,49385100
162,78736749;4,49385100
162,86928749;4,49385100
162,95120749;4,44883600
163,03312749;4,44883600
163,11504749;4,40397400
163,19696749;4,40397400
163,27888748;4,40397400
163,36080748;4,40397400
163,44272748;4,40397400
163,52464748;4,40397400
163,60656748;4,40397400
163,68848748;4,40397400
163,77040748;4,40397400
163,85232748;4,35895900
163,93424748;4,35895900
164,01616748;4,31409600
164,09808748;4,31409600
164,18000748;4,31409600
164,26192748;4,31409600
164,34384748;4,31409600
164,42576748;4,31409600
164,50768748;4,31409600
164,58960748;4,26908200
164,67152748;4,26908200
164,75344748;4,26908200
164,83536748;4,26908200
164,91728747;4,22406700
164,99920747;4,26908200
165,08112747;4,22406700
165,16304747;4,22406700
165,24496747;4,22406700
165,32688747;4,22406700
165,40880747;4,22406700
165,49072747;4,22406700
165,57264747;4,17920400
165,65456747;4,17920400
165,73648747;4,17920400
165,81840747;4,13419000
165,90032747;4,13419000
165,98224747;4,13419000
166,06416747;4,13419000
166,14608747;4,13419000
166,22800747;4,13419000
166,30992747;4,13419000
166,39184747;4,08932800
166,47376747;4,04431300
166,55568747;4,13419000
166,63760746;4,08932800
166,71952746;4,08932800
166,80144746;4,04431300
166,88336746;4,04431300
166,96528746;4,04431300
167,04720746;4,04431300
167,12912746;4,04431300
167,21104746;4,04431300
167,29296746;4,04431300
167,37488746;3,99929800
167,45680746;4,04431300
167,53872746;3,95443600
167,62064746;3,95443600
167,70256746;3,99929800
167,78448746;3,95443600
167,86640746;3,95443600
167,94832746;3,95443600
168,03024746;3,95443600
168,11216746;3,95443600
168,19408746;3,95443600
168,27600745;3,90942100
168,35792745;3,90942100
168,43984745;3,90942100
168,52176745;3,90942100
168,60368745;3,90942100
168,68560745;3,90942100
168,76752745;3,86455900
168,84944745;3,86455900
168,93136745;3,86455900
169,01328745;3,86455900
169,09520745;3,86455900
169,17712745;3,86455900
169,25904745;3,90942100
169,34096745;3,95443600
169,42288745;3,99929800
169,50480745;4,04431300
169,58672745;4,13419000
169,66864745;4,13419000
169,75056745;4,22406700
169,83248745;4,26908200
169,91440744;4,31409600
169,99632744;4,31409600
170,07824744;4,40397400
170,16016744;4,40397400
170,24208744;4,44883600
170,32400744;4,44883600
170,40592744;4,49385100
170,48784744;4,49385100
170,56976744;4,53871300
170,65168744;4,53871300
170,73360744;4,58372700
170,81552744;4,58372700
170,89744744;4,58372700
170,97936744;4,58372700
171,06128744;4,58372700
171,14320744;4,62874200
171,22512744;4,62874200
171,30704744;4,62874200
171,38896744;4,62874200
171,47088744;4,62874200
171,55280743;4,62874200
171,63472743;4,58372700
171,71664743;4,58372700
171,79856743;4,58372700
171,88048743;4,58372700
171,96240743;4,58372700
172,04432743;4,58372700
172,12624743;4,58372700
172,20816743;4,53871300
172,29008743;4,53871300
172,37200743;4,49385100
172,45392743;4,49385100
172,53584743;4,49385100
172,61776743;4,49385100
172,69968743;4,49385100
172,78160743;4,49385100
172,86352743;4,49385100
172,94544743;4,44883600
173,02736743;4,44883600
173,10928743;4,44883600
173,19120742;4,40397400
173,27312742;4,40397400
173,35504742;4,40397400
173,43696742;4,40397400
173,51888742;4,40397400
173,60080742;4,40397400
173,68272742;4,40397400
173,76464742;4,40397400
173,84656742;4,35895900
173,92848742;4,35895900
174,01040742;4,31409600
174,09232742;4,31409600
174,17424742;4,31409600
174,25616742;4,31409600
174,33808742;4,31409600
174,42000742;4,31409600
174,50192742;4,31409600
174,58384742;4,31409600
174,66576742;4,31409600
174,74768742;4,26908200
174,82960741;4,26908200
174,91152741;4,26908200
174,99344741;4,26908200
175,07536741;4,22406700
175,15728741;4,22406700
175,23920741;4,22406700
175,32112741;4,22406700
175,40304741;4,22406700
175,48496741;4,22406700
175,56688741;4,17920400
175,64880741;4,17920400
175,73072741;4,17920400
175,81264741;4,17920400
175,89456741;4,13419000
175,97648741;4,17920400
176,05840741;4,13419000
176,14032741;4,13419000
176,22224741;4,13419000
176,30416741;4,13419000
176,38608741;4,13419000
176,46800740;4,13419000
176,54992740;4,08932800
176,63184740;4,08932800
176,71376740;4,08932800
176,79568740;4,04431300
176,87760740;4,04431300
176,95952740;4,04431300
177,04144740;4,04431300
177,12336740;4,04431300
177,20528740;4,04431300
177,28720740;4,04431300
177,36912740;4,04431300
177,45104740;4,04431300
177,53296740;3,95443600
177,61488740;3,99929800
177,69680740;3,95443600
177,77872740;3,95443600
177,86064740;3,95443600
177,94256740;3,95443600
178,02448740;3,95443600
178,10640739;3,95443600
178,18832739;3,95443600
178,27024739;3,95443600
178,35216739;3,95443600
178,43408739;3,95443600
178,51600739;3,95443600
178,59792739;3,90942100
178,67984739;3,90942100
178,76176739;3,90942100
178,84368739;3,86455900
178,92560739;3,86455900
179,00752739;3,86455900
179,08944739;3,86455900
179,17136739;3,86455900
179,25328739;3,90942100
179,33520739;3,95443600
179,41712739;3,95443600
179,49904739;4,04431300
179,58096739;4,04431300
179,66288739;4,13419000
179,74480738;4,17920400
179,82672738;4,22406700
179,90864738;4,26908200
179,99056738;4,31409600
180,07248738;4,31409600
180,15440738;4,40397400
180,23632738;4,40397400
180,31824738;4,40397400
180,40016738;4,44883600
180,48208738;4,49385100
180,56400738;4,49385100
180,64592738;4,49385100
180,72784738;4,49385100
180,80976738;4,53871300
180,89168738;4,58372700
180,97360738;4,58372700
181,05552738;4,58372700
181,13744738;4,62874200
181,21936738;4,62874200
181,30128738;4,62874200
181,38320737;4,58372700
181,46512737;4,58372700
181,54704737;4,58372700
181,62896737;4,58372700
181,71088737;4,58372700
181,79280737;4,58372700
181,87472737;4,58372700
181,95664737;4,58372700
182,03856737;4,58372700
182,12048737;4,53871300
182,20240737;4,53871300
182,28432737;4,49385100
182,36624737;4,49385100
182,44816737;4,49385100
182,53008737;4,49385100
182,61200737;4,49385100
182,69392737;4,49385100
182,77584737;4,49385100
182,85776737;4,49385100
182,93968737;4,44883600
183,02160736;4,44883600
183,10352736;4,44883600
183,18544736;4,40397400
183,26736736;4,40397400
183,34928736;4,40397400
183,43120736;4,40397400
183,51312736;4,40397400
183,59504736;4,40397400
183,67696736;4,40397400
183,75888736;4,40397400
183,84080736;4,35895900
183,92272736;4,35895900
184,00464736;4,31409600
184,08656736;4,31409600
184,16848736;4,31409600
184,25040736;4,31409600
184,33232736;4,31409600
184,41424736;4,31409600
184,49616736;4,31409600
184,57808736;4,31409600
184,66000735;4,26908200
184,74192735;4,26908200
184,82384735;4,26908200
184,90576735;4,26908200
184,98768735;4,22406700
185,06960735;4,22406700
185,15152735;4,22406700
185,23344735;4,22406700
185,31536735;4,22406700
185,39728735;4,22406700
185,47920735;4,17920400
185,56112735;4,22406700
185,64304735;4,17920400
185,72496735;4,17920400
185,80688735;4,17920400
185,88880735;4,17920400
185,97072735;4,13419000
186,05264735;4,13419000
186,13456735;4,13419000
186,21648735;4,13419000
186,29840735;4,13419000
186,38032734;4,13419000
186,46224734;4,08932800
186,54416734;4,08932800
186,62608734;4,08932800
186,70800734;4,04431300
186,78992734;4,04431300
186,87184734;4,04431300
186,95376734;4,04431300
187,03568734;4,04431300
187,11760734;4,04431300
187,19952734;4,04431300
187,28144734;4,04431300
187,36336734;4,04431300
187,44528734;3,95443600
187,52720734;4,04431300
187,60912734;3,95443600
187,69104734;3,95443600
187,77296734;3,95443600
187,85488734;3,95443600
187,93680734;3,95443600
188,01872733;3,95443600
188,10064733;3,95443600
188,18256733;3,95443600
188,26448733;3,90942100
188,34640733;3,90942100
188,42832733;3,95443600
188,51024733;3,90942100
188,59216733;3,86455900
188,67408733;3,90942100
188,75600733;3,86455900
188,83792733;3,86455900
188,91984733;3,86455900
189,00176733;3,86455900
189,08368733;3,86455900
189,16560733;3,86455900
189,24752733;3,90942100
189,32944733;3,95443600
189,41136733;3,99929800
189,49328733;4,04431300
189,57520733;4,08932800
189,65712732;4,13419000
189,73904732;4,22406700
189,82096732;4,26908200
189,90288732;4,31409600
189,98480732;4,31409600
190,06672732;4,40397400
190,14864732;4,40397400
190,23056732;4,44883600
190,31248732;4,49385100
190,39440732;4,49385100
190,47632732;4,49385100
190,55824732;4,49385100
190,64016732;4,53871300
190,72208732;4,53871300
190,80400732;4,58372700
190,88592732;4,58372700
190,96784732;4,58372700
191,04976732;4,58372700
191,13168732;4,62874200
191,21360732;4,62874200
191,29552731;4,62874200
191,37744731;4,62874200
191,45936731;4,62874200
191,54128731;4,62874200
191,62320731;4,58372700
191,70512731;4,58372700
191,78704731;4,58372700
191,86896731;4,58372700
191,95088731;4,58372700
192,03280731;4,53871300
192,11472731;4,53871300
192,19664731;4,53871300
192,27856731;4,53871300
192,36048731;4,49385100
192,44240731;4,49385100
192,52432731;4,49385100
192,60624731;4,49385100
192,68816731;4,49385100
192,77008731;4,49385100
192,85200731;4,49385100
192,93392730;4,49385100
193,01584730;4,44883600
193,09776730;4,44883600
193,17968730;4,40397400
193,26160730;4,40397400
193,34352730;4,40397400
193,42544730;4,40397400
193,50736730;4,40397400
193,58928730;4,40397400
193,67120730;4,40397400
193,75312730;4,40397400
193,83504730;4,35895900
193,91696730;4,35895900
193,99888730;4,35895900
194,08080730;4,31409600
194,16272730;4,31409600
194,24464730;4,31409600
194,32656730;4,31409600
194,40848730;4,31409600
194,49040730;4,31409600
194,57232729;4,31409600
194,65424729;4,26908200
194,73616729;4,26908200
194,81808729;4,26908200
194,90000729;4,22406700
194,98192729;4,22406700
195,06384729;4,22406700
195,14576729;4,22406700
195,22768729;4,22406700
195,30960729;4,22406700
195,39152729;4,22406700
195,47344729;4,22406700
195,55536729;4,22406700
195,63728729;4,17920400
195,71920729;4,13419000
195,80112729;4,17920400
195,88304729;4,17920400
195,96496729;4,13419000
196,04688729;4,13419000
196,12880729;4,13419000
196,21072728;4,13419000
196,29264728;4,13419000
196,37456728;4,13419000
196,45648728;4,13419000
196,53840728;4,08932800
196,62032728;4,08932800
196,70224728;4,04431300
196,78416728;4,04431300
196,86608728;4,08932800
196,94800728;4,04431300
197,02992728;4,04431300
197,11184728;4,04431300
197,19376728;4,04431300
197,27568728;4,04431300
197,35760728;4,04431300
197,43952728;3,99929800
197,52144728;3,99929800
197,60336728;3,99929800
197,68528728;3,95443600
197,76720728;3,95443600
197,84912727;3,95443600
197,93104727;3,95443600
198,01296727;3,95443600
198,09488727;3,95443600
198,17680727;3,95443600
198,25872727;3,95443600
198,34064727;3,95443600
198,42256727;3,95443600
198,50448727;3,90942100
198,58640727;3,90942100
198,66832727;3,90942100
198,75024727;3,90942100
198,83216727;3,86455900
198,91408727;3,86455900
198,99600727;3,86455900
199,07792727;3,86455900
199,15984727;3,86455900
199,24176727;3,90942100
199,32368727;3,95443600
199,40560727;3,95443600
199,48752726;3,99929800
199,56944726;4,08932800
199,65136726;4,13419000
199,73328726;4,13419000
199,81520726;4,22406700
199,89712726;4,26908200
199,97904726;4,31409600
200,06096726;4,31409600
200,14288726;4,40397400
200,22480726;4,40397400
200,30672726;4,40397400
200,38864726;4,44883600
200,47056726;4,49385100
200,55248726;4,49385100
200,63440726;4,49385100
200,71632726;4,53871300
200,79824726;4,53871300
200,88016726;4,58372700
200,96208726;4,58372700
201,04400726;4,58372700
201,12592725;4,58372700
201,20784725;4,58372700
201,28976725;4,58372700
201,37168725;4,58372700
201,45360725;4,58372700
201,53552725;4,58372700
201,61744725;4,58372700
201,69936725;4,58372700
201,78128725;4,58372700
201,86320725;4,58372700
201,94512725;4,53871300
202,02704725;4,53871300
202,10896725;4,53871300
202,19088725;4,53871300
202,27280725;4,49385100
202,35472725;4,49385100
202,43664725;4,49385100
202,51856725;4,49385100
202,60048725;4,49385100
202,68240725;4,49385100
202,76432724;4,49385100
202,84624724;4,49385100
202,92816724;4,49385100
203,01008724;4,44883600
203,09200724;4,44883600
203,17392724;4,44883600
203,25584724;4,40397400
203,33776724;4,40397400
203,41968724;4,40397400
203,50160724;4,40397400
203,58352724;4,40397400
203,66544724;4,40397400
203,74736724;4,35895900
203,82928724;4,31409600
203,91120724;4,35895900
203,99312724;4,35895900
204,07504724;4,31409600
204,15696724;4,31409600
204,23888724;4,31409600
204,32080724;4,31409600
204,40272723;4,31409600
204,48464723;4,31409600
204,56656723;4,31409600
204,64848723;4,26908200
204,73040723;4,26908200
204,81232723;4,26908200
204,89424723;4,26908200
204,97616723;4,26908200
205,05808723;4,22406700
205,14000723;4,22406700
205,22192723;4,22406700
205,30384723;4,22406700
205,38576723;4,22406700
205,46768723;4,22406700
205,54960723;4,17920400
205,63152723;4,17920400
205,71344723;4,13419000
205,79536723;4,17920400
205,87728723;4,13419000
205,95920723;4,13419000
206,04112723;4,13419000
206,12304722;4,13419000
206,20496722;4,13419000
206,28688722;4,13419000
206,36880722;4,13419000
206,45072722;4,13419000
206,53264722;4,08932800
206,61456722;4,08932800
206,69648722;4,08932800
206,77840722;4,04431300
206,86032722;4,04431300
206,94224722;4,04431300
207,02416722;4,04431300
207,10608722;4,04431300
207,18800722;4,04431300
207,26992722;4,04431300
207,35184722;4,04431300
207,43376722;4,04431300
207,51568722;3,99929800
207,59760722;3,95443600
207,67952722;3,95443600
207,76144721;3,95443600
207,84336721;3,95443600
207,92528721;3,95443600
208,00720721;3,95443600
208,08912721;3,95443600
208,17104721;3,95443600
208,25296721;3,95443600
208,33488721;3,95443600
208,41680721;3,90942100
208,49872721;3,90942100
208,58064721;3,90942100
208,66256721;3,90942100
208,74448721;3,90942100
208,82640721;3,86455900
208,90832721;3,86455900
208,99024721;3,86455900
209,07216721;3,86455900
209,15408721;3,86455900
209,23600721;3,90942100
209,31792721;3,95443600
209,39984720;3,95443600
209,48176720;4,04431300
209,56368720;4,08932800
209,64560720;4,13419000
209,72752720;4,22406700
209,80944720;4,22406700
209,89136720;4,31409600
209,97328720;4,31409600
210,05520720;4,40397400
210,13712720;4,40397400
210,21904720;4,44883600
210,30096720;4,49385100
210,38288720;4,49385100
210,46480720;4,49385100
210,54672720;4,49385100
210,62864720;4,58372700
210,71056720;4,58372700
210,79248720;4,58372700
210,87440720;4,62874200
210,95632720;4,58372700
211,03824719;4,58372700
211,12016719;4,62874200
211,20208719;4,62874200
211,28400719;4,62874200
211,36592719;4,62874200
211,44784719;4,58372700
211,52976719;4,58372700
211,61168719;4,62874200
211,69360719;4,58372700
211,77552719;4,58372700
211,85744719;4,58372700
211,93936719;4,58372700
212,02128719;4,58372700
212,10320719;4,58372700
212,18512719;4,53871300
212,26704719;4,53871300
212,34896719;4,49385100
212,43088719;4,49385100
212,51280719;4,49385100
212,59472719;4,49385100
212,67664718;4,49385100
212,75856718;4,49385100
212,84048718;4,49385100
212,92240718;4,44883600
213,00432718;4,49385100
213,08624718;4,44883600
213,16816718;4,40397400
213,25008718;4,40397400
213,33200718;4,44883600
213,41392718;4,40397400
213,49584718;4,40397400
213,57776718;4,40397400
213,65968718;4,40397400
213,74160718;4,40397400
213,82352718;4,35895900
213,90544718;4,40397400
213,98736718;4,40397400
214,06928718;4,31409600
214,15120718;4,31409600
214,23312718;4,31409600
214,31504717;4,31409600
214,39696717;4,31409600
214,47888717;4,31409600
214,56080717;4,31409600
214,64272717;4,26908200
214,72464717;4,26908200
214,80656717;4,26908200
214,88848717;4,26908200
214,97040717;4,26908200
215,05232717;4,22406700
215,13424717;4,22406700
215,21616717;4,22406700
215,29808717;4,22406700
215,38000717;4,22406700
215,46192717;4,22406700
215,54384717;4,17920400
215,62576717;4,17920400
215,70768717;4,17920400
215,78960717;4,17920400
215,87152717;4,13419000
215,95344716;4,13419000
216,03536716;4,13419000
216,11728716;4,13419000
216,19920716;4,13419000
216,28112716;4,13419000
216,36304716;4,13419000
216,44496716;4,13419000
216,52688716;4,08932800
216,60880716;4,08932800
216,69072716;4,04431300
216,77264716;4,08932800
216,85456716;4,04431300
216,93648716;4,08932800
217,01840716;4,04431300
217,10032716;4,04431300
217,18224716;4,04431300
217,26416716;4,04431300
217,34608716;4,04431300
217,42800716;4,04431300
217,50992716;3,99929800
217,59184715;3,99929800
217,67376715;3,95443600
217,75568715;3,95443600
217,83760715;3,95443600
217,91952715;3,95443600
218,00144715;3,95443600
218,08336715;3,95443600
218,16528715;3,95443600
218,24720715;3,95443600
218,32912715;3,95443600
218,41104715;3,90942100
218,49296715;3,90942100
218,57488715;3,90942100
218,65680715;3,90942100
218,73872715;3,86455900
218,82064715;3,86455900
218,90256715;3,86455900
218,98448715;3,86455900
219,06640715;3,86455900
219,14832715;3,86455900
219,23024714;3,90942100
219,31216714;3,90942100
219,39408714;3,95443600
219,47600714;3,95443600
219,55792714;4,04431300
219,63984714;4,13419000
219,72176714;4,13419000
219,80368714;4,22406700
219,88560714;4,22406700
219,96752714;4,26908200
220,04944714;4,31409600
220,13136714;4,40397400
220,21328714;4,40397400
220,29520714;4,40397400
220,37712714;4,44883600
220,45904714;4,49385100
220,54096714;4,49385100
220,62288714;4,49385100
220,70480714;4,49385100
220,78672714;4,53871300
220,86864713;4,58372700
220,95056713;4,58372700
221,03248713;4,58372700
221,11440713;4,58372700
221,19632713;4,62874200
221,27824713;4,58372700
221,36016713;4,58372700
221,44208713;4,58372700
221,52400713;4,58372700
221,60592713;4,58372700
221,68784713;4,58372700
221,76976713;4,58372700
221,85168713;4,58372700
221,93360713;4,58372700
222,01552713;4,53871300
222,09744713;4,53871300
222,17936713;4,53871300
222,26128713;4,49385100
222,34320713;4,49385100
222,42512713;4,49385100
222,50704712;4,49385100
222,58896712;4,49385100
222,67088712;4,49385100
222,75280712;4,49385100
222,83472712;4,49385100
222,91664712;4,44883600
222,99856712;4,44883600
223,08048712;4,40397400
223,16240712;4,40397400
223,24432712;4,44883600
223,32624712;4,40397400
223,40816712;4,40397400
223,49008712;4,40397400
223,57200712;4,40397400
223,65392712;4,40397400
223,73584712;4,35895900
223,81776712;4,35895900
223,89968712;4,35895900
223,98160712;4,31409600
224,06352712;4,31409600
224,14544712;4,31409600
224,22736711;4,31409600
224,30928711;4,31409600
224,39120711;4,31409600
224,47312711;4,31409600
224,55504711;4,31409600
224,63696711;4,31409600
224,71888711;4,26908200
224,80080711;4,26908200
224,88272711;4,26908200
224,96464711;4,26908200
225,04656711;4,22406700
225,12848711;4,22406700
225,21040711;4,22406700
225,29232711;4,22406700
225,37424711;4,22406700
225,45616711;4,17920400
225,53808711;4,22406700
225,62000711;4,17920400
225,70192711;4,17920400
225,78384711;4,13419000
225,86576710;4,17920400
225,94768710;4,13419000
226,02960710;4,13419000
226,11152710;4,13419000
226,19344710;4,13419000
226,27536710;4,13419000
226,35728710;4,13419000
226,43920710;4,13419000
226,52112710;4,08932800
226,60304710;4,08932800
226,68496710;4,08932800
226,76688710;4,08932800
226,84880710;4,04431300
226,93072710;4,04431300
227,01264710;4,04431300
227,09456710;4,04431300
227,17648710;4,04431300
227,25840710;4,04431300
227,34032710;4,04431300
227,42224710;4,04431300
227,50416709;3,99929800
227,58608709;3,99929800
227,66800709;3,95443600
227,74992709;3,95443600
227,83184709;3,95443600
227,91376709;3,95443600
227,99568709;3,95443600
228,07760709;3,95443600
228,15952709;3,95443600
228,24144709;3,95443600
228,32336709;3,90942100
228,40528709;3,95443600
228,48720709;3,90942100
228,56912709;3,90942100
228,65104709;3,90942100
228,73296709;3,90942100
228,81488709;3,86455900
228,89680709;3,86455900
228,97872709;3,86455900
229,06064709;3,86455900
229,14256708;3,86455900
229,22448708;3,90942100
229,30640708;3,95443600
229,38832708;3,95443600
229,47024708;4,04431300
229,55216708;4,08932800
229,63408708;4,13419000
229,71600708;4,17920400
229,79792708;4,22406700
229,87984708;4,26908200
229,96176708;4,31409600
230,04368708;4,35895900
230,12560708;4,40397400
230,20752708;4,40397400
230,28944708;4,49385100
230,37136708;4,49385100
230,45328708;4,49385100
230,53520708;4,49385100
230,61712708;4,58372700
230,69904708;4,58372700
230,78096707;4,58372700
230,86288707;4,58372700
230,94480707;4,58372700
231,02672707;4,58372700
231,10864707;4,62874200
231,19056707;4,62874200
231,27248707;4,62874200
231,35440707;4,58372700
231,43632707;4,62874200
231,51824707;4,62874200
231,60016707;4,58372700
231,68208707;4,58372700
231,76400707;4,58372700
231,84592707;4,58372700
231,92784707;4,58372700
232,00976707;4,53871300
232,09168707;4,58372700
232,17360707;4,53871300
232,25552707;4,53871300
232,33744707;4,49385100
232,41936706;4,49385100
232,50128706;4,49385100
232,58320706;4,49385100
232,66512706;4,49385100
232,74704706;4,49385100
232,82896706;4,49385100
232,91088706;4,44883600
232,99280706;4,44883600
233,07472706;4,44883600
233,15664706;4,44883600
233,23856706;4,40397400
233,32048706;4,40397400
233,40240706;4,40397400
233,48432706;4,40397400
233,56624706;4,40397400
233,64816706;4,40397400
233,73008706;4,40397400
233,81200706;4,40397400
233,89392706;4,40397400
233,97584706;4,31409600
234,05776705;4,31409600
234,13968705;4,31409600
234,22160705;4,31409600
234,30352705;4,31409600
234,38544705;4,31409600
234,46736705;4,31409600
234,54928705;4,31409600
234,63120705;4,31409600
234,71312705;4,26908200
234,79504705;4,26908200
234,87696705;4,26908200
234,95888705;4,26908200
235,04080705;4,22406700
235,12272705;4,22406700
235,20464705;4,22406700
235,28656705;4,22406700
235,36848705;4,22406700
235,45040705;4,22406700
235,53232705;4,22406700
235,61424705;4,17920400
235,69616704;4,17920400
235,77808704;4,17920400
235,86000704;4,17920400
235,94192704;4,13419000
236,02384704;4,13419000
236,10576704;4,13419000
236,18768704;4,13419000
236,26960704;4,13419000
236,35152704;4,13419000
236,43344704;4,13419000
236,51536704;4,13419000
236,59728704;4,08932800
236,67920704;4,08932800
236,76112704;4,08932800
236,84304704;4,04431300
236,92496704;4,04431300
237,00688704;4,04431300
237,08880704;4,04431300
237,17072704;4,04431300
237,25264704;4,04431300
237,33456703;4,04431300
237,41648703;4,04431300
237,49840703;3,99929800
237,58032703;3,95443600
237,66224703;3,95443600
237,74416703;3,95443600
237,82608703;3,95443600
237,90800703;3,95443600
237,98992703;3,95443600
238,07184703;3,95443600
238,15376703;3,95443600
238,23568703;3,95443600
238,31760703;3,95443600
238,39952703;3,95443600
238,48144703;3,90942100
238,56336703;3,90942100
238,64528703;3,90942100
238,72720703;3,90942100
238,80912703;3,86455900
238,89104703;3,86455900
238,97296702;3,86455900
239,05488702;3,86455900
239,13680702;3,86455900
239,21872702;3,86455900
239,30064702;3,90942100
239,38256702;3,95443600
239,46448702;3,95443600
239,54640702;4,04431300
239,62832702;4,08932800
239,71024702;4,13419000
239,79216702;4,17920400
239,87408702;4,22406700
239,95600702;4,26908200
240,03792702;4,31409600
240,11984702;4,35895900
240,20176702;4,40397400
240,28368702;4,40397400
240,36560702;4,44883600
240,44752702;4,49385100
240,52944702;4,49385100
240,61136701;4,49385100
240,69328701;4,49385100
240,77520701;4,53871300
240,85712701;4,58372700
240,93904701;4,58372700
241,02096701;4,58372700
241,10288701;4,58372700
241,18480701;4,58372700
241,26672701;4,58372700
241,34864701;4,58372700
241,43056701;4,58372700
241,51248701;4,58372700
241,59440701;4,58372700
241,67632701;4,58372700
241,75824701;4,58372700
241,84016701;4,58372700
241,92208701;4,58372700
242,00400701;4,53871300
242,08592701;4,53871300
242,16784701;4,53871300
242,24976700;4,53871300
242,33168700;4,49385100
242,41360700;4,49385100
242,49552700;4,49385100
242,57744700;4,49385100
242,65936700;4,49385100
242,74128700;4,49385100
242,82320700;4,49385100
242,90512700;4,49385100
242,98704700;4,44883600
243,06896700;4,44883600
243,15088700;4,44883600
243,23280700;4,40397400
243,31472700;4,40397400
243,39664700;4,40397400
243,47856700;4,40397400
243,56048700;4,40397400
243,64240700;4,40397400
243,72432700;4,40397400
243,80624700;4,40397400
243,88816700;4,35895900
243,97008699;4,31409600
244,05200699;4,31409600
244,13392699;4,31409600
244,21584699;4,31409600
244,29776699;4,31409600
244,37968699;4,31409600
244,46160699;4,31409600
244,54352699;4,31409600
244,62544699;4,26908200
244,70736699;4,26908200
244,78928699;4,26908200
244,87120699;4,22406700
244,95312699;4,22406700
245,03504699;4,22406700
245,11696699;4,22406700
245,19888699;4,22406700
245,28080699;4,22406700
245,36272699;4,22406700
245,44464699;4,22406700
245,52656699;4,17920400
245,60848698;4,17920400
245,69040698;4,17920400
245,77232698;4,17920400
245,85424698;4,13419000
245,93616698;4,13419000
246,01808698;4,13419000
246,10000698;4,13419000
246,18192698;4,13419000
246,26384698;4,13419000
246,34576698;4,13419000
246,42768698;4,08932800
246,50960698;4,08932800
246,59152698;4,08932800
246,67344698;4,08932800
246,75536698;4,08932800
246,83728698;4,04431300
246,91920698;4,04431300
247,00112698;4,04431300
247,08304698;4,04431300
247,16496698;4,04431300
247,24688697;4,04431300
247,32880697;4,04431300
247,41072697;4,04431300
247,49264697;3,99929800
247,57456697;3,95443600
247,65648697;3,95443600
247,73840697;3,95443600
247,82032697;3,95443600
247,90224697;3,95443600
247,98416697;3,95443600
248,06608697;3,95443600
248,14800697;3,95443600
248,22992697;3,95443600
248,31184697;3,90942100
248,39376697;3,95443600
248,47568697;3,90942100
248,55760697;3,90942100
248,63952697;3,90942100
248,72144697;3,86455900
248,80336697;3,86455900
248,88528696;3,86455900
248,96720696;3,86455900
249,04912696;3,86455900
249,13104696;3,86455900
249,21296696;3,90942100
249,29488696;3,95443600
249,37680696;3,95443600
249,45872696;4,04431300
249,54064696;4,08932800
249,62256696;4,13419000
249,70448696;4,17920400
249,78640696;4,22406700
249,86832696;4,26908200
249,95024696;4,31409600
250,03216696;4,35895900
250,11408696;4,40397400
250,19600696;4,40397400
250,27792696;4,44883600
250,35984696;4,49385100
250,44176696;4,49385100
250,52368695;4,53871300
250,60560695;4,53871300
250,68752695;4,53871300
250,76944695;4,58372700
250,85136695;4,58372700
250,93328695;4,58372700
251,01520695;4,58372700
251,09712695;4,58372700
251,17904695;4,62874200
251,26096695;4,62874200
251,34288695;4,62874200
251,42480695;4,58372700
251,50672695;4,62874200
251,58864695;4,58372700
251,67056695;4,62874200
251,75248695;4,58372700
251,83440695;4,58372700
251,91632695;4,58372700
251,99824695;4,58372700
252,08016695;4,53871300
252,16208694;4,53871300
252,24400694;4,53871300
252,32592694;4,49385100
252,40784694;4,49385100
252,48976694;4,49385100
252,57168694;4,49385100
252,65360694;4,49385100
252,73552694;4,49385100
252,81744694;4,49385100
252,89936694;4,49385100
252,98128694;4,44883600
253,06320694;4,44883600
253,14512694;4,44883600
253,22704694;4,44883600
253,30896694;4,40397400
253,39088694;4,40397400
253,47280694;4,40397400
253,55472694;4,40397400
253,63664694;4,40397400
253,71856694;4,40397400
253,80048693;4,40397400
253,88240693;4,35895900
253,96432693;4,35895900
254,04624693;4,35895900
254,12816693;4,31409600
254,21008693;4,31409600
254,29200693;4,31409600
254,37392693;4,31409600
254,45584693;4,31409600
254,53776693;4,31409600
254,61968693;4,31409600
254,70160693;4,26908200
254,78352693;4,26908200
254,86544693;4,26908200
254,94736693;4,26908200
255,02928693;4,22406700
255,11120693;4,22406700
255,19312693;4,22406700
255,27504693;4,22406700
255,35696693;4,22406700
255,43888692;4,22406700
255,52080692;4,17920400
255,60272692;4,22406700
255,68464692;4,17920400
255,76656692;4,17920400
255,84848692;4,13419000
255,93040692;4,13419000
256,01232692;4,13419000
256,09424692;4,13419000
256,17616692;4,13419000
256,25808692;4,13419000
256,34000692;4,13419000
256,42192692;4,13419000
256,50384692;4,13419000
256,58576692;4,08932800
256,66768692;4,08932800
256,74960692;4,08932800
256,83152692;4,08932800
256,91344692;4,08932800
256,99536692;4,04431300
257,07728691;4,04431300
257,15920691;4,04431300
257,24112691;4,04431300
257,32304691;4,04431300
257,40496691;4,04431300
257,48688691;4,04431300
257,56880691;3,99929800
257,65072691;3,99929800
257,73264691;3,95443600
257,81456691;3,95443600
257,89648691;3,95443600
257,97840691;3,95443600
258,06032691;3,95443600
258,14224691;3,95443600
258,22416691;3,95443600
258,30608691;3,95443600
258,38800691;3,90942100
258,46992691;3,90942100
258,55184691;3,90942100
258,63376691;3,90942100
258,71568690;3,86455900
258,79760690;3,90942100
258,87952690;3,90942100
258,96144690;3,86455900
259,04336690;3,86455900
259,12528690;3,86455900
259,20720690;3,90942100
259,28912690;3,90942100
259,37104690;3,95443600
259,45296690;3,99929800
259,53488690;4,04431300
259,61680690;4,08932800
259,69872690;4,13419000
259,78064690;4,22406700
259,86256690;4,22406700
259,94448690;4,26908200
260,02640690;4,31409600
260,10832690;4,31409600
260,19024690;4,40397400
260,27216690;4,40397400
260,35408689;4,44883600
260,43600689;4,49385100
260,51792689;4,49385100
260,59984689;4,49385100
260,68176689;4,49385100
260,76368689;4,49385100
260,84560689;4,53871300
260,92752689;4,58372700
261,00944689;4,58372700
261,09136689;4,58372700
261,17328689;4,58372700
261,25520689;4,62874200
261,33712689;4,58372700
261,41904689;4,58372700
261,50096689;4,58372700
261,58288689;4,58372700
261,66480689;4,58372700
261,74672689;4,58372700
261,82864689;4,58372700
261,91056689;4,58372700
261,99248688;4,53871300
262,07440688;4,58372700
262,15632688;4,53871300
262,23824688;4,53871300
262,32016688;4,49385100
262,40208688;4,49385100
262,48400688;4,49385100
262,56592688;4,49385100
262,64784688;4,49385100
262,72976688;4,49385100
262,81168688;4,49385100
262,89360688;4,44883600
262,97552688;4,44883600
263,05744688;4,44883600
263,13936688;4,40397400
263,22128688;4,40397400
263,30320688;4,40397400
263,38512688;4,40397400
263,46704688;4,40397400
263,54896688;4,40397400
263,63088688;4,40397400
263,71280687;4,40397400
263,79472687;4,35895900
263,87664687;4,31409600
263,95856687;4,31409600
264,04048687;4,31409600
264,12240687;4,31409600
264,20432687;4,31409600
264,28624687;4,31409600
264,36816687;4,31409600
264,45008687;4,31409600
264,53200687;4,31409600
264,61392687;4,31409600
264,69584687;4,26908200
264,77776687;4,26908200
264,85968687;4,26908200
264,94160687;4,26908200
265,02352687;4,22406700
265,10544687;4,22406700
265,18736687;4,22406700
265,26928687;4,22406700
265,35120686;4,22406700
265,43312686;4,22406700
265,51504686;4,17920400
265,59696686;4,17920400
265,67888686;4,13419000
265,76080686;4,13419000
265,84272686;4,13419000
265,92464686;4,13419000
266,00656686;4,13419000
266,08848686;4,13419000
266,17040686;4,13419000
266,25232686;4,13419000
266,33424686;4,13419000
266,41616686;4,08932800
266,49808686;4,13419000
266,58000686;4,08932800
266,66192686;4,08932800
266,74384686;4,08932800
266,82576686;4,04431300
266,90768686;4,04431300
266,98960685;4,04431300
267,07152685;4,04431300
267,15344685;4,04431300
267,23536685;4,04431300
267,31728685;4,04431300
267,39920685;4,04431300
267,48112685;3,99929800
267,56304685;3,95443600
267,64496685;3,95443600
267,72688685;3,95443600
267,80880685;3,95443600
267,89072685;3,95443600
267,97264685;3,95443600
268,05456685;3,95443600
268,13648685;3,95443600
268,21840685;3,95443600
268,30032685;3,90942100
268,38224685;3,90942100
268,46416685;3,90942100
268,54608685;3,90942100
268,62800684;3,86455900
268,70992684;3,86455900
268,79184684;3,86455900
268,87376684;3,86455900
268,95568684;3,86455900
269,03760684;3,86455900
269,11952684;3,86455900
269,20144684;3,90942100
269,28336684;3,90942100
269,36528684;3,95443600
269,44720684;4,04431300
269,52912684;4,08932800
269,61104684;4,13419000
269,69296684;4,13419000
269,77488684;4,22406700
269,85680684;4,26908200
269,93872684;4,31409600
270,02064684;4,35895900
270,10256684;4,40397400
270,18448684;4,40397400
270,26640683;4,44883600
270,34832683;4,49385100
270,43024683;4,49385100
270,51216683;4,49385100
270,59408683;4,53871300
270,67600683;4,53871300
270,75792683;4,58372700
270,83984683;4,58372700
270,92176683;4,58372700
271,00368683;4,58372700
271,08560683;4,62874200
271,16752683;4,62874200
271,24944683;4,62874200
271,33136683;4,58372700
271,41328683;4,58372700
271,49520683;4,58372700
271,57712683;4,58372700
271,65904683;4,58372700
271,74096683;4,58372700
271,82288683;4,58372700
271,90480682;4,58372700
271,98672682;4,58372700
272,06864682;4,53871300
272,15056682;4,53871300
272,23248682;4,53871300
272,31440682;4,49385100
272,39632682;4,49385100
272,47824682;4,49385100
272,56016682;4,49385100
272,64208682;4,49385100
272,72400682;4,49385100
272,80592682;4,49385100
272,88784682;4,49385100
272,96976682;4,49385100
273,05168682;4,44883600
273,13360682;4,44883600
273,21552682;4,44883600
273,29744682;4,40397400
273,37936682;4,40397400
273,46128682;4,40397400
273,54320681;4,40397400
273,62512681;4,40397400
273,70704681;4,40397400
273,78896681;4,35895900
273,87088681;4,35895900
273,95280681;4,31409600
274,03472681;4,31409600
274,11664681;4,35895900
274,19856681;4,31409600
274,28048681;4,31409600
274,36240681;4,31409600
274,44432681;4,31409600
274,52624681;4,31409600
274,60816681;4,31409600
274,69008681;4,31409600
274,77200681;4,26908200
274,85392681;4,26908200
274,93584681;4,26908200
275,01776681;4,26908200
275,09968681;4,22406700
275,18160680;4,22406700
275,26352680;4,22406700
275,34544680;4,22406700
275,42736680;4,22406700
275,50928680;4,22406700
275,59120680;4,22406700
275,67312680;4,17920400
275,75504680;4,17920400
275,83696680;4,13419000
275,91888680;4,17920400
276,00080680;4,13419000
276,08272680;4,13419000
276,16464680;4,13419000
276,24656680;4,13419000
276,32848680;4,13419000
276,41040680;4,13419000
276,49232680;4,08932800
276,57424680;4,08932800
276,65616680;4,08932800
276,73808680;4,08932800
276,82000679;4,04431300
276,90192679;4,04431300
276,98384679;4,04431300
277,06576679;4,04431300
277,14768679;4,04431300
277,22960679;4,04431300
277,31152679;4,04431300
277,39344679;3,99929800
277,47536679;3,99929800
277,55728679;3,99929800
277,63920679;3,99929800
277,72112679;3,99929800
277,80304679;3,95443600
277,88496679;3,95443600
277,96688679;3,95443600
278,04880679;3,95443600
278,13072679;3,95443600
278,21264679;3,95443600
278,29456679;3,95443600
278,37648679;3,95443600
278,45840678;3,90942100
278,54032678;3,90942100
278,62224678;3,90942100
278,70416678;3,86455900
278,78608678;3,86455900
278,86800678;3,86455900
278,94992678;3,86455900
279,03184678;3,86455900
279,11376678;3,86455900
279,19568678;3,90942100
279,27760678;3,90942100
279,35952678;3,95443600
279,44144678;3,99929800
279,52336678;4,04431300
279,60528678;4,08932800
279,68720678;4,13419000
279,76912678;4,22406700
279,85104678;4,22406700
279,93296678;4,26908200
280,01488678;4,31409600
280,09680677;4,35895900
280,17872677;4,40397400
280,26064677;4,40397400
280,34256677;4,44883600
280,42448677;4,49385100
280,50640677;4,49385100
280,58832677;4,49385100
280,67024677;4,53871300
280,75216677;4,53871300
280,83408677;4,58372700
280,91600677;4,58372700
280,99792677;4,58372700
281,07984677;4,58372700
281,16176677;4,58372700
281,24368677;4,62874200
281,32560677;4,62874200
281,40752677;4,58372700
281,48944677;4,58372700
281,57136677;4,58372700
281,65328677;4,58372700
281,73520677;4,58372700
281,81712676;4,58372700
281,89904676;4,58372700
281,98096676;4,58372700
282,06288676;4,49385100
282,14480676;4,53871300
282,22672676;4,53871300
282,30864676;4,49385100
282,39056676;4,49385100
282,47248676;4,49385100
282,55440676;4,49385100
282,63632676;4,49385100
282,71824676;4,49385100
282,80016676;4,49385100
282,88208676;4,44883600
282,96400676;4,44883600
283,04592676;4,44883600
283,12784676;4,40397400
283,20976676;4,44883600
283,29168676;4,40397400
283,37360676;4,40397400
283,45552675;4,40397400
283,53744675;4,40397400
283,61936675;4,40397400
283,70128675;4,40397400
283,78320675;4,35895900
283,86512675;4,35895900
283,94704675;4,35895900
284,02896675;4,31409600
284,11088675;4,31409600
284,19280675;4,31409600
284,27472675;4,31409600
284,35664675;4,31409600
284,43856675;4,31409600
284,52048675;4,31409600
284,60240675;4,31409600
284,68432675;4,26908200
284,76624675;4,26908200
284,84816675;4,26908200
284,93008675;4,22406700
285,01200675;4,22406700
285,09392674;4,22406700
285,17584674;4,22406700
285,25776674;4,22406700
285,33968674;4,22406700
285,42160674;4,22406700
285,50352674;4,17920400
285,58544674;4,17920400
285,66736674;4,17920400
285,74928674;4,17920400
285,83120674;4,17920400
285,91312674;4,13419000
285,99504674;4,13419000
286,07696674;4,13419000
286,15888674;4,13419000
286,24080674;4,13419000
286,32272674;4,13419000
286,40464674;4,13419000
286,48656674;4,08932800
286,56848674;4,13419000
286,65040674;4,08932800
286,73232673;4,08932800
286,81424673;4,08932800
286,89616673;4,04431300
286,97808673;4,04431300
287,06000673;4,04431300
287,14192673;4,04431300
287,22384673;4,04431300
287,30576673;4,04431300
287,38768673;3,99929800
287,46960673;3,99929800
287,55152673;3,99929800
287,63344673;3,95443600
287,71536673;3,95443600
287,79728673;3,95443600
287,87920673;3,95443600
287,96112673;3,95443600
288,04304673;3,95443600
288,12496673;3,95443600
288,20688673;3,95443600
288,28880673;3,95443600
288,37072672;3,90942100
288,45264672;3,90942100
288,53456672;3,90942100
288,61648672;3,90942100
288,69840672;3,90942100
288,78032672;3,86455900
288,86224672;3,86455900
288,94416672;3,86455900
289,02608672;3,86455900
289,10800672;3,86455900
289,18992672;3,90942100
289,27184672;3,95443600
289,35376672;3,95443600
289,43568672;4,04431300
289,51760672;4,04431300
289,59952672;4,13419000
289,68144672;4,17920400
289,76336672;4,22406700
289,84528672;4,31409600
289,92720672;4,31409600
290,00912671;4,35895900
290,09104671;4,40397400
290,17296671;4,40397400
290,25488671;4,44883600
290,33680671;4,49385100
290,41872671;4,49385100
290,50064671;4,49385100
290,58256671;4,49385100
290,66448671;4,53871300
290,74640671;4,58372700
290,82832671;4,58372700
290,91024671;4,58372700
290,99216671;4,62874200
291,07408671;4,58372700
291,15600671;4,58372700
291,23792671;4,62874200
291,31984671;4,62874200
291,40176671;4,62874200
291,48368671;4,62874200
291,56560671;4,58372700
291,64752670;4,58372700
291,72944670;4,58372700
291,81136670;4,58372700
291,89328670;4,58372700
291,97520670;4,53871300
292,05712670;4,58372700
292,13904670;4,53871300
292,22096670;4,49385100
292,30288670;4,49385100
292,38480670;4,49385100
292,46672670;4,49385100
292,54864670;4,49385100
292,63056670;4,49385100
292,71248670;4,49385100
292,79440670;4,49385100
292,87632670;4,49385100
292,95824670;4,44883600
293,04016670;4,44883600
293,12208670;4,44883600
293,20400670;4,40397400
293,28592669;4,40397400
293,36784669;4,40397400
293,44976669;4,40397400
293,53168669;4,40397400
293,61360669;4,40397400
293,69552669;4,40397400
293,77744669;4,40397400
293,85936669;4,40397400
293,94128669;4,35895900
294,02320669;4,31409600
294,10512669;4,31409600
294,18704669;4,31409600
294,26896669;4,31409600
294,35088669;4,31409600
294,43280669;4,31409600
294,51472669;4,31409600
294,59664669;4,31409600
294,67856669;4,31409600
294,76048669;4,26908200
294,84240669;4,26908200
294,92432668;4,26908200
295,00624668;4,22406700
295,08816668;4,22406700
295,17008668;4,22406700
295,25200668;4,22406700
295,33392668;4,22406700
295,41584668;4,22406700
295,49776668;4,22406700
295,57968668;4,17920400
295,66160668;4,17920400
295,74352668;4,17920400
295,82544668;4,17920400
295,90736668;4,13419000
295,98928668;4,13419000
296,07120668;4,13419000
296,15312668;4,13419000
296,23504668;4,13419000
296,31696668;4,13419000
296,39888668;4,13419000
296,48080668;4,13419000
296,56272667;4,08932800
296,64464667;4,08932800
296,72656667;4,08932800
296,80848667;4,04431300
296,89040667;4,04431300
296,97232667;4,04431300
297,05424667;4,04431300
297,13616667;4,04431300
297,21808667;4,04431300
297,30000667;4,04431300
297,38192667;3,99929800
297,46384667;3,99929800
297,54576667;3,99929800
297,62768667;3,95443600
297,70960667;3,95443600
297,79152667;3,95443600
297,87344667;3,95443600
297,95536667;3,95443600
298,03728667;3,95443600
298,11920667;3,95443600
298,20112666;3,95443600
298,28304666;3,95443600
298,36496666;3,95443600
298,44688666;3,90942100
298,52880666;3,90942100
298,61072666;3,90942100
298,69264666;3,90942100
298,77456666;3,90942100
298,85648666;3,86455900
298,93840666;3,86455900
299,02032666;3,86455900
299,10224666;3,86455900
299,18416666;3,86455900
299,26608666;3,90942100
299,34800666;3,95443600
299,42992666;3,95443600
299,51184666;4,04431300
299,59376666;4,08932800
299,67568666;4,13419000
299,75760666;4,13419000
299,83952665;4,22406700
299,92144665;4,26908200
300,00336665;4,31409600
300,08528665;4,35895900
300,16720665;4,40397400
300,24912665;4,40397400
300,33104665;4,44883600
300,41296665;4,49385100
300,49488665;4,49385100
300,57680665;4,49385100
300,65872665;4,49385100
300,74064665;4,49385100
300,82256665;4,53871300
300,90448665;4,58372700
300,98640665;4,58372700
301,06832665;4,58372700
301,15024665;4,58372700
301,23216665;4,58372700
301,31408665;4,58372700
301,39600665;4,58372700
301,47792665;4,58372700
301,55984664;4,58372700
301,64176664;4,58372700
301,72368664;4,58372700
301,80560664;4,58372700
301,88752664;4,58372700
301,96944664;4,58372700
302,05136664;4,53871300
302,13328664;4,53871300
302,21520664;4,53871300
302,29712664;4,53871300
302,37904664;4,49385100
302,46096664;4,49385100
302,54288664;4,49385100
302,62480664;4,49385100
302,70672664;4,49385100
302,78864664;4,49385100
302,87056664;4,44883600
302,95248664;4,44883600
303,03440664;4,44883600
303,11632664;4,44883600
303,19824663;4,40397400
303,28016663;4,40397400
303,36208663;4,40397400
303,44400663;4,40397400
303,52592663;4,40397400
303,60784663;4,40397400
303,68976663;4,40397400
303,77168663;4,35895900
303,85360663;4,35895900
303,93552663;4,35895900
304,01744663;4,31409600
304,09936663;4,31409600
304,18128663;4,31409600
304,26320663;4,31409600
304,34512663;4,31409600
304,42704663;4,31409600
304,50896663;4,31409600
304,59088663;4,26908200
304,67280663;4,26908200
304,75472663;4,26908200
304,83664662;4,26908200
304,91856662;4,22406700
305,00048662;4,22406700
305,08240662;4,22406700
305,16432662;4,22406700
305,24624662;4,22406700
305,32816662;4,22406700
305,41008662;4,17920400
305,49200662;4,22406700
305,57392662;4,17920400
305,65584662;4,17920400
305,73776662;4,17920400
305,81968662;4,13419000
305,90160662;4,17920400
305,98352662;4,13419000
306,06544662;4,13419000
306,14736662;4,13419000
306,22928662;4,13419000
306,31120662;4,13419000
306,39312662;4,13419000
306,47504661;4,13419000
306,55696661;4,08932800
306,63888661;4,04431300
306,72080661;4,08932800
306,80272661;4,08932800
306,88464661;4,04431300
306,96656661;4,04431300
307,04848661;4,04431300
307,13040661;4,04431300
307,21232661;4,04431300
307,29424661;4,04431300
307,37616661;4,04431300
307,45808661;3,99929800
307,54000661;3,95443600
307,62192661;3,95443600
307,70384661;3,95443600
307,78576661;3,95443600
307,86768661;3,95443600
307,94960661;3,95443600
308,03152661;3,95443600
308,11344660;3,95443600
308,19536660;3,95443600
308,27728660;3,95443600
308,35920660;3,90942100
308,44112660;3,95443600
308,52304660;3,90942100
308,60496660;3,90942100
308,68688660;3,90942100
308,76880660;3,86455900
308,85072660;3,86455900
308,93264660;3,86455900
309,01456660;3,86455900
309,09648660;3,86455900
309,17840660;3,90942100
309,26032660;3,95443600
309,34224660;3,95443600
309,42416660;3,99929800
309,50608660;4,04431300
309,58800660;4,13419000
309,66992660;4,13419000
309,75184659;4,22406700
309,83376659;4,26908200
309,91568659;4,31409600
309,99760659;4,31409600
310,07952659;4,40397400
310,16144659;4,40397400
310,24336659;4,44883600
310,32528659;4,49385100
310,40720659;4,49385100
310,48912659;4,49385100
310,57104659;4,53871300
310,65296659;4,58372700
310,73488659;4,58372700
310,81680659;4,58372700
310,89872659;4,58372700
310,98064659;4,58372700
311,06256659;4,58372700
311,14448659;4,62874200
311,22640659;4,62874200
311,30832659;4,62874200
311,39024658;4,58372700
311,47216658;4,62874200
311,55408658;4,58372700
311,63600658;4,58372700
311,71792658;4,58372700
311,79984658;4,58372700
311,88176658;4,58372700
311,96368658;4,58372700
312,04560658;4,53871300
312,12752658;4,53871300
312,20944658;4,53871300
312,29136658;4,49385100
312,37328658;4,49385100
312,45520658;4,49385100
312,53712658;4,49385100
312,61904658;4,49385100
312,70096658;4,49385100
312,78288658;4,49385100
312,86480658;4,44883600
312,94672658;4,49385100
313,02864657;4,44883600
313,11056657;4,44883600
313,19248657;4,44883600
313,27440657;4,40397400
313,35632657;4,40397400
313,43824657;4,40397400
313,52016657;4,40397400
313,60208657;4,40397400
313,68400657;4,40397400
313,76592657;4,35895900
313,84784657;4,35895900
313,92976657;4,35895900
314,01168657;4,35895900
314,09360657;4,31409600
314,17552657;4,31409600
314,25744657;4,31409600
314,33936657;4,31409600
314,42128657;4,31409600
314,50320657;4,31409600
314,58512657;4,31409600
314,66704656;4,31409600
314,74896656;4,26908200
314,83088656;4,26908200
314,91280656;4,22406700
314,99472656;4,22406700
315,07664656;4,22406700
315,15856656;4,22406700
315,24048656;4,22406700
315,32240656;4,22406700
315,40432656;4,22406700
315,48624656;4,17920400
315,56816656;4,17920400
315,65008656;4,13419000
315,73200656;4,17920400
315,81392656;4,17920400
315,89584656;4,13419000
315,97776656;4,13419000
316,05968656;4,13419000
316,14160656;4,13419000
316,22352656;4,13419000
316,30544655;4,13419000
316,38736655;4,13419000
316,46928655;4,13419000
316,55120655;4,08932800
316,63312655;4,08932800
316,71504655;4,08932800
316,79696655;4,08932800
316,87888655;4,04431300
316,96080655;4,04431300
317,04272655;4,04431300
317,12464655;4,04431300
317,20656655;4,04431300
317,28848655;4,04431300
317,37040655;4,04431300
317,45232655;3,99929800
317,53424655;3,99929800
317,61616655;3,95443600
317,69808655;3,95443600
317,78000655;3,95443600
317,86192655;3,95443600
317,94384654;3,95443600
318,02576654;3,95443600
318,10768654;3,95443600
318,18960654;3,95443600
318,27152654;3,95443600
318,35344654;3,95443600
318,43536654;3,90942100
318,51728654;3,90942100
318,59920654;3,90942100
318,68112654;3,90942100
318,76304654;3,86455900
318,84496654;3,90942100
318,92688654;3,86455900
319,00880654;3,86455900
319,09072654;3,86455900
319,17264654;3,86455900
319,25456654;3,90942100
319,33648654;3,95443600
319,41840654;3,95443600
319,50032654;4,04431300
319,58224653;4,04431300
319,66416653;4,13419000
319,74608653;4,13419000
319,82800653;4,22406700
319,90992653;4,26908200
319,99184653;4,31409600
320,07376653;4,31409600
320,15568653;4,40397400
320,23760653;4,40397400
320,31952653;4,40397400
320,40144653;4,49385100
320,48336653;4,49385100
320,56528653;4,49385100
320,64720653;4,49385100
320,72912653;4,53871300
320,81104653;4,53871300
320,89296653;4,58372700
320,97488653;4,58372700
321,05680653;4,58372700
321,13872653;4,62874200
321,22064653;4,58372700
321,30256652;4,62874200
321,38448652;4,58372700
321,46640652;4,58372700
321,54832652;4,58372700
321,63024652;4,58372700
321,71216652;4,58372700
321,79408652;4,58372700
321,87600652;4,58372700
321,95792652;4,58372700
322,03984652;4,53871300
322,12176652;4,53871300
322,20368652;4,53871300
322,28560652;4,49385100
322,36752652;4,49385100
322,44944652;4,49385100
322,53136652;4,49385100
322,61328652;4,49385100
322,69520652;4,49385100
322,77712652;4,49385100
322,85904652;4,44883600
322,94096651;4,49385100
323,02288651;4,44883600
323,10480651;4,44883600
323,18672651;4,40397400
323,26864651;4,40397400
323,35056651;4,40397400
323,43248651;4,40397400
323,51440651;4,40397400
323,59632651;4,40397400
323,67824651;4,40397400
323,76016651;4,35895900
323,84208651;4,35895900
323,92400651;4,35895900
324,00592651;4,35895900
324,08784651;4,31409600
324,16976651;4,31409600
324,25168651;4,31409600
324,33360651;4,31409600
324,41552651;4,31409600
324,49744651;4,31409600
324,57936650;4,26908200
324,66128650;4,26908200
324,74320650;4,26908200
324,82512650;4,26908200
324,90704650;4,22406700
324,98896650;4,22406700
325,07088650;4,22406700
325,15280650;4,22406700
325,23472650;4,22406700
325,31664650;4,22406700
325,39856650;4,22406700
325,48048650;4,22406700
325,56240650;4,17920400
325,64432650;4,17920400
325,72624650;4,13419000
325,80816650;4,13419000
325,89008650;4,13419000
325,97200650;4,13419000
326,05392650;4,13419000
326,13584650;4,13419000
326,21776649;4,13419000
326,29968649;4,13419000
326,38160649;4,08932800
326,46352649;4,08932800
326,54544649;4,08932800
326,62736649;4,08932800
326,70928649;4,08932800
326,79120649;4,04431300
326,87312649;4,04431300
326,95504649;4,04431300
327,03696649;4,04431300
327,11888649;4,04431300
327,20080649;4,04431300
327,28272649;4,04431300
327,36464649;4,04431300
327,44656649;4,04431300
327,52848649;3,99929800
327,61040649;3,95443600
327,69232649;3,99929800
327,77424649;3,95443600
327,85616648;3,95443600
327,93808648;3,95443600
328,02000648;3,95443600
328,10192648;3,95443600
328,18384648;3,95443600
328,26576648;3,95443600
328,34768648;3,90942100
328,42960648;3,90942100
328,51152648;3,90942100
328,59344648;3,90942100
328,67536648;3,86455900
328,75728648;3,86455900
328,83920648;3,86455900
328,92112648;3,86455900
329,00304648;3,86455900
329,08496648;3,86455900
329,16688648;3,86455900
329,24880648;3,90942100
329,33072648;3,95443600
329,41264648;3,99929800
329,49456647;4,04431300
329,57648647;4,08932800
329,65840647;4,13419000
329,74032647;4,22406700
329,82224647;4,26908200
329,90416647;4,31409600
329,98608647;4,31409600
330,06800647;4,40397400
330,14992647;4,40397400
330,23184647;4,44883600
330,31376647;4,49385100
330,39568647;4,49385100
330,47760647;4,49385100
330,55952647;4,53871300
330,64144647;4,53871300
330,72336647;4,53871300
330,80528647;4,58372700
330,88720647;4,58372700
330,96912647;4,58372700
331,05104647;4,58372700
331,13296646;4,58372700
331,21488646;4,62874200
331,29680646;4,62874200
331,37872646;4,58372700
331,46064646;4,62874200
331,54256646;4,58372700
331,62448646;4,58372700
331,70640646;4,58372700
331,78832646;4,58372700
331,87024646;4,58372700
331,95216646;4,58372700
332,03408646;4,58372700
332,11600646;4,53871300
332,19792646;4,53871300
332,27984646;4,49385100
332,36176646;4,49385100
332,44368646;4,49385100
332,52560646;4,49385100
332,60752646;4,49385100
332,68944646;4,49385100
332,77136645;4,49385100
332,85328645;4,49385100
332,93520645;4,49385100
333,01712645;4,44883600
333,09904645;4,44883600
333,18096645;4,44883600
333,26288645;4,40397400
333,34480645;4,40397400
333,42672645;4,40397400
333,50864645;4,40397400
333,59056645;4,40397400
333,67248645;4,40397400
333,75440645;4,35895900
333,83632645;4,40397400
333,91824645;4,35895900
334,00016645;4,31409600
334,08208645;4,31409600
334,16400645;4,31409600
334,24592645;4,31409600
334,32784645;4,31409600
334,40976644;4,31409600
334,49168644;4,31409600
334,57360644;4,31409600
334,65552644;4,31409600
334,73744644;4,31409600
334,81936644;4,26908200
334,90128644;4,26908200
334,98320644;4,22406700
335,06512644;4,22406700
335,14704644;4,22406700
335,22896644;4,22406700
335,31088644;4,22406700
335,39280644;4,22406700
335,47472644;4,22406700
335,55664644;4,22406700
335,63856644;4,17920400
335,72048644;4,17920400
335,80240644;4,13419000
335,88432644;4,17920400
335,96624644;4,17920400
336,04816643;4,13419000
336,13008643;4,13419000
336,21200643;4,13419000
336,29392643;4,13419000
336,37584643;4,13419000
336,45776643;4,13419000
336,53968643;4,13419000
336,62160643;4,08932800
336,70352643;4,08932800
336,78544643;4,04431300
336,86736643;4,04431300
336,94928643;4,04431300
337,03120643;4,04431300
337,11312643;4,04431300
337,19504643;4,04431300
337,27696643;4,04431300
337,35888643;4,04431300
337,44080643;4,04431300
337,52272643;3,99929800
337,60464643;3,95443600
337,68656642;3,99929800
337,76848642;3,95443600
337,85040642;3,95443600
337,93232642;3,95443600
338,01424642;3,95443600
338,09616642;3,95443600
338,17808642;3,95443600
338,26000642;3,95443600
338,34192642;3,95443600
338,42384642;3,90942100
338,50576642;3,90942100
338,58768642;3,90942100
338,66960642;3,90942100
338,75152642;3,90942100
338,83344642;3,86455900
338,91536642;3,86455900
338,99728642;3,86455900
339,07920642;3,86455900
339,16112642;3,86455900
339,24304642;3,90942100
339,32496642;3,90942100
339,40688641;3,95443600
339,48880641;3,99929800
339,57072641;4,04431300
339,65264641;4,13419000
339,73456641;4,13419000
339,81648641;4,17920400
339,89840641;4,26908200
339,98032641;4,31409600
340,06224641;4,31409600
340,14416641;4,35895900
340,22608641;4,40397400
340,30800641;4,40397400
340,38992641;4,44883600
340,47184641;4,49385100
340,55376641;4,49385100
340,63568641;4,49385100
340,71760641;4,53871300
340,79952641;4,53871300
340,88144641;4,58372700
340,96336641;4,58372700
341,04528640;4,58372700
341,12720640;4,58372700
341,20912640;4,58372700
341,29104640;4,58372700
341,37296640;4,58372700
341,45488640;4,58372700
341,53680640;4,58372700
341,61872640;4,58372700
341,70064640;4,58372700
341,78256640;4,58372700
341,86448640;4,58372700
341,94640640;4,58372700
342,02832640;4,58372700
342,11024640;4,53871300
342,19216640;4,53871300
342,27408640;4,53871300
342,35600640;4,49385100
342,43792640;4,49385100
342,51984640;4,49385100
342,60176640;4,49385100
342,68368639;4,49385100
342,76560639;4,49385100
342,84752639;4,49385100
342,92944639;4,49385100
343,01136639;4,49385100
343,09328639;4,44883600
343,17520639;4,44883600
343,25712639;4,40397400
343,33904639;4,40397400
343,42096639;4,40397400
343,50288639;4,40397400
343,58480639;4,40397400
343,66672639;4,40397400
343,74864639;4,40397400
343,83056639;4,35895900
343,91248639;4,31409600
343,99440639;4,35895900
344,07632639;4,31409600
344,15824639;4,31409600
344,24016639;4,31409600
344,32208638;4,31409600
344,40400638;4,31409600
344,48592638;4,31409600
344,56784638;4,26908200
344,64976638;4,26908200
344,73168638;4,26908200
344,81360638;4,26908200
344,89552638;4,22406700
344,97744638;4,22406700
345,05936638;4,22406700
345,14128638;4,22406700
345,22320638;4,22406700
345,30512638;4,22406700
345,38704638;4,22406700
345,46896638;4,22406700
345,55088638;4,22406700
345,63280638;4,17920400
345,71472638;4,17920400
345,79664638;4,13419000
345,87856638;4,13419000
345,96048637;4,13419000
346,04240637;4,13419000
346,12432637;4,13419000
346,20624637;4,13419000
346,28816637;4,13419000
346,37008637;4,13419000
346,45200637;4,08932800
346,53392637;4,08932800
346,61584637;4,08932800
346,69776637;4,08932800
346,77968637;4,08932800
346,86160637;4,04431300
346,94352637;4,04431300
347,02544637;4,04431300
347,10736637;4,04431300
347,18928637;4,04431300
347,27120637;4,04431300
347,35312637;3,99929800
347,43504637;4,04431300
347,51696637;3,99929800
347,59888636;3,95443600
347,68080636;3,95443600
347,76272636;3,95443600
347,84464636;3,95443600
347,92656636;3,95443600
348,00848636;3,95443600
348,09040636;3,95443600
348,17232636;3,95443600
348,25424636;3,95443600
348,33616636;3,95443600
348,41808636;3,95443600
348,50000636;3,90942100
348,58192636;3,86455900
348,66384636;3,90942100
348,74576636;3,86455900
348,82768636;3,90942100
348,90960636;3,86455900
348,99152636;3,86455900
349,07344636;3,86455900
349,15536636;3,86455900
349,23728635;3,90942100
349,31920635;3,95443600
349,40112635;3,95443600
349,48304635;4,04431300
349,56496635;4,08932800
349,64688635;4,13419000
349,72880635;4,17920400
349,81072635;4,22406700
349,89264635;4,31409600
349,97456635;4,31409600
350,05648635;4,35895900
350,13840635;4,40397400
350,22032635;4,40397400
350,30224635;4,44883600
350,38416635;4,49385100
350,46608635;4,49385100
350,54800635;4,49385100
350,62992635;4,53871300
350,71184635;4,58372700
350,79376635;4,58372700
350,87568634;4,58372700
350,95760634;4,58372700
351,03952634;4,58372700
351,12144634;4,62874200
351,20336634;4,58372700
351,28528634;4,58372700
351,36720634;4,62874200
351,44912634;4,58372700
351,53104634;4,58372700
351,61296634;4,58372700
351,69488634;4,58372700
351,77680634;4,58372700
351,85872634;4,58372700
351,94064634;4,58372700
352,02256634;4,58372700
352,10448634;4,53871300
352,18640634;4,53871300
352,26832634;4,53871300
352,35024634;4,53871300
352,43216634;4,49385100
352,51408633;4,49385100
352,59600633;4,49385100
352,67792633;4,49385100
352,75984633;4,49385100
352,84176633;4,49385100
352,92368633;4,49385100
353,00560633;4,44883600
353,08752633;4,44883600
353,16944633;4,40397400
353,25136633;4,40397400
353,33328633;4,40397400
353,41520633;4,40397400
353,49712633;4,40397400
353,57904633;4,40397400
353,66096633;4,40397400
353,74288633;4,40397400
353,82480633;4,40397400
353,90672633;4,35895900
353,98864633;4,35895900
354,07056633;4,31409600
354,15248632;4,31409600
354,23440632;4,31409600
354,31632632;4,31409600
354,39824632;4,31409600
354,48016632;4,31409600
354,56208632;4,31409600
354,64400632;4,31409600
354,72592632;4,26908200
354,80784632;4,26908200
354,88976632;4,22406700
354,97168632;4,26908200
355,05360632;4,22406700
355,13552632;4,22406700
355,21744632;4,22406700
355,29936632;4,22406700
355,38128632;4,22406700
355,46320632;4,22406700
355,54512632;4,17920400
355,62704632;4,22406700
355,70896632;4,17920400
355,79088631;4,13419000
355,87280631;4,13419000
355,95472631;4,13419000
356,03664631;4,13419000
356,11856631;4,13419000
356,20048631;4,13419000
356,28240631;4,13419000
356,36432631;4,13419000
356,44624631;4,13419000
356,52816631;4,13419000
356,61008631;4,08932800
356,69200631;4,08932800
356,77392631;4,04431300
356,85584631;4,04431300
356,93776631;4,04431300
357,01968631;4,04431300
357,10160631;4,04431300
357,18352631;4,04431300
357,26544631;4,04431300
357,34736631;4,04431300
357,42928630;3,99929800
357,51120630;3,99929800
357,59312630;3,99929800
357,67504630;3,99929800
357,75696630;3,95443600
357,83888630;3,95443600
357,92080630;3,95443600
358,00272630;3,95443600
358,08464630;3,95443600
358,16656630;3,95443600
358,24848630;3,95443600
358,33040630;3,95443600
358,41232630;3,90942100
358,49424630;3,90942100
358,57616630;3,90942100
358,65808630;3,90942100
358,74000630;3,86455900
358,82192630;3,90942100
358,90384630;3,86455900
358,98576630;3,90942100
359,06768630;3,86455900
359,14960629;3,86455900
359,23152629;3,90942100
359,31344629;3,95443600
359,39536629;3,95443600
359,47728629;3,99929800
359,55920629;4,04431300
359,64112629;4,13419000
359,72304629;4,13419000
359,80496629;4,22406700
359,88688629;4,26908200
359,96880629;4,31409600
360,05072629;4,31409600
360,13264629;4,35895900
360,21456629;4,40397400
360,29648629;4,44883600
360,37840629;4,44883600
360,46032629;4,49385100
360,54224629;4,49385100
360,62416629;4,49385100
360,70608629;4,49385100
360,78800628;4,53871300
360,86992628;4,58372700
360,95184628;4,58372700
361,03376628;4,58372700
361,11568628;4,62874200
361,19760628;4,58372700
361,27952628;4,58372700
361,36144628;4,58372700
361,44336628;4,58372700
361,52528628;4,58372700
361,60720628;4,58372700
361,68912628;4,58372700
361,77104628;4,58372700
361,85296628;4,58372700
361,93488628;4,58372700
362,01680628;4,53871300
362,09872628;4,53871300
362,18064628;4,53871300
362,26256628;4,49385100
362,34448628;4,49385100
362,42640627;4,49385100
362,50832627;4,49385100
362,59024627;4,49385100
362,67216627;4,49385100
362,75408627;4,44883600
362,83600627;4,49385100
362,91792627;4,44883600
362,99984627;4,49385100
363,08176627;4,40397400
363,16368627;4,44883600
363,24560627;4,44883600
363,32752627;4,40397400
363,40944627;4,40397400
363,49136627;4,40397400
363,57328627;4,40397400
363,65520627;4,40397400
363,73712627;4,35895900
363,81904627;4,40397400
363,90096627;4,35895900
363,98288627;4,31409600
364,06480626;4,31409600
364,14672626;4,31409600
364,22864626;4,31409600
364,31056626;4,31409600
364,39248626;4,31409600
364,47440626;4,31409600
364,55632626;4,31409600
364,63824626;4,26908200
364,72016626;4,31409600
364,80208626;4,26908200
364,88400626;4,26908200
364,96592626;4,22406700
365,04784626;4,22406700
365,12976626;4,22406700
365,21168626;4,22406700
365,29360626;4,22406700
365,37552626;4,17920400
365,45744626;4,17920400
365,53936626;4,17920400
365,62128626;4,17920400
365,70320625;4,17920400
365,78512625;4,13419000
365,86704625;4,13419000
365,94896625;4,13419000
366,03088625;4,13419000
366,11280625;4,13419000
366,19472625;4,13419000
366,27664625;4,13419000
366,35856625;4,13419000
366,44048625;4,13419000
366,52240625;4,08932800
366,60432625;4,08932800
366,68624625;4,04431300
366,76816625;4,08932800
366,85008625;4,04431300
366,93200625;4,04431300
367,01392625;4,04431300
367,09584625;4,04431300
367,17776625;4,04431300
367,25968625;4,04431300
367,34160624;4,04431300
367,42352624;4,04431300
367,50544624;3,99929800
367,58736624;3,95443600
367,66928624;3,95443600
367,75120624;3,95443600
367,83312624;3,95443600
367,91504624;3,95443600
367,99696624;3,95443600
368,07888624;3,95443600
368,16080624;3,95443600
368,24272624;3,95443600
368,32464624;3,90942100
368,40656624;3,90942100
368,48848624;3,90942100
368,57040624;3,90942100
368,65232624;3,86455900
368,73424624;3,86455900
368,81616624;3,86455900
368,89808624;3,86455900
368,98000623;3,86455900
369,06192623;3,86455900
369,14384623;3,90942100
369,22576623;3,90942100
369,30768623;3,95443600
369,38960623;3,95443600
369,47152623;4,04431300
369,55344623;4,08932800
369,63536623;4,13419000
369,71728623;4,22406700
369,79920623;4,22406700
369,88112623;4,26908200
369,96304623;4,31409600
370,04496623;4,31409600
370,12688623;4,40397400
370,20880623;4,40397400
370,29072623;4,44883600
370,37264623;4,49385100
370,45456623;4,49385100
370,53648623;4,49385100
370,61840622;4,49385100
370,70032622;4,58372700
370,78224622;4,58372700
370,86416622;4,58372700
370,94608622;4,58372700
371,02800622;4,62874200
371,10992622;4,58372700
371,19184622;4,62874200
371,27376622;4,62874200
371,35568622;4,62874200
371,43760622;4,58372700
371,51952622;4,58372700
371,60144622;4,58372700
371,68336622;4,62874200
371,76528622;4,58372700
371,84720622;4,58372700
371,92912622;4,58372700
372,01104622;4,53871300
372,09296622;4,53871300
372,17488622;4,53871300
372,25680621;4,53871300
372,33872621;4,49385100
372,42064621;4,49385100
372,50256621;4,49385100
372,58448621;4,49385100
372,66640621;4,49385100
372,74832621;4,49385100
372,83024621;4,49385100
372,91216621;4,49385100
372,99408621;4,44883600
373,07600621;4,44883600
373,15792621;4,44883600
373,23984621;4,40397400
373,32176621;4,40397400
373,40368621;4,40397400
373,48560621;4,40397400
373,56752621;4,40397400
373,64944621;4,40397400
373,73136621;4,40397400
373,81328621;4,40397400
373,89520620;4,40397400
373,97712620;4,35895900
374,05904620;4,31409600
374,14096620;4,31409600
374,22288620;4,31409600
374,30480620;4,31409600
374,38672620;4,31409600
374,46864620;4,31409600
374,55056620;4,31409600
374,63248620;4,31409600
374,71440620;4,26908200
374,79632620;4,26908200
374,87824620;4,26908200
374,96016620;4,26908200
375,04208620;4,22406700
375,12400620;4,22406700
375,20592620;4,22406700
375,28784620;4,22406700
375,36976620;4,22406700
375,45168620;4,22406700
375,53360619;4,17920400
375,61552619;4,17920400
375,69744619;4,17920400
375,77936619;4,17920400
375,86128619;4,17920400
375,94320619;4,17920400
376,02512619;4,13419000
376,10704619;4,13419000
376,18896619;4,13419000
376,27088619;4,13419000
376,35280619;4,13419000
376,43472619;4,13419000
376,51664619;4,13419000
376,59856619;4,08932800
376,68048619;4,04431300
376,76240619;4,04431300
376,84432619;4,04431300
376,92624619;4,04431300
377,00816619;4,04431300
377,09008619;4,04431300
377,17200618;4,04431300
377,25392618;4,04431300
377,33584618;4,04431300
377,41776618;4,04431300
377,49968618;3,99929800
377,58160618;3,99929800
377,66352618;3,95443600
377,74544618;3,95443600
377,82736618;3,95443600
377,90928618;3,95443600
377,99120618;3,95443600
378,07312618;3,95443600
378,15504618;3,95443600
378,23696618;3,95443600
378,31888618;3,95443600
378,40080618;3,90942100
378,48272618;3,90942100
378,56464618;3,90942100
378,64656618;3,86455900
378,72848618;3,90942100
378,81040618;3,86455900
378,89232617;3,86455900
378,97424617;3,86455900
379,05616617;3,86455900
379,13808617;3,86455900
379,22000617;3,90942100
379,30192617;3,90942100
379,38384617;3,95443600
379,46576617;3,99929800
379,54768617;4,04431300
379,62960617;4,08932800
379,71152617;4,13419000
379,79344617;4,17920400
379,87536617;4,22406700
379,95728617;4,26908200
380,03920617;4,31409600
380,12112617;4,31409600
380,20304617;4,40397400
380,28496617;4,40397400
380,36688617;4,44883600
380,44880617;4,49385100
380,53072616;4,49385100
380,61264616;4,49385100
380,69456616;4,53871300
380,77648616;4,53871300
380,85840616;4,58372700
380,94032616;4,58372700
381,02224616;4,58372700
381,10416616;4,58372700
381,18608616;4,58372700
381,26800616;4,62874200
381,34992616;4,58372700
381,43184616;4,58372700
381,51376616;4,62874200
381,59568616;4,58372700
381,67760616;4,58372700
381,75952616;4,58372700
381,84144616;4,53871300
381,92336616;4,58372700
382,00528616;4,53871300
382,08720616;4,53871300
382,16912615;4,49385100
382,25104615;4,49385100
382,33296615;4,49385100
382,41488615;4,49385100
382,49680615;4,49385100
382,57872615;4,49385100
382,66064615;4,49385100
382,74256615;4,49385100
382,82448615;4,49385100
382,90640615;4,44883600
382,98832615;4,44883600
383,07024615;4,44883600
383,15216615;4,44883600
383,23408615;4,40397400
383,31600615;4,40397400
383,39792615;4,40397400
383,47984615;4,40397400
383,56176615;4,40397400
383,64368615;4,40397400
383,72560615;4,40397400
383,80752614;4,35895900
383,88944614;4,31409600
383,97136614;4,31409600
384,05328614;4,31409600
384,13520614;4,31409600
384,21712614;4,31409600
384,29904614;4,31409600
384,38096614;4,31409600
384,46288614;4,31409600
384,54480614;4,31409600
384,62672614;4,26908200
384,70864614;4,31409600
384,79056614;4,26908200
384,87248614;4,26908200
384,95440614;4,26908200
385,03632614;4,22406700
385,11824614;4,22406700
385,20016614;4,22406700
385,28208614;4,22406700
385,36400614;4,22406700
385,44592613;4,22406700
385,52784613;4,17920400
385,60976613;4,17920400
385,69168613;4,17920400
385,77360613;4,13419000
385,85552613;4,13419000
385,93744613;4,13419000
386,01936613;4,13419000
386,10128613;4,13419000
386,18320613;4,13419000
386,26512613;4,13419000
386,34704613;4,08932800
386,42896613;4,13419000
386,51088613;4,08932800
386,59280613;4,08932800
386,67472613;4,08932800
386,75664613;4,08932800
386,83856613;4,04431300
386,92048613;4,04431300
387,00240613;4,04431300
387,08432612;4,04431300
387,16624612;4,04431300
387,24816612;4,04431300
387,33008612;4,04431300
387,41200612;4,04431300
387,49392612;3,95443600
387,57584612;3,95443600
387,65776612;3,95443600
387,73968612;3,95443600
387,82160612;3,95443600
387,90352612;3,95443600
387,98544612;3,95443600
388,06736612;3,95443600
388,14928612;3,95443600
388,23120612;3,95443600
388,31312612;3,95443600
388,39504612;3,90942100
388,47696612;3,90942100
388,55888612;3,90942100
388,64080612;3,90942100
388,72272611;3,86455900
388,80464611;3,86455900
388,88656611;3,86455900
388,96848611;3,86455900
389,05040611;3,86455900
389,13232611;3,86455900
389,21424611;3,90942100
389,29616611;3,95443600
389,37808611;3,95443600
389,46000611;4,04431300
389,54192611;4,08932800
389,62384611;4,13419000
389,70576611;4,17920400
389,78768611;4,22406700
389,86960611;4,26908200
389,95152611;4,31409600
390,03344611;4,35895900
390,11536611;4,40397400
390,19728611;4,40397400
390,27920611;4,44883600
390,36112610;4,49385100
390,44304610;4,49385100
390,52496610;4,49385100
390,60688610;4,53871300
390,68880610;4,53871300
390,77072610;4,58372700
390,85264610;4,58372700
390,93456610;4,58372700
391,01648610;4,58372700
391,09840610;4,58372700
391,18032610;4,62874200
391,26224610;4,62874200
391,34416610;4,58372700
391,42608610;4,58372700
391,50800610;4,58372700
391,58992610;4,58372700
391,67184610;4,58372700
391,75376610;4,58372700
391,83568610;4,58372700
391,91760610;4,58372700
391,99952609;4,53871300
392,08144609;4,53871300
392,16336609;4,53871300
392,24528609;4,53871300
392,32720609;4,49385100
392,40912609;4,49385100
392,49104609;4,49385100
392,57296609;4,49385100
392,65488609;4,49385100
392,73680609;4,49385100
392,81872609;4,49385100
392,90064609;4,49385100
392,98256609;4,49385100
393,06448609;4,44883600
393,14640609;4,44883600
393,22832609;4,40397400
393,31024609;4,40397400
393,39216609;4,40397400
393,47408609;4,40397400
393,55600609;4,40397400
393,63792608;4,40397400
393,71984608;4,40397400
393,80176608;4,40397400
393,88368608;4,40397400
393,96560608;4,35895900
394,04752608;4,31409600
394,12944608;4,31409600
394,21136608;4,31409600
394,29328608;4,31409600
394,37520608;4,31409600
394,45712608;4,31409600
394,53904608;4,31409600
394,62096608;4,31409600
394,70288608;4,31409600
394,78480608;4,26908200
394,86672608;4,26908200
394,94864608;4,26908200
395,03056608;4,22406700
395,11248608;4,22406700
395,19440608;4,22406700
395,27632607;4,22406700
395,35824607;4,22406700
395,44016607;4,22406700
395,52208607;4,22406700
395,60400607;4,17920400
395,68592607;4,17920400
395,76784607;4,13419000
395,84976607;4,13419000
395,93168607;4,13419000
396,01360607;4,13419000
396,09552607;4,13419000
396,17744607;4,13419000
396,25936607;4,13419000
396,34128607;4,13419000
396,42320607;4,13419000
396,50512607;4,13419000
396,58704607;4,08932800
396,66896607;4,08932800
396,75088607;4,08932800
396,83280607;4,08932800
396,91472607;4,04431300
396,99664606;4,04431300
397,07856606;4,04431300
397,16048606;4,04431300
397,24240606;4,04431300
397,32432606;4,04431300
397,40624606;4,04431300
397,48816606;3,99929800
397,57008606;3,99929800
397,65200606;3,95443600
397,73392606;3,99929800
397,81584606;3,95443600
397,89776606;3,95443600
397,97968606;3,95443600
398,06160606;3,95443600
398,14352606;3,95443600
398,22544606;3,95443600
398,30736606;3,95443600
398,38928606;3,90942100
398,47120606;3,90942100
398,55312606;3,90942100
398,63504605;3,90942100
398,71696605;3,90942100
398,79888605;3,86455900
398,88080605;3,86455900
398,96272605;3,86455900
399,04464605;3,86455900
399,12656605;3,86455900
399,20848605;3,90942100
399,29040605;3,90942100
399,37232605;3,95443600
399,45424605;3,95443600
399,53616605;4,04431300
399,61808605;4,08932800
399,70000605;4,13419000
399,78192605;4,17920400
399,86384605;4,22406700
399,94576605;4,31409600
400,02768605;4,31409600
400,10960605;4,35895900
400,19152605;4,40397400
400,27344604;4,44883600
400,35536604;4,44883600
400,43728604;4,49385100
400,51920604;4,49385100
400,60112604;4,49385100
400,68304604;4,49385100
400,76496604;4,53871300
400,84688604;4,53871300
400,92880604;4,58372700
401,01072604;4,58372700
401,09264604;4,58372700
401,17456604;4,58372700
401,25648604;4,58372700
401,33840604;4,58372700
401,42032604;4,58372700
401,50224604;4,58372700
401,58416604;4,58372700
401,66608604;4,58372700
401,74800604;4,58372700
401,82992604;4,58372700
401,91184603;4,53871300
401,99376603;4,58372700
402,07568603;4,53871300
402,15760603;4,49385100
402,23952603;4,49385100
402,32144603;4,49385100
402,40336603;4,49385100
402,48528603;4,49385100
402,56720603;4,49385100
402,64912603;4,49385100
402,73104603;4,49385100
402,81296603;4,49385100
402,89488603;4,44883600
402,97680603;4,44883600
403,05872603;4,40397400
403,14064603;4,44883600
403,22256603;4,40397400
403,30448603;4,40397400
403,38640603;4,40397400
403,46832603;4,40397400
403,55024602;4,40397400
403,63216602;4,40397400
403,71408602;4,40397400
403,79600602;4,35895900
403,87792602;4,31409600
403,95984602;4,31409600
404,04176602;4,31409600
404,12368602;4,31409600
404,20560602;4,31409600
404,28752602;4,31409600
404,36944602;4,31409600
404,45136602;4,31409600
404,53328602;4,31409600
404,61520602;4,31409600
404,69712602;4,26908200
404,77904602;4,26908200
404,86096602;4,22406700
404,94288602;4,26908200
405,02480602;4,22406700
405,10672602;4,22406700
405,18864601;4,22406700
405,27056601;4,22406700
405,35248601;4,22406700
405,43440601;4,22406700
405,51632601;4,22406700
405,59824601;4,17920400
405,68016601;4,17920400
405,76208601;4,13419000
405,84400601;4,13419000
405,92592601;4,13419000
406,00784601;4,13419000
406,08976601;4,13419000
406,17168601;4,13419000
406,25360601;4,13419000
406,33552601;4,13419000
406,41744601;4,13419000
406,49936601;4,04431300
406,58128601;4,08932800
406,66320601;4,08932800
406,74512601;4,04431300
406,82704600;4,04431300
406,90896600;4,04431300
406,99088600;4,04431300
407,07280600;4,04431300
407,15472600;4,04431300
407,23664600;4,04431300
407,31856600;4,04431300
407,40048600;3,99929800
407,48240600;3,99929800
407,56432600;3,99929800
407,64624600;3,95443600
407,72816600;3,95443600
407,81008600;3,95443600
407,89200600;3,95443600
407,97392600;3,95443600
408,05584600;3,95443600
408,13776600;3,95443600
408,21968600;3,95443600
408,30160600;3,90942100
408,38352600;3,90942100
408,46544599;3,90942100
408,54736599;3,90942100
408,62928599;3,86455900
408,71120599;3,90942100
408,79312599;3,86455900
408,87504599;3,86455900
408,95696599;3,86455900
409,03888599;3,86455900
409,12080599;3,86455900
409,20272599;3,86455900
409,28464599;3,95443600
409,36656599;3,95443600
409,44848599;4,04431300
409,53040599;4,04431300
409,61232599;4,13419000
409,69424599;4,13419000
409,77616599;4,22406700
409,85808599;4,31409600
409,94000599;4,31409600
410,02192599;4,31409600
410,10384598;4,40397400
410,18576598;4,40397400
410,26768598;4,44883600
410,34960598;4,49385100
410,43152598;4,49385100
410,51344598;4,49385100
410,59536598;4,53871300
410,67728598;4,58372700
410,75920598;4,58372700
410,84112598;4,58372700
410,92304598;4,58372700
411,00496598;4,62874200
411,08688598;4,58372700
411,16880598;4,58372700
411,25072598;4,58372700
411,33264598;4,58372700
411,41456598;4,62874200
411,49648598;4,58372700
411,57840598;4,58372700
411,66032598;4,58372700
411,74224597;4,58372700
411,82416597;4,58372700
411,90608597;4,58372700
411,98800597;4,58372700
412,06992597;4,53871300
412,15184597;4,53871300
412,23376597;4,53871300
412,31568597;4,49385100
412,39760597;4,49385100
412,47952597;4,49385100
412,56144597;4,49385100
412,64336597;4,49385100
412,72528597;4,49385100
412,80720597;4,44883600
412,88912597;4,44883600
412,97104597;4,44883600
413,05296597;4,44883600
413,13488597;4,40397400
413,21680597;4,44883600
413,29872597;4,40397400
413,38064596;4,40397400
413,46256596;4,40397400
413,54448596;4,40397400
413,62640596;4,40397400
413,70832596;4,40397400
413,79024596;4,40397400
413,87216596;4,35895900
413,95408596;4,31409600
414,03600596;4,35895900
414,11792596;4,31409600
414,19984596;4,31409600
414,28176596;4,31409600
414,36368596;4,31409600
414,44560596;4,31409600
414,52752596;4,31409600
414,60944596;4,26908200
414,69136596;4,26908200
414,77328596;4,26908200
414,85520596;4,26908200
414,93712596;4,26908200
415,01904595;4,22406700
415,10096595;4,22406700
415,18288595;4,22406700
415,26480595;4,22406700
415,34672595;4,22406700
415,42864595;4,22406700
415,51056595;4,17920400
415,59248595;4,17920400
415,67440595;4,17920400
415,75632595;4,17920400
415,83824595;4,17920400
415,92016595;4,13419000
416,00208595;4,13419000
416,08400595;4,13419000
416,16592595;4,13419000
416,24784595;4,13419000
416,32976595;4,13419000
416,41168595;4,13419000
416,49360595;4,13419000
416,57552595;4,08932800
416,65744595;4,13419000
416,73936594;4,04431300
416,82128594;4,04431300
416,90320594;4,04431300
416,98512594;4,08932800
417,06704594;4,04431300
417,14896594;4,04431300
417,23088594;4,04431300
417,31280594;4,04431300
417,39472594;3,99929800
417,47664594;4,04431300
417,55856594;3,99929800
417,64048594;3,99929800
417,72240594;3,95443600
417,80432594;3,95443600
417,88624594;3,95443600
417,96816594;3,95443600
418,05008594;3,95443600
418,13200594;3,95443600
418,21392594;3,95443600
418,29584594;3,95443600
418,37776593;3,90942100
418,45968593;3,90942100
418,54160593;3,90942100
418,62352593;3,90942100
418,70544593;3,86455900
418,78736593;3,86455900
418,86928593;3,86455900
418,95120593;3,86455900
419,03312593;3,86455900
419,11504593;3,86455900
419,19696593;3,90942100
419,27888593;3,90942100
419,36080593;3,95443600
419,44272593;3,99929800
419,52464593;4,04431300
419,60656593;4,13419000
419,68848593;4,13419000
419,77040593;4,17920400
419,85232593;4,22406700
419,93424593;4,31409600
420,01616592;4,31409600
420,09808592;4,35895900
420,18000592;4,40397400
420,26192592;4,40397400
420,34384592;4,44883600
420,42576592;4,49385100
420,50768592;4,49385100
420,58960592;4,49385100
420,67152592;4,49385100
420,75344592;4,53871300
420,83536592;4,58372700
420,91728592;4,58372700
420,99920592;4,58372700
421,08112592;4,58372700
421,16304592;4,58372700
421,24496592;4,62874200
421,32688592;4,58372700
421,40880592;4,58372700
421,49072592;4,58372700
421,57264592;4,58372700
421,65456591;4,58372700
421,73648591;4,58372700
421,81840591;4,58372700
421,90032591;4,58372700
421,98224591;4,58372700
422,06416591;4,53871300
422,14608591;4,53871300
422,22800591;4,53871300
422,30992591;4,49385100
422,39184591;4,49385100
422,47376591;4,49385100
422,55568591;4,49385100
422,63760591;4,49385100
422,71952591;4,49385100
422,80144591;4,49385100
422,88336591;4,49385100
422,96528591;4,44883600
423,04720591;4,44883600
423,12912591;4,40397400
423,21104591;4,40397400
423,29296590;4,40397400
423,37488590;4,40397400
423,45680590;4,40397400
423,53872590;4,40397400
423,62064590;4,40397400
423,70256590;4,40397400
423,78448590;4,40397400
423,86640590;4,35895900
423,94832590;4,31409600
424,03024590;4,31409600
424,11216590;4,31409600
424,19408590;4,31409600
424,27600590;4,31409600
424,35792590;4,31409600
424,43984590;4,31409600
424,52176590;4,31409600
424,60368590;4,31409600
424,68560590;4,26908200
424,76752590;4,31409600
424,84944590;4,26908200
424,93136589;4,26908200
425,01328589;4,22406700
425,09520589;4,22406700
425,17712589;4,22406700
425,25904589;4,22406700
425,34096589;4,22406700
425,42288589;4,22406700
425,50480589;4,22406700
425,58672589;4,17920400
425,66864589;4,13419000
425,75056589;4,17920400
425,83248589;4,17920400
425,91440589;4,13419000
425,99632589;4,13419000
426,07824589;4,13419000
426,16016589;4,13419000
426,24208589;4,13419000
426,32400589;4,13419000
426,40592589;4,13419000
426,48784589;4,13419000
426,56976588;4,08932800
426,65168588;4,08932800
426,73360588;4,08932800
426,81552588;4,08932800
426,89744588;4,08932800
426,97936588;4,04431300
427,06128588;4,04431300
427,14320588;4,04431300
427,22512588;4,04431300
427,30704588;4,04431300
427,38896588;4,04431300
427,47088588;3,99929800
427,55280588;3,99929800
427,63472588;3,99929800
427,71664588;3,95443600
427,79856588;3,95443600
427,88048588;3,95443600
427,96240588;3,95443600
428,04432588;3,95443600
428,12624588;3,95443600
428,20816587;3,90942100
428,29008587;3,95443600
428,37200587;3,95443600
428,45392587;3,90942100
428,53584587;3,90942100
428,61776587;3,90942100
428,69968587;3,86455900
428,78160587;3,90942100
428,86352587;3,86455900
428,94544587;3,86455900
429,02736587;3,86455900
429,10928587;3,86455900
429,19120587;3,86455900
429,27312587;3,90942100
429,35504587;3,95443600
429,43696587;4,04431300
429,51888587;4,04431300
429,60080587;4,13419000
429,68272587;4,17920400
429,76464587;4,22406700
429,84656586;4,26908200
429,92848586;4,31409600
430,01040586;4,35895900
430,09232586;4,40397400
430,17424586;4,40397400
430,25616586;4,44883600
430,33808586;4,49385100
430,42000586;4,49385100
430,50192586;4,49385100
430,58384586;4,53871300
430,66576586;4,53871300
430,74768586;4,58372700
430,82960586;4,58372700
430,91152586;4,58372700
430,99344586;4,62874200
431,07536586;4,62874200
431,15728586;4,62874200
431,23920586;4,62874200
431,32112586;4,62874200
431,40304586;4,58372700
431,48496585;4,58372700
431,56688585;4,62874200
431,64880585;4,58372700
431,73072585;4,58372700
431,81264585;4,58372700
431,89456585;4,58372700
431,97648585;4,58372700
432,05840585;4,58372700
432,14032585;4,53871300
432,22224585;4,53871300
432,30416585;4,53871300
432,38608585;4,53871300
432,46800585;4,49385100
432,54992585;4,49385100
432,63184585;4,49385100
432,71376585;4,49385100
432,79568585;4,49385100
432,87760585;4,49385100
432,95952585;4,49385100
433,04144585;4,44883600
433,12336584;4,44883600
433,20528584;4,40397400
433,28720584;4,44883600
433,36912584;4,40397400
433,45104584;4,40397400
433,53296584;4,40397400
433,61488584;4,40397400
433,69680584;4,40397400
433,77872584;4,40397400
433,86064584;4,35895900
433,94256584;4,40397400
434,02448584;4,35895900
434,10640584;4,31409600
434,18832584;4,31409600
434,27024584;4,31409600
434,35216584;4,31409600
434,43408584;4,31409600
434,51600584;4,31409600
434,59792584;4,31409600
434,67984584;4,31409600
434,76176583;4,26908200
434,84368583;4,26908200
434,92560583;4,22406700
435,00752583;4,26908200
435,08944583;4,22406700
435,17136583;4,22406700
435,25328583;4,22406700
435,33520583;4,22406700
435,41712583;4,22406700
435,49904583;4,22406700
435,58096583;4,22406700
435,66288583;4,17920400
435,74480583;4,17920400
435,82672583;4,17920400
435,90864583;4,17920400
435,99056583;4,13419000
436,07248583;4,13419000
436,15440583;4,13419000
436,23632583;4,13419000
436,31824583;4,13419000
436,40016583;4,13419000
436,48208582;4,13419000
436,56400582;4,13419000
436,64592582;4,08932800
436,72784582;4,08932800
436,80976582;4,08932800
436,89168582;4,04431300
436,97360582;4,04431300
437,05552582;4,04431300
437,13744582;4,04431300
437,21936582;4,04431300
437,30128582;4,04431300
437,38320582;4,04431300
437,46512582;4,04431300
437,54704582;4,04431300
437,62896582;3,95443600
437,71088582;3,95443600
437,79280582;3,95443600
437,87472582;3,95443600
437,95664582;3,95443600
438,03856582;3,95443600
438,12048581;3,95443600
438,20240581;3,95443600
438,28432581;3,95443600
438,36624581;3,90942100
438,44816581;3,95443600
438,53008581;3,90942100
438,61200581;3,90942100
438,69392581;3,90942100
438,77584581;3,90942100
438,85776581;3,90942100
438,93968581;3,86455900
439,02160581;3,86455900
439,10352581;3,86455900
439,18544581;3,86455900
439,26736581;3,90942100
439,34928581;3,95443600
439,43120581;3,95443600
439,51312581;4,04431300
439,59504581;4,08932800
439,67696581;4,13419000
439,75888580;4,13419000
439,84080580;4,22406700
439,92272580;4,26908200
440,00464580;4,31409600
440,08656580;4,35895900
440,16848580;4,40397400
440,25040580;4,40397400
440,33232580;4,44883600
440,41424580;4,49385100
440,49616580;4,49385100
440,57808580;4,49385100
440,66000580;4,49385100
440,74192580;4,53871300
440,82384580;4,53871300
440,90576580;4,58372700
440,98768580;4,58372700
441,06960580;4,58372700
441,15152580;4,58372700
441,23344580;4,58372700
441,31536580;4,58372700
441,39728579;4,58372700
441,47920579;4,58372700
441,56112579;4,58372700
441,64304579;4,58372700
441,72496579;4,58372700
441,80688579;4,58372700
441,88880579;4,58372700
441,97072579;4,58372700
442,05264579;4,53871300
442,13456579;4,58372700
442,21648579;4,49385100
442,29840579;4,53871300
442,38032579;4,49385100
442,46224579;4,49385100
442,54416579;4,49385100
442,62608579;4,49385100
442,70800579;4,49385100
442,78992579;4,49385100
442,87184579;4,49385100
442,95376579;4,44883600
443,03568578;4,49385100
443,11760578;4,44883600
443,19952578;4,44883600
443,28144578;4,40397400
443,36336578;4,40397400
443,44528578;4,40397400
443,52720578;4,40397400
443,60912578;4,40397400
443,69104578;4,40397400
443,77296578;4,40397400
443,85488578;4,31409600
443,93680578;4,40397400
444,01872578;4,31409600
444,10064578;4,31409600
444,18256578;4,31409600
444,26448578;4,31409600
444,34640578;4,31409600
444,42832578;4,31409600
444,51024578;4,31409600
444,59216578;4,31409600
444,67408577;4,31409600
444,75600577;4,26908200
444,83792577;4,26908200
444,91984577;4,26908200
445,00176577;4,22406700
445,08368577;4,22406700
445,16560577;4,22406700
445,24752577;4,22406700
445,32944577;4,22406700
445,41136577;4,22406700
445,49328577;4,22406700
445,57520577;4,17920400
445,65712577;4,17920400
445,73904577;4,17920400
445,82096577;4,17920400
445,90288577;4,13419000
445,98480577;4,13419000
446,06672577;4,13419000
446,14864577;4,13419000
446,23056577;4,13419000
446,31248576;4,13419000
446,39440576;4,13419000
446,47632576;4,08932800
446,55824576;4,08932800
446,64016576;4,08932800
446,72208576;4,08932800
446,80400576;4,08932800
446,88592576;4,08932800
446,96784576;4,04431300
447,04976576;4,04431300
447,13168576;4,04431300
447,21360576;4,04431300
447,29552576;4,04431300
447,37744576;4,04431300
447,45936576;4,04431300
447,54128576;4,04431300
447,62320576;3,99929800
447,70512576;3,95443600
447,78704576;3,95443600
447,86896576;3,95443600
447,95088575;3,95443600
448,03280575;3,95443600
448,11472575;3,95443600
448,19664575;3,95443600
448,27856575;3,95443600
448,36048575;3,95443600
448,44240575;3,90942100
448,52432575;3,90942100
448,60624575;3,90942100
448,68816575;3,90942100
448,77008575;3,86455900
448,85200575;3,86455900
448,93392575;3,86455900
449,01584575;3,86455900
449,09776575;3,86455900
449,17968575;3,86455900
449,26160575;3,90942100
449,34352575;3,95443600
449,42544575;3,99929800
449,50736575;4,04431300
449,58928574;4,13419000
449,67120574;4,13419000
449,75312574;4,22406700
449,83504574;4,26908200
449,91696574;4,31409600
449,99888574;4,31409600
450,08080574;4,40397400
450,16272574;4,40397400
450,24464574;4,44883600
450,32656574;4,49385100
450,40848574;4,49385100
450,49040574;4,49385100
450,57232574;4,53871300
450,65424574;4,53871300
450,73616574;4,58372700
450,81808574;4,58372700
450,90000574;4,58372700
450,98192574;4,62874200
451,06384574;4,58372700
451,14576574;4,58372700
451,22768573;4,58372700
451,30960573;4,62874200
451,39152573;4,62874200
451,47344573;4,58372700
451,55536573;4,58372700
451,63728573;4,58372700
451,71920573;4,58372700
451,80112573;4,58372700
451,88304573;4,58372700
451,96496573;4,58372700
452,04688573;4,58372700
452,12880573;4,58372700
452,21072573;4,53871300
452,29264573;4,53871300
452,37456573;4,49385100
452,45648573;4,49385100
452,53840573;4,49385100
452,62032573;4,49385100
452,70224573;4,49385100
452,78416573;4,49385100
452,86608572;4,49385100
452,94800572;4,44883600
453,02992572;4,49385100
453,11184572;4,44883600
453,19376572;4,44883600
453,27568572;4,44883600
453,35760572;4,40397400
453,43952572;4,40397400
453,52144572;4,40397400
453,60336572;4,40397400
453,68528572;4,40397400
453,76720572;4,40397400
453,84912572;4,35895900
453,93104572;4,31409600
454,01296572;4,35895900
454,09488572;4,31409600
454,17680572;4,31409600
454,25872572;4,31409600
454,34064572;4,31409600
454,42256572;4,31409600
454,50448572;4,31409600
454,58640571;4,31409600
454,66832571;4,31409600
454,75024571;4,26908200
454,83216571;4,26908200
454,91408571;4,26908200
454,99600571;4,22406700
455,07792571;4,22406700
455,15984571;4,22406700
455,24176571;4,22406700
455,32368571;4,22406700
455,40560571;4,22406700
455,48752571;4,22406700
455,56944571;4,22406700
455,65136571;4,17920400
455,73328571;4,17920400
455,81520571;4,17920400
455,89712571;4,13419000
455,97904571;4,13419000
456,06096571;4,13419000
456,14288571;4,13419000
456,22480570;4,13419000
456,30672570;4,13419000
456,38864570;4,13419000
456,47056570;4,13419000
456,55248570;4,13419000
456,63440570;4,08932800
456,71632570;4,08932800
456,79824570;4,04431300
456,88016570;4,04431300
456,96208570;4,04431300
457,04400570;4,04431300
457,12592570;4,04431300
457,20784570;4,04431300
457,28976570;4,04431300
457,37168570;4,04431300
457,45360570;3,99929800
457,53552570;3,99929800
457,61744570;3,95443600
457,69936570;3,95443600
457,78128570;3,95443600
457,86320569;3,95443600
457,94512569;3,95443600
458,02704569;3,95443600
458,10896569;3,95443600
458,19088569;3,95443600
458,27280569;3,95443600
458,35472569;3,90942100
458,43664569;3,90942100
458,51856569;3,95443600
458,60048569;3,90942100
458,68240569;3,90942100
458,76432569;3,86455900
458,84624569;3,86455900
458,92816569;3,86455900
459,01008569;3,86455900
459,09200569;3,86455900
459,17392569;3,86455900
459,25584569;3,90942100
459,33776569;3,95443600
459,41968569;3,95443600
459,50160568;4,04431300
459,58352568;4,04431300
459,66544568;4,13419000
459,74736568;4,17920400
459,82928568;4,22406700
459,91120568;4,22406700
459,99312568;4,31409600
460,07504568;4,31409600
460,15696568;4,35895900
460,23888568;4,40397400
460,32080568;4,40397400
460,40272568;4,44883600
460,48464568;4,49385100
460,56656568;4,49385100
460,64848568;4,49385100
460,73040568;4,53871300
460,81232568;4,53871300
460,89424568;4,58372700
460,97616568;4,58372700
461,05808568;4,58372700
461,14000567;4,58372700
461,22192567;4,62874200
461,30384567;4,58372700
461,38576567;4,58372700
461,46768567;4,62874200
461,54960567;4,58372700
461,63152567;4,58372700
461,71344567;4,53871300
461,79536567;4,58372700
461,87728567;4,58372700
461,95920567;4,58372700
462,04112567;4,53871300
462,12304567;4,53871300
462,20496567;4,53871300
462,28688567;4,49385100
462,36880567;4,49385100
462,45072567;4,49385100
462,53264567;4,49385100
462,61456567;4,49385100
462,69648567;4,49385100
462,77840566;4,49385100
462,86032566;4,49385100
462,94224566;4,44883600
463,02416566;4,44883600
463,10608566;4,40397400
463,18800566;4,44883600
463,26992566;4,40397400
463,35184566;4,40397400
463,43376566;4,40397400
463,51568566;4,40397400
463,59760566;4,40397400
463,67952566;4,40397400
463,76144566;4,35895900
463,84336566;4,35895900
463,92528566;4,31409600
464,00720566;4,31409600
464,08912566;4,31409600
464,17104566;4,31409600
464,25296566;4,31409600
464,33488566;4,31409600
464,41680565;4,31409600
464,49872565;4,31409600
464,58064565;4,31409600
464,66256565;4,26908200
464,74448565;4,26908200
464,82640565;4,26908200
464,90832565;4,22406700
464,99024565;4,22406700
465,07216565;4,22406700
465,15408565;4,22406700
465,23600565;4,22406700
465,31792565;4,22406700
465,39984565;4,22406700
465,48176565;4,17920400
465,56368565;4,22406700
465,64560565;4,17920400
465,72752565;4,13419000
465,80944565;4,17920400
465,89136565;4,13419000
465,97328565;4,13419000
466,05520564;4,13419000
466,13712564;4,13419000
466,21904564;4,13419000
466,30096564;4,13419000
466,38288564;4,08932800
466,46480564;4,08932800
466,54672564;4,08932800
466,62864564;4,08932800
466,71056564;4,08932800
466,79248564;4,04431300
466,87440564;4,08932800
466,95632564;4,04431300
467,03824564;4,04431300
467,12016564;4,04431300
467,20208564;4,04431300
467,28400564;4,04431300
467,36592564;3,99929800
467,44784564;3,99929800
467,52976564;3,99929800
467,61168564;3,99929800
467,69360563;3,95443600
467,77552563;3,95443600
467,85744563;3,95443600
467,93936563;3,95443600
468,02128563;3,95443600
468,10320563;3,95443600
468,18512563;3,95443600
468,26704563;3,95443600
468,34896563;3,90942100
468,43088563;3,90942100
468,51280563;3,90942100
468,59472563;3,90942100
468,67664563;3,86455900
468,75856563;3,86455900
468,84048563;3,86455900
468,92240563;3,86455900
469,00432563;3,86455900
469,08624563;3,86455900
469,16816563;3,86455900
469,25008563;3,90942100
469,33200562;3,95443600
469,41392562;3,99929800
469,49584562;4,04431300
469,57776562;4,08932800
469,65968562;4,13419000
469,74160562;4,22406700
469,82352562;4,22406700
469,90544562;4,31409600
469,98736562;4,31409600
470,06928562;4,35895900
470,15120562;4,40397400
470,23312562;4,44883600
470,31504562;4,49385100
470,39696562;4,49385100
470,47888562;4,49385100
470,56080562;4,49385100
470,64272562;4,53871300
470,72464562;4,58372700
470,80656562;4,58372700
470,88848562;4,58372700
470,97040561;4,58372700
471,05232561;4,58372700
471,13424561;4,62874200
471,21616561;4,58372700
471,29808561;4,58372700
471,38000561;4,58372700
471,46192561;4,58372700
471,54384561;4,58372700
471,62576561;4,58372700
471,70768561;4,58372700
471,78960561;4,58372700
471,87152561;4,58372700
471,95344561;4,58372700
472,03536561;4,53871300
472,11728561;4,53871300
472,19920561;4,49385100
472,28112561;4,49385100
472,36304561;4,49385100
472,44496561;4,49385100
472,52688561;4,49385100
472,60880560;4,49385100
472,69072560;4,49385100
472,77264560;4,49385100
472,85456560;4,49385100
472,93648560;4,49385100
473,01840560;4,44883600
473,10032560;4,44883600
473,18224560;4,44883600
473,26416560;4,40397400
473,34608560;4,40397400
473,42800560;4,40397400
473,50992560;4,40397400
473,59184560;4,40397400
473,67376560;4,40397400
473,75568560;4,40397400
473,83760560;4,35895900
473,91952560;4,40397400
474,00144560;4,35895900
474,08336560;4,35895900
474,16528560;4,31409600
474,24720560;4,31409600
474,32912559;4,31409600
474,41104559;4,31409600
474,49296559;4,31409600
474,57488559;4,31409600
474,65680559;4,31409600
474,73872559;4,26908200
474,82064559;4,26908200
474,90256559;4,26908200
474,98448559;4,22406700
475,06640559;4,22406700
475,14832559;4,22406700
475,23024559;4,22406700
475,31216559;4,22406700
475,39408559;4,22406700
475,47600559;4,22406700
475,55792559;4,17920400
475,63984559;4,17920400
475,72176559;4,17920400
475,80368559;4,13419000
475,88560559;4,13419000
475,96752558;4,13419000
476,04944558;4,13419000
476,13136558;4,13419000
476,21328558;4,13419000
476,29520558;4,13419000
476,37712558;4,13419000
476,45904558;4,13419000
476,54096558;4,08932800
476,62288558;4,08932800
476,70480558;4,08932800
476,78672558;4,08932800
476,86864558;4,04431300
476,95056558;4,08932800
477,03248558;4,04431300
477,11440558;4,04431300
477,19632558;4,04431300
477,27824558;4,04431300
477,36016558;4,04431300
477,44208558;4,04431300
477,52400558;3,99929800
477,60592557;3,95443600
477,68784557;3,99929800
477,76976557;3,95443600
477,85168557;3,95443600
477,93360557;3,95443600
478,01552557;3,95443600
478,09744557;3,95443600
478,17936557;3,95443600
478,26128557;3,95443600
478,34320557;3,95443600
478,42512557;3,90942100
478,50704557;3,90942100
478,58896557;3,90942100
478,67088557;3,90942100
478,75280557;3,90942100
478,83472557;3,86455900
478,91664557;3,86455900
478,99856557;3,86455900
479,08048557;3,86455900
479,16240557;3,90942100
479,24432556;3,90942100
479,32624556;3,90942100
479,40816556;3,95443600
479,49008556;3,99929800
479,57200556;4,04431300
479,65392556;4,08932800
479,73584556;4,17920400
479,81776556;4,22406700
479,89968556;4,26908200
479,98160556;4,31409600
480,06352556;4,31409600
480,14544556;4,40397400
480,22736556;4,40397400
480,30928556;4,44883600
480,39120556;4,49385100
480,47312556;4,49385100
480,55504556;4,49385100
480,63696556;4,49385100
480,71888556;4,53871300
480,80080556;4,53871300
480,88272555;4,53871300
480,96464555;4,58372700
481,04656555;4,58372700
481,12848555;4,58372700
481,21040555;4,58372700
481,29232555;4,58372700
481,37424555;4,58372700
481,45616555;4,58372700
481,53808555;4,58372700
481,62000555;4,58372700
481,70192555;4,58372700
481,78384555;4,58372700
481,86576555;4,58372700
481,94768555;4,53871300
482,02960555;4,53871300
482,11152555;4,53871300
482,19344555;4,53871300
482,27536555;4,49385100
482,35728555;4,49385100
482,43920555;4,49385100
482,52112554;4,49385100
482,60304554;4,49385100
482,68496554;4,49385100
482,76688554;4,49385100
482,84880554;4,44883600
482,93072554;4,44883600
483,01264554;4,44883600
483,09456554;4,44883600
483,17648554;4,40397400
483,25840554;4,40397400
483,34032554;4,40397400
483,42224554;4,40397400
483,50416554;4,40397400
483,58608554;4,40397400
483,66800554;4,40397400
483,74992554;4,40397400
483,83184554;4,40397400
483,91376554;4,35895900
483,99568554;4,31409600
484,07760554;4,31409600
484,15952553;4,31409600
484,24144553;4,31409600
484,32336553;4,31409600
484,40528553;4,31409600
484,48720553;4,31409600
484,56912553;4,26908200
484,65104553;4,26908200
484,73296553;4,26908200
484,81488553;4,22406700
484,89680553;4,22406700
484,97872553;4,22406700
485,06064553;4,22406700
485,14256553;4,22406700
485,22448553;4,22406700
485,30640553;4,22406700
485,38832553;4,22406700
485,47024553;4,22406700
485,55216553;4,17920400
485,63408553;4,17920400
485,71600553;4,13419000
485,79792552;4,17920400
485,87984552;4,13419000
485,96176552;4,13419000
486,04368552;4,13419000
486,12560552;4,13419000
486,20752552;4,13419000
486,28944552;4,13419000
486,37136552;4,13419000
486,45328552;4,08932800
486,53520552;4,08932800
486,61712552;4,08932800
486,69904552;4,08932800
486,78096552;4,04431300
486,86288552;4,04431300
486,94480552;4,04431300
487,02672552;4,04431300
487,10864552;4,04431300
487,19056552;4,04431300
487,27248552;4,04431300
487,35440552;3,99929800
487,43632551;3,99929800
487,51824551;4,04431300
487,60016551;3,95443600
487,68208551;3,95443600
487,76400551;3,95443600
487,84592551;3,95443600
487,92784551;3,95443600
488,00976551;3,95443600
488,09168551;3,95443600
488,17360551;3,95443600
488,25552551;3,95443600
488,33744551;3,90942100
488,41936551;3,90942100
488,50128551;3,90942100
488,58320551;3,90942100
488,66512551;3,90942100
488,74704551;3,86455900
488,82896551;3,86455900
488,91088551;3,86455900
488,99280551;3,86455900
489,07472550;3,86455900
489,15664550;3,90942100
489,23856550;3,90942100
489,32048550;3,95443600
489,40240550;3,95443600
489,48432550;4,04431300
489,56624550;4,13419000
489,64816550;4,13419000
489,73008550;4,22406700
489,81200550;4,26908200
489,89392550;4,31409600
489,97584550;4,31409600
490,05776550;4,35895900
490,13968550;4,40397400
490,22160550;4,44883600
490,30352550;4,44883600
490,38544550;4,49385100
490,46736550;4,49385100
490,54928550;4,53871300
490,63120550;4,53871300
490,71312549;4,58372700
490,79504549;4,58372700
490,87696549;4,58372700
490,95888549;4,58372700
491,04080549;4,62874200
491,12272549;4,58372700
491,20464549;4,62874200
491,28656549;4,58372700
491,36848549;4,58372700
491,45040549;4,58372700
491,53232549;4,58372700
491,61424549;4,58372700
491,69616549;4,58372700
491,77808549;4,58372700
491,86000549;4,58372700
491,94192549;4,58372700
492,02384549;4,53871300
492,10576549;4,53871300
492,18768549;4,53871300
492,26960549;4,53871300
492,35152548;4,49385100
492,43344548;4,53871300
492,51536548;4,49385100
492,59728548;4,49385100
492,67920548;4,49385100
492,76112548;4,49385100
492,84304548;4,49385100
492,92496548;4,44883600
493,00688548;4,44883600
493,08880548;4,44883600
493,17072548;4,44883600
493,25264548;4,40397400
493,33456548;4,40397400
493,41648548;4,40397400
493,49840548;4,40397400
493,58032548;4,40397400
493,66224548;4,40397400
493,74416548;4,40397400
493,82608548;4,40397400
493,90800548;4,35895900
493,98992548;4,35895900
494,07184547;4,35895900
494,15376547;4,31409600
494,23568547;4,31409600
494,31760547;4,31409600
494,39952547;4,31409600
494,48144547;4,31409600
494,56336547;4,31409600
494,64528547;4,26908200
494,72720547;4,26908200
494,80912547;4,26908200
494,89104547;4,26908200
494,97296547;4,26908200
495,05488547;4,22406700
495,13680547;4,22406700
495,21872547;4,22406700
495,30064547;4,22406700
495,38256547;4,22406700
495,46448547;4,22406700
495,54640547;4,22406700
495,62832547;4,17920400
495,71024546;4,17920400
495,79216546;4,17920400
495,87408546;4,17920400
495,95600546;4,13419000
496,03792546;4,13419000
496,11984546;4,13419000
496,20176546;4,13419000
496,28368546;4,13419000
496,36560546;4,13419000
496,44752546;4,13419000
496,52944546;4,08932800
496,61136546;4,13419000
496,69328546;4,08932800
496,77520546;4,08932800
496,85712546;4,04431300
496,93904546;4,04431300
497,02096546;4,04431300
497,10288546;4,04431300
497,18480546;4,04431300
497,26672546;4,04431300
497,34864545;4,04431300
497,43056545;4,04431300
497,51248545;3,99929800
497,59440545;3,99929800
497,67632545;4,04431300
497,75824545;3,95443600
497,84016545;3,95443600
497,92208545;3,95443600
498,00400545;3,95443600
498,08592545;3,95443600
498,16784545;3,95443600
498,24976545;3,95443600
498,33168545;3,95443600
498,41360545;3,95443600
498,49552545;3,90942100
498,57744545;3,90942100
498,65936545;3,90942100
498,74128545;3,86455900
498,82320545;3,86455900
498,90512545;3,90942100
498,98704544;3,86455900
499,06896544;3,86455900
499,15088544;3,86455900
499,23280544;3,86455900
499,31472544;3,90942100
499,39664544;3,95443600
499,47856544;4,04431300
499,56048544;4,04431300
499,64240544;4,13419000
499,72432544;4,13419000
499,80624544;4,22406700
499,88816544;4,22406700
499,97008544;4,31409600
