Tiempo;Canal A
(ms);(V)

-500,25355816;4,22406700
-500,17163816;4,31409600
-500,08971816;4,31409600
-500,00779816;4,35895900
-499,92587816;4,40397400
-499,84395816;4,40397400
-499,76203816;4,44883600
-499,68011816;4,49385100
-499,59819816;4,49385100
-499,51627816;4,53871300
-499,43435816;4,53871300
-499,35243816;4,58372700
-499,27051816;4,58372700
-499,18859817;4,58372700
-499,10667817;4,58372700
-499,02475817;4,58372700
-498,94283817;4,58372700
-498,86091817;4,62874200
-498,77899817;4,58372700
-498,69707817;4,62874200
-498,61515817;4,58372700
-498,53323817;4,58372700
-498,45131817;4,62874200
-498,36939817;4,62874200
-498,28747817;4,58372700
-498,20555817;4,58372700
-498,12363817;4,58372700
-498,04171817;4,58372700
-497,95979817;4,58372700
-497,87787817;4,53871300
-497,79595817;4,53871300
-497,71403817;4,49385100
-497,63211817;4,49385100
-497,55019818;4,49385100
-497,46827818;4,49385100
-497,38635818;4,49385100
-497,30443818;4,49385100
-497,22251818;4,49385100
-497,14059818;4,49385100
-497,05867818;4,49385100
-496,97675818;4,44883600
-496,89483818;4,44883600
-496,81291818;4,44883600
-496,73099818;4,40397400
-496,64907818;4,40397400
-496,56715818;4,40397400
-496,48523818;4,40397400
-496,40331818;4,40397400
-496,32139818;4,40397400
-496,23947818;4,40397400
-496,15755818;4,40397400
-496,07563818;4,35895900
-495,99371818;4,35895900
-495,91179819;4,35895900
-495,82987819;4,31409600
-495,74795819;4,31409600
-495,66603819;4,31409600
-495,58411819;4,31409600
-495,50219819;4,31409600
-495,42027819;4,31409600
-495,33835819;4,31409600
-495,25643819;4,31409600
-495,17451819;4,26908200
-495,09259819;4,26908200
-495,01067819;4,26908200
-494,92875819;4,26908200
-494,84683819;4,22406700
-494,76491819;4,22406700
-494,68299819;4,22406700
-494,60107819;4,22406700
-494,51915819;4,22406700
-494,43723819;4,22406700
-494,35531819;4,17920400
-494,27339820;4,17920400
-494,19147820;4,17920400
-494,10955820;4,17920400
-494,02763820;4,13419000
-493,94571820;4,13419000
-493,86379820;4,13419000
-493,78187820;4,13419000
-493,69995820;4,13419000
-493,61803820;4,13419000
-493,53611820;4,13419000
-493,45419820;4,08932800
-493,37227820;4,08932800
-493,29035820;4,08932800
-493,20843820;4,08932800
-493,12651820;4,04431300
-493,04459820;4,08932800
-492,96267820;4,04431300
-492,88075820;4,04431300
-492,79883820;4,04431300
-492,71691820;4,04431300
-492,63499821;4,04431300
-492,55307821;4,04431300
-492,47115821;4,04431300
-492,38923821;3,99929800
-492,30731821;3,95443600
-492,22539821;3,95443600
-492,14347821;3,95443600
-492,06155821;3,95443600
-491,97963821;3,95443600
-491,89771821;3,95443600
-491,81579821;3,95443600
-491,73387821;3,95443600
-491,65195821;3,90942100
-491,57003821;3,95443600
-491,48811821;3,90942100
-491,40619821;3,90942100
-491,32427821;3,90942100
-491,24235821;3,90942100
-491,16043821;3,86455900
-491,07851821;3,86455900
-490,99659822;3,86455900
-490,91467822;3,86455900
-490,83275822;3,90942100
-490,75083822;3,90942100
-490,66891822;3,95443600
-490,58699822;3,99929800
-490,50507822;4,04431300
-490,42315822;4,08932800
-490,34123822;4,13419000
-490,25931822;4,17920400
-490,17739822;4,22406700
-490,09547822;4,26908200
-490,01355822;4,31409600
-489,93163822;4,31409600
-489,84971822;4,40397400
-489,76779822;4,40397400
-489,68587822;4,44883600
-489,60395822;4,49385100
-489,52203822;4,49385100
-489,44011822;4,49385100
-489,35819823;4,49385100
-489,27627823;4,53871300
-489,19435823;4,58372700
-489,11243823;4,58372700
-489,03051823;4,58372700
-488,94859823;4,58372700
-488,86667823;4,62874200
-488,78475823;4,58372700
-488,70283823;4,62874200
-488,62091823;4,58372700
-488,53899823;4,58372700
-488,45707823;4,58372700
-488,37515823;4,58372700
-488,29323823;4,58372700
-488,21131823;4,58372700
-488,12939823;4,58372700
-488,04747823;4,53871300
-487,96555823;4,53871300
-487,88363823;4,53871300
-487,80171823;4,53871300
-487,71979824;4,53871300
-487,63787824;4,49385100
-487,55595824;4,49385100
-487,47403824;4,49385100
-487,39211824;4,49385100
-487,31019824;4,49385100
-487,22827824;4,49385100
-487,14635824;4,49385100
-487,06443824;4,49385100
-486,98251824;4,49385100
-486,90059824;4,40397400
-486,81867824;4,40397400
-486,73675824;4,40397400
-486,65483824;4,40397400
-486,57291824;4,40397400
-486,49099824;4,40397400
-486,40907824;4,40397400
-486,32715824;4,40397400
-486,24523824;4,40397400
-486,16331824;4,35895900
-486,08139825;4,40397400
-485,99947825;4,31409600
-485,91755825;4,31409600
-485,83563825;4,31409600
-485,75371825;4,31409600
-485,67179825;4,31409600
-485,58987825;4,31409600
-485,50795825;4,31409600
-485,42603825;4,31409600
-485,34411825;4,31409600
-485,26219825;4,26908200
-485,18027825;4,26908200
-485,09835825;4,26908200
-485,01643825;4,26908200
-484,93451825;4,22406700
-484,85259825;4,22406700
-484,77067825;4,22406700
-484,68875825;4,22406700
-484,60683825;4,22406700
-484,52491825;4,17920400
-484,44299825;4,17920400
-484,36107826;4,17920400
-484,27915826;4,17920400
-484,19723826;4,17920400
-484,11531826;4,13419000
-484,03339826;4,13419000
-483,95147826;4,13419000
-483,86955826;4,13419000
-483,78763826;4,13419000
-483,70571826;4,13419000
-483,62379826;4,13419000
-483,54187826;4,08932800
-483,45995826;4,08932800
-483,37803826;4,08932800
-483,29611826;4,08932800
-483,21419826;4,04431300
-483,13227826;4,04431300
-483,05035826;4,04431300
-482,96843826;4,04431300
-482,88651826;4,04431300
-482,80459826;4,04431300
-482,72267827;4,04431300
-482,64075827;4,04431300
-482,55883827;4,04431300
-482,47691827;3,95443600
-482,39499827;4,04431300
-482,31307827;3,95443600
-482,23115827;3,95443600
-482,14923827;3,95443600
-482,06731827;3,95443600
-481,98539827;3,95443600
-481,90347827;3,95443600
-481,82155827;3,95443600
-481,73963827;3,95443600
-481,65771827;3,95443600
-481,57579827;3,95443600
-481,49387827;3,90942100
-481,41195827;3,90942100
-481,33003827;3,90942100
-481,24811827;3,90942100
-481,16619827;3,86455900
-481,08427828;3,86455900
-481,00235828;3,86455900
-480,92043828;3,86455900
-480,83851828;3,90942100
-480,75659828;3,95443600
-480,67467828;3,95443600
-480,59275828;4,04431300
-480,51083828;4,04431300
-480,42891828;4,13419000
-480,34699828;4,13419000
-480,26507828;4,22406700
-480,18315828;4,26908200
-480,10123828;4,31409600
-480,01931828;4,35895900
-479,93739828;4,40397400
-479,85547828;4,40397400
-479,77355828;4,44883600
-479,69163828;4,49385100
-479,60971828;4,49385100
-479,52779828;4,49385100
-479,44587829;4,53871300
-479,36395829;4,53871300
-479,28203829;4,58372700
-479,20011829;4,58372700
-479,11819829;4,58372700
-479,03627829;4,58372700
-478,95435829;4,58372700
-478,87243829;4,62874200
-478,79051829;4,62874200
-478,70859829;4,58372700
-478,62667829;4,62874200
-478,54475829;4,58372700
-478,46283829;4,62874200
-478,38091829;4,58372700
-478,29899829;4,58372700
-478,21707829;4,58372700
-478,13515829;4,58372700
-478,05323829;4,58372700
-477,97131829;4,58372700
-477,88939829;4,53871300
-477,80747830;4,53871300
-477,72555830;4,53871300
-477,64363830;4,49385100
-477,56171830;4,49385100
-477,47979830;4,49385100
-477,39787830;4,49385100
-477,31595830;4,49385100
-477,23403830;4,49385100
-477,15211830;4,49385100
-477,07019830;4,44883600
-476,98827830;4,44883600
-476,90635830;4,44883600
-476,82443830;4,44883600
-476,74251830;4,40397400
-476,66059830;4,40397400
-476,57867830;4,40397400
-476,49675830;4,40397400
-476,41483830;4,40397400
-476,33291830;4,40397400
-476,25099830;4,40397400
-476,16907831;4,35895900
-476,08715831;4,35895900
-476,00523831;4,31409600
-475,92331831;4,31409600
-475,84139831;4,31409600
-475,75947831;4,31409600
-475,67755831;4,31409600
-475,59563831;4,31409600
-475,51371831;4,31409600
-475,43179831;4,31409600
-475,34987831;4,31409600
-475,26795831;4,26908200
-475,18603831;4,26908200
-475,10411831;4,22406700
-475,02219831;4,26908200
-474,94027831;4,22406700
-474,85835831;4,22406700
-474,77643831;4,22406700
-474,69451831;4,22406700
-474,61259831;4,22406700
-474,53067832;4,22406700
-474,44875832;4,22406700
-474,36683832;4,22406700
-474,28491832;4,17920400
-474,20299832;4,17920400
-474,12107832;4,13419000
-474,03915832;4,13419000
-473,95723832;4,13419000
-473,87531832;4,13419000
-473,79339832;4,13419000
-473,71147832;4,13419000
-473,62955832;4,13419000
-473,54763832;4,13419000
-473,46571832;4,08932800
-473,38379832;4,08932800
-473,30187832;4,08932800
-473,21995832;4,08932800
-473,13803832;4,04431300
-473,05611832;4,04431300
-472,97419832;4,04431300
-472,89227833;4,04431300
-472,81035833;4,04431300
-472,72843833;4,04431300
-472,64651833;3,99929800
-472,56459833;4,04431300
-472,48267833;3,95443600
-472,40075833;3,95443600
-472,31883833;3,95443600
-472,23691833;3,99929800
-472,15499833;3,95443600
-472,07307833;3,95443600
-471,99115833;3,95443600
-471,90923833;3,95443600
-471,82731833;3,95443600
-471,74539833;3,95443600
-471,66347833;3,90942100
-471,58155833;3,90942100
-471,49963833;3,90942100
-471,41771833;3,90942100
-471,33579833;3,86455900
-471,25387834;3,90942100
-471,17195834;3,86455900
-471,09003834;3,86455900
-471,00811834;3,86455900
-470,92619834;3,86455900
-470,84427834;3,86455900
-470,76235834;3,90942100
-470,68043834;3,95443600
-470,59851834;3,99929800
-470,51659834;4,04431300
-470,43467834;4,08932800
-470,35275834;4,13419000
-470,27083834;4,13419000
-470,18891834;4,22406700
-470,10699834;4,31409600
-470,02507834;4,31409600
-469,94315834;4,31409600
-469,86123834;4,40397400
-469,77931834;4,40397400
-469,69739834;4,44883600
-469,61547835;4,49385100
-469,53355835;4,49385100
-469,45163835;4,49385100
-469,36971835;4,49385100
-469,28779835;4,53871300
-469,20587835;4,58372700
-469,12395835;4,58372700
-469,04203835;4,58372700
-468,96011835;4,58372700
-468,87819835;4,58372700
-468,79627835;4,58372700
-468,71435835;4,58372700
-468,63243835;4,62874200
-468,55051835;4,58372700
-468,46859835;4,58372700
-468,38667835;4,58372700
-468,30475835;4,58372700
-468,22283835;4,58372700
-468,14091835;4,58372700
-468,05899835;4,58372700
-467,97707836;4,58372700
-467,89515836;4,53871300
-467,81323836;4,53871300
-467,73131836;4,53871300
-467,64939836;4,49385100
-467,56747836;4,49385100
-467,48555836;4,49385100
-467,40363836;4,49385100
-467,32171836;4,49385100
-467,23979836;4,49385100
-467,15787836;4,49385100
-467,07595836;4,44883600
-466,99403836;4,44883600
-466,91211836;4,40397400
-466,83019836;4,40397400
-466,74827836;4,40397400
-466,66635836;4,40397400
-466,58443836;4,40397400
-466,50251836;4,40397400
-466,42059836;4,40397400
-466,33867836;4,40397400
-466,25675837;4,40397400
-466,17483837;4,35895900
-466,09291837;4,35895900
-466,01099837;4,35895900
-465,92907837;4,31409600
-465,84715837;4,31409600
-465,76523837;4,31409600
-465,68331837;4,31409600
-465,60139837;4,31409600
-465,51947837;4,31409600
-465,43755837;4,31409600
-465,35563837;4,31409600
-465,27371837;4,26908200
-465,19179837;4,26908200
-465,10987837;4,26908200
-465,02795837;4,22406700
-464,94603837;4,22406700
-464,86411837;4,22406700
-464,78219837;4,22406700
-464,70027837;4,22406700
-464,61835838;4,22406700
-464,53643838;4,17920400
-464,45451838;4,17920400
-464,37259838;4,17920400
-464,29067838;4,17920400
-464,20875838;4,17920400
-464,12683838;4,13419000
-464,04491838;4,13419000
-463,96299838;4,13419000
-463,88107838;4,13419000
-463,79915838;4,13419000
-463,71723838;4,13419000
-463,63531838;4,13419000
-463,55339838;4,13419000
-463,47147838;4,13419000
-463,38955838;4,08932800
-463,30763838;4,08932800
-463,22571838;4,04431300
-463,14379838;4,08932800
-463,06187838;4,04431300
-462,97995839;4,04431300
-462,89803839;4,04431300
-462,81611839;4,04431300
-462,73419839;4,04431300
-462,65227839;3,99929800
-462,57035839;3,99929800
-462,48843839;3,95443600
-462,40651839;3,95443600
-462,32459839;3,95443600
-462,24267839;3,99929800
-462,16075839;3,95443600
-462,07883839;3,95443600
-461,99691839;3,95443600
-461,91499839;3,95443600
-461,83307839;3,95443600
-461,75115839;3,95443600
-461,66923839;3,95443600
-461,58731839;3,90942100
-461,50539839;3,90942100
-461,42347839;3,90942100
-461,34155840;3,90942100
-461,25963840;3,90942100
-461,17771840;3,86455900
-461,09579840;3,86455900
-461,01387840;3,86455900
-460,93195840;3,86455900
-460,85003840;3,86455900
-460,76811840;3,90942100
-460,68619840;3,95443600
-460,60427840;4,04431300
-460,52235840;4,04431300
-460,44043840;4,13419000
-460,35851840;4,17920400
-460,27659840;4,22406700
-460,19467840;4,26908200
-460,11275840;4,31409600
-460,03083840;4,31409600
-459,94891840;4,40397400
-459,86699840;4,40397400
-459,78507840;4,44883600
-459,70315841;4,49385100
-459,62123841;4,49385100
-459,53931841;4,49385100
-459,45739841;4,49385100
-459,37547841;4,53871300
-459,29355841;4,58372700
-459,21163841;4,58372700
-459,12971841;4,58372700
-459,04779841;4,62874200
-458,96587841;4,58372700
-458,88395841;4,58372700
-458,80203841;4,58372700
-458,72011841;4,62874200
-458,63819841;4,58372700
-458,55627841;4,62874200
-458,47435841;4,58372700
-458,39243841;4,58372700
-458,31051841;4,58372700
-458,22859841;4,58372700
-458,14667841;4,58372700
-458,06475842;4,58372700
-457,98283842;4,53871300
-457,90091842;4,53871300
-457,81899842;4,53871300
-457,73707842;4,49385100
-457,65515842;4,49385100
-457,57323842;4,49385100
-457,49131842;4,49385100
-457,40939842;4,49385100
-457,32747842;4,49385100
-457,24555842;4,49385100
-457,16363842;4,49385100
-457,08171842;4,49385100
-456,99979842;4,44883600
-456,91787842;4,44883600
-456,83595842;4,44883600
-456,75403842;4,40397400
-456,67211842;4,40397400
-456,59019842;4,40397400
-456,50827842;4,40397400
-456,42635843;4,40397400
-456,34443843;4,40397400
-456,26251843;4,40397400
-456,18059843;4,35895900
-456,09867843;4,35895900
-456,01675843;4,35895900
-455,93483843;4,31409600
-455,85291843;4,31409600
-455,77099843;4,35895900
-455,68907843;4,31409600
-455,60715843;4,31409600
-455,52523843;4,31409600
-455,44331843;4,31409600
-455,36139843;4,26908200
-455,27947843;4,26908200
-455,19755843;4,26908200
-455,11563843;4,26908200
-455,03371843;4,22406700
-454,95179843;4,26908200
-454,86987843;4,22406700
-454,78795844;4,22406700
-454,70603844;4,22406700
-454,62411844;4,22406700
-454,54219844;4,22406700
-454,46027844;4,22406700
-454,37835844;4,17920400
-454,29643844;4,17920400
-454,21451844;4,17920400
-454,13259844;4,17920400
-454,05067844;4,17920400
-453,96875844;4,13419000
-453,88683844;4,13419000
-453,80491844;4,13419000
-453,72299844;4,13419000
-453,64107844;4,13419000
-453,55915844;4,13419000
-453,47723844;4,13419000
-453,39531844;4,04431300
-453,31339844;4,04431300
-453,23147844;4,08932800
-453,14955845;4,08932800
-453,06763845;4,04431300
-452,98571845;4,04431300
-452,90379845;4,04431300
-452,82187845;4,04431300
-452,73995845;4,04431300
-452,65803845;4,04431300
-452,57611845;4,04431300
-452,49419845;3,99929800
-452,41227845;3,99929800
-452,33035845;3,99929800
-452,24843845;3,95443600
-452,16651845;3,95443600
-452,08459845;3,95443600
-452,00267845;3,95443600
-451,92075845;3,95443600
-451,83883845;3,95443600
-451,75691845;3,95443600
-451,67499845;3,95443600
-451,59307845;3,95443600
-451,51115846;3,90942100
-451,42923846;3,90942100
-451,34731846;3,90942100
-451,26539846;3,86455900
-451,18347846;3,90942100
-451,10155846;3,86455900
-451,01963846;3,86455900
-450,93771846;3,86455900
-450,85579846;3,86455900
-450,77387846;3,86455900
-450,69195846;3,95443600
-450,61003846;3,95443600
-450,52811846;4,04431300
-450,44619846;4,04431300
-450,36427846;4,13419000
-450,28235846;4,13419000
-450,20043846;4,22406700
-450,11851846;4,26908200
-450,03659846;4,31409600
-449,95467846;4,31409600
-449,87275847;4,40397400
-449,79083847;4,40397400
-449,70891847;4,40397400
-449,62699847;4,44883600
-449,54507847;4,49385100
-449,46315847;4,49385100
-449,38123847;4,49385100
-449,29931847;4,53871300
-449,21739847;4,53871300
-449,13547847;4,58372700
-449,05355847;4,58372700
-448,97163847;4,58372700
-448,88971847;4,58372700
-448,80779847;4,62874200
-448,72587847;4,58372700
-448,64395847;4,62874200
-448,56203847;4,58372700
-448,48011847;4,58372700
-448,39819847;4,58372700
-448,31627847;4,58372700
-448,23435848;4,58372700
-448,15243848;4,58372700
-448,07051848;4,58372700
-447,98859848;4,58372700
-447,90667848;4,53871300
-447,82475848;4,53871300
-447,74283848;4,49385100
-447,66091848;4,49385100
-447,57899848;4,49385100
-447,49707848;4,49385100
-447,41515848;4,49385100
-447,33323848;4,49385100
-447,25131848;4,49385100
-447,16939848;4,49385100
-447,08747848;4,44883600
-447,00555848;4,44883600
-446,92363848;4,44883600
-446,84171848;4,40397400
-446,75979848;4,44883600
-446,67787848;4,40397400
-446,59595848;4,40397400
-446,51403849;4,40397400
-446,43211849;4,40397400
-446,35019849;4,40397400
-446,26827849;4,40397400
-446,18635849;4,35895900
-446,10443849;4,35895900
-446,02251849;4,35895900
-445,94059849;4,31409600
-445,85867849;4,31409600
-445,77675849;4,31409600
-445,69483849;4,31409600
-445,61291849;4,31409600
-445,53099849;4,31409600
-445,44907849;4,31409600
-445,36715849;4,31409600
-445,28523849;4,26908200
-445,20331849;4,26908200
-445,12139849;4,22406700
-445,03947849;4,26908200
-444,95755849;4,26908200
-444,87563850;4,22406700
-444,79371850;4,22406700
-444,71179850;4,22406700
-444,62987850;4,22406700
-444,54795850;4,17920400
-444,46603850;4,17920400
-444,38411850;4,17920400
-444,30219850;4,17920400
-444,22027850;4,17920400
-444,13835850;4,13419000
-444,05643850;4,13419000
-443,97451850;4,13419000
-443,89259850;4,13419000
-443,81067850;4,13419000
-443,72875850;4,13419000
-443,64683850;4,08932800
-443,56491850;4,08932800
-443,48299850;4,08932800
-443,40107850;4,13419000
-443,31915850;4,08932800
-443,23723851;4,08932800
-443,15531851;4,04431300
-443,07339851;4,04431300
-442,99147851;4,04431300
-442,90955851;4,04431300
-442,82763851;4,04431300
-442,74571851;4,04431300
-442,66379851;4,04431300
-442,58187851;3,99929800
-442,49995851;3,99929800
-442,41803851;3,95443600
-442,33611851;3,95443600
-442,25419851;3,95443600
-442,17227851;3,95443600
-442,09035851;3,95443600
-442,00843851;3,95443600
-441,92651851;3,95443600
-441,84459851;3,95443600
-441,76267851;3,95443600
-441,68075851;3,90942100
-441,59883852;3,90942100
-441,51691852;3,90942100
-441,43499852;3,90942100
-441,35307852;3,90942100
-441,27115852;3,90942100
-441,18923852;3,86455900
-441,10731852;3,86455900
-441,02539852;3,86455900
-440,94347852;3,86455900
-440,86155852;3,90942100
-440,77963852;3,90942100
-440,69771852;3,95443600
-440,61579852;3,95443600
-440,53387852;4,04431300
-440,45195852;4,08932800
-440,37003852;4,13419000
-440,28811852;4,22406700
-440,20619852;4,26908200
-440,12427852;4,31409600
-440,04235852;4,31409600
-439,96043853;4,40397400
-439,87851853;4,40397400
-439,79659853;4,44883600
-439,71467853;4,49385100
-439,63275853;4,49385100
-439,55083853;4,49385100
-439,46891853;4,53871300
-439,38699853;4,53871300
-439,30507853;4,58372700
-439,22315853;4,58372700
-439,14123853;4,58372700
-439,05931853;4,58372700
-438,97739853;4,62874200
-438,89547853;4,62874200
-438,81355853;4,62874200
-438,73163853;4,58372700
-438,64971853;4,62874200
-438,56779853;4,58372700
-438,48587853;4,62874200
-438,40395853;4,58372700
-438,32203854;4,58372700
-438,24011854;4,58372700
-438,15819854;4,58372700
-438,07627854;4,58372700
-437,99435854;4,58372700
-437,91243854;4,53871300
-437,83051854;4,53871300
-437,74859854;4,53871300
-437,66667854;4,53871300
-437,58475854;4,49385100
-437,50283854;4,49385100
-437,42091854;4,49385100
-437,33899854;4,49385100
-437,25707854;4,49385100
-437,17515854;4,49385100
-437,09323854;4,49385100
-437,01131854;4,44883600
-436,92939854;4,44883600
-436,84747854;4,44883600
-436,76555854;4,40397400
-436,68363855;4,40397400
-436,60171855;4,40397400
-436,51979855;4,40397400
-436,43787855;4,40397400
-436,35595855;4,40397400
-436,27403855;4,40397400
-436,19211855;4,40397400
-436,11019855;4,35895900
-436,02827855;4,35895900
-435,94635855;4,31409600
-435,86443855;4,31409600
-435,78251855;4,31409600
-435,70059855;4,31409600
-435,61867855;4,31409600
-435,53675855;4,31409600
-435,45483855;4,31409600
-435,37291855;4,31409600
-435,29099855;4,26908200
-435,20907855;4,26908200
-435,12715855;4,26908200
-435,04523856;4,26908200
-434,96331856;4,26908200
-434,88139856;4,22406700
-434,79947856;4,22406700
-434,71755856;4,22406700
-434,63563856;4,22406700
-434,55371856;4,22406700
-434,47179856;4,22406700
-434,38987856;4,17920400
-434,30795856;4,17920400
-434,22603856;4,17920400
-434,14411856;4,13419000
-434,06219856;4,13419000
-433,98027856;4,13419000
-433,89835856;4,13419000
-433,81643856;4,13419000
-433,73451856;4,13419000
-433,65259856;4,13419000
-433,57067856;4,13419000
-433,48875856;4,08932800
-433,40683857;4,13419000
-433,32491857;4,08932800
-433,24299857;4,08932800
-433,16107857;4,04431300
-433,07915857;4,08932800
-432,99723857;4,04431300
-432,91531857;4,04431300
-432,83339857;4,04431300
-432,75147857;4,04431300
-432,66955857;4,04431300
-432,58763857;4,04431300
-432,50571857;3,99929800
-432,42379857;3,95443600
-432,34187857;3,95443600
-432,25995857;3,95443600
-432,17803857;3,95443600
-432,09611857;3,95443600
-432,01419857;3,95443600
-431,93227857;3,95443600
-431,85035857;3,95443600
-431,76843858;3,95443600
-431,68651858;3,95443600
-431,60459858;3,95443600
-431,52267858;3,90942100
-431,44075858;3,90942100
-431,35883858;3,90942100
-431,27691858;3,86455900
-431,19499858;3,86455900
-431,11307858;3,90942100
-431,03115858;3,90942100
-430,94923858;3,86455900
-430,86731858;3,86455900
-430,78539858;3,90942100
-430,70347858;3,90942100
-430,62155858;3,95443600
-430,53963858;3,99929800
-430,45771858;4,04431300
-430,37579858;4,13419000
-430,29387858;4,13419000
-430,21195858;4,22406700
-430,13003859;4,22406700
-430,04811859;4,31409600
-429,96619859;4,31409600
-429,88427859;4,40397400
-429,80235859;4,40397400
-429,72043859;4,40397400
-429,63851859;4,49385100
-429,55659859;4,49385100
-429,47467859;4,49385100
-429,39275859;4,49385100
-429,31083859;4,53871300
-429,22891859;4,53871300
-429,14699859;4,58372700
-429,06507859;4,58372700
-428,98315859;4,58372700
-428,90123859;4,62874200
-428,81931859;4,58372700
-428,73739859;4,62874200
-428,65547859;4,58372700
-428,57355859;4,58372700
-428,49163860;4,58372700
-428,40971860;4,58372700
-428,32779860;4,58372700
-428,24587860;4,58372700
-428,16395860;4,58372700
-428,08203860;4,58372700
-428,00011860;4,53871300
-427,91819860;4,53871300
-427,83627860;4,58372700
-427,75435860;4,53871300
-427,67243860;4,49385100
-427,59051860;4,49385100
-427,50859860;4,49385100
-427,42667860;4,49385100
-427,34475860;4,49385100
-427,26283860;4,49385100
-427,18091860;4,49385100
-427,09899860;4,49385100
-427,01707860;4,44883600
-426,93515860;4,44883600
-426,85323860;4,44883600
-426,77131861;4,44883600
-426,68939861;4,40397400
-426,60747861;4,40397400
-426,52555861;4,40397400
-426,44363861;4,40397400
-426,36171861;4,40397400
-426,27979861;4,40397400
-426,19787861;4,40397400
-426,11595861;4,35895900
-426,03403861;4,35895900
-425,95211861;4,35895900
-425,87019861;4,31409600
-425,78827861;4,31409600
-425,70635861;4,31409600
-425,62443861;4,31409600
-425,54251861;4,31409600
-425,46059861;4,31409600
-425,37867861;4,31409600
-425,29675861;4,26908200
-425,21483861;4,26908200
-425,13291862;4,26908200
-425,05099862;4,22406700
-424,96907862;4,22406700
-424,88715862;4,22406700
-424,80523862;4,22406700
-424,72331862;4,22406700
-424,64139862;4,22406700
-424,55947862;4,22406700
-424,47755862;4,22406700
-424,39563862;4,17920400
-424,31371862;4,17920400
-424,23179862;4,17920400
-424,14987862;4,13419000
-424,06795862;4,13419000
-423,98603862;4,13419000
-423,90411862;4,13419000
-423,82219862;4,13419000
-423,74027862;4,13419000
-423,65835862;4,13419000
-423,57643862;4,13419000
-423,49451863;4,13419000
-423,41259863;4,08932800
-423,33067863;4,08932800
-423,24875863;4,08932800
-423,16683863;4,04431300
-423,08491863;4,04431300
-423,00299863;4,04431300
-422,92107863;4,04431300
-422,83915863;4,04431300
-422,75723863;4,04431300
-422,67531863;4,04431300
-422,59339863;4,04431300
-422,51147863;4,04431300
-422,42955863;3,99929800
-422,34763863;3,95443600
-422,26571863;3,99929800
-422,18379863;3,95443600
-422,10187863;3,95443600
-422,01995863;3,95443600
-421,93803863;3,95443600
-421,85611864;3,95443600
-421,77419864;3,95443600
-421,69227864;3,95443600
-421,61035864;3,90942100
-421,52843864;3,95443600
-421,44651864;3,90942100
-421,36459864;3,95443600
-421,28267864;3,86455900
-421,20075864;3,90942100
-421,11883864;3,90942100
-421,03691864;3,86455900
-420,95499864;3,86455900
-420,87307864;3,90942100
-420,79115864;3,90942100
-420,70923864;3,95443600
-420,62731864;3,95443600
-420,54539864;4,04431300
-420,46347864;4,08932800
-420,38155864;4,13419000
-420,29963864;4,22406700
-420,21771865;4,22406700
-420,13579865;4,26908200
-420,05387865;4,31409600
-419,97195865;4,40397400
-419,89003865;4,40397400
-419,80811865;4,44883600
-419,72619865;4,49385100
-419,64427865;4,49385100
-419,56235865;4,49385100
-419,48043865;4,53871300
-419,39851865;4,53871300
-419,31659865;4,58372700
-419,23467865;4,58372700
-419,15275865;4,58372700
-419,07083865;4,62874200
-418,98891865;4,62874200
-418,90699865;4,62874200
-418,82507865;4,62874200
-418,74315865;4,62874200
-418,66123865;4,62874200
-418,57931866;4,62874200
-418,49739866;4,58372700
-418,41547866;4,58372700
-418,33355866;4,58372700
-418,25163866;4,58372700
-418,16971866;4,58372700
-418,08779866;4,58372700
-418,00587866;4,58372700
-417,92395866;4,58372700
-417,84203866;4,53871300
-417,76011866;4,53871300
-417,67819866;4,49385100
-417,59627866;4,53871300
-417,51435866;4,49385100
-417,43243866;4,49385100
-417,35051866;4,49385100
-417,26859866;4,49385100
-417,18667866;4,49385100
-417,10475866;4,49385100
-417,02283866;4,44883600
-416,94091867;4,44883600
-416,85899867;4,44883600
-416,77707867;4,44883600
-416,69515867;4,44883600
-416,61323867;4,40397400
-416,53131867;4,40397400
-416,44939867;4,40397400
-416,36747867;4,40397400
-416,28555867;4,40397400
-416,20363867;4,40397400
-416,12171867;4,40397400
-416,03979867;4,35895900
-415,95787867;4,31409600
-415,87595867;4,31409600
-415,79403867;4,31409600
-415,71211867;4,31409600
-415,63019867;4,31409600
-415,54827867;4,31409600
-415,46635867;4,31409600
-415,38443867;4,31409600
-415,30251868;4,31409600
-415,22059868;4,31409600
-415,13867868;4,26908200
-415,05675868;4,26908200
-414,97483868;4,22406700
-414,89291868;4,22406700
-414,81099868;4,22406700
-414,72907868;4,22406700
-414,64715868;4,22406700
-414,56523868;4,22406700
-414,48331868;4,22406700
-414,40139868;4,17920400
-414,31947868;4,17920400
-414,23755868;4,13419000
-414,15563868;4,13419000
-414,07371868;4,17920400
-413,99179868;4,13419000
-413,90987868;4,13419000
-413,82795868;4,13419000
-413,74603868;4,13419000
-413,66411869;4,13419000
-413,58219869;4,13419000
-413,50027869;4,13419000
-413,41835869;4,13419000
-413,33643869;4,08932800
-413,25451869;4,08932800
-413,17259869;4,08932800
-413,09067869;4,08932800
-413,00875869;4,04431300
-412,92683869;4,04431300
-412,84491869;4,04431300
-412,76299869;4,04431300
-412,68107869;4,04431300
-412,59915869;4,04431300
-412,51723869;4,04431300
-412,43531869;3,99929800
-412,35339869;3,99929800
-412,27147869;3,95443600
-412,18955869;3,95443600
-412,10763869;3,95443600
-412,02571870;3,95443600
-411,94379870;3,95443600
-411,86187870;3,95443600
-411,77995870;3,95443600
-411,69803870;3,95443600
-411,61611870;3,95443600
-411,53419870;3,90942100
-411,45227870;3,90942100
-411,37035870;3,90942100
-411,28843870;3,90942100
-411,20651870;3,90942100
-411,12459870;3,86455900
-411,04267870;3,86455900
-410,96075870;3,90942100
-410,87883870;3,86455900
-410,79691870;3,90942100
-410,71499870;3,95443600
-410,63307870;3,95443600
-410,55115870;3,99929800
-410,46923870;4,04431300
-410,38731871;4,08932800
-410,30539871;4,13419000
-410,22347871;4,22406700
-410,14155871;4,22406700
-410,05963871;4,26908200
-409,97771871;4,31409600
-409,89579871;4,35895900
-409,81387871;4,40397400
-409,73195871;4,40397400
-409,65003871;4,44883600
-409,56811871;4,49385100
-409,48619871;4,49385100
-409,40427871;4,49385100
-409,32235871;4,49385100
-409,24043871;4,53871300
-409,15851871;4,53871300
-409,07659871;4,58372700
-408,99467871;4,58372700
-408,91275871;4,58372700
-408,83083871;4,58372700
-408,74891871;4,58372700
-408,66699872;4,58372700
-408,58507872;4,58372700
-408,50315872;4,58372700
-408,42123872;4,58372700
-408,33931872;4,58372700
-408,25739872;4,58372700
-408,17547872;4,58372700
-408,09355872;4,58372700
-408,01163872;4,58372700
-407,92971872;4,53871300
-407,84779872;4,53871300
-407,76587872;4,53871300
-407,68395872;4,49385100
-407,60203872;4,49385100
-407,52011872;4,49385100
-407,43819872;4,49385100
-407,35627872;4,49385100
-407,27435872;4,49385100
-407,19243872;4,49385100
-407,11051872;4,44883600
-407,02859873;4,49385100
-406,94667873;4,44883600
-406,86475873;4,40397400
-406,78283873;4,40397400
-406,70091873;4,40397400
-406,61899873;4,40397400
-406,53707873;4,40397400
-406,45515873;4,40397400
-406,37323873;4,40397400
-406,29131873;4,35895900
-406,20939873;4,40397400
-406,12747873;4,35895900
-406,04555873;4,35895900
-405,96363873;4,31409600
-405,88171873;4,31409600
-405,79979873;4,31409600
-405,71787873;4,31409600
-405,63595873;4,31409600
-405,55403873;4,31409600
-405,47211873;4,31409600
-405,39019874;4,31409600
-405,30827874;4,31409600
-405,22635874;4,26908200
-405,14443874;4,26908200
-405,06251874;4,26908200
-404,98059874;4,22406700
-404,89867874;4,26908200
-404,81675874;4,22406700
-404,73483874;4,22406700
-404,65291874;4,22406700
-404,57099874;4,22406700
-404,48907874;4,22406700
-404,40715874;4,17920400
-404,32523874;4,17920400
-404,24331874;4,17920400
-404,16139874;4,17920400
-404,07947874;4,13419000
-403,99755874;4,13419000
-403,91563874;4,13419000
-403,83371874;4,13419000
-403,75179875;4,13419000
-403,66987875;4,13419000
-403,58795875;4,13419000
-403,50603875;4,08932800
-403,42411875;4,08932800
-403,34219875;4,08932800
-403,26027875;4,08932800
-403,17835875;4,04431300
-403,09643875;4,04431300
-403,01451875;4,04431300
-402,93259875;4,04431300
-402,85067875;4,04431300
-402,76875875;4,04431300
-402,68683875;4,04431300
-402,60491875;4,04431300
-402,52299875;3,99929800
-402,44107875;3,95443600
-402,35915875;3,95443600
-402,27723875;3,95443600
-402,19531875;3,95443600
-402,11339876;3,95443600
-402,03147876;3,95443600
-401,94955876;3,95443600
-401,86763876;3,95443600
-401,78571876;3,95443600
-401,70379876;3,95443600
-401,62187876;3,90942100
-401,53995876;3,90942100
-401,45803876;3,90942100
-401,37611876;3,90942100
-401,29419876;3,90942100
-401,21227876;3,86455900
-401,13035876;3,86455900
-401,04843876;3,86455900
-400,96651876;3,86455900
-400,88459876;3,86455900
-400,80267876;3,86455900
-400,72075876;3,95443600
-400,63883876;3,95443600
-400,55691876;4,04431300
-400,47499877;4,08932800
-400,39307877;4,13419000
-400,31115877;4,17920400
-400,22923877;4,22406700
-400,14731877;4,26908200
-400,06539877;4,31409600
-399,98347877;4,31409600
-399,90155877;4,40397400
-399,81963877;4,40397400
-399,73771877;4,44883600
-399,65579877;4,49385100
-399,57387877;4,49385100
-399,49195877;4,49385100
-399,41003877;4,58372700
-399,32811877;4,58372700
-399,24619877;4,58372700
-399,16427877;4,58372700
-399,08235877;4,58372700
-399,00043877;4,58372700
-398,91851877;4,62874200
-398,83659878;4,62874200
-398,75467878;4,62874200
-398,67275878;4,58372700
-398,59083878;4,62874200
-398,50891878;4,62874200
-398,42699878;4,58372700
-398,34507878;4,58372700
-398,26315878;4,58372700
-398,18123878;4,58372700
-398,09931878;4,58372700
-398,01739878;4,58372700
-397,93547878;4,58372700
-397,85355878;4,53871300
-397,77163878;4,58372700
-397,68971878;4,53871300
-397,60779878;4,49385100
-397,52587878;4,49385100
-397,44395878;4,49385100
-397,36203878;4,49385100
-397,28011878;4,49385100
-397,19819879;4,49385100
-397,11627879;4,49385100
-397,03435879;4,44883600
-396,95243879;4,44883600
-396,87051879;4,44883600
-396,78859879;4,40397400
-396,70667879;4,40397400
-396,62475879;4,40397400
-396,54283879;4,40397400
-396,46091879;4,40397400
-396,37899879;4,40397400
-396,29707879;4,40397400
-396,21515879;4,40397400
-396,13323879;4,35895900
-396,05131879;4,35895900
-395,96939879;4,31409600
-395,88747879;4,31409600
-395,80555879;4,31409600
-395,72363879;4,31409600
-395,64171879;4,31409600
-395,55979880;4,31409600
-395,47787880;4,31409600
-395,39595880;4,31409600
-395,31403880;4,26908200
-395,23211880;4,31409600
-395,15019880;4,26908200
-395,06827880;4,26908200
-394,98635880;4,22406700
-394,90443880;4,22406700
-394,82251880;4,22406700
-394,74059880;4,22406700
-394,65867880;4,22406700
-394,57675880;4,22406700
-394,49483880;4,22406700
-394,41291880;4,17920400
-394,33099880;4,17920400
-394,24907880;4,17920400
-394,16715880;4,13419000
-394,08523880;4,17920400
-394,00331880;4,13419000
-393,92139881;4,13419000
-393,83947881;4,13419000
-393,75755881;4,13419000
-393,67563881;4,13419000
-393,59371881;4,13419000
-393,51179881;4,13419000
-393,42987881;4,08932800
-393,34795881;4,08932800
-393,26603881;4,08932800
-393,18411881;4,08932800
-393,10219881;4,04431300
-393,02027881;4,04431300
-392,93835881;4,04431300
-392,85643881;4,04431300
-392,77451881;4,04431300
-392,69259881;4,04431300
-392,61067881;4,04431300
-392,52875881;3,99929800
-392,44683881;4,04431300
-392,36491881;4,04431300
-392,28299882;3,95443600
-392,20107882;3,95443600
-392,11915882;3,95443600
-392,03723882;3,95443600
-391,95531882;3,95443600
-391,87339882;3,95443600
-391,79147882;3,95443600
-391,70955882;3,95443600
-391,62763882;3,95443600
-391,54571882;3,95443600
-391,46379882;3,95443600
-391,38187882;3,90942100
-391,29995882;3,90942100
-391,21803882;3,90942100
-391,13611882;3,90942100
-391,05419882;3,86455900
-390,97227882;3,86455900
-390,89035882;3,86455900
-390,80843882;3,90942100
-390,72651882;3,90942100
-390,64459883;3,95443600
-390,56267883;3,95443600
-390,48075883;4,04431300
-390,39883883;4,08932800
-390,31691883;4,13419000
-390,23499883;4,22406700
-390,15307883;4,22406700
-390,07115883;4,26908200
-389,98923883;4,31409600
-389,90731883;4,35895900
-389,82539883;4,40397400
-389,74347883;4,40397400
-389,66155883;4,44883600
-389,57963883;4,49385100
-389,49771883;4,49385100
-389,41579883;4,49385100
-389,33387883;4,49385100
-389,25195883;4,53871300
-389,17003883;4,58372700
-389,08811883;4,58372700
-389,00619883;4,58372700
-388,92427884;4,58372700
-388,84235884;4,62874200
-388,76043884;4,62874200
-388,67851884;4,62874200
-388,59659884;4,58372700
-388,51467884;4,58372700
-388,43275884;4,62874200
-388,35083884;4,58372700
-388,26891884;4,58372700
-388,18699884;4,58372700
-388,10507884;4,58372700
-388,02315884;4,58372700
-387,94123884;4,53871300
-387,85931884;4,53871300
-387,77739884;4,53871300
-387,69547884;4,53871300
-387,61355884;4,49385100
-387,53163884;4,49385100
-387,44971884;4,49385100
-387,36779884;4,49385100
-387,28587885;4,49385100
-387,20395885;4,49385100
-387,12203885;4,49385100
-387,04011885;4,49385100
-386,95819885;4,44883600
-386,87627885;4,44883600
-386,79435885;4,40397400
-386,71243885;4,40397400
-386,63051885;4,40397400
-386,54859885;4,40397400
-386,46667885;4,40397400
-386,38475885;4,40397400
-386,30283885;4,40397400
-386,22091885;4,40397400
-386,13899885;4,35895900
-386,05707885;4,35895900
-385,97515885;4,31409600
-385,89323885;4,31409600
-385,81131885;4,31409600
-385,72939885;4,31409600
-385,64747886;4,31409600
-385,56555886;4,31409600
-385,48363886;4,31409600
-385,40171886;4,31409600
-385,31979886;4,31409600
-385,23787886;4,26908200
-385,15595886;4,26908200
-385,07403886;4,26908200
-384,99211886;4,22406700
-384,91019886;4,22406700
-384,82827886;4,22406700
-384,74635886;4,22406700
-384,66443886;4,22406700
-384,58251886;4,22406700
-384,50059886;4,22406700
-384,41867886;4,17920400
-384,33675886;4,17920400
-384,25483886;4,13419000
-384,17291886;4,13419000
-384,09099886;4,13419000
-384,00907887;4,13419000
-383,92715887;4,13419000
-383,84523887;4,13419000
-383,76331887;4,13419000
-383,68139887;4,13419000
-383,59947887;4,13419000
-383,51755887;4,13419000
-383,43563887;4,08932800
-383,35371887;4,08932800
-383,27179887;4,08932800
-383,18987887;4,08932800
-383,10795887;4,08932800
-383,02603887;4,04431300
-382,94411887;4,04431300
-382,86219887;4,04431300
-382,78027887;4,04431300
-382,69835887;4,04431300
-382,61643887;4,04431300
-382,53451887;4,04431300
-382,45259887;4,04431300
-382,37067888;3,95443600
-382,28875888;3,95443600
-382,20683888;3,95443600
-382,12491888;3,95443600
-382,04299888;3,95443600
-381,96107888;3,95443600
-381,87915888;3,95443600
-381,79723888;3,95443600
-381,71531888;3,95443600
-381,63339888;3,90942100
-381,55147888;3,90942100
-381,46955888;3,90942100
-381,38763888;3,90942100
-381,30571888;3,90942100
-381,22379888;3,86455900
-381,14187888;3,86455900
-381,05995888;3,86455900
-380,97803888;3,86455900
-380,89611888;3,86455900
-380,81419888;3,90942100
-380,73227889;3,90942100
-380,65035889;3,95443600
-380,56843889;3,99929800
-380,48651889;4,04431300
-380,40459889;4,13419000
-380,32267889;4,13419000
-380,24075889;4,22406700
-380,15883889;4,26908200
-380,07691889;4,31409600
-379,99499889;4,35895900
-379,91307889;4,40397400
-379,83115889;4,40397400
-379,74923889;4,44883600
-379,66731889;4,49385100
-379,58539889;4,49385100
-379,50347889;4,49385100
-379,42155889;4,53871300
-379,33963889;4,58372700
-379,25771889;4,58372700
-379,17579889;4,58372700
-379,09387890;4,58372700
-379,01195890;4,62874200
-378,93003890;4,62874200
-378,84811890;4,58372700
-378,76619890;4,62874200
-378,68427890;4,58372700
-378,60235890;4,58372700
-378,52043890;4,58372700
-378,43851890;4,62874200
-378,35659890;4,58372700
-378,27467890;4,58372700
-378,19275890;4,58372700
-378,11083890;4,58372700
-378,02891890;4,58372700
-377,94699890;4,58372700
-377,86507890;4,58372700
-377,78315890;4,53871300
-377,70123890;4,49385100
-377,61931890;4,49385100
-377,53739890;4,49385100
-377,45547891;4,49385100
-377,37355891;4,49385100
-377,29163891;4,49385100
-377,20971891;4,49385100
-377,12779891;4,49385100
-377,04587891;4,49385100
-376,96395891;4,44883600
-376,88203891;4,44883600
-376,80011891;4,44883600
-376,71819891;4,40397400
-376,63627891;4,40397400
-376,55435891;4,40397400
-376,47243891;4,40397400
-376,39051891;4,40397400
-376,30859891;4,40397400
-376,22667891;4,40397400
-376,14475891;4,31409600
-376,06283891;4,35895900
-375,98091891;4,31409600
-375,89899891;4,31409600
-375,81707892;4,31409600
-375,73515892;4,31409600
-375,65323892;4,31409600
-375,57131892;4,31409600
-375,48939892;4,31409600
-375,40747892;4,31409600
-375,32555892;4,26908200
-375,24363892;4,31409600
-375,16171892;4,26908200
-375,07979892;4,26908200
-374,99787892;4,26908200
-374,91595892;4,22406700
-374,83403892;4,22406700
-374,75211892;4,22406700
-374,67019892;4,22406700
-374,58827892;4,22406700
-374,50635892;4,22406700
-374,42443892;4,17920400
-374,34251892;4,17920400
-374,26059892;4,17920400
-374,17867893;4,17920400
-374,09675893;4,13419000
-374,01483893;4,13419000
-373,93291893;4,13419000
-373,85099893;4,13419000
-373,76907893;4,13419000
-373,68715893;4,13419000
-373,60523893;4,13419000
-373,52331893;4,13419000
-373,44139893;4,13419000
-373,35947893;4,08932800
-373,27755893;4,08932800
-373,19563893;4,04431300
-373,11371893;4,04431300
-373,03179893;4,04431300
-372,94987893;4,04431300
-372,86795893;4,04431300
-372,78603893;4,04431300
-372,70411893;4,04431300
-372,62219893;4,04431300
-372,54027894;3,99929800
-372,45835894;3,95443600
-372,37643894;3,99929800
-372,29451894;3,95443600
-372,21259894;3,95443600
-372,13067894;3,95443600
-372,04875894;3,95443600
-371,96683894;3,95443600
-371,88491894;3,95443600
-371,80299894;3,95443600
-371,72107894;3,95443600
-371,63915894;3,95443600
-371,55723894;3,90942100
-371,47531894;3,90942100
-371,39339894;3,90942100
-371,31147894;3,90942100
-371,22955894;3,86455900
-371,14763894;3,86455900
-371,06571894;3,90942100
-370,98379894;3,86455900
-370,90187895;3,86455900
-370,81995895;3,86455900
-370,73803895;3,90942100
-370,65611895;3,95443600
-370,57419895;3,95443600
-370,49227895;4,04431300
-370,41035895;4,04431300
-370,32843895;4,13419000
-370,24651895;4,13419000
-370,16459895;4,22406700
-370,08267895;4,26908200
-370,00075895;4,31409600
-369,91883895;4,31409600
-369,83691895;4,40397400
-369,75499895;4,40397400
-369,67307895;4,44883600
-369,59115895;4,49385100
-369,50923895;4,49385100
-369,42731895;4,49385100
-369,34539895;4,49385100
-369,26347895;4,53871300
-369,18155896;4,53871300
-369,09963896;4,58372700
-369,01771896;4,58372700
-368,93579896;4,58372700
-368,85387896;4,58372700
-368,77195896;4,58372700
-368,69003896;4,58372700
-368,60811896;4,58372700
-368,52619896;4,58372700
-368,44427896;4,58372700
-368,36235896;4,58372700
-368,28043896;4,58372700
-368,19851896;4,58372700
-368,11659896;4,58372700
-368,03467896;4,58372700
-367,95275896;4,53871300
-367,87083896;4,53871300
-367,78891896;4,53871300
-367,70699896;4,53871300
-367,62507896;4,49385100
-367,54315897;4,49385100
-367,46123897;4,49385100
-367,37931897;4,49385100
-367,29739897;4,49385100
-367,21547897;4,49385100
-367,13355897;4,49385100
-367,05163897;4,44883600
-366,96971897;4,40397400
-366,88779897;4,44883600
-366,80587897;4,44883600
-366,72395897;4,40397400
-366,64203897;4,40397400
-366,56011897;4,40397400
-366,47819897;4,40397400
-366,39627897;4,40397400
-366,31435897;4,40397400
-366,23243897;4,40397400
-366,15051897;4,35895900
-366,06859897;4,31409600
-365,98667897;4,31409600
-365,90475898;4,31409600
-365,82283898;4,31409600
-365,74091898;4,31409600
-365,65899898;4,31409600
-365,57707898;4,31409600
-365,49515898;4,31409600
-365,41323898;4,31409600
-365,33131898;4,26908200
-365,24939898;4,26908200
-365,16747898;4,26908200
-365,08555898;4,26908200
-365,00363898;4,22406700
-364,92171898;4,22406700
-364,83979898;4,22406700
-364,75787898;4,22406700
-364,67595898;4,22406700
-364,59403898;4,22406700
-364,51211898;4,17920400
-364,43019898;4,17920400
-364,34827898;4,17920400
-364,26635899;4,17920400
-364,18443899;4,13419000
-364,10251899;4,13419000
-364,02059899;4,13419000
-363,93867899;4,13419000
-363,85675899;4,13419000
-363,77483899;4,13419000
-363,69291899;4,13419000
-363,61099899;4,13419000
-363,52907899;4,08932800
-363,44715899;4,13419000
-363,36523899;4,08932800
-363,28331899;4,08932800
-363,20139899;4,04431300
-363,11947899;4,04431300
-363,03755899;4,04431300
-362,95563899;4,04431300
-362,87371899;4,04431300
-362,79179899;4,04431300
-362,70987899;4,04431300
-362,62795900;3,99929800
-362,54603900;4,04431300
-362,46411900;3,99929800
-362,38219900;3,99929800
-362,30027900;3,95443600
-362,21835900;3,95443600
-362,13643900;3,95443600
-362,05451900;3,95443600
-361,97259900;3,95443600
-361,89067900;3,95443600
-361,80875900;3,95443600
-361,72683900;3,95443600
-361,64491900;3,95443600
-361,56299900;3,95443600
-361,48107900;3,90942100
-361,39915900;3,90942100
-361,31723900;3,90942100
-361,23531900;3,90942100
-361,15339900;3,86455900
-361,07147900;3,86455900
-360,98955901;3,86455900
-360,90763901;3,86455900
-360,82571901;3,86455900
-360,74379901;3,90942100
-360,66187901;3,95443600
-360,57995901;3,99929800
-360,49803901;4,04431300
-360,41611901;4,13419000
-360,33419901;4,13419000
-360,25227901;4,22406700
-360,17035901;4,26908200
-360,08843901;4,31409600
-360,00651901;4,31409600
-359,92459901;4,40397400
-359,84267901;4,40397400
-359,76075901;4,44883600
-359,67883901;4,49385100
-359,59691901;4,49385100
-359,51499901;4,49385100
-359,43307901;4,53871300
-359,35115902;4,53871300
-359,26923902;4,58372700
-359,18731902;4,58372700
-359,10539902;4,58372700
-359,02347902;4,58372700
-358,94155902;4,62874200
-358,85963902;4,58372700
-358,77771902;4,62874200
-358,69579902;4,62874200
-358,61387902;4,62874200
-358,53195902;4,62874200
-358,45003902;4,62874200
-358,36811902;4,58372700
-358,28619902;4,58372700
-358,20427902;4,58372700
-358,12235902;4,58372700
-358,04043902;4,58372700
-357,95851902;4,58372700
-357,87659902;4,58372700
-357,79467902;4,53871300
-357,71275903;4,53871300
-357,63083903;4,49385100
-357,54891903;4,49385100
-357,46699903;4,49385100
-357,38507903;4,49385100
-357,30315903;4,49385100
-357,22123903;4,49385100
-357,13931903;4,49385100
-357,05739903;4,49385100
-356,97547903;4,44883600
-356,89355903;4,40397400
-356,81163903;4,44883600
-356,72971903;4,40397400
-356,64779903;4,40397400
-356,56587903;4,40397400
-356,48395903;4,40397400
-356,40203903;4,40397400
-356,32011903;4,40397400
-356,23819903;4,40397400
-356,15627903;4,35895900
-356,07435904;4,35895900
-355,99243904;4,35895900
-355,91051904;4,31409600
-355,82859904;4,31409600
-355,74667904;4,31409600
-355,66475904;4,31409600
-355,58283904;4,31409600
-355,50091904;4,31409600
-355,41899904;4,31409600
-355,33707904;4,31409600
-355,25515904;4,26908200
-355,17323904;4,26908200
-355,09131904;4,26908200
-355,00939904;4,22406700
-354,92747904;4,26908200
-354,84555904;4,22406700
-354,76363904;4,22406700
-354,68171904;4,22406700
-354,59979904;4,22406700
-354,51787904;4,17920400
-354,43595905;4,22406700
-354,35403905;4,17920400
-354,27211905;4,17920400
-354,19019905;4,13419000
-354,10827905;4,17920400
-354,02635905;4,13419000
-353,94443905;4,17920400
-353,86251905;4,13419000
-353,78059905;4,13419000
-353,69867905;4,13419000
-353,61675905;4,13419000
-353,53483905;4,13419000
-353,45291905;4,13419000
-353,37099905;4,08932800
-353,28907905;4,04431300
-353,20715905;4,08932800
-353,12523905;4,08932800
-353,04331905;4,08932800
-352,96139905;4,04431300
-352,87947905;4,04431300
-352,79755906;4,04431300
-352,71563906;4,04431300
-352,63371906;4,04431300
-352,55179906;3,99929800
-352,46987906;4,04431300
-352,38795906;3,99929800
-352,30603906;3,95443600
-352,22411906;3,95443600
-352,14219906;3,95443600
-352,06027906;3,95443600
-351,97835906;3,95443600
-351,89643906;3,95443600
-351,81451906;3,95443600
-351,73259906;3,95443600
-351,65067906;3,95443600
-351,56875906;3,90942100
-351,48683906;3,90942100
-351,40491906;3,90942100
-351,32299906;3,90942100
-351,24107906;3,90942100
-351,15915906;3,86455900
-351,07723907;3,86455900
-350,99531907;3,86455900
-350,91339907;3,86455900
-350,83147907;3,86455900
-350,74955907;3,90942100
-350,66763907;3,95443600
-350,58571907;3,95443600
-350,50379907;4,04431300
-350,42187907;4,04431300
-350,33995907;4,13419000
-350,25803907;4,17920400
-350,17611907;4,22406700
-350,09419907;4,26908200
-350,01227907;4,31409600
-349,93035907;4,31409600
-349,84843907;4,40397400
-349,76651907;4,40397400
-349,68459907;4,44883600
-349,60267907;4,49385100
-349,52075907;4,49385100
-349,43883908;4,49385100
-349,35691908;4,53871300
-349,27499908;4,49385100
-349,19307908;4,58372700
-349,11115908;4,58372700
-349,02923908;4,58372700
-348,94731908;4,58372700
-348,86539908;4,58372700
-348,78347908;4,58372700
-348,70155908;4,58372700
-348,61963908;4,62874200
-348,53771908;4,62874200
-348,45579908;4,58372700
-348,37387908;4,58372700
-348,29195908;4,58372700
-348,21003908;4,58372700
-348,12811908;4,58372700
-348,04619908;4,58372700
-347,96427908;4,58372700
-347,88235908;4,53871300
-347,80043909;4,53871300
-347,71851909;4,53871300
-347,63659909;4,49385100
-347,55467909;4,49385100
-347,47275909;4,49385100
-347,39083909;4,49385100
-347,30891909;4,49385100
-347,22699909;4,49385100
-347,14507909;4,49385100
-347,06315909;4,49385100
-346,98123909;4,44883600
-346,89931909;4,44883600
-346,81739909;4,40397400
-346,73547909;4,40397400
-346,65355909;4,40397400
-346,57163909;4,40397400
-346,48971909;4,40397400
-346,40779909;4,40397400
-346,32587909;4,40397400
-346,24395909;4,40397400
-346,16203910;4,40397400
-346,08011910;4,35895900
-345,99819910;4,35895900
-345,91627910;4,31409600
-345,83435910;4,31409600
-345,75243910;4,31409600
-345,67051910;4,31409600
-345,58859910;4,31409600
-345,50667910;4,31409600
-345,42475910;4,31409600
-345,34283910;4,31409600
-345,26091910;4,26908200
-345,17899910;4,26908200
-345,09707910;4,22406700
-345,01515910;4,26908200
-344,93323910;4,22406700
-344,85131910;4,22406700
-344,76939910;4,22406700
-344,68747910;4,22406700
-344,60555910;4,22406700
-344,52363911;4,22406700
-344,44171911;4,22406700
-344,35979911;4,17920400
-344,27787911;4,17920400
-344,19595911;4,17920400
-344,11403911;4,17920400
-344,03211911;4,17920400
-343,95019911;4,13419000
-343,86827911;4,13419000
-343,78635911;4,13419000
-343,70443911;4,13419000
-343,62251911;4,13419000
-343,54059911;4,13419000
-343,45867911;4,08932800
-343,37675911;4,08932800
-343,29483911;4,08932800
-343,21291911;4,04431300
-343,13099911;4,04431300
-343,04907911;4,04431300
-342,96715911;4,04431300
-342,88523912;4,04431300
-342,80331912;4,04431300
-342,72139912;4,04431300
-342,63947912;4,04431300
-342,55755912;4,04431300
-342,47563912;3,99929800
-342,39371912;3,99929800
-342,31179912;3,95443600
-342,22987912;3,95443600
-342,14795912;3,95443600
-342,06603912;3,95443600
-341,98411912;3,95443600
-341,90219912;3,95443600
-341,82027912;3,95443600
-341,73835912;3,95443600
-341,65643912;3,95443600
-341,57451912;3,95443600
-341,49259912;3,90942100
-341,41067912;3,90942100
-341,32875912;3,90942100
-341,24683913;3,86455900
-341,16491913;3,86455900
-341,08299913;3,86455900
-341,00107913;3,86455900
-340,91915913;3,86455900
-340,83723913;3,86455900
-340,75531913;3,90942100
-340,67339913;3,95443600
-340,59147913;3,95443600
-340,50955913;4,04431300
-340,42763913;4,13419000
-340,34571913;4,13419000
-340,26379913;4,22406700
-340,18187913;4,26908200
-340,09995913;4,31409600
-340,01803913;4,31409600
-339,93611913;4,40397400
-339,85419913;4,40397400
-339,77227913;4,44883600
-339,69035913;4,49385100
-339,60843914;4,49385100
-339,52651914;4,49385100
-339,44459914;4,49385100
-339,36267914;4,53871300
-339,28075914;4,58372700
-339,19883914;4,58372700
-339,11691914;4,58372700
-339,03499914;4,58372700
-338,95307914;4,62874200
-338,87115914;4,58372700
-338,78923914;4,62874200
-338,70731914;4,62874200
-338,62539914;4,62874200
-338,54347914;4,58372700
-338,46155914;4,58372700
-338,37963914;4,58372700
-338,29771914;4,58372700
-338,21579914;4,58372700
-338,13387914;4,58372700
-338,05195914;4,58372700
-337,97003915;4,58372700
-337,88811915;4,58372700
-337,80619915;4,53871300
-337,72427915;4,53871300
-337,64235915;4,53871300
-337,56043915;4,53871300
-337,47851915;4,49385100
-337,39659915;4,49385100
-337,31467915;4,49385100
-337,23275915;4,49385100
-337,15083915;4,49385100
-337,06891915;4,49385100
-336,98699915;4,44883600
-336,90507915;4,44883600
-336,82315915;4,44883600
-336,74123915;4,44883600
-336,65931915;4,40397400
-336,57739915;4,40397400
-336,49547915;4,40397400
-336,41355915;4,40397400
-336,33163916;4,40397400
-336,24971916;4,40397400
-336,16779916;4,35895900
-336,08587916;4,35895900
-336,00395916;4,40397400
-335,92203916;4,35895900
-335,84011916;4,31409600
-335,75819916;4,31409600
-335,67627916;4,31409600
-335,59435916;4,31409600
-335,51243916;4,31409600
-335,43051916;4,31409600
-335,34859916;4,31409600
-335,26667916;4,31409600
-335,18475916;4,26908200
-335,10283916;4,26908200
-335,02091916;4,26908200
-334,93899916;4,22406700
-334,85707916;4,22406700
-334,77515916;4,22406700
-334,69323917;4,22406700
-334,61131917;4,22406700
-334,52939917;4,22406700
-334,44747917;4,17920400
-334,36555917;4,22406700
-334,28363917;4,17920400
-334,20171917;4,17920400
-334,11979917;4,17920400
-334,03787917;4,13419000
-333,95595917;4,13419000
-333,87403917;4,13419000
-333,79211917;4,13419000
-333,71019917;4,13419000
-333,62827917;4,13419000
-333,54635917;4,13419000
-333,46443917;4,13419000
-333,38251917;4,08932800
-333,30059917;4,08932800
-333,21867917;4,08932800
-333,13675917;4,04431300
-333,05483918;4,04431300
-332,97291918;4,04431300
-332,89099918;4,04431300
-332,80907918;4,04431300
-332,72715918;4,04431300
-332,64523918;4,04431300
-332,56331918;4,04431300
-332,48139918;4,04431300
-332,39947918;3,99929800
-332,31755918;3,99929800
-332,23563918;3,95443600
-332,15371918;3,95443600
-332,07179918;3,95443600
-331,98987918;3,95443600
-331,90795918;3,95443600
-331,82603918;3,95443600
-331,74411918;3,95443600
-331,66219918;3,95443600
-331,58027918;3,95443600
-331,49835918;3,90942100
-331,41643918;3,90942100
-331,33451919;3,90942100
-331,25259919;3,86455900
-331,17067919;3,86455900
-331,08875919;3,86455900
-331,00683919;3,86455900
-330,92491919;3,86455900
-330,84299919;3,86455900
-330,76107919;3,86455900
-330,67915919;3,90942100
-330,59723919;3,95443600
-330,51531919;4,04431300
-330,43339919;4,04431300
-330,35147919;4,13419000
-330,26955919;4,13419000
-330,18763919;4,22406700
-330,10571919;4,26908200
-330,02379919;4,31409600
-329,94187919;4,31409600
-329,85995919;4,35895900
-329,77803919;4,40397400
-329,69611920;4,40397400
-329,61419920;4,44883600
-329,53227920;4,49385100
-329,45035920;4,49385100
-329,36843920;4,49385100
-329,28651920;4,49385100
-329,20459920;4,53871300
-329,12267920;4,58372700
-329,04075920;4,58372700
-328,95883920;4,58372700
-328,87691920;4,58372700
-328,79499920;4,62874200
-328,71307920;4,58372700
-328,63115920;4,58372700
-328,54923920;4,58372700
-328,46731920;4,58372700
-328,38539920;4,58372700
-328,30347920;4,58372700
-328,22155920;4,58372700
-328,13963920;4,58372700
-328,05771921;4,58372700
-327,97579921;4,53871300
-327,89387921;4,53871300
-327,81195921;4,53871300
-327,73003921;4,49385100
-327,64811921;4,49385100
-327,56619921;4,49385100
-327,48427921;4,49385100
-327,40235921;4,49385100
-327,32043921;4,49385100
-327,23851921;4,49385100
-327,15659921;4,49385100
-327,07467921;4,44883600
-326,99275921;4,44883600
-326,91083921;4,44883600
-326,82891921;4,44883600
-326,74699921;4,44883600
-326,66507921;4,40397400
-326,58315921;4,40397400
-326,50123921;4,40397400
-326,41931922;4,40397400
-326,33739922;4,40397400
-326,25547922;4,40397400
-326,17355922;4,35895900
-326,09163922;4,40397400
-326,00971922;4,35895900
-325,92779922;4,31409600
-325,84587922;4,31409600
-325,76395922;4,31409600
-325,68203922;4,31409600
-325,60011922;4,31409600
-325,51819922;4,31409600
-325,43627922;4,31409600
-325,35435922;4,31409600
-325,27243922;4,26908200
-325,19051922;4,26908200
-325,10859922;4,26908200
-325,02667922;4,22406700
-324,94475922;4,22406700
-324,86283922;4,22406700
-324,78091923;4,22406700
-324,69899923;4,22406700
-324,61707923;4,22406700
-324,53515923;4,22406700
-324,45323923;4,17920400
-324,37131923;4,17920400
-324,28939923;4,17920400
-324,20747923;4,17920400
-324,12555923;4,13419000
-324,04363923;4,13419000
-323,96171923;4,13419000
-323,87979923;4,13419000
-323,79787923;4,13419000
-323,71595923;4,13419000
-323,63403923;4,13419000
-323,55211923;4,08932800
-323,47019923;4,13419000
-323,38827923;4,08932800
-323,30635923;4,08932800
-323,22443923;4,04431300
-323,14251924;4,04431300
-323,06059924;4,04431300
-322,97867924;4,04431300
-322,89675924;4,04431300
-322,81483924;4,04431300
-322,73291924;4,04431300
-322,65099924;4,04431300
-322,56907924;3,99929800
-322,48715924;4,04431300
-322,40523924;3,95443600
-322,32331924;3,99929800
-322,24139924;3,95443600
-322,15947924;3,95443600
-322,07755924;3,95443600
-321,99563924;3,95443600
-321,91371924;3,95443600
-321,83179924;3,95443600
-321,74987924;3,95443600
-321,66795924;3,95443600
-321,58603924;3,90942100
-321,50411925;3,90942100
-321,42219925;3,90942100
-321,34027925;3,90942100
-321,25835925;3,90942100
-321,17643925;3,86455900
-321,09451925;3,86455900
-321,01259925;3,86455900
-320,93067925;3,86455900
-320,84875925;3,86455900
-320,76683925;3,90942100
-320,68491925;3,95443600
-320,60299925;3,95443600
-320,52107925;4,04431300
-320,43915925;4,08932800
-320,35723925;4,13419000
-320,27531925;4,17920400
-320,19339925;4,22406700
-320,11147925;4,31409600
-320,02955925;4,31409600
-319,94763925;4,35895900
-319,86571926;4,40397400
-319,78379926;4,40397400
-319,70187926;4,44883600
-319,61995926;4,49385100
-319,53803926;4,49385100
-319,45611926;4,49385100
-319,37419926;4,53871300
-319,29227926;4,58372700
-319,21035926;4,58372700
-319,12843926;4,58372700
-319,04651926;4,58372700
-318,96459926;4,62874200
-318,88267926;4,62874200
-318,80075926;4,62874200
-318,71883926;4,58372700
-318,63691926;4,58372700
-318,55499926;4,58372700
-318,47307926;4,58372700
-318,39115926;4,58372700
-318,30923926;4,62874200
-318,22731927;4,58372700
-318,14539927;4,58372700
-318,06347927;4,58372700
-317,98155927;4,58372700
-317,89963927;4,53871300
-317,81771927;4,53871300
-317,73579927;4,53871300
-317,65387927;4,53871300
-317,57195927;4,49385100
-317,49003927;4,49385100
-317,40811927;4,49385100
-317,32619927;4,49385100
-317,24427927;4,49385100
-317,16235927;4,49385100
-317,08043927;4,49385100
-316,99851927;4,44883600
-316,91659927;4,44883600
-316,83467927;4,44883600
-316,75275927;4,44883600
-316,67083927;4,40397400
-316,58891928;4,40397400
-316,50699928;4,40397400
-316,42507928;4,40397400
-316,34315928;4,40397400
-316,26123928;4,40397400
-316,17931928;4,35895900
-316,09739928;4,35895900
-316,01547928;4,31409600
-315,93355928;4,31409600
-315,85163928;4,31409600
-315,76971928;4,31409600
-315,68779928;4,31409600
-315,60587928;4,31409600
-315,52395928;4,31409600
-315,44203928;4,31409600
-315,36011928;4,31409600
-315,27819928;4,26908200
-315,19627928;4,26908200
-315,11435928;4,26908200
-315,03243928;4,26908200
-314,95051929;4,22406700
-314,86859929;4,22406700
-314,78667929;4,22406700
-314,70475929;4,22406700
-314,62283929;4,22406700
-314,54091929;4,22406700
-314,45899929;4,22406700
-314,37707929;4,17920400
-314,29515929;4,17920400
-314,21323929;4,17920400
-314,13131929;4,13419000
-314,04939929;4,13419000
-313,96747929;4,13419000
-313,88555929;4,13419000
-313,80363929;4,13419000
-313,72171929;4,13419000
-313,63979929;4,13419000
-313,55787929;4,13419000
-313,47595929;4,13419000
-313,39403929;4,08932800
-313,31211930;4,04431300
-313,23019930;4,04431300
-313,14827930;4,08932800
-313,06635930;4,04431300
-312,98443930;4,04431300
-312,90251930;4,04431300
-312,82059930;4,04431300
-312,73867930;4,04431300
-312,65675930;4,04431300
-312,57483930;4,04431300
-312,49291930;3,99929800
-312,41099930;3,95443600
-312,32907930;3,99929800
-312,24715930;3,95443600
-312,16523930;3,95443600
-312,08331930;3,95443600
-312,00139930;3,95443600
-311,91947930;3,95443600
-311,83755930;3,95443600
-311,75563930;3,95443600
-311,67371930;3,95443600
-311,59179931;3,95443600
-311,50987931;3,90942100
-311,42795931;3,90942100
-311,34603931;3,90942100
-311,26411931;3,90942100
-311,18219931;3,86455900
-311,10027931;3,86455900
-311,01835931;3,90942100
-310,93643931;3,86455900
-310,85451931;3,86455900
-310,77259931;3,90942100
-310,69067931;3,90942100
-310,60875931;3,95443600
-310,52683931;3,99929800
-310,44491931;4,04431300
-310,36299931;4,13419000
-310,28107931;4,13419000
-310,19915931;4,22406700
-310,11723931;4,22406700
-310,03531931;4,26908200
-309,95339932;4,31409600
-309,87147932;4,31409600
-309,78955932;4,40397400
-309,70763932;4,40397400
-309,62571932;4,44883600
-309,54379932;4,49385100
-309,46187932;4,49385100
-309,37995932;4,49385100
-309,29803932;4,49385100
-309,21611932;4,53871300
-309,13419932;4,58372700
-309,05227932;4,58372700
-308,97035932;4,58372700
-308,88843932;4,58372700
-308,80651932;4,58372700
-308,72459932;4,62874200
-308,64267932;4,58372700
-308,56075932;4,58372700
-308,47883932;4,58372700
-308,39691932;4,58372700
-308,31499933;4,58372700
-308,23307933;4,58372700
-308,15115933;4,58372700
-308,06923933;4,58372700
-307,98731933;4,53871300
-307,90539933;4,53871300
-307,82347933;4,53871300
-307,74155933;4,49385100
-307,65963933;4,49385100
-307,57771933;4,49385100
-307,49579933;4,49385100
-307,41387933;4,49385100
-307,33195933;4,49385100
-307,25003933;4,49385100
-307,16811933;4,49385100
-307,08619933;4,44883600
-307,00427933;4,44883600
-306,92235933;4,44883600
-306,84043933;4,40397400
-306,75851933;4,44883600
-306,67659934;4,40397400
-306,59467934;4,40397400
-306,51275934;4,40397400
-306,43083934;4,40397400
-306,34891934;4,40397400
-306,26699934;4,40397400
-306,18507934;4,35895900
-306,10315934;4,35895900
-306,02123934;4,31409600
-305,93931934;4,31409600
-305,85739934;4,31409600
-305,77547934;4,31409600
-305,69355934;4,31409600
-305,61163934;4,31409600
-305,52971934;4,31409600
-305,44779934;4,31409600
-305,36587934;4,31409600
-305,28395934;4,26908200
-305,20203934;4,26908200
-305,12011934;4,26908200
-305,03819935;4,22406700
-304,95627935;4,22406700
-304,87435935;4,22406700
-304,79243935;4,22406700
-304,71051935;4,22406700
-304,62859935;4,22406700
-304,54667935;4,22406700
-304,46475935;4,22406700
-304,38283935;4,17920400
-304,30091935;4,17920400
-304,21899935;4,17920400
-304,13707935;4,17920400
-304,05515935;4,13419000
-303,97323935;4,13419000
-303,89131935;4,13419000
-303,80939935;4,13419000
-303,72747935;4,13419000
-303,64555935;4,13419000
-303,56363935;4,13419000
-303,48171935;4,13419000
-303,39979936;4,08932800
-303,31787936;4,08932800
-303,23595936;4,04431300
-303,15403936;4,08932800
-303,07211936;4,04431300
-302,99019936;4,04431300
-302,90827936;4,04431300
-302,82635936;4,04431300
-302,74443936;4,04431300
-302,66251936;4,04431300
-302,58059936;3,99929800
-302,49867936;4,04431300
-302,41675936;3,99929800
-302,33483936;3,99929800
-302,25291936;3,99929800
-302,17099936;3,95443600
-302,08907936;3,95443600
-302,00715936;3,95443600
-301,92523936;3,95443600
-301,84331936;3,95443600
-301,76139937;3,95443600
-301,67947937;3,95443600
-301,59755937;3,90942100
-301,51563937;3,90942100
-301,43371937;3,90942100
-301,35179937;3,90942100
-301,26987937;3,90942100
-301,18795937;3,86455900
-301,10603937;3,86455900
-301,02411937;3,86455900
-300,94219937;3,86455900
-300,86027937;3,90942100
-300,77835937;3,90942100
-300,69643937;3,95443600
-300,61451937;3,95443600
-300,53259937;4,04431300
-300,45067937;4,08932800
-300,36875937;4,13419000
-300,28683937;4,17920400
-300,20491937;4,22406700
-300,12299938;4,26908200
-300,04107938;4,31409600
-299,95915938;4,40397400
-299,87723938;4,40397400
-299,79531938;4,44883600
-299,71339938;4,49385100
-299,63147938;4,49385100
-299,54955938;4,49385100
-299,46763938;4,49385100
-299,38571938;4,53871300
-299,30379938;4,58372700
-299,22187938;4,58372700
-299,13995938;4,58372700
-299,05803938;4,58372700
-298,97611938;4,58372700
-298,89419938;4,62874200
-298,81227938;4,62874200
-298,73035938;4,58372700
-298,64843938;4,62874200
-298,56651938;4,62874200
-298,48459939;4,58372700
-298,40267939;4,58372700
-298,32075939;4,58372700
-298,23883939;4,58372700
-298,15691939;4,58372700
-298,07499939;4,58372700
-297,99307939;4,58372700
-297,91115939;4,53871300
-297,82923939;4,53871300
-297,74731939;4,53871300
-297,66539939;4,49385100
-297,58347939;4,49385100
-297,50155939;4,49385100
-297,41963939;4,49385100
-297,33771939;4,49385100
-297,25579939;4,49385100
-297,17387939;4,49385100
-297,09195939;4,49385100
-297,01003939;4,44883600
-296,92811939;4,49385100
-296,84619940;4,44883600
-296,76427940;4,44883600
-296,68235940;4,44883600
-296,60043940;4,40397400
-296,51851940;4,40397400
-296,43659940;4,40397400
-296,35467940;4,40397400
-296,27275940;4,40397400
-296,19083940;4,40397400
-296,10891940;4,35895900
-296,02699940;4,31409600
-295,94507940;4,35895900
-295,86315940;4,31409600
-295,78123940;4,31409600
-295,69931940;4,31409600
-295,61739940;4,31409600
-295,53547940;4,31409600
-295,45355940;4,31409600
-295,37163940;4,31409600
-295,28971940;4,26908200
-295,20779941;4,31409600
-295,12587941;4,26908200
-295,04395941;4,26908200
-294,96203941;4,22406700
-294,88011941;4,22406700
-294,79819941;4,22406700
-294,71627941;4,22406700
-294,63435941;4,22406700
-294,55243941;4,22406700
-294,47051941;4,22406700
-294,38859941;4,17920400
-294,30667941;4,17920400
-294,22475941;4,13419000
-294,14283941;4,13419000
-294,06091941;4,13419000
-293,97899941;4,13419000
-293,89707941;4,13419000
-293,81515941;4,13419000
-293,73323941;4,13419000
-293,65131941;4,13419000
-293,56939941;4,13419000
-293,48747942;4,13419000
-293,40555942;4,08932800
-293,32363942;4,08932800
-293,24171942;4,08932800
-293,15979942;4,08932800
-293,07787942;4,08932800
-292,99595942;4,04431300
-292,91403942;4,04431300
-292,83211942;4,04431300
-292,75019942;4,04431300
-292,66827942;4,04431300
-292,58635942;4,04431300
-292,50443942;4,04431300
-292,42251942;3,99929800
-292,34059942;3,95443600
-292,25867942;3,99929800
-292,17675942;3,95443600
-292,09483942;3,95443600
-292,01291942;3,95443600
-291,93099942;3,95443600
-291,84907943;3,95443600
-291,76715943;3,95443600
-291,68523943;3,95443600
-291,60331943;3,95443600
-291,52139943;3,90942100
-291,43947943;3,95443600
-291,35755943;3,90942100
-291,27563943;3,90942100
-291,19371943;3,86455900
-291,11179943;3,86455900
-291,02987943;3,86455900
-290,94795943;3,86455900
-290,86603943;3,90942100
-290,78411943;3,90942100
-290,70219943;3,90942100
-290,62027943;3,95443600
-290,53835943;3,99929800
-290,45643943;4,04431300
-290,37451943;4,08932800
-290,29259943;4,13419000
-290,21067944;4,17920400
-290,12875944;4,22406700
-290,04683944;4,31409600
-289,96491944;4,31409600
-289,88299944;4,31409600
-289,80107944;4,40397400
-289,71915944;4,40397400
-289,63723944;4,44883600
-289,55531944;4,49385100
-289,47339944;4,49385100
-289,39147944;4,53871300
-289,30955944;4,49385100
-289,22763944;4,53871300
-289,14571944;4,58372700
-289,06379944;4,58372700
-288,98187944;4,58372700
-288,89995944;4,62874200
-288,81803944;4,62874200
-288,73611944;4,58372700
-288,65419944;4,62874200
-288,57227945;4,58372700
-288,49035945;4,58372700
-288,40843945;4,58372700
-288,32651945;4,58372700
-288,24459945;4,58372700
-288,16267945;4,58372700
-288,08075945;4,58372700
-287,99883945;4,58372700
-287,91691945;4,53871300
-287,83499945;4,53871300
-287,75307945;4,53871300
-287,67115945;4,53871300
-287,58923945;4,53871300
-287,50731945;4,49385100
-287,42539945;4,49385100
-287,34347945;4,49385100
-287,26155945;4,49385100
-287,17963945;4,49385100
-287,09771945;4,49385100
-287,01579945;4,44883600
-286,93387946;4,44883600
-286,85195946;4,44883600
-286,77003946;4,44883600
-286,68811946;4,40397400
-286,60619946;4,40397400
-286,52427946;4,40397400
-286,44235946;4,40397400
-286,36043946;4,40397400
-286,27851946;4,40397400
-286,19659946;4,40397400
-286,11467946;4,35895900
-286,03275946;4,31409600
-285,95083946;4,31409600
-285,86891946;4,31409600
-285,78699946;4,31409600
-285,70507946;4,31409600
-285,62315946;4,31409600
-285,54123946;4,31409600
-285,45931946;4,31409600
-285,37739946;4,31409600
-285,29547947;4,31409600
-285,21355947;4,26908200
-285,13163947;4,26908200
-285,04971947;4,26908200
-284,96779947;4,22406700
-284,88587947;4,22406700
-284,80395947;4,22406700
-284,72203947;4,22406700
-284,64011947;4,22406700
-284,55819947;4,22406700
-284,47627947;4,22406700
-284,39435947;4,17920400
-284,31243947;4,17920400
-284,23051947;4,13419000
-284,14859947;4,17920400
-284,06667947;4,13419000
-283,98475947;4,13419000
-283,90283947;4,13419000
-283,82091947;4,13419000
-283,73899947;4,13419000
-283,65707948;4,13419000
-283,57515948;4,13419000
-283,49323948;4,13419000
-283,41131948;4,08932800
-283,32939948;4,08932800
-283,24747948;4,08932800
-283,16555948;4,04431300
-283,08363948;4,04431300
-283,00171948;4,04431300
-282,91979948;4,04431300
-282,83787948;4,04431300
-282,75595948;4,04431300
-282,67403948;4,04431300
-282,59211948;4,04431300
-282,51019948;4,04431300
-282,42827948;3,99929800
-282,34635948;3,99929800
-282,26443948;3,95443600
-282,18251948;3,95443600
-282,10059948;3,95443600
-282,01867949;3,95443600
-281,93675949;3,95443600
-281,85483949;3,95443600
-281,77291949;3,95443600
-281,69099949;3,90942100
-281,60907949;3,95443600
-281,52715949;3,90942100
-281,44523949;3,90942100
-281,36331949;3,90942100
-281,28139949;3,86455900
-281,19947949;3,90942100
-281,11755949;3,86455900
-281,03563949;3,86455900
-280,95371949;3,86455900
-280,87179949;3,86455900
-280,78987949;3,90942100
-280,70795949;3,95443600
-280,62603949;3,95443600
-280,54411949;4,04431300
-280,46219949;4,04431300
-280,38027950;4,13419000
-280,29835950;4,13419000
-280,21643950;4,22406700
-280,13451950;4,26908200
-280,05259950;4,31409600
-279,97067950;4,31409600
-279,88875950;4,40397400
-279,80683950;4,40397400
-279,72491950;4,44883600
-279,64299950;4,49385100
-279,56107950;4,49385100
-279,47915950;4,49385100
-279,39723950;4,53871300
-279,31531950;4,58372700
-279,23339950;4,58372700
-279,15147950;4,58372700
-279,06955950;4,58372700
-278,98763950;4,58372700
-278,90571950;4,62874200
-278,82379950;4,58372700
-278,74187951;4,62874200
-278,65995951;4,62874200
-278,57803951;4,62874200
-278,49611951;4,58372700
-278,41419951;4,58372700
-278,33227951;4,58372700
-278,25035951;4,58372700
-278,16843951;4,58372700
-278,08651951;4,58372700
-278,00459951;4,53871300
-277,92267951;4,58372700
-277,84075951;4,53871300
-277,75883951;4,53871300
-277,67691951;4,53871300
-277,59499951;4,49385100
-277,51307951;4,49385100
-277,43115951;4,49385100
-277,34923951;4,49385100
-277,26731951;4,49385100
-277,18539951;4,49385100
-277,10347952;4,49385100
-277,02155952;4,49385100
-276,93963952;4,44883600
-276,85771952;4,44883600
-276,77579952;4,44883600
-276,69387952;4,40397400
-276,61195952;4,40397400
-276,53003952;4,40397400
-276,44811952;4,40397400
-276,36619952;4,40397400
-276,28427952;4,40397400
-276,20235952;4,35895900
-276,12043952;4,40397400
-276,03851952;4,35895900
-275,95659952;4,35895900
-275,87467952;4,31409600
-275,79275952;4,31409600
-275,71083952;4,31409600
-275,62891952;4,31409600
-275,54699952;4,31409600
-275,46507953;4,31409600
-275,38315953;4,31409600
-275,30123953;4,26908200
-275,21931953;4,26908200
-275,13739953;4,26908200
-275,05547953;4,26908200
-274,97355953;4,26908200
-274,89163953;4,22406700
-274,80971953;4,22406700
-274,72779953;4,22406700
-274,64587953;4,22406700
-274,56395953;4,22406700
-274,48203953;4,22406700
-274,40011953;4,22406700
-274,31819953;4,17920400
-274,23627953;4,17920400
-274,15435953;4,17920400
-274,07243953;4,13419000
-273,99051953;4,13419000
-273,90859953;4,13419000
-273,82667953;4,13419000
-273,74475954;4,13419000
-273,66283954;4,13419000
-273,58091954;4,13419000
-273,49899954;4,13419000
-273,41707954;4,08932800
-273,33515954;4,08932800
-273,25323954;4,08932800
-273,17131954;4,04431300
-273,08939954;4,04431300
-273,00747954;4,04431300
-272,92555954;4,04431300
-272,84363954;4,04431300
-272,76171954;4,04431300
-272,67979954;4,04431300
-272,59787954;4,04431300
-272,51595954;3,99929800
-272,43403954;3,99929800
-272,35211954;3,95443600
-272,27019954;3,99929800
-272,18827954;3,95443600
-272,10635955;3,95443600
-272,02443955;3,95443600
-271,94251955;3,95443600
-271,86059955;3,95443600
-271,77867955;3,95443600
-271,69675955;3,95443600
-271,61483955;3,90942100
-271,53291955;3,90942100
-271,45099955;3,90942100
-271,36907955;3,90942100
-271,28715955;3,90942100
-271,20523955;3,90942100
-271,12331955;3,86455900
-271,04139955;3,86455900
-270,95947955;3,86455900
-270,87755955;3,86455900
-270,79563955;3,86455900
-270,71371955;3,90942100
-270,63179955;3,95443600
-270,54987955;3,95443600
-270,46795956;4,04431300
-270,38603956;4,04431300
-270,30411956;4,13419000
-270,22219956;4,17920400
-270,14027956;4,22406700
-270,05835956;4,26908200
-269,97643956;4,31409600
-269,89451956;4,31409600
-269,81259956;4,40397400
-269,73067956;4,40397400
-269,64875956;4,44883600
-269,56683956;4,44883600
-269,48491956;4,49385100
-269,40299956;4,49385100
-269,32107956;4,49385100
-269,23915956;4,53871300
-269,15723956;4,58372700
-269,07531956;4,58372700
-268,99339956;4,62874200
-268,91147956;4,58372700
-268,82955957;4,58372700
-268,74763957;4,62874200
-268,66571957;4,58372700
-268,58379957;4,62874200
-268,50187957;4,58372700
-268,41995957;4,58372700
-268,33803957;4,58372700
-268,25611957;4,58372700
-268,17419957;4,58372700
-268,09227957;4,58372700
-268,01035957;4,58372700
-267,92843957;4,58372700
-267,84651957;4,53871300
-267,76459957;4,53871300
-267,68267957;4,49385100
-267,60075957;4,49385100
-267,51883957;4,49385100
-267,43691957;4,49385100
-267,35499957;4,49385100
-267,27307957;4,49385100
-267,19115958;4,49385100
-267,10923958;4,49385100
-267,02731958;4,49385100
-266,94539958;4,44883600
-266,86347958;4,44883600
-266,78155958;4,44883600
-266,69963958;4,40397400
-266,61771958;4,40397400
-266,53579958;4,40397400
-266,45387958;4,40397400
-266,37195958;4,40397400
-266,29003958;4,40397400
-266,20811958;4,40397400
-266,12619958;4,40397400
-266,04427958;4,35895900
-265,96235958;4,35895900
-265,88043958;4,31409600
-265,79851958;4,31409600
-265,71659958;4,31409600
-265,63467958;4,31409600
-265,55275959;4,31409600
-265,47083959;4,31409600
-265,38891959;4,31409600
-265,30699959;4,26908200
-265,22507959;4,26908200
-265,14315959;4,26908200
-265,06123959;4,26908200
-264,97931959;4,26908200
-264,89739959;4,22406700
-264,81547959;4,22406700
-264,73355959;4,22406700
-264,65163959;4,22406700
-264,56971959;4,22406700
-264,48779959;4,22406700
-264,40587959;4,17920400
-264,32395959;4,17920400
-264,24203959;4,17920400
-264,16011959;4,17920400
-264,07819959;4,13419000
-263,99627959;4,13419000
-263,91435960;4,13419000
-263,83243960;4,13419000
-263,75051960;4,13419000
-263,66859960;4,13419000
-263,58667960;4,13419000
-263,50475960;4,13419000
-263,42283960;4,13419000
-263,34091960;4,08932800
-263,25899960;4,08932800
-263,17707960;4,08932800
-263,09515960;4,04431300
-263,01323960;4,04431300
-262,93131960;4,04431300
-262,84939960;4,04431300
-262,76747960;4,04431300
-262,68555960;4,04431300
-262,60363960;4,04431300
-262,52171960;4,04431300
-262,43979960;3,95443600
-262,35787960;3,99929800
-262,27595961;3,99929800
-262,19403961;3,95443600
-262,11211961;3,95443600
-262,03019961;3,95443600
-261,94827961;3,95443600
-261,86635961;3,95443600
-261,78443961;3,95443600
-261,70251961;3,95443600
-261,62059961;3,95443600
-261,53867961;3,90942100
-261,45675961;3,90942100
-261,37483961;3,86455900
-261,29291961;3,90942100
-261,21099961;3,86455900
-261,12907961;3,90942100
-261,04715961;3,86455900
-260,96523961;3,86455900
-260,88331961;3,86455900
-260,80139961;3,90942100
-260,71947961;3,95443600
-260,63755962;3,95443600
-260,55563962;3,95443600
-260,47371962;4,04431300
-260,39179962;4,13419000
-260,30987962;4,13419000
-260,22795962;4,22406700
-260,14603962;4,22406700
-260,06411962;4,31409600
-259,98219962;4,31409600
-259,90027962;4,40397400
-259,81835962;4,40397400
-259,73643962;4,44883600
-259,65451962;4,49385100
-259,57259962;4,49385100
-259,49067962;4,49385100
-259,40875962;4,53871300
-259,32683962;4,58372700
-259,24491962;4,58372700
-259,16299962;4,58372700
-259,08107962;4,58372700
-258,99915963;4,62874200
-258,91723963;4,58372700
-258,83531963;4,62874200
-258,75339963;4,62874200
-258,67147963;4,62874200
-258,58955963;4,58372700
-258,50763963;4,62874200
-258,42571963;4,58372700
-258,34379963;4,58372700
-258,26187963;4,58372700
-258,17995963;4,58372700
-258,09803963;4,58372700
-258,01611963;4,58372700
-257,93419963;4,53871300
-257,85227963;4,58372700
-257,77035963;4,53871300
-257,68843963;4,53871300
-257,60651963;4,49385100
-257,52459963;4,49385100
-257,44267963;4,49385100
-257,36075964;4,49385100
-257,27883964;4,49385100
-257,19691964;4,49385100
-257,11499964;4,49385100
-257,03307964;4,49385100
-256,95115964;4,44883600
-256,86923964;4,44883600
-256,78731964;4,44883600
-256,70539964;4,44883600
-256,62347964;4,40397400
-256,54155964;4,40397400
-256,45963964;4,40397400
-256,37771964;4,40397400
-256,29579964;4,40397400
-256,21387964;4,40397400
-256,13195964;4,35895900
-256,05003964;4,40397400
-255,96811964;4,35895900
-255,88619964;4,31409600
-255,80427964;4,31409600
-255,72235965;4,31409600
-255,64043965;4,31409600
-255,55851965;4,31409600
-255,47659965;4,31409600
-255,39467965;4,31409600
-255,31275965;4,31409600
-255,23083965;4,26908200
-255,14891965;4,26908200
-255,06699965;4,26908200
-254,98507965;4,26908200
-254,90315965;4,22406700
-254,82123965;4,22406700
-254,73931965;4,22406700
-254,65739965;4,22406700
-254,57547965;4,22406700
-254,49355965;4,22406700
-254,41163965;4,22406700
-254,32971965;4,22406700
-254,24779965;4,17920400
-254,16587965;4,17920400
-254,08395965;4,13419000
-254,00203966;4,17920400
-253,92011966;4,13419000
-253,83819966;4,13419000
-253,75627966;4,13419000
-253,67435966;4,13419000
-253,59243966;4,13419000
-253,51051966;4,13419000
-253,42859966;4,13419000
-253,34667966;4,08932800
-253,26475966;4,08932800
-253,18283966;4,04431300
-253,10091966;4,04431300
-253,01899966;4,04431300
-252,93707966;4,04431300
-252,85515966;4,04431300
-252,77323966;4,04431300
-252,69131966;4,04431300
-252,60939966;4,04431300
-252,52747966;4,04431300
-252,44555966;3,99929800
-252,36363967;3,95443600
-252,28171967;3,99929800
-252,19979967;3,95443600
-252,11787967;3,95443600
-252,03595967;3,95443600
-251,95403967;3,95443600
-251,87211967;3,95443600
-251,79019967;3,95443600
-251,70827967;3,95443600
-251,62635967;3,95443600
-251,54443967;3,95443600
-251,46251967;3,90942100
-251,38059967;3,90942100
-251,29867967;3,86455900
-251,21675967;3,90942100
-251,13483967;3,86455900
-251,05291967;3,86455900
-250,97099967;3,86455900
-250,88907967;3,90942100
-250,80715967;3,90942100
-250,72523968;3,90942100
-250,64331968;3,95443600
-250,56139968;3,95443600
-250,47947968;4,04431300
-250,39755968;4,04431300
-250,31563968;4,13419000
-250,23371968;4,13419000
-250,15179968;4,22406700
-250,06987968;4,26908200
-249,98795968;4,31409600
-249,90603968;4,31409600
-249,82411968;4,40397400
-249,74219968;4,40397400
-249,66027968;4,44883600
-249,57835968;4,44883600
-249,49643968;4,49385100
-249,41451968;4,49385100
-249,33259968;4,49385100
-249,25067968;4,49385100
-249,16875968;4,58372700
-249,08683969;4,58372700
-249,00491969;4,58372700
-248,92299969;4,58372700
-248,84107969;4,58372700
-248,75915969;4,58372700
-248,67723969;4,58372700
-248,59531969;4,58372700
-248,51339969;4,58372700
-248,43147969;4,58372700
-248,34955969;4,58372700
-248,26763969;4,58372700
-248,18571969;4,58372700
-248,10379969;4,58372700
-248,02187969;4,58372700
-247,93995969;4,53871300
-247,85803969;4,58372700
-247,77611969;4,53871300
-247,69419969;4,49385100
-247,61227969;4,49385100
-247,53035969;4,49385100
-247,44843970;4,49385100
-247,36651970;4,49385100
-247,28459970;4,49385100
-247,20267970;4,49385100
-247,12075970;4,49385100
-247,03883970;4,44883600
-246,95691970;4,44883600
-246,87499970;4,44883600
-246,79307970;4,44883600
-246,71115970;4,40397400
-246,62923970;4,40397400
-246,54731970;4,40397400
-246,46539970;4,40397400
-246,38347970;4,40397400
-246,30155970;4,40397400
-246,21963970;4,35895900
-246,13771970;4,40397400
-246,05579970;4,35895900
-245,97387970;4,31409600
-245,89195970;4,31409600
-245,81003971;4,31409600
-245,72811971;4,31409600
-245,64619971;4,31409600
-245,56427971;4,31409600
-245,48235971;4,31409600
-245,40043971;4,31409600
-245,31851971;4,31409600
-245,23659971;4,31409600
-245,15467971;4,26908200
-245,07275971;4,26908200
-244,99083971;4,26908200
-244,90891971;4,22406700
-244,82699971;4,22406700
-244,74507971;4,22406700
-244,66315971;4,22406700
-244,58123971;4,22406700
-244,49931971;4,22406700
-244,41739971;4,22406700
-244,33547971;4,17920400
-244,25355971;4,17920400
-244,17163972;4,17920400
-244,08971972;4,13419000
-244,00779972;4,13419000
-243,92587972;4,13419000
-243,84395972;4,13419000
-243,76203972;4,13419000
-243,68011972;4,13419000
-243,59819972;4,13419000
-243,51627972;4,13419000
-243,43435972;4,13419000
-243,35243972;4,08932800
-243,27051972;4,08932800
-243,18859972;4,08932800
-243,10667972;4,08932800
-243,02475972;4,04431300
-242,94283972;4,04431300
-242,86091972;4,04431300
-242,77899972;4,04431300
-242,69707972;4,04431300
-242,61515972;4,04431300
-242,53323973;4,04431300
-242,45131973;4,04431300
-242,36939973;3,99929800
-242,28747973;3,95443600
-242,20555973;3,95443600
-242,12363973;3,95443600
-242,04171973;3,95443600
-241,95979973;3,95443600
-241,87787973;3,95443600
-241,79595973;3,95443600
-241,71403973;3,95443600
-241,63211973;3,95443600
-241,55019973;3,90942100
-241,46827973;3,90942100
-241,38635973;3,90942100
-241,30443973;3,90942100
-241,22251973;3,90942100
-241,14059973;3,86455900
-241,05867973;3,86455900
-240,97675973;3,86455900
-240,89483974;3,86455900
-240,81291974;3,86455900
-240,73099974;3,90942100
-240,64907974;3,95443600
-240,56715974;3,95443600
-240,48523974;4,04431300
-240,40331974;4,13419000
-240,32139974;4,13419000
-240,23947974;4,17920400
-240,15755974;4,22406700
-240,07563974;4,31409600
-239,99371974;4,31409600
-239,91179974;4,40397400
-239,82987974;4,40397400
-239,74795974;4,40397400
-239,66603974;4,49385100
-239,58411974;4,49385100
-239,50219974;4,49385100
-239,42027974;4,53871300
-239,33835974;4,53871300
-239,25643975;4,53871300
-239,17451975;4,58372700
-239,09259975;4,58372700
-239,01067975;4,62874200
-238,92875975;4,58372700
-238,84683975;4,62874200
-238,76491975;4,62874200
-238,68299975;4,62874200
-238,60107975;4,62874200
-238,51915975;4,58372700
-238,43723975;4,58372700
-238,35531975;4,58372700
-238,27339975;4,58372700
-238,19147975;4,58372700
-238,10955975;4,58372700
-238,02763975;4,58372700
-237,94571975;4,58372700
-237,86379975;4,53871300
-237,78187975;4,53871300
-237,69995975;4,53871300
-237,61803976;4,49385100
-237,53611976;4,49385100
-237,45419976;4,49385100
-237,37227976;4,49385100
-237,29035976;4,49385100
-237,20843976;4,49385100
-237,12651976;4,49385100
-237,04459976;4,44883600
-236,96267976;4,44883600
-236,88075976;4,44883600
-236,79883976;4,44883600
-236,71691976;4,44883600
-236,63499976;4,40397400
-236,55307976;4,40397400
-236,47115976;4,40397400
-236,38923976;4,40397400
-236,30731976;4,40397400
-236,22539976;4,40397400
-236,14347976;4,40397400
-236,06155976;4,35895900
-235,97963976;4,35895900
-235,89771977;4,35895900
-235,81579977;4,31409600
-235,73387977;4,31409600
-235,65195977;4,31409600
-235,57003977;4,31409600
-235,48811977;4,31409600
-235,40619977;4,31409600
-235,32427977;4,26908200
-235,24235977;4,26908200
-235,16043977;4,26908200
-235,07851977;4,22406700
-234,99659977;4,22406700
-234,91467977;4,22406700
-234,83275977;4,22406700
-234,75083977;4,22406700
-234,66891977;4,22406700
-234,58699977;4,22406700
-234,50507977;4,22406700
-234,42315977;4,22406700
-234,34123977;4,17920400
-234,25931978;4,17920400
-234,17739978;4,17920400
-234,09547978;4,13419000
-234,01355978;4,13419000
-233,93163978;4,17920400
-233,84971978;4,13419000
-233,76779978;4,13419000
-233,68587978;4,13419000
-233,60395978;4,13419000
-233,52203978;4,13419000
-233,44011978;4,13419000
-233,35819978;4,08932800
-233,27627978;4,08932800
-233,19435978;4,08932800
-233,11243978;4,08932800
-233,03051978;4,04431300
-232,94859978;4,04431300
-232,86667978;4,04431300
-232,78475978;4,04431300
-232,70283978;4,04431300
-232,62091979;4,04431300
-232,53899979;4,04431300
-232,45707979;3,99929800
-232,37515979;3,99929800
-232,29323979;3,95443600
-232,21131979;3,99929800
-232,12939979;3,95443600
-232,04747979;3,95443600
-231,96555979;3,95443600
-231,88363979;3,95443600
-231,80171979;3,95443600
-231,71979979;3,95443600
-231,63787979;3,95443600
-231,55595979;3,95443600
-231,47403979;3,90942100
-231,39211979;3,90942100
-231,31019979;3,86455900
-231,22827979;3,90942100
-231,14635979;3,86455900
-231,06443979;3,86455900
-230,98251980;3,86455900
-230,90059980;3,86455900
-230,81867980;3,86455900
-230,73675980;3,86455900
-230,65483980;3,90942100
-230,57291980;3,95443600
-230,49099980;3,99929800
-230,40907980;4,04431300
-230,32715980;4,08932800
-230,24523980;4,13419000
-230,16331980;4,22406700
-230,08139980;4,26908200
-229,99947980;4,31409600
-229,91755980;4,31409600
-229,83563980;4,35895900
-229,75371980;4,40397400
-229,67179980;4,40397400
-229,58987980;4,44883600
-229,50795980;4,49385100
-229,42603980;4,49385100
-229,34411981;4,49385100
-229,26219981;4,53871300
-229,18027981;4,53871300
-229,09835981;4,58372700
-229,01643981;4,58372700
-228,93451981;4,58372700
-228,85259981;4,58372700
-228,77067981;4,62874200
-228,68875981;4,58372700
-228,60683981;4,58372700
-228,52491981;4,58372700
-228,44299981;4,58372700
-228,36107981;4,58372700
-228,27915981;4,58372700
-228,19723981;4,58372700
-228,11531981;4,58372700
-228,03339981;4,53871300
-227,95147981;4,58372700
-227,86955981;4,58372700
-227,78763981;4,53871300
-227,70571982;4,53871300
-227,62379982;4,53871300
-227,54187982;4,49385100
-227,45995982;4,49385100
-227,37803982;4,49385100
-227,29611982;4,49385100
-227,21419982;4,49385100
-227,13227982;4,49385100
-227,05035982;4,49385100
-226,96843982;4,49385100
-226,88651982;4,40397400
-226,80459982;4,44883600
-226,72267982;4,40397400
-226,64075982;4,40397400
-226,55883982;4,40397400
-226,47691982;4,40397400
-226,39499982;4,40397400
-226,31307982;4,40397400
-226,23115982;4,40397400
-226,14923982;4,35895900
-226,06731983;4,40397400
-225,98539983;4,35895900
-225,90347983;4,31409600
-225,82155983;4,31409600
-225,73963983;4,31409600
-225,65771983;4,31409600
-225,57579983;4,31409600
-225,49387983;4,31409600
-225,41195983;4,31409600
-225,33003983;4,26908200
-225,24811983;4,31409600
-225,16619983;4,26908200
-225,08427983;4,22406700
-225,00235983;4,22406700
-224,92043983;4,22406700
-224,83851983;4,22406700
-224,75659983;4,22406700
-224,67467983;4,22406700
-224,59275983;4,22406700
-224,51083983;4,22406700
-224,42891984;4,22406700
-224,34699984;4,17920400
-224,26507984;4,17920400
-224,18315984;4,13419000
-224,10123984;4,13419000
-224,01931984;4,13419000
-223,93739984;4,13419000
-223,85547984;4,13419000
-223,77355984;4,13419000
-223,69163984;4,13419000
-223,60971984;4,13419000
-223,52779984;4,08932800
-223,44587984;4,08932800
-223,36395984;4,13419000
-223,28203984;4,08932800
-223,20011984;4,08932800
-223,11819984;4,04431300
-223,03627984;4,04431300
-222,95435984;4,04431300
-222,87243984;4,04431300
-222,79051985;4,04431300
-222,70859985;4,04431300
-222,62667985;4,04431300
-222,54475985;4,04431300
-222,46283985;4,04431300
-222,38091985;3,95443600
-222,29899985;3,99929800
-222,21707985;3,95443600
-222,13515985;3,95443600
-222,05323985;3,95443600
-221,97131985;3,95443600
-221,88939985;3,95443600
-221,80747985;3,95443600
-221,72555985;3,95443600
-221,64363985;3,95443600
-221,56171985;3,90942100
-221,47979985;3,90942100
-221,39787985;3,90942100
-221,31595985;3,90942100
-221,23403985;3,90942100
-221,15211986;3,90942100
-221,07019986;3,86455900
-220,98827986;3,86455900
-220,90635986;3,86455900
-220,82443986;3,86455900
-220,74251986;3,90942100
-220,66059986;3,95443600
-220,57867986;3,95443600
-220,49675986;4,04431300
-220,41483986;4,08932800
-220,33291986;4,13419000
-220,25099986;4,17920400
-220,16907986;4,22406700
-220,08715986;4,31409600
-220,00523986;4,31409600
-219,92331986;4,40397400
-219,84139986;4,40397400
-219,75947986;4,44883600
-219,67755986;4,49385100
-219,59563986;4,49385100
-219,51371987;4,49385100
-219,43179987;4,53871300
-219,34987987;4,53871300
-219,26795987;4,58372700
-219,18603987;4,58372700
-219,10411987;4,58372700
-219,02219987;4,58372700
-218,94027987;4,58372700
-218,85835987;4,58372700
-218,77643987;4,62874200
-218,69451987;4,62874200
-218,61259987;4,58372700
-218,53067987;4,58372700
-218,44875987;4,62874200
-218,36683987;4,58372700
-218,28491987;4,58372700
-218,20299987;4,58372700
-218,12107987;4,58372700
-218,03915987;4,58372700
-217,95723987;4,58372700
-217,87531988;4,53871300
-217,79339988;4,53871300
-217,71147988;4,53871300
-217,62955988;4,53871300
-217,54763988;4,49385100
-217,46571988;4,49385100
-217,38379988;4,49385100
-217,30187988;4,49385100
-217,21995988;4,49385100
-217,13803988;4,49385100
-217,05611988;4,49385100
-216,97419988;4,44883600
-216,89227988;4,40397400
-216,81035988;4,44883600
-216,72843988;4,44883600
-216,64651988;4,40397400
-216,56459988;4,40397400
-216,48267988;4,40397400
-216,40075988;4,40397400
-216,31883988;4,40397400
-216,23691988;4,40397400
-216,15499989;4,40397400
-216,07307989;4,35895900
-215,99115989;4,31409600
-215,90923989;4,31409600
-215,82731989;4,31409600
-215,74539989;4,31409600
-215,66347989;4,31409600
-215,58155989;4,31409600
-215,49963989;4,31409600
-215,41771989;4,31409600
-215,33579989;4,31409600
-215,25387989;4,26908200
-215,17195989;4,26908200
-215,09003989;4,26908200
-215,00811989;4,26908200
-214,92619989;4,22406700
-214,84427989;4,22406700
-214,76235989;4,22406700
-214,68043989;4,22406700
-214,59851989;4,22406700
-214,51659990;4,22406700
-214,43467990;4,17920400
-214,35275990;4,17920400
-214,27083990;4,17920400
-214,18891990;4,17920400
-214,10699990;4,17920400
-214,02507990;4,13419000
-213,94315990;4,13419000
-213,86123990;4,13419000
-213,77931990;4,13419000
-213,69739990;4,13419000
-213,61547990;4,13419000
-213,53355990;4,13419000
-213,45163990;4,13419000
-213,36971990;4,08932800
-213,28779990;4,08932800
-213,20587990;4,04431300
-213,12395990;4,04431300
-213,04203990;4,04431300
-212,96011990;4,04431300
-212,87819991;4,04431300
-212,79627991;4,04431300
-212,71435991;4,04431300
-212,63243991;4,04431300
-212,55051991;4,04431300
-212,46859991;3,99929800
-212,38667991;3,99929800
-212,30475991;3,99929800
-212,22283991;3,95443600
-212,14091991;3,99929800
-212,05899991;3,95443600
-211,97707991;3,95443600
-211,89515991;3,95443600
-211,81323991;3,95443600
-211,73131991;3,95443600
-211,64939991;3,95443600
-211,56747991;3,90942100
-211,48555991;3,90942100
-211,40363991;3,90942100
-211,32171991;3,90942100
-211,23979992;3,90942100
-211,15787992;3,90942100
-211,07595992;3,86455900
-210,99403992;3,86455900
-210,91211992;3,86455900
-210,83019992;3,86455900
-210,74827992;3,90942100
-210,66635992;3,90942100
-210,58443992;3,95443600
-210,50251992;3,99929800
-210,42059992;4,04431300
-210,33867992;4,08932800
-210,25675992;4,13419000
-210,17483992;4,22406700
-210,09291992;4,22406700
-210,01099992;4,26908200
-209,92907992;4,31409600
-209,84715992;4,35895900
-209,76523992;4,40397400
-209,68331992;4,40397400
-209,60139993;4,44883600
-209,51947993;4,49385100
-209,43755993;4,49385100
-209,35563993;4,49385100
-209,27371993;4,53871300
-209,19179993;4,53871300
-209,10987993;4,58372700
-209,02795993;4,58372700
-208,94603993;4,58372700
-208,86411993;4,58372700
-208,78219993;4,58372700
-208,70027993;4,62874200
-208,61835993;4,62874200
-208,53643993;4,58372700
-208,45451993;4,58372700
-208,37259993;4,58372700
-208,29067993;4,58372700
-208,20875993;4,58372700
-208,12683993;4,58372700
-208,04491993;4,58372700
-207,96299994;4,53871300
-207,88107994;4,53871300
-207,79915994;4,53871300
-207,71723994;4,53871300
-207,63531994;4,49385100
-207,55339994;4,49385100
-207,47147994;4,49385100
-207,38955994;4,49385100
-207,30763994;4,49385100
-207,22571994;4,49385100
-207,14379994;4,49385100
-207,06187994;4,49385100
-206,97995994;4,44883600
-206,89803994;4,44883600
-206,81611994;4,44883600
-206,73419994;4,44883600
-206,65227994;4,40397400
-206,57035994;4,40397400
-206,48843994;4,40397400
-206,40651994;4,40397400
-206,32459995;4,40397400
-206,24267995;4,40397400
-206,16075995;4,40397400
-206,07883995;4,35895900
-205,99691995;4,31409600
-205,91499995;4,31409600
-205,83307995;4,31409600
-205,75115995;4,31409600
-205,66923995;4,31409600
-205,58731995;4,31409600
-205,50539995;4,31409600
-205,42347995;4,31409600
-205,34155995;4,31409600
-205,25963995;4,26908200
-205,17771995;4,26908200
-205,09579995;4,26908200
-205,01387995;4,22406700
-204,93195995;4,22406700
-204,85003995;4,22406700
-204,76811995;4,22406700
-204,68619996;4,22406700
-204,60427996;4,22406700
-204,52235996;4,22406700
-204,44043996;4,22406700
-204,35851996;4,17920400
-204,27659996;4,17920400
-204,19467996;4,17920400
-204,11275996;4,17920400
-204,03083996;4,13419000
-203,94891996;4,13419000
-203,86699996;4,13419000
-203,78507996;4,13419000
-203,70315996;4,13419000
-203,62123996;4,13419000
-203,53931996;4,13419000
-203,45739996;4,13419000
-203,37547996;4,08932800
-203,29355996;4,08932800
-203,21163996;4,04431300
-203,12971996;4,08932800
-203,04779997;4,04431300
-202,96587997;4,04431300
-202,88395997;4,04431300
-202,80203997;4,04431300
-202,72011997;4,04431300
-202,63819997;4,04431300
-202,55627997;3,99929800
-202,47435997;3,99929800
-202,39243997;3,99929800
-202,31051997;3,95443600
-202,22859997;3,95443600
-202,14667997;3,95443600
-202,06475997;3,95443600
-201,98283997;3,95443600
-201,90091997;3,95443600
-201,81899997;3,95443600
-201,73707997;3,95443600
-201,65515997;3,95443600
-201,57323997;3,95443600
-201,49131997;3,90942100
-201,40939998;3,90942100
-201,32747998;3,90942100
-201,24555998;3,86455900
-201,16363998;3,86455900
-201,08171998;3,86455900
-200,99979998;3,86455900
-200,91787998;3,90942100
-200,83595998;3,86455900
-200,75403998;3,90942100
-200,67211998;3,95443600
-200,59019998;3,95443600
-200,50827998;4,04431300
-200,42635998;4,04431300
-200,34443998;4,13419000
-200,26251998;4,17920400
-200,18059998;4,22406700
-200,09867998;4,26908200
-200,01675998;4,31409600
-199,93483998;4,35895900
-199,85291998;4,40397400
-199,77099999;4,44883600
-199,68907999;4,44883600
-199,60715999;4,49385100
-199,52523999;4,49385100
-199,44331999;4,49385100
-199,36139999;4,53871300
-199,27947999;4,58372700
-199,19755999;4,58372700
-199,11563999;4,58372700
-199,03371999;4,58372700
-198,95179999;4,62874200
-198,86987999;4,62874200
-198,78795999;4,62874200
-198,70603999;4,62874200
-198,62411999;4,62874200
-198,54219999;4,58372700
-198,46027999;4,58372700
-198,37835999;4,62874200
-198,29643999;4,58372700
-198,21451999;4,62874200
-198,13260000;4,58372700
-198,05068000;4,58372700
-197,96876000;4,58372700
-197,88684000;4,58372700
-197,80492000;4,58372700
-197,72300000;4,53871300
-197,64108000;4,53871300
-197,55916000;4,49385100
-197,47724000;4,49385100
-197,39532000;4,49385100
-197,31340000;4,49385100
-197,23148000;4,49385100
-197,14956000;4,49385100
-197,06764000;4,49385100
-196,98572000;4,44883600
-196,90380000;4,44883600
-196,82188000;4,44883600
-196,73996000;4,44883600
-196,65804000;4,40397400
-196,57612000;4,40397400
-196,49420000;4,40397400
-196,41228001;4,40397400
-196,33036001;4,40397400
-196,24844001;4,40397400
-196,16652001;4,40397400
-196,08460001;4,40397400
-196,00268001;4,35895900
-195,92076001;4,31409600
-195,83884001;4,31409600
-195,75692001;4,31409600
-195,67500001;4,31409600
-195,59308001;4,31409600
-195,51116001;4,31409600
-195,42924001;4,31409600
-195,34732001;4,31409600
-195,26540001;4,31409600
-195,18348001;4,31409600
-195,10156001;4,26908200
-195,01964001;4,26908200
-194,93772001;4,22406700
-194,85580001;4,22406700
-194,77388002;4,22406700
-194,69196002;4,22406700
-194,61004002;4,22406700
-194,52812002;4,22406700
-194,44620002;4,17920400
-194,36428002;4,22406700
-194,28236002;4,22406700
-194,20044002;4,17920400
-194,11852002;4,17920400
-194,03660002;4,13419000
-193,95468002;4,13419000
-193,87276002;4,13419000
-193,79084002;4,13419000
-193,70892002;4,13419000
-193,62700002;4,13419000
-193,54508002;4,13419000
-193,46316002;4,13419000
-193,38124002;4,08932800
-193,29932002;4,13419000
-193,21740002;4,13419000
-193,13548003;4,04431300
-193,05356003;4,04431300
-192,97164003;4,04431300
-192,88972003;4,04431300
-192,80780003;4,04431300
-192,72588003;4,04431300
-192,64396003;4,04431300
-192,56204003;4,04431300
-192,48012003;4,04431300
-192,39820003;3,99929800
-192,31628003;3,95443600
-192,23436003;3,99929800
-192,15244003;3,95443600
-192,07052003;3,95443600
-191,98860003;3,95443600
-191,90668003;3,95443600
-191,82476003;3,95443600
-191,74284003;3,95443600
-191,66092003;3,95443600
-191,57900003;3,95443600
-191,49708004;3,95443600
-191,41516004;3,90942100
-191,33324004;3,90942100
-191,25132004;3,90942100
-191,16940004;3,86455900
-191,08748004;3,86455900
-191,00556004;3,86455900
-190,92364004;3,86455900
-190,84172004;3,86455900
-190,75980004;3,90942100
-190,67788004;3,90942100
-190,59596004;3,95443600
-190,51404004;3,95443600
-190,43212004;4,04431300
-190,35020004;4,08932800
-190,26828004;4,13419000
-190,18636004;4,17920400
-190,10444004;4,22406700
-190,02252004;4,26908200
-189,94060004;4,31409600
-189,85868005;4,31409600
-189,77676005;4,40397400
-189,69484005;4,40397400
-189,61292005;4,44883600
-189,53100005;4,49385100
-189,44908005;4,49385100
-189,36716005;4,49385100
-189,28524005;4,49385100
-189,20332005;4,53871300
-189,12140005;4,58372700
-189,03948005;4,58372700
-188,95756005;4,58372700
-188,87564005;4,58372700
-188,79372005;4,58372700
-188,71180005;4,58372700
-188,62988005;4,58372700
-188,54796005;4,58372700
-188,46604005;4,58372700
-188,38412005;4,62874200
-188,30220005;4,58372700
-188,22028006;4,58372700
-188,13836006;4,58372700
-188,05644006;4,58372700
-187,97452006;4,53871300
-187,89260006;4,58372700
-187,81068006;4,53871300
-187,72876006;4,53871300
-187,64684006;4,53871300
-187,56492006;4,49385100
-187,48300006;4,49385100
-187,40108006;4,49385100
-187,31916006;4,49385100
-187,23724006;4,49385100
-187,15532006;4,49385100
-187,07340006;4,49385100
-186,99148006;4,44883600
-186,90956006;4,44883600
-186,82764006;4,44883600
-186,74572006;4,40397400
-186,66380006;4,40397400
-186,58188007;4,40397400
-186,49996007;4,40397400
-186,41804007;4,40397400
-186,33612007;4,40397400
-186,25420007;4,40397400
-186,17228007;4,35895900
-186,09036007;4,35895900
-186,00844007;4,40397400
-185,92652007;4,31409600
-185,84460007;4,31409600
-185,76268007;4,31409600
-185,68076007;4,31409600
-185,59884007;4,31409600
-185,51692007;4,31409600
-185,43500007;4,31409600
-185,35308007;4,26908200
-185,27116007;4,26908200
-185,18924007;4,26908200
-185,10732007;4,26908200
-185,02540007;4,26908200
-184,94348008;4,26908200
-184,86156008;4,22406700
-184,77964008;4,22406700
-184,69772008;4,22406700
-184,61580008;4,22406700
-184,53388008;4,22406700
-184,45196008;4,22406700
-184,37004008;4,17920400
-184,28812008;4,17920400
-184,20620008;4,17920400
-184,12428008;4,17920400
-184,04236008;4,17920400
-183,96044008;4,13419000
-183,87852008;4,13419000
-183,79660008;4,13419000
-183,71468008;4,13419000
-183,63276008;4,13419000
-183,55084008;4,13419000
-183,46892008;4,08932800
-183,38700008;4,08932800
-183,30508009;4,08932800
-183,22316009;4,08932800
-183,14124009;4,04431300
-183,05932009;4,08932800
-182,97740009;4,04431300
-182,89548009;4,04431300
-182,81356009;4,04431300
-182,73164009;4,04431300
-182,64972009;4,04431300
-182,56780009;4,04431300
-182,48588009;4,04431300
-182,40396009;3,99929800
-182,32204009;3,99929800
-182,24012009;3,95443600
-182,15820009;3,95443600
-182,07628009;3,95443600
-181,99436009;3,95443600
-181,91244009;3,95443600
-181,83052009;3,95443600
-181,74860009;3,95443600
-181,66668010;3,95443600
-181,58476010;3,90942100
-181,50284010;3,95443600
-181,42092010;3,90942100
-181,33900010;3,90942100
-181,25708010;3,86455900
-181,17516010;3,90942100
-181,09324010;3,86455900
-181,01132010;3,86455900
-180,92940010;3,86455900
-180,84748010;3,86455900
-180,76556010;3,90942100
-180,68364010;3,95443600
-180,60172010;3,95443600
-180,51980010;4,04431300
-180,43788010;4,04431300
-180,35596010;4,13419000
-180,27404010;4,17920400
-180,19212010;4,22406700
-180,11020010;4,26908200
-180,02828011;4,31409600
-179,94636011;4,31409600
-179,86444011;4,40397400
-179,78252011;4,40397400
-179,70060011;4,44883600
-179,61868011;4,49385100
-179,53676011;4,49385100
-179,45484011;4,53871300
-179,37292011;4,53871300
-179,29100011;4,58372700
-179,20908011;4,58372700
-179,12716011;4,58372700
-179,04524011;4,58372700
-178,96332011;4,58372700
-178,88140011;4,62874200
-178,79948011;4,62874200
-178,71756011;4,62874200
-178,63564011;4,58372700
-178,55372011;4,58372700
-178,47180011;4,62874200
-178,38988011;4,58372700
-178,30796012;4,58372700
-178,22604012;4,58372700
-178,14412012;4,58372700
-178,06220012;4,58372700
-177,98028012;4,58372700
-177,89836012;4,53871300
-177,81644012;4,53871300
-177,73452012;4,58372700
-177,65260012;4,53871300
-177,57068012;4,49385100
-177,48876012;4,49385100
-177,40684012;4,49385100
-177,32492012;4,49385100
-177,24300012;4,49385100
-177,16108012;4,49385100
-177,07916012;4,44883600
-176,99724012;4,44883600
-176,91532012;4,44883600
-176,83340012;4,44883600
-176,75148012;4,44883600
-176,66956013;4,40397400
-176,58764013;4,40397400
-176,50572013;4,40397400
-176,42380013;4,40397400
-176,34188013;4,40397400
-176,25996013;4,40397400
-176,17804013;4,40397400
-176,09612013;4,40397400
-176,01420013;4,35895900
-175,93228013;4,35895900
-175,85036013;4,31409600
-175,76844013;4,31409600
-175,68652013;4,31409600
-175,60460013;4,31409600
-175,52268013;4,31409600
-175,44076013;4,31409600
-175,35884013;4,31409600
-175,27692013;4,31409600
-175,19500013;4,26908200
-175,11308013;4,26908200
-175,03116014;4,26908200
-174,94924014;4,26908200
-174,86732014;4,22406700
-174,78540014;4,22406700
-174,70348014;4,22406700
-174,62156014;4,22406700
-174,53964014;4,22406700
-174,45772014;4,17920400
-174,37580014;4,17920400
-174,29388014;4,17920400
-174,21196014;4,17920400
-174,13004014;4,17920400
-174,04812014;4,13419000
-173,96620014;4,13419000
-173,88428014;4,13419000
-173,80236014;4,13419000
-173,72044014;4,13419000
-173,63852014;4,13419000
-173,55660014;4,13419000
-173,47468014;4,08932800
-173,39276015;4,08932800
-173,31084015;4,08932800
-173,22892015;4,08932800
-173,14700015;4,08932800
-173,06508015;4,08932800
-172,98316015;4,04431300
-172,90124015;4,04431300
-172,81932015;4,04431300
-172,73740015;4,04431300
-172,65548015;4,04431300
-172,57356015;4,04431300
-172,49164015;4,04431300
-172,40972015;4,04431300
-172,32780015;3,99929800
-172,24588015;3,95443600
-172,16396015;3,95443600
-172,08204015;3,95443600
-172,00012015;3,95443600
-171,91820015;3,95443600
-171,83628015;3,95443600
-171,75436016;3,95443600
-171,67244016;3,95443600
-171,59052016;3,95443600
-171,50860016;3,95443600
-171,42668016;3,95443600
-171,34476016;3,90942100
-171,26284016;3,90942100
-171,18092016;3,90942100
-171,09900016;3,86455900
-171,01708016;3,86455900
-170,93516016;3,86455900
-170,85324016;3,86455900
-170,77132016;3,86455900
-170,68940016;3,90942100
-170,60748016;3,95443600
-170,52556016;3,95443600
-170,44364016;4,04431300
-170,36172016;4,08932800
-170,27980016;4,13419000
-170,19788016;4,17920400
-170,11596017;4,22406700
-170,03404017;4,26908200
-169,95212017;4,31409600
-169,87020017;4,35895900
-169,78828017;4,40397400
-169,70636017;4,40397400
-169,62444017;4,40397400
-169,54252017;4,44883600
-169,46060017;4,49385100
-169,37868017;4,49385100
-169,29676017;4,53871300
-169,21484017;4,53871300
-169,13292017;4,53871300
-169,05100017;4,58372700
-168,96908017;4,58372700
-168,88716017;4,58372700
-168,80524017;4,58372700
-168,72332017;4,58372700
-168,64140017;4,62874200
-168,55948017;4,58372700
-168,47756018;4,58372700
-168,39564018;4,58372700
-168,31372018;4,58372700
-168,23180018;4,58372700
-168,14988018;4,58372700
-168,06796018;4,58372700
-167,98604018;4,58372700
-167,90412018;4,53871300
-167,82220018;4,53871300
-167,74028018;4,53871300
-167,65836018;4,49385100
-167,57644018;4,49385100
-167,49452018;4,49385100
-167,41260018;4,49385100
-167,33068018;4,49385100
-167,24876018;4,49385100
-167,16684018;4,49385100
-167,08492018;4,49385100
-167,00300018;4,49385100
-166,92108018;4,44883600
-166,83916019;4,44883600
-166,75724019;4,44883600
-166,67532019;4,44883600
-166,59340019;4,40397400
-166,51148019;4,40397400
-166,42956019;4,40397400
-166,34764019;4,40397400
-166,26572019;4,40397400
-166,18380019;4,40397400
-166,10188019;4,35895900
-166,01996019;4,35895900
-165,93804019;4,35895900
-165,85612019;4,31409600
-165,77420019;4,31409600
-165,69228019;4,31409600
-165,61036019;4,31409600
-165,52844019;4,31409600
-165,44652019;4,31409600
-165,36460019;4,31409600
-165,28268019;4,31409600
-165,20076020;4,26908200
-165,11884020;4,26908200
-165,03692020;4,26908200
-164,95500020;4,26908200
-164,87308020;4,22406700
-164,79116020;4,22406700
-164,70924020;4,22406700
-164,62732020;4,22406700
-164,54540020;4,22406700
-164,46348020;4,22406700
-164,38156020;4,17920400
-164,29964020;4,17920400
-164,21772020;4,17920400
-164,13580020;4,13419000
-164,05388020;4,13419000
-163,97196020;4,13419000
-163,89004020;4,13419000
-163,80812020;4,13419000
-163,72620020;4,13419000
-163,64428020;4,13419000
-163,56236021;4,13419000
-163,48044021;4,13419000
-163,39852021;4,13419000
-163,31660021;4,08932800
-163,23468021;4,08932800
-163,15276021;4,08932800
-163,07084021;4,04431300
-162,98892021;4,04431300
-162,90700021;4,04431300
-162,82508021;4,04431300
-162,74316021;4,04431300
-162,66124021;4,04431300
-162,57932021;4,04431300
-162,49740021;4,04431300
-162,41548021;3,99929800
-162,33356021;3,95443600
-162,25164021;3,95443600
-162,16972021;3,95443600
-162,08780021;3,95443600
-162,00588021;3,95443600
-161,92396022;3,95443600
-161,84204022;3,95443600
-161,76012022;3,95443600
-161,67820022;3,95443600
-161,59628022;3,95443600
-161,51436022;3,95443600
-161,43244022;3,86455900
-161,35052022;3,90942100
-161,26860022;3,90942100
-161,18668022;3,90942100
-161,10476022;3,86455900
-161,02284022;3,86455900
-160,94092022;3,86455900
-160,85900022;3,86455900
-160,77708022;3,86455900
-160,69516022;3,90942100
-160,61324022;3,95443600
-160,53132022;3,95443600
-160,44940022;4,04431300
-160,36748022;4,13419000
-160,28556023;4,13419000
-160,20364023;4,17920400
-160,12172023;4,26908200
-160,03980023;4,26908200
-159,95788023;4,31409600
-159,87596023;4,35895900
-159,79404023;4,40397400
-159,71212023;4,40397400
-159,63020023;4,49385100
-159,54828023;4,49385100
-159,46636023;4,49385100
-159,38444023;4,53871300
-159,30252023;4,53871300
-159,22060023;4,58372700
-159,13868023;4,58372700
-159,05676023;4,58372700
-158,97484023;4,62874200
-158,89292023;4,62874200
-158,81100023;4,62874200
-158,72908023;4,58372700
-158,64716023;4,58372700
-158,56524024;4,62874200
-158,48332024;4,62874200
-158,40140024;4,62874200
-158,31948024;4,58372700
-158,23756024;4,58372700
-158,15564024;4,58372700
-158,07372024;4,58372700
-157,99180024;4,58372700
-157,90988024;4,58372700
-157,82796024;4,53871300
-157,74604024;4,53871300
-157,66412024;4,53871300
-157,58220024;4,49385100
-157,50028024;4,49385100
-157,41836024;4,49385100
-157,33644024;4,49385100
-157,25452024;4,49385100
-157,17260024;4,49385100
-157,09068024;4,49385100
-157,00876024;4,49385100
-156,92684025;4,44883600
-156,84492025;4,44883600
-156,76300025;4,44883600
-156,68108025;4,40397400
-156,59916025;4,40397400
-156,51724025;4,40397400
-156,43532025;4,40397400
-156,35340025;4,40397400
-156,27148025;4,40397400
-156,18956025;4,40397400
-156,10764025;4,35895900
-156,02572025;4,40397400
-155,94380025;4,35895900
-155,86188025;4,31409600
-155,77996025;4,31409600
-155,69804025;4,31409600
-155,61612025;4,31409600
-155,53420025;4,31409600
-155,45228025;4,31409600
-155,37036025;4,31409600
-155,28844026;4,31409600
-155,20652026;4,26908200
-155,12460026;4,26908200
-155,04268026;4,22406700
-154,96076026;4,26908200
-154,87884026;4,22406700
-154,79692026;4,22406700
-154,71500026;4,22406700
-154,63308026;4,22406700
-154,55116026;4,22406700
-154,46924026;4,22406700
-154,38732026;4,17920400
-154,30540026;4,22406700
-154,22348026;4,17920400
-154,14156026;4,17920400
-154,05964026;4,13419000
-153,97772026;4,13419000
-153,89580026;4,13419000
-153,81388026;4,13419000
-153,73196026;4,13419000
-153,65004027;4,13419000
-153,56812027;4,13419000
-153,48620027;4,08932800
-153,40428027;4,08932800
-153,32236027;4,08932800
-153,24044027;4,08932800
-153,15852027;4,04431300
-153,07660027;4,08932800
-152,99468027;4,04431300
-152,91276027;4,04431300
-152,83084027;4,04431300
-152,74892027;4,04431300
-152,66700027;4,04431300
-152,58508027;4,04431300
-152,50316027;4,04431300
-152,42124027;3,99929800
-152,33932027;3,95443600
-152,25740027;3,95443600
-152,17548027;3,99929800
-152,09356027;3,95443600
-152,01164028;3,95443600
-151,92972028;3,95443600
-151,84780028;3,95443600
-151,76588028;3,95443600
-151,68396028;3,95443600
-151,60204028;3,95443600
-151,52012028;3,90942100
-151,43820028;3,95443600
-151,35628028;3,90942100
-151,27436028;3,90942100
-151,19244028;3,90942100
-151,11052028;3,86455900
-151,02860028;3,86455900
-150,94668028;3,86455900
-150,86476028;3,86455900
-150,78284028;3,90942100
-150,70092028;3,90942100
-150,61900028;3,95443600
-150,53708028;3,95443600
-150,45516028;4,04431300
-150,37324029;4,04431300
-150,29132029;4,13419000
-150,20940029;4,17920400
-150,12748029;4,22406700
-150,04556029;4,26908200
-149,96364029;4,31409600
-149,88172029;4,31409600
-149,79980029;4,40397400
-149,71788029;4,40397400
-149,63596029;4,40397400
-149,55404029;4,49385100
-149,47212029;4,49385100
-149,39020029;4,49385100
-149,30828029;4,49385100
-149,22636029;4,53871300
-149,14444029;4,53871300
-149,06252029;4,53871300
-148,98060029;4,58372700
-148,89868029;4,58372700
-148,81676029;4,58372700
-148,73484030;4,58372700
-148,65292030;4,58372700
-148,57100030;4,62874200
-148,48908030;4,58372700
-148,40716030;4,58372700
-148,32524030;4,58372700
-148,24332030;4,58372700
-148,16140030;4,58372700
-148,07948030;4,58372700
-147,99756030;4,58372700
-147,91564030;4,58372700
-147,83372030;4,53871300
-147,75180030;4,53871300
-147,66988030;4,49385100
-147,58796030;4,49385100
-147,50604030;4,49385100
-147,42412030;4,49385100
-147,34220030;4,49385100
-147,26028030;4,49385100
-147,17836030;4,49385100
-147,09644031;4,49385100
-147,01452031;4,44883600
-146,93260031;4,44883600
-146,85068031;4,40397400
-146,76876031;4,44883600
-146,68684031;4,44883600
-146,60492031;4,40397400
-146,52300031;4,40397400
-146,44108031;4,40397400
-146,35916031;4,40397400
-146,27724031;4,40397400
-146,19532031;4,35895900
-146,11340031;4,35895900
-146,03148031;4,35895900
-145,94956031;4,31409600
-145,86764031;4,31409600
-145,78572031;4,31409600
-145,70380031;4,31409600
-145,62188031;4,31409600
-145,53996031;4,31409600
-145,45804032;4,31409600
-145,37612032;4,31409600
-145,29420032;4,31409600
-145,21228032;4,26908200
-145,13036032;4,26908200
-145,04844032;4,26908200
-144,96652032;4,26908200
-144,88460032;4,22406700
-144,80268032;4,22406700
-144,72076032;4,22406700
-144,63884032;4,22406700
-144,55692032;4,22406700
-144,47500032;4,22406700
-144,39308032;4,17920400
-144,31116032;4,17920400
-144,22924032;4,17920400
-144,14732032;4,17920400
-144,06540032;4,13419000
-143,98348032;4,13419000
-143,90156032;4,13419000
-143,81964033;4,13419000
-143,73772033;4,13419000
-143,65580033;4,13419000
-143,57388033;4,13419000
-143,49196033;4,08932800
-143,41004033;4,13419000
-143,32812033;4,08932800
-143,24620033;4,08932800
-143,16428033;4,08932800
-143,08236033;4,04431300
-143,00044033;4,04431300
-142,91852033;4,04431300
-142,83660033;4,04431300
-142,75468033;4,04431300
-142,67276033;4,04431300
-142,59084033;4,04431300
-142,50892033;3,99929800
-142,42700033;3,99929800
-142,34508033;3,99929800
-142,26316033;3,95443600
-142,18124034;3,95443600
-142,09932034;3,95443600
-142,01740034;3,95443600
-141,93548034;3,95443600
-141,85356034;3,95443600
-141,77164034;3,95443600
-141,68972034;3,95443600
-141,60780034;3,95443600
-141,52588034;3,90942100
-141,44396034;3,90942100
-141,36204034;3,90942100
-141,28012034;3,90942100
-141,19820034;3,90942100
-141,11628034;3,86455900
-141,03436034;3,86455900
-140,95244034;3,86455900
-140,87052034;3,86455900
-140,78860034;3,86455900
-140,70668034;3,90942100
-140,62476034;3,95443600
-140,54284035;3,95443600
-140,46092035;4,04431300
-140,37900035;4,08932800
-140,29708035;4,13419000
-140,21516035;4,22406700
-140,13324035;4,26908200
-140,05132035;4,31409600
-139,96940035;4,31409600
-139,88748035;4,40397400
-139,80556035;4,40397400
-139,72364035;4,40397400
-139,64172035;4,49385100
-139,55980035;4,49385100
-139,47788035;4,49385100
-139,39596035;4,53871300
-139,31404035;4,58372700
-139,23212035;4,58372700
-139,15020035;4,58372700
-139,06828035;4,58372700
-138,98636035;4,62874200
-138,90444035;4,58372700
-138,82252036;4,62874200
-138,74060036;4,62874200
-138,65868036;4,62874200
-138,57676036;4,58372700
-138,49484036;4,62874200
-138,41292036;4,58372700
-138,33100036;4,58372700
-138,24908036;4,58372700
-138,16716036;4,58372700
-138,08524036;4,58372700
-138,00332036;4,58372700
-137,92140036;4,58372700
-137,83948036;4,53871300
-137,75756036;4,53871300
-137,67564036;4,53871300
-137,59372036;4,49385100
-137,51180036;4,49385100
-137,42988036;4,49385100
-137,34796036;4,49385100
-137,26604036;4,49385100
-137,18412037;4,49385100
-137,10220037;4,49385100
-137,02028037;4,44883600
-136,93836037;4,44883600
-136,85644037;4,44883600
-136,77452037;4,44883600
-136,69260037;4,44883600
-136,61068037;4,40397400
-136,52876037;4,40397400
-136,44684037;4,40397400
-136,36492037;4,40397400
-136,28300037;4,40397400
-136,20108037;4,40397400
-136,11916037;4,40397400
-136,03724037;4,40397400
-135,95532037;4,35895900
-135,87340037;4,35895900
-135,79148037;4,31409600
-135,70956037;4,31409600
-135,62764037;4,31409600
-135,54572038;4,31409600
-135,46380038;4,31409600
-135,38188038;4,31409600
-135,29996038;4,31409600
-135,21804038;4,26908200
-135,13612038;4,26908200
-135,05420038;4,26908200
-134,97228038;4,22406700
-134,89036038;4,22406700
-134,80844038;4,22406700
-134,72652038;4,22406700
-134,64460038;4,22406700
-134,56268038;4,22406700
-134,48076038;4,22406700
-134,39884038;4,22406700
-134,31692038;4,17920400
-134,23500038;4,17920400
-134,15308038;4,17920400
-134,07116038;4,13419000
-133,98924038;4,13419000
-133,90732039;4,13419000
-133,82540039;4,13419000
-133,74348039;4,13419000
-133,66156039;4,13419000
-133,57964039;4,13419000
-133,49772039;4,13419000
-133,41580039;4,08932800
-133,33388039;4,08932800
-133,25196039;4,08932800
-133,17004039;4,04431300
-133,08812039;4,04431300
-133,00620039;4,04431300
-132,92428039;4,04431300
-132,84236039;4,04431300
-132,76044039;4,04431300
-132,67852039;4,04431300
-132,59660039;4,04431300
-132,51468039;4,04431300
-132,43276039;3,99929800
-132,35084039;3,95443600
-132,26892040;3,95443600
-132,18700040;3,95443600
-132,10508040;3,95443600
-132,02316040;3,95443600
-131,94124040;3,95443600
-131,85932040;3,95443600
-131,77740040;3,95443600
-131,69548040;3,95443600
-131,61356040;3,95443600
-131,53164040;3,95443600
-131,44972040;3,95443600
-131,36780040;3,90942100
-131,28588040;3,90942100
-131,20396040;3,90942100
-131,12204040;3,86455900
-131,04012040;3,86455900
-130,95820040;3,86455900
-130,87628040;3,86455900
-130,79436040;3,90942100
-130,71244040;3,90942100
-130,63052041;3,95443600
-130,54860041;3,95443600
-130,46668041;3,99929800
-130,38476041;4,04431300
-130,30284041;4,13419000
-130,22092041;4,13419000
-130,13900041;4,22406700
-130,05708041;4,22406700
-129,97516041;4,31409600
-129,89324041;4,31409600
-129,81132041;4,35895900
-129,72940041;4,40397400
-129,64748041;4,40397400
-129,56556041;4,49385100
-129,48364041;4,49385100
-129,40172041;4,49385100
-129,31980041;4,49385100
-129,23788041;4,53871300
-129,15596041;4,53871300
-129,07404041;4,58372700
-128,99212042;4,58372700
-128,91020042;4,58372700
-128,82828042;4,58372700
-128,74636042;4,58372700
-128,66444042;4,62874200
-128,58252042;4,58372700
-128,50060042;4,58372700
-128,41868042;4,58372700
-128,33676042;4,58372700
-128,25484042;4,58372700
-128,17292042;4,58372700
-128,09100042;4,58372700
-128,00908042;4,58372700
-127,92716042;4,58372700
-127,84524042;4,53871300
-127,76332042;4,53871300
-127,68140042;4,49385100
-127,59948042;4,49385100
-127,51756042;4,49385100
-127,43564042;4,49385100
-127,35372043;4,49385100
-127,27180043;4,49385100
-127,18988043;4,49385100
-127,10796043;4,49385100
-127,02604043;4,44883600
-126,94412043;4,44883600
-126,86220043;4,44883600
-126,78028043;4,44883600
-126,69836043;4,40397400
-126,61644043;4,40397400
-126,53452043;4,40397400
-126,45260043;4,40397400
-126,37068043;4,40397400
-126,28876043;4,40397400
-126,20684043;4,35895900
-126,12492043;4,40397400
-126,04300043;4,31409600
-125,96108043;4,31409600
-125,87916043;4,31409600
-125,79724043;4,31409600
-125,71532044;4,31409600
-125,63340044;4,31409600
-125,55148044;4,31409600
-125,46956044;4,31409600
-125,38764044;4,31409600
-125,30572044;4,26908200
-125,22380044;4,26908200
-125,14188044;4,26908200
-125,05996044;4,26908200
-124,97804044;4,22406700
-124,89612044;4,22406700
-124,81420044;4,26908200
-124,73228044;4,22406700
-124,65036044;4,22406700
-124,56844044;4,22406700
-124,48652044;4,22406700
-124,40460044;4,22406700
-124,32268044;4,17920400
-124,24076044;4,17920400
-124,15884044;4,13419000
-124,07692045;4,13419000
-123,99500045;4,13419000
-123,91308045;4,13419000
-123,83116045;4,13419000
-123,74924045;4,13419000
-123,66732045;4,13419000
-123,58540045;4,13419000
-123,50348045;4,13419000
-123,42156045;4,08932800
-123,33964045;4,08932800
-123,25772045;4,04431300
-123,17580045;4,08932800
-123,09388045;4,08932800
-123,01196045;4,04431300
-122,93004045;4,04431300
-122,84812045;4,04431300
-122,76620045;4,04431300
-122,68428045;4,04431300
-122,60236045;4,04431300
-122,52044045;4,04431300
-122,43852046;3,95443600
-122,35660046;3,95443600
-122,27468046;3,99929800
-122,19276046;3,95443600
-122,11084046;3,95443600
-122,02892046;3,95443600
-121,94700046;3,95443600
-121,86508046;3,95443600
-121,78316046;3,95443600
-121,70124046;3,95443600
-121,61932046;3,95443600
-121,53740046;3,95443600
-121,45548046;3,90942100
-121,37356046;3,90942100
-121,29164046;3,90942100
-121,20972046;3,86455900
-121,12780046;3,86455900
-121,04588046;3,86455900
-120,96396046;3,86455900
-120,88204046;3,86455900
-120,80012046;3,86455900
-120,71820047;3,90942100
-120,63628047;3,95443600
-120,55436047;3,95443600
-120,47244047;4,04431300
-120,39052047;4,08932800
-120,30860047;4,13419000
-120,22668047;4,17920400
-120,14476047;4,22406700
-120,06284047;4,26908200
-119,98092047;4,31409600
-119,89900047;4,35895900
-119,81708047;4,40397400
-119,73516047;4,44883600
-119,65324047;4,49385100
-119,57132047;4,49385100
-119,48940047;4,49385100
-119,40748047;4,49385100
-119,32556047;4,53871300
-119,24364047;4,58372700
-119,16172047;4,58372700
-119,07980048;4,58372700
-118,99788048;4,58372700
-118,91596048;4,62874200
-118,83404048;4,62874200
-118,75212048;4,62874200
-118,67020048;4,62874200
-118,58828048;4,62874200
-118,50636048;4,62874200
-118,42444048;4,58372700
-118,34252048;4,62874200
-118,26060048;4,58372700
-118,17868048;4,58372700
-118,09676048;4,58372700
-118,01484048;4,58372700
-117,93292048;4,58372700
-117,85100048;4,53871300
-117,76908048;4,53871300
-117,68716048;4,53871300
-117,60524048;4,53871300
-117,52332048;4,49385100
-117,44140049;4,49385100
-117,35948049;4,49385100
-117,27756049;4,49385100
-117,19564049;4,49385100
-117,11372049;4,49385100
-117,03180049;4,49385100
-116,94988049;4,44883600
-116,86796049;4,44883600
-116,78604049;4,44883600
-116,70412049;4,40397400
-116,62220049;4,40397400
-116,54028049;4,40397400
-116,45836049;4,40397400
-116,37644049;4,40397400
-116,29452049;4,40397400
-116,21260049;4,40397400
-116,13068049;4,40397400
-116,04876049;4,40397400
-115,96684049;4,40397400
-115,88492049;4,31409600
-115,80300050;4,35895900
-115,72108050;4,31409600
-115,63916050;4,31409600
-115,55724050;4,31409600
-115,47532050;4,31409600
-115,39340050;4,31409600
-115,31148050;4,31409600
-115,22956050;4,26908200
-115,14764050;4,26908200
-115,06572050;4,26908200
-114,98380050;4,26908200
-114,90188050;4,22406700
-114,81996050;4,22406700
-114,73804050;4,22406700
-114,65612050;4,22406700
-114,57420050;4,22406700
-114,49228050;4,22406700
-114,41036050;4,22406700
-114,32844050;4,17920400
-114,24652050;4,17920400
-114,16460051;4,17920400
-114,08268051;4,17920400
-114,00076051;4,13419000
-113,91884051;4,13419000
-113,83692051;4,13419000
-113,75500051;4,13419000
-113,67308051;4,13419000
-113,59116051;4,13419000
-113,50924051;4,13419000
-113,42732051;4,13419000
-113,34540051;4,08932800
-113,26348051;4,08932800
-113,18156051;4,04431300
-113,09964051;4,04431300
-113,01772051;4,08932800
-112,93580051;4,04431300
-112,85388051;4,04431300
-112,77196051;4,04431300
-112,69004051;4,04431300
-112,60812051;4,04431300
-112,52620052;3,95443600
-112,44428052;4,04431300
-112,36236052;3,99929800
-112,28044052;3,99929800
-112,19852052;3,99929800
-112,11660052;3,95443600
-112,03468052;3,95443600
-111,95276052;3,95443600
-111,87084052;3,95443600
-111,78892052;3,95443600
-111,70700052;3,95443600
-111,62508052;3,95443600
-111,54316052;3,90942100
-111,46124052;3,95443600
-111,37932052;3,90942100
-111,29740052;3,90942100
-111,21548052;3,90942100
-111,13356052;3,90942100
-111,05164052;3,86455900
-110,96972052;3,86455900
-110,88780053;3,86455900
-110,80588053;3,86455900
-110,72396053;3,90942100
-110,64204053;3,90942100
-110,56012053;3,95443600
-110,47820053;3,95443600
-110,39628053;4,04431300
-110,31436053;4,08932800
-110,23244053;4,13419000
-110,15052053;4,17920400
-110,06860053;4,22406700
-109,98668053;4,26908200
-109,90476053;4,31409600
-109,82284053;4,35895900
-109,74092053;4,40397400
-109,65900053;4,40397400
-109,57708053;4,44883600
-109,49516053;4,49385100
-109,41324053;4,49385100
-109,33132053;4,49385100
-109,24940054;4,49385100
-109,16748054;4,53871300
-109,08556054;4,58372700
-109,00364054;4,58372700
-108,92172054;4,58372700
-108,83980054;4,58372700
-108,75788054;4,58372700
-108,67596054;4,58372700
-108,59404054;4,58372700
-108,51212054;4,58372700
-108,43020054;4,58372700
-108,34828054;4,58372700
-108,26636054;4,58372700
-108,18444054;4,58372700
-108,10252054;4,58372700
-108,02060054;4,58372700
-107,93868054;4,53871300
-107,85676054;4,53871300
-107,77484054;4,53871300
-107,69292054;4,49385100
-107,61100055;4,49385100
-107,52908055;4,49385100
-107,44716055;4,49385100
-107,36524055;4,49385100
-107,28332055;4,49385100
-107,20140055;4,49385100
-107,11948055;4,49385100
-107,03756055;4,49385100
-106,95564055;4,44883600
-106,87372055;4,44883600
-106,79180055;4,44883600
-106,70988055;4,40397400
-106,62796055;4,40397400
-106,54604055;4,40397400
-106,46412055;4,40397400
-106,38220055;4,40397400
-106,30028055;4,40397400
-106,21836055;4,35895900
-106,13644055;4,40397400
-106,05452055;4,35895900
-105,97260056;4,31409600
-105,89068056;4,35895900
-105,80876056;4,31409600
-105,72684056;4,31409600
-105,64492056;4,31409600
-105,56300056;4,31409600
-105,48108056;4,31409600
-105,39916056;4,26908200
-105,31724056;4,31409600
-105,23532056;4,26908200
-105,15340056;4,26908200
-105,07148056;4,26908200
-104,98956056;4,26908200
-104,90764056;4,26908200
-104,82572056;4,22406700
-104,74380056;4,22406700
-104,66188056;4,22406700
-104,57996056;4,22406700
-104,49804056;4,22406700
-104,41612056;4,22406700
-104,33420057;4,17920400
-104,25228057;4,17920400
-104,17036057;4,17920400
-104,08844057;4,13419000
-104,00652057;4,13419000
-103,92460057;4,13419000
-103,84268057;4,13419000
-103,76076057;4,13419000
-103,67884057;4,13419000
-103,59692057;4,13419000
-103,51500057;4,13419000
-103,43308057;4,13419000
-103,35116057;4,08932800
-103,26924057;4,08932800
-103,18732057;4,04431300
-103,10540057;4,04431300
-103,02348057;4,04431300
-102,94156057;4,04431300
-102,85964057;4,04431300
-102,77772057;4,04431300
-102,69580058;4,04431300
-102,61388058;4,04431300
-102,53196058;4,04431300
-102,45004058;3,99929800
-102,36812058;3,99929800
-102,28620058;3,95443600
-102,20428058;3,95443600
-102,12236058;3,95443600
-102,04044058;3,95443600
-101,95852058;3,95443600
-101,87660058;3,95443600
-101,79468058;3,95443600
-101,71276058;3,95443600
-101,63084058;3,95443600
-101,54892058;3,90942100
-101,46700058;3,90942100
-101,38508058;3,90942100
-101,30316058;3,90942100
-101,22124058;3,86455900
-101,13932058;3,86455900
-101,05740058;3,86455900
-100,97548059;3,86455900
-100,89356059;3,86455900
-100,81164059;3,86455900
-100,72972059;3,90942100
-100,64780059;3,90942100
-100,56588059;3,95443600
-100,48396059;4,04431300
-100,40204059;4,08932800
-100,32012059;4,13419000
-100,23820059;4,17920400
-100,15628059;4,22406700
-100,07436059;4,26908200
-99,99244059;4,31409600
-99,91052059;4,31409600
-99,82860059;4,40397400
-99,74668059;4,40397400
-99,66476059;4,44883600
-99,58284059;4,49385100
-99,50092059;4,49385100
-99,41900059;4,49385100
-99,33708060;4,53871300
-99,25516060;4,53871300
-99,17324060;4,58372700
-99,09132060;4,58372700
-99,00940060;4,58372700
-98,92748060;4,58372700
-98,84556060;4,62874200
-98,76364060;4,62874200
-98,68172060;4,58372700
-98,59980060;4,62874200
-98,51788060;4,58372700
-98,43596060;4,58372700
-98,35404060;4,58372700
-98,27212060;4,62874200
-98,19020060;4,58372700
-98,10828060;4,58372700
-98,02636060;4,58372700
-97,94444060;4,58372700
-97,86252060;4,58372700
-97,78060060;4,58372700
-97,69868061;4,53871300
-97,61676061;4,49385100
-97,53484061;4,49385100
-97,45292061;4,49385100
-97,37100061;4,49385100
-97,28908061;4,49385100
-97,20716061;4,49385100
-97,12524061;4,49385100
-97,04332061;4,44883600
-96,96140061;4,44883600
-96,87948061;4,44883600
-96,79756061;4,44883600
-96,71564061;4,44883600
-96,63372061;4,40397400
-96,55180061;4,44883600
-96,46988061;4,40397400
-96,38796061;4,40397400
-96,30604061;4,40397400
-96,22412061;4,40397400
-96,14220061;4,40397400
-96,06028062;4,40397400
-95,97836062;4,35895900
-95,89644062;4,31409600
-95,81452062;4,31409600
-95,73260062;4,31409600
-95,65068062;4,31409600
-95,56876062;4,31409600
-95,48684062;4,31409600
-95,40492062;4,31409600
-95,32300062;4,31409600
-95,24108062;4,26908200
-95,15916062;4,26908200
-95,07724062;4,26908200
-94,99532062;4,26908200
-94,91340062;4,22406700
-94,83148062;4,22406700
-94,74956062;4,22406700
-94,66764062;4,22406700
-94,58572062;4,22406700
-94,50380062;4,22406700
-94,42188063;4,22406700
-94,33996063;4,22406700
-94,25804063;4,17920400
-94,17612063;4,17920400
-94,09420063;4,17920400
-94,01228063;4,13419000
-93,93036063;4,13419000
-93,84844063;4,13419000
-93,76652063;4,13419000
-93,68460063;4,13419000
-93,60268063;4,13419000
-93,52076063;4,13419000
-93,43884063;4,13419000
-93,35692063;4,08932800
-93,27500063;4,13419000
-93,19308063;4,08932800
-93,11116063;4,04431300
-93,02924063;4,04431300
-92,94732063;4,08932800
-92,86540063;4,04431300
-92,78348064;4,04431300
-92,70156064;4,04431300
-92,61964064;4,04431300
-92,53772064;4,04431300
-92,45580064;4,04431300
-92,37388064;3,99929800
-92,29196064;3,95443600
-92,21004064;3,95443600
-92,12812064;3,95443600
-92,04620064;3,95443600
-91,96428064;3,95443600
-91,88236064;3,95443600
-91,80044064;3,95443600
-91,71852064;3,95443600
-91,63660064;3,95443600
-91,55468064;3,95443600
-91,47276064;3,90942100
-91,39084064;3,90942100
-91,30892064;3,90942100
-91,22700064;3,90942100
-91,14508065;3,86455900
-91,06316065;3,86455900
-90,98124065;3,86455900
-90,89932065;3,86455900
-90,81740065;3,86455900
-90,73548065;3,86455900
-90,65356065;3,90942100
-90,57164065;3,95443600
-90,48972065;3,95443600
-90,40780065;4,04431300
-90,32588065;4,13419000
-90,24396065;4,13419000
-90,16204065;4,17920400
-90,08012065;4,22406700
-89,99820065;4,31409600
-89,91628065;4,31409600
-89,83436065;4,35895900
-89,75244065;4,40397400
-89,67052065;4,40397400
-89,58860065;4,44883600
-89,50668066;4,49385100
-89,42476066;4,49385100
-89,34284066;4,49385100
-89,26092066;4,49385100
-89,17900066;4,53871300
-89,09708066;4,53871300
-89,01516066;4,58372700
-88,93324066;4,58372700
-88,85132066;4,58372700
-88,76940066;4,58372700
-88,68748066;4,58372700
-88,60556066;4,62874200
-88,52364066;4,58372700
-88,44172066;4,58372700
-88,35980066;4,58372700
-88,27788066;4,58372700
-88,19596066;4,58372700
-88,11404066;4,58372700
-88,03212066;4,58372700
-87,95020066;4,58372700
-87,86828067;4,53871300
-87,78636067;4,53871300
-87,70444067;4,53871300
-87,62252067;4,53871300
-87,54060067;4,53871300
-87,45868067;4,49385100
-87,37676067;4,49385100
-87,29484067;4,49385100
-87,21292067;4,49385100
-87,13100067;4,49385100
-87,04908067;4,49385100
-86,96716067;4,49385100
-86,88524067;4,44883600
-86,80332067;4,44883600
-86,72140067;4,40397400
-86,63948067;4,40397400
-86,55756067;4,40397400
-86,47564067;4,40397400
-86,39372067;4,40397400
-86,31180067;4,40397400
-86,22988068;4,40397400
-86,14796068;4,40397400
-86,06604068;4,31409600
-85,98412068;4,31409600
-85,90220068;4,31409600
-85,82028068;4,31409600
-85,73836068;4,31409600
-85,65644068;4,31409600
-85,57452068;4,31409600
-85,49260068;4,31409600
-85,41068068;4,31409600
-85,32876068;4,31409600
-85,24684068;4,31409600
-85,16492068;4,26908200
-85,08300068;4,26908200
-85,00108068;4,26908200
-84,91916068;4,26908200
-84,83724068;4,22406700
-84,75532068;4,22406700
-84,67340068;4,22406700
-84,59148069;4,22406700
-84,50956069;4,22406700
-84,42764069;4,17920400
-84,34572069;4,13419000
-84,26380069;4,17920400
-84,18188069;4,13419000
-84,09996069;4,13419000
-84,01804069;4,13419000
-83,93612069;4,13419000
-83,85420069;4,13419000
-83,77228069;4,13419000
-83,69036069;4,13419000
-83,60844069;4,13419000
-83,52652069;4,13419000
-83,44460069;4,13419000
-83,36268069;4,13419000
-83,28076069;4,13419000
-83,19884069;4,08932800
-83,11692069;4,08932800
-83,03500069;4,04431300
-82,95308070;4,04431300
-82,87116070;4,04431300
-82,78924070;4,04431300
-82,70732070;4,04431300
-82,62540070;4,04431300
-82,54348070;4,04431300
-82,46156070;3,99929800
-82,37964070;3,99929800
-82,29772070;3,99929800
-82,21580070;3,95443600
-82,13388070;3,95443600
-82,05196070;3,95443600
-81,97004070;3,95443600
-81,88812070;3,95443600
-81,80620070;3,95443600
-81,72428070;3,95443600
-81,64236070;3,95443600
-81,56044070;3,95443600
-81,47852070;3,90942100
-81,39660070;3,95443600
-81,31468070;3,90942100
-81,23276071;3,90942100
-81,15084071;3,86455900
-81,06892071;3,86455900
-80,98700071;3,86455900
-80,90508071;3,86455900
-80,82316071;3,86455900
-80,74124071;3,90942100
-80,65932071;3,95443600
-80,57740071;3,95443600
-80,49548071;4,04431300
-80,41356071;4,04431300
-80,33164071;4,13419000
-80,24972071;4,13419000
-80,16780071;4,22406700
-80,08588071;4,26908200
-80,00396071;4,31409600
-79,92204071;4,31409600
-79,84012071;4,40397400
-79,75820071;4,40397400
-79,67628071;4,44883600
-79,59436072;4,49385100
-79,51244072;4,49385100
-79,43052072;4,49385100
-79,34860072;4,53871300
-79,26668072;4,53871300
-79,18476072;4,58372700
-79,10284072;4,58372700
-79,02092072;4,58372700
-78,93900072;4,58372700
-78,85708072;4,58372700
-78,77516072;4,58372700
-78,69324072;4,62874200
-78,61132072;4,62874200
-78,52940072;4,58372700
-78,44748072;4,58372700
-78,36556072;4,58372700
-78,28364072;4,58372700
-78,20172072;4,58372700
-78,11980072;4,58372700
-78,03788072;4,58372700
-77,95596073;4,58372700
-77,87404073;4,58372700
-77,79212073;4,53871300
-77,71020073;4,49385100
-77,62828073;4,49385100
-77,54636073;4,49385100
-77,46444073;4,49385100
-77,38252073;4,49385100
-77,30060073;4,49385100
-77,21868073;4,49385100
-77,13676073;4,49385100
-77,05484073;4,49385100
-76,97292073;4,49385100
-76,89100073;4,44883600
-76,80908073;4,44883600
-76,72716073;4,40397400
-76,64524073;4,40397400
-76,56332073;4,40397400
-76,48140073;4,40397400
-76,39948073;4,40397400
-76,31756074;4,40397400
-76,23564074;4,40397400
-76,15372074;4,35895900
-76,07180074;4,40397400
-75,98988074;4,40397400
-75,90796074;4,31409600
-75,82604074;4,31409600
-75,74412074;4,31409600
-75,66220074;4,31409600
-75,58028074;4,31409600
-75,49836074;4,31409600
-75,41644074;4,31409600
-75,33452074;4,31409600
-75,25260074;4,26908200
-75,17068074;4,26908200
-75,08876074;4,26908200
-75,00684074;4,22406700
-74,92492074;4,22406700
-74,84300074;4,22406700
-74,76108074;4,22406700
-74,67916075;4,22406700
-74,59724075;4,22406700
-74,51532075;4,22406700
-74,43340075;4,17920400
-74,35148075;4,22406700
-74,26956075;4,17920400
-74,18764075;4,17920400
-74,10572075;4,17920400
-74,02380075;4,13419000
-73,94188075;4,13419000
-73,85996075;4,13419000
-73,77804075;4,13419000
-73,69612075;4,13419000
-73,61420075;4,13419000
-73,53228075;4,13419000
-73,45036075;4,13419000
-73,36844075;4,13419000
-73,28652075;4,08932800
-73,20460075;4,08932800
-73,12268075;4,08932800
-73,04076076;4,08932800
-72,95884076;4,04431300
-72,87692076;4,04431300
-72,79500076;4,04431300
-72,71308076;4,04431300
-72,63116076;4,04431300
-72,54924076;4,04431300
-72,46732076;3,99929800
-72,38540076;3,95443600
-72,30348076;3,99929800
-72,22156076;3,95443600
-72,13964076;3,95443600
-72,05772076;3,95443600
-71,97580076;3,95443600
-71,89388076;3,95443600
-71,81196076;3,95443600
-71,73004076;3,95443600
-71,64812076;3,90942100
-71,56620076;3,95443600
-71,48428076;3,90942100
-71,40236077;3,90942100
-71,32044077;3,90942100
-71,23852077;3,90942100
-71,15660077;3,86455900
-71,07468077;3,86455900
-70,99276077;3,86455900
-70,91084077;3,86455900
-70,82892077;3,86455900
-70,74700077;3,86455900
-70,66508077;3,90942100
-70,58316077;3,90942100
-70,50124077;3,95443600
-70,41932077;4,04431300
-70,33740077;4,08932800
-70,25548077;4,13419000
-70,17356077;4,17920400
-70,09164077;4,22406700
-70,00972077;4,26908200
-69,92780077;4,31409600
-69,84588077;4,35895900
-69,76396078;4,40397400
-69,68204078;4,40397400
-69,60012078;4,40397400
-69,51820078;4,44883600
-69,43628078;4,49385100
-69,35436078;4,49385100
-69,27244078;4,49385100
-69,19052078;4,49385100
-69,10860078;4,53871300
-69,02668078;4,58372700
-68,94476078;4,58372700
-68,86284078;4,58372700
-68,78092078;4,58372700
-68,69900078;4,58372700
-68,61708078;4,58372700
-68,53516078;4,58372700
-68,45324078;4,58372700
-68,37132078;4,58372700
-68,28940078;4,58372700
-68,20748078;4,58372700
-68,12556079;4,58372700
-68,04364079;4,58372700
-67,96172079;4,58372700
-67,87980079;4,53871300
-67,79788079;4,53871300
-67,71596079;4,49385100
-67,63404079;4,49385100
-67,55212079;4,49385100
-67,47020079;4,49385100
-67,38828079;4,49385100
-67,30636079;4,49385100
-67,22444079;4,49385100
-67,14252079;4,49385100
-67,06060079;4,49385100
-66,97868079;4,49385100
-66,89676079;4,44883600
-66,81484079;4,40397400
-66,73292079;4,40397400
-66,65100079;4,40397400
-66,56908079;4,40397400
-66,48716080;4,40397400
-66,40524080;4,40397400
-66,32332080;4,40397400
-66,24140080;4,40397400
-66,15948080;4,35895900
-66,07756080;4,31409600
-65,99564080;4,31409600
-65,91372080;4,35895900
-65,83180080;4,31409600
-65,74988080;4,31409600
-65,66796080;4,31409600
-65,58604080;4,31409600
-65,50412080;4,31409600
-65,42220080;4,31409600
-65,34028080;4,31409600
-65,25836080;4,26908200
-65,17644080;4,26908200
-65,09452080;4,26908200
-65,01260080;4,22406700
-64,93068080;4,22406700
-64,84876081;4,22406700
-64,76684081;4,22406700
-64,68492081;4,22406700
-64,60300081;4,22406700
-64,52108081;4,17920400
-64,43916081;4,17920400
-64,35724081;4,17920400
-64,27532081;4,17920400
-64,19340081;4,13419000
-64,11148081;4,13419000
-64,02956081;4,13419000
-63,94764081;4,13419000
-63,86572081;4,13419000
-63,78380081;4,13419000
-63,70188081;4,13419000
-63,61996081;4,13419000
-63,53804081;4,08932800
-63,45612081;4,13419000
-63,37420081;4,08932800
-63,29228081;4,04431300
-63,21036081;4,08932800
-63,12844082;4,04431300
-63,04652082;4,08932800
-62,96460082;4,04431300
-62,88268082;4,04431300
-62,80076082;4,04431300
-62,71884082;4,04431300
-62,63692082;4,04431300
-62,55500082;3,99929800
-62,47308082;3,99929800
-62,39116082;3,99929800
-62,30924082;3,95443600
-62,22732082;3,95443600
-62,14540082;3,95443600
-62,06348082;3,95443600
-61,98156082;3,95443600
-61,89964082;3,95443600
-61,81772082;3,95443600
-61,73580082;3,95443600
-61,65388082;3,95443600
-61,57196082;3,90942100
-61,49004083;3,90942100
-61,40812083;3,90942100
-61,32620083;3,90942100
-61,24428083;3,86455900
-61,16236083;3,86455900
-61,08044083;3,86455900
-60,99852083;3,86455900
-60,91660083;3,86455900
-60,83468083;3,86455900
-60,75276083;3,90942100
-60,67084083;3,90942100
-60,58892083;3,95443600
-60,50700083;3,99929800
-60,42508083;4,04431300
-60,34316083;4,08932800
-60,26124083;4,13419000
-60,17932083;4,22406700
-60,09740083;4,22406700
-60,01548083;4,31409600
-59,93356083;4,31409600
-59,85164084;4,35895900
-59,76972084;4,40397400
-59,68780084;4,44883600
-59,60588084;4,44883600
-59,52396084;4,49385100
-59,44204084;4,49385100
-59,36012084;4,53871300
-59,27820084;4,58372700
-59,19628084;4,53871300
-59,11436084;4,58372700
-59,03244084;4,58372700
-58,95052084;4,58372700
-58,86860084;4,58372700
-58,78668084;4,58372700
-58,70476084;4,58372700
-58,62284084;4,58372700
-58,54092084;4,58372700
-58,45900084;4,62874200
-58,37708084;4,58372700
-58,29516084;4,58372700
-58,21324085;4,58372700
-58,13132085;4,58372700
-58,04940085;4,58372700
-57,96748085;4,58372700
-57,88556085;4,53871300
-57,80364085;4,53871300
-57,72172085;4,53871300
-57,63980085;4,49385100
-57,55788085;4,49385100
-57,47596085;4,49385100
-57,39404085;4,49385100
-57,31212085;4,49385100
-57,23020085;4,49385100
-57,14828085;4,49385100
-57,06636085;4,44883600
-56,98444085;4,44883600
-56,90252085;4,40397400
-56,82060085;4,44883600
-56,73868085;4,40397400
-56,65676085;4,40397400
-56,57484086;4,40397400
-56,49292086;4,40397400
-56,41100086;4,40397400
-56,32908086;4,40397400
-56,24716086;4,40397400
-56,16524086;4,40397400
-56,08332086;4,40397400
-56,00140086;4,35895900
-55,91948086;4,31409600
-55,83756086;4,31409600
-55,75564086;4,31409600
-55,67372086;4,31409600
-55,59180086;4,31409600
-55,50988086;4,31409600
-55,42796086;4,31409600
-55,34604086;4,31409600
-55,26412086;4,26908200
-55,18220086;4,26908200
-55,10028086;4,26908200
-55,01836086;4,26908200
-54,93644087;4,22406700
-54,85452087;4,22406700
-54,77260087;4,22406700
-54,69068087;4,22406700
-54,60876087;4,22406700
-54,52684087;4,22406700
-54,44492087;4,22406700
-54,36300087;4,17920400
-54,28108087;4,17920400
-54,19916087;4,17920400
-54,11724087;4,17920400
-54,03532087;4,13419000
-53,95340087;4,13419000
-53,87148087;4,13419000
-53,78956087;4,13419000
-53,70764087;4,13419000
-53,62572087;4,13419000
-53,54380087;4,13419000
-53,46188087;4,08932800
-53,37996087;4,13419000
-53,29804088;4,08932800
-53,21612088;4,08932800
-53,13420088;4,08932800
-53,05228088;4,04431300
-52,97036088;4,04431300
-52,88844088;4,04431300
-52,80652088;4,04431300
-52,72460088;4,04431300
-52,64268088;4,04431300
-52,56076088;4,04431300
-52,47884088;4,04431300
-52,39692088;3,99929800
-52,31500088;3,99929800
-52,23308088;3,95443600
-52,15116088;3,95443600
-52,06924088;3,95443600
-51,98732088;3,95443600
-51,90540088;3,95443600
-51,82348088;3,95443600
-51,74156088;3,95443600
-51,65964089;3,95443600
-51,57772089;3,90942100
-51,49580089;3,90942100
-51,41388089;3,90942100
-51,33196089;3,90942100
-51,25004089;3,90942100
-51,16812089;3,86455900
-51,08620089;3,86455900
-51,00428089;3,86455900
-50,92236089;3,86455900
-50,84044089;3,86455900
-50,75852089;3,90942100
-50,67660089;3,86455900
-50,59468089;3,95443600
-50,51276089;3,95443600
-50,43084089;3,99929800
-50,34892089;4,04431300
-50,26700089;4,13419000
-50,18508089;4,13419000
-50,10316089;4,22406700
-50,02124090;4,22406700
-49,93932090;4,31409600
-49,85740090;4,31409600
-49,77548090;4,35895900
-49,69356090;4,40397400
-49,61164090;4,40397400
-49,52972090;4,49385100
-49,44780090;4,49385100
-49,36588090;4,49385100
-49,28396090;4,49385100
-49,20204090;4,49385100
-49,12012090;4,58372700
-49,03820090;4,58372700
-48,95628090;4,58372700
-48,87436090;4,58372700
-48,79244090;4,58372700
-48,71052090;4,58372700
-48,62860090;4,62874200
-48,54668090;4,58372700
-48,46476090;4,58372700
-48,38284091;4,58372700
-48,30092091;4,58372700
-48,21900091;4,58372700
-48,13708091;4,58372700
-48,05516091;4,58372700
-47,97324091;4,53871300
-47,89132091;4,53871300
-47,80940091;4,53871300
-47,72748091;4,53871300
-47,64556091;4,49385100
-47,56364091;4,49385100
-47,48172091;4,49385100
-47,39980091;4,49385100
-47,31788091;4,49385100
-47,23596091;4,49385100
-47,15404091;4,49385100
-47,07212091;4,49385100
-46,99020091;4,44883600
-46,90828091;4,44883600
-46,82636091;4,40397400
-46,74444092;4,40397400
-46,66252092;4,40397400
-46,58060092;4,40397400
-46,49868092;4,40397400
-46,41676092;4,40397400
-46,33484092;4,40397400
-46,25292092;4,40397400
-46,17100092;4,40397400
-46,08908092;4,35895900
-46,00716092;4,35895900
-45,92524092;4,31409600
-45,84332092;4,31409600
-45,76140092;4,31409600
-45,67948092;4,31409600
-45,59756092;4,31409600
-45,51564092;4,31409600
-45,43372092;4,31409600
-45,35180092;4,26908200
-45,26988092;4,26908200
-45,18796092;4,26908200
-45,10604093;4,26908200
-45,02412093;4,22406700
-44,94220093;4,22406700
-44,86028093;4,22406700
-44,77836093;4,22406700
-44,69644093;4,22406700
-44,61452093;4,22406700
-44,53260093;4,22406700
-44,45068093;4,22406700
-44,36876093;4,22406700
-44,28684093;4,17920400
-44,20492093;4,13419000
-44,12300093;4,13419000
-44,04108093;4,13419000
-43,95916093;4,13419000
-43,87724093;4,13419000
-43,79532093;4,13419000
-43,71340093;4,13419000
-43,63148093;4,13419000
-43,54956093;4,13419000
-43,46764093;4,08932800
-43,38572094;4,08932800
-43,30380094;4,08932800
-43,22188094;4,04431300
-43,13996094;4,04431300
-43,05804094;4,04431300
-42,97612094;4,04431300
-42,89420094;4,04431300
-42,81228094;4,04431300
-42,73036094;4,04431300
-42,64844094;4,04431300
-42,56652094;4,04431300
-42,48460094;3,99929800
-42,40268094;4,04431300
-42,32076094;3,95443600
-42,23884094;3,95443600
-42,15692094;3,95443600
-42,07500094;3,95443600
-41,99308094;3,95443600
-41,91116094;3,95443600
-41,82924094;3,95443600
-41,74732095;3,95443600
-41,66540095;3,95443600
-41,58348095;3,90942100
-41,50156095;3,90942100
-41,41964095;3,90942100
-41,33772095;3,90942100
-41,25580095;3,86455900
-41,17388095;3,86455900
-41,09196095;3,90942100
-41,01004095;3,86455900
-40,92812095;3,86455900
-40,84620095;3,86455900
-40,76428095;3,86455900
-40,68236095;3,90942100
-40,60044095;3,95443600
-40,51852095;3,95443600
-40,43660095;4,04431300
-40,35468095;4,08932800
-40,27276095;4,13419000
-40,19084095;4,17920400
-40,10892096;4,22406700
-40,02700096;4,31409600
-39,94508096;4,31409600
-39,86316096;4,35895900
-39,78124096;4,40397400
-39,69932096;4,44883600
-39,61740096;4,44883600
-39,53548096;4,49385100
-39,45356096;4,49385100
-39,37164096;4,53871300
-39,28972096;4,49385100
-39,20780096;4,53871300
-39,12588096;4,58372700
-39,04396096;4,58372700
-38,96204096;4,58372700
-38,88012096;4,58372700
-38,79820096;4,62874200
-38,71628096;4,62874200
-38,63436096;4,58372700
-38,55244096;4,58372700
-38,47052097;4,62874200
-38,38860097;4,62874200
-38,30668097;4,58372700
-38,22476097;4,58372700
-38,14284097;4,58372700
-38,06092097;4,58372700
-37,97900097;4,58372700
-37,89708097;4,53871300
-37,81516097;4,58372700
-37,73324097;4,53871300
-37,65132097;4,49385100
-37,56940097;4,49385100
-37,48748097;4,49385100
-37,40556097;4,49385100
-37,32364097;4,49385100
-37,24172097;4,49385100
-37,15980097;4,49385100
-37,07788097;4,49385100
-36,99596097;4,49385100
-36,91404097;4,44883600
-36,83212098;4,44883600
-36,75020098;4,44883600
-36,66828098;4,40397400
-36,58636098;4,40397400
-36,50444098;4,40397400
-36,42252098;4,40397400
-36,34060098;4,40397400
-36,25868098;4,40397400
-36,17676098;4,40397400
-36,09484098;4,35895900
-36,01292098;4,31409600
-35,93100098;4,31409600
-35,84908098;4,31409600
-35,76716098;4,31409600
-35,68524098;4,31409600
-35,60332098;4,31409600
-35,52140098;4,31409600
-35,43948098;4,31409600
-35,35756098;4,31409600
-35,27564098;4,31409600
-35,19372099;4,26908200
-35,11180099;4,26908200
-35,02988099;4,26908200
-34,94796099;4,26908200
-34,86604099;4,22406700
-34,78412099;4,22406700
-34,70220099;4,22406700
-34,62028099;4,22406700
-34,53836099;4,22406700
-34,45644099;4,22406700
-34,37452099;4,22406700
-34,29260099;4,17920400
-34,21068099;4,17920400
-34,12876099;4,17920400
-34,04684099;4,17920400
-33,96492099;4,13419000
-33,88300099;4,13419000
-33,80108099;4,13419000
-33,71916099;4,13419000
-33,63724099;4,13419000
-33,55532100;4,13419000
-33,47340100;4,08932800
-33,39148100;4,08932800
-33,30956100;4,08932800
-33,22764100;4,04431300
-33,14572100;4,08932800
-33,06380100;4,04431300
-32,98188100;4,04431300
-32,89996100;4,04431300
-32,81804100;4,04431300
-32,73612100;4,04431300
-32,65420100;4,04431300
-32,57228100;4,04431300
-32,49036100;4,04431300
-32,40844100;3,99929800
-32,32652100;3,95443600
-32,24460100;3,99929800
-32,16268100;3,95443600
-32,08076100;3,95443600
-31,99884100;3,95443600
-31,91692101;3,95443600
-31,83500101;3,95443600
-31,75308101;3,95443600
-31,67116101;3,95443600
-31,58924101;3,95443600
-31,50732101;3,95443600
-31,42540101;3,90942100
-31,34348101;3,90942100
-31,26156101;3,90942100
-31,17964101;3,90942100
-31,09772101;3,86455900
-31,01580101;3,86455900
-30,93388101;3,86455900
-30,85196101;3,86455900
-30,77004101;3,86455900
-30,68812101;3,90942100
-30,60620101;3,90942100
-30,52428101;3,95443600
-30,44236101;3,99929800
-30,36044101;4,04431300
-30,27852102;4,13419000
-30,19660102;4,13419000
-30,11468102;4,22406700
-30,03276102;4,22406700
-29,95084102;4,31409600
-29,86892102;4,31409600
-29,78700102;4,35895900
-29,70508102;4,40397400
-29,62316102;4,40397400
-29,54124102;4,44883600
-29,45932102;4,49385100
-29,37740102;4,49385100
-29,29548102;4,49385100
-29,21356102;4,49385100
-29,13164102;4,53871300
-29,04972102;4,58372700
-28,96780102;4,58372700
-28,88588102;4,58372700
-28,80396102;4,58372700
-28,72204102;4,58372700
-28,64012103;4,58372700
-28,55820103;4,62874200
-28,47628103;4,58372700
-28,39436103;4,58372700
-28,31244103;4,58372700
-28,23052103;4,58372700
-28,14860103;4,58372700
-28,06668103;4,58372700
-27,98476103;4,58372700
-27,90284103;4,53871300
-27,82092103;4,53871300
-27,73900103;4,53871300
-27,65708103;4,49385100
-27,57516103;4,49385100
-27,49324103;4,49385100
-27,41132103;4,49385100
-27,32940103;4,49385100
-27,24748103;4,49385100
-27,16556103;4,49385100
-27,08364103;4,49385100
-27,00172104;4,44883600
-26,91980104;4,40397400
-26,83788104;4,44883600
-26,75596104;4,40397400
-26,67404104;4,44883600
-26,59212104;4,40397400
-26,51020104;4,40397400
-26,42828104;4,40397400
-26,34636104;4,40397400
-26,26444104;4,40397400
-26,18252104;4,35895900
-26,10060104;4,40397400
-26,01868104;4,31409600
-25,93676104;4,31409600
-25,85484104;4,31409600
-25,77292104;4,31409600
-25,69100104;4,31409600
-25,60908104;4,31409600
-25,52716104;4,31409600
-25,44524104;4,31409600
-25,36332105;4,31409600
-25,28140105;4,26908200
-25,19948105;4,26908200
-25,11756105;4,26908200
-25,03564105;4,26908200
-24,95372105;4,22406700
-24,87180105;4,22406700
-24,78988105;4,22406700
-24,70796105;4,22406700
-24,62604105;4,22406700
-24,54412105;4,22406700
-24,46220105;4,17920400
-24,38028105;4,17920400
-24,29836105;4,17920400
-24,21644105;4,17920400
-24,13452105;4,13419000
-24,05260105;4,13419000
-23,97068105;4,13419000
-23,88876105;4,13419000
-23,80684105;4,13419000
-23,72492105;4,13419000
-23,64300106;4,08932800
-23,56108106;4,13419000
-23,47916106;4,13419000
-23,39724106;4,13419000
-23,31532106;4,08932800
-23,23340106;4,08932800
-23,15148106;4,08932800
-23,06956106;4,04431300
-22,98764106;4,04431300
-22,90572106;4,04431300
-22,82380106;4,04431300
-22,74188106;4,04431300
-22,65996106;4,04431300
-22,57804106;3,99929800
-22,49612106;3,95443600
-22,41420106;3,99929800
-22,33228106;3,95443600
-22,25036106;3,95443600
-22,16844106;3,99929800
-22,08652106;3,95443600
-22,00460107;3,95443600
-21,92268107;3,95443600
-21,84076107;3,95443600
-21,75884107;3,95443600
-21,67692107;3,95443600
-21,59500107;3,90942100
-21,51308107;3,90942100
-21,43116107;3,90942100
-21,34924107;3,90942100
-21,26732107;3,86455900
-21,18540107;3,90942100
-21,10348107;3,86455900
-21,02156107;3,86455900
-20,93964107;3,86455900
-20,85772107;3,86455900
-20,77580107;3,86455900
-20,69388107;3,90942100
-20,61196107;3,95443600
-20,53004107;3,95443600
-20,44812107;3,99929800
-20,36620108;4,08932800
-20,28428108;4,13419000
-20,20236108;4,17920400
-20,12044108;4,22406700
-20,03852108;4,26908200
-19,95660108;4,31409600
-19,87468108;4,35895900
-19,79276108;4,40397400
-19,71084108;4,40397400
-19,62892108;4,44883600
-19,54700108;4,49385100
-19,46508108;4,49385100
-19,38316108;4,53871300
-19,30124108;4,53871300
-19,21932108;4,53871300
-19,13740108;4,58372700
-19,05548108;4,58372700
-18,97356108;4,58372700
-18,89164108;4,58372700
-18,80972108;4,62874200
-18,72780109;4,58372700
-18,64588109;4,58372700
-18,56396109;4,58372700
-18,48204109;4,58372700
-18,40012109;4,58372700
-18,31820109;4,58372700
-18,23628109;4,58372700
-18,15436109;4,58372700
-18,07244109;4,58372700
-17,99052109;4,58372700
-17,90860109;4,53871300
-17,82668109;4,53871300
-17,74476109;4,49385100
-17,66284109;4,53871300
-17,58092109;4,49385100
-17,49900109;4,49385100
-17,41708109;4,49385100
-17,33516109;4,49385100
-17,25324109;4,49385100
-17,17132109;4,49385100
-17,08940110;4,49385100
-17,00748110;4,49385100
-16,92556110;4,44883600
-16,84364110;4,44883600
-16,76172110;4,44883600
-16,67980110;4,44883600
-16,59788110;4,40397400
-16,51596110;4,40397400
-16,43404110;4,40397400
-16,35212110;4,40397400
-16,27020110;4,40397400
-16,18828110;4,40397400
-16,10636110;4,40397400
-16,02444110;4,35895900
-15,94252110;4,31409600
-15,86060110;4,31409600
-15,77868110;4,31409600
-15,69676110;4,31409600
-15,61484110;4,31409600
-15,53292110;4,31409600
-15,45100111;4,31409600
-15,36908111;4,31409600
-15,28716111;4,31409600
-15,20524111;4,26908200
-15,12332111;4,26908200
-15,04140111;4,26908200
-14,95948111;4,22406700
-14,87756111;4,22406700
-14,79564111;4,22406700
-14,71372111;4,22406700
-14,63180111;4,22406700
-14,54988111;4,17920400
-14,46796111;4,22406700
-14,38604111;4,17920400
-14,30412111;4,17920400
-14,22220111;4,17920400
-14,14028111;4,13419000
-14,05836111;4,13419000
-13,97644111;4,13419000
-13,89452111;4,13419000
-13,81260112;4,13419000
-13,73068112;4,13419000
-13,64876112;4,13419000
-13,56684112;4,13419000
-13,48492112;4,08932800
-13,40300112;4,08932800
-13,32108112;4,04431300
-13,23916112;4,08932800
-13,15724112;4,08932800
-13,07532112;4,04431300
-12,99340112;4,04431300
-12,91148112;4,04431300
-12,82956112;4,04431300
-12,74764112;4,04431300
-12,66572112;4,04431300
-12,58380112;4,04431300
-12,50188112;4,04431300
-12,41996112;3,99929800
-12,33804112;3,99929800
-12,25612112;3,95443600
-12,17420113;3,95443600
-12,09228113;3,95443600
-12,01036113;3,95443600
-11,92844113;3,95443600
-11,84652113;3,95443600
-11,76460113;3,95443600
-11,68268113;3,95443600
-11,60076113;3,95443600
-11,51884113;3,95443600
-11,43692113;3,95443600
-11,35500113;3,90942100
-11,27308113;3,90942100
-11,19116113;3,86455900
-11,10924113;3,86455900
-11,02732113;3,90942100
-10,94540113;3,86455900
-10,86348113;3,86455900
-10,78156113;3,86455900
-10,69964113;3,86455900
-10,61772113;3,90942100
-10,53580114;3,95443600
-10,45388114;3,95443600
-10,37196114;4,04431300
-10,29004114;4,08932800
-10,20812114;4,13419000
-10,12620114;4,17920400
-10,04428114;4,22406700
-9,96236114;4,31409600
-9,88044114;4,31409600
-9,79852114;4,35895900
-9,71660114;4,40397400
-9,63468114;4,40397400
-9,55276114;4,40397400
-9,47084114;4,49385100
-9,38892114;4,49385100
-9,30700114;4,49385100
-9,22508114;4,49385100
-9,14316114;4,53871300
-9,06124114;4,58372700
-8,97932114;4,53871300
-8,89740115;4,58372700
-8,81548115;4,58372700
-8,73356115;4,62874200
-8,65164115;4,58372700
-8,56972115;4,62874200
-8,48780115;4,58372700
-8,40588115;4,58372700
-8,32396115;4,58372700
-8,24204115;4,58372700
-8,16012115;4,58372700
-8,07820115;4,58372700
-7,99628115;4,58372700
-7,91436115;4,58372700
-7,83244115;4,58372700
-7,75052115;4,49385100
-7,66860115;4,49385100
-7,58668115;4,49385100
-7,50476115;4,49385100
-7,42284115;4,49385100
-7,34092115;4,49385100
-7,25900116;4,49385100
-7,17708116;4,49385100
-7,09516116;4,44883600
-7,01324116;4,49385100
-6,93132116;4,44883600
-6,84940116;4,44883600
-6,76748116;4,40397400
-6,68556116;4,40397400
-6,60364116;4,40397400
-6,52172116;4,40397400
-6,43980116;4,40397400
-6,35788116;4,40397400
-6,27596116;4,40397400
-6,19404116;4,40397400
-6,11212116;4,35895900
-6,03020116;4,31409600
-5,94828116;4,31409600
-5,86636116;4,31409600
-5,78444116;4,31409600
-5,70252116;4,31409600
-5,62060116;4,31409600
-5,53868117;4,31409600
-5,45676117;4,31409600
-5,37484117;4,26908200
-5,29292117;4,31409600
-5,21100117;4,26908200
-5,12908117;4,26908200
-5,04716117;4,26908200
-4,96524117;4,22406700
-4,88332117;4,22406700
-4,80140117;4,22406700
-4,71948117;4,22406700
-4,63756117;4,22406700
-4,55564117;4,22406700
-4,47372117;4,22406700
-4,39180117;4,17920400
-4,30988117;4,17920400
-4,22796117;4,17920400
-4,14604117;4,13419000
-4,06412117;4,13419000
-3,98220117;4,13419000
-3,90028118;4,13419000
-3,81836118;4,13419000
-3,73644118;4,13419000
-3,65452118;4,13419000
-3,57260118;4,08932800
-3,49068118;4,08932800
-3,40876118;4,08932800
-3,32684118;4,08932800
-3,24492118;4,08932800
-3,16300118;4,08932800
-3,08108118;4,04431300
-2,99916118;4,04431300
-2,91724118;4,04431300
-2,83532118;4,04431300
-2,75340118;4,04431300
-2,67148118;4,04431300
-2,58956118;4,04431300
-2,50764118;4,04431300
-2,42572118;4,04431300
-2,34380118;3,95443600
-2,26188119;3,95443600
-2,17996119;3,95443600
-2,09804119;3,95443600
-2,01612119;3,95443600
-1,93420119;3,95443600
-1,85228119;3,95443600
-1,77036119;3,95443600
-1,68844119;3,95443600
-1,60652119;3,90942100
-1,52460119;3,90942100
-1,44268119;3,86455900
-1,36076119;3,90942100
-1,27884119;3,86455900
-1,19692119;3,90942100
-1,11500119;3,86455900
-1,03308119;3,86455900
-0,95116119;3,86455900
-0,86924119;3,86455900
-0,78732119;3,86455900
-0,70540119;3,90942100
-0,62348120;3,95443600
-0,54156120;3,95443600
-0,45964120;4,04431300
-0,37772120;4,08932800
-0,29580120;4,13419000
-0,21388120;4,17920400
-0,13196120;4,22406700
-0,05004120;4,26908200
0,03187880;4,31409600
0,11379880;4,35895900
0,19571880;4,40397400
0,27763880;4,40397400
0,35955880;4,44883600
0,44147880;4,49385100
0,52339880;4,49385100
0,60531880;4,49385100
0,68723880;4,49385100
0,76915880;4,58372700
0,85107880;4,53871300
0,93299880;4,58372700
1,01491879;4,58372700
1,09683879;4,58372700
1,17875879;4,58372700
1,26067879;4,58372700
1,34259879;4,58372700
1,42451879;4,58372700
1,50643879;4,58372700
1,58835879;4,58372700
1,67027879;4,58372700
1,75219879;4,58372700
1,83411879;4,58372700
1,91603879;4,53871300
1,99795879;4,58372700
2,07987879;4,53871300
2,16179879;4,58372700
2,24371879;4,49385100
2,32563879;4,49385100
2,40755879;4,53871300
2,48947879;4,49385100
2,57139879;4,49385100
2,65331878;4,49385100
2,73523878;4,49385100
2,81715878;4,49385100
2,89907878;4,49385100
2,98099878;4,44883600
3,06291878;4,44883600
3,14483878;4,44883600
3,22675878;4,40397400
3,30867878;4,40397400
3,39059878;4,40397400
3,47251878;4,40397400
3,55443878;4,40397400
3,63635878;4,40397400
3,71827878;4,40397400
3,80019878;4,40397400
3,88211878;4,35895900
3,96403878;4,35895900
4,04595878;4,35895900
4,12787878;4,31409600
4,20979878;4,31409600
4,29171877;4,31409600
4,37363877;4,31409600
4,45555877;4,31409600
4,53747877;4,31409600
4,61939877;4,31409600
4,70131877;4,26908200
4,78323877;4,26908200
4,86515877;4,26908200
4,94707877;4,26908200
5,02899877;4,22406700
5,11091877;4,22406700
5,19283877;4,26908200
5,27475877;4,22406700
5,35667877;4,22406700
5,43859877;4,17920400
5,52051877;4,17920400
5,60243877;4,22406700
5,68435877;4,17920400
5,76627877;4,17920400
5,84819877;4,17920400
5,93011876;4,13419000
6,01203876;4,13419000
6,09395876;4,13419000
6,17587876;4,13419000
6,25779876;4,13419000
6,33971876;4,13419000
6,42163876;4,13419000
6,50355876;4,13419000
6,58547876;4,08932800
6,66739876;4,08932800
6,74931876;4,08932800
6,83123876;4,04431300
6,91315876;4,04431300
6,99507876;4,04431300
7,07699876;4,04431300
7,15891876;4,04431300
7,24083876;4,04431300
7,32275876;4,04431300
7,40467876;4,04431300
7,48659876;4,04431300
7,56851875;3,95443600
7,65043875;3,95443600
7,73235875;3,95443600
7,81427875;3,95443600
7,89619875;3,95443600
7,97811875;3,95443600
8,06003875;3,95443600
8,14195875;3,95443600
8,22387875;3,95443600
8,30579875;3,95443600
8,38771875;3,95443600
8,46963875;3,90942100
8,55155875;3,90942100
8,63347875;3,90942100
8,71539875;3,90942100
8,79731875;3,90942100
8,87923875;3,86455900
8,96115875;3,86455900
9,04307875;3,86455900
9,12499875;3,86455900
9,20691874;3,86455900
9,28883874;3,86455900
9,37075874;3,90942100
9,45267874;3,95443600
9,53459874;3,95443600
9,61651874;4,04431300
9,69843874;4,08932800
9,78035874;4,13419000
9,86227874;4,17920400
9,94419874;4,22406700
10,02611874;4,26908200
10,10803874;4,31409600
10,18995874;4,31409600
10,27187874;4,40397400
10,35379874;4,44883600
10,43571874;4,44883600
10,51763874;4,49385100
10,59955874;4,49385100
10,68147874;4,49385100
10,76339874;4,49385100
10,84531873;4,53871300
10,92723873;4,58372700
11,00915873;4,58372700
11,09107873;4,58372700
11,17299873;4,58372700
11,25491873;4,58372700
11,33683873;4,58372700
11,41875873;4,62874200
11,50067873;4,58372700
11,58259873;4,58372700
11,66451873;4,58372700
11,74643873;4,58372700
11,82835873;4,58372700
11,91027873;4,58372700
11,99219873;4,58372700
12,07411873;4,53871300
12,15603873;4,53871300
12,23795873;4,53871300
12,31987873;4,49385100
12,40179873;4,53871300
12,48371872;4,49385100
12,56563872;4,49385100
12,64755872;4,49385100
12,72947872;4,49385100
12,81139872;4,49385100
12,89331872;4,49385100
12,97523872;4,44883600
13,05715872;4,44883600
13,13907872;4,44883600
13,22099872;4,40397400
13,30291872;4,40397400
13,38483872;4,40397400
13,46675872;4,40397400
13,54867872;4,40397400
13,63059872;4,40397400
13,71251872;4,40397400
13,79443872;4,40397400
13,87635872;4,35895900
13,95827872;4,40397400
14,04019872;4,31409600
14,12211872;4,31409600
14,20403871;4,31409600
14,28595871;4,31409600
14,36787871;4,31409600
14,44979871;4,31409600
14,53171871;4,31409600
14,61363871;4,31409600
14,69555871;4,26908200
14,77747871;4,26908200
14,85939871;4,26908200
14,94131871;4,22406700
15,02323871;4,26908200
15,10515871;4,22406700
15,18707871;4,22406700
15,26899871;4,22406700
15,35091871;4,22406700
15,43283871;4,22406700
15,51475871;4,17920400
15,59667871;4,22406700
15,67859871;4,17920400
15,76051871;4,17920400
15,84243870;4,13419000
15,92435870;4,13419000
16,00627870;4,13419000
16,08819870;4,13419000
16,17011870;4,13419000
16,25203870;4,13419000
16,33395870;4,13419000
16,41587870;4,13419000
16,49779870;4,08932800
16,57971870;4,13419000
16,66163870;4,08932800
16,74355870;4,08932800
16,82547870;4,04431300
16,90739870;4,08932800
16,98931870;4,04431300
17,07123870;4,04431300
17,15315870;4,04431300
17,23507870;4,04431300
17,31699870;4,04431300
17,39891870;4,04431300
17,48083869;4,04431300
17,56275869;3,99929800
17,64467869;3,95443600
17,72659869;3,99929800
17,80851869;3,95443600
17,89043869;3,95443600
17,97235869;3,95443600
18,05427869;3,95443600
18,13619869;3,95443600
18,21811869;3,95443600
18,30003869;3,95443600
18,38195869;3,95443600
18,46387869;3,95443600
18,54579869;3,90942100
18,62771869;3,90942100
18,70963869;3,90942100
18,79155869;3,90942100
18,87347869;3,86455900
18,95539869;3,86455900
19,03731869;3,86455900
19,11923868;3,86455900
19,20115868;3,86455900
19,28307868;3,90942100
19,36499868;3,90942100
19,44691868;3,95443600
19,52883868;4,04431300
19,61075868;4,04431300
19,69267868;4,13419000
19,77459868;4,13419000
19,85651868;4,22406700
19,93843868;4,26908200
20,02035868;4,31409600
20,10227868;4,31409600
20,18419868;4,40397400
20,26611868;4,40397400
20,34803868;4,44883600
20,42995868;4,49385100
20,51187868;4,49385100
20,59379868;4,49385100
20,67571868;4,49385100
20,75763867;4,53871300
20,83955867;4,58372700
20,92147867;4,58372700
21,00339867;4,58372700
21,08531867;4,58372700
21,16723867;4,58372700
21,24915867;4,58372700
21,33107867;4,58372700
21,41299867;4,58372700
21,49491867;4,62874200
21,57683867;4,58372700
21,65875867;4,58372700
21,74067867;4,58372700
21,82259867;4,58372700
21,90451867;4,58372700
21,98643867;4,58372700
22,06835867;4,58372700
22,15027867;4,53871300
22,23219867;4,53871300
22,31411867;4,49385100
22,39603866;4,49385100
22,47795866;4,49385100
22,55987866;4,49385100
22,64179866;4,49385100
22,72371866;4,49385100
22,80563866;4,49385100
22,88755866;4,49385100
22,96947866;4,49385100
23,05139866;4,44883600
23,13331866;4,44883600
23,21523866;4,40397400
23,29715866;4,44883600
23,37907866;4,40397400
23,46099866;4,40397400
23,54291866;4,40397400
23,62483866;4,40397400
23,70675866;4,40397400
23,78867866;4,40397400
23,87059866;4,40397400
23,95251866;4,35895900
24,03443865;4,35895900
24,11635865;4,31409600
24,19827865;4,31409600
24,28019865;4,31409600
24,36211865;4,31409600
24,44403865;4,31409600
24,52595865;4,31409600
24,60787865;4,31409600
24,68979865;4,26908200
24,77171865;4,26908200
24,85363865;4,26908200
24,93555865;4,31409600
25,01747865;4,22406700
25,09939865;4,22406700
25,18131865;4,22406700
25,26323865;4,22406700
25,34515865;4,22406700
25,42707865;4,22406700
25,50899865;4,22406700
25,59091865;4,22406700
25,67283864;4,17920400
25,75475864;4,17920400
25,83667864;4,13419000
25,91859864;4,17920400
26,00051864;4,13419000
26,08243864;4,13419000
26,16435864;4,13419000
26,24627864;4,13419000
26,32819864;4,13419000
26,41011864;4,13419000
26,49203864;4,13419000
26,57395864;4,08932800
26,65587864;4,08932800
26,73779864;4,08932800
26,81971864;4,08932800
26,90163864;4,04431300
26,98355864;4,04431300
27,06547864;4,04431300
27,14739864;4,04431300
27,22931864;4,04431300
27,31123863;4,04431300
27,39315863;4,04431300
27,47507863;4,04431300
27,55699863;3,99929800
27,63891863;3,95443600
27,72083863;3,95443600
27,80275863;3,95443600
27,88467863;3,95443600
27,96659863;3,95443600
28,04851863;3,95443600
28,13043863;3,95443600
28,21235863;3,95443600
28,29427863;3,95443600
28,37619863;3,90942100
28,45811863;3,95443600
28,54003863;3,95443600
28,62195863;3,90942100
28,70387863;3,90942100
28,78579863;3,90942100
28,86771863;3,86455900
28,94963862;3,86455900
29,03155862;3,86455900
29,11347862;3,86455900
29,19539862;3,86455900
29,27731862;3,86455900
29,35923862;3,90942100
29,44115862;3,95443600
29,52307862;3,95443600
29,60499862;4,04431300
29,68691862;4,04431300
29,76883862;4,13419000
29,85075862;4,17920400
29,93267862;4,22406700
30,01459862;4,26908200
30,09651862;4,31409600
30,17843862;4,31409600
30,26035862;4,40397400
30,34227862;4,40397400
30,42419862;4,44883600
30,50611862;4,44883600
30,58803861;4,49385100
30,66995861;4,49385100
30,75187861;4,53871300
30,83379861;4,53871300
30,91571861;4,58372700
30,99763861;4,58372700
31,07955861;4,58372700
31,16147861;4,58372700
31,24339861;4,62874200
31,32531861;4,58372700
31,40723861;4,58372700
31,48915861;4,58372700
31,57107861;4,58372700
31,65299861;4,58372700
31,73491861;4,58372700
31,81683861;4,58372700
31,89875861;4,58372700
31,98067861;4,58372700
32,06259861;4,58372700
32,14451861;4,53871300
32,22643860;4,53871300
32,30835860;4,53871300
32,39027860;4,53871300
32,47219860;4,49385100
32,55411860;4,49385100
32,63603860;4,49385100
32,71795860;4,49385100
32,79987860;4,49385100
32,88179860;4,49385100
32,96371860;4,49385100
33,04563860;4,44883600
33,12755860;4,44883600
33,20947860;4,44883600
33,29139860;4,40397400
33,37331860;4,40397400
33,45523860;4,44883600
33,53715860;4,40397400
33,61907860;4,40397400
33,70099860;4,40397400
33,78291860;4,40397400
33,86483860;4,40397400
33,94675859;4,31409600
34,02867859;4,31409600
34,11059859;4,35895900
34,19251859;4,31409600
34,27443859;4,31409600
34,35635859;4,31409600
34,43827859;4,31409600
34,52019859;4,31409600
34,60211859;4,31409600
34,68403859;4,26908200
34,76595859;4,26908200
34,84787859;4,26908200
34,92979859;4,26908200
35,01171859;4,22406700
35,09363859;4,22406700
35,17555859;4,22406700
35,25747859;4,22406700
35,33939859;4,22406700
35,42131859;4,22406700
35,50323859;4,22406700
35,58515858;4,22406700
35,66707858;4,17920400
35,74899858;4,17920400
35,83091858;4,17920400
35,91283858;4,13419000
35,99475858;4,13419000
36,07667858;4,13419000
36,15859858;4,13419000
36,24051858;4,13419000
36,32243858;4,13419000
36,40435858;4,13419000
36,48627858;4,13419000
36,56819858;4,13419000
36,65011858;4,08932800
36,73203858;4,04431300
36,81395858;4,04431300
36,89587858;4,08932800
36,97779858;4,08932800
37,05971858;4,04431300
37,14163858;4,04431300
37,22355857;4,04431300
37,30547857;4,04431300
37,38739857;4,04431300
37,46931857;4,04431300
37,55123857;3,99929800
37,63315857;3,99929800
37,71507857;3,95443600
37,79699857;3,95443600
37,87891857;3,95443600
37,96083857;3,95443600
38,04275857;3,95443600
38,12467857;3,95443600
38,20659857;3,95443600
38,28851857;3,95443600
38,37043857;3,95443600
38,45235857;3,95443600
38,53427857;3,95443600
38,61619857;3,90942100
38,69811857;3,90942100
38,78003857;3,90942100
38,86195856;3,86455900
38,94387856;3,86455900
39,02579856;3,86455900
39,10771856;3,86455900
39,18963856;3,86455900
39,27155856;3,86455900
39,35347856;3,90942100
39,43539856;3,95443600
39,51731856;4,04431300
39,59923856;4,04431300
39,68115856;4,08932800
39,76307856;4,13419000
39,84499856;4,22406700
39,92691856;4,26908200
40,00883856;4,31409600
40,09075856;4,31409600
40,17267856;4,31409600
40,25459856;4,40397400
40,33651856;4,44883600
40,41843856;4,44883600
40,50035855;4,49385100
40,58227855;4,49385100
40,66419855;4,53871300
40,74611855;4,53871300
40,82803855;4,58372700
40,90995855;4,58372700
40,99187855;4,58372700
41,07379855;4,58372700
41,15571855;4,58372700
41,23763855;4,62874200
41,31955855;4,58372700
41,40147855;4,62874200
41,48339855;4,62874200
41,56531855;4,58372700
41,64723855;4,58372700
41,72915855;4,58372700
41,81107855;4,58372700
41,89299855;4,58372700
41,97491855;4,58372700
42,05683855;4,58372700
42,13875854;4,58372700
42,22067854;4,53871300
42,30259854;4,53871300
42,38451854;4,53871300
42,46643854;4,49385100
42,54835854;4,49385100
42,63027854;4,49385100
42,71219854;4,49385100
42,79411854;4,49385100
42,87603854;4,49385100
42,95795854;4,49385100
43,03987854;4,44883600
43,12179854;4,44883600
43,20371854;4,44883600
43,28563854;4,40397400
43,36755854;4,44883600
43,44947854;4,40397400
43,53139854;4,40397400
43,61331854;4,40397400
43,69523854;4,40397400
43,77715853;4,40397400
43,85907853;4,40397400
43,94099853;4,35895900
44,02291853;4,31409600
44,10483853;4,31409600
44,18675853;4,31409600
44,26867853;4,31409600
44,35059853;4,31409600
44,43251853;4,31409600
44,51443853;4,31409600
44,59635853;4,31409600
44,67827853;4,31409600
44,76019853;4,26908200
44,84211853;4,26908200
44,92403853;4,26908200
45,00595853;4,26908200
45,08787853;4,22406700
45,16979853;4,22406700
45,25171853;4,22406700
45,33363853;4,22406700
45,41555852;4,22406700
45,49747852;4,22406700
45,57939852;4,22406700
45,66131852;4,17920400
45,74323852;4,17920400
45,82515852;4,17920400
45,90707852;4,13419000
45,98899852;4,13419000
46,07091852;4,13419000
46,15283852;4,13419000
46,23475852;4,13419000
46,31667852;4,13419000
46,39859852;4,13419000
46,48051852;4,13419000
46,56243852;4,13419000
46,64435852;4,08932800
46,72627852;4,08932800
46,80819852;4,08932800
46,89011852;4,04431300
46,97203852;4,04431300
47,05395851;4,04431300
47,13587851;4,04431300
47,21779851;4,04431300
47,29971851;4,04431300
47,38163851;4,04431300
47,46355851;3,99929800
47,54547851;4,04431300
47,62739851;3,99929800
47,70931851;3,99929800
47,79123851;3,99929800
47,87315851;3,95443600
47,95507851;3,95443600
48,03699851;3,95443600
48,11891851;3,95443600
48,20083851;3,95443600
48,28275851;3,95443600
48,36467851;3,95443600
48,44659851;3,90942100
48,52851851;3,90942100
48,61043851;3,90942100
48,69235850;3,90942100
48,77427850;3,86455900
48,85619850;3,90942100
48,93811850;3,86455900
49,02003850;3,86455900
49,10195850;3,86455900
49,18387850;3,86455900
49,26579850;3,86455900
49,34771850;3,90942100
49,42963850;3,95443600
49,51155850;3,95443600
49,59347850;4,04431300
49,67539850;4,04431300
49,75731850;4,13419000
49,83923850;4,13419000
49,92115850;4,22406700
50,00307850;4,26908200
50,08499850;4,31409600
50,16691850;4,31409600
50,24883850;4,40397400
50,33075849;4,40397400
50,41267849;4,40397400
50,49459849;4,44883600
50,57651849;4,49385100
50,65843849;4,49385100
50,74035849;4,49385100
50,82227849;4,53871300
50,90419849;4,53871300
50,98611849;4,58372700
51,06803849;4,58372700
51,14995849;4,58372700
51,23187849;4,58372700
51,31379849;4,58372700
51,39571849;4,62874200
51,47763849;4,58372700
51,55955849;4,58372700
51,64147849;4,58372700
51,72339849;4,58372700
51,80531849;4,58372700
51,88723849;4,58372700
51,96915849;4,58372700
52,05107848;4,58372700
52,13299848;4,53871300
52,21491848;4,53871300
52,29683848;4,49385100
52,37875848;4,53871300
52,46067848;4,53871300
52,54259848;4,49385100
52,62451848;4,49385100
52,70643848;4,49385100
52,78835848;4,49385100
52,87027848;4,49385100
52,95219848;4,49385100
53,03411848;4,44883600
53,11603848;4,44883600
53,19795848;4,44883600
53,27987848;4,40397400
53,36179848;4,40397400
53,44371848;4,40397400
53,52563848;4,40397400
53,60755848;4,40397400
53,68947847;4,40397400
53,77139847;4,40397400
53,85331847;4,40397400
53,93523847;4,40397400
54,01715847;4,35895900
54,09907847;4,31409600
54,18099847;4,31409600
54,26291847;4,31409600
54,34483847;4,31409600
54,42675847;4,31409600
54,50867847;4,31409600
54,59059847;4,31409600
54,67251847;4,31409600
54,75443847;4,26908200
54,83635847;4,31409600
54,91827847;4,26908200
55,00019847;4,22406700
55,08211847;4,26908200
55,16403847;4,22406700
55,24595847;4,22406700
55,32787846;4,22406700
55,40979846;4,22406700
55,49171846;4,22406700
55,57363846;4,17920400
55,65555846;4,17920400
55,73747846;4,17920400
55,81939846;4,17920400
55,90131846;4,13419000
55,98323846;4,13419000
56,06515846;4,13419000
56,14707846;4,13419000
56,22899846;4,13419000
56,31091846;4,13419000
56,39283846;4,13419000
56,47475846;4,13419000
56,55667846;4,08932800
56,63859846;4,08932800
56,72051846;4,08932800
56,80243846;4,04431300
56,88435846;4,08932800
56,96627845;4,04431300
57,04819845;4,04431300
57,13011845;4,04431300
57,21203845;4,04431300
57,29395845;4,04431300
57,37587845;4,04431300
57,45779845;3,99929800
57,53971845;4,04431300
57,62163845;3,99929800
57,70355845;3,95443600
57,78547845;3,95443600
57,86739845;3,95443600
57,94931845;3,95443600
58,03123845;3,95443600
58,11315845;3,95443600
58,19507845;3,95443600
58,27699845;3,95443600
58,35891845;3,95443600
58,44083845;3,95443600
58,52275845;3,90942100
58,60467844;3,90942100
58,68659844;3,86455900
58,76851844;3,90942100
58,85043844;3,90942100
58,93235844;3,86455900
59,01427844;3,86455900
59,09619844;3,86455900
59,17811844;3,86455900
59,26003844;3,86455900
59,34195844;3,90942100
59,42387844;3,95443600
59,50579844;3,95443600
59,58771844;4,04431300
59,66963844;4,08932800
59,75155844;4,13419000
59,83347844;4,17920400
59,91539844;4,22406700
59,99731844;4,31409600
60,07923844;4,31409600
60,16115844;4,35895900
60,24307843;4,40397400
60,32499843;4,40397400
60,40691843;4,44883600
60,48883843;4,49385100
60,57075843;4,49385100
60,65267843;4,53871300
60,73459843;4,53871300
60,81651843;4,53871300
60,89843843;4,58372700
60,98035843;4,58372700
61,06227843;4,58372700
61,14419843;4,58372700
61,22611843;4,62874200
61,30803843;4,62874200
61,38995843;4,62874200
61,47187843;4,58372700
61,55379843;4,62874200
61,63571843;4,58372700
61,71763843;4,58372700
61,79955843;4,58372700
61,88147842;4,58372700
61,96339842;4,58372700
62,04531842;4,58372700
62,12723842;4,53871300
62,20915842;4,53871300
62,29107842;4,53871300
62,37299842;4,49385100
62,45491842;4,49385100
62,53683842;4,49385100
62,61875842;4,49385100
62,70067842;4,49385100
62,78259842;4,49385100
62,86451842;4,49385100
62,94643842;4,49385100
63,02835842;4,49385100
63,11027842;4,44883600
63,19219842;4,40397400
63,27411842;4,44883600
63,35603842;4,40397400
63,43795842;4,40397400
63,51987841;4,40397400
63,60179841;4,40397400
63,68371841;4,40397400
63,76563841;4,40397400
63,84755841;4,40397400
63,92947841;4,31409600
64,01139841;4,35895900
64,09331841;4,31409600
64,17523841;4,31409600
64,25715841;4,31409600
64,33907841;4,31409600
64,42099841;4,31409600
64,50291841;4,31409600
64,58483841;4,31409600
64,66675841;4,31409600
64,74867841;4,31409600
64,83059841;4,26908200
64,91251841;4,26908200
64,99443841;4,22406700
65,07635841;4,26908200
65,15827840;4,22406700
65,24019840;4,22406700
65,32211840;4,22406700
65,40403840;4,22406700
65,48595840;4,22406700
65,56787840;4,17920400
65,64979840;4,17920400
65,73171840;4,17920400
65,81363840;4,17920400
65,89555840;4,13419000
65,97747840;4,13419000
66,05939840;4,13419000
66,14131840;4,13419000
66,22323840;4,13419000
66,30515840;4,13419000
66,38707840;4,13419000
66,46899840;4,13419000
66,55091840;4,13419000
66,63283840;4,13419000
66,71475840;4,08932800
66,79667839;4,04431300
66,87859839;4,08932800
66,96051839;4,08932800
67,04243839;4,04431300
67,12435839;4,04431300
67,20627839;4,04431300
67,28819839;4,04431300
67,37011839;4,04431300
67,45203839;4,04431300
67,53395839;3,99929800
67,61587839;3,99929800
67,69779839;3,99929800
67,77971839;3,99929800
67,86163839;3,95443600
67,94355839;3,95443600
68,02547839;3,95443600
68,10739839;3,95443600
68,18931839;3,95443600
68,27123839;3,95443600
68,35315839;3,95443600
68,43507838;3,90942100
68,51699838;3,95443600
68,59891838;3,90942100
68,68083838;3,90942100
68,76275838;3,86455900
68,84467838;3,86455900
68,92659838;3,86455900
69,00851838;3,86455900
69,09043838;3,86455900
69,17235838;3,86455900
69,25427838;3,86455900
69,33619838;3,90942100
69,41811838;3,90942100
69,50003838;3,95443600
69,58195838;3,95443600
69,66387838;4,04431300
69,74579838;4,13419000
69,82771838;4,13419000
69,90963838;4,22406700
69,99155838;4,26908200
70,07347837;4,31409600
70,15539837;4,31409600
70,23731837;4,40397400
70,31923837;4,40397400
70,40115837;4,40397400
70,48307837;4,44883600
70,56499837;4,49385100
70,64691837;4,49385100
70,72883837;4,49385100
70,81075837;4,53871300
70,89267837;4,53871300
70,97459837;4,58372700
71,05651837;4,58372700
71,13843837;4,58372700
71,22035837;4,58372700
71,30227837;4,58372700
71,38419837;4,58372700
71,46611837;4,58372700
71,54803837;4,58372700
71,62995837;4,58372700
71,71187837;4,58372700
71,79379836;4,58372700
71,87571836;4,58372700
71,95763836;4,58372700
72,03955836;4,53871300
72,12147836;4,53871300
72,20339836;4,53871300
72,28531836;4,53871300
72,36723836;4,49385100
72,44915836;4,53871300
72,53107836;4,49385100
72,61299836;4,49385100
72,69491836;4,49385100
72,77683836;4,49385100
72,85875836;4,49385100
72,94067836;4,49385100
73,02259836;4,44883600
73,10451836;4,44883600
73,18643836;4,40397400
73,26835836;4,44883600
73,35027836;4,40397400
73,43219835;4,40397400
73,51411835;4,40397400
73,59603835;4,40397400
73,67795835;4,40397400
73,75987835;4,40397400
73,84179835;4,40397400
73,92371835;4,35895900
74,00563835;4,35895900
74,08755835;4,31409600
74,16947835;4,31409600
74,25139835;4,31409600
74,33331835;4,31409600
74,41523835;4,31409600
74,49715835;4,31409600
74,57907835;4,31409600
74,66099835;4,31409600
74,74291835;4,26908200
74,82483835;4,26908200
74,90675835;4,26908200
74,98867835;4,22406700
75,07059834;4,22406700
75,15251834;4,22406700
75,23443834;4,22406700
75,31635834;4,22406700
75,39827834;4,22406700
75,48019834;4,22406700
75,56211834;4,22406700
75,64403834;4,17920400
75,72595834;4,17920400
75,80787834;4,13419000
75,88979834;4,13419000
75,97171834;4,13419000
76,05363834;4,13419000
76,13555834;4,13419000
76,21747834;4,13419000
76,29939834;4,13419000
76,38131834;4,13419000
76,46323834;4,13419000
76,54515834;4,08932800
76,62707834;4,08932800
76,70899833;4,08932800
76,79091833;4,04431300
76,87283833;4,08932800
76,95475833;4,04431300
77,03667833;4,04431300
77,11859833;4,04431300
77,20051833;4,04431300
77,28243833;4,04431300
77,36435833;4,04431300
77,44627833;3,99929800
77,52819833;3,99929800
77,61011833;3,99929800
77,69203833;3,99929800
77,77395833;3,95443600
77,85587833;3,99929800
77,93779833;3,95443600
78,01971833;3,95443600
78,10163833;3,95443600
78,18355833;3,95443600
78,26547833;3,95443600
78,34739832;3,95443600
78,42931832;3,95443600
78,51123832;3,90942100
78,59315832;3,90942100
78,67507832;3,90942100
78,75699832;3,90942100
78,83891832;3,90942100
78,92083832;3,86455900
79,00275832;3,86455900
79,08467832;3,86455900
79,16659832;3,86455900
79,24851832;3,86455900
79,33043832;3,90942100
79,41235832;3,95443600
79,49427832;3,95443600
79,57619832;4,04431300
79,65811832;4,04431300
79,74003832;4,13419000
79,82195832;4,17920400
79,90387832;4,22406700
79,98579831;4,26908200
80,06771831;4,31409600
80,14963831;4,35895900
80,23155831;4,40397400
80,31347831;4,44883600
80,39539831;4,44883600
80,47731831;4,49385100
80,55923831;4,49385100
80,64115831;4,49385100
80,72307831;4,53871300
80,80499831;4,53871300
80,88691831;4,58372700
80,96883831;4,58372700
81,05075831;4,58372700
81,13267831;4,58372700
81,21459831;4,62874200
81,29651831;4,58372700
81,37843831;4,58372700
81,46035831;4,62874200
81,54227831;4,58372700
81,62419830;4,58372700
81,70611830;4,58372700
81,78803830;4,58372700
81,86995830;4,58372700
81,95187830;4,58372700
82,03379830;4,58372700
82,11571830;4,53871300
82,19763830;4,53871300
82,27955830;4,53871300
82,36147830;4,49385100
82,44339830;4,49385100
82,52531830;4,49385100
82,60723830;4,49385100
82,68915830;4,49385100
82,77107830;4,49385100
82,85299830;4,49385100
82,93491830;4,49385100
83,01683830;4,44883600
83,09875830;4,44883600
83,18067830;4,44883600
83,26259829;4,44883600
83,34451829;4,40397400
83,42643829;4,40397400
83,50835829;4,40397400
83,59027829;4,40397400
83,67219829;4,40397400
83,75411829;4,40397400
83,83603829;4,35895900
83,91795829;4,35895900
83,99987829;4,35895900
84,08179829;4,35895900
84,16371829;4,31409600
84,24563829;4,31409600
84,32755829;4,31409600
84,40947829;4,31409600
84,49139829;4,31409600
84,57331829;4,31409600
84,65523829;4,31409600
84,73715829;4,26908200
84,81907829;4,26908200
84,90099828;4,26908200
84,98291828;4,26908200
85,06483828;4,22406700
85,14675828;4,22406700
85,22867828;4,22406700
85,31059828;4,22406700
85,39251828;4,22406700
85,47443828;4,22406700
85,55635828;4,22406700
85,63827828;4,17920400
85,72019828;4,22406700
85,80211828;4,17920400
85,88403828;4,17920400
85,96595828;4,13419000
86,04787828;4,13419000
86,12979828;4,13419000
86,21171828;4,13419000
86,29363828;4,13419000
86,37555828;4,13419000
86,45747828;4,13419000
86,53939827;4,13419000
86,62131827;4,08932800
86,70323827;4,08932800
86,78515827;4,04431300
86,86707827;4,04431300
86,94899827;4,08932800
87,03091827;4,04431300
87,11283827;4,04431300
87,19475827;4,04431300
87,27667827;4,04431300
87,35859827;4,04431300
87,44051827;4,04431300
87,52243827;4,04431300
87,60435827;3,99929800
87,68627827;3,95443600
87,76819827;3,95443600
87,85011827;3,95443600
87,93203827;3,95443600
88,01395827;3,95443600
88,09587827;3,95443600
88,17779826;3,95443600
88,25971826;3,95443600
88,34163826;3,95443600
88,42355826;3,90942100
88,50547826;3,90942100
88,58739826;3,90942100
88,66931826;3,90942100
88,75123826;3,90942100
88,83315826;3,90942100
88,91507826;3,86455900
88,99699826;3,86455900
89,07891826;3,86455900
89,16083826;3,90942100
89,24275826;3,86455900
89,32467826;3,90942100
89,40659826;3,90942100
89,48851826;3,95443600
89,57043826;4,04431300
89,65235826;4,04431300
89,73427826;4,08932800
89,81619825;4,13419000
89,89811825;4,22406700
89,98003825;4,22406700
90,06195825;4,31409600
90,14387825;4,31409600
90,22579825;4,31409600
90,30771825;4,40397400
90,38963825;4,40397400
90,47155825;4,44883600
90,55347825;4,44883600
90,63539825;4,49385100
90,71731825;4,49385100
90,79923825;4,49385100
90,88115825;4,53871300
90,96307825;4,53871300
91,04499825;4,58372700
91,12691825;4,58372700
91,20883825;4,58372700
91,29075825;4,58372700
91,37267825;4,58372700
91,45459825;4,58372700
91,53651824;4,58372700
91,61843824;4,58372700
91,70035824;4,58372700
91,78227824;4,58372700
91,86419824;4,58372700
91,94611824;4,58372700
92,02803824;4,58372700
92,10995824;4,53871300
92,19187824;4,53871300
92,27379824;4,53871300
92,35571824;4,49385100
92,43763824;4,49385100
92,51955824;4,49385100
92,60147824;4,49385100
92,68339824;4,49385100
92,76531824;4,49385100
92,84723824;4,49385100
92,92915824;4,49385100
93,01107824;4,44883600
93,09299824;4,44883600
93,17491823;4,44883600
93,25683823;4,44883600
93,33875823;4,40397400
93,42067823;4,40397400
93,50259823;4,40397400
93,58451823;4,40397400
93,66643823;4,40397400
93,74835823;4,40397400
93,83027823;4,40397400
93,91219823;4,40397400
93,99411823;4,31409600
94,07603823;4,35895900
94,15795823;4,31409600
94,23987823;4,31409600
94,32179823;4,31409600
94,40371823;4,31409600
94,48563823;4,31409600
94,56755823;4,31409600
94,64947823;4,31409600
94,73139823;4,26908200
94,81331822;4,26908200
94,89523822;4,26908200
94,97715822;4,22406700
95,05907822;4,26908200
95,14099822;4,22406700
95,22291822;4,22406700
95,30483822;4,22406700
95,38675822;4,22406700
95,46867822;4,22406700
95,55059822;4,22406700
95,63251822;4,22406700
95,71443822;4,17920400
95,79635822;4,13419000
95,87827822;4,13419000
95,96019822;4,13419000
96,04211822;4,13419000
96,12403822;4,13419000
96,20595822;4,13419000
96,28787822;4,13419000
96,36979822;4,13419000
96,45171821;4,13419000
96,53363821;4,08932800
96,61555821;4,08932800
96,69747821;4,04431300
96,77939821;4,08932800
96,86131821;4,04431300
96,94323821;4,08932800
97,02515821;4,04431300
97,10707821;4,04431300
97,18899821;4,04431300
97,27091821;4,04431300
97,35283821;4,04431300
97,43475821;4,04431300
97,51667821;4,04431300
97,59859821;3,95443600
97,68051821;3,99929800
97,76243821;3,99929800
97,84435821;3,95443600
97,92627821;3,95443600
98,00819821;3,95443600
98,09011820;3,95443600
98,17203820;3,95443600
98,25395820;3,95443600
98,33587820;3,95443600
98,41779820;3,90942100
98,49971820;3,90942100
98,58163820;3,90942100
98,66355820;3,90942100
98,74547820;3,86455900
98,82739820;3,86455900
98,90931820;3,86455900
98,99123820;3,86455900
99,07315820;3,86455900
99,15507820;3,86455900
99,23699820;3,86455900
99,31891820;3,86455900
99,40083820;3,90942100
99,48275820;3,95443600
99,56467820;4,04431300
99,64659820;4,08932800
99,72851819;4,13419000
99,81043819;4,13419000
99,89235819;4,22406700
99,97427819;4,26908200
100,05619819;4,31409600
100,13811819;4,35895900
100,22003819;4,40397400
100,30195819;4,40397400
100,38387819;4,44883600
100,46579819;4,49385100
100,54771819;4,49385100
100,62963819;4,53871300
100,71155819;4,53871300
100,79347819;4,53871300
100,87539819;4,58372700
100,95731819;4,58372700
101,03923819;4,58372700
101,12115819;4,58372700
101,20307819;4,58372700
101,28499819;4,62874200
101,36691818;4,58372700
101,44883818;4,58372700
101,53075818;4,58372700
101,61267818;4,58372700
101,69459818;4,58372700
101,77651818;4,58372700
101,85843818;4,58372700
101,94035818;4,58372700
102,02227818;4,53871300
102,10419818;4,53871300
102,18611818;4,53871300
102,26803818;4,53871300
102,34995818;4,53871300
102,43187818;4,53871300
102,51379818;4,49385100
102,59571818;4,49385100
102,67763818;4,49385100
102,75955818;4,49385100
102,84147818;4,49385100
102,92339818;4,49385100
103,00531817;4,44883600
103,08723817;4,44883600
103,16915817;4,40397400
103,25107817;4,40397400
103,33299817;4,40397400
103,41491817;4,40397400
103,49683817;4,40397400
103,57875817;4,40397400
103,66067817;4,40397400
103,74259817;4,40397400
103,82451817;4,40397400
103,90643817;4,40397400
103,98835817;4,35895900
104,07027817;4,31409600
104,15219817;4,31409600
104,23411817;4,31409600
104,31603817;4,31409600
104,39795817;4,31409600
104,47987817;4,31409600
104,56179817;4,31409600
104,64371816;4,26908200
104,72563816;4,26908200
104,80755816;4,26908200
104,88947816;4,26908200
104,97139816;4,26908200
105,05331816;4,26908200
105,13523816;4,22406700
105,21715816;4,26908200
105,29907816;4,22406700
105,38099816;4,22406700
105,46291816;4,22406700
105,54483816;4,17920400
105,62675816;4,17920400
105,70867816;4,17920400
105,79059816;4,17920400
105,87251816;4,13419000
105,95443816;4,13419000
106,03635816;4,13419000
106,11827816;4,13419000
106,20019816;4,13419000
106,28211815;4,13419000
106,36403815;4,13419000
106,44595815;4,13419000
106,52787815;4,13419000
106,60979815;4,08932800
106,69171815;4,08932800
106,77363815;4,08932800
106,85555815;4,08932800
106,93747815;4,08932800
107,01939815;4,04431300
107,10131815;4,04431300
107,18323815;4,04431300
107,26515815;4,04431300
107,34707815;4,04431300
107,42899815;3,99929800
107,51091815;4,04431300
107,59283815;3,99929800
107,67475815;3,99929800
107,75667815;3,95443600
107,83859815;3,99929800
107,92051814;3,95443600
108,00243814;3,95443600
108,08435814;3,95443600
108,16627814;3,95443600
108,24819814;3,95443600
108,33011814;3,95443600
108,41203814;3,90942100
108,49395814;3,90942100
108,57587814;3,90942100
108,65779814;3,90942100
108,73971814;3,90942100
108,82163814;3,90942100
108,90355814;3,86455900
108,98547814;3,86455900
109,06739814;3,86455900
109,14931814;3,86455900
109,23123814;3,86455900
109,31315814;3,86455900
109,39507814;3,90942100
109,47699814;3,95443600
109,55891814;3,95443600
109,64083813;4,04431300
109,72275813;4,04431300
109,80467813;4,13419000
109,88659813;4,13419000
109,96851813;4,22406700
110,05043813;4,26908200
110,13235813;4,31409600
110,21427813;4,35895900
110,29619813;4,40397400
110,37811813;4,40397400
110,46003813;4,40397400
110,54195813;4,44883600
110,62387813;4,49385100
110,70579813;4,49385100
110,78771813;4,53871300
110,86963813;4,58372700
110,95155813;4,53871300
111,03347813;4,58372700
111,11539813;4,58372700
111,19731813;4,58372700
111,27923812;4,58372700
111,36115812;4,58372700
111,44307812;4,62874200
111,52499812;4,58372700
111,60691812;4,58372700
111,68883812;4,58372700
111,77075812;4,58372700
111,85267812;4,58372700
111,93459812;4,58372700
112,01651812;4,53871300
112,09843812;4,53871300
112,18035812;4,53871300
112,26227812;4,53871300
112,34419812;4,49385100
112,42611812;4,49385100
112,50803812;4,49385100
112,58995812;4,49385100
112,67187812;4,49385100
112,75379812;4,49385100
112,83571812;4,49385100
112,91763811;4,49385100
112,99955811;4,44883600
113,08147811;4,44883600
113,16339811;4,44883600
113,24531811;4,44883600
113,32723811;4,40397400
113,40915811;4,40397400
113,49107811;4,40397400
113,57299811;4,40397400
113,65491811;4,40397400
113,73683811;4,40397400
113,81875811;4,35895900
113,90067811;4,35895900
113,98259811;4,35895900
114,06451811;4,31409600
114,14643811;4,31409600
114,22835811;4,31409600
114,31027811;4,31409600
114,39219811;4,31409600
114,47411811;4,31409600
114,55603810;4,31409600
114,63795810;4,31409600
114,71987810;4,31409600
114,80179810;4,26908200
114,88371810;4,26908200
114,96563810;4,26908200
115,04755810;4,22406700
115,12947810;4,22406700
115,21139810;4,22406700
115,29331810;4,22406700
115,37523810;4,22406700
115,45715810;4,22406700
115,53907810;4,22406700
115,62099810;4,22406700
115,70291810;4,17920400
115,78483810;4,17920400
115,86675810;4,13419000
115,94867810;4,13419000
116,03059810;4,13419000
116,11251810;4,13419000
116,19443809;4,13419000
116,27635809;4,13419000
116,35827809;4,13419000
116,44019809;4,13419000
116,52211809;4,13419000
116,60403809;4,08932800
116,68595809;4,08932800
116,76787809;4,04431300
116,84979809;4,08932800
116,93171809;4,04431300
117,01363809;4,04431300
117,09555809;4,04431300
117,17747809;4,04431300
117,25939809;4,04431300
117,34131809;4,04431300
117,42323809;4,04431300
117,50515809;4,04431300
117,58707809;4,04431300
117,66899809;3,95443600
117,75091809;3,99929800
117,83283808;3,95443600
117,91475808;3,95443600
117,99667808;3,95443600
118,07859808;3,95443600
118,16051808;3,95443600
118,24243808;3,95443600
118,32435808;3,95443600
118,40627808;3,95443600
118,48819808;3,90942100
118,57011808;3,90942100
118,65203808;3,90942100
118,73395808;3,90942100
118,81587808;3,86455900
118,89779808;3,86455900
118,97971808;3,86455900
119,06163808;3,86455900
119,14355808;3,86455900
119,22547808;3,86455900
119,30739808;3,86455900
119,38931808;3,90942100
119,47123807;3,95443600
119,55315807;3,99929800
119,63507807;4,04431300
119,71699807;4,13419000
119,79891807;4,13419000
119,88083807;4,22406700
119,96275807;4,22406700
120,04467807;4,31409600
120,12659807;4,31409600
120,20851807;4,40397400
120,29043807;4,40397400
120,37235807;4,44883600
120,45427807;4,49385100
120,53619807;4,49385100
120,61811807;4,49385100
120,70003807;4,53871300
120,78195807;4,53871300
120,86387807;4,58372700
120,94579807;4,58372700
121,02771807;4,58372700
121,10963806;4,62874200
121,19155806;4,58372700
121,27347806;4,58372700
121,35539806;4,62874200
121,43731806;4,62874200
121,51923806;4,58372700
121,60115806;4,58372700
121,68307806;4,58372700
121,76499806;4,58372700
121,84691806;4,58372700
121,92883806;4,58372700
122,01075806;4,58372700
122,09267806;4,58372700
122,17459806;4,53871300
122,25651806;4,53871300
122,33843806;4,53871300
122,42035806;4,49385100
122,50227806;4,49385100
122,58419806;4,49385100
122,66611806;4,49385100
122,74803805;4,49385100
122,82995805;4,49385100
122,91187805;4,49385100
122,99379805;4,49385100
123,07571805;4,44883600
123,15763805;4,44883600
123,23955805;4,40397400
123,32147805;4,40397400
123,40339805;4,40397400
123,48531805;4,40397400
123,56723805;4,40397400
123,64915805;4,40397400
123,73107805;4,40397400
123,81299805;4,40397400
123,89491805;4,40397400
123,97683805;4,31409600
124,05875805;4,31409600
124,14067805;4,31409600
124,22259805;4,31409600
124,30451805;4,31409600
124,38643804;4,31409600
124,46835804;4,31409600
124,55027804;4,31409600
124,63219804;4,31409600
124,71411804;4,31409600
124,79603804;4,26908200
124,87795804;4,26908200
124,95987804;4,22406700
125,04179804;4,26908200
125,12371804;4,22406700
125,20563804;4,22406700
125,28755804;4,22406700
125,36947804;4,22406700
125,45139804;4,22406700
125,53331804;4,22406700
125,61523804;4,22406700
125,69715804;4,22406700
125,77907804;4,13419000
125,86099804;4,17920400
125,94291804;4,13419000
126,02483803;4,13419000
126,10675803;4,13419000
126,18867803;4,13419000
126,27059803;4,13419000
126,35251803;4,13419000
126,43443803;4,13419000
126,51635803;4,13419000
126,59827803;4,08932800
126,68019803;4,08932800
126,76211803;4,08932800
126,84403803;4,08932800
126,92595803;4,04431300
127,00787803;4,04431300
127,08979803;4,04431300
127,17171803;4,04431300
127,25363803;4,04431300
127,33555803;4,04431300
127,41747803;3,99929800
127,49939803;3,99929800
127,58131803;3,99929800
127,66323802;4,04431300
127,74515802;3,95443600
127,82707802;3,95443600
127,90899802;3,95443600
127,99091802;3,95443600
128,07283802;3,95443600
128,15475802;3,95443600
128,23667802;3,95443600
128,31859802;3,95443600
128,40051802;3,90942100
128,48243802;3,90942100
128,56435802;3,90942100
128,64627802;3,90942100
128,72819802;3,90942100
128,81011802;3,90942100
128,89203802;3,86455900
128,97395802;3,86455900
129,05587802;3,86455900
129,13779802;3,86455900
129,21971802;3,86455900
129,30163802;3,86455900
129,38355801;3,90942100
129,46547801;3,95443600
129,54739801;3,95443600
129,62931801;4,04431300
129,71123801;4,04431300
129,79315801;4,13419000
129,87507801;4,17920400
129,95699801;4,22406700
130,03891801;4,26908200
130,12083801;4,31409600
130,20275801;4,31409600
130,28467801;4,40397400
130,36659801;4,40397400
130,44851801;4,40397400
130,53043801;4,49385100
130,61235801;4,49385100
130,69427801;4,49385100
130,77619801;4,49385100
130,85811801;4,53871300
130,94003801;4,58372700
131,02195800;4,58372700
131,10387800;4,58372700
131,18579800;4,58372700
131,26771800;4,58372700
131,34963800;4,58372700
131,43155800;4,62874200
131,51347800;4,58372700
131,59539800;4,62874200
131,67731800;4,58372700
131,75923800;4,58372700
131,84115800;4,58372700
131,92307800;4,58372700
132,00499800;4,58372700
132,08691800;4,58372700
132,16883800;4,53871300
132,25075800;4,53871300
132,33267800;4,53871300
132,41459800;4,49385100
132,49651800;4,49385100
132,57843800;4,49385100
132,66035799;4,49385100
132,74227799;4,49385100
132,82419799;4,49385100
132,90611799;4,49385100
132,98803799;4,49385100
133,06995799;4,44883600
133,15187799;4,44883600
133,23379799;4,44883600
133,31571799;4,40397400
133,39763799;4,40397400
133,47955799;4,40397400
133,56147799;4,40397400
133,64339799;4,40397400
133,72531799;4,40397400
133,80723799;4,40397400
133,88915799;4,40397400
133,97107799;4,40397400
134,05299799;4,31409600
134,13491799;4,31409600
134,21683799;4,31409600
134,29875798;4,31409600
134,38067798;4,31409600
134,46259798;4,31409600
134,54451798;4,31409600
134,62643798;4,31409600
134,70835798;4,31409600
134,79027798;4,26908200
134,87219798;4,26908200
134,95411798;4,26908200
135,03603798;4,26908200
135,11795798;4,22406700
135,19987798;4,22406700
135,28179798;4,22406700
135,36371798;4,22406700
135,44563798;4,22406700
135,52755798;4,22406700
135,60947798;4,22406700
135,69139798;4,22406700
135,77331798;4,17920400
135,85523798;4,13419000
135,93715797;4,17920400
136,01907797;4,13419000
136,10099797;4,13419000
136,18291797;4,13419000
136,26483797;4,13419000
136,34675797;4,13419000
136,42867797;4,13419000
136,51059797;4,13419000
136,59251797;4,08932800
136,67443797;4,08932800
136,75635797;4,08932800
136,83827797;4,08932800
136,92019797;4,08932800
137,00211797;4,04431300
137,08403797;4,04431300
137,16595797;4,04431300
137,24787797;4,04431300
137,32979797;4,04431300
137,41171797;4,04431300
137,49363797;4,04431300
137,57555796;3,99929800
137,65747796;3,95443600
137,73939796;3,95443600
137,82131796;3,99929800
137,90323796;3,95443600
137,98515796;3,95443600
138,06707796;3,95443600
138,14899796;3,95443600
138,23091796;3,95443600
138,31283796;3,95443600
138,39475796;3,95443600
138,47667796;3,95443600
138,55859796;3,90942100
138,64051796;3,90942100
138,72243796;3,86455900
138,80435796;3,90942100
138,88627796;3,86455900
138,96819796;3,86455900
139,05011796;3,86455900
139,13203796;3,86455900
139,21395795;3,86455900
139,29587795;3,90942100
139,37779795;3,90942100
139,45971795;3,95443600
139,54163795;3,95443600
139,62355795;4,04431300
139,70547795;4,08932800
139,78739795;4,13419000
139,86931795;4,22406700
139,95123795;4,26908200
140,03315795;4,31409600
140,11507795;4,31409600
140,19699795;4,40397400
140,27891795;4,40397400
140,36083795;4,44883600
140,44275795;4,44883600
140,52467795;4,49385100
140,60659795;4,49385100
140,68851795;4,53871300
140,77043795;4,53871300
140,85235794;4,53871300
140,93427794;4,58372700
141,01619794;4,58372700
141,09811794;4,58372700
141,18003794;4,62874200
141,26195794;4,62874200
141,34387794;4,62874200
141,42579794;4,62874200
141,50771794;4,62874200
141,58963794;4,62874200
141,67155794;4,58372700
141,75347794;4,58372700
141,83539794;4,58372700
141,91731794;4,58372700
141,99923794;4,58372700
142,08115794;4,53871300
142,16307794;4,53871300
142,24499794;4,53871300
142,32691794;4,53871300
142,40883794;4,49385100
142,49075793;4,49385100
142,57267793;4,49385100
142,65459793;4,49385100
142,73651793;4,49385100
142,81843793;4,49385100
142,90035793;4,49385100
142,98227793;4,49385100
143,06419793;4,44883600
143,14611793;4,44883600
143,22803793;4,44883600
143,30995793;4,40397400
143,39187793;4,40397400
143,47379793;4,40397400
143,55571793;4,40397400
143,63763793;4,40397400
143,71955793;4,40397400
143,80147793;4,40397400
143,88339793;4,40397400
143,96531793;4,35895900
144,04723793;4,31409600
144,12915792;4,31409600
144,21107792;4,31409600
144,29299792;4,31409600
144,37491792;4,31409600
144,45683792;4,31409600
144,53875792;4,31409600
144,62067792;4,31409600
144,70259792;4,31409600
144,78451792;4,31409600
144,86643792;4,26908200
144,94835792;4,26908200
145,03027792;4,26908200
145,11219792;4,26908200
145,19411792;4,22406700
145,27603792;4,22406700
145,35795792;4,22406700
145,43987792;4,22406700
145,52179792;4,22406700
145,60371792;4,22406700
145,68563792;4,17920400
145,76755791;4,17920400
145,84947791;4,17920400
145,93139791;4,13419000
146,01331791;4,13419000
146,09523791;4,13419000
146,17715791;4,13419000
146,25907791;4,13419000
146,34099791;4,13419000
146,42291791;4,13419000
146,50483791;4,13419000
146,58675791;4,08932800
146,66867791;4,13419000
146,75059791;4,08932800
146,83251791;4,08932800
146,91443791;4,04431300
146,99635791;4,04431300
147,07827791;4,04431300
147,16019791;4,04431300
147,24211791;4,04431300
147,32403791;4,04431300
147,40595790;4,04431300
147,48787790;4,04431300
147,56979790;3,99929800
147,65171790;3,95443600
147,73363790;3,95443600
147,81555790;3,95443600
147,89747790;3,95443600
147,97939790;3,95443600
148,06131790;3,95443600
148,14323790;3,95443600
148,22515790;3,95443600
148,30707790;3,95443600
148,38899790;3,95443600
148,47091790;3,95443600
148,55283790;3,95443600
148,63475790;3,90942100
148,71667790;3,90942100
148,79859790;3,86455900
148,88051790;3,86455900
148,96243790;3,86455900
149,04435790;3,86455900
149,12627789;3,86455900
149,20819789;3,86455900
149,29011789;3,86455900
149,37203789;3,86455900
149,45395789;3,95443600
149,53587789;3,95443600
149,61779789;3,99929800
149,69971789;4,04431300
149,78163789;4,13419000
149,86355789;4,17920400
149,94547789;4,22406700
150,02739789;4,26908200
150,10931789;4,31409600
150,19123789;4,31409600
150,27315789;4,35895900
150,35507789;4,40397400
150,43699789;4,40397400
150,51891789;4,44883600
150,60083789;4,49385100
150,68275789;4,49385100
150,76467788;4,49385100
150,84659788;4,53871300
150,92851788;4,53871300
151,01043788;4,58372700
151,09235788;4,58372700
151,17427788;4,58372700
151,25619788;4,58372700
151,33811788;4,58372700
151,42003788;4,58372700
151,50195788;4,58372700
151,58387788;4,58372700
151,66579788;4,58372700
151,74771788;4,58372700
151,82963788;4,58372700
151,91155788;4,58372700
151,99347788;4,58372700
152,07539788;4,58372700
152,15731788;4,53871300
152,23923788;4,53871300
152,32115788;4,53871300
152,40307787;4,49385100
152,48499787;4,49385100
152,56691787;4,49385100
152,64883787;4,49385100
152,73075787;4,49385100
152,81267787;4,49385100
152,89459787;4,49385100
152,97651787;4,49385100
153,05843787;4,49385100
153,14035787;4,44883600
153,22227787;4,44883600
153,30419787;4,44883600
153,38611787;4,44883600
153,46803787;4,40397400
153,54995787;4,40397400
153,63187787;4,40397400
153,71379787;4,40397400
153,79571787;4,40397400
153,87763787;4,40397400
153,95955787;4,35895900
154,04147786;4,40397400
154,12339786;4,31409600
154,20531786;4,31409600
154,28723786;4,31409600
154,36915786;4,31409600
154,45107786;4,31409600
154,53299786;4,31409600
154,61491786;4,31409600
154,69683786;4,31409600
154,77875786;4,31409600
154,86067786;4,26908200
154,94259786;4,26908200
155,02451786;4,22406700
155,10643786;4,22406700
155,18835786;4,22406700
155,27027786;4,22406700
155,35219786;4,22406700
155,43411786;4,22406700
155,51603786;4,22406700
155,59795786;4,22406700
155,67987785;4,17920400
155,76179785;4,17920400
155,84371785;4,17920400
155,92563785;4,13419000
156,00755785;4,13419000
156,08947785;4,13419000
156,17139785;4,13419000
156,25331785;4,13419000
156,33523785;4,13419000
156,41715785;4,13419000
156,49907785;4,13419000
156,58099785;4,13419000
156,66291785;4,08932800
156,74483785;4,08932800
156,82675785;4,08932800
156,90867785;4,08932800
156,99059785;4,08932800
157,07251785;4,04431300
157,15443785;4,04431300
157,23635785;4,04431300
157,31827784;4,04431300
157,40019784;4,04431300
157,48211784;4,04431300
157,56403784;3,99929800
157,64595784;3,99929800
157,72787784;3,95443600
157,80979784;3,95443600
157,89171784;3,95443600
157,97363784;3,95443600
158,05555784;3,95443600
158,13747784;3,95443600
158,21939784;3,95443600
158,30131784;3,95443600
158,38323784;3,95443600
158,46515784;3,90942100
158,54707784;3,90942100
158,62899784;3,90942100
158,71091784;3,90942100
158,79283784;3,90942100
158,87475784;3,86455900
158,95667783;3,86455900
159,03859783;3,86455900
159,12051783;3,86455900
159,20243783;3,86455900
159,28435783;3,86455900
159,36627783;3,90942100
159,44819783;3,95443600
159,53011783;3,95443600
159,61203783;4,04431300
159,69395783;4,08932800
159,77587783;4,13419000
159,85779783;4,22406700
159,93971783;4,22406700
160,02163783;4,26908200
160,10355783;4,31409600
160,18547783;4,35895900
160,26739783;4,40397400
160,34931783;4,40397400
160,43123783;4,44883600
160,51315783;4,49385100
160,59507782;4,49385100
160,67699782;4,49385100
160,75891782;4,53871300
160,84083782;4,58372700
160,92275782;4,58372700
161,00467782;4,58372700
161,08659782;4,58372700
161,16851782;4,58372700
161,25043782;4,58372700
161,33235782;4,58372700
161,41427782;4,62874200
161,49619782;4,58372700
161,57811782;4,58372700
161,66003782;4,58372700
161,74195782;4,58372700
161,82387782;4,58372700
161,90579782;4,58372700
161,98771782;4,58372700
162,06963782;4,58372700
162,15155782;4,53871300
162,23347781;4,58372700
162,31539781;4,53871300
162,39731781;4,53871300
162,47923781;4,49385100
162,56115781;4,49385100
162,64307781;4,49385100
162,72499781;4,49385100
162,80691781;4,49385100
162,88883781;4,49385100
162,97075781;4,49385100
163,05267781;4,44883600
163,13459781;4,44883600
163,21651781;4,44883600
163,29843781;4,40397400
163,38035781;4,40397400
163,46227781;4,40397400
163,54419781;4,40397400
163,62611781;4,40397400
163,70803781;4,40397400
163,78995781;4,40397400
163,87187780;4,40397400
163,95379780;4,35895900
164,03571780;4,31409600
164,11763780;4,35895900
164,19955780;4,31409600
164,28147780;4,31409600
164,36339780;4,31409600
164,44531780;4,31409600
164,52723780;4,31409600
164,60915780;4,31409600
164,69107780;4,31409600
164,77299780;4,26908200
164,85491780;4,26908200
164,93683780;4,26908200
165,01875780;4,26908200
165,10067780;4,26908200
165,18259780;4,22406700
165,26451780;4,22406700
165,34643780;4,22406700
165,42835780;4,22406700
165,51027779;4,22406700
165,59219779;4,22406700
165,67411779;4,22406700
165,75603779;4,22406700
165,83795779;4,13419000
165,91987779;4,17920400
166,00179779;4,17920400
166,08371779;4,13419000
166,16563779;4,13419000
166,24755779;4,13419000
166,32947779;4,13419000
166,41139779;4,13419000
166,49331779;4,13419000
166,57523779;4,13419000
166,65715779;4,13419000
166,73907779;4,04431300
166,82099779;4,08932800
166,90291779;4,04431300
166,98483779;4,04431300
167,06675779;4,04431300
167,14867779;4,04431300
167,23059778;4,04431300
167,31251778;4,04431300
167,39443778;4,04431300
167,47635778;4,04431300
167,55827778;4,04431300
167,64019778;3,99929800
167,72211778;3,99929800
167,80403778;3,95443600
167,88595778;3,95443600
167,96787778;3,95443600
168,04979778;3,95443600
168,13171778;3,95443600
168,21363778;3,95443600
168,29555778;3,95443600
168,37747778;3,95443600
168,45939778;3,90942100
168,54131778;3,90942100
168,62323778;3,95443600
168,70515778;3,90942100
168,78707778;3,86455900
168,86899777;3,90942100
168,95091777;3,86455900
169,03283777;3,86455900
169,11475777;3,86455900
169,19667777;3,86455900
169,27859777;3,86455900
169,36051777;3,90942100
169,44243777;3,90942100
169,52435777;3,95443600
169,60627777;3,99929800
169,68819777;4,04431300
169,77011777;4,13419000
169,85203777;4,13419000
169,93395777;4,17920400
170,01587777;4,26908200
170,09779777;4,31409600
170,17971777;4,31409600
170,26163777;4,40397400
170,34355777;4,40397400
170,42547777;4,40397400
170,50739776;4,44883600
170,58931776;4,49385100
170,67123776;4,49385100
170,75315776;4,49385100
170,83507776;4,49385100
170,91699776;4,53871300
170,99891776;4,53871300
171,08083776;4,58372700
171,16275776;4,58372700
171,24467776;4,58372700
171,32659776;4,58372700
171,40851776;4,58372700
171,49043776;4,62874200
171,57235776;4,62874200
171,65427776;4,58372700
171,73619776;4,58372700
171,81811776;4,58372700
171,90003776;4,58372700
171,98195776;4,58372700
172,06387776;4,53871300
172,14579775;4,53871300
172,22771775;4,53871300
172,30963775;4,53871300
172,39155775;4,49385100
172,47347775;4,49385100
172,55539775;4,49385100
172,63731775;4,49385100
172,71923775;4,49385100
172,80115775;4,49385100
172,88307775;4,49385100
172,96499775;4,49385100
173,04691775;4,44883600
173,12883775;4,44883600
173,21075775;4,44883600
173,29267775;4,40397400
173,37459775;4,40397400
173,45651775;4,40397400
173,53843775;4,40397400
173,62035775;4,40397400
173,70227775;4,40397400
173,78419774;4,35895900
173,86611774;4,40397400
173,94803774;4,35895900
174,02995774;4,35895900
174,11187774;4,35895900
174,19379774;4,31409600
174,27571774;4,31409600
174,35763774;4,31409600
174,43955774;4,31409600
174,52147774;4,31409600
174,60339774;4,31409600
174,68531774;4,31409600
174,76723774;4,26908200
174,84915774;4,26908200
174,93107774;4,26908200
175,01299774;4,26908200
175,09491774;4,22406700
175,17683774;4,22406700
175,25875774;4,22406700
175,34067774;4,22406700
175,42259773;4,22406700
175,50451773;4,22406700
175,58643773;4,17920400
175,66835773;4,22406700
175,75027773;4,17920400
175,83219773;4,17920400
175,91411773;4,13419000
175,99603773;4,13419000
176,07795773;4,13419000
176,15987773;4,13419000
176,24179773;4,13419000
176,32371773;4,13419000
176,40563773;4,13419000
176,48755773;4,13419000
176,56947773;4,13419000
176,65139773;4,08932800
176,73331773;4,08932800
176,81523773;4,04431300
176,89715773;4,08932800
176,97907773;4,04431300
177,06099772;4,04431300
177,14291772;4,04431300
177,22483772;4,04431300
177,30675772;4,04431300
177,38867772;4,04431300
177,47059772;4,04431300
177,55251772;3,99929800
177,63443772;3,99929800
177,71635772;3,95443600
177,79827772;3,95443600
177,88019772;3,95443600
177,96211772;3,95443600
178,04403772;3,95443600
178,12595772;3,95443600
178,20787772;3,95443600
178,28979772;3,95443600
178,37171772;3,95443600
178,45363772;3,90942100
178,53555772;3,95443600
178,61747772;3,90942100
178,69939771;3,86455900
178,78131771;3,90942100
178,86323771;3,86455900
178,94515771;3,86455900
179,02707771;3,86455900
179,10899771;3,86455900
179,19091771;3,86455900
179,27283771;3,86455900
179,35475771;3,90942100
179,43667771;3,90942100
179,51859771;3,95443600
179,60051771;4,04431300
179,68243771;4,04431300
179,76435771;4,13419000
179,84627771;4,17920400
179,92819771;4,22406700
180,01011771;4,26908200
180,09203771;4,31409600
180,17395771;4,35895900
180,25587771;4,40397400
180,33779770;4,40397400
180,41971770;4,44883600
180,50163770;4,49385100
180,58355770;4,49385100
180,66547770;4,49385100
180,74739770;4,53871300
180,82931770;4,58372700
180,91123770;4,58372700
180,99315770;4,58372700
181,07507770;4,62874200
181,15699770;4,58372700
181,23891770;4,58372700
181,32083770;4,58372700
181,40275770;4,58372700
181,48467770;4,58372700
181,56659770;4,58372700
181,64851770;4,62874200
181,73043770;4,58372700
181,81235770;4,58372700
181,89427770;4,58372700
181,97619769;4,58372700
182,05811769;4,53871300
182,14003769;4,58372700
182,22195769;4,53871300
182,30387769;4,53871300
182,38579769;4,49385100
182,46771769;4,49385100
182,54963769;4,49385100
182,63155769;4,49385100
182,71347769;4,49385100
182,79539769;4,49385100
182,87731769;4,49385100
182,95923769;4,49385100
183,04115769;4,49385100
183,12307769;4,44883600
183,20499769;4,44883600
183,28691769;4,44883600
183,36883769;4,40397400
183,45075769;4,40397400
183,53267769;4,40397400
183,61459768;4,40397400
183,69651768;4,40397400
183,77843768;4,40397400
183,86035768;4,40397400
183,94227768;4,40397400
184,02419768;4,40397400
184,10611768;4,35895900
184,18803768;4,31409600
184,26995768;4,31409600
184,35187768;4,31409600
184,43379768;4,31409600
184,51571768;4,31409600
184,59763768;4,31409600
184,67955768;4,31409600
184,76147768;4,31409600
184,84339768;4,26908200
184,92531768;4,26908200
185,00723768;4,26908200
185,08915768;4,26908200
185,17107768;4,22406700
185,25299767;4,22406700
185,33491767;4,22406700
185,41683767;4,22406700
185,49875767;4,22406700
185,58067767;4,22406700
185,66259767;4,22406700
185,74451767;4,17920400
185,82643767;4,17920400
185,90835767;4,13419000
185,99027767;4,13419000
186,07219767;4,13419000
186,15411767;4,13419000
186,23603767;4,13419000
186,31795767;4,13419000
186,39987767;4,13419000
186,48179767;4,13419000
186,56371767;4,13419000
186,64563767;4,08932800
186,72755767;4,08932800
186,80947767;4,08932800
186,89139767;4,08932800
186,97331766;4,04431300
187,05523766;4,04431300
187,13715766;4,04431300
187,21907766;4,04431300
187,30099766;4,04431300
187,38291766;4,04431300
187,46483766;4,04431300
187,54675766;4,04431300
187,62867766;3,95443600
187,71059766;3,99929800
187,79251766;3,95443600
187,87443766;3,95443600
187,95635766;3,95443600
188,03827766;3,95443600
188,12019766;3,95443600
188,20211766;3,95443600
188,28403766;3,95443600
188,36595766;3,95443600
188,44787766;3,95443600
188,52979766;3,90942100
188,61171765;3,90942100
188,69363765;3,90942100
188,77555765;3,90942100
188,85747765;3,86455900
188,93939765;3,86455900
189,02131765;3,86455900
189,10323765;3,86455900
189,18515765;3,86455900
189,26707765;3,90942100
189,34899765;3,86455900
189,43091765;3,90942100
189,51283765;3,95443600
189,59475765;3,95443600
189,67667765;4,04431300
189,75859765;4,08932800
189,84051765;4,13419000
189,92243765;4,17920400
190,00435765;4,22406700
190,08627765;4,31409600
190,16819765;4,31409600
190,25011764;4,35895900
190,33203764;4,40397400
190,41395764;4,40397400
190,49587764;4,44883600
190,57779764;4,44883600
190,65971764;4,49385100
190,74163764;4,49385100
190,82355764;4,49385100
190,90547764;4,53871300
190,98739764;4,53871300
191,06931764;4,58372700
191,15123764;4,58372700
191,23315764;4,58372700
191,31507764;4,62874200
191,39699764;4,62874200
191,47891764;4,58372700
191,56083764;4,58372700
191,64275764;4,58372700
191,72467764;4,58372700
191,80659764;4,58372700
191,88851763;4,58372700
191,97043763;4,58372700
192,05235763;4,58372700
192,13427763;4,53871300
192,21619763;4,53871300
192,29811763;4,49385100
192,38003763;4,53871300
192,46195763;4,49385100
192,54387763;4,49385100
192,62579763;4,49385100
192,70771763;4,49385100
192,78963763;4,49385100
192,87155763;4,49385100
192,95347763;4,49385100
193,03539763;4,44883600
193,11731763;4,44883600
193,19923763;4,44883600
193,28115763;4,44883600
193,36307763;4,40397400
193,44499763;4,40397400
193,52691762;4,40397400
193,60883762;4,40397400
193,69075762;4,40397400
193,77267762;4,40397400
193,85459762;4,40397400
193,93651762;4,35895900
194,01843762;4,35895900
194,10035762;4,35895900
194,18227762;4,31409600
194,26419762;4,31409600
194,34611762;4,31409600
194,42803762;4,31409600
194,50995762;4,31409600
194,59187762;4,31409600
194,67379762;4,31409600
194,75571762;4,31409600
194,83763762;4,26908200
194,91955762;4,26908200
195,00147762;4,26908200
195,08339762;4,26908200
195,16531761;4,22406700
195,24723761;4,22406700
195,32915761;4,22406700
195,41107761;4,22406700
195,49299761;4,22406700
195,57491761;4,17920400
195,65683761;4,22406700
195,73875761;4,17920400
195,82067761;4,17920400
195,90259761;4,17920400
195,98451761;4,17920400
196,06643761;4,13419000
196,14835761;4,13419000
196,23027761;4,13419000
196,31219761;4,13419000
196,39411761;4,13419000
196,47603761;4,13419000
196,55795761;4,13419000
196,63987761;4,13419000
196,72179761;4,08932800
196,80371760;4,04431300
196,88563760;4,08932800
196,96755760;4,04431300
197,04947760;4,04431300
197,13139760;4,04431300
197,21331760;4,04431300
197,29523760;4,04431300
197,37715760;3,99929800
197,45907760;4,04431300
197,54099760;4,04431300
197,62291760;3,99929800
197,70483760;4,04431300
197,78675760;3,95443600
197,86867760;3,95443600
197,95059760;3,95443600
198,03251760;3,95443600
198,11443760;3,95443600
198,19635760;3,95443600
198,27827760;3,95443600
198,36019760;3,95443600
198,44211759;3,95443600
198,52403759;3,90942100
198,60595759;3,90942100
198,68787759;3,90942100
198,76979759;3,90942100
198,85171759;3,86455900
198,93363759;3,86455900
199,01555759;3,86455900
199,09747759;3,86455900
199,17939759;3,86455900
199,26131759;3,86455900
199,34323759;3,90942100
199,42515759;3,90942100
199,50707759;3,95443600
199,58899759;3,99929800
199,67091759;4,04431300
199,75283759;4,13419000
199,83475759;4,17920400
199,91667759;4,22406700
199,99859759;4,26908200
200,08051758;4,31409600
200,16243758;4,31409600
200,24435758;4,40397400
200,32627758;4,40397400
200,40819758;4,44883600
200,49011758;4,49385100
200,57203758;4,49385100
200,65395758;4,49385100
200,73587758;4,49385100
200,81779758;4,58372700
200,89971758;4,53871300
200,98163758;4,58372700
201,06355758;4,58372700
201,14547758;4,58372700
201,22739758;4,62874200
201,30931758;4,58372700
201,39123758;4,62874200
201,47315758;4,62874200
201,55507758;4,58372700
201,63699758;4,58372700
201,71891757;4,58372700
201,80083757;4,58372700
201,88275757;4,58372700
201,96467757;4,58372700
202,04659757;4,58372700
202,12851757;4,53871300
202,21043757;4,58372700
202,29235757;4,53871300
202,37427757;4,53871300
202,45619757;4,49385100
202,53811757;4,49385100
202,62003757;4,49385100
202,70195757;4,49385100
202,78387757;4,49385100
202,86579757;4,49385100
202,94771757;4,49385100
203,02963757;4,44883600
203,11155757;4,44883600
203,19347757;4,44883600
203,27539757;4,44883600
203,35731756;4,44883600
203,43923756;4,40397400
203,52115756;4,40397400
203,60307756;4,40397400
203,68499756;4,40397400
203,76691756;4,40397400
203,84883756;4,40397400
203,93075756;4,35895900
204,01267756;4,35895900
204,09459756;4,40397400
204,17651756;4,31409600
204,25843756;4,31409600
204,34035756;4,31409600
204,42227756;4,31409600
204,50419756;4,31409600
204,58611756;4,31409600
204,66803756;4,31409600
204,74995756;4,31409600
204,83187756;4,26908200
204,91379756;4,26908200
204,99571755;4,26908200
205,07763755;4,22406700
205,15955755;4,22406700
205,24147755;4,22406700
205,32339755;4,22406700
205,40531755;4,22406700
205,48723755;4,22406700
205,56915755;4,22406700
205,65107755;4,17920400
205,73299755;4,22406700
205,81491755;4,17920400
205,89683755;4,13419000
205,97875755;4,13419000
206,06067755;4,13419000
206,14259755;4,13419000
206,22451755;4,13419000
206,30643755;4,13419000
206,38835755;4,13419000
206,47027755;4,13419000
206,55219755;4,13419000
206,63411755;4,08932800
206,71603754;4,13419000
206,79795754;4,08932800
206,87987754;4,08932800
206,96179754;4,08932800
207,04371754;4,04431300
207,12563754;4,04431300
207,20755754;4,04431300
207,28947754;4,04431300
207,37139754;4,04431300
207,45331754;4,04431300
207,53523754;4,04431300
207,61715754;3,99929800
207,69907754;3,99929800
207,78099754;3,95443600
207,86291754;3,95443600
207,94483754;3,95443600
208,02675754;3,95443600
208,10867754;3,95443600
208,19059754;3,95443600
208,27251754;3,95443600
208,35443753;3,95443600
208,43635753;3,95443600
208,51827753;3,90942100
208,60019753;3,90942100
208,68211753;3,90942100
208,76403753;3,90942100
208,84595753;3,86455900
208,92787753;3,90942100
209,00979753;3,86455900
209,09171753;3,86455900
209,17363753;3,86455900
209,25555753;3,86455900
209,33747753;3,86455900
209,41939753;3,90942100
209,50131753;3,95443600
209,58323753;3,95443600
209,66515753;4,04431300
209,74707753;4,08932800
209,82899753;4,13419000
209,91091753;4,17920400
209,99283752;4,22406700
210,07475752;4,26908200
210,15667752;4,31409600
210,23859752;4,31409600
210,32051752;4,40397400
210,40243752;4,40397400
210,48435752;4,44883600
210,56627752;4,49385100
210,64819752;4,49385100
210,73011752;4,49385100
210,81203752;4,49385100
210,89395752;4,53871300
210,97587752;4,58372700
211,05779752;4,58372700
211,13971752;4,58372700
211,22163752;4,58372700
211,30355752;4,58372700
211,38547752;4,58372700
211,46739752;4,58372700
211,54931752;4,62874200
211,63123751;4,58372700
211,71315751;4,58372700
211,79507751;4,58372700
211,87699751;4,58372700
211,95891751;4,58372700
212,04083751;4,58372700
212,12275751;4,53871300
212,20467751;4,53871300
212,28659751;4,53871300
212,36851751;4,53871300
212,45043751;4,49385100
212,53235751;4,49385100
212,61427751;4,49385100
212,69619751;4,49385100
212,77811751;4,49385100
212,86003751;4,49385100
212,94195751;4,49385100
213,02387751;4,49385100
213,10579751;4,44883600
213,18771751;4,44883600
213,26963750;4,44883600
213,35155750;4,40397400
213,43347750;4,40397400
213,51539750;4,40397400
213,59731750;4,40397400
213,67923750;4,40397400
213,76115750;4,40397400
213,84307750;4,40397400
213,92499750;4,40397400
214,00691750;4,40397400
214,08883750;4,31409600
214,17075750;4,31409600
214,25267750;4,31409600
214,33459750;4,31409600
214,41651750;4,31409600
214,49843750;4,31409600
214,58035750;4,31409600
214,66227750;4,31409600
214,74419750;4,26908200
214,82611750;4,26908200
214,90803749;4,26908200
214,98995749;4,22406700
215,07187749;4,26908200
215,15379749;4,22406700
215,23571749;4,22406700
215,31763749;4,22406700
215,39955749;4,22406700
215,48147749;4,22406700
215,56339749;4,22406700
215,64531749;4,17920400
215,72723749;4,17920400
215,80915749;4,17920400
215,89107749;4,17920400
215,97299749;4,13419000
216,05491749;4,13419000
216,13683749;4,13419000
216,21875749;4,13419000
216,30067749;4,13419000
216,38259749;4,13419000
216,46451749;4,13419000
216,54643748;4,13419000
216,62835748;4,13419000
216,71027748;4,08932800
216,79219748;4,08932800
216,87411748;4,04431300
216,95603748;4,04431300
217,03795748;4,04431300
217,11987748;4,04431300
217,20179748;4,04431300
217,28371748;4,04431300
217,36563748;4,04431300
217,44755748;4,04431300
217,52947748;4,04431300
217,61139748;4,04431300
217,69331748;3,99929800
217,77523748;3,95443600
217,85715748;3,95443600
217,93907748;3,95443600
218,02099748;3,95443600
218,10291748;3,95443600
218,18483747;3,95443600
218,26675747;3,95443600
218,34867747;3,95443600
218,43059747;3,95443600
218,51251747;3,95443600
218,59443747;3,90942100
218,67635747;3,90942100
218,75827747;3,90942100
218,84019747;3,86455900
218,92211747;3,86455900
219,00403747;3,90942100
219,08595747;3,86455900
219,16787747;3,86455900
219,24979747;3,86455900
219,33171747;3,86455900
219,41363747;3,95443600
219,49555747;3,95443600
219,57747747;4,04431300
219,65939747;4,04431300
219,74131747;4,13419000
219,82323746;4,17920400
219,90515746;4,22406700
219,98707746;4,26908200
220,06899746;4,31409600
220,15091746;4,31409600
220,23283746;4,40397400
220,31475746;4,40397400
220,39667746;4,40397400
220,47859746;4,49385100
220,56051746;4,49385100
220,64243746;4,49385100
220,72435746;4,49385100
220,80627746;4,58372700
220,88819746;4,53871300
220,97011746;4,58372700
221,05203746;4,58372700
221,13395746;4,58372700
221,21587746;4,58372700
221,29779746;4,58372700
221,37971746;4,58372700
221,46163745;4,58372700
221,54355745;4,62874200
221,62547745;4,58372700
221,70739745;4,58372700
221,78931745;4,62874200
221,87123745;4,58372700
221,95315745;4,58372700
222,03507745;4,58372700
222,11699745;4,58372700
222,19891745;4,53871300
222,28083745;4,53871300
222,36275745;4,53871300
222,44467745;4,53871300
222,52659745;4,49385100
222,60851745;4,49385100
222,69043745;4,49385100
222,77235745;4,49385100
222,85427745;4,49385100
222,93619745;4,49385100
223,01811745;4,44883600
223,10003744;4,44883600
223,18195744;4,44883600
223,26387744;4,44883600
223,34579744;4,40397400
223,42771744;4,40397400
223,50963744;4,40397400
223,59155744;4,40397400
223,67347744;4,40397400
223,75539744;4,40397400
223,83731744;4,40397400
223,91923744;4,35895900
224,00115744;4,35895900
224,08307744;4,31409600
224,16499744;4,31409600
224,24691744;4,31409600
224,32883744;4,31409600
224,41075744;4,31409600
224,49267744;4,31409600
224,57459744;4,31409600
224,65651744;4,31409600
224,73843744;4,31409600
224,82035743;4,26908200
224,90227743;4,26908200
224,98419743;4,26908200
225,06611743;4,22406700
225,14803743;4,26908200
225,22995743;4,22406700
225,31187743;4,22406700
225,39379743;4,22406700
225,47571743;4,22406700
225,55763743;4,22406700
225,63955743;4,17920400
225,72147743;4,17920400
225,80339743;4,22406700
225,88531743;4,17920400
225,96723743;4,13419000
226,04915743;4,13419000
226,13107743;4,13419000
226,21299743;4,13419000
226,29491743;4,13419000
226,37683743;4,13419000
226,45875742;4,13419000
226,54067742;4,13419000
226,62259742;4,08932800
226,70451742;4,08932800
226,78643742;4,08932800
226,86835742;4,08932800
226,95027742;4,04431300
227,03219742;4,04431300
227,11411742;4,04431300
227,19603742;4,04431300
227,27795742;4,04431300
227,35987742;4,04431300
227,44179742;4,04431300
227,52371742;4,04431300
227,60563742;3,99929800
227,68755742;3,99929800
227,76947742;3,95443600
227,85139742;3,95443600
227,93331742;3,95443600
228,01523742;3,95443600
228,09715741;3,95443600
228,17907741;3,95443600
228,26099741;3,95443600
228,34291741;3,95443600
228,42483741;3,95443600
228,50675741;3,90942100
228,58867741;3,95443600
228,67059741;3,95443600
228,75251741;3,90942100
228,83443741;3,90942100
228,91635741;3,86455900
228,99827741;3,86455900
229,08019741;3,86455900
229,16211741;3,86455900
229,24403741;3,86455900
229,32595741;3,86455900
229,40787741;3,90942100
229,48979741;3,95443600
229,57171741;3,95443600
229,65363741;4,04431300
229,73555740;4,04431300
229,81747740;4,13419000
229,89939740;4,17920400
229,98131740;4,22406700
230,06323740;4,26908200
230,14515740;4,31409600
230,22707740;4,31409600
230,30899740;4,40397400
230,39091740;4,40397400
230,47283740;4,40397400
230,55475740;4,44883600
230,63667740;4,49385100
230,71859740;4,49385100
230,80051740;4,49385100
230,88243740;4,53871300
230,96435740;4,53871300
231,04627740;4,58372700
231,12819740;4,58372700
231,21011740;4,58372700
231,29203740;4,58372700
231,37395739;4,58372700
231,45587739;4,58372700
231,53779739;4,62874200
231,61971739;4,58372700
231,70163739;4,58372700
231,78355739;4,58372700
231,86547739;4,58372700
231,94739739;4,58372700
232,02931739;4,58372700
232,11123739;4,53871300
232,19315739;4,58372700
232,27507739;4,53871300
232,35699739;4,53871300
232,43891739;4,49385100
232,52083739;4,49385100
232,60275739;4,49385100
232,68467739;4,49385100
232,76659739;4,49385100
232,84851739;4,49385100
232,93043739;4,49385100
233,01235738;4,44883600
233,09427738;4,49385100
233,17619738;4,44883600
233,25811738;4,44883600
233,34003738;4,40397400
233,42195738;4,40397400
233,50387738;4,40397400
233,58579738;4,40397400
233,66771738;4,40397400
233,74963738;4,40397400
233,83155738;4,40397400
233,91347738;4,40397400
233,99539738;4,35895900
234,07731738;4,35895900
234,15923738;4,31409600
234,24115738;4,31409600
234,32307738;4,31409600
234,40499738;4,31409600
234,48691738;4,31409600
234,56883738;4,31409600
234,65075737;4,31409600
234,73267737;4,26908200
234,81459737;4,26908200
234,89651737;4,31409600
234,97843737;4,22406700
235,06035737;4,22406700
235,14227737;4,22406700
235,22419737;4,22406700
235,30611737;4,22406700
235,38803737;4,22406700
235,46995737;4,22406700
235,55187737;4,22406700
235,63379737;4,22406700
235,71571737;4,17920400
235,79763737;4,17920400
235,87955737;4,17920400
235,96147737;4,13419000
236,04339737;4,17920400
236,12531737;4,13419000
236,20723737;4,13419000
236,28915736;4,13419000
236,37107736;4,13419000
236,45299736;4,13419000
236,53491736;4,13419000
236,61683736;4,13419000
236,69875736;4,08932800
236,78067736;4,08932800
236,86259736;4,08932800
236,94451736;4,04431300
237,02643736;4,04431300
237,10835736;4,04431300
237,19027736;4,04431300
237,27219736;4,04431300
237,35411736;4,04431300
237,43603736;4,04431300
237,51795736;3,99929800
237,59987736;4,04431300
237,68179736;3,95443600
237,76371736;3,95443600
237,84563736;3,95443600
237,92755735;3,95443600
238,00947735;3,95443600
238,09139735;3,95443600
238,17331735;3,95443600
238,25523735;3,95443600
238,33715735;3,95443600
238,41907735;3,95443600
238,50099735;3,90942100
238,58291735;3,90942100
238,66483735;3,90942100
238,74675735;3,90942100
238,82867735;3,86455900
238,91059735;3,86455900
238,99251735;3,86455900
239,07443735;3,86455900
239,15635735;3,86455900
239,23827735;3,86455900
239,32019735;3,86455900
239,40211735;3,90942100
239,48403735;3,95443600
239,56595734;3,95443600
239,64787734;4,04431300
239,72979734;4,13419000
239,81171734;4,13419000
239,89363734;4,22406700
239,97555734;4,26908200
240,05747734;4,31409600
240,13939734;4,31409600
240,22131734;4,40397400
240,30323734;4,40397400
240,38515734;4,40397400
240,46707734;4,49385100
240,54899734;4,49385100
240,63091734;4,49385100
240,71283734;4,53871300
240,79475734;4,53871300
240,87667734;4,58372700
240,95859734;4,58372700
241,04051734;4,58372700
241,12243734;4,58372700
241,20435733;4,58372700
241,28627733;4,58372700
241,36819733;4,62874200
241,45011733;4,58372700
241,53203733;4,58372700
241,61395733;4,58372700
241,69587733;4,58372700
241,77779733;4,58372700
241,85971733;4,58372700
241,94163733;4,58372700
242,02355733;4,58372700
242,10547733;4,58372700
242,18739733;4,53871300
242,26931733;4,53871300
242,35123733;4,53871300
242,43315733;4,53871300
242,51507733;4,53871300
242,59699733;4,49385100
242,67891733;4,49385100
242,76083733;4,49385100
242,84275732;4,49385100
242,92467732;4,49385100
243,00659732;4,49385100
243,08851732;4,49385100
243,17043732;4,44883600
243,25235732;4,44883600
243,33427732;4,40397400
243,41619732;4,44883600
243,49811732;4,40397400
243,58003732;4,40397400
243,66195732;4,40397400
243,74387732;4,40397400
243,82579732;4,40397400
243,90771732;4,40397400
243,98963732;4,35895900
244,07155732;4,31409600
244,15347732;4,31409600
244,23539732;4,31409600
244,31731732;4,31409600
244,39923732;4,31409600
244,48115732;4,31409600
244,56307731;4,31409600
244,64499731;4,31409600
244,72691731;4,31409600
244,80883731;4,26908200
244,89075731;4,26908200
244,97267731;4,26908200
245,05459731;4,22406700
245,13651731;4,26908200
245,21843731;4,22406700
245,30035731;4,22406700
245,38227731;4,22406700
245,46419731;4,22406700
245,54611731;4,22406700
245,62803731;4,22406700
245,70995731;4,17920400
245,79187731;4,13419000
245,87379731;4,17920400
245,95571731;4,13419000
246,03763731;4,17920400
246,11955731;4,13419000
246,20147730;4,13419000
246,28339730;4,13419000
246,36531730;4,13419000
246,44723730;4,13419000
246,52915730;4,13419000
246,61107730;4,13419000
246,69299730;4,13419000
246,77491730;4,08932800
246,85683730;4,08932800
246,93875730;4,04431300
247,02067730;4,04431300
247,10259730;4,04431300
247,18451730;4,04431300
247,26643730;4,04431300
247,34835730;4,04431300
247,43027730;4,04431300
247,51219730;4,04431300
247,59411730;3,99929800
247,67603730;4,04431300
247,75795730;3,99929800
247,83987729;3,99929800
247,92179729;3,95443600
248,00371729;3,95443600
248,08563729;3,95443600
248,16755729;3,95443600
248,24947729;3,95443600
248,33139729;3,95443600
248,41331729;3,95443600
248,49523729;3,95443600
248,57715729;3,90942100
248,65907729;3,90942100
248,74099729;3,90942100
248,82291729;3,90942100
248,90483729;3,86455900
248,98675729;3,86455900
249,06867729;3,86455900
249,15059729;3,86455900
249,23251729;3,86455900
249,31443729;3,86455900
249,39635729;3,90942100
249,47827728;3,90942100
249,56019728;3,95443600
249,64211728;4,04431300
249,72403728;4,04431300
249,80595728;4,13419000
249,88787728;4,17920400
249,96979728;4,22406700
250,05171728;4,22406700
250,13363728;4,31409600
250,21555728;4,35895900
250,29747728;4,40397400
250,37939728;4,40397400
250,46131728;4,44883600
250,54323728;4,44883600
250,62515728;4,49385100
250,70707728;4,49385100
250,78899728;4,49385100
250,87091728;4,53871300
250,95283728;4,58372700
251,03475728;4,58372700
251,11667727;4,58372700
251,19859727;4,58372700
251,28051727;4,58372700
251,36243727;4,58372700
251,44435727;4,58372700
251,52627727;4,58372700
251,60819727;4,58372700
251,69011727;4,58372700
251,77203727;4,58372700
251,85395727;4,58372700
251,93587727;4,58372700
252,01779727;4,58372700
252,09971727;4,58372700
252,18163727;4,53871300
252,26355727;4,53871300
252,34547727;4,53871300
252,42739727;4,49385100
252,50931727;4,49385100
252,59123727;4,49385100
252,67315727;4,49385100
252,75507726;4,49385100
252,83699726;4,49385100
252,91891726;4,49385100
253,00083726;4,44883600
253,08275726;4,44883600
253,16467726;4,44883600
253,24659726;4,44883600
253,32851726;4,40397400
253,41043726;4,40397400
253,49235726;4,40397400
253,57427726;4,40397400
253,65619726;4,40397400
253,73811726;4,40397400
253,82003726;4,35895900
253,90195726;4,40397400
253,98387726;4,35895900
254,06579726;4,35895900
254,14771726;4,31409600
254,22963726;4,31409600
254,31155726;4,31409600
254,39347725;4,31409600
254,47539725;4,31409600
254,55731725;4,31409600
254,63923725;4,31409600
254,72115725;4,31409600
254,80307725;4,26908200
254,88499725;4,26908200
254,96691725;4,26908200
255,04883725;4,22406700
255,13075725;4,22406700
255,21267725;4,22406700
255,29459725;4,22406700
255,37651725;4,22406700
255,45843725;4,22406700
255,54035725;4,22406700
255,62227725;4,22406700
255,70419725;4,17920400
255,78611725;4,17920400
255,86803725;4,17920400
255,94995725;4,13419000
256,03187724;4,13419000
256,11379724;4,13419000
256,19571724;4,13419000
256,27763724;4,13419000
256,35955724;4,13419000
256,44147724;4,13419000
256,52339724;4,13419000
256,60531724;4,13419000
256,68723724;4,08932800
256,76915724;4,08932800
256,85107724;4,08932800
256,93299724;4,04431300
257,01491724;4,04431300
257,09683724;4,04431300
257,17875724;4,04431300
257,26067724;4,04431300
257,34259724;4,04431300
257,42451724;4,04431300
257,50643724;4,04431300
257,58835724;3,99929800
257,67027723;3,95443600
257,75219723;3,95443600
257,83411723;3,95443600
257,91603723;3,95443600
257,99795723;3,95443600
258,07987723;3,95443600
258,16179723;3,95443600
258,24371723;3,95443600
258,32563723;3,95443600
258,40755723;3,95443600
258,48947723;3,95443600
258,57139723;3,95443600
258,65331723;3,90942100
258,73523723;3,90942100
258,81715723;3,86455900
258,89907723;3,86455900
258,98099723;3,90942100
259,06291723;3,86455900
259,14483723;3,86455900
259,22675723;3,86455900
259,30867722;3,86455900
259,39059722;3,90942100
259,47251722;3,95443600
259,55443722;3,95443600
259,63635722;4,04431300
259,71827722;4,08932800
259,80019722;4,13419000
259,88211722;4,22406700
259,96403722;4,22406700
260,04595722;4,26908200
260,12787722;4,31409600
260,20979722;4,35895900
260,29171722;4,40397400
260,37363722;4,44883600
260,45555722;4,44883600
260,53747722;4,49385100
260,61939722;4,49385100
260,70131722;4,49385100
260,78323722;4,53871300
260,86515722;4,58372700
260,94707721;4,58372700
261,02899721;4,58372700
261,11091721;4,58372700
261,19283721;4,58372700
261,27475721;4,62874200
261,35667721;4,62874200
261,43859721;4,58372700
261,52051721;4,58372700
261,60243721;4,58372700
261,68435721;4,58372700
261,76627721;4,58372700
261,84819721;4,58372700
261,93011721;4,58372700
262,01203721;4,58372700
262,09395721;4,58372700
262,17587721;4,53871300
262,25779721;4,53871300
262,33971721;4,53871300
262,42163721;4,49385100
262,50355721;4,49385100
262,58547720;4,49385100
262,66739720;4,49385100
262,74931720;4,49385100
262,83123720;4,49385100
262,91315720;4,49385100
262,99507720;4,49385100
263,07699720;4,49385100
263,15891720;4,44883600
263,24083720;4,44883600
263,32275720;4,40397400
263,40467720;4,40397400
263,48659720;4,40397400
263,56851720;4,40397400
263,65043720;4,40397400
263,73235720;4,40397400
263,81427720;4,40397400
263,89619720;4,40397400
263,97811720;4,35895900
264,06003720;4,31409600
264,14195720;4,31409600
264,22387720;4,31409600
264,30579719;4,31409600
264,38771719;4,31409600
264,46963719;4,31409600
264,55155719;4,31409600
264,63347719;4,31409600
264,71539719;4,31409600
264,79731719;4,26908200
264,87923719;4,26908200
264,96115719;4,26908200
265,04307719;4,26908200
265,12499719;4,26908200
265,20691719;4,22406700
265,28883719;4,22406700
265,37075719;4,22406700
265,45267719;4,22406700
265,53459719;4,22406700
265,61651719;4,22406700
265,69843719;4,22406700
265,78035719;4,22406700
265,86227719;4,17920400
265,94419718;4,17920400
266,02611718;4,17920400
266,10803718;4,13419000
266,18995718;4,13419000
266,27187718;4,13419000
266,35379718;4,13419000
266,43571718;4,13419000
266,51763718;4,13419000
266,59955718;4,13419000
266,68147718;4,08932800
266,76339718;4,08932800
266,84531718;4,08932800
266,92723718;4,04431300
267,00915718;4,04431300
267,09107718;4,04431300
267,17299718;4,08932800
267,25491718;4,04431300
267,33683718;4,04431300
267,41875718;4,04431300
267,50067718;4,04431300
267,58259717;4,04431300
267,66451717;3,99929800
267,74643717;3,95443600
267,82835717;3,95443600
267,91027717;3,95443600
267,99219717;3,95443600
268,07411717;3,95443600
268,15603717;3,95443600
268,23795717;3,95443600
268,31987717;3,95443600
268,40179717;3,95443600
268,48371717;3,90942100
268,56563717;3,90942100
268,64755717;3,90942100
268,72947717;3,90942100
268,81139717;3,90942100
268,89331717;3,90942100
268,97523717;3,86455900
269,05715717;3,86455900
269,13907717;3,86455900
269,22099716;3,86455900
269,30291716;3,86455900
269,38483716;3,86455900
269,46675716;3,90942100
269,54867716;3,95443600
269,63059716;3,99929800
269,71251716;4,04431300
269,79443716;4,13419000
269,87635716;4,13419000
269,95827716;4,22406700
270,04019716;4,22406700
270,12211716;4,26908200
270,20403716;4,31409600
270,28595716;4,40397400
270,36787716;4,40397400
270,44979716;4,40397400
270,53171716;4,44883600
270,61363716;4,49385100
270,69555716;4,49385100
270,77747716;4,49385100
270,85939715;4,49385100
270,94131715;4,53871300
271,02323715;4,58372700
271,10515715;4,53871300
271,18707715;4,58372700
271,26899715;4,58372700
271,35091715;4,58372700
271,43283715;4,58372700
271,51475715;4,62874200
271,59667715;4,58372700
271,67859715;4,58372700
271,76051715;4,58372700
271,84243715;4,58372700
271,92435715;4,58372700
272,00627715;4,58372700
272,08819715;4,53871300
272,17011715;4,58372700
272,25203715;4,53871300
272,33395715;4,49385100
272,41587715;4,49385100
272,49779714;4,49385100
272,57971714;4,49385100
272,66163714;4,49385100
272,74355714;4,49385100
272,82547714;4,49385100
272,90739714;4,49385100
272,98931714;4,49385100
273,07123714;4,49385100
273,15315714;4,44883600
273,23507714;4,44883600
273,31699714;4,40397400
273,39891714;4,40397400
273,48083714;4,40397400
273,56275714;4,40397400
273,64467714;4,40397400
273,72659714;4,40397400
273,80851714;4,40397400
273,89043714;4,40397400
273,97235714;4,40397400
274,05427714;4,31409600
274,13619713;4,31409600
274,21811713;4,31409600
274,30003713;4,31409600
274,38195713;4,31409600
274,46387713;4,31409600
274,54579713;4,31409600
274,62771713;4,31409600
274,70963713;4,31409600
274,79155713;4,26908200
274,87347713;4,26908200
274,95539713;4,26908200
275,03731713;4,26908200
275,11923713;4,22406700
275,20115713;4,22406700
275,28307713;4,22406700
275,36499713;4,22406700
275,44691713;4,22406700
275,52883713;4,22406700
275,61075713;4,22406700
275,69267713;4,22406700
275,77459712;4,17920400
275,85651712;4,22406700
275,93843712;4,13419000
276,02035712;4,13419000
276,10227712;4,13419000
276,18419712;4,13419000
276,26611712;4,13419000
276,34803712;4,13419000
276,42995712;4,13419000
276,51187712;4,13419000
276,59379712;4,08932800
276,67571712;4,08932800
276,75763712;4,08932800
276,83955712;4,08932800
276,92147712;4,04431300
277,00339712;4,04431300
277,08531712;4,04431300
277,16723712;4,04431300
277,24915712;4,04431300
277,33107712;4,04431300
277,41299711;4,04431300
277,49491711;4,04431300
277,57683711;3,99929800
277,65875711;3,95443600
277,74067711;3,99929800
277,82259711;3,95443600
277,90451711;3,95443600
277,98643711;3,95443600
278,06835711;3,95443600
278,15027711;3,95443600
278,23219711;3,95443600
278,31411711;3,95443600
278,39603711;3,95443600
278,47795711;3,95443600
278,55987711;3,95443600
278,64179711;3,90942100
278,72371711;3,90942100
278,80563711;3,90942100
278,88755711;3,86455900
278,96947711;3,90942100
279,05139710;3,86455900
279,13331710;3,86455900
279,21523710;3,86455900
279,29715710;3,86455900
279,37907710;3,86455900
279,46099710;3,95443600
279,54291710;3,95443600
279,62483710;4,04431300
279,70675710;4,04431300
279,78867710;4,13419000
279,87059710;4,17920400
279,95251710;4,22406700
280,03443710;4,31409600
280,11635710;4,31409600
280,19827710;4,35895900
280,28019710;4,40397400
280,36211710;4,40397400
280,44403710;4,44883600
280,52595710;4,49385100
280,60787710;4,49385100
280,68979709;4,49385100
280,77171709;4,49385100
280,85363709;4,53871300
280,93555709;4,58372700
281,01747709;4,58372700
281,09939709;4,58372700
281,18131709;4,62874200
281,26323709;4,62874200
281,34515709;4,58372700
281,42707709;4,62874200
281,50899709;4,58372700
281,59091709;4,62874200
281,67283709;4,58372700
281,75475709;4,58372700
281,83667709;4,58372700
281,91859709;4,58372700
282,00051709;4,58372700
282,08243709;4,53871300
282,16435709;4,58372700
282,24627709;4,53871300
282,32819709;4,53871300
282,41011708;4,53871300
282,49203708;4,49385100
282,57395708;4,49385100
282,65587708;4,49385100
282,73779708;4,49385100
282,81971708;4,49385100
282,90163708;4,49385100
282,98355708;4,49385100
283,06547708;4,49385100
283,14739708;4,44883600
283,22931708;4,40397400
283,31123708;4,44883600
283,39315708;4,44883600
283,47507708;4,40397400
283,55699708;4,40397400
283,63891708;4,40397400
283,72083708;4,40397400
283,80275708;4,40397400
283,88467708;4,40397400
283,96659708;4,40397400
284,04851707;4,31409600
284,13043707;4,31409600
284,21235707;4,31409600
284,29427707;4,31409600
284,37619707;4,31409600
284,45811707;4,31409600
284,54003707;4,31409600
284,62195707;4,31409600
284,70387707;4,31409600
284,78579707;4,31409600
284,86771707;4,31409600
284,94963707;4,26908200
285,03155707;4,26908200
285,11347707;4,22406700
285,19539707;4,22406700
285,27731707;4,22406700
285,35923707;4,22406700
285,44115707;4,22406700
285,52307707;4,22406700
285,60499707;4,17920400
285,68691706;4,17920400
285,76883706;4,22406700
285,85075706;4,17920400
285,93267706;4,17920400
286,01459706;4,17920400
286,09651706;4,13419000
286,17843706;4,13419000
286,26035706;4,13419000
286,34227706;4,13419000
286,42419706;4,13419000
286,50611706;4,13419000
286,58803706;4,13419000
286,66995706;4,13419000
286,75187706;4,08932800
286,83379706;4,13419000
286,91571706;4,08932800
286,99763706;4,04431300
287,07955706;4,08932800
287,16147706;4,04431300
287,24339706;4,04431300
287,32531705;4,04431300
287,40723705;4,04431300
287,48915705;4,04431300
287,57107705;4,04431300
287,65299705;4,04431300
287,73491705;4,04431300
287,81683705;3,95443600
287,89875705;3,95443600
287,98067705;3,95443600
288,06259705;3,95443600
288,14451705;3,95443600
288,22643705;3,95443600
288,30835705;3,95443600
288,39027705;3,95443600
288,47219705;3,95443600
288,55411705;3,95443600
288,63603705;3,90942100
288,71795705;3,90942100
288,79987705;3,90942100
288,88179705;3,90942100
288,96371704;3,86455900
289,04563704;3,86455900
289,12755704;3,86455900
289,20947704;3,86455900
289,29139704;3,86455900
289,37331704;3,86455900
289,45523704;3,95443600
289,53715704;3,95443600
289,61907704;3,99929800
289,70099704;4,04431300
289,78291704;4,08932800
289,86483704;4,13419000
289,94675704;4,22406700
290,02867704;4,22406700
290,11059704;4,31409600
290,19251704;4,31409600
290,27443704;4,31409600
290,35635704;4,40397400
290,43827704;4,40397400
290,52019704;4,44883600
290,60211703;4,49385100
290,68403703;4,49385100
290,76595703;4,49385100
290,84787703;4,53871300
290,92979703;4,53871300
291,01171703;4,53871300
291,09363703;4,58372700
291,17555703;4,58372700
291,25747703;4,58372700
291,33939703;4,58372700
291,42131703;4,58372700
291,50323703;4,58372700
291,58515703;4,58372700
291,66707703;4,58372700
291,74899703;4,58372700
291,83091703;4,58372700
291,91283703;4,58372700
291,99475703;4,58372700
292,07667703;4,58372700
292,15859703;4,58372700
292,24051702;4,53871300
292,32243702;4,53871300
292,40435702;4,49385100
292,48627702;4,49385100
292,56819702;4,49385100
292,65011702;4,49385100
292,73203702;4,49385100
292,81395702;4,49385100
292,89587702;4,49385100
292,97779702;4,49385100
293,05971702;4,44883600
293,14163702;4,44883600
293,22355702;4,44883600
293,30547702;4,40397400
293,38739702;4,40397400
293,46931702;4,40397400
293,55123702;4,40397400
293,63315702;4,40397400
293,71507702;4,40397400
293,79699702;4,40397400
293,87891701;4,40397400
293,96083701;4,40397400
294,04275701;4,31409600
294,12467701;4,31409600
294,20659701;4,31409600
294,28851701;4,31409600
294,37043701;4,31409600
294,45235701;4,31409600
294,53427701;4,31409600
294,61619701;4,31409600
294,69811701;4,31409600
294,78003701;4,26908200
294,86195701;4,26908200
294,94387701;4,26908200
295,02579701;4,26908200
295,10771701;4,26908200
295,18963701;4,22406700
295,27155701;4,22406700
295,35347701;4,22406700
295,43539701;4,22406700
295,51731700;4,22406700
295,59923700;4,22406700
295,68115700;4,17920400
295,76307700;4,17920400
295,84499700;4,17920400
295,92691700;4,17920400
296,00883700;4,13419000
296,09075700;4,13419000
296,17267700;4,13419000
296,25459700;4,13419000
296,33651700;4,13419000
296,41843700;4,13419000
296,50035700;4,13419000
296,58227700;4,13419000
296,66419700;4,08932800
296,74611700;4,08932800
296,82803700;4,08932800
296,90995700;4,08932800
296,99187700;4,08932800
297,07379700;4,04431300
297,15571699;4,04431300
297,23763699;4,04431300
297,31955699;4,04431300
297,40147699;4,04431300
297,48339699;4,04431300
297,56531699;4,04431300
297,64723699;4,04431300
297,72915699;3,95443600
297,81107699;3,95443600
297,89299699;3,95443600
297,97491699;3,95443600
298,05683699;3,95443600
298,13875699;3,95443600
298,22067699;3,95443600
298,30259699;3,95443600
298,38451699;3,95443600
298,46643699;3,95443600
298,54835699;3,95443600
298,63027699;3,90942100
298,71219699;3,90942100
298,79411698;3,90942100
298,87603698;3,86455900
298,95795698;3,86455900
299,03987698;3,86455900
299,12179698;3,86455900
299,20371698;3,86455900
299,28563698;3,86455900
299,36755698;3,90942100
299,44947698;3,95443600
299,53139698;3,95443600
299,61331698;4,04431300
299,69523698;4,08932800
299,77715698;4,13419000
299,85907698;4,17920400
299,94099698;4,22406700
300,02291698;4,26908200
300,10483698;4,31409600
300,18675698;4,31409600
300,26867698;4,35895900
300,35059698;4,44883600
300,43251697;4,44883600
300,51443697;4,49385100
300,59635697;4,49385100
300,67827697;4,49385100
300,76019697;4,53871300
300,84211697;4,53871300
300,92403697;4,58372700
301,00595697;4,58372700
301,08787697;4,58372700
301,16979697;4,58372700
301,25171697;4,62874200
301,33363697;4,62874200
301,41555697;4,62874200
301,49747697;4,58372700
301,57939697;4,58372700
301,66131697;4,58372700
301,74323697;4,58372700
301,82515697;4,58372700
301,90707697;4,58372700
301,98899697;4,58372700
302,07091697;4,58372700
302,15283696;4,58372700
302,23475696;4,58372700
302,31667696;4,58372700
302,39859696;4,53871300
302,48051696;4,49385100
302,56243696;4,49385100
302,64435696;4,49385100
302,72627696;4,49385100
302,80819696;4,49385100
302,89011696;4,49385100
302,97203696;4,49385100
303,05395696;4,49385100
303,13587696;4,44883600
303,21779696;4,44883600
303,29971696;4,44883600
303,38163696;4,44883600
303,46355696;4,40397400
303,54547696;4,40397400
303,62739696;4,40397400
303,70931696;4,40397400
303,79123695;4,40397400
303,87315695;4,40397400
303,95507695;4,40397400
304,03699695;4,35895900
304,11891695;4,35895900
304,20083695;4,35895900
304,28275695;4,31409600
304,36467695;4,31409600
304,44659695;4,31409600
304,52851695;4,31409600
304,61043695;4,31409600
304,69235695;4,31409600
304,77427695;4,31409600
304,85619695;4,26908200
304,93811695;4,26908200
305,02003695;4,22406700
305,10195695;4,26908200
305,18387695;4,22406700
305,26579695;4,22406700
305,34771695;4,22406700
305,42963694;4,22406700
305,51155694;4,22406700
305,59347694;4,22406700
305,67539694;4,22406700
305,75731694;4,17920400
305,83923694;4,17920400
305,92115694;4,17920400
306,00307694;4,17920400
306,08499694;4,13419000
306,16691694;4,13419000
306,24883694;4,13419000
306,33075694;4,13419000
306,41267694;4,13419000
306,49459694;4,13419000
306,57651694;4,13419000
306,65843694;4,13419000
306,74035694;4,08932800
306,82227694;4,08932800
306,90419694;4,04431300
306,98611694;4,04431300
307,06803693;4,04431300
307,14995693;4,04431300
307,23187693;4,04431300
307,31379693;4,04431300
307,39571693;4,04431300
307,47763693;4,04431300
307,55955693;4,04431300
307,64147693;4,04431300
307,72339693;3,99929800
307,80531693;3,95443600
307,88723693;3,95443600
307,96915693;3,95443600
308,05107693;3,95443600
308,13299693;3,95443600
308,21491693;3,95443600
308,29683693;3,95443600
308,37875693;3,95443600
308,46067693;3,95443600
308,54259693;3,95443600
308,62451693;3,95443600
308,70643692;3,90942100
308,78835692;3,90942100
308,87027692;3,86455900
308,95219692;3,90942100
309,03411692;3,86455900
309,11603692;3,86455900
309,19795692;3,86455900
309,27987692;3,86455900
309,36179692;3,86455900
309,44371692;3,90942100
309,52563692;3,95443600
309,60755692;3,95443600
309,68947692;4,04431300
309,77139692;4,08932800
309,85331692;4,13419000
309,93523692;4,17920400
310,01715692;4,22406700
310,09907692;4,31409600
310,18099692;4,31409600
310,26291692;4,31409600
310,34483691;4,40397400
310,42675691;4,40397400
310,50867691;4,44883600
310,59059691;4,44883600
310,67251691;4,49385100
310,75443691;4,49385100
310,83635691;4,49385100
310,91827691;4,53871300
311,00019691;4,58372700
311,08211691;4,58372700
311,16403691;4,58372700
311,24595691;4,58372700
311,32787691;4,58372700
311,40979691;4,58372700
311,49171691;4,58372700
311,57363691;4,58372700
311,65555691;4,58372700
311,73747691;4,58372700
311,81939691;4,58372700
311,90131691;4,58372700
311,98323690;4,58372700
312,06515690;4,58372700
312,14707690;4,53871300
312,22899690;4,53871300
312,31091690;4,58372700
312,39283690;4,53871300
312,47475690;4,53871300
312,55667690;4,49385100
312,63859690;4,49385100
312,72051690;4,49385100
312,80243690;4,49385100
312,88435690;4,49385100
312,96627690;4,44883600
313,04819690;4,44883600
313,13011690;4,44883600
313,21203690;4,44883600
313,29395690;4,44883600
313,37587690;4,40397400
313,45779690;4,40397400
313,53971690;4,40397400
313,62163689;4,40397400
313,70355689;4,40397400
313,78547689;4,40397400
313,86739689;4,40397400
313,94931689;4,40397400
314,03123689;4,35895900
314,11315689;4,31409600
314,19507689;4,31409600
314,27699689;4,31409600
314,35891689;4,31409600
314,44083689;4,31409600
314,52275689;4,31409600
314,60467689;4,31409600
314,68659689;4,31409600
314,76851689;4,26908200
314,85043689;4,26908200
314,93235689;4,26908200
315,01427689;4,26908200
315,09619689;4,26908200
315,17811689;4,22406700
315,26003688;4,22406700
315,34195688;4,22406700
315,42387688;4,22406700
315,50579688;4,22406700
315,58771688;4,22406700
315,66963688;4,22406700
315,75155688;4,22406700
315,83347688;4,17920400
315,91539688;4,13419000
315,99731688;4,13419000
316,07923688;4,13419000
316,16115688;4,13419000
316,24307688;4,13419000
316,32499688;4,13419000
316,40691688;4,13419000
316,48883688;4,08932800
316,57075688;4,13419000
316,65267688;4,08932800
316,73459688;4,13419000
316,81651688;4,08932800
316,89843687;4,08932800
316,98035687;4,08932800
317,06227687;4,04431300
317,14419687;4,04431300
317,22611687;4,04431300
317,30803687;4,04431300
317,38995687;4,04431300
317,47187687;4,04431300
317,55379687;3,99929800
317,63571687;3,99929800
317,71763687;3,99929800
317,79955687;3,95443600
317,88147687;3,99929800
317,96339687;3,95443600
318,04531687;3,95443600
318,12723687;3,95443600
318,20915687;3,95443600
318,29107687;3,95443600
318,37299687;3,95443600
318,45491687;3,95443600
318,53683686;3,90942100
318,61875686;3,90942100
318,70067686;3,90942100
318,78259686;3,90942100
318,86451686;3,86455900
318,94643686;3,86455900
319,02835686;3,86455900
319,11027686;3,86455900
319,19219686;3,86455900
319,27411686;3,86455900
319,35603686;3,90942100
319,43795686;3,95443600
319,51987686;3,95443600
319,60179686;4,04431300
319,68371686;4,04431300
319,76563686;4,13419000
319,84755686;4,17920400
319,92947686;4,22406700
320,01139686;4,26908200
320,09331686;4,31409600
320,17523685;4,31409600
320,25715685;4,40397400
320,33907685;4,40397400
320,42099685;4,44883600
320,50291685;4,49385100
320,58483685;4,49385100
320,66675685;4,49385100
320,74867685;4,49385100
320,83059685;4,53871300
320,91251685;4,53871300
320,99443685;4,58372700
321,07635685;4,58372700
321,15827685;4,58372700
321,24019685;4,58372700
321,32211685;4,62874200
321,40403685;4,58372700
321,48595685;4,58372700
321,56787685;4,58372700
321,64979685;4,62874200
321,73171685;4,58372700
321,81363685;4,58372700
321,89555684;4,58372700
321,97747684;4,58372700
322,05939684;4,58372700
322,14131684;4,58372700
322,22323684;4,58372700
322,30515684;4,58372700
322,38707684;4,49385100
322,46899684;4,49385100
322,55091684;4,49385100
322,63283684;4,49385100
322,71475684;4,49385100
322,79667684;4,49385100
322,87859684;4,49385100
322,96051684;4,49385100
323,04243684;4,44883600
323,12435684;4,44883600
323,20627684;4,44883600
323,28819684;4,44883600
323,37011684;4,40397400
323,45203684;4,40397400
323,53395683;4,40397400
323,61587683;4,40397400
323,69779683;4,40397400
323,77971683;4,40397400
323,86163683;4,40397400
323,94355683;4,35895900
324,02547683;4,35895900
324,10739683;4,31409600
324,18931683;4,31409600
324,27123683;4,31409600
324,35315683;4,31409600
324,43507683;4,31409600
324,51699683;4,31409600
324,59891683;4,31409600
324,68083683;4,31409600
324,76275683;4,31409600
324,84467683;4,26908200
324,92659683;4,26908200
325,00851683;4,26908200
325,09043683;4,26908200
325,17235682;4,22406700
325,25427682;4,22406700
325,33619682;4,22406700
325,41811682;4,22406700
325,50003682;4,22406700
325,58195682;4,22406700
325,66387682;4,22406700
325,74579682;4,17920400
325,82771682;4,17920400
325,90963682;4,13419000
325,99155682;4,17920400
326,07347682;4,17920400
326,15539682;4,13419000
326,23731682;4,13419000
326,31923682;4,13419000
326,40115682;4,13419000
326,48307682;4,13419000
326,56499682;4,13419000
326,64691682;4,08932800
326,72883682;4,08932800
326,81075681;4,08932800
326,89267681;4,08932800
326,97459681;4,08932800
327,05651681;4,04431300
327,13843681;4,08932800
327,22035681;4,04431300
327,30227681;4,04431300
327,38419681;4,04431300
327,46611681;4,04431300
327,54803681;3,99929800
327,62995681;3,99929800
327,71187681;3,99929800
327,79379681;3,95443600
327,87571681;3,95443600
327,95763681;3,95443600
328,03955681;3,95443600
328,12147681;3,95443600
328,20339681;3,95443600
328,28531681;3,95443600
328,36723681;3,95443600
328,44915680;3,95443600
328,53107680;3,95443600
328,61299680;3,90942100
328,69491680;3,95443600
328,77683680;3,90942100
328,85875680;3,90942100
328,94067680;3,90942100
329,02259680;3,86455900
329,10451680;3,86455900
329,18643680;3,86455900
329,26835680;3,86455900
329,35027680;3,86455900
329,43219680;3,90942100
329,51411680;3,95443600
329,59603680;3,95443600
329,67795680;4,04431300
329,75987680;4,04431300
329,84179680;4,13419000
329,92371680;4,17920400
330,00563680;4,22406700
330,08755679;4,26908200
330,16947679;4,31409600
330,25139679;4,35895900
330,33331679;4,40397400
330,41523679;4,40397400
330,49715679;4,44883600
330,57907679;4,49385100
330,66099679;4,49385100
330,74291679;4,49385100
330,82483679;4,53871300
330,90675679;4,53871300
330,98867679;4,53871300
331,07059679;4,58372700
331,15251679;4,58372700
331,23443679;4,58372700
331,31635679;4,58372700
331,39827679;4,58372700
331,48019679;4,58372700
331,56211679;4,58372700
331,64403679;4,58372700
331,72595678;4,58372700
331,80787678;4,58372700
331,88979678;4,58372700
331,97171678;4,58372700
332,05363678;4,58372700
332,13555678;4,53871300
332,21747678;4,58372700
332,29939678;4,53871300
332,38131678;4,53871300
332,46323678;4,49385100
332,54515678;4,49385100
332,62707678;4,49385100
332,70899678;4,49385100
332,79091678;4,49385100
332,87283678;4,49385100
332,95475678;4,49385100
333,03667678;4,49385100
333,11859678;4,44883600
333,20051678;4,44883600
333,28243678;4,44883600
333,36435677;4,44883600
333,44627677;4,40397400
333,52819677;4,40397400
333,61011677;4,40397400
333,69203677;4,40397400
333,77395677;4,40397400
333,85587677;4,40397400
333,93779677;4,35895900
334,01971677;4,40397400
334,10163677;4,31409600
334,18355677;4,31409600
334,26547677;4,31409600
334,34739677;4,31409600
334,42931677;4,31409600
334,51123677;4,31409600
334,59315677;4,31409600
334,67507677;4,31409600
334,75699677;4,26908200
334,83891677;4,26908200
334,92083677;4,26908200
335,00275676;4,26908200
335,08467676;4,26908200
335,16659676;4,22406700
335,24851676;4,22406700
335,33043676;4,22406700
335,41235676;4,22406700
335,49427676;4,22406700
335,57619676;4,22406700
335,65811676;4,17920400
335,74003676;4,17920400
335,82195676;4,17920400
335,90387676;4,17920400
335,98579676;4,13419000
336,06771676;4,17920400
336,14963676;4,13419000
336,23155676;4,13419000
336,31347676;4,13419000
336,39539676;4,13419000
336,47731676;4,13419000
336,55923676;4,13419000
336,64115675;4,08932800
336,72307675;4,13419000
336,80499675;4,08932800
336,88691675;4,08932800
336,96883675;4,08932800
337,05075675;4,04431300
337,13267675;4,04431300
337,21459675;4,04431300
337,29651675;4,04431300
337,37843675;4,04431300
337,46035675;4,04431300
337,54227675;4,04431300
337,62419675;3,99929800
337,70611675;3,99929800
337,78803675;3,95443600
337,86995675;3,95443600
337,95187675;3,95443600
338,03379675;3,95443600
338,11571675;3,95443600
338,19763675;3,95443600
338,27955674;3,95443600
338,36147674;3,95443600
338,44339674;3,95443600
338,52531674;3,90942100
338,60723674;3,90942100
338,68915674;3,95443600
338,77107674;3,90942100
338,85299674;3,90942100
338,93491674;3,90942100
339,01683674;3,86455900
339,09875674;3,86455900
339,18067674;3,86455900
339,26259674;3,90942100
339,34451674;3,90942100
339,42643674;3,90942100
339,50835674;3,95443600
339,59027674;3,99929800
339,67219674;4,04431300
339,75411674;4,08932800
339,83603674;4,13419000
339,91795674;4,22406700
339,99987673;4,26908200
340,08179673;4,31409600
340,16371673;4,31409600
340,24563673;4,40397400
340,32755673;4,40397400
340,40947673;4,44883600
340,49139673;4,49385100
340,57331673;4,49385100
340,65523673;4,49385100
340,73715673;4,49385100
340,81907673;4,53871300
340,90099673;4,58372700
340,98291673;4,58372700
341,06483673;4,58372700
341,14675673;4,58372700
341,22867673;4,58372700
341,31059673;4,58372700
341,39251673;4,58372700
341,47443673;4,58372700
341,55635673;4,58372700
341,63827672;4,58372700
341,72019672;4,58372700
341,80211672;4,58372700
341,88403672;4,58372700
341,96595672;4,58372700
342,04787672;4,58372700
342,12979672;4,58372700
342,21171672;4,53871300
342,29363672;4,53871300
342,37555672;4,53871300
342,45747672;4,53871300
342,53939672;4,49385100
342,62131672;4,49385100
342,70323672;4,49385100
342,78515672;4,49385100
342,86707672;4,49385100
342,94899672;4,49385100
343,03091672;4,49385100
343,11283672;4,44883600
343,19475672;4,44883600
343,27667671;4,44883600
343,35859671;4,40397400
343,44051671;4,40397400
343,52243671;4,40397400
343,60435671;4,40397400
343,68627671;4,40397400
343,76819671;4,40397400
343,85011671;4,40397400
343,93203671;4,35895900
344,01395671;4,35895900
344,09587671;4,31409600
344,17779671;4,31409600
344,25971671;4,31409600
344,34163671;4,31409600
344,42355671;4,31409600
344,50547671;4,31409600
344,58739671;4,31409600
344,66931671;4,31409600
344,75123671;4,26908200
344,83315671;4,26908200
344,91507670;4,26908200
344,99699670;4,26908200
345,07891670;4,22406700
345,16083670;4,22406700
345,24275670;4,22406700
345,32467670;4,22406700
345,40659670;4,22406700
345,48851670;4,22406700
345,57043670;4,22406700
345,65235670;4,17920400
345,73427670;4,22406700
345,81619670;4,17920400
345,89811670;4,17920400
345,98003670;4,13419000
346,06195670;4,13419000
346,14387670;4,13419000
346,22579670;4,13419000
346,30771670;4,13419000
346,38963670;4,13419000
346,47155670;4,13419000
346,55347669;4,13419000
346,63539669;4,13419000
346,71731669;4,08932800
346,79923669;4,08932800
346,88115669;4,08932800
346,96307669;4,04431300
347,04499669;4,04431300
347,12691669;4,04431300
347,20883669;4,04431300
347,29075669;4,04431300
347,37267669;4,04431300
347,45459669;4,04431300
347,53651669;3,99929800
347,61843669;3,99929800
347,70035669;3,99929800
347,78227669;3,95443600
347,86419669;3,95443600
347,94611669;3,95443600
348,02803669;3,95443600
348,10995669;3,95443600
348,19187668;3,95443600
348,27379668;3,95443600
348,35571668;3,95443600
348,43763668;3,95443600
348,51955668;3,90942100
348,60147668;3,90942100
348,68339668;3,90942100
348,76531668;3,90942100
348,84723668;3,86455900
348,92915668;3,86455900
349,01107668;3,86455900
349,09299668;3,86455900
349,17491668;3,86455900
349,25683668;3,86455900
349,33875668;3,86455900
349,42067668;3,86455900
349,50259668;3,95443600
349,58451668;3,95443600
349,66643668;3,99929800
349,74835668;4,04431300
349,83027667;4,13419000
349,91219667;4,17920400
349,99411667;4,22406700
350,07603667;4,26908200
350,15795667;4,31409600
350,23987667;4,31409600
350,32179667;4,40397400
350,40371667;4,40397400
350,48563667;4,40397400
350,56755667;4,44883600
350,64947667;4,49385100
350,73139667;4,49385100
350,81331667;4,49385100
350,89523667;4,53871300
350,97715667;4,53871300
351,05907667;4,53871300
351,14099667;4,58372700
351,22291667;4,62874200
351,30483667;4,58372700
351,38675667;4,58372700
351,46867666;4,58372700
351,55059666;4,58372700
351,63251666;4,58372700
351,71443666;4,58372700
351,79635666;4,58372700
351,87827666;4,58372700
351,96019666;4,58372700
352,04211666;4,58372700
352,12403666;4,58372700
352,20595666;4,53871300
352,28787666;4,58372700
352,36979666;4,53871300
352,45171666;4,53871300
352,53363666;4,53871300
352,61555666;4,49385100
352,69747666;4,49385100
352,77939666;4,49385100
352,86131666;4,49385100
352,94323666;4,49385100
353,02515666;4,44883600
353,10707665;4,49385100
353,18899665;4,44883600
353,27091665;4,44883600
353,35283665;4,40397400
353,43475665;4,40397400
353,51667665;4,40397400
353,59859665;4,40397400
353,68051665;4,40397400
353,76243665;4,40397400
353,84435665;4,40397400
353,92627665;4,35895900
354,00819665;4,35895900
354,09011665;4,35895900
354,17203665;4,31409600
354,25395665;4,31409600
354,33587665;4,31409600
354,41779665;4,31409600
354,49971665;4,31409600
354,58163665;4,31409600
354,66355665;4,31409600
354,74547664;4,31409600
354,82739664;4,26908200
354,90931664;4,26908200
354,99123664;4,26908200
355,07315664;4,22406700
355,15507664;4,26908200
355,23699664;4,22406700
355,31891664;4,22406700
355,40083664;4,22406700
355,48275664;4,22406700
355,56467664;4,22406700
355,64659664;4,17920400
355,72851664;4,22406700
355,81043664;4,22406700
355,89235664;4,17920400
355,97427664;4,13419000
356,05619664;4,17920400
356,13811664;4,13419000
356,22003664;4,13419000
356,30195664;4,13419000
356,38387663;4,13419000
356,46579663;4,13419000
356,54771663;4,13419000
356,62963663;4,13419000
356,71155663;4,08932800
356,79347663;4,08932800
356,87539663;4,04431300
356,95731663;4,04431300
357,03923663;4,04431300
357,12115663;4,04431300
357,20307663;4,04431300
357,28499663;4,04431300
357,36691663;4,04431300
357,44883663;4,04431300
357,53075663;4,04431300
357,61267663;4,04431300
357,69459663;3,95443600
357,77651663;3,95443600
357,85843663;3,95443600
357,94035663;3,95443600
358,02227662;3,95443600
358,10419662;3,95443600
358,18611662;3,95443600
358,26803662;3,95443600
358,34995662;3,95443600
358,43187662;3,95443600
358,51379662;3,95443600
358,59571662;3,90942100
358,67763662;3,90942100
358,75955662;3,90942100
358,84147662;3,90942100
358,92339662;3,86455900
359,00531662;3,86455900
359,08723662;3,86455900
359,16915662;3,86455900
359,25107662;3,86455900
359,33299662;3,86455900
359,41491662;3,90942100
359,49683662;3,95443600
359,57875662;3,95443600
359,66067662;4,04431300
359,74259661;4,08932800
359,82451661;4,13419000
359,90643661;4,17920400
359,98835661;4,22406700
360,07027661;4,31409600
360,15219661;4,31409600
360,23411661;4,35895900
360,31603661;4,40397400
360,39795661;4,40397400
360,47987661;4,49385100
360,56179661;4,49385100
360,64371661;4,49385100
360,72563661;4,49385100
360,80755661;4,53871300
360,88947661;4,58372700
360,97139661;4,58372700
361,05331661;4,58372700
361,13523661;4,58372700
361,21715661;4,62874200
361,29907661;4,62874200
361,38099660;4,58372700
361,46291660;4,62874200
361,54483660;4,58372700
361,62675660;4,62874200
361,70867660;4,62874200
361,79059660;4,58372700
361,87251660;4,58372700
361,95443660;4,58372700
362,03635660;4,58372700
362,11827660;4,58372700
362,20019660;4,58372700
362,28211660;4,58372700
362,36403660;4,53871300
362,44595660;4,49385100
362,52787660;4,49385100
362,60979660;4,49385100
362,69171660;4,49385100
362,77363660;4,49385100
362,85555660;4,49385100
362,93747660;4,49385100
363,01939659;4,49385100
363,10131659;4,44883600
363,18323659;4,44883600
363,26515659;4,44883600
363,34707659;4,44883600
363,42899659;4,40397400
363,51091659;4,40397400
363,59283659;4,40397400
363,67475659;4,40397400
363,75667659;4,40397400
363,83859659;4,40397400
363,92051659;4,40397400
364,00243659;4,40397400
364,08435659;4,35895900
364,16627659;4,31409600
364,24819659;4,31409600
364,33011659;4,31409600
364,41203659;4,31409600
364,49395659;4,31409600
364,57587659;4,31409600
364,65779658;4,31409600
364,73971658;4,31409600
364,82163658;4,31409600
364,90355658;4,26908200
364,98547658;4,26908200
365,06739658;4,26908200
365,14931658;4,26908200
365,23123658;4,26908200
365,31315658;4,22406700
365,39507658;4,22406700
365,47699658;4,22406700
365,55891658;4,22406700
365,64083658;4,22406700
365,72275658;4,22406700
365,80467658;4,17920400
365,88659658;4,17920400
365,96851658;4,17920400
366,05043658;4,17920400
366,13235658;4,13419000
366,21427658;4,13419000
366,29619657;4,13419000
366,37811657;4,13419000
366,46003657;4,13419000
366,54195657;4,13419000
366,62387657;4,13419000
366,70579657;4,08932800
366,78771657;4,08932800
366,86963657;4,08932800
366,95155657;4,08932800
367,03347657;4,08932800
367,11539657;4,04431300
367,19731657;4,04431300
367,27923657;4,04431300
367,36115657;4,04431300
367,44307657;4,04431300
367,52499657;4,04431300
367,60691657;4,04431300
367,68883657;4,04431300
367,77075657;3,99929800
367,85267657;3,95443600
367,93459656;3,95443600
368,01651656;3,95443600
368,09843656;3,95443600
368,18035656;3,95443600
368,26227656;3,95443600
368,34419656;3,95443600
368,42611656;3,95443600
368,50803656;3,90942100
368,58995656;3,90942100
368,67187656;3,95443600
368,75379656;3,90942100
368,83571656;3,90942100
368,91763656;3,86455900
368,99955656;3,90942100
369,08147656;3,86455900
369,16339656;3,86455900
369,24531656;3,86455900
369,32723656;3,86455900
369,40915656;3,90942100
369,49107656;3,90942100
369,57299655;3,95443600
369,65491655;3,95443600
369,73683655;4,04431300
369,81875655;4,08932800
369,90067655;4,13419000
369,98259655;4,22406700
370,06451655;4,22406700
370,14643655;4,31409600
370,22835655;4,31409600
370,31027655;4,35895900
370,39219655;4,40397400
370,47411655;4,40397400
370,55603655;4,44883600
370,63795655;4,49385100
370,71987655;4,49385100
370,80179655;4,49385100
370,88371655;4,53871300
370,96563655;4,53871300
371,04755655;4,53871300
371,12947655;4,58372700
371,21139654;4,58372700
371,29331654;4,62874200
371,37523654;4,58372700
371,45715654;4,58372700
371,53907654;4,62874200
371,62099654;4,58372700
371,70291654;4,58372700
371,78483654;4,58372700
371,86675654;4,58372700
371,94867654;4,58372700
372,03059654;4,58372700
372,11251654;4,58372700
372,19443654;4,58372700
372,27635654;4,53871300
372,35827654;4,53871300
372,44019654;4,49385100
372,52211654;4,49385100
372,60403654;4,49385100
372,68595654;4,49385100
372,76787654;4,49385100
372,84979653;4,49385100
372,93171653;4,49385100
373,01363653;4,49385100
373,09555653;4,49385100
373,17747653;4,44883600
373,25939653;4,44883600
373,34131653;4,40397400
373,42323653;4,44883600
373,50515653;4,40397400
373,58707653;4,40397400
373,66899653;4,40397400
373,75091653;4,40397400
373,83283653;4,40397400
373,91475653;4,40397400
373,99667653;4,35895900
374,07859653;4,35895900
374,16051653;4,35895900
374,24243653;4,31409600
374,32435653;4,31409600
374,40627653;4,31409600
374,48819652;4,31409600
374,57011652;4,31409600
374,65203652;4,31409600
374,73395652;4,31409600
374,81587652;4,26908200
374,89779652;4,26908200
374,97971652;4,26908200
375,06163652;4,26908200
375,14355652;4,26908200
375,22547652;4,22406700
375,30739652;4,22406700
375,38931652;4,22406700
375,47123652;4,22406700
375,55315652;4,22406700
375,63507652;4,22406700
375,71699652;4,22406700
375,79891652;4,17920400
375,88083652;4,13419000
375,96275652;4,17920400
376,04467652;4,13419000
376,12659651;4,13419000
376,20851651;4,13419000
376,29043651;4,13419000
376,37235651;4,13419000
376,45427651;4,13419000
376,53619651;4,13419000
376,61811651;4,08932800
376,70003651;4,13419000
376,78195651;4,08932800
376,86387651;4,08932800
376,94579651;4,04431300
377,02771651;4,04431300
377,10963651;4,04431300
377,19155651;4,04431300
377,27347651;4,04431300
377,35539651;4,04431300
377,43731651;4,04431300
377,51923651;3,99929800
377,60115651;3,99929800
377,68307651;3,99929800
377,76499650;3,99929800
377,84691650;3,95443600
377,92883650;3,99929800
378,01075650;3,95443600
378,09267650;3,95443600
378,17459650;3,95443600
378,25651650;3,95443600
378,33843650;3,95443600
378,42035650;3,95443600
378,50227650;3,90942100
378,58419650;3,90942100
378,66611650;3,90942100
378,74803650;3,90942100
378,82995650;3,90942100
378,91187650;3,90942100
378,99379650;3,86455900
379,07571650;3,86455900
379,15763650;3,86455900
379,23955650;3,86455900
379,32147650;3,86455900
379,40339650;3,90942100
379,48531649;3,95443600
379,56723649;3,95443600
379,64915649;4,04431300
379,73107649;4,04431300
379,81299649;4,13419000
379,89491649;4,17920400
379,97683649;4,22406700
380,05875649;4,26908200
380,14067649;4,31409600
380,22259649;4,35895900
380,30451649;4,40397400
380,38643649;4,40397400
380,46835649;4,44883600
380,55027649;4,49385100
380,63219649;4,49385100
380,71411649;4,49385100
380,79603649;4,53871300
380,87795649;4,58372700
380,95987649;4,58372700
381,04179649;4,58372700
381,12371648;4,58372700
381,20563648;4,58372700
381,28755648;4,58372700
381,36947648;4,62874200
381,45139648;4,58372700
381,53331648;4,62874200
381,61523648;4,58372700
381,69715648;4,58372700
381,77907648;4,58372700
381,86099648;4,58372700
381,94291648;4,58372700
382,02483648;4,58372700
382,10675648;4,58372700
382,18867648;4,58372700
382,27059648;4,53871300
382,35251648;4,53871300
382,43443648;4,53871300
382,51635648;4,49385100
382,59827648;4,49385100
382,68019648;4,49385100
382,76211647;4,49385100
382,84403647;4,49385100
382,92595647;4,49385100
383,00787647;4,49385100
383,08979647;4,44883600
383,17171647;4,44883600
383,25363647;4,49385100
383,33555647;4,44883600
383,41747647;4,44883600
383,49939647;4,40397400
383,58131647;4,40397400
383,66323647;4,40397400
383,74515647;4,40397400
383,82707647;4,40397400
383,90899647;4,40397400
383,99091647;4,35895900
384,07283647;4,35895900
384,15475647;4,31409600
384,23667647;4,31409600
384,31859647;4,31409600
384,40051646;4,31409600
384,48243646;4,31409600
384,56435646;4,31409600
384,64627646;4,31409600
384,72819646;4,31409600
384,81011646;4,26908200
384,89203646;4,26908200
384,97395646;4,26908200
385,05587646;4,22406700
385,13779646;4,26908200
385,21971646;4,22406700
385,30163646;4,22406700
385,38355646;4,22406700
385,46547646;4,22406700
385,54739646;4,22406700
385,62931646;4,22406700
385,71123646;4,22406700
385,79315646;4,17920400
385,87507646;4,17920400
385,95699646;4,17920400
386,03891645;4,13419000
386,12083645;4,13419000
386,20275645;4,13419000
386,28467645;4,13419000
386,36659645;4,13419000
386,44851645;4,13419000
386,53043645;4,13419000
386,61235645;4,13419000
386,69427645;4,08932800
386,77619645;4,08932800
386,85811645;4,08932800
386,94003645;4,08932800
387,02195645;4,08932800
387,10387645;4,08932800
387,18579645;4,04431300
387,26771645;4,04431300
387,34963645;4,04431300
387,43155645;4,04431300
387,51347645;4,04431300
387,59539645;3,99929800
387,67731644;3,99929800
387,75923644;3,99929800
387,84115644;3,99929800
387,92307644;3,95443600
388,00499644;3,95443600
388,08691644;3,95443600
388,16883644;3,95443600
388,25075644;3,95443600
388,33267644;3,95443600
388,41459644;3,95443600
388,49651644;3,90942100
388,57843644;3,90942100
388,66035644;3,90942100
388,74227644;3,90942100
388,82419644;3,90942100
388,90611644;3,86455900
388,98803644;3,90942100
389,06995644;3,86455900
389,15187644;3,86455900
389,23379644;3,86455900
389,31571643;3,86455900
389,39763643;3,86455900
389,47955643;3,90942100
389,56147643;3,95443600
389,64339643;3,95443600
389,72531643;4,04431300
389,80723643;4,08932800
389,88915643;4,13419000
389,97107643;4,17920400
390,05299643;4,22406700
390,13491643;4,31409600
390,21683643;4,31409600
390,29875643;4,35895900
390,38067643;4,40397400
390,46259643;4,40397400
390,54451643;4,44883600
390,62643643;4,49385100
390,70835643;4,49385100
390,79027643;4,49385100
390,87219643;4,49385100
390,95411642;4,53871300
391,03603642;4,53871300
391,11795642;4,58372700
391,19987642;4,58372700
391,28179642;4,58372700
391,36371642;4,58372700
391,44563642;4,62874200
391,52755642;4,58372700
391,60947642;4,58372700
391,69139642;4,58372700
391,77331642;4,58372700
391,85523642;4,58372700
391,93715642;4,58372700
392,01907642;4,58372700
392,10099642;4,58372700
392,18291642;4,53871300
392,26483642;4,53871300
392,34675642;4,49385100
392,42867642;4,53871300
392,51059642;4,49385100
392,59251641;4,49385100
392,67443641;4,49385100
392,75635641;4,49385100
392,83827641;4,49385100
392,92019641;4,49385100
393,00211641;4,49385100
393,08403641;4,44883600
393,16595641;4,44883600
393,24787641;4,44883600
393,32979641;4,44883600
393,41171641;4,44883600
393,49363641;4,40397400
393,57555641;4,40397400
393,65747641;4,40397400
393,73939641;4,40397400
393,82131641;4,40397400
393,90323641;4,35895900
393,98515641;4,35895900
394,06707641;4,35895900
394,14899641;4,35895900
394,23091640;4,31409600
394,31283640;4,31409600
394,39475640;4,31409600
394,47667640;4,31409600
394,55859640;4,31409600
394,64051640;4,31409600
394,72243640;4,31409600
394,80435640;4,31409600
394,88627640;4,31409600
394,96819640;4,26908200
395,05011640;4,26908200
395,13203640;4,26908200
395,21395640;4,22406700
395,29587640;4,22406700
395,37779640;4,22406700
395,45971640;4,22406700
395,54163640;4,22406700
395,62355640;4,22406700
395,70547640;4,22406700
395,78739640;4,17920400
395,86931639;4,17920400
395,95123639;4,13419000
396,03315639;4,13419000
396,11507639;4,13419000
396,19699639;4,13419000
396,27891639;4,13419000
396,36083639;4,13419000
396,44275639;4,13419000
396,52467639;4,13419000
396,60659639;4,13419000
396,68851639;4,13419000
396,77043639;4,08932800
396,85235639;4,04431300
396,93427639;4,08932800
397,01619639;4,04431300
397,09811639;4,04431300
397,18003639;4,04431300
397,26195639;4,04431300
397,34387639;4,04431300
397,42579639;4,04431300
397,50771639;4,04431300
397,58963638;4,04431300
397,67155638;4,04431300
397,75347638;3,99929800
397,83539638;3,95443600
397,91731638;3,95443600
397,99923638;3,95443600
398,08115638;3,95443600
398,16307638;3,95443600
398,24499638;3,95443600
398,32691638;3,95443600
398,40883638;3,95443600
398,49075638;3,95443600
398,57267638;3,86455900
398,65459638;3,90942100
398,73651638;3,90942100
398,81843638;3,90942100
398,90035638;3,90942100
398,98227638;3,86455900
399,06419638;3,86455900
399,14611638;3,86455900
399,22803637;3,86455900
399,30995637;3,86455900
399,39187637;3,90942100
399,47379637;3,95443600
399,55571637;3,95443600
399,63763637;3,99929800
399,71955637;4,08932800
399,80147637;4,13419000
399,88339637;4,17920400
399,96531637;4,22406700
400,04723637;4,26908200
400,12915637;4,31409600
400,21107637;4,35895900
400,29299637;4,40397400
400,37491637;4,40397400
400,45683637;4,44883600
400,53875637;4,49385100
400,62067637;4,49385100
400,70259637;4,49385100
400,78451637;4,53871300
400,86643636;4,53871300
400,94835636;4,58372700
401,03027636;4,58372700
401,11219636;4,58372700
401,19411636;4,58372700
401,27603636;4,62874200
401,35795636;4,58372700
401,43987636;4,62874200
401,52179636;4,62874200
401,60371636;4,58372700
401,68563636;4,58372700
401,76755636;4,58372700
401,84947636;4,58372700
401,93139636;4,58372700
402,01331636;4,58372700
402,09523636;4,58372700
402,17715636;4,58372700
402,25907636;4,53871300
402,34099636;4,53871300
402,42291636;4,49385100
402,50483635;4,49385100
402,58675635;4,53871300
402,66867635;4,49385100
402,75059635;4,49385100
402,83251635;4,49385100
402,91443635;4,49385100
402,99635635;4,49385100
403,07827635;4,49385100
403,16019635;4,49385100
403,24211635;4,44883600
403,32403635;4,44883600
403,40595635;4,44883600
403,48787635;4,40397400
403,56979635;4,40397400
403,65171635;4,40397400
403,73363635;4,40397400
403,81555635;4,40397400
403,89747635;4,40397400
403,97939635;4,40397400
404,06131635;4,35895900
404,14323634;4,31409600
404,22515634;4,31409600
404,30707634;4,31409600
404,38899634;4,31409600
404,47091634;4,31409600
404,55283634;4,31409600
404,63475634;4,31409600
404,71667634;4,31409600
404,79859634;4,26908200
404,88051634;4,26908200
404,96243634;4,26908200
405,04435634;4,26908200
405,12627634;4,22406700
405,20819634;4,26908200
405,29011634;4,22406700
405,37203634;4,22406700
405,45395634;4,22406700
405,53587634;4,22406700
405,61779634;4,22406700
405,69971634;4,22406700
405,78163633;4,17920400
405,86355633;4,17920400
405,94547633;4,17920400
406,02739633;4,13419000
406,10931633;4,13419000
406,19123633;4,13419000
406,27315633;4,13419000
406,35507633;4,13419000
406,43699633;4,13419000
406,51891633;4,13419000
406,60083633;4,13419000
406,68275633;4,13419000
406,76467633;4,08932800
406,84659633;4,08932800
406,92851633;4,08932800
407,01043633;4,08932800
407,09235633;4,08932800
407,17427633;4,04431300
407,25619633;4,04431300
407,33811633;4,04431300
407,42003632;4,04431300
407,50195632;4,04431300
407,58387632;3,99929800
407,66579632;3,99929800
407,74771632;3,99929800
407,82963632;3,99929800
407,91155632;3,95443600
407,99347632;3,95443600
408,07539632;3,95443600
408,15731632;3,95443600
408,23923632;3,95443600
408,32115632;3,95443600
408,40307632;3,95443600
408,48499632;3,90942100
408,56691632;3,95443600
408,64883632;3,90942100
408,73075632;3,90942100
408,81267632;3,90942100
408,89459632;3,90942100
408,97651632;3,86455900
409,05843631;3,86455900
409,14035631;3,86455900
409,22227631;3,86455900
409,30419631;3,86455900
409,38611631;3,86455900
409,46803631;3,90942100
409,54995631;3,95443600
409,63187631;3,95443600
409,71379631;4,04431300
409,79571631;4,08932800
409,87763631;4,13419000
409,95955631;4,13419000
410,04147631;4,22406700
410,12339631;4,26908200
410,20531631;4,31409600
410,28723631;4,31409600
410,36915631;4,40397400
410,45107631;4,40397400
410,53299631;4,44883600
410,61491631;4,49385100
410,69683630;4,49385100
410,77875630;4,49385100
410,86067630;4,53871300
410,94259630;4,53871300
411,02451630;4,53871300
411,10643630;4,58372700
411,18835630;4,58372700
411,27027630;4,58372700
411,35219630;4,58372700
411,43411630;4,62874200
411,51603630;4,58372700
411,59795630;4,62874200
411,67987630;4,58372700
411,76179630;4,62874200
411,84371630;4,58372700
411,92563630;4,58372700
412,00755630;4,58372700
412,08947630;4,58372700
412,17139630;4,58372700
412,25331630;4,58372700
412,33523629;4,53871300
412,41715629;4,49385100
412,49907629;4,49385100
412,58099629;4,49385100
412,66291629;4,49385100
412,74483629;4,49385100
412,82675629;4,49385100
412,90867629;4,49385100
412,99059629;4,49385100
413,07251629;4,44883600
413,15443629;4,44883600
413,23635629;4,44883600
413,31827629;4,44883600
413,40019629;4,40397400
413,48211629;4,40397400
413,56403629;4,40397400
413,64595629;4,40397400
413,72787629;4,40397400
413,80979629;4,40397400
413,89171629;4,40397400
413,97363628;4,35895900
414,05555628;4,35895900
414,13747628;4,31409600
414,21939628;4,31409600
414,30131628;4,31409600
414,38323628;4,31409600
414,46515628;4,31409600
414,54707628;4,31409600
414,62899628;4,31409600
414,71091628;4,31409600
414,79283628;4,31409600
414,87475628;4,26908200
414,95667628;4,26908200
415,03859628;4,22406700
415,12051628;4,26908200
415,20243628;4,22406700
415,28435628;4,22406700
415,36627628;4,22406700
415,44819628;4,22406700
415,53011628;4,22406700
415,61203627;4,22406700
415,69395627;4,22406700
415,77587627;4,17920400
415,85779627;4,13419000
415,93971627;4,13419000
416,02163627;4,13419000
416,10355627;4,13419000
416,18547627;4,13419000
416,26739627;4,13419000
416,34931627;4,13419000
416,43123627;4,13419000
416,51315627;4,13419000
416,59507627;4,13419000
416,67699627;4,08932800
416,75891627;4,08932800
416,84083627;4,08932800
416,92275627;4,04431300
417,00467627;4,04431300
417,08659627;4,04431300
417,16851627;4,04431300
417,25043627;4,04431300
417,33235626;4,04431300
417,41427626;4,04431300
417,49619626;4,04431300
417,57811626;3,99929800
417,66003626;3,99929800
417,74195626;3,99929800
417,82387626;3,99929800
417,90579626;3,95443600
417,98771626;3,95443600
418,06963626;3,95443600
418,15155626;3,95443600
418,23347626;3,95443600
418,31539626;3,95443600
418,39731626;3,95443600
418,47923626;3,95443600
418,56115626;3,90942100
418,64307626;3,90942100
418,72499626;3,90942100
418,80691626;3,90942100
418,88883626;3,86455900
418,97075625;3,86455900
419,05267625;3,86455900
419,13459625;3,86455900
419,21651625;3,86455900
419,29843625;3,86455900
419,38035625;3,86455900
419,46227625;3,90942100
419,54419625;3,95443600
419,62611625;4,04431300
419,70803625;4,04431300
419,78995625;4,13419000
419,87187625;4,13419000
419,95379625;4,22406700
420,03571625;4,22406700
420,11763625;4,31409600
420,19955625;4,31409600
420,28147625;4,40397400
420,36339625;4,40397400
420,44531625;4,40397400
420,52723625;4,49385100
420,60915624;4,49385100
420,69107624;4,53871300
420,77299624;4,53871300
420,85491624;4,53871300
420,93683624;4,53871300
421,01875624;4,58372700
421,10067624;4,58372700
421,18259624;4,62874200
421,26451624;4,62874200
421,34643624;4,58372700
421,42835624;4,62874200
421,51027624;4,62874200
421,59219624;4,58372700
421,67411624;4,58372700
421,75603624;4,58372700
421,83795624;4,58372700
421,91987624;4,58372700
422,00179624;4,58372700
422,08371624;4,58372700
422,16563624;4,58372700
422,24755623;4,53871300
422,32947623;4,53871300
422,41139623;4,53871300
422,49331623;4,49385100
422,57523623;4,49385100
422,65715623;4,49385100
422,73907623;4,49385100
422,82099623;4,49385100
422,90291623;4,49385100
422,98483623;4,49385100
423,06675623;4,49385100
423,14867623;4,44883600
423,23059623;4,44883600
423,31251623;4,44883600
423,39443623;4,40397400
423,47635623;4,40397400
423,55827623;4,40397400
423,64019623;4,40397400
423,72211623;4,40397400
423,80403623;4,40397400
423,88595622;4,40397400
423,96787622;4,35895900
424,04979622;4,40397400
424,13171622;4,31409600
424,21363622;4,31409600
424,29555622;4,31409600
424,37747622;4,31409600
424,45939622;4,31409600
424,54131622;4,31409600
424,62323622;4,31409600
424,70515622;4,31409600
424,78707622;4,31409600
424,86899622;4,31409600
424,95091622;4,26908200
425,03283622;4,26908200
425,11475622;4,26908200
425,19667622;4,26908200
425,27859622;4,22406700
425,36051622;4,22406700
425,44243622;4,22406700
425,52435621;4,22406700
425,60627621;4,22406700
425,68819621;4,17920400
425,77011621;4,17920400
425,85203621;4,17920400
425,93395621;4,17920400
426,01587621;4,17920400
426,09779621;4,13419000
426,17971621;4,13419000
426,26163621;4,13419000
426,34355621;4,13419000
426,42547621;4,13419000
426,50739621;4,13419000
426,58931621;4,13419000
426,67123621;4,13419000
426,75315621;4,08932800
426,83507621;4,08932800
426,91699621;4,04431300
426,99891621;4,08932800
427,08083621;4,04431300
427,16275620;4,04431300
427,24467620;4,04431300
427,32659620;4,04431300
427,40851620;4,04431300
427,49043620;4,04431300
427,57235620;3,99929800
427,65427620;4,04431300
427,73619620;3,99929800
427,81811620;3,95443600
427,90003620;3,95443600
427,98195620;3,95443600
428,06387620;3,95443600
428,14579620;3,95443600
428,22771620;3,95443600
428,30963620;3,95443600
428,39155620;3,95443600
428,47347620;3,95443600
428,55539620;3,90942100
428,63731620;3,90942100
428,71923620;3,90942100
428,80115619;3,90942100
428,88307619;3,90942100
428,96499619;3,90942100
429,04691619;3,86455900
429,12883619;3,86455900
429,21075619;3,86455900
429,29267619;3,86455900
429,37459619;3,86455900
429,45651619;3,86455900
429,53843619;3,95443600
429,62035619;3,95443600
429,70227619;4,04431300
429,78419619;4,08932800
429,86611619;4,13419000
429,94803619;4,17920400
430,02995619;4,22406700
430,11187619;4,26908200
430,19379619;4,31409600
430,27571619;4,31409600
430,35763619;4,40397400
430,43955618;4,40397400
430,52147618;4,40397400
430,60339618;4,44883600
430,68531618;4,49385100
430,76723618;4,49385100
430,84915618;4,49385100
430,93107618;4,53871300
431,01299618;4,53871300
431,09491618;4,58372700
431,17683618;4,58372700
431,25875618;4,58372700
431,34067618;4,58372700
431,42259618;4,58372700
431,50451618;4,62874200
431,58643618;4,58372700
431,66835618;4,58372700
431,75027618;4,62874200
431,83219618;4,58372700
431,91411618;4,58372700
431,99603618;4,58372700
432,07795617;4,58372700
432,15987617;4,58372700
432,24179617;4,58372700
432,32371617;4,53871300
432,40563617;4,53871300
432,48755617;4,49385100
432,56947617;4,53871300
432,65139617;4,49385100
432,73331617;4,49385100
432,81523617;4,49385100
432,89715617;4,49385100
432,97907617;4,49385100
433,06099617;4,49385100
433,14291617;4,44883600
433,22483617;4,44883600
433,30675617;4,44883600
433,38867617;4,40397400
433,47059617;4,40397400
433,55251617;4,40397400
433,63443617;4,40397400
433,71635616;4,40397400
433,79827616;4,40397400
433,88019616;4,40397400
433,96211616;4,35895900
434,04403616;4,35895900
434,12595616;4,35895900
434,20787616;4,35895900
434,28979616;4,31409600
434,37171616;4,31409600
434,45363616;4,31409600
434,53555616;4,31409600
434,61747616;4,31409600
434,69939616;4,31409600
434,78131616;4,31409600
434,86323616;4,26908200
434,94515616;4,26908200
435,02707616;4,26908200
435,10899616;4,26908200
435,19091616;4,22406700
435,27283616;4,22406700
435,35475615;4,22406700
435,43667615;4,22406700
435,51859615;4,22406700
435,60051615;4,22406700
435,68243615;4,17920400
435,76435615;4,17920400
435,84627615;4,22406700
435,92819615;4,17920400
436,01011615;4,13419000
436,09203615;4,13419000
436,17395615;4,13419000
436,25587615;4,13419000
436,33779615;4,13419000
436,41971615;4,13419000
436,50163615;4,13419000
436,58355615;4,13419000
436,66547615;4,13419000
436,74739615;4,13419000
436,82931615;4,08932800
436,91123615;4,04431300
436,99315615;4,04431300
437,07507614;4,04431300
437,15699614;4,04431300
437,23891614;4,04431300
437,32083614;4,04431300
437,40275614;4,04431300
437,48467614;4,04431300
437,56659614;4,04431300
437,64851614;3,99929800
437,73043614;3,99929800
437,81235614;3,95443600
437,89427614;3,95443600
437,97619614;3,95443600
438,05811614;3,95443600
438,14003614;3,95443600
438,22195614;3,95443600
438,30387614;3,95443600
438,38579614;3,95443600
438,46771614;3,95443600
438,54963614;3,95443600
438,63155614;3,90942100
438,71347613;3,90942100
438,79539613;3,90942100
438,87731613;3,90942100
438,95923613;3,90942100
439,04115613;3,86455900
439,12307613;3,86455900
439,20499613;3,86455900
439,28691613;3,86455900
439,36883613;3,86455900
439,45075613;3,95443600
439,53267613;3,95443600
439,61459613;3,99929800
439,69651613;4,04431300
439,77843613;4,08932800
439,86035613;4,13419000
439,94227613;4,22406700
440,02419613;4,26908200
440,10611613;4,31409600
440,18803613;4,31409600
440,26995613;4,40397400
440,35187612;4,40397400
440,43379612;4,44883600
440,51571612;4,44883600
440,59763612;4,49385100
440,67955612;4,49385100
440,76147612;4,53871300
440,84339612;4,53871300
440,92531612;4,58372700
441,00723612;4,58372700
441,08915612;4,58372700
441,17107612;4,58372700
441,25299612;4,58372700
441,33491612;4,62874200
441,41683612;4,62874200
441,49875612;4,62874200
441,58067612;4,62874200
441,66259612;4,58372700
441,74451612;4,58372700
441,82643612;4,62874200
441,90835612;4,58372700
441,99027611;4,58372700
442,07219611;4,58372700
442,15411611;4,58372700
442,23603611;4,53871300
442,31795611;4,53871300
442,39987611;4,53871300
442,48179611;4,53871300
442,56371611;4,53871300
442,64563611;4,49385100
442,72755611;4,49385100
442,80947611;4,49385100
442,89139611;4,49385100
442,97331611;4,49385100
443,05523611;4,44883600
443,13715611;4,49385100
443,21907611;4,44883600
443,30099611;4,44883600
443,38291611;4,40397400
443,46483611;4,40397400
443,54675611;4,40397400
443,62867610;4,40397400
443,71059610;4,40397400
443,79251610;4,40397400
443,87443610;4,40397400
443,95635610;4,40397400
444,03827610;4,35895900
444,12019610;4,35895900
444,20211610;4,35895900
444,28403610;4,31409600
444,36595610;4,31409600
444,44787610;4,31409600
444,52979610;4,31409600
444,61171610;4,31409600
444,69363610;4,31409600
444,77555610;4,31409600
444,85747610;4,31409600
444,93939610;4,26908200
445,02131610;4,26908200
445,10323610;4,26908200
445,18515610;4,22406700
445,26707609;4,22406700
445,34899609;4,22406700
445,43091609;4,22406700
445,51283609;4,22406700
445,59475609;4,22406700
445,67667609;4,22406700
445,75859609;4,22406700
445,84051609;4,17920400
445,92243609;4,17920400
446,00435609;4,17920400
446,08627609;4,13419000
446,16819609;4,13419000
446,25011609;4,13419000
446,33203609;4,13419000
446,41395609;4,13419000
446,49587609;4,13419000
446,57779609;4,13419000
446,65971609;4,13419000
446,74163609;4,13419000
446,82355609;4,13419000
446,90547608;4,08932800
446,98739608;4,08932800
447,06931608;4,04431300
447,15123608;4,04431300
447,23315608;4,04431300
447,31507608;4,04431300
447,39699608;4,04431300
447,47891608;4,04431300
447,56083608;4,04431300
447,64275608;3,99929800
447,72467608;4,04431300
447,80659608;3,99929800
447,88851608;3,95443600
447,97043608;3,95443600
448,05235608;3,95443600
448,13427608;3,95443600
448,21619608;3,95443600
448,29811608;3,95443600
448,38003608;3,95443600
448,46195608;3,95443600
448,54387607;3,95443600
448,62579607;3,90942100
448,70771607;3,90942100
448,78963607;3,90942100
448,87155607;3,90942100
448,95347607;3,90942100
449,03539607;3,86455900
449,11731607;3,86455900
449,19923607;3,86455900
449,28115607;3,86455900
449,36307607;3,86455900
449,44499607;3,90942100
449,52691607;3,95443600
449,60883607;3,95443600
449,69075607;4,04431300
449,77267607;4,04431300
449,85459607;4,13419000
449,93651607;4,13419000
450,01843607;4,22406700
450,10035607;4,26908200
450,18227606;4,31409600
450,26419606;4,31409600
450,34611606;4,35895900
450,42803606;4,40397400
450,50995606;4,40397400
450,59187606;4,44883600
450,67379606;4,49385100
450,75571606;4,49385100
450,83763606;4,49385100
450,91955606;4,53871300
451,00147606;4,53871300
451,08339606;4,58372700
451,16531606;4,58372700
451,24723606;4,58372700
451,32915606;4,58372700
451,41107606;4,62874200
451,49299606;4,58372700
451,57491606;4,58372700
451,65683606;4,58372700
451,73875606;4,58372700
451,82067605;4,58372700
451,90259605;4,58372700
451,98451605;4,58372700
452,06643605;4,58372700
452,14835605;4,58372700
452,23027605;4,53871300
452,31219605;4,53871300
452,39411605;4,53871300
452,47603605;4,49385100
452,55795605;4,49385100
452,63987605;4,49385100
452,72179605;4,49385100
452,80371605;4,49385100
452,88563605;4,49385100
452,96755605;4,49385100
453,04947605;4,49385100
453,13139605;4,49385100
453,21331605;4,44883600
453,29523605;4,44883600
453,37715605;4,44883600
453,45907604;4,40397400
453,54099604;4,40397400
453,62291604;4,40397400
453,70483604;4,40397400
453,78675604;4,40397400
453,86867604;4,35895900
453,95059604;4,35895900
454,03251604;4,40397400
454,11443604;4,35895900
454,19635604;4,31409600
454,27827604;4,31409600
454,36019604;4,31409600
454,44211604;4,31409600
454,52403604;4,31409600
454,60595604;4,31409600
454,68787604;4,31409600
454,76979604;4,31409600
454,85171604;4,31409600
454,93363604;4,26908200
455,01555604;4,26908200
455,09747604;4,26908200
455,17939603;4,22406700
455,26131603;4,22406700
455,34323603;4,22406700
455,42515603;4,22406700
455,50707603;4,22406700
455,58899603;4,22406700
455,67091603;4,22406700
455,75283603;4,22406700
455,83475603;4,17920400
455,91667603;4,17920400
455,99859603;4,13419000
456,08051603;4,13419000
456,16243603;4,13419000
456,24435603;4,13419000
456,32627603;4,13419000
456,40819603;4,13419000
456,49011603;4,13419000
456,57203603;4,13419000
456,65395603;4,13419000
456,73587603;4,08932800
456,81779602;4,08932800
456,89971602;4,08932800
456,98163602;4,08932800
457,06355602;4,08932800
457,14547602;4,08932800
457,22739602;4,04431300
457,30931602;4,04431300
457,39123602;4,04431300
457,47315602;4,04431300
457,55507602;4,04431300
457,63699602;3,99929800
457,71891602;3,99929800
457,80083602;3,99929800
457,88275602;3,95443600
457,96467602;3,95443600
458,04659602;3,95443600
458,12851602;3,95443600
458,21043602;3,95443600
458,29235602;3,95443600
458,37427602;3,95443600
458,45619601;3,95443600
458,53811601;3,95443600
458,62003601;3,90942100
458,70195601;3,90942100
458,78387601;3,90942100
458,86579601;3,90942100
458,94771601;3,86455900
459,02963601;3,86455900
459,11155601;3,86455900
459,19347601;3,86455900
459,27539601;3,86455900
459,35731601;3,86455900
459,43923601;3,90942100
459,52115601;3,95443600
459,60307601;3,99929800
459,68499601;4,04431300
459,76691601;4,08932800
459,84883601;4,13419000
459,93075601;4,17920400
460,01267601;4,22406700
460,09459600;4,31409600
460,17651600;4,31409600
460,25843600;4,35895900
460,34035600;4,40397400
460,42227600;4,40397400
460,50419600;4,44883600
460,58611600;4,49385100
460,66803600;4,49385100
460,74995600;4,49385100
460,83187600;4,53871300
460,91379600;4,58372700
460,99571600;4,58372700
461,07763600;4,58372700
461,15955600;4,58372700
461,24147600;4,58372700
461,32339600;4,58372700
461,40531600;4,62874200
461,48723600;4,62874200
461,56915600;4,62874200
461,65107600;4,58372700
461,73299599;4,58372700
461,81491599;4,58372700
461,89683599;4,58372700
461,97875599;4,58372700
462,06067599;4,58372700
462,14259599;4,58372700
462,22451599;4,58372700
462,30643599;4,53871300
462,38835599;4,53871300
462,47027599;4,53871300
462,55219599;4,49385100
462,63411599;4,49385100
462,71603599;4,49385100
462,79795599;4,49385100
462,87987599;4,49385100
462,96179599;4,49385100
463,04371599;4,49385100
463,12563599;4,44883600
463,20755599;4,44883600
463,28947599;4,44883600
463,37139598;4,40397400
463,45331598;4,44883600
463,53523598;4,40397400
463,61715598;4,40397400
463,69907598;4,40397400
463,78099598;4,40397400
463,86291598;4,40397400
463,94483598;4,40397400
464,02675598;4,40397400
464,10867598;4,35895900
464,19059598;4,31409600
464,27251598;4,31409600
464,35443598;4,31409600
464,43635598;4,31409600
464,51827598;4,31409600
464,60019598;4,31409600
464,68211598;4,31409600
464,76403598;4,31409600
464,84595598;4,31409600
464,92787598;4,26908200
465,00979597;4,26908200
465,09171597;4,26908200
465,17363597;4,22406700
465,25555597;4,22406700
465,33747597;4,22406700
465,41939597;4,22406700
465,50131597;4,22406700
465,58323597;4,22406700
465,66515597;4,22406700
465,74707597;4,17920400
465,82899597;4,17920400
465,91091597;4,17920400
465,99283597;4,17920400
466,07475597;4,13419000
466,15667597;4,13419000
466,23859597;4,13419000
466,32051597;4,13419000
466,40243597;4,13419000
466,48435597;4,13419000
466,56627597;4,13419000
466,64819596;4,13419000
466,73011596;4,13419000
466,81203596;4,08932800
466,89395596;4,08932800
466,97587596;4,08932800
467,05779596;4,08932800
467,13971596;4,04431300
467,22163596;4,04431300
467,30355596;4,04431300
467,38547596;4,04431300
467,46739596;4,04431300
467,54931596;4,04431300
467,63123596;4,04431300
467,71315596;4,04431300
467,79507596;3,99929800
467,87699596;3,99929800
467,95891596;3,95443600
468,04083596;3,95443600
468,12275596;3,95443600
468,20467596;3,95443600
468,28659595;3,95443600
468,36851595;3,95443600
468,45043595;3,95443600
468,53235595;3,95443600
468,61427595;3,95443600
468,69619595;3,90942100
468,77811595;3,90942100
468,86003595;3,90942100
468,94195595;3,86455900
469,02387595;3,86455900
469,10579595;3,86455900
469,18771595;3,86455900
469,26963595;3,86455900
469,35155595;3,86455900
469,43347595;3,90942100
469,51539595;3,95443600
469,59731595;3,95443600
469,67923595;3,99929800
469,76115595;4,04431300
469,84307595;4,08932800
469,92499594;4,13419000
470,00691594;4,17920400
470,08883594;4,22406700
470,17075594;4,31409600
470,25267594;4,31409600
470,33459594;4,40397400
470,41651594;4,40397400
470,49843594;4,44883600
470,58035594;4,44883600
470,66227594;4,49385100
470,74419594;4,49385100
470,82611594;4,49385100
470,90803594;4,53871300
470,98995594;4,53871300
471,07187594;4,53871300
471,15379594;4,58372700
471,23571594;4,58372700
471,31763594;4,58372700
471,39955594;4,58372700
471,48147594;4,58372700
471,56339593;4,58372700
471,64531593;4,58372700
471,72723593;4,58372700
471,80915593;4,58372700
471,89107593;4,58372700
471,97299593;4,58372700
472,05491593;4,58372700
472,13683593;4,58372700
472,21875593;4,58372700
472,30067593;4,53871300
472,38259593;4,53871300
472,46451593;4,53871300
472,54643593;4,49385100
472,62835593;4,49385100
472,71027593;4,49385100
472,79219593;4,49385100
472,87411593;4,49385100
472,95603593;4,49385100
473,03795593;4,44883600
473,11987593;4,49385100
473,20179592;4,44883600
473,28371592;4,44883600
473,36563592;4,40397400
473,44755592;4,44883600
473,52947592;4,40397400
473,61139592;4,40397400
473,69331592;4,40397400
473,77523592;4,40397400
473,85715592;4,40397400
473,93907592;4,35895900
474,02099592;4,40397400
474,10291592;4,35895900
474,18483592;4,35895900
474,26675592;4,31409600
474,34867592;4,31409600
474,43059592;4,31409600
474,51251592;4,31409600
474,59443592;4,31409600
474,67635592;4,31409600
474,75827592;4,31409600
474,84019592;4,31409600
474,92211591;4,26908200
475,00403591;4,26908200
475,08595591;4,26908200
475,16787591;4,26908200
475,24979591;4,22406700
475,33171591;4,22406700
475,41363591;4,22406700
475,49555591;4,22406700
475,57747591;4,22406700
475,65939591;4,17920400
475,74131591;4,17920400
475,82323591;4,17920400
475,90515591;4,17920400
475,98707591;4,22406700
476,06899591;4,17920400
476,15091591;4,13419000
476,23283591;4,13419000
476,31475591;4,13419000
476,39667591;4,13419000
476,47859591;4,13419000
476,56051590;4,13419000
476,64243590;4,13419000
476,72435590;4,13419000
476,80627590;4,04431300
476,88819590;4,08932800
476,97011590;4,04431300
477,05203590;4,04431300
477,13395590;4,04431300
477,21587590;4,04431300
477,29779590;4,04431300
477,37971590;4,04431300
477,46163590;4,04431300
477,54355590;3,99929800
477,62547590;3,99929800
477,70739590;3,99929800
477,78931590;3,99929800
477,87123590;3,99929800
477,95315590;3,95443600
478,03507590;3,95443600
478,11699590;3,95443600
478,19891589;3,95443600
478,28083589;3,95443600
478,36275589;3,95443600
478,44467589;3,95443600
478,52659589;3,95443600
478,60851589;3,95443600
478,69043589;3,90942100
478,77235589;3,90942100
478,85427589;3,90942100
478,93619589;3,86455900
479,01811589;3,90942100
479,10003589;3,86455900
479,18195589;3,86455900
479,26387589;3,86455900
479,34579589;3,86455900
479,42771589;3,90942100
479,50963589;3,95443600
479,59155589;3,95443600
479,67347589;4,04431300
479,75539589;4,08932800
479,83731588;4,13419000
479,91923588;4,17920400
480,00115588;4,22406700
480,08307588;4,31409600
480,16499588;4,31409600
480,24691588;4,35895900
480,32883588;4,40397400
480,41075588;4,40397400
480,49267588;4,49385100
480,57459588;4,49385100
480,65651588;4,49385100
480,73843588;4,49385100
480,82035588;4,49385100
480,90227588;4,53871300
480,98419588;4,58372700
481,06611588;4,58372700
481,14803588;4,58372700
481,22995588;4,58372700
481,31187588;4,58372700
481,39379588;4,58372700
481,47571587;4,62874200
481,55763587;4,58372700
481,63955587;4,58372700
481,72147587;4,62874200
481,80339587;4,58372700
481,88531587;4,58372700
481,96723587;4,58372700
482,04915587;4,58372700
482,13107587;4,58372700
482,21299587;4,58372700
482,29491587;4,53871300
482,37683587;4,53871300
482,45875587;4,53871300
482,54067587;4,53871300
482,62259587;4,49385100
482,70451587;4,49385100
482,78643587;4,49385100
482,86835587;4,49385100
482,95027587;4,49385100
483,03219587;4,49385100
483,11411586;4,49385100
483,19603586;4,44883600
483,27795586;4,44883600
483,35987586;4,40397400
483,44179586;4,40397400
483,52371586;4,40397400
483,60563586;4,40397400
483,68755586;4,40397400
483,76947586;4,40397400
483,85139586;4,40397400
483,93331586;4,40397400
484,01523586;4,35895900
484,09715586;4,35895900
484,17907586;4,31409600
484,26099586;4,31409600
484,34291586;4,31409600
484,42483586;4,31409600
484,50675586;4,31409600
484,58867586;4,31409600
484,67059586;4,31409600
484,75251585;4,31409600
484,83443585;4,31409600
484,91635585;4,26908200
484,99827585;4,26908200
485,08019585;4,26908200
485,16211585;4,22406700
485,24403585;4,22406700
485,32595585;4,22406700
485,40787585;4,22406700
485,48979585;4,22406700
485,57171585;4,22406700
485,65363585;4,17920400
485,73555585;4,22406700
485,81747585;4,22406700
485,89939585;4,17920400
485,98131585;4,13419000
486,06323585;4,13419000
486,14515585;4,17920400
486,22707585;4,13419000
486,30899585;4,13419000
486,39091584;4,13419000
486,47283584;4,13419000
486,55475584;4,08932800
486,63667584;4,13419000
486,71859584;4,13419000
486,80051584;4,08932800
486,88243584;4,04431300
486,96435584;4,04431300
487,04627584;4,04431300
487,12819584;4,04431300
487,21011584;4,04431300
487,29203584;4,04431300
487,37395584;4,04431300
487,45587584;4,04431300
487,53779584;4,04431300
487,61971584;3,99929800
487,70163584;3,99929800
487,78355584;3,99929800
487,86547584;3,99929800
487,94739584;3,95443600
488,02931583;3,95443600
488,11123583;3,95443600
488,19315583;3,95443600
488,27507583;3,95443600
488,35699583;3,95443600
488,43891583;3,95443600
488,52083583;3,90942100
488,60275583;3,95443600
488,68467583;3,90942100
488,76659583;3,90942100
488,84851583;3,90942100
488,93043583;3,90942100
489,01235583;3,86455900
489,09427583;3,86455900
489,17619583;3,86455900
489,25811583;3,86455900
489,34003583;3,86455900
489,42195583;3,90942100
489,50387583;3,90942100
489,58579583;3,95443600
489,66771582;3,95443600
489,74963582;4,04431300
489,83155582;4,08932800
489,91347582;4,13419000
489,99539582;4,22406700
490,07731582;4,22406700
490,15923582;4,26908200
490,24115582;4,31409600
490,32307582;4,35895900
490,40499582;4,40397400
490,48691582;4,44883600
490,56883582;4,44883600
490,65075582;4,49385100
490,73267582;4,49385100
490,81459582;4,49385100
490,89651582;4,49385100
490,97843582;4,53871300
491,06035582;4,58372700
491,14227582;4,58372700
491,22419582;4,58372700
491,30611581;4,58372700
491,38803581;4,58372700
491,46995581;4,58372700
491,55187581;4,58372700
491,63379581;4,58372700
491,71571581;4,58372700
491,79763581;4,58372700
491,87955581;4,58372700
491,96147581;4,58372700
492,04339581;4,58372700
492,12531581;4,58372700
492,20723581;4,58372700
492,28915581;4,53871300
492,37107581;4,49385100
492,45299581;4,53871300
492,53491581;4,53871300
492,61683581;4,49385100
492,69875581;4,49385100
492,78067581;4,49385100
492,86259581;4,49385100
492,94451580;4,49385100
493,02643580;4,49385100
493,10835580;4,49385100
493,19027580;4,44883600
493,27219580;4,44883600
493,35411580;4,40397400
493,43603580;4,40397400
493,51795580;4,40397400
493,59987580;4,40397400
493,68179580;4,40397400
493,76371580;4,40397400
493,84563580;4,40397400
493,92755580;4,40397400
494,00947580;4,31409600
494,09139580;4,35895900
494,17331580;4,31409600
494,25523580;4,35895900
494,33715580;4,31409600
494,41907580;4,31409600
494,50099580;4,31409600
494,58291580;4,31409600
494,66483579;4,31409600
494,74675579;4,26908200
494,82867579;4,26908200
494,91059579;4,31409600
494,99251579;4,26908200
495,07443579;4,26908200
495,15635579;4,22406700
495,23827579;4,22406700
495,32019579;4,22406700
495,40211579;4,22406700
495,48403579;4,22406700
495,56595579;4,22406700
495,64787579;4,22406700
495,72979579;4,17920400
495,81171579;4,17920400
495,89363579;4,17920400
495,97555579;4,17920400
496,05747579;4,17920400
496,13939579;4,13419000
496,22131579;4,13419000
496,30323578;4,13419000
496,38515578;4,13419000
496,46707578;4,13419000
496,54899578;4,13419000
496,63091578;4,13419000
496,71283578;4,08932800
496,79475578;4,08932800
496,87667578;4,08932800
496,95859578;4,08932800
497,04051578;4,08932800
497,12243578;4,04431300
497,20435578;4,04431300
497,28627578;4,04431300
497,36819578;4,04431300
497,45011578;4,04431300
497,53203578;4,04431300
497,61395578;4,04431300
497,69587578;3,99929800
497,77779578;3,95443600
497,85971578;3,95443600
497,94163577;3,95443600
498,02355577;3,95443600
498,10547577;3,95443600
498,18739577;3,95443600
498,26931577;3,95443600
498,35123577;3,95443600
498,43315577;3,95443600
498,51507577;3,95443600
498,59699577;3,90942100
498,67891577;3,90942100
498,76083577;3,90942100
498,84275577;3,90942100
498,92467577;3,86455900
499,00659577;3,86455900
499,08851577;3,86455900
499,17043577;3,86455900
499,25235577;3,86455900
499,33427577;3,86455900
499,41619577;3,90942100
499,49811577;3,95443600
499,58003576;3,95443600
499,66195576;3,99929800
499,74387576;4,04431300
499,82579576;4,13419000
499,90771576;4,17920400
499,98963576;4,22406700
