Tiempo;Canal A
(ms);(V)

-500,27734041;4,22406700
-500,19542041;4,31409600
-500,11350041;4,31409600
-500,03158041;4,35895900
-499,94966041;4,40397400
-499,86774041;4,40397400
-499,78582042;4,49385100
-499,70390042;4,49385100
-499,62198042;4,49385100
-499,54006042;4,53871300
-499,45814042;4,53871300
-499,37622042;4,58372700
-499,29430042;4,58372700
-499,21238042;4,58372700
-499,13046042;4,58372700
-499,04854042;4,62874200
-498,96662042;4,62874200
-498,88470042;4,62874200
-498,80278042;4,62874200
-498,72086042;4,62874200
-498,63894042;4,62874200
-498,55702042;4,62874200
-498,47510042;4,62874200
-498,39318042;4,62874200
-498,31126042;4,58372700
-498,22934042;4,62874200
-498,14742043;4,58372700
-498,06550043;4,58372700
-497,98358043;4,58372700
-497,90166043;4,58372700
-497,81974043;4,53871300
-497,73782043;4,53871300
-497,65590043;4,49385100
-497,57398043;4,53871300
-497,49206043;4,49385100
-497,41014043;4,49385100
-497,32822043;4,49385100
-497,24630043;4,49385100
-497,16438043;4,49385100
-497,08246043;4,49385100
-497,00054043;4,44883600
-496,91862043;4,49385100
-496,83670043;4,44883600
-496,75478043;4,44883600
-496,67286043;4,40397400
-496,59094043;4,40397400
-496,50902044;4,40397400
-496,42710044;4,40397400
-496,34518044;4,40397400
-496,26326044;4,40397400
-496,18134044;4,40397400
-496,09942044;4,40397400
-496,01750044;4,35895900
-495,93558044;4,35895900
-495,85366044;4,35895900
-495,77174044;4,31409600
-495,68982044;4,31409600
-495,60790044;4,31409600
-495,52598044;4,31409600
-495,44406044;4,31409600
-495,36214044;4,31409600
-495,28022044;4,31409600
-495,19830044;4,26908200
-495,11638044;4,26908200
-495,03446044;4,26908200
-494,95254044;4,22406700
-494,87062044;4,22406700
-494,78870045;4,22406700
-494,70678045;4,22406700
-494,62486045;4,22406700
-494,54294045;4,22406700
-494,46102045;4,22406700
-494,37910045;4,17920400
-494,29718045;4,22406700
-494,21526045;4,17920400
-494,13334045;4,17920400
-494,05142045;4,13419000
-493,96950045;4,13419000
-493,88758045;4,13419000
-493,80566045;4,13419000
-493,72374045;4,13419000
-493,64182045;4,13419000
-493,55990045;4,13419000
-493,47798045;4,08932800
-493,39606045;4,13419000
-493,31414045;4,08932800
-493,23222045;4,08932800
-493,15030046;4,08932800
-493,06838046;4,08932800
-492,98646046;4,04431300
-492,90454046;4,04431300
-492,82262046;4,04431300
-492,74070046;4,04431300
-492,65878046;4,04431300
-492,57686046;4,04431300
-492,49494046;4,04431300
-492,41302046;3,99929800
-492,33110046;3,99929800
-492,24918046;3,95443600
-492,16726046;3,95443600
-492,08534046;3,95443600
-492,00342046;3,95443600
-491,92150046;3,95443600
-491,83958046;3,95443600
-491,75766046;3,95443600
-491,67574046;3,95443600
-491,59382046;3,90942100
-491,51190047;3,90942100
-491,42998047;3,90942100
-491,34806047;3,90942100
-491,26614047;3,90942100
-491,18422047;3,90942100
-491,10230047;3,90942100
-491,02038047;3,86455900
-490,93846047;3,86455900
-490,85654047;3,86455900
-490,77462047;3,90942100
-490,69270047;3,95443600
-490,61078047;3,99929800
-490,52886047;4,04431300
-490,44694047;4,08932800
-490,36502047;4,13419000
-490,28310047;4,17920400
-490,20118047;4,22406700
-490,11926047;4,26908200
-490,03734047;4,31409600
-489,95542047;4,40397400
-489,87350048;4,40397400
-489,79158048;4,40397400
-489,70966048;4,44883600
-489,62774048;4,49385100
-489,54582048;4,49385100
-489,46390048;4,49385100
-489,38198048;4,53871300
-489,30006048;4,53871300
-489,21814048;4,58372700
-489,13622048;4,58372700
-489,05430048;4,58372700
-488,97238048;4,58372700
-488,89046048;4,62874200
-488,80854048;4,58372700
-488,72662048;4,58372700
-488,64470048;4,62874200
-488,56278048;4,62874200
-488,48086048;4,58372700
-488,39894048;4,58372700
-488,31702048;4,58372700
-488,23510049;4,62874200
-488,15318049;4,58372700
-488,07126049;4,58372700
-487,98934049;4,58372700
-487,90742049;4,58372700
-487,82550049;4,53871300
-487,74358049;4,53871300
-487,66166049;4,49385100
-487,57974049;4,53871300
-487,49782049;4,49385100
-487,41590049;4,49385100
-487,33398049;4,49385100
-487,25206049;4,49385100
-487,17014049;4,49385100
-487,08822049;4,49385100
-487,00630049;4,49385100
-486,92438049;4,44883600
-486,84246049;4,44883600
-486,76054049;4,40397400
-486,67862049;4,44883600
-486,59670050;4,40397400
-486,51478050;4,40397400
-486,43286050;4,40397400
-486,35094050;4,40397400
-486,26902050;4,40397400
-486,18710050;4,40397400
-486,10518050;4,40397400
-486,02326050;4,40397400
-485,94134050;4,31409600
-485,85942050;4,35895900
-485,77750050;4,31409600
-485,69558050;4,31409600
-485,61366050;4,31409600
-485,53174050;4,31409600
-485,44982050;4,31409600
-485,36790050;4,31409600
-485,28598050;4,26908200
-485,20406050;4,26908200
-485,12214050;4,26908200
-485,04022050;4,26908200
-484,95830051;4,22406700
-484,87638051;4,26908200
-484,79446051;4,22406700
-484,71254051;4,22406700
-484,63062051;4,22406700
-484,54870051;4,22406700
-484,46678051;4,22406700
-484,38486051;4,17920400
-484,30294051;4,17920400
-484,22102051;4,17920400
-484,13910051;4,17920400
-484,05718051;4,17920400
-483,97526051;4,13419000
-483,89334051;4,13419000
-483,81142051;4,13419000
-483,72950051;4,13419000
-483,64758051;4,13419000
-483,56566051;4,13419000
-483,48374051;4,13419000
-483,40182051;4,13419000
-483,31990052;4,08932800
-483,23798052;4,08932800
-483,15606052;4,04431300
-483,07414052;4,04431300
-482,99222052;4,04431300
-482,91030052;4,04431300
-482,82838052;4,04431300
-482,74646052;4,04431300
-482,66454052;4,04431300
-482,58262052;4,04431300
-482,50070052;4,04431300
-482,41878052;3,99929800
-482,33686052;3,99929800
-482,25494052;3,95443600
-482,17302052;3,95443600
-482,09110052;3,95443600
-482,00918052;3,95443600
-481,92726052;3,95443600
-481,84534052;3,95443600
-481,76342052;3,95443600
-481,68150053;3,95443600
-481,59958053;3,95443600
-481,51766053;3,95443600
-481,43574053;3,90942100
-481,35382053;3,90942100
-481,27190053;3,90942100
-481,18998053;3,86455900
-481,10806053;3,86455900
-481,02614053;3,90942100
-480,94422053;3,90942100
-480,86230053;3,90942100
-480,78038053;3,95443600
-480,69846053;3,95443600
-480,61654053;4,04431300
-480,53462053;4,04431300
-480,45270053;4,13419000
-480,37078053;4,17920400
-480,28886053;4,22406700
-480,20694053;4,26908200
-480,12502053;4,31409600
-480,04310054;4,40397400
-479,96118054;4,40397400
-479,87926054;4,40397400
-479,79734054;4,44883600
-479,71542054;4,49385100
-479,63350054;4,49385100
-479,55158054;4,53871300
-479,46966054;4,53871300
-479,38774054;4,58372700
-479,30582054;4,58372700
-479,22390054;4,58372700
-479,14198054;4,58372700
-479,06006054;4,58372700
-478,97814054;4,62874200
-478,89622054;4,62874200
-478,81430054;4,62874200
-478,73238054;4,62874200
-478,65046054;4,62874200
-478,56854054;4,62874200
-478,48662054;4,62874200
-478,40470055;4,62874200
-478,32278055;4,58372700
-478,24086055;4,58372700
-478,15894055;4,58372700
-478,07702055;4,58372700
-477,99510055;4,58372700
-477,91318055;4,53871300
-477,83126055;4,58372700
-477,74934055;4,58372700
-477,66742055;4,53871300
-477,58550055;4,53871300
-477,50358055;4,49385100
-477,42166055;4,49385100
-477,33974055;4,49385100
-477,25782055;4,49385100
-477,17590055;4,49385100
-477,09398055;4,49385100
-477,01206055;4,49385100
-476,93014055;4,44883600
-476,84822055;4,44883600
-476,76630056;4,44883600
-476,68438056;4,44883600
-476,60246056;4,40397400
-476,52054056;4,40397400
-476,43862056;4,40397400
-476,35670056;4,40397400
-476,27478056;4,40397400
-476,19286056;4,40397400
-476,11094056;4,40397400
-476,02902056;4,40397400
-475,94710056;4,35895900
-475,86518056;4,35895900
-475,78326056;4,31409600
-475,70134056;4,31409600
-475,61942056;4,31409600
-475,53750056;4,31409600
-475,45558056;4,31409600
-475,37366056;4,31409600
-475,29174056;4,26908200
-475,20982056;4,26908200
-475,12790056;4,26908200
-475,04598057;4,26908200
-474,96406057;4,26908200
-474,88214057;4,22406700
-474,80022057;4,22406700
-474,71830057;4,22406700
-474,63638057;4,22406700
-474,55446057;4,22406700
-474,47254057;4,22406700
-474,39062057;4,17920400
-474,30870057;4,17920400
-474,22678057;4,17920400
-474,14486057;4,17920400
-474,06294057;4,17920400
-473,98102057;4,13419000
-473,89910057;4,13419000
-473,81718057;4,13419000
-473,73526057;4,13419000
-473,65334057;4,13419000
-473,57142057;4,13419000
-473,48950057;4,13419000
-473,40758058;4,13419000
-473,32566058;4,08932800
-473,24374058;4,08932800
-473,16182058;4,08932800
-473,07990058;4,08932800
-472,99798058;4,04431300
-472,91606058;4,04431300
-472,83414058;4,04431300
-472,75222058;4,04431300
-472,67030058;4,04431300
-472,58838058;4,04431300
-472,50646058;4,04431300
-472,42454058;3,99929800
-472,34262058;3,99929800
-472,26070058;3,99929800
-472,17878058;3,99929800
-472,09686058;3,95443600
-472,01494058;3,95443600
-471,93302058;3,95443600
-471,85110058;3,95443600
-471,76918059;3,95443600
-471,68726059;3,95443600
-471,60534059;3,95443600
-471,52342059;3,95443600
-471,44150059;3,90942100
-471,35958059;3,95443600
-471,27766059;3,90942100
-471,19574059;3,90942100
-471,11382059;3,90942100
-471,03190059;3,86455900
-470,94998059;3,90942100
-470,86806059;3,90942100
-470,78614059;3,90942100
-470,70422059;3,95443600
-470,62230059;3,99929800
-470,54038059;4,04431300
-470,45846059;4,08932800
-470,37654059;4,13419000
-470,29462059;4,17920400
-470,21270059;4,22406700
-470,13078060;4,26908200
-470,04886060;4,31409600
-469,96694060;4,35895900
-469,88502060;4,40397400
-469,80310060;4,40397400
-469,72118060;4,40397400
-469,63926060;4,49385100
-469,55734060;4,49385100
-469,47542060;4,49385100
-469,39350060;4,49385100
-469,31158060;4,53871300
-469,22966060;4,58372700
-469,14774060;4,58372700
-469,06582060;4,58372700
-468,98390060;4,58372700
-468,90198060;4,58372700
-468,82006060;4,62874200
-468,73814060;4,62874200
-468,65622060;4,62874200
-468,57430060;4,62874200
-468,49238061;4,58372700
-468,41046061;4,62874200
-468,32854061;4,58372700
-468,24662061;4,58372700
-468,16470061;4,58372700
-468,08278061;4,58372700
-468,00086061;4,58372700
-467,91894061;4,58372700
-467,83702061;4,58372700
-467,75510061;4,53871300
-467,67318061;4,49385100
-467,59126061;4,53871300
-467,50934061;4,49385100
-467,42742061;4,49385100
-467,34550061;4,49385100
-467,26358061;4,49385100
-467,18166061;4,49385100
-467,09974061;4,49385100
-467,01782061;4,44883600
-466,93590061;4,44883600
-466,85398062;4,40397400
-466,77206062;4,44883600
-466,69014062;4,40397400
-466,60822062;4,40397400
-466,52630062;4,40397400
-466,44438062;4,40397400
-466,36246062;4,40397400
-466,28054062;4,40397400
-466,19862062;4,40397400
-466,11670062;4,40397400
-466,03478062;4,31409600
-465,95286062;4,31409600
-465,87094062;4,31409600
-465,78902062;4,31409600
-465,70710062;4,31409600
-465,62518062;4,31409600
-465,54326062;4,31409600
-465,46134062;4,31409600
-465,37942062;4,31409600
-465,29750062;4,31409600
-465,21558063;4,26908200
-465,13366063;4,26908200
-465,05174063;4,26908200
-464,96982063;4,26908200
-464,88790063;4,22406700
-464,80598063;4,22406700
-464,72406063;4,22406700
-464,64214063;4,22406700
-464,56022063;4,22406700
-464,47830063;4,22406700
-464,39638063;4,22406700
-464,31446063;4,22406700
-464,23254063;4,17920400
-464,15062063;4,17920400
-464,06870063;4,13419000
-463,98678063;4,13419000
-463,90486063;4,13419000
-463,82294063;4,13419000
-463,74102063;4,13419000
-463,65910063;4,13419000
-463,57718064;4,13419000
-463,49526064;4,08932800
-463,41334064;4,08932800
-463,33142064;4,08932800
-463,24950064;4,08932800
-463,16758064;4,08932800
-463,08566064;4,04431300
-463,00374064;4,04431300
-462,92182064;4,04431300
-462,83990064;4,04431300
-462,75798064;4,04431300
-462,67606064;4,04431300
-462,59414064;4,04431300
-462,51222064;4,04431300
-462,43030064;3,99929800
-462,34838064;3,99929800
-462,26646064;3,95443600
-462,18454064;3,95443600
-462,10262064;3,95443600
-462,02070064;3,95443600
-461,93878065;3,95443600
-461,85686065;3,95443600
-461,77494065;3,95443600
-461,69302065;3,95443600
-461,61110065;3,90942100
-461,52918065;3,95443600
-461,44726065;3,90942100
-461,36534065;3,90942100
-461,28342065;3,90942100
-461,20150065;3,90942100
-461,11958065;3,86455900
-461,03766065;3,90942100
-460,95574065;3,86455900
-460,87382065;3,90942100
-460,79190065;3,95443600
-460,70998065;3,95443600
-460,62806065;3,95443600
-460,54614065;4,04431300
-460,46422065;4,13419000
-460,38230065;4,13419000
-460,30038066;4,22406700
-460,21846066;4,22406700
-460,13654066;4,31409600
-460,05462066;4,31409600
-459,97270066;4,40397400
-459,89078066;4,40397400
-459,80886066;4,49385100
-459,72694066;4,49385100
-459,64502066;4,49385100
-459,56310066;4,49385100
-459,48118066;4,53871300
-459,39926066;4,53871300
-459,31734066;4,58372700
-459,23542066;4,58372700
-459,15350066;4,58372700
-459,07158066;4,62874200
-458,98966066;4,62874200
-458,90774066;4,62874200
-458,82582066;4,62874200
-458,74390066;4,62874200
-458,66198067;4,58372700
-458,58006067;4,62874200
-458,49814067;4,58372700
-458,41622067;4,58372700
-458,33430067;4,62874200
-458,25238067;4,58372700
-458,17046067;4,58372700
-458,08854067;4,58372700
-458,00662067;4,58372700
-457,92470067;4,58372700
-457,84278067;4,58372700
-457,76086067;4,53871300
-457,67894067;4,53871300
-457,59702067;4,53871300
-457,51510067;4,49385100
-457,43318067;4,49385100
-457,35126067;4,49385100
-457,26934067;4,49385100
-457,18742067;4,49385100
-457,10550067;4,49385100
-457,02358068;4,49385100
-456,94166068;4,44883600
-456,85974068;4,49385100
-456,77782068;4,44883600
-456,69590068;4,44883600
-456,61398068;4,40397400
-456,53206068;4,40397400
-456,45014068;4,40397400
-456,36822068;4,40397400
-456,28630068;4,40397400
-456,20438068;4,40397400
-456,12246068;4,40397400
-456,04054068;4,35895900
-455,95862068;4,31409600
-455,87670068;4,31409600
-455,79478068;4,31409600
-455,71286068;4,31409600
-455,63094068;4,31409600
-455,54902068;4,31409600
-455,46710068;4,31409600
-455,38518068;4,31409600
-455,30326069;4,31409600
-455,22134069;4,31409600
-455,13942069;4,26908200
-455,05750069;4,26908200
-454,97558069;4,26908200
-454,89366069;4,26908200
-454,81174069;4,26908200
-454,72982069;4,22406700
-454,64790069;4,22406700
-454,56598069;4,22406700
-454,48406069;4,22406700
-454,40214069;4,22406700
-454,32022069;4,17920400
-454,23830069;4,17920400
-454,15638069;4,17920400
-454,07446069;4,17920400
-453,99254069;4,13419000
-453,91062069;4,13419000
-453,82870069;4,13419000
-453,74678069;4,13419000
-453,66486070;4,13419000
-453,58294070;4,13419000
-453,50102070;4,13419000
-453,41910070;4,08932800
-453,33718070;4,13419000
-453,25526070;4,08932800
-453,17334070;4,08932800
-453,09142070;4,08932800
-453,00950070;4,04431300
-452,92758070;4,04431300
-452,84566070;4,04431300
-452,76374070;4,04431300
-452,68182070;4,04431300
-452,59990070;4,04431300
-452,51798070;3,99929800
-452,43606070;3,99929800
-452,35414070;3,99929800
-452,27222070;3,99929800
-452,19030070;3,95443600
-452,10838070;3,95443600
-452,02646071;3,95443600
-451,94454071;3,95443600
-451,86262071;3,95443600
-451,78070071;3,95443600
-451,69878071;3,95443600
-451,61686071;3,95443600
-451,53494071;3,95443600
-451,45302071;3,95443600
-451,37110071;3,90942100
-451,28918071;3,90942100
-451,20726071;3,90942100
-451,12534071;3,90942100
-451,04342071;3,86455900
-450,96150071;3,86455900
-450,87958071;3,90942100
-450,79766071;3,90942100
-450,71574071;3,95443600
-450,63382071;3,95443600
-450,55190071;4,04431300
-450,46998071;4,08932800
-450,38806072;4,13419000
-450,30614072;4,13419000
-450,22422072;4,22406700
-450,14230072;4,22406700
-450,06038072;4,31409600
-449,97846072;4,35895900
-449,89654072;4,40397400
-449,81462072;4,40397400
-449,73270072;4,49385100
-449,65078072;4,44883600
-449,56886072;4,49385100
-449,48694072;4,49385100
-449,40502072;4,49385100
-449,32310072;4,53871300
-449,24118072;4,58372700
-449,15926072;4,58372700
-449,07734072;4,58372700
-448,99542072;4,58372700
-448,91350072;4,62874200
-448,83158072;4,62874200
-448,74966073;4,58372700
-448,66774073;4,62874200
-448,58582073;4,62874200
-448,50390073;4,62874200
-448,42198073;4,62874200
-448,34006073;4,58372700
-448,25814073;4,58372700
-448,17622073;4,58372700
-448,09430073;4,58372700
-448,01238073;4,58372700
-447,93046073;4,58372700
-447,84854073;4,53871300
-447,76662073;4,49385100
-447,68470073;4,49385100
-447,60278073;4,49385100
-447,52086073;4,49385100
-447,43894073;4,49385100
-447,35702073;4,49385100
-447,27510073;4,49385100
-447,19318073;4,49385100
-447,11126074;4,49385100
-447,02934074;4,49385100
-446,94742074;4,44883600
-446,86550074;4,44883600
-446,78358074;4,44883600
-446,70166074;4,40397400
-446,61974074;4,40397400
-446,53782074;4,40397400
-446,45590074;4,40397400
-446,37398074;4,40397400
-446,29206074;4,40397400
-446,21014074;4,35895900
-446,12822074;4,40397400
-446,04630074;4,35895900
-445,96438074;4,35895900
-445,88246074;4,31409600
-445,80054074;4,31409600
-445,71862074;4,31409600
-445,63670074;4,31409600
-445,55478074;4,31409600
-445,47286075;4,31409600
-445,39094075;4,31409600
-445,30902075;4,31409600
-445,22710075;4,31409600
-445,14518075;4,26908200
-445,06326075;4,26908200
-444,98134075;4,26908200
-444,89942075;4,22406700
-444,81750075;4,22406700
-444,73558075;4,22406700
-444,65366075;4,22406700
-444,57174075;4,22406700
-444,48982075;4,22406700
-444,40790075;4,17920400
-444,32598075;4,17920400
-444,24406075;4,17920400
-444,16214075;4,17920400
-444,08022075;4,17920400
-443,99830075;4,13419000
-443,91638075;4,13419000
-443,83446076;4,13419000
-443,75254076;4,13419000
-443,67062076;4,13419000
-443,58870076;4,13419000
-443,50678076;4,13419000
-443,42486076;4,08932800
-443,34294076;4,08932800
-443,26102076;4,08932800
-443,17910076;4,08932800
-443,09718076;4,04431300
-443,01526076;4,04431300
-442,93334076;4,08932800
-442,85142076;4,04431300
-442,76950076;4,04431300
-442,68758076;4,04431300
-442,60566076;4,04431300
-442,52374076;4,04431300
-442,44182076;3,99929800
-442,35990076;4,04431300
-442,27798076;3,95443600
-442,19606077;3,95443600
-442,11414077;3,95443600
-442,03222077;3,95443600
-441,95030077;3,95443600
-441,86838077;3,95443600
-441,78646077;3,95443600
-441,70454077;3,95443600
-441,62262077;3,95443600
-441,54070077;3,90942100
-441,45878077;3,95443600
-441,37686077;3,90942100
-441,29494077;3,90942100
-441,21302077;3,86455900
-441,13110077;3,86455900
-441,04918077;3,86455900
-440,96726077;3,90942100
-440,88534077;3,90942100
-440,80342077;3,90942100
-440,72150077;3,95443600
-440,63958077;3,95443600
-440,55766078;4,04431300
-440,47574078;4,13419000
-440,39382078;4,13419000
-440,31190078;4,22406700
-440,22998078;4,26908200
-440,14806078;4,31409600
-440,06614078;4,31409600
-439,98422078;4,40397400
-439,90230078;4,40397400
-439,82038078;4,49385100
-439,73846078;4,49385100
-439,65654078;4,49385100
-439,57462078;4,49385100
-439,49270078;4,49385100
-439,41078078;4,53871300
-439,32886078;4,58372700
-439,24694078;4,58372700
-439,16502078;4,58372700
-439,08310078;4,58372700
-439,00118078;4,62874200
-438,91926079;4,62874200
-438,83734079;4,62874200
-438,75542079;4,58372700
-438,67350079;4,62874200
-438,59158079;4,62874200
-438,50966079;4,58372700
-438,42774079;4,58372700
-438,34582079;4,58372700
-438,26390079;4,58372700
-438,18198079;4,58372700
-438,10006079;4,58372700
-438,01814079;4,58372700
-437,93622079;4,53871300
-437,85430079;4,58372700
-437,77238079;4,53871300
-437,69046079;4,53871300
-437,60854079;4,49385100
-437,52662079;4,53871300
-437,44470079;4,49385100
-437,36278079;4,49385100
-437,28086079;4,49385100
-437,19894080;4,49385100
-437,11702080;4,49385100
-437,03510080;4,49385100
-436,95318080;4,44883600
-436,87126080;4,44883600
-436,78934080;4,44883600
-436,70742080;4,40397400
-436,62550080;4,44883600
-436,54358080;4,40397400
-436,46166080;4,40397400
-436,37974080;4,40397400
-436,29782080;4,40397400
-436,21590080;4,40397400
-436,13398080;4,40397400
-436,05206080;4,40397400
-435,97014080;4,35895900
-435,88822080;4,35895900
-435,80630080;4,31409600
-435,72438080;4,31409600
-435,64246080;4,31409600
-435,56054081;4,31409600
-435,47862081;4,31409600
-435,39670081;4,31409600
-435,31478081;4,31409600
-435,23286081;4,26908200
-435,15094081;4,26908200
-435,06902081;4,26908200
-434,98710081;4,26908200
-434,90518081;4,26908200
-434,82326081;4,22406700
-434,74134081;4,22406700
-434,65942081;4,22406700
-434,57750081;4,22406700
-434,49558081;4,22406700
-434,41366081;4,22406700
-434,33174081;4,22406700
-434,24982081;4,17920400
-434,16790081;4,17920400
-434,08598081;4,13419000
-434,00406081;4,13419000
-433,92214082;4,13419000
-433,84022082;4,13419000
-433,75830082;4,13419000
-433,67638082;4,13419000
-433,59446082;4,13419000
-433,51254082;4,13419000
-433,43062082;4,13419000
-433,34870082;4,08932800
-433,26678082;4,08932800
-433,18486082;4,08932800
-433,10294082;4,04431300
-433,02102082;4,04431300
-432,93910082;4,04431300
-432,85718082;4,04431300
-432,77526082;4,04431300
-432,69334082;4,04431300
-432,61142082;4,04431300
-432,52950082;4,04431300
-432,44758082;4,04431300
-432,36566082;3,99929800
-432,28374083;3,95443600
-432,20182083;3,95443600
-432,11990083;3,95443600
-432,03798083;3,95443600
-431,95606083;3,95443600
-431,87414083;3,95443600
-431,79222083;3,95443600
-431,71030083;3,95443600
-431,62838083;3,95443600
-431,54646083;3,90942100
-431,46454083;3,90942100
-431,38262083;3,90942100
-431,30070083;3,86455900
-431,21878083;3,90942100
-431,13686083;3,86455900
-431,05494083;3,86455900
-430,97302083;3,86455900
-430,89110083;3,90942100
-430,80918083;3,90942100
-430,72726083;3,95443600
-430,64534084;3,95443600
-430,56342084;3,99929800
-430,48150084;4,04431300
-430,39958084;4,13419000
-430,31766084;4,13419000
-430,23574084;4,22406700
-430,15382084;4,22406700
-430,07190084;4,31409600
-429,98998084;4,31409600
-429,90806084;4,40397400
-429,82614084;4,40397400
-429,74422084;4,40397400
-429,66230084;4,49385100
-429,58038084;4,49385100
-429,49846084;4,49385100
-429,41654084;4,53871300
-429,33462084;4,53871300
-429,25270084;4,58372700
-429,17078084;4,58372700
-429,08886084;4,58372700
-429,00694085;4,58372700
-428,92502085;4,62874200
-428,84310085;4,58372700
-428,76118085;4,62874200
-428,67926085;4,62874200
-428,59734085;4,62874200
-428,51542085;4,62874200
-428,43350085;4,62874200
-428,35158085;4,58372700
-428,26966085;4,58372700
-428,18774085;4,58372700
-428,10582085;4,58372700
-428,02390085;4,58372700
-427,94198085;4,58372700
-427,86006085;4,53871300
-427,77814085;4,53871300
-427,69622085;4,53871300
-427,61430085;4,53871300
-427,53238085;4,49385100
-427,45046085;4,49385100
-427,36854086;4,49385100
-427,28662086;4,49385100
-427,20470086;4,49385100
-427,12278086;4,49385100
-427,04086086;4,44883600
-426,95894086;4,44883600
-426,87702086;4,44883600
-426,79510086;4,44883600
-426,71318086;4,40397400
-426,63126086;4,40397400
-426,54934086;4,40397400
-426,46742086;4,40397400
-426,38550086;4,40397400
-426,30358086;4,40397400
-426,22166086;4,40397400
-426,13974086;4,40397400
-426,05782086;4,35895900
-425,97590086;4,35895900
-425,89398086;4,35895900
-425,81206086;4,31409600
-425,73014087;4,31409600
-425,64822087;4,31409600
-425,56630087;4,31409600
-425,48438087;4,31409600
-425,40246087;4,31409600
-425,32054087;4,31409600
-425,23862087;4,26908200
-425,15670087;4,26908200
-425,07478087;4,26908200
-424,99286087;4,26908200
-424,91094087;4,26908200
-424,82902087;4,22406700
-424,74710087;4,22406700
-424,66518087;4,22406700
-424,58326087;4,22406700
-424,50134087;4,17920400
-424,41942087;4,17920400
-424,33750087;4,17920400
-424,25558087;4,17920400
-424,17366087;4,17920400
-424,09174088;4,17920400
-424,00982088;4,17920400
-423,92790088;4,13419000
-423,84598088;4,13419000
-423,76406088;4,13419000
-423,68214088;4,13419000
-423,60022088;4,13419000
-423,51830088;4,13419000
-423,43638088;4,08932800
-423,35446088;4,08932800
-423,27254088;4,08932800
-423,19062088;4,08932800
-423,10870088;4,08932800
-423,02678088;4,04431300
-422,94486088;4,04431300
-422,86294088;4,04431300
-422,78102088;4,04431300
-422,69910088;4,04431300
-422,61718088;4,04431300
-422,53526088;4,04431300
-422,45334089;3,99929800
-422,37142089;3,99929800
-422,28950089;3,95443600
-422,20758089;3,95443600
-422,12566089;3,95443600
-422,04374089;3,95443600
-421,96182089;3,95443600
-421,87990089;3,95443600
-421,79798089;3,95443600
-421,71606089;3,95443600
-421,63414089;3,95443600
-421,55222089;3,90942100
-421,47030089;3,95443600
-421,38838089;3,90942100
-421,30646089;3,90942100
-421,22454089;3,86455900
-421,14262089;3,90942100
-421,06070089;3,90942100
-420,97878089;3,86455900
-420,89686089;3,86455900
-420,81494090;3,90942100
-420,73302090;3,95443600
-420,65110090;3,95443600
-420,56918090;4,04431300
-420,48726090;4,08932800
-420,40534090;4,13419000
-420,32342090;4,17920400
-420,24150090;4,22406700
-420,15958090;4,31409600
-420,07766090;4,31409600
-419,99574090;4,31409600
-419,91382090;4,40397400
-419,83190090;4,40397400
-419,74998090;4,49385100
-419,66806090;4,49385100
-419,58614090;4,49385100
-419,50422090;4,49385100
-419,42230090;4,53871300
-419,34038090;4,58372700
-419,25846090;4,58372700
-419,17654091;4,58372700
-419,09462091;4,58372700
-419,01270091;4,62874200
-418,93078091;4,62874200
-418,84886091;4,62874200
-418,76694091;4,62874200
-418,68502091;4,62874200
-418,60310091;4,62874200
-418,52118091;4,62874200
-418,43926091;4,62874200
-418,35734091;4,58372700
-418,27542091;4,58372700
-418,19350091;4,58372700
-418,11158091;4,58372700
-418,02966091;4,58372700
-417,94774091;4,58372700
-417,86582091;4,53871300
-417,78390091;4,53871300
-417,70198091;4,53871300
-417,62006091;4,53871300
-417,53814091;4,49385100
-417,45622092;4,49385100
-417,37430092;4,49385100
-417,29238092;4,49385100
-417,21046092;4,49385100
-417,12854092;4,49385100
-417,04662092;4,49385100
-416,96470092;4,44883600
-416,88278092;4,44883600
-416,80086092;4,40397400
-416,71894092;4,44883600
-416,63702092;4,44883600
-416,55510092;4,40397400
-416,47318092;4,40397400
-416,39126092;4,40397400
-416,30934092;4,40397400
-416,22742092;4,40397400
-416,14550092;4,40397400
-416,06358092;4,35895900
-415,98166092;4,35895900
-415,89974092;4,31409600
-415,81782093;4,31409600
-415,73590093;4,31409600
-415,65398093;4,31409600
-415,57206093;4,31409600
-415,49014093;4,31409600
-415,40822093;4,31409600
-415,32630093;4,31409600
-415,24438093;4,31409600
-415,16246093;4,26908200
-415,08054093;4,26908200
-414,99862093;4,26908200
-414,91670093;4,26908200
-414,83478093;4,22406700
-414,75286093;4,22406700
-414,67094093;4,22406700
-414,58902093;4,22406700
-414,50710093;4,22406700
-414,42518093;4,22406700
-414,34326093;4,22406700
-414,26134093;4,22406700
-414,17942094;4,17920400
-414,09750094;4,17920400
-414,01558094;4,17920400
-413,93366094;4,13419000
-413,85174094;4,13419000
-413,76982094;4,13419000
-413,68790094;4,13419000
-413,60598094;4,13419000
-413,52406094;4,13419000
-413,44214094;4,13419000
-413,36022094;4,08932800
-413,27830094;4,08932800
-413,19638094;4,08932800
-413,11446094;4,08932800
-413,03254094;4,04431300
-412,95062094;4,04431300
-412,86870094;4,04431300
-412,78678094;4,04431300
-412,70486094;4,04431300
-412,62294094;4,04431300
-412,54102095;4,04431300
-412,45910095;4,04431300
-412,37718095;4,04431300
-412,29526095;3,99929800
-412,21334095;3,95443600
-412,13142095;3,99929800
-412,04950095;3,95443600
-411,96758095;3,95443600
-411,88566095;3,95443600
-411,80374095;3,95443600
-411,72182095;3,95443600
-411,63990095;3,95443600
-411,55798095;3,95443600
-411,47606095;3,90942100
-411,39414095;3,90942100
-411,31222095;3,90942100
-411,23030095;3,90942100
-411,14838095;3,86455900
-411,06646095;3,90942100
-410,98454095;3,86455900
-410,90262096;3,86455900
-410,82070096;3,90942100
-410,73878096;3,95443600
-410,65686096;3,95443600
-410,57494096;3,99929800
-410,49302096;4,04431300
-410,41110096;4,08932800
-410,32918096;4,13419000
-410,24726096;4,22406700
-410,16534096;4,22406700
-410,08342096;4,31409600
-410,00150096;4,31409600
-409,91958096;4,40397400
-409,83766096;4,40397400
-409,75574096;4,44883600
-409,67382096;4,44883600
-409,59190096;4,49385100
-409,50998096;4,49385100
-409,42806096;4,53871300
-409,34614096;4,53871300
-409,26422097;4,53871300
-409,18230097;4,58372700
-409,10038097;4,58372700
-409,01846097;4,58372700
-408,93654097;4,62874200
-408,85462097;4,58372700
-408,77270097;4,58372700
-408,69078097;4,62874200
-408,60886097;4,62874200
-408,52694097;4,62874200
-408,44502097;4,62874200
-408,36310097;4,58372700
-408,28118097;4,62874200
-408,19926097;4,58372700
-408,11734097;4,58372700
-408,03542097;4,58372700
-407,95350097;4,58372700
-407,87158097;4,58372700
-407,78966097;4,53871300
-407,70774097;4,53871300
-407,62582098;4,53871300
-407,54390098;4,53871300
-407,46198098;4,49385100
-407,38006098;4,49385100
-407,29814098;4,49385100
-407,21622098;4,49385100
-407,13430098;4,49385100
-407,05238098;4,49385100
-406,97046098;4,44883600
-406,88854098;4,49385100
-406,80662098;4,44883600
-406,72470098;4,40397400
-406,64278098;4,40397400
-406,56086098;4,40397400
-406,47894098;4,40397400
-406,39702098;4,40397400
-406,31510098;4,40397400
-406,23318098;4,40397400
-406,15126098;4,40397400
-406,06934098;4,40397400
-405,98742099;4,35895900
-405,90550099;4,35895900
-405,82358099;4,31409600
-405,74166099;4,31409600
-405,65974099;4,31409600
-405,57782099;4,31409600
-405,49590099;4,31409600
-405,41398099;4,31409600
-405,33206099;4,31409600
-405,25014099;4,26908200
-405,16822099;4,26908200
-405,08630099;4,26908200
-405,00438099;4,22406700
-404,92246099;4,22406700
-404,84054099;4,22406700
-404,75862099;4,22406700
-404,67670099;4,22406700
-404,59478099;4,22406700
-404,51286099;4,22406700
-404,43094099;4,22406700
-404,34902100;4,22406700
-404,26710100;4,17920400
-404,18518100;4,17920400
-404,10326100;4,13419000
-404,02134100;4,13419000
-403,93942100;4,13419000
-403,85750100;4,13419000
-403,77558100;4,13419000
-403,69366100;4,13419000
-403,61174100;4,13419000
-403,52982100;4,13419000
-403,44790100;4,13419000
-403,36598100;4,13419000
-403,28406100;4,08932800
-403,20214100;4,08932800
-403,12022100;4,08932800
-403,03830100;4,04431300
-402,95638100;4,04431300
-402,87446100;4,04431300
-402,79254100;4,04431300
-402,71062101;4,04431300
-402,62870101;4,04431300
-402,54678101;4,04431300
-402,46486101;4,04431300
-402,38294101;4,04431300
-402,30102101;3,99929800
-402,21910101;3,95443600
-402,13718101;3,95443600
-402,05526101;3,95443600
-401,97334101;3,95443600
-401,89142101;3,95443600
-401,80950101;3,95443600
-401,72758101;3,95443600
-401,64566101;3,95443600
-401,56374101;3,95443600
-401,48182101;3,95443600
-401,39990101;3,90942100
-401,31798101;3,90942100
-401,23606101;3,90942100
-401,15414101;3,90942100
-401,07222102;3,86455900
-400,99030102;3,86455900
-400,90838102;3,86455900
-400,82646102;3,90942100
-400,74454102;3,90942100
-400,66262102;3,95443600
-400,58070102;4,04431300
-400,49878102;4,04431300
-400,41686102;4,13419000
-400,33494102;4,13419000
-400,25302102;4,22406700
-400,17110102;4,26908200
-400,08918102;4,31409600
-400,00726102;4,35895900
-399,92534102;4,40397400
-399,84342102;4,44883600
-399,76150102;4,44883600
-399,67958102;4,49385100
-399,59766102;4,49385100
-399,51574102;4,53871300
-399,43382103;4,53871300
-399,35190103;4,58372700
-399,26998103;4,58372700
-399,18806103;4,58372700
-399,10614103;4,58372700
-399,02422103;4,62874200
-398,94230103;4,62874200
-398,86038103;4,67360400
-398,77846103;4,62874200
-398,69654103;4,58372700
-398,61462103;4,62874200
-398,53270103;4,62874200
-398,45078103;4,62874200
-398,36886103;4,58372700
-398,28694103;4,58372700
-398,20502103;4,58372700
-398,12310103;4,58372700
-398,04118103;4,58372700
-397,95926103;4,58372700
-397,87734103;4,58372700
-397,79542103;4,53871300
-397,71350104;4,53871300
-397,63158104;4,53871300
-397,54966104;4,49385100
-397,46774104;4,49385100
-397,38582104;4,49385100
-397,30390104;4,49385100
-397,22198104;4,49385100
-397,14006104;4,49385100
-397,05814104;4,49385100
-396,97622104;4,44883600
-396,89430104;4,49385100
-396,81238104;4,44883600
-396,73046104;4,40397400
-396,64854104;4,44883600
-396,56662104;4,40397400
-396,48470104;4,40397400
-396,40278104;4,40397400
-396,32086104;4,40397400
-396,23894104;4,40397400
-396,15702104;4,40397400
-396,07510105;4,40397400
-395,99318105;4,40397400
-395,91126105;4,35895900
-395,82934105;4,35895900
-395,74742105;4,31409600
-395,66550105;4,31409600
-395,58358105;4,31409600
-395,50166105;4,31409600
-395,41974105;4,31409600
-395,33782105;4,31409600
-395,25590105;4,31409600
-395,17398105;4,26908200
-395,09206105;4,26908200
-395,01014105;4,26908200
-394,92822105;4,26908200
-394,84630105;4,22406700
-394,76438105;4,22406700
-394,68246105;4,22406700
-394,60054105;4,22406700
-394,51862105;4,22406700
-394,43670106;4,22406700
-394,35478106;4,22406700
-394,27286106;4,17920400
-394,19094106;4,13419000
-394,10902106;4,17920400
-394,02710106;4,13419000
-393,94518106;4,13419000
-393,86326106;4,13419000
-393,78134106;4,13419000
-393,69942106;4,13419000
-393,61750106;4,13419000
-393,53558106;4,13419000
-393,45366106;4,13419000
-393,37174106;4,13419000
-393,28982106;4,08932800
-393,20790106;4,08932800
-393,12598106;4,04431300
-393,04406106;4,04431300
-392,96214106;4,04431300
-392,88022106;4,04431300
-392,79830107;4,04431300
-392,71638107;4,04431300
-392,63446107;4,04431300
-392,55254107;4,04431300
-392,47062107;4,04431300
-392,38870107;3,99929800
-392,30678107;3,99929800
-392,22486107;3,95443600
-392,14294107;3,99929800
-392,06102107;3,95443600
-391,97910107;3,95443600
-391,89718107;3,95443600
-391,81526107;3,95443600
-391,73334107;3,95443600
-391,65142107;3,95443600
-391,56950107;3,95443600
-391,48758107;3,95443600
-391,40566107;3,95443600
-391,32374107;3,95443600
-391,24182107;3,90942100
-391,15990108;3,90942100
-391,07798108;3,90942100
-390,99606108;3,86455900
-390,91414108;3,90942100
-390,83222108;3,90942100
-390,75030108;3,90942100
-390,66838108;3,95443600
-390,58646108;3,95443600
-390,50454108;4,04431300
-390,42262108;4,08932800
-390,34070108;4,13419000
-390,25878108;4,22406700
-390,17686108;4,22406700
-390,09494108;4,31409600
-390,01302108;4,31409600
-389,93110108;4,35895900
-389,84918108;4,40397400
-389,76726108;4,40397400
-389,68534108;4,44883600
-389,60342108;4,49385100
-389,52150109;4,49385100
-389,43958109;4,49385100
-389,35766109;4,53871300
-389,27574109;4,53871300
-389,19382109;4,58372700
-389,11190109;4,58372700
-389,02998109;4,58372700
-388,94806109;4,58372700
-388,86614109;4,62874200
-388,78422109;4,58372700
-388,70230109;4,62874200
-388,62038109;4,62874200
-388,53846109;4,58372700
-388,45654109;4,58372700
-388,37462109;4,58372700
-388,29270109;4,58372700
-388,21078109;4,58372700
-388,12886109;4,58372700
-388,04694109;4,58372700
-387,96502109;4,58372700
-387,88310110;4,58372700
-387,80118110;4,53871300
-387,71926110;4,53871300
-387,63734110;4,49385100
-387,55542110;4,49385100
-387,47350110;4,49385100
-387,39158110;4,49385100
-387,30966110;4,49385100
-387,22774110;4,49385100
-387,14582110;4,49385100
-387,06390110;4,49385100
-386,98198110;4,49385100
-386,90006110;4,44883600
-386,81814110;4,44883600
-386,73622110;4,44883600
-386,65430110;4,40397400
-386,57238110;4,40397400
-386,49046110;4,40397400
-386,40854110;4,40397400
-386,32662110;4,40397400
-386,24470111;4,40397400
-386,16278111;4,40397400
-386,08086111;4,40397400
-385,99894111;4,35895900
-385,91702111;4,35895900
-385,83510111;4,31409600
-385,75318111;4,31409600
-385,67126111;4,31409600
-385,58934111;4,31409600
-385,50742111;4,31409600
-385,42550111;4,31409600
-385,34358111;4,31409600
-385,26166111;4,26908200
-385,17974111;4,26908200
-385,09782111;4,26908200
-385,01590111;4,26908200
-384,93398111;4,26908200
-384,85206111;4,22406700
-384,77014111;4,22406700
-384,68822111;4,22406700
-384,60630112;4,22406700
-384,52438112;4,22406700
-384,44246112;4,22406700
-384,36054112;4,22406700
-384,27862112;4,17920400
-384,19670112;4,17920400
-384,11478112;4,13419000
-384,03286112;4,17920400
-383,95094112;4,13419000
-383,86902112;4,13419000
-383,78710112;4,13419000
-383,70518112;4,13419000
-383,62326112;4,13419000
-383,54134112;4,13419000
-383,45942112;4,13419000
-383,37750112;4,13419000
-383,29558112;4,08932800
-383,21366112;4,08932800
-383,13174112;4,08932800
-383,04982112;4,08932800
-382,96790113;4,04431300
-382,88598113;4,04431300
-382,80406113;4,04431300
-382,72214113;4,04431300
-382,64022113;4,04431300
-382,55830113;4,04431300
-382,47638113;4,04431300
-382,39446113;3,99929800
-382,31254113;3,99929800
-382,23062113;3,99929800
-382,14870113;3,95443600
-382,06678113;3,95443600
-381,98486113;3,95443600
-381,90294113;3,95443600
-381,82102113;3,95443600
-381,73910113;3,95443600
-381,65718113;3,95443600
-381,57526113;3,95443600
-381,49334113;3,95443600
-381,41142113;3,90942100
-381,32950114;3,90942100
-381,24758114;3,90942100
-381,16566114;3,86455900
-381,08374114;3,90942100
-381,00182114;3,86455900
-380,91990114;3,86455900
-380,83798114;3,86455900
-380,75606114;3,95443600
-380,67414114;3,95443600
-380,59222114;4,04431300
-380,51030114;4,04431300
-380,42838114;4,13419000
-380,34646114;4,13419000
-380,26454114;4,22406700
-380,18262114;4,26908200
-380,10070114;4,31409600
-380,01878114;4,35895900
-379,93686114;4,40397400
-379,85494114;4,40397400
-379,77302114;4,44883600
-379,69110114;4,49385100
-379,60918115;4,49385100
-379,52726115;4,49385100
-379,44534115;4,53871300
-379,36342115;4,58372700
-379,28150115;4,58372700
-379,19958115;4,58372700
-379,11766115;4,58372700
-379,03574115;4,62874200
-378,95382115;4,62874200
-378,87190115;4,62874200
-378,78998115;4,62874200
-378,70806115;4,62874200
-378,62614115;4,58372700
-378,54422115;4,58372700
-378,46230115;4,58372700
-378,38038115;4,58372700
-378,29846115;4,58372700
-378,21654115;4,58372700
-378,13462115;4,58372700
-378,05270115;4,58372700
-377,97078116;4,58372700
-377,88886116;4,58372700
-377,80694116;4,58372700
-377,72502116;4,53871300
-377,64310116;4,53871300
-377,56118116;4,53871300
-377,47926116;4,49385100
-377,39734116;4,49385100
-377,31542116;4,49385100
-377,23350116;4,49385100
-377,15158116;4,49385100
-377,06966116;4,49385100
-376,98774116;4,49385100
-376,90582116;4,49385100
-376,82390116;4,44883600
-376,74198116;4,44883600
-376,66006116;4,40397400
-376,57814116;4,40397400
-376,49622116;4,40397400
-376,41430116;4,40397400
-376,33238117;4,40397400
-376,25046117;4,40397400
-376,16854117;4,40397400
-376,08662117;4,40397400
-376,00470117;4,35895900
-375,92278117;4,35895900
-375,84086117;4,31409600
-375,75894117;4,31409600
-375,67702117;4,31409600
-375,59510117;4,31409600
-375,51318117;4,31409600
-375,43126117;4,31409600
-375,34934117;4,31409600
-375,26742117;4,31409600
-375,18550117;4,26908200
-375,10358117;4,26908200
-375,02166117;4,26908200
-374,93974117;4,26908200
-374,85782117;4,22406700
-374,77590117;4,22406700
-374,69398118;4,22406700
-374,61206118;4,22406700
-374,53014118;4,22406700
-374,44822118;4,22406700
-374,36630118;4,17920400
-374,28438118;4,17920400
-374,20246118;4,17920400
-374,12054118;4,17920400
-374,03862118;4,13419000
-373,95670118;4,13419000
-373,87478118;4,13419000
-373,79286118;4,13419000
-373,71094118;4,13419000
-373,62902118;4,13419000
-373,54710118;4,13419000
-373,46518118;4,13419000
-373,38326118;4,13419000
-373,30134118;4,13419000
-373,21942118;4,08932800
-373,13750118;4,08932800
-373,05558119;4,04431300
-372,97366119;4,04431300
-372,89174119;4,04431300
-372,80982119;4,04431300
-372,72790119;4,04431300
-372,64598119;4,04431300
-372,56406119;4,04431300
-372,48214119;3,99929800
-372,40022119;4,04431300
-372,31830119;3,95443600
-372,23638119;3,95443600
-372,15446119;3,95443600
-372,07254119;3,95443600
-371,99062119;3,95443600
-371,90870119;3,95443600
-371,82678119;3,95443600
-371,74486119;3,95443600
-371,66294119;3,95443600
-371,58102119;3,95443600
-371,49910119;3,90942100
-371,41718120;3,95443600
-371,33526120;3,90942100
-371,25334120;3,90942100
-371,17142120;3,86455900
-371,08950120;3,86455900
-371,00758120;3,86455900
-370,92566120;3,86455900
-370,84374120;3,86455900
-370,76182120;3,90942100
-370,67990120;3,95443600
-370,59798120;3,99929800
-370,51606120;4,04431300
-370,43414120;4,08932800
-370,35222120;4,13419000
-370,27030120;4,17920400
-370,18838120;4,22406700
-370,10646120;4,26908200
-370,02454120;4,31409600
-369,94262120;4,31409600
-369,86070120;4,40397400
-369,77878121;4,40397400
-369,69686121;4,44883600
-369,61494121;4,49385100
-369,53302121;4,49385100
-369,45110121;4,49385100
-369,36918121;4,49385100
-369,28726121;4,53871300
-369,20534121;4,58372700
-369,12342121;4,58372700
-369,04150121;4,58372700
-368,95958121;4,58372700
-368,87766121;4,62874200
-368,79574121;4,62874200
-368,71382121;4,62874200
-368,63190121;4,62874200
-368,54998121;4,58372700
-368,46806121;4,58372700
-368,38614121;4,58372700
-368,30422121;4,58372700
-368,22230121;4,58372700
-368,14038122;4,58372700
-368,05846122;4,58372700
-367,97654122;4,58372700
-367,89462122;4,53871300
-367,81270122;4,53871300
-367,73078122;4,53871300
-367,64886122;4,53871300
-367,56694122;4,49385100
-367,48502122;4,49385100
-367,40310122;4,49385100
-367,32118122;4,49385100
-367,23926122;4,49385100
-367,15734122;4,49385100
-367,07542122;4,49385100
-366,99350122;4,49385100
-366,91158122;4,44883600
-366,82966122;4,44883600
-366,74774122;4,44883600
-366,66582122;4,44883600
-366,58390122;4,40397400
-366,50198123;4,40397400
-366,42006123;4,40397400
-366,33814123;4,40397400
-366,25622123;4,40397400
-366,17430123;4,40397400
-366,09238123;4,40397400
-366,01046123;4,35895900
-365,92854123;4,35895900
-365,84662123;4,31409600
-365,76470123;4,31409600
-365,68278123;4,31409600
-365,60086123;4,31409600
-365,51894123;4,31409600
-365,43702123;4,31409600
-365,35510123;4,31409600
-365,27318123;4,31409600
-365,19126123;4,31409600
-365,10934123;4,26908200
-365,02742123;4,26908200
-364,94550123;4,26908200
-364,86358124;4,22406700
-364,78166124;4,26908200
-364,69974124;4,22406700
-364,61782124;4,22406700
-364,53590124;4,22406700
-364,45398124;4,22406700
-364,37206124;4,22406700
-364,29014124;4,17920400
-364,20822124;4,17920400
-364,12630124;4,17920400
-364,04438124;4,13419000
-363,96246124;4,13419000
-363,88054124;4,13419000
-363,79862124;4,13419000
-363,71670124;4,13419000
-363,63478124;4,13419000
-363,55286124;4,13419000
-363,47094124;4,13419000
-363,38902124;4,08932800
-363,30710124;4,08932800
-363,22518125;4,08932800
-363,14326125;4,08932800
-363,06134125;4,08932800
-362,97942125;4,04431300
-362,89750125;4,04431300
-362,81558125;4,04431300
-362,73366125;4,04431300
-362,65174125;4,04431300
-362,56982125;4,04431300
-362,48790125;4,04431300
-362,40598125;4,04431300
-362,32406125;4,04431300
-362,24214125;3,95443600
-362,16022125;3,95443600
-362,07830125;3,95443600
-361,99638125;3,95443600
-361,91446125;3,95443600
-361,83254125;3,95443600
-361,75062125;3,95443600
-361,66870125;3,95443600
-361,58678126;3,95443600
-361,50486126;3,90942100
-361,42294126;3,95443600
-361,34102126;3,90942100
-361,25910126;3,90942100
-361,17718126;3,86455900
-361,09526126;3,90942100
-361,01334126;3,86455900
-360,93142126;3,86455900
-360,84950126;3,90942100
-360,76758126;3,95443600
-360,68566126;3,95443600
-360,60374126;3,99929800
-360,52182126;4,04431300
-360,43990126;4,08932800
-360,35798126;4,13419000
-360,27606126;4,22406700
-360,19414126;4,26908200
-360,11222126;4,31409600
-360,03030126;4,31409600
-359,94838126;4,40397400
-359,86646127;4,40397400
-359,78454127;4,44883600
-359,70262127;4,49385100
-359,62070127;4,49385100
-359,53878127;4,49385100
-359,45686127;4,53871300
-359,37494127;4,58372700
-359,29302127;4,58372700
-359,21110127;4,58372700
-359,12918127;4,58372700
-359,04726127;4,62874200
-358,96534127;4,62874200
-358,88342127;4,62874200
-358,80150127;4,62874200
-358,71958127;4,62874200
-358,63766127;4,58372700
-358,55574127;4,62874200
-358,47382127;4,58372700
-358,39190127;4,58372700
-358,30998127;4,58372700
-358,22806128;4,62874200
-358,14614128;4,58372700
-358,06422128;4,58372700
-357,98230128;4,58372700
-357,90038128;4,58372700
-357,81846128;4,58372700
-357,73654128;4,53871300
-357,65462128;4,53871300
-357,57270128;4,53871300
-357,49078128;4,49385100
-357,40886128;4,49385100
-357,32694128;4,49385100
-357,24502128;4,49385100
-357,16310128;4,49385100
-357,08118128;4,44883600
-356,99926128;4,49385100
-356,91734128;4,49385100
-356,83542128;4,44883600
-356,75350128;4,44883600
-356,67158128;4,44883600
-356,58966129;4,40397400
-356,50774129;4,40397400
-356,42582129;4,40397400
-356,34390129;4,40397400
-356,26198129;4,40397400
-356,18006129;4,40397400
-356,09814129;4,40397400
-356,01622129;4,35895900
-355,93430129;4,35895900
-355,85238129;4,35895900
-355,77046129;4,31409600
-355,68854129;4,31409600
-355,60662129;4,31409600
-355,52470129;4,31409600
-355,44278129;4,31409600
-355,36086129;4,31409600
-355,27894129;4,31409600
-355,19702129;4,26908200
-355,11510129;4,26908200
-355,03318129;4,26908200
-354,95126130;4,26908200
-354,86934130;4,22406700
-354,78742130;4,26908200
-354,70550130;4,22406700
-354,62358130;4,22406700
-354,54166130;4,22406700
-354,45974130;4,22406700
-354,37782130;4,17920400
-354,29590130;4,17920400
-354,21398130;4,13419000
-354,13206130;4,17920400
-354,05014130;4,17920400
-353,96822130;4,13419000
-353,88630130;4,13419000
-353,80438130;4,13419000
-353,72246130;4,13419000
-353,64054130;4,13419000
-353,55862130;4,13419000
-353,47670130;4,13419000
-353,39478130;4,13419000
-353,31286131;4,08932800
-353,23094131;4,08932800
-353,14902131;4,08932800
-353,06710131;4,04431300
-352,98518131;4,04431300
-352,90326131;4,04431300
-352,82134131;4,04431300
-352,73942131;4,04431300
-352,65750131;4,04431300
-352,57558131;4,04431300
-352,49366131;3,99929800
-352,41174131;3,99929800
-352,32982131;3,99929800
-352,24790131;3,99929800
-352,16598131;3,95443600
-352,08406131;3,95443600
-352,00214131;3,95443600
-351,92022131;3,95443600
-351,83830131;3,95443600
-351,75638131;3,95443600
-351,67446132;3,95443600
-351,59254132;3,95443600
-351,51062132;3,95443600
-351,42870132;3,90942100
-351,34678132;3,90942100
-351,26486132;3,90942100
-351,18294132;3,90942100
-351,10102132;3,90942100
-351,01910132;3,86455900
-350,93718132;3,86455900
-350,85526132;3,86455900
-350,77334132;3,90942100
-350,69142132;3,95443600
-350,60950132;3,95443600
-350,52758132;4,04431300
-350,44566132;4,04431300
-350,36374132;4,08932800
-350,28182132;4,17920400
-350,19990132;4,22406700
-350,11798132;4,26908200
-350,03606133;4,31409600
-349,95414133;4,31409600
-349,87222133;4,40397400
-349,79030133;4,40397400
-349,70838133;4,44883600
-349,62646133;4,49385100
-349,54454133;4,49385100
-349,46262133;4,49385100
-349,38070133;4,53871300
-349,29878133;4,53871300
-349,21686133;4,58372700
-349,13494133;4,58372700
-349,05302133;4,58372700
-348,97110133;4,58372700
-348,88918133;4,62874200
-348,80726133;4,62874200
-348,72534133;4,62874200
-348,64342133;4,62874200
-348,56150133;4,62874200
-348,47958133;4,58372700
-348,39766134;4,58372700
-348,31574134;4,62874200
-348,23382134;4,58372700
-348,15190134;4,58372700
-348,06998134;4,58372700
-347,98806134;4,58372700
-347,90614134;4,58372700
-347,82422134;4,53871300
-347,74230134;4,58372700
-347,66038134;4,53871300
-347,57846134;4,49385100
-347,49654134;4,49385100
-347,41462134;4,49385100
-347,33270134;4,49385100
-347,25078134;4,49385100
-347,16886134;4,49385100
-347,08694134;4,49385100
-347,00502134;4,44883600
-346,92310134;4,49385100
-346,84118134;4,44883600
-346,75926135;4,44883600
-346,67734135;4,40397400
-346,59542135;4,40397400
-346,51350135;4,40397400
-346,43158135;4,40397400
-346,34966135;4,40397400
-346,26774135;4,40397400
-346,18582135;4,40397400
-346,10390135;4,40397400
-346,02198135;4,35895900
-345,94006135;4,35895900
-345,85814135;4,35895900
-345,77622135;4,31409600
-345,69430135;4,31409600
-345,61238135;4,31409600
-345,53046135;4,31409600
-345,44854135;4,31409600
-345,36662135;4,31409600
-345,28470135;4,26908200
-345,20278135;4,26908200
-345,12086136;4,26908200
-345,03894136;4,26908200
-344,95702136;4,22406700
-344,87510136;4,22406700
-344,79318136;4,22406700
-344,71126136;4,22406700
-344,62934136;4,22406700
-344,54742136;4,22406700
-344,46550136;4,22406700
-344,38358136;4,22406700
-344,30166136;4,17920400
-344,21974136;4,17920400
-344,13782136;4,13419000
-344,05590136;4,13419000
-343,97398136;4,13419000
-343,89206136;4,13419000
-343,81014136;4,13419000
-343,72822136;4,13419000
-343,64630136;4,13419000
-343,56438136;4,13419000
-343,48246137;4,08932800
-343,40054137;4,13419000
-343,31862137;4,08932800
-343,23670137;4,08932800
-343,15478137;4,08932800
-343,07286137;4,04431300
-342,99094137;4,08932800
-342,90902137;4,04431300
-342,82710137;4,04431300
-342,74518137;4,04431300
-342,66326137;4,04431300
-342,58134137;4,04431300
-342,49942137;4,04431300
-342,41750137;4,04431300
-342,33558137;3,99929800
-342,25366137;3,99929800
-342,17174137;3,95443600
-342,08982137;3,95443600
-342,00790137;3,95443600
-341,92598137;3,95443600
-341,84406138;3,95443600
-341,76214138;3,95443600
-341,68022138;3,95443600
-341,59830138;3,95443600
-341,51638138;3,90942100
-341,43446138;3,90942100
-341,35254138;3,90942100
-341,27062138;3,90942100
-341,18870138;3,90942100
-341,10678138;3,86455900
-341,02486138;3,86455900
-340,94294138;3,86455900
-340,86102138;3,90942100
-340,77910138;3,95443600
-340,69718138;3,95443600
-340,61526138;3,95443600
-340,53334138;4,04431300
-340,45142138;4,08932800
-340,36950138;4,13419000
-340,28758138;4,22406700
-340,20566138;4,22406700
-340,12374139;4,26908200
-340,04182139;4,31409600
-339,95990139;4,35895900
-339,87798139;4,40397400
-339,79606139;4,40397400
-339,71414139;4,44883600
-339,63222139;4,49385100
-339,55030139;4,49385100
-339,46838139;4,53871300
-339,38646139;4,53871300
-339,30454139;4,58372700
-339,22262139;4,58372700
-339,14070139;4,58372700
-339,05878139;4,62874200
-338,97686139;4,62874200
-338,89494139;4,62874200
-338,81302139;4,62874200
-338,73110139;4,67360400
-338,64918139;4,62874200
-338,56726139;4,62874200
-338,48534140;4,62874200
-338,40342140;4,58372700
-338,32150140;4,62874200
-338,23958140;4,58372700
-338,15766140;4,58372700
-338,07574140;4,58372700
-337,99382140;4,58372700
-337,91190140;4,58372700
-337,82998140;4,53871300
-337,74806140;4,53871300
-337,66614140;4,49385100
-337,58422140;4,53871300
-337,50230140;4,49385100
-337,42038140;4,49385100
-337,33846140;4,49385100
-337,25654140;4,49385100
-337,17462140;4,49385100
-337,09270140;4,49385100
-337,01078140;4,49385100
-336,92886140;4,44883600
-336,84694141;4,44883600
-336,76502141;4,44883600
-336,68310141;4,44883600
-336,60118141;4,40397400
-336,51926141;4,44883600
-336,43734141;4,40397400
-336,35542141;4,40397400
-336,27350141;4,40397400
-336,19158141;4,40397400
-336,10966141;4,40397400
-336,02774141;4,35895900
-335,94582141;4,35895900
-335,86390141;4,31409600
-335,78198141;4,31409600
-335,70006141;4,31409600
-335,61814141;4,31409600
-335,53622141;4,31409600
-335,45430141;4,31409600
-335,37238141;4,31409600
-335,29046141;4,31409600
-335,20854142;4,31409600
-335,12662142;4,26908200
-335,04470142;4,26908200
-334,96278142;4,22406700
-334,88086142;4,22406700
-334,79894142;4,22406700
-334,71702142;4,22406700
-334,63510142;4,22406700
-334,55318142;4,22406700
-334,47126142;4,22406700
-334,38934142;4,22406700
-334,30742142;4,17920400
-334,22550142;4,17920400
-334,14358142;4,17920400
-334,06166142;4,13419000
-333,97974142;4,13419000
-333,89782142;4,13419000
-333,81590142;4,13419000
-333,73398142;4,13419000
-333,65206142;4,13419000
-333,57014143;4,13419000
-333,48822143;4,13419000
-333,40630143;4,13419000
-333,32438143;4,13419000
-333,24246143;4,13419000
-333,16054143;4,08932800
-333,07862143;4,08932800
-332,99670143;4,04431300
-332,91478143;4,04431300
-332,83286143;4,04431300
-332,75094143;4,04431300
-332,66902143;4,04431300
-332,58710143;4,04431300
-332,50518143;4,04431300
-332,42326143;3,99929800
-332,34134143;3,95443600
-332,25942143;3,99929800
-332,17750143;3,99929800
-332,09558143;3,99929800
-332,01366143;3,95443600
-331,93174144;3,95443600
-331,84982144;3,95443600
-331,76790144;3,95443600
-331,68598144;3,95443600
-331,60406144;3,95443600
-331,52214144;3,90942100
-331,44022144;3,95443600
-331,35830144;3,90942100
-331,27638144;3,90942100
-331,19446144;3,90942100
-331,11254144;3,86455900
-331,03062144;3,86455900
-330,94870144;3,86455900
-330,86678144;3,86455900
-330,78486144;3,90942100
-330,70294144;3,90942100
-330,62102144;3,95443600
-330,53910144;3,95443600
-330,45718144;4,04431300
-330,37526144;4,13419000
-330,29334145;4,13419000
-330,21142145;4,17920400
-330,12950145;4,22406700
-330,04758145;4,26908200
-329,96566145;4,31409600
-329,88374145;4,35895900
-329,80182145;4,40397400
-329,71990145;4,40397400
-329,63798145;4,44883600
-329,55606145;4,49385100
-329,47414145;4,49385100
-329,39222145;4,53871300
-329,31030145;4,53871300
-329,22838145;4,53871300
-329,14646145;4,58372700
-329,06454145;4,58372700
-328,98262145;4,58372700
-328,90070145;4,62874200
-328,81878145;4,62874200
-328,73686145;4,62874200
-328,65494146;4,62874200
-328,57302146;4,62874200
-328,49110146;4,58372700
-328,40918146;4,58372700
-328,32726146;4,58372700
-328,24534146;4,58372700
-328,16342146;4,58372700
-328,08150146;4,58372700
-327,99958146;4,58372700
-327,91766146;4,58372700
-327,83574146;4,58372700
-327,75382146;4,53871300
-327,67190146;4,49385100
-327,58998146;4,53871300
-327,50806146;4,53871300
-327,42614146;4,49385100
-327,34422146;4,49385100
-327,26230146;4,49385100
-327,18038146;4,49385100
-327,09846146;4,49385100
-327,01654147;4,49385100
-326,93462147;4,49385100
-326,85270147;4,44883600
-326,77078147;4,44883600
-326,68886147;4,44883600
-326,60694147;4,44883600
-326,52502147;4,40397400
-326,44310147;4,40397400
-326,36118147;4,40397400
-326,27926147;4,40397400
-326,19734147;4,40397400
-326,11542147;4,40397400
-326,03350147;4,35895900
-325,95158147;4,35895900
-325,86966147;4,31409600
-325,78774147;4,31409600
-325,70582147;4,35895900
-325,62390147;4,31409600
-325,54198147;4,31409600
-325,46006147;4,31409600
-325,37814148;4,31409600
-325,29622148;4,31409600
-325,21430148;4,31409600
-325,13238148;4,26908200
-325,05046148;4,26908200
-324,96854148;4,26908200
-324,88662148;4,26908200
-324,80470148;4,22406700
-324,72278148;4,22406700
-324,64086148;4,22406700
-324,55894148;4,22406700
-324,47702148;4,17920400
-324,39510148;4,17920400
-324,31318148;4,17920400
-324,23126148;4,22406700
-324,14934148;4,17920400
-324,06742148;4,17920400
-323,98550148;4,13419000
-323,90358148;4,13419000
-323,82166148;4,13419000
-323,73974149;4,13419000
-323,65782149;4,13419000
-323,57590149;4,13419000
-323,49398149;4,13419000
-323,41206149;4,13419000
-323,33014149;4,08932800
-323,24822149;4,08932800
-323,16630149;4,08932800
-323,08438149;4,04431300
-323,00246149;4,04431300
-322,92054149;4,08932800
-322,83862149;4,04431300
-322,75670149;4,04431300
-322,67478149;4,04431300
-322,59286149;4,04431300
-322,51094149;4,04431300
-322,42902149;4,04431300
-322,34710149;3,99929800
-322,26518149;3,99929800
-322,18326149;3,95443600
-322,10134149;3,95443600
-322,01942150;3,95443600
-321,93750150;3,95443600
-321,85558150;3,95443600
-321,77366150;3,95443600
-321,69174150;3,95443600
-321,60982150;3,95443600
-321,52790150;3,95443600
-321,44598150;3,95443600
-321,36406150;3,95443600
-321,28214150;3,90942100
-321,20022150;3,86455900
-321,11830150;3,86455900
-321,03638150;3,86455900
-320,95446150;3,90942100
-320,87254150;3,86455900
-320,79062150;3,90942100
-320,70870150;3,95443600
-320,62678150;3,95443600
-320,54486150;4,04431300
-320,46294150;4,04431300
-320,38102151;4,13419000
-320,29910151;4,13419000
-320,21718151;4,22406700
-320,13526151;4,26908200
-320,05334151;4,31409600
-319,97142151;4,31409600
-319,88950151;4,40397400
-319,80758151;4,40397400
-319,72566151;4,44883600
-319,64374151;4,49385100
-319,56182151;4,49385100
-319,47990151;4,49385100
-319,39798151;4,53871300
-319,31606151;4,53871300
-319,23414151;4,58372700
-319,15222151;4,58372700
-319,07030151;4,62874200
-318,98838151;4,62874200
-318,90646151;4,62874200
-318,82454151;4,62874200
-318,74262152;4,62874200
-318,66070152;4,62874200
-318,57878152;4,62874200
-318,49686152;4,62874200
-318,41494152;4,62874200
-318,33302152;4,58372700
-318,25110152;4,62874200
-318,16918152;4,58372700
-318,08726152;4,58372700
-318,00534152;4,58372700
-317,92342152;4,53871300
-317,84150152;4,53871300
-317,75958152;4,53871300
-317,67766152;4,53871300
-317,59574152;4,49385100
-317,51382152;4,49385100
-317,43190152;4,49385100
-317,34998152;4,49385100
-317,26806152;4,49385100
-317,18614152;4,49385100
-317,10422153;4,49385100
-317,02230153;4,49385100
-316,94038153;4,49385100
-316,85846153;4,44883600
-316,77654153;4,44883600
-316,69462153;4,40397400
-316,61270153;4,44883600
-316,53078153;4,40397400
-316,44886153;4,40397400
-316,36694153;4,40397400
-316,28502153;4,40397400
-316,20310153;4,40397400
-316,12118153;4,40397400
-316,03926153;4,40397400
-315,95734153;4,35895900
-315,87542153;4,31409600
-315,79350153;4,31409600
-315,71158153;4,31409600
-315,62966153;4,31409600
-315,54774153;4,31409600
-315,46582154;4,31409600
-315,38390154;4,31409600
-315,30198154;4,31409600
-315,22006154;4,31409600
-315,13814154;4,26908200
-315,05622154;4,26908200
-314,97430154;4,26908200
-314,89238154;4,26908200
-314,81046154;4,22406700
-314,72854154;4,22406700
-314,64662154;4,22406700
-314,56470154;4,22406700
-314,48278154;4,22406700
-314,40086154;4,22406700
-314,31894154;4,17920400
-314,23702154;4,17920400
-314,15510154;4,17920400
-314,07318154;4,17920400
-313,99126154;4,13419000
-313,90934154;4,13419000
-313,82742155;4,13419000
-313,74550155;4,13419000
-313,66358155;4,13419000
-313,58166155;4,13419000
-313,49974155;4,13419000
-313,41782155;4,08932800
-313,33590155;4,08932800
-313,25398155;4,08932800
-313,17206155;4,08932800
-313,09014155;4,08932800
-313,00822155;4,04431300
-312,92630155;4,04431300
-312,84438155;4,04431300
-312,76246155;4,04431300
-312,68054155;4,04431300
-312,59862155;4,04431300
-312,51670155;4,04431300
-312,43478155;4,04431300
-312,35286155;3,99929800
-312,27094155;3,99929800
-312,18902156;3,95443600
-312,10710156;3,95443600
-312,02518156;3,95443600
-311,94326156;3,95443600
-311,86134156;3,95443600
-311,77942156;3,95443600
-311,69750156;3,95443600
-311,61558156;3,95443600
-311,53366156;3,95443600
-311,45174156;3,95443600
-311,36982156;3,90942100
-311,28790156;3,90942100
-311,20598156;3,86455900
-311,12406156;3,90942100
-311,04214156;3,86455900
-310,96022156;3,86455900
-310,87830156;3,86455900
-310,79638156;3,90942100
-310,71446156;3,90942100
-310,63254156;3,95443600
-310,55062157;3,95443600
-310,46870157;4,04431300
-310,38678157;4,08932800
-310,30486157;4,13419000
-310,22294157;4,17920400
-310,14102157;4,22406700
-310,05910157;4,26908200
-309,97718157;4,31409600
-309,89526157;4,31409600
-309,81334157;4,40397400
-309,73142157;4,40397400
-309,64950157;4,44883600
-309,56758157;4,49385100
-309,48566157;4,49385100
-309,40374157;4,49385100
-309,32182157;4,49385100
-309,23990157;4,53871300
-309,15798157;4,58372700
-309,07606157;4,58372700
-308,99414157;4,58372700
-308,91222158;4,58372700
-308,83030158;4,62874200
-308,74838158;4,62874200
-308,66646158;4,62874200
-308,58454158;4,58372700
-308,50262158;4,62874200
-308,42070158;4,58372700
-308,33878158;4,58372700
-308,25686158;4,58372700
-308,17494158;4,58372700
-308,09302158;4,58372700
-308,01110158;4,58372700
-307,92918158;4,53871300
-307,84726158;4,53871300
-307,76534158;4,53871300
-307,68342158;4,53871300
-307,60150158;4,53871300
-307,51958158;4,49385100
-307,43766158;4,49385100
-307,35574158;4,49385100
-307,27382159;4,49385100
-307,19190159;4,49385100
-307,10998159;4,49385100
-307,02806159;4,49385100
-306,94614159;4,44883600
-306,86422159;4,49385100
-306,78230159;4,44883600
-306,70038159;4,44883600
-306,61846159;4,40397400
-306,53654159;4,40397400
-306,45462159;4,40397400
-306,37270159;4,40397400
-306,29078159;4,40397400
-306,20886159;4,40397400
-306,12694159;4,40397400
-306,04502159;4,35895900
-305,96310159;4,35895900
-305,88118159;4,35895900
-305,79926159;4,31409600
-305,71734159;4,31409600
-305,63542160;4,31409600
-305,55350160;4,31409600
-305,47158160;4,31409600
-305,38966160;4,31409600
-305,30774160;4,31409600
-305,22582160;4,26908200
-305,14390160;4,26908200
-305,06198160;4,26908200
-304,98006160;4,26908200
-304,89814160;4,22406700
-304,81622160;4,22406700
-304,73430160;4,22406700
-304,65238160;4,22406700
-304,57046160;4,22406700
-304,48854160;4,22406700
-304,40662160;4,22406700
-304,32470160;4,22406700
-304,24278160;4,17920400
-304,16086160;4,17920400
-304,07894160;4,17920400
-303,99702161;4,17920400
-303,91510161;4,13419000
-303,83318161;4,13419000
-303,75126161;4,13419000
-303,66934161;4,13419000
-303,58742161;4,13419000
-303,50550161;4,13419000
-303,42358161;4,13419000
-303,34166161;4,13419000
-303,25974161;4,08932800
-303,17782161;4,08932800
-303,09590161;4,04431300
-303,01398161;4,08932800
-302,93206161;4,08932800
-302,85014161;4,08932800
-302,76822161;4,04431300
-302,68630161;4,04431300
-302,60438161;4,04431300
-302,52246161;4,04431300
-302,44054161;3,99929800
-302,35862161;3,99929800
-302,27670162;3,99929800
-302,19478162;3,95443600
-302,11286162;3,95443600
-302,03094162;3,95443600
-301,94902162;3,95443600
-301,86710162;3,95443600
-301,78518162;3,95443600
-301,70326162;3,95443600
-301,62134162;3,95443600
-301,53942162;3,95443600
-301,45750162;3,95443600
-301,37558162;3,90942100
-301,29366162;3,90942100
-301,21174162;3,90942100
-301,12982162;3,86455900
-301,04790162;3,90942100
-300,96598162;3,90942100
-300,88406162;3,86455900
-300,80214162;3,90942100
-300,72022162;3,90942100
-300,63830163;3,95443600
-300,55638163;3,99929800
-300,47446163;4,04431300
-300,39254163;4,08932800
-300,31062163;4,13419000
-300,22870163;4,22406700
-300,14678163;4,26908200
-300,06486163;4,31409600
-299,98294163;4,31409600
-299,90102163;4,40397400
-299,81910163;4,40397400
-299,73718163;4,44883600
-299,65526163;4,44883600
-299,57334163;4,49385100
-299,49142163;4,49385100
-299,40950163;4,53871300
-299,32758163;4,53871300
-299,24566163;4,58372700
-299,16374163;4,58372700
-299,08182163;4,58372700
-298,99990164;4,58372700
-298,91798164;4,62874200
-298,83606164;4,62874200
-298,75414164;4,67360400
-298,67222164;4,62874200
-298,59030164;4,62874200
-298,50838164;4,62874200
-298,42646164;4,62874200
-298,34454164;4,58372700
-298,26262164;4,58372700
-298,18070164;4,58372700
-298,09878164;4,58372700
-298,01686164;4,58372700
-297,93494164;4,58372700
-297,85302164;4,53871300
-297,77110164;4,53871300
-297,68918164;4,49385100
-297,60726164;4,49385100
-297,52534164;4,49385100
-297,44342164;4,49385100
-297,36150165;4,49385100
-297,27958165;4,49385100
-297,19766165;4,49385100
-297,11574165;4,49385100
-297,03382165;4,44883600
-296,95190165;4,49385100
-296,86998165;4,44883600
-296,78806165;4,44883600
-296,70614165;4,44883600
-296,62422165;4,44883600
-296,54230165;4,40397400
-296,46038165;4,40397400
-296,37846165;4,40397400
-296,29654165;4,40397400
-296,21462165;4,40397400
-296,13270165;4,40397400
-296,05078165;4,40397400
-295,96886165;4,35895900
-295,88694165;4,31409600
-295,80502165;4,31409600
-295,72310166;4,31409600
-295,64118166;4,31409600
-295,55926166;4,31409600
-295,47734166;4,31409600
-295,39542166;4,31409600
-295,31350166;4,31409600
-295,23158166;4,31409600
-295,14966166;4,31409600
-295,06774166;4,26908200
-294,98582166;4,26908200
-294,90390166;4,26908200
-294,82198166;4,22406700
-294,74006166;4,22406700
-294,65814166;4,22406700
-294,57622166;4,22406700
-294,49430166;4,22406700
-294,41238166;4,22406700
-294,33046166;4,17920400
-294,24854166;4,17920400
-294,16662166;4,13419000
-294,08470167;4,17920400
-294,00278167;4,13419000
-293,92086167;4,17920400
-293,83894167;4,13419000
-293,75702167;4,13419000
-293,67510167;4,13419000
-293,59318167;4,13419000
-293,51126167;4,13419000
-293,42934167;4,13419000
-293,34742167;4,13419000
-293,26550167;4,08932800
-293,18358167;4,08932800
-293,10166167;4,08932800
-293,01974167;4,08932800
-292,93782167;4,08932800
-292,85590167;4,04431300
-292,77398167;4,04431300
-292,69206167;4,04431300
-292,61014167;4,04431300
-292,52822167;4,04431300
-292,44630168;4,04431300
-292,36438168;3,99929800
-292,28246168;3,99929800
-292,20054168;3,95443600
-292,11862168;3,95443600
-292,03670168;3,95443600
-291,95478168;3,95443600
-291,87286168;3,95443600
-291,79094168;3,95443600
-291,70902168;3,95443600
-291,62710168;3,95443600
-291,54518168;3,95443600
-291,46326168;3,95443600
-291,38134168;3,90942100
-291,29942168;3,90942100
-291,21750168;3,90942100
-291,13558168;3,90942100
-291,05366168;3,90942100
-290,97174168;3,86455900
-290,88982168;3,86455900
-290,80790169;3,90942100
-290,72598169;3,90942100
-290,64406169;3,95443600
-290,56214169;3,95443600
-290,48022169;4,04431300
-290,39830169;4,04431300
-290,31638169;4,13419000
-290,23446169;4,13419000
-290,15254169;4,22406700
-290,07062169;4,26908200
-289,98870169;4,31409600
-289,90678169;4,31409600
-289,82486169;4,40397400
-289,74294169;4,40397400
-289,66102169;4,44883600
-289,57910169;4,49385100
-289,49718169;4,49385100
-289,41526169;4,49385100
-289,33334169;4,53871300
-289,25142169;4,53871300
-289,16950170;4,58372700
-289,08758170;4,58372700
-289,00566170;4,58372700
-288,92374170;4,58372700
-288,84182170;4,62874200
-288,75990170;4,58372700
-288,67798170;4,62874200
-288,59606170;4,62874200
-288,51414170;4,62874200
-288,43222170;4,58372700
-288,35030170;4,62874200
-288,26838170;4,58372700
-288,18646170;4,58372700
-288,10454170;4,58372700
-288,02262170;4,58372700
-287,94070170;4,58372700
-287,85878170;4,58372700
-287,77686170;4,53871300
-287,69494170;4,53871300
-287,61302170;4,53871300
-287,53110171;4,49385100
-287,44918171;4,49385100
-287,36726171;4,49385100
-287,28534171;4,49385100
-287,20342171;4,49385100
-287,12150171;4,49385100
-287,03958171;4,49385100
-286,95766171;4,44883600
-286,87574171;4,44883600
-286,79382171;4,44883600
-286,71190171;4,40397400
-286,62998171;4,40397400
-286,54806171;4,40397400
-286,46614171;4,40397400
-286,38422171;4,40397400
-286,30230171;4,40397400
-286,22038171;4,40397400
-286,13846171;4,40397400
-286,05654171;4,40397400
-285,97462171;4,35895900
-285,89270172;4,31409600
-285,81078172;4,31409600
-285,72886172;4,31409600
-285,64694172;4,31409600
-285,56502172;4,31409600
-285,48310172;4,31409600
-285,40118172;4,31409600
-285,31926172;4,31409600
-285,23734172;4,26908200
-285,15542172;4,31409600
-285,07350172;4,26908200
-284,99158172;4,22406700
-284,90966172;4,26908200
-284,82774172;4,22406700
-284,74582172;4,22406700
-284,66390172;4,22406700
-284,58198172;4,22406700
-284,50006172;4,22406700
-284,41814172;4,22406700
-284,33622172;4,22406700
-284,25430173;4,17920400
-284,17238173;4,17920400
-284,09046173;4,13419000
-284,00854173;4,13419000
-283,92662173;4,17920400
-283,84470173;4,13419000
-283,76278173;4,13419000
-283,68086173;4,13419000
-283,59894173;4,13419000
-283,51702173;4,13419000
-283,43510173;4,13419000
-283,35318173;4,08932800
-283,27126173;4,13419000
-283,18934173;4,08932800
-283,10742173;4,08932800
-283,02550173;4,08932800
-282,94358173;4,04431300
-282,86166173;4,04431300
-282,77974173;4,04431300
-282,69782173;4,04431300
-282,61590173;4,04431300
-282,53398174;4,04431300
-282,45206174;3,99929800
-282,37014174;3,99929800
-282,28822174;4,04431300
-282,20630174;3,99929800
-282,12438174;3,95443600
-282,04246174;3,95443600
-281,96054174;3,95443600
-281,87862174;3,95443600
-281,79670174;3,95443600
-281,71478174;3,95443600
-281,63286174;3,95443600
-281,55094174;3,95443600
-281,46902174;3,95443600
-281,38710174;3,90942100
-281,30518174;3,90942100
-281,22326174;3,90942100
-281,14134174;3,86455900
-281,05942174;3,86455900
-280,97750174;3,86455900
-280,89558175;3,86455900
-280,81366175;3,86455900
-280,73174175;3,95443600
-280,64982175;3,95443600
-280,56790175;3,99929800
-280,48598175;4,04431300
-280,40406175;4,08932800
-280,32214175;4,13419000
-280,24022175;4,22406700
-280,15830175;4,26908200
-280,07638175;4,31409600
-279,99446175;4,31409600
-279,91254175;4,40397400
-279,83062175;4,40397400
-279,74870175;4,44883600
-279,66678175;4,49385100
-279,58486175;4,49385100
-279,50294175;4,53871300
-279,42102175;4,53871300
-279,33910175;4,58372700
-279,25718176;4,58372700
-279,17526176;4,58372700
-279,09334176;4,62874200
-279,01142176;4,62874200
-278,92950176;4,62874200
-278,84758176;4,62874200
-278,76566176;4,62874200
-278,68374176;4,58372700
-278,60182176;4,62874200
-278,51990176;4,62874200
-278,43798176;4,58372700
-278,35606176;4,62874200
-278,27414176;4,58372700
-278,19222176;4,58372700
-278,11030176;4,58372700
-278,02838176;4,58372700
-277,94646176;4,58372700
-277,86454176;4,58372700
-277,78262176;4,53871300
-277,70070176;4,53871300
-277,61878177;4,53871300
-277,53686177;4,53871300
-277,45494177;4,49385100
-277,37302177;4,49385100
-277,29110177;4,49385100
-277,20918177;4,49385100
-277,12726177;4,49385100
-277,04534177;4,49385100
-276,96342177;4,49385100
-276,88150177;4,44883600
-276,79958177;4,44883600
-276,71766177;4,44883600
-276,63574177;4,40397400
-276,55382177;4,40397400
-276,47190177;4,40397400
-276,38998177;4,40397400
-276,30806177;4,40397400
-276,22614177;4,40397400
-276,14422177;4,40397400
-276,06230177;4,40397400
-275,98038178;4,35895900
-275,89846178;4,35895900
-275,81654178;4,31409600
-275,73462178;4,35895900
-275,65270178;4,31409600
-275,57078178;4,31409600
-275,48886178;4,31409600
-275,40694178;4,31409600
-275,32502178;4,31409600
-275,24310178;4,26908200
-275,16118178;4,26908200
-275,07926178;4,26908200
-274,99734178;4,26908200
-274,91542178;4,26908200
-274,83350178;4,22406700
-274,75158178;4,22406700
-274,66966178;4,22406700
-274,58774178;4,22406700
-274,50582178;4,22406700
-274,42390178;4,22406700
-274,34198179;4,17920400
-274,26006179;4,17920400
-274,17814179;4,17920400
-274,09622179;4,13419000
-274,01430179;4,13419000
-273,93238179;4,13419000
-273,85046179;4,13419000
-273,76854179;4,13419000
-273,68662179;4,13419000
-273,60470179;4,13419000
-273,52278179;4,13419000
-273,44086179;4,13419000
-273,35894179;4,13419000
-273,27702179;4,08932800
-273,19510179;4,08932800
-273,11318179;4,08932800
-273,03126179;4,08932800
-272,94934179;4,04431300
-272,86742179;4,04431300
-272,78550179;4,04431300
-272,70358180;4,04431300
-272,62166180;4,04431300
-272,53974180;4,04431300
-272,45782180;4,04431300
-272,37590180;3,99929800
-272,29398180;4,04431300
-272,21206180;4,04431300
-272,13014180;3,99929800
-272,04822180;3,99929800
-271,96630180;3,95443600
-271,88438180;3,95443600
-271,80246180;3,95443600
-271,72054180;3,95443600
-271,63862180;3,95443600
-271,55670180;3,95443600
-271,47478180;3,90942100
-271,39286180;3,90942100
-271,31094180;3,95443600
-271,22902180;3,90942100
-271,14710180;3,86455900
-271,06518181;3,90942100
-270,98326181;3,86455900
-270,90134181;3,86455900
-270,81942181;3,86455900
-270,73750181;3,90942100
-270,65558181;3,95443600
-270,57366181;3,95443600
-270,49174181;3,99929800
-270,40982181;4,04431300
-270,32790181;4,13419000
-270,24598181;4,13419000
-270,16406181;4,22406700
-270,08214181;4,26908200
-270,00022181;4,31409600
-269,91830181;4,31409600
-269,83638181;4,40397400
-269,75446181;4,40397400
-269,67254181;4,40397400
-269,59062181;4,44883600
-269,50870181;4,49385100
-269,42678182;4,49385100
-269,34486182;4,49385100
-269,26294182;4,53871300
-269,18102182;4,53871300
-269,09910182;4,58372700
-269,01718182;4,58372700
-268,93526182;4,62874200
-268,85334182;4,62874200
-268,77142182;4,62874200
-268,68950182;4,62874200
-268,60758182;4,62874200
-268,52566182;4,58372700
-268,44374182;4,62874200
-268,36182182;4,58372700
-268,27990182;4,58372700
-268,19798182;4,58372700
-268,11606182;4,58372700
-268,03414182;4,58372700
-267,95222182;4,58372700
-267,87030182;4,58372700
-267,78838183;4,53871300
-267,70646183;4,53871300
-267,62454183;4,53871300
-267,54262183;4,49385100
-267,46070183;4,49385100
-267,37878183;4,49385100
-267,29686183;4,49385100
-267,21494183;4,49385100
-267,13302183;4,49385100
-267,05110183;4,49385100
-266,96918183;4,44883600
-266,88726183;4,44883600
-266,80534183;4,44883600
-266,72342183;4,44883600
-266,64150183;4,44883600
-266,55958183;4,40397400
-266,47766183;4,40397400
-266,39574183;4,40397400
-266,31382183;4,40397400
-266,23190183;4,40397400
-266,14998184;4,40397400
-266,06806184;4,40397400
-265,98614184;4,31409600
-265,90422184;4,31409600
-265,82230184;4,35895900
-265,74038184;4,31409600
-265,65846184;4,31409600
-265,57654184;4,31409600
-265,49462184;4,31409600
-265,41270184;4,31409600
-265,33078184;4,31409600
-265,24886184;4,31409600
-265,16694184;4,26908200
-265,08502184;4,26908200
-265,00310184;4,26908200
-264,92118184;4,22406700
-264,83926184;4,22406700
-264,75734184;4,22406700
-264,67542184;4,22406700
-264,59350184;4,22406700
-264,51158184;4,22406700
-264,42966185;4,22406700
-264,34774185;4,17920400
-264,26582185;4,17920400
-264,18390185;4,17920400
-264,10198185;4,17920400
-264,02006185;4,17920400
-263,93814185;4,13419000
-263,85622185;4,13419000
-263,77430185;4,13419000
-263,69238185;4,13419000
-263,61046185;4,13419000
-263,52854185;4,13419000
-263,44662185;4,13419000
-263,36470185;4,08932800
-263,28278185;4,08932800
-263,20086185;4,08932800
-263,11894185;4,08932800
-263,03702185;4,04431300
-262,95510185;4,04431300
-262,87318185;4,04431300
-262,79126186;4,04431300
-262,70934186;4,04431300
-262,62742186;4,04431300
-262,54550186;4,04431300
-262,46358186;4,04431300
-262,38166186;4,04431300
-262,29974186;3,99929800
-262,21782186;3,95443600
-262,13590186;3,95443600
-262,05398186;3,95443600
-261,97206186;3,95443600
-261,89014186;3,95443600
-261,80822186;3,95443600
-261,72630186;3,95443600
-261,64438186;3,95443600
-261,56246186;3,95443600
-261,48054186;3,90942100
-261,39862186;3,90942100
-261,31670186;3,90942100
-261,23478186;3,90942100
-261,15286187;3,86455900
-261,07094187;3,90942100
-260,98902187;3,86455900
-260,90710187;3,90942100
-260,82518187;3,90942100
-260,74326187;3,90942100
-260,66134187;3,95443600
-260,57942187;3,99929800
-260,49750187;4,04431300
-260,41558187;4,08932800
-260,33366187;4,13419000
-260,25174187;4,17920400
-260,16982187;4,26908200
-260,08790187;4,31409600
-260,00598187;4,31409600
-259,92406187;4,40397400
-259,84214187;4,40397400
-259,76022187;4,40397400
-259,67830187;4,49385100
-259,59638187;4,49385100
-259,51446188;4,49385100
-259,43254188;4,53871300
-259,35062188;4,53871300
-259,26870188;4,58372700
-259,18678188;4,58372700
-259,10486188;4,58372700
-259,02294188;4,62874200
-258,94102188;4,62874200
-258,85910188;4,62874200
-258,77718188;4,62874200
-258,69526188;4,62874200
-258,61334188;4,62874200
-258,53142188;4,62874200
-258,44950188;4,62874200
-258,36758188;4,58372700
-258,28566188;4,58372700
-258,20374188;4,58372700
-258,12182188;4,62874200
-258,03990188;4,58372700
-257,95798188;4,58372700
-257,87606189;4,58372700
-257,79414189;4,53871300
-257,71222189;4,58372700
-257,63030189;4,53871300
-257,54838189;4,53871300
-257,46646189;4,53871300
-257,38454189;4,49385100
-257,30262189;4,49385100
-257,22070189;4,49385100
-257,13878189;4,49385100
-257,05686189;4,49385100
-256,97494189;4,49385100
-256,89302189;4,49385100
-256,81110189;4,44883600
-256,72918189;4,44883600
-256,64726189;4,44883600
-256,56534189;4,44883600
-256,48342189;4,40397400
-256,40150189;4,40397400
-256,31958189;4,40397400
-256,23766190;4,40397400
-256,15574190;4,40397400
-256,07382190;4,40397400
-255,99190190;4,40397400
-255,90998190;4,35895900
-255,82806190;4,31409600
-255,74614190;4,31409600
-255,66422190;4,31409600
-255,58230190;4,31409600
-255,50038190;4,31409600
-255,41846190;4,31409600
-255,33654190;4,31409600
-255,25462190;4,31409600
-255,17270190;4,26908200
-255,09078190;4,31409600
-255,00886190;4,26908200
-254,92694190;4,26908200
-254,84502190;4,26908200
-254,76310190;4,26908200
-254,68118190;4,22406700
-254,59926191;4,22406700
-254,51734191;4,22406700
-254,43542191;4,22406700
-254,35350191;4,22406700
-254,27158191;4,17920400
-254,18966191;4,17920400
-254,10774191;4,17920400
-254,02582191;4,17920400
-253,94390191;4,13419000
-253,86198191;4,13419000
-253,78006191;4,13419000
-253,69814191;4,13419000
-253,61622191;4,13419000
-253,53430191;4,13419000
-253,45238191;4,13419000
-253,37046191;4,13419000
-253,28854191;4,08932800
-253,20662191;4,08932800
-253,12470191;4,08932800
-253,04278191;4,08932800
-252,96086192;4,08932800
-252,87894192;4,04431300
-252,79702192;4,04431300
-252,71510192;4,04431300
-252,63318192;4,04431300
-252,55126192;4,04431300
-252,46934192;4,04431300
-252,38742192;4,04431300
-252,30550192;3,99929800
-252,22358192;3,95443600
-252,14166192;3,95443600
-252,05974192;3,95443600
-251,97782192;3,95443600
-251,89590192;3,95443600
-251,81398192;3,95443600
-251,73206192;3,95443600
-251,65014192;3,95443600
-251,56822192;3,95443600
-251,48630192;3,95443600
-251,40438192;3,90942100
-251,32246193;3,90942100
-251,24054193;3,90942100
-251,15862193;3,90942100
-251,07670193;3,90942100
-250,99478193;3,86455900
-250,91286193;3,86455900
-250,83094193;3,90942100
-250,74902193;3,90942100
-250,66710193;3,90942100
-250,58518193;3,95443600
-250,50326193;3,99929800
-250,42134193;4,04431300
-250,33942193;4,08932800
-250,25750193;4,13419000
-250,17558193;4,22406700
-250,09366193;4,22406700
-250,01174193;4,31409600
-249,92982193;4,31409600
-249,84790193;4,40397400
-249,76598193;4,40397400
-249,68406194;4,40397400
-249,60214194;4,44883600
-249,52022194;4,49385100
-249,43830194;4,49385100
-249,35638194;4,49385100
-249,27446194;4,53871300
-249,19254194;4,53871300
-249,11062194;4,58372700
-249,02870194;4,58372700
-248,94678194;4,58372700
-248,86486194;4,58372700
-248,78294194;4,62874200
-248,70102194;4,58372700
-248,61910194;4,62874200
-248,53718194;4,58372700
-248,45526194;4,58372700
-248,37334194;4,62874200
-248,29142194;4,58372700
-248,20950194;4,58372700
-248,12758194;4,58372700
-248,04566195;4,58372700
-247,96374195;4,58372700
-247,88182195;4,58372700
-247,79990195;4,53871300
-247,71798195;4,53871300
-247,63606195;4,53871300
-247,55414195;4,49385100
-247,47222195;4,53871300
-247,39030195;4,49385100
-247,30838195;4,49385100
-247,22646195;4,49385100
-247,14454195;4,49385100
-247,06262195;4,49385100
-246,98070195;4,49385100
-246,89878195;4,44883600
-246,81686195;4,44883600
-246,73494195;4,44883600
-246,65302195;4,40397400
-246,57110195;4,40397400
-246,48918195;4,40397400
-246,40726196;4,40397400
-246,32534196;4,40397400
-246,24342196;4,40397400
-246,16150196;4,40397400
-246,07958196;4,40397400
-245,99766196;4,35895900
-245,91574196;4,31409600
-245,83382196;4,31409600
-245,75190196;4,31409600
-245,66998196;4,31409600
-245,58806196;4,31409600
-245,50614196;4,31409600
-245,42422196;4,31409600
-245,34230196;4,31409600
-245,26038196;4,31409600
-245,17846196;4,26908200
-245,09654196;4,26908200
-245,01462196;4,26908200
-244,93270196;4,26908200
-244,85078196;4,26908200
-244,76886196;4,22406700
-244,68694197;4,22406700
-244,60502197;4,22406700
-244,52310197;4,22406700
-244,44118197;4,22406700
-244,35926197;4,22406700
-244,27734197;4,22406700
-244,19542197;4,17920400
-244,11350197;4,17920400
-244,03158197;4,17920400
-243,94966197;4,13419000
-243,86774197;4,13419000
-243,78582197;4,13419000
-243,70390197;4,13419000
-243,62198197;4,13419000
-243,54006197;4,13419000
-243,45814197;4,13419000
-243,37622197;4,08932800
-243,29430197;4,08932800
-243,21238197;4,08932800
-243,13046197;4,04431300
-243,04854198;4,08932800
-242,96662198;4,04431300
-242,88470198;4,04431300
-242,80278198;4,04431300
-242,72086198;4,04431300
-242,63894198;4,04431300
-242,55702198;4,04431300
-242,47510198;4,04431300
-242,39318198;3,99929800
-242,31126198;3,95443600
-242,22934198;3,95443600
-242,14742198;3,95443600
-242,06550198;3,95443600
-241,98358198;3,95443600
-241,90166198;3,95443600
-241,81974198;3,95443600
-241,73782198;3,95443600
-241,65590198;3,95443600
-241,57398198;3,95443600
-241,49206198;3,95443600
-241,41014199;3,90942100
-241,32822199;3,90942100
-241,24630199;3,90942100
-241,16438199;3,90942100
-241,08246199;3,86455900
-241,00054199;3,86455900
-240,91862199;3,86455900
-240,83670199;3,90942100
-240,75478199;3,86455900
-240,67286199;3,95443600
-240,59094199;3,95443600
-240,50902199;4,04431300
-240,42710199;4,08932800
-240,34518199;4,13419000
-240,26326199;4,17920400
-240,18134199;4,22406700
-240,09942199;4,31409600
-240,01750199;4,31409600
-239,93558199;4,31409600
-239,85366199;4,40397400
-239,77174200;4,40397400
-239,68982200;4,44883600
-239,60790200;4,49385100
-239,52598200;4,49385100
-239,44406200;4,49385100
-239,36214200;4,53871300
-239,28022200;4,53871300
-239,19830200;4,58372700
-239,11638200;4,58372700
-239,03446200;4,58372700
-238,95254200;4,58372700
-238,87062200;4,58372700
-238,78870200;4,62874200
-238,70678200;4,62874200
-238,62486200;4,62874200
-238,54294200;4,62874200
-238,46102200;4,62874200
-238,37910200;4,62874200
-238,29718200;4,58372700
-238,21526200;4,58372700
-238,13334201;4,58372700
-238,05142201;4,58372700
-237,96950201;4,58372700
-237,88758201;4,58372700
-237,80566201;4,53871300
-237,72374201;4,53871300
-237,64182201;4,53871300
-237,55990201;4,53871300
-237,47798201;4,49385100
-237,39606201;4,49385100
-237,31414201;4,49385100
-237,23222201;4,49385100
-237,15030201;4,49385100
-237,06838201;4,49385100
-236,98646201;4,44883600
-236,90454201;4,49385100
-236,82262201;4,44883600
-236,74070201;4,44883600
-236,65878201;4,40397400
-236,57686201;4,44883600
-236,49494202;4,40397400
-236,41302202;4,40397400
-236,33110202;4,40397400
-236,24918202;4,40397400
-236,16726202;4,40397400
-236,08534202;4,40397400
-236,00342202;4,40397400
-235,92150202;4,35895900
-235,83958202;4,35895900
-235,75766202;4,31409600
-235,67574202;4,31409600
-235,59382202;4,31409600
-235,51190202;4,31409600
-235,42998202;4,31409600
-235,34806202;4,31409600
-235,26614202;4,31409600
-235,18422202;4,26908200
-235,10230202;4,26908200
-235,02038202;4,26908200
-234,93846202;4,26908200
-234,85654203;4,26908200
-234,77462203;4,26908200
-234,69270203;4,22406700
-234,61078203;4,22406700
-234,52886203;4,22406700
-234,44694203;4,22406700
-234,36502203;4,22406700
-234,28310203;4,17920400
-234,20118203;4,17920400
-234,11926203;4,17920400
-234,03734203;4,13419000
-233,95542203;4,13419000
-233,87350203;4,13419000
-233,79158203;4,13419000
-233,70966203;4,13419000
-233,62774203;4,13419000
-233,54582203;4,13419000
-233,46390203;4,13419000
-233,38198203;4,13419000
-233,30006203;4,08932800
-233,21814204;4,08932800
-233,13622204;4,08932800
-233,05430204;4,08932800
-232,97238204;4,04431300
-232,89046204;4,04431300
-232,80854204;4,04431300
-232,72662204;4,04431300
-232,64470204;4,04431300
-232,56278204;4,04431300
-232,48086204;3,99929800
-232,39894204;4,04431300
-232,31702204;4,04431300
-232,23510204;3,95443600
-232,15318204;3,99929800
-232,07126204;3,95443600
-231,98934204;3,95443600
-231,90742204;3,95443600
-231,82550204;3,95443600
-231,74358204;3,95443600
-231,66166204;3,95443600
-231,57974205;3,95443600
-231,49782205;3,95443600
-231,41590205;3,95443600
-231,33398205;3,90942100
-231,25206205;3,90942100
-231,17014205;3,90942100
-231,08822205;3,90942100
-231,00630205;3,86455900
-230,92438205;3,86455900
-230,84246205;3,90942100
-230,76054205;3,90942100
-230,67862205;3,90942100
-230,59670205;3,95443600
-230,51478205;3,95443600
-230,43286205;4,04431300
-230,35094205;4,04431300
-230,26902205;4,13419000
-230,18710205;4,17920400
-230,10518205;4,22406700
-230,02326205;4,26908200
-229,94134206;4,31409600
-229,85942206;4,31409600
-229,77750206;4,40397400
-229,69558206;4,40397400
-229,61366206;4,44883600
-229,53174206;4,49385100
-229,44982206;4,49385100
-229,36790206;4,49385100
-229,28598206;4,53871300
-229,20406206;4,53871300
-229,12214206;4,58372700
-229,04022206;4,58372700
-228,95830206;4,58372700
-228,87638206;4,58372700
-228,79446206;4,62874200
-228,71254206;4,62874200
-228,63062206;4,58372700
-228,54870206;4,62874200
-228,46678206;4,62874200
-228,38486206;4,62874200
-228,30294207;4,62874200
-228,22102207;4,58372700
-228,13910207;4,58372700
-228,05718207;4,58372700
-227,97526207;4,58372700
-227,89334207;4,58372700
-227,81142207;4,53871300
-227,72950207;4,53871300
-227,64758207;4,49385100
-227,56566207;4,53871300
-227,48374207;4,49385100
-227,40182207;4,49385100
-227,31990207;4,49385100
-227,23798207;4,49385100
-227,15606207;4,49385100
-227,07414207;4,49385100
-226,99222207;4,49385100
-226,91030207;4,44883600
-226,82838207;4,44883600
-226,74646207;4,44883600
-226,66454208;4,40397400
-226,58262208;4,40397400
-226,50070208;4,40397400
-226,41878208;4,40397400
-226,33686208;4,40397400
-226,25494208;4,40397400
-226,17302208;4,40397400
-226,09110208;4,40397400
-226,00918208;4,35895900
-225,92726208;4,35895900
-225,84534208;4,31409600
-225,76342208;4,31409600
-225,68150208;4,31409600
-225,59958208;4,31409600
-225,51766208;4,31409600
-225,43574208;4,31409600
-225,35382208;4,31409600
-225,27190208;4,31409600
-225,18998208;4,31409600
-225,10806208;4,26908200
-225,02614208;4,26908200
-224,94422209;4,26908200
-224,86230209;4,22406700
-224,78038209;4,22406700
-224,69846209;4,22406700
-224,61654209;4,22406700
-224,53462209;4,22406700
-224,45270209;4,22406700
-224,37078209;4,17920400
-224,28886209;4,17920400
-224,20694209;4,22406700
-224,12502209;4,17920400
-224,04310209;4,17920400
-223,96118209;4,13419000
-223,87926209;4,13419000
-223,79734209;4,13419000
-223,71542209;4,13419000
-223,63350209;4,13419000
-223,55158209;4,13419000
-223,46966209;4,13419000
-223,38774209;4,13419000
-223,30582210;4,08932800
-223,22390210;4,08932800
-223,14198210;4,08932800
-223,06006210;4,08932800
-222,97814210;4,08932800
-222,89622210;4,04431300
-222,81430210;4,04431300
-222,73238210;4,04431300
-222,65046210;4,04431300
-222,56854210;4,04431300
-222,48662210;4,04431300
-222,40470210;4,04431300
-222,32278210;3,95443600
-222,24086210;3,95443600
-222,15894210;3,99929800
-222,07702210;3,95443600
-221,99510210;3,95443600
-221,91318210;3,95443600
-221,83126210;3,95443600
-221,74934210;3,95443600
-221,66742211;3,95443600
-221,58550211;3,95443600
-221,50358211;3,95443600
-221,42166211;3,90942100
-221,33974211;3,90942100
-221,25782211;3,90942100
-221,17590211;3,90942100
-221,09398211;3,86455900
-221,01206211;3,90942100
-220,93014211;3,86455900
-220,84822211;3,86455900
-220,76630211;3,90942100
-220,68438211;3,95443600
-220,60246211;3,95443600
-220,52054211;3,99929800
-220,43862211;4,04431300
-220,35670211;4,13419000
-220,27478211;4,17920400
-220,19286211;4,22406700
-220,11094211;4,26908200
-220,02902212;4,31409600
-219,94710212;4,40397400
-219,86518212;4,40397400
-219,78326212;4,40397400
-219,70134212;4,44883600
-219,61942212;4,49385100
-219,53750212;4,49385100
-219,45558212;4,49385100
-219,37366212;4,53871300
-219,29174212;4,53871300
-219,20982212;4,58372700
-219,12790212;4,58372700
-219,04598212;4,58372700
-218,96406212;4,62874200
-218,88214212;4,62874200
-218,80022212;4,62874200
-218,71830212;4,62874200
-218,63638212;4,62874200
-218,55446212;4,62874200
-218,47254212;4,58372700
-218,39062213;4,58372700
-218,30870213;4,58372700
-218,22678213;4,58372700
-218,14486213;4,58372700
-218,06294213;4,58372700
-217,98102213;4,58372700
-217,89910213;4,58372700
-217,81718213;4,58372700
-217,73526213;4,58372700
-217,65334213;4,53871300
-217,57142213;4,53871300
-217,48950213;4,49385100
-217,40758213;4,49385100
-217,32566213;4,49385100
-217,24374213;4,49385100
-217,16182213;4,49385100
-217,07990213;4,49385100
-216,99798213;4,49385100
-216,91606213;4,44883600
-216,83414213;4,44883600
-216,75222214;4,44883600
-216,67030214;4,44883600
-216,58838214;4,40397400
-216,50646214;4,40397400
-216,42454214;4,40397400
-216,34262214;4,40397400
-216,26070214;4,40397400
-216,17878214;4,40397400
-216,09686214;4,40397400
-216,01494214;4,40397400
-215,93302214;4,31409600
-215,85110214;4,35895900
-215,76918214;4,31409600
-215,68726214;4,31409600
-215,60534214;4,31409600
-215,52342214;4,31409600
-215,44150214;4,31409600
-215,35958214;4,31409600
-215,27766214;4,31409600
-215,19574214;4,26908200
-215,11382215;4,26908200
-215,03190215;4,26908200
-214,94998215;4,26908200
-214,86806215;4,26908200
-214,78614215;4,22406700
-214,70422215;4,22406700
-214,62230215;4,22406700
-214,54038215;4,22406700
-214,45846215;4,22406700
-214,37654215;4,22406700
-214,29462215;4,17920400
-214,21270215;4,17920400
-214,13078215;4,17920400
-214,04886215;4,17920400
-213,96694215;4,17920400
-213,88502215;4,13419000
-213,80310215;4,13419000
-213,72118215;4,13419000
-213,63926215;4,13419000
-213,55734215;4,13419000
-213,47542216;4,13419000
-213,39350216;4,13419000
-213,31158216;4,13419000
-213,22966216;4,08932800
-213,14774216;4,04431300
-213,06582216;4,08932800
-212,98390216;4,04431300
-212,90198216;4,04431300
-212,82006216;4,04431300
-212,73814216;4,04431300
-212,65622216;4,04431300
-212,57430216;4,04431300
-212,49238216;4,04431300
-212,41046216;4,04431300
-212,32854216;4,04431300
-212,24662216;3,99929800
-212,16470216;3,99929800
-212,08278216;3,95443600
-212,00086216;3,95443600
-211,91894216;3,95443600
-211,83702217;3,95443600
-211,75510217;3,95443600
-211,67318217;3,95443600
-211,59126217;3,95443600
-211,50934217;3,95443600
-211,42742217;3,95443600
-211,34550217;3,90942100
-211,26358217;3,90942100
-211,18166217;3,90942100
-211,09974217;3,90942100
-211,01782217;3,86455900
-210,93590217;3,90942100
-210,85398217;3,86455900
-210,77206217;3,90942100
-210,69014217;3,90942100
-210,60822217;3,95443600
-210,52630217;3,95443600
-210,44438217;4,04431300
-210,36246217;4,08932800
-210,28054217;4,13419000
-210,19862218;4,17920400
-210,11670218;4,22406700
-210,03478218;4,26908200
-209,95286218;4,31409600
-209,87094218;4,35895900
-209,78902218;4,40397400
-209,70710218;4,40397400
-209,62518218;4,44883600
-209,54326218;4,49385100
-209,46134218;4,49385100
-209,37942218;4,49385100
-209,29750218;4,49385100
-209,21558218;4,53871300
-209,13366218;4,58372700
-209,05174218;4,58372700
-208,96982218;4,58372700
-208,88790218;4,58372700
-208,80598218;4,58372700
-208,72406218;4,58372700
-208,64214218;4,58372700
-208,56022219;4,58372700
-208,47830219;4,58372700
-208,39638219;4,58372700
-208,31446219;4,58372700
-208,23254219;4,58372700
-208,15062219;4,58372700
-208,06870219;4,58372700
-207,98678219;4,58372700
-207,90486219;4,58372700
-207,82294219;4,53871300
-207,74102219;4,53871300
-207,65910219;4,53871300
-207,57718219;4,53871300
-207,49526219;4,53871300
-207,41334219;4,49385100
-207,33142219;4,49385100
-207,24950219;4,49385100
-207,16758219;4,49385100
-207,08566219;4,49385100
-207,00374219;4,49385100
-206,92182220;4,44883600
-206,83990220;4,44883600
-206,75798220;4,40397400
-206,67606220;4,44883600
-206,59414220;4,40397400
-206,51222220;4,40397400
-206,43030220;4,40397400
-206,34838220;4,40397400
-206,26646220;4,40397400
-206,18454220;4,40397400
-206,10262220;4,40397400
-206,02070220;4,35895900
-205,93878220;4,35895900
-205,85686220;4,35895900
-205,77494220;4,31409600
-205,69302220;4,31409600
-205,61110220;4,31409600
-205,52918220;4,31409600
-205,44726220;4,31409600
-205,36534220;4,31409600
-205,28342220;4,31409600
-205,20150221;4,26908200
-205,11958221;4,26908200
-205,03766221;4,26908200
-204,95574221;4,22406700
-204,87382221;4,22406700
-204,79190221;4,22406700
-204,70998221;4,22406700
-204,62806221;4,22406700
-204,54614221;4,22406700
-204,46422221;4,22406700
-204,38230221;4,22406700
-204,30038221;4,17920400
-204,21846221;4,17920400
-204,13654221;4,17920400
-204,05462221;4,17920400
-203,97270221;4,13419000
-203,89078221;4,13419000
-203,80886221;4,13419000
-203,72694221;4,13419000
-203,64502221;4,13419000
-203,56310222;4,13419000
-203,48118222;4,13419000
-203,39926222;4,13419000
-203,31734222;4,08932800
-203,23542222;4,08932800
-203,15350222;4,08932800
-203,07158222;4,04431300
-202,98966222;4,08932800
-202,90774222;4,04431300
-202,82582222;4,04431300
-202,74390222;4,04431300
-202,66198222;4,04431300
-202,58006222;4,04431300
-202,49814222;4,04431300
-202,41622222;3,99929800
-202,33430222;3,95443600
-202,25238222;3,95443600
-202,17046222;3,95443600
-202,08854222;3,95443600
-202,00662222;3,95443600
-201,92470223;3,95443600
-201,84278223;3,95443600
-201,76086223;3,95443600
-201,67894223;3,95443600
-201,59702223;3,90942100
-201,51510223;3,95443600
-201,43318223;3,90942100
-201,35126223;3,90942100
-201,26934223;3,90942100
-201,18742223;3,90942100
-201,10550223;3,90942100
-201,02358223;3,86455900
-200,94166223;3,86455900
-200,85974223;3,86455900
-200,77782223;3,86455900
-200,69590223;3,90942100
-200,61398223;3,95443600
-200,53206223;3,95443600
-200,45014223;4,08932800
-200,36822223;4,08932800
-200,28630224;4,13419000
-200,20438224;4,17920400
-200,12246224;4,26908200
-200,04054224;4,31409600
-199,95862224;4,31409600
-199,87670224;4,40397400
-199,79478224;4,40397400
-199,71286224;4,44883600
-199,63094224;4,49385100
-199,54902224;4,49385100
-199,46710224;4,49385100
-199,38518224;4,53871300
-199,30326224;4,58372700
-199,22134224;4,58372700
-199,13942224;4,58372700
-199,05750224;4,58372700
-198,97558224;4,62874200
-198,89366224;4,62874200
-198,81174224;4,62874200
-198,72982224;4,62874200
-198,64790225;4,62874200
-198,56598225;4,62874200
-198,48406225;4,62874200
-198,40214225;4,62874200
-198,32022225;4,62874200
-198,23830225;4,58372700
-198,15638225;4,58372700
-198,07446225;4,58372700
-197,99254225;4,58372700
-197,91062225;4,58372700
-197,82870225;4,53871300
-197,74678225;4,53871300
-197,66486225;4,53871300
-197,58294225;4,49385100
-197,50102225;4,49385100
-197,41910225;4,49385100
-197,33718225;4,49385100
-197,25526225;4,49385100
-197,17334225;4,49385100
-197,09142225;4,49385100
-197,00950226;4,49385100
-196,92758226;4,49385100
-196,84566226;4,44883600
-196,76374226;4,44883600
-196,68182226;4,44883600
-196,59990226;4,40397400
-196,51798226;4,40397400
-196,43606226;4,40397400
-196,35414226;4,40397400
-196,27222226;4,40397400
-196,19030226;4,40397400
-196,10838226;4,40397400
-196,02646226;4,40397400
-195,94454226;4,35895900
-195,86262226;4,35895900
-195,78070226;4,31409600
-195,69878226;4,31409600
-195,61686226;4,31409600
-195,53494226;4,31409600
-195,45302226;4,31409600
-195,37110227;4,31409600
-195,28918227;4,31409600
-195,20726227;4,31409600
-195,12534227;4,26908200
-195,04342227;4,26908200
-194,96150227;4,26908200
-194,87958227;4,26908200
-194,79766227;4,26908200
-194,71574227;4,22406700
-194,63382227;4,22406700
-194,55190227;4,22406700
-194,46998227;4,22406700
-194,38806227;4,22406700
-194,30614227;4,22406700
-194,22422227;4,22406700
-194,14230227;4,22406700
-194,06038227;4,17920400
-193,97846227;4,13419000
-193,89654227;4,13419000
-193,81462227;4,13419000
-193,73270228;4,13419000
-193,65078228;4,13419000
-193,56886228;4,13419000
-193,48694228;4,13419000
-193,40502228;4,08932800
-193,32310228;4,08932800
-193,24118228;4,08932800
-193,15926228;4,08932800
-193,07734228;4,08932800
-192,99542228;4,08932800
-192,91350228;4,08932800
-192,83158228;4,04431300
-192,74966228;4,04431300
-192,66774228;4,04431300
-192,58582228;4,04431300
-192,50390228;4,04431300
-192,42198228;3,99929800
-192,34006228;3,99929800
-192,25814228;3,99929800
-192,17622228;3,95443600
-192,09430229;3,95443600
-192,01238229;3,95443600
-191,93046229;3,95443600
-191,84854229;3,95443600
-191,76662229;3,95443600
-191,68470229;3,95443600
-191,60278229;3,95443600
-191,52086229;3,95443600
-191,43894229;3,95443600
-191,35702229;3,90942100
-191,27510229;3,90942100
-191,19318229;3,90942100
-191,11126229;3,86455900
-191,02934229;3,90942100
-190,94742229;3,90942100
-190,86550229;3,86455900
-190,78358229;3,86455900
-190,70166229;3,90942100
-190,61974229;3,95443600
-190,53782229;3,95443600
-190,45590230;4,04431300
-190,37398230;4,04431300
-190,29206230;4,13419000
-190,21014230;4,13419000
-190,12822230;4,22406700
-190,04630230;4,26908200
-189,96438230;4,31409600
-189,88246230;4,31409600
-189,80054230;4,40397400
-189,71862230;4,40397400
-189,63670230;4,44883600
-189,55478230;4,49385100
-189,47286230;4,49385100
-189,39094230;4,49385100
-189,30902230;4,49385100
-189,22710230;4,53871300
-189,14518230;4,53871300
-189,06326230;4,58372700
-188,98134230;4,58372700
-188,89942230;4,58372700
-188,81750231;4,58372700
-188,73558231;4,62874200
-188,65366231;4,62874200
-188,57174231;4,62874200
-188,48982231;4,62874200
-188,40790231;4,62874200
-188,32598231;4,58372700
-188,24406231;4,58372700
-188,16214231;4,58372700
-188,08022231;4,58372700
-187,99830231;4,58372700
-187,91638231;4,58372700
-187,83446231;4,58372700
-187,75254231;4,53871300
-187,67062231;4,53871300
-187,58870231;4,49385100
-187,50678231;4,53871300
-187,42486231;4,49385100
-187,34294231;4,49385100
-187,26102231;4,49385100
-187,17910231;4,49385100
-187,09718232;4,49385100
-187,01526232;4,49385100
-186,93334232;4,44883600
-186,85142232;4,44883600
-186,76950232;4,44883600
-186,68758232;4,44883600
-186,60566232;4,40397400
-186,52374232;4,44883600
-186,44182232;4,40397400
-186,35990232;4,40397400
-186,27798232;4,40397400
-186,19606232;4,40397400
-186,11414232;4,40397400
-186,03222232;4,40397400
-185,95030232;4,35895900
-185,86838232;4,31409600
-185,78646232;4,35895900
-185,70454232;4,31409600
-185,62262232;4,31409600
-185,54070232;4,31409600
-185,45878233;4,31409600
-185,37686233;4,31409600
-185,29494233;4,26908200
-185,21302233;4,31409600
-185,13110233;4,31409600
-185,04918233;4,26908200
-184,96726233;4,26908200
-184,88534233;4,22406700
-184,80342233;4,26908200
-184,72150233;4,22406700
-184,63958233;4,22406700
-184,55766233;4,22406700
-184,47574233;4,22406700
-184,39382233;4,22406700
-184,31190233;4,22406700
-184,22998233;4,17920400
-184,14806233;4,17920400
-184,06614233;4,17920400
-183,98422233;4,13419000
-183,90230233;4,13419000
-183,82038234;4,13419000
-183,73846234;4,13419000
-183,65654234;4,13419000
-183,57462234;4,13419000
-183,49270234;4,13419000
-183,41078234;4,13419000
-183,32886234;4,13419000
-183,24694234;4,13419000
-183,16502234;4,04431300
-183,08310234;4,08932800
-183,00118234;4,08932800
-182,91926234;4,04431300
-182,83734234;4,04431300
-182,75542234;4,04431300
-182,67350234;4,04431300
-182,59158234;4,04431300
-182,50966234;3,99929800
-182,42774234;4,04431300
-182,34582234;3,99929800
-182,26390234;3,95443600
-182,18198235;3,95443600
-182,10006235;3,95443600
-182,01814235;3,95443600
-181,93622235;3,95443600
-181,85430235;3,95443600
-181,77238235;3,95443600
-181,69046235;3,95443600
-181,60854235;3,95443600
-181,52662235;3,95443600
-181,44470235;3,90942100
-181,36278235;3,90942100
-181,28086235;3,90942100
-181,19894235;3,90942100
-181,11702235;3,86455900
-181,03510235;3,86455900
-180,95318235;3,90942100
-180,87126235;3,90942100
-180,78934235;3,90942100
-180,70742235;3,90942100
-180,62550235;3,95443600
-180,54358236;3,95443600
-180,46166236;4,04431300
-180,37974236;4,13419000
-180,29782236;4,13419000
-180,21590236;4,22406700
-180,13398236;4,22406700
-180,05206236;4,31409600
-179,97014236;4,31409600
-179,88822236;4,35895900
-179,80630236;4,40397400
-179,72438236;4,44883600
-179,64246236;4,49385100
-179,56054236;4,49385100
-179,47862236;4,49385100
-179,39670236;4,53871300
-179,31478236;4,53871300
-179,23286236;4,58372700
-179,15094236;4,58372700
-179,06902236;4,58372700
-178,98710236;4,62874200
-178,90518237;4,58372700
-178,82326237;4,62874200
-178,74134237;4,62874200
-178,65942237;4,58372700
-178,57750237;4,62874200
-178,49558237;4,62874200
-178,41366237;4,58372700
-178,33174237;4,58372700
-178,24982237;4,62874200
-178,16790237;4,58372700
-178,08598237;4,58372700
-178,00406237;4,58372700
-177,92214237;4,58372700
-177,84022237;4,58372700
-177,75830237;4,58372700
-177,67638237;4,53871300
-177,59446237;4,53871300
-177,51254237;4,49385100
-177,43062237;4,49385100
-177,34870237;4,49385100
-177,26678238;4,49385100
-177,18486238;4,49385100
-177,10294238;4,49385100
-177,02102238;4,49385100
-176,93910238;4,49385100
-176,85718238;4,44883600
-176,77526238;4,44883600
-176,69334238;4,44883600
-176,61142238;4,40397400
-176,52950238;4,44883600
-176,44758238;4,40397400
-176,36566238;4,40397400
-176,28374238;4,40397400
-176,20182238;4,40397400
-176,11990238;4,40397400
-176,03798238;4,40397400
-175,95606238;4,40397400
-175,87414238;4,35895900
-175,79222238;4,35895900
-175,71030238;4,31409600
-175,62838239;4,31409600
-175,54646239;4,31409600
-175,46454239;4,31409600
-175,38262239;4,31409600
-175,30070239;4,31409600
-175,21878239;4,31409600
-175,13686239;4,26908200
-175,05494239;4,31409600
-174,97302239;4,22406700
-174,89110239;4,26908200
-174,80918239;4,26908200
-174,72726239;4,22406700
-174,64534239;4,22406700
-174,56342239;4,22406700
-174,48150239;4,22406700
-174,39958239;4,22406700
-174,31766239;4,17920400
-174,23574239;4,22406700
-174,15382239;4,22406700
-174,07190239;4,17920400
-173,98998240;4,17920400
-173,90806240;4,13419000
-173,82614240;4,17920400
-173,74422240;4,13419000
-173,66230240;4,13419000
-173,58038240;4,13419000
-173,49846240;4,13419000
-173,41654240;4,13419000
-173,33462240;4,13419000
-173,25270240;4,08932800
-173,17078240;4,08932800
-173,08886240;4,08932800
-173,00694240;4,04431300
-172,92502240;4,08932800
-172,84310240;4,08932800
-172,76118240;4,04431300
-172,67926240;4,04431300
-172,59734240;4,04431300
-172,51542240;4,04431300
-172,43350240;4,04431300
-172,35158241;4,04431300
-172,26966241;3,99929800
-172,18774241;3,99929800
-172,10582241;3,95443600
-172,02390241;3,99929800
-171,94198241;3,95443600
-171,86006241;3,95443600
-171,77814241;3,95443600
-171,69622241;3,95443600
-171,61430241;3,95443600
-171,53238241;3,90942100
-171,45046241;3,90942100
-171,36854241;3,90942100
-171,28662241;3,95443600
-171,20470241;3,90942100
-171,12278241;3,86455900
-171,04086241;3,90942100
-170,95894241;3,90942100
-170,87702241;3,90942100
-170,79510241;3,86455900
-170,71318242;3,90942100
-170,63126242;3,95443600
-170,54934242;3,95443600
-170,46742242;3,95443600
-170,38550242;4,04431300
-170,30358242;4,13419000
-170,22166242;4,13419000
-170,13974242;4,17920400
-170,05782242;4,22406700
-169,97590242;4,31409600
-169,89398242;4,31409600
-169,81206242;4,35895900
-169,73014242;4,40397400
-169,64822242;4,44883600
-169,56630242;4,44883600
-169,48438242;4,49385100
-169,40246242;4,49385100
-169,32054242;4,49385100
-169,23862242;4,53871300
-169,15670242;4,58372700
-169,07478243;4,58372700
-168,99286243;4,58372700
-168,91094243;4,58372700
-168,82902243;4,58372700
-168,74710243;4,58372700
-168,66518243;4,62874200
-168,58326243;4,58372700
-168,50134243;4,58372700
-168,41942243;4,58372700
-168,33750243;4,58372700
-168,25558243;4,58372700
-168,17366243;4,58372700
-168,09174243;4,58372700
-168,00982243;4,58372700
-167,92790243;4,58372700
-167,84598243;4,58372700
-167,76406243;4,58372700
-167,68214243;4,53871300
-167,60022243;4,49385100
-167,51830243;4,53871300
-167,43638243;4,49385100
-167,35446244;4,49385100
-167,27254244;4,49385100
-167,19062244;4,49385100
-167,10870244;4,49385100
-167,02678244;4,49385100
-166,94486244;4,44883600
-166,86294244;4,44883600
-166,78102244;4,44883600
-166,69910244;4,44883600
-166,61718244;4,40397400
-166,53526244;4,40397400
-166,45334244;4,40397400
-166,37142244;4,40397400
-166,28950244;4,40397400
-166,20758244;4,40397400
-166,12566244;4,40397400
-166,04374244;4,35895900
-165,96182244;4,40397400
-165,87990244;4,35895900
-165,79798244;4,31409600
-165,71606245;4,31409600
-165,63414245;4,31409600
-165,55222245;4,31409600
-165,47030245;4,31409600
-165,38838245;4,31409600
-165,30646245;4,31409600
-165,22454245;4,26908200
-165,14262245;4,26908200
-165,06070245;4,26908200
-164,97878245;4,26908200
-164,89686245;4,22406700
-164,81494245;4,26908200
-164,73302245;4,22406700
-164,65110245;4,22406700
-164,56918245;4,22406700
-164,48726245;4,22406700
-164,40534245;4,22406700
-164,32342245;4,17920400
-164,24150245;4,22406700
-164,15958245;4,17920400
-164,07766246;4,17920400
-163,99574246;4,13419000
-163,91382246;4,13419000
-163,83190246;4,13419000
-163,74998246;4,13419000
-163,66806246;4,13419000
-163,58614246;4,13419000
-163,50422246;4,13419000
-163,42230246;4,13419000
-163,34038246;4,13419000
-163,25846246;4,08932800
-163,17654246;4,08932800
-163,09462246;4,04431300
-163,01270246;4,08932800
-162,93078246;4,04431300
-162,84886246;4,04431300
-162,76694246;4,04431300
-162,68502246;4,04431300
-162,60310246;4,04431300
-162,52118246;4,04431300
-162,43926247;4,04431300
-162,35734247;4,04431300
-162,27542247;3,99929800
-162,19350247;3,95443600
-162,11158247;3,95443600
-162,02966247;3,95443600
-161,94774247;3,95443600
-161,86582247;3,95443600
-161,78390247;3,95443600
-161,70198247;3,95443600
-161,62006247;3,95443600
-161,53814247;3,95443600
-161,45622247;3,95443600
-161,37430247;3,90942100
-161,29238247;3,90942100
-161,21046247;3,90942100
-161,12854247;3,86455900
-161,04662247;3,86455900
-160,96470247;3,86455900
-160,88278247;3,90942100
-160,80086248;3,90942100
-160,71894248;3,90942100
-160,63702248;3,95443600
-160,55510248;3,95443600
-160,47318248;4,04431300
-160,39126248;4,04431300
-160,30934248;4,13419000
-160,22742248;4,17920400
-160,14550248;4,22406700
-160,06358248;4,26908200
-159,98166248;4,31409600
-159,89974248;4,40397400
-159,81782248;4,40397400
-159,73590248;4,44883600
-159,65398248;4,44883600
-159,57206248;4,49385100
-159,49014248;4,53871300
-159,40822248;4,53871300
-159,32630248;4,58372700
-159,24438248;4,58372700
-159,16246249;4,58372700
-159,08054249;4,58372700
-158,99862249;4,62874200
-158,91670249;4,62874200
-158,83478249;4,62874200
-158,75286249;4,62874200
-158,67094249;4,62874200
-158,58902249;4,62874200
-158,50710249;4,62874200
-158,42518249;4,62874200
-158,34326249;4,58372700
-158,26134249;4,58372700
-158,17942249;4,58372700
-158,09750249;4,58372700
-158,01558249;4,58372700
-157,93366249;4,58372700
-157,85174249;4,58372700
-157,76982249;4,58372700
-157,68790249;4,53871300
-157,60598249;4,53871300
-157,52406250;4,53871300
-157,44214250;4,49385100
-157,36022250;4,49385100
-157,27830250;4,49385100
-157,19638250;4,49385100
-157,11446250;4,49385100
-157,03254250;4,49385100
-156,95062250;4,49385100
-156,86870250;4,44883600
-156,78678250;4,44883600
-156,70486250;4,44883600
-156,62294250;4,44883600
-156,54102250;4,44883600
-156,45910250;4,40397400
-156,37718250;4,40397400
-156,29526250;4,40397400
-156,21334250;4,40397400
-156,13142250;4,40397400
-156,04950250;4,40397400
-155,96758250;4,40397400
-155,88566251;4,35895900
-155,80374251;4,31409600
-155,72182251;4,31409600
-155,63990251;4,31409600
-155,55798251;4,31409600
-155,47606251;4,31409600
-155,39414251;4,31409600
-155,31222251;4,31409600
-155,23030251;4,31409600
-155,14838251;4,31409600
-155,06646251;4,26908200
-154,98454251;4,26908200
-154,90262251;4,26908200
-154,82070251;4,26908200
-154,73878251;4,22406700
-154,65686251;4,22406700
-154,57494251;4,22406700
-154,49302251;4,22406700
-154,41110251;4,22406700
-154,32918251;4,22406700
-154,24726252;4,17920400
-154,16534252;4,17920400
-154,08342252;4,17920400
-154,00150252;4,17920400
-153,91958252;4,17920400
-153,83766252;4,13419000
-153,75574252;4,13419000
-153,67382252;4,13419000
-153,59190252;4,13419000
-153,50998252;4,13419000
-153,42806252;4,13419000
-153,34614252;4,08932800
-153,26422252;4,13419000
-153,18230252;4,08932800
-153,10038252;4,08932800
-153,01846252;4,08932800
-152,93654252;4,04431300
-152,85462252;4,04431300
-152,77270252;4,04431300
-152,69078252;4,04431300
-152,60886253;4,04431300
-152,52694253;4,04431300
-152,44502253;4,04431300
-152,36310253;4,04431300
-152,28118253;4,04431300
-152,19926253;3,99929800
-152,11734253;3,99929800
-152,03542253;3,95443600
-151,95350253;3,95443600
-151,87158253;3,95443600
-151,78966253;3,95443600
-151,70774253;3,95443600
-151,62582253;3,95443600
-151,54390253;3,95443600
-151,46198253;3,95443600
-151,38006253;3,90942100
-151,29814253;3,90942100
-151,21622253;3,90942100
-151,13430253;3,86455900
-151,05238253;3,90942100
-150,97046254;3,86455900
-150,88854254;3,90942100
-150,80662254;3,90942100
-150,72470254;3,86455900
-150,64278254;3,90942100
-150,56086254;3,95443600
-150,47894254;3,95443600
-150,39702254;4,04431300
-150,31510254;4,04431300
-150,23318254;4,13419000
-150,15126254;4,17920400
-150,06934254;4,22406700
-149,98742254;4,31409600
-149,90550254;4,31409600
-149,82358254;4,35895900
-149,74166254;4,40397400
-149,65974254;4,44883600
-149,57782254;4,44883600
-149,49590254;4,49385100
-149,41398254;4,49385100
-149,33206255;4,49385100
-149,25014255;4,49385100
-149,16822255;4,53871300
-149,08630255;4,58372700
-149,00438255;4,58372700
-148,92246255;4,58372700
-148,84054255;4,58372700
-148,75862255;4,62874200
-148,67670255;4,62874200
-148,59478255;4,62874200
-148,51286255;4,62874200
-148,43094255;4,62874200
-148,34902255;4,62874200
-148,26710255;4,62874200
-148,18518255;4,58372700
-148,10326255;4,58372700
-148,02134255;4,58372700
-147,93942255;4,58372700
-147,85750255;4,58372700
-147,77558255;4,58372700
-147,69366255;4,53871300
-147,61174256;4,53871300
-147,52982256;4,49385100
-147,44790256;4,49385100
-147,36598256;4,49385100
-147,28406256;4,49385100
-147,20214256;4,49385100
-147,12022256;4,49385100
-147,03830256;4,49385100
-146,95638256;4,49385100
-146,87446256;4,44883600
-146,79254256;4,44883600
-146,71062256;4,44883600
-146,62870256;4,44883600
-146,54678256;4,44883600
-146,46486256;4,40397400
-146,38294256;4,40397400
-146,30102256;4,40397400
-146,21910256;4,40397400
-146,13718256;4,40397400
-146,05526256;4,40397400
-145,97334257;4,31409600
-145,89142257;4,35895900
-145,80950257;4,35895900
-145,72758257;4,31409600
-145,64566257;4,31409600
-145,56374257;4,31409600
-145,48182257;4,31409600
-145,39990257;4,31409600
-145,31798257;4,31409600
-145,23606257;4,31409600
-145,15414257;4,26908200
-145,07222257;4,26908200
-144,99030257;4,26908200
-144,90838257;4,22406700
-144,82646257;4,26908200
-144,74454257;4,22406700
-144,66262257;4,22406700
-144,58070257;4,22406700
-144,49878257;4,22406700
-144,41686257;4,22406700
-144,33494258;4,22406700
-144,25302258;4,22406700
-144,17110258;4,17920400
-144,08918258;4,13419000
-144,00726258;4,13419000
-143,92534258;4,13419000
-143,84342258;4,13419000
-143,76150258;4,13419000
-143,67958258;4,13419000
-143,59766258;4,13419000
-143,51574258;4,13419000
-143,43382258;4,13419000
-143,35190258;4,13419000
-143,26998258;4,08932800
-143,18806258;4,08932800
-143,10614258;4,08932800
-143,02422258;4,08932800
-142,94230258;4,04431300
-142,86038258;4,04431300
-142,77846258;4,04431300
-142,69654259;4,04431300
-142,61462259;4,04431300
-142,53270259;4,04431300
-142,45078259;4,04431300
-142,36886259;4,04431300
-142,28694259;4,04431300
-142,20502259;3,95443600
-142,12310259;3,95443600
-142,04118259;3,95443600
-141,95926259;3,95443600
-141,87734259;3,95443600
-141,79542259;3,95443600
-141,71350259;3,95443600
-141,63158259;3,95443600
-141,54966259;3,95443600
-141,46774259;3,95443600
-141,38582259;3,90942100
-141,30390259;3,90942100
-141,22198259;3,90942100
-141,14006259;3,90942100
-141,05814260;3,86455900
-140,97622260;3,86455900
-140,89430260;3,86455900
-140,81238260;3,86455900
-140,73046260;3,90942100
-140,64854260;3,95443600
-140,56662260;3,95443600
-140,48470260;3,99929800
-140,40278260;4,08932800
-140,32086260;4,13419000
-140,23894260;4,17920400
-140,15702260;4,22406700
-140,07510260;4,26908200
-139,99318260;4,31409600
-139,91126260;4,35895900
-139,82934260;4,40397400
-139,74742260;4,40397400
-139,66550260;4,44883600
-139,58358260;4,49385100
-139,50166260;4,49385100
-139,41974261;4,49385100
-139,33782261;4,53871300
-139,25590261;4,58372700
-139,17398261;4,58372700
-139,09206261;4,58372700
-139,01014261;4,62874200
-138,92822261;4,62874200
-138,84630261;4,62874200
-138,76438261;4,62874200
-138,68246261;4,58372700
-138,60054261;4,58372700
-138,51862261;4,62874200
-138,43670261;4,62874200
-138,35478261;4,62874200
-138,27286261;4,62874200
-138,19094261;4,62874200
-138,10902261;4,62874200
-138,02710261;4,58372700
-137,94518261;4,58372700
-137,86326261;4,58372700
-137,78134262;4,53871300
-137,69942262;4,53871300
-137,61750262;4,53871300
-137,53558262;4,53871300
-137,45366262;4,53871300
-137,37174262;4,49385100
-137,28982262;4,49385100
-137,20790262;4,49385100
-137,12598262;4,49385100
-137,04406262;4,49385100
-136,96214262;4,49385100
-136,88022262;4,49385100
-136,79830262;4,44883600
-136,71638262;4,44883600
-136,63446262;4,44883600
-136,55254262;4,40397400
-136,47062262;4,40397400
-136,38870262;4,40397400
-136,30678262;4,40397400
-136,22486262;4,40397400
-136,14294263;4,40397400
-136,06102263;4,40397400
-135,97910263;4,40397400
-135,89718263;4,35895900
-135,81526263;4,31409600
-135,73334263;4,31409600
-135,65142263;4,31409600
-135,56950263;4,31409600
-135,48758263;4,31409600
-135,40566263;4,31409600
-135,32374263;4,31409600
-135,24182263;4,31409600
-135,15990263;4,31409600
-135,07798263;4,31409600
-134,99606263;4,26908200
-134,91414263;4,26908200
-134,83222263;4,22406700
-134,75030263;4,26908200
-134,66838263;4,22406700
-134,58646263;4,22406700
-134,50454264;4,22406700
-134,42262264;4,22406700
-134,34070264;4,22406700
-134,25878264;4,22406700
-134,17686264;4,22406700
-134,09494264;4,17920400
-134,01302264;4,17920400
-133,93110264;4,17920400
-133,84918264;4,13419000
-133,76726264;4,13419000
-133,68534264;4,13419000
-133,60342264;4,13419000
-133,52150264;4,13419000
-133,43958264;4,13419000
-133,35766264;4,13419000
-133,27574264;4,08932800
-133,19382264;4,08932800
-133,11190264;4,08932800
-133,02998264;4,08932800
-132,94806264;4,08932800
-132,86614265;4,04431300
-132,78422265;4,04431300
-132,70230265;4,04431300
-132,62038265;4,04431300
-132,53846265;4,04431300
-132,45654265;4,04431300
-132,37462265;3,99929800
-132,29270265;4,04431300
-132,21078265;3,99929800
-132,12886265;3,95443600
-132,04694265;3,95443600
-131,96502265;3,95443600
-131,88310265;3,95443600
-131,80118265;3,95443600
-131,71926265;3,95443600
-131,63734265;3,95443600
-131,55542265;3,95443600
-131,47350265;3,95443600
-131,39158265;3,95443600
-131,30966265;3,90942100
-131,22774266;3,90942100
-131,14582266;3,90942100
-131,06390266;3,86455900
-130,98198266;3,90942100
-130,90006266;3,86455900
-130,81814266;3,86455900
-130,73622266;3,90942100
-130,65430266;3,90942100
-130,57238266;3,95443600
-130,49046266;3,95443600
-130,40854266;4,04431300
-130,32662266;4,04431300
-130,24470266;4,13419000
-130,16278266;4,13419000
-130,08086266;4,22406700
-129,99894266;4,26908200
-129,91702266;4,31409600
-129,83510266;4,31409600
-129,75318266;4,40397400
-129,67126266;4,40397400
-129,58934266;4,44883600
-129,50742267;4,49385100
-129,42550267;4,49385100
-129,34358267;4,49385100
-129,26166267;4,53871300
-129,17974267;4,58372700
-129,09782267;4,58372700
-129,01590267;4,58372700
-128,93398267;4,58372700
-128,85206267;4,62874200
-128,77014267;4,62874200
-128,68822267;4,62874200
-128,60630267;4,62874200
-128,52438267;4,62874200
-128,44246267;4,58372700
-128,36054267;4,62874200
-128,27862267;4,58372700
-128,19670267;4,58372700
-128,11478267;4,58372700
-128,03286267;4,58372700
-127,95094267;4,58372700
-127,86902268;4,58372700
-127,78710268;4,58372700
-127,70518268;4,53871300
-127,62326268;4,53871300
-127,54134268;4,53871300
-127,45942268;4,53871300
-127,37750268;4,49385100
-127,29558268;4,49385100
-127,21366268;4,49385100
-127,13174268;4,49385100
-127,04982268;4,49385100
-126,96790268;4,49385100
-126,88598268;4,49385100
-126,80406268;4,44883600
-126,72214268;4,44883600
-126,64022268;4,40397400
-126,55830268;4,40397400
-126,47638268;4,40397400
-126,39446268;4,40397400
-126,31254268;4,40397400
-126,23062269;4,40397400
-126,14870269;4,40397400
-126,06678269;4,40397400
-125,98486269;4,40397400
-125,90294269;4,31409600
-125,82102269;4,31409600
-125,73910269;4,31409600
-125,65718269;4,31409600
-125,57526269;4,31409600
-125,49334269;4,31409600
-125,41142269;4,31409600
-125,32950269;4,31409600
-125,24758269;4,31409600
-125,16566269;4,26908200
-125,08374269;4,31409600
-125,00182269;4,31409600
-124,91990269;4,26908200
-124,83798269;4,22406700
-124,75606269;4,22406700
-124,67414269;4,22406700
-124,59222270;4,22406700
-124,51030270;4,22406700
-124,42838270;4,22406700
-124,34646270;4,22406700
-124,26454270;4,22406700
-124,18262270;4,22406700
-124,10070270;4,17920400
-124,01878270;4,13419000
-123,93686270;4,13419000
-123,85494270;4,13419000
-123,77302270;4,13419000
-123,69110270;4,13419000
-123,60918270;4,13419000
-123,52726270;4,13419000
-123,44534270;4,13419000
-123,36342270;4,13419000
-123,28150270;4,08932800
-123,19958270;4,08932800
-123,11766270;4,04431300
-123,03574270;4,04431300
-122,95382271;4,04431300
-122,87190271;4,04431300
-122,78998271;4,04431300
-122,70806271;4,04431300
-122,62614271;4,04431300
-122,54422271;4,04431300
-122,46230271;4,04431300
-122,38038271;4,04431300
-122,29846271;3,99929800
-122,21654271;3,99929800
-122,13462271;3,99929800
-122,05270271;3,95443600
-121,97078271;3,95443600
-121,88886271;3,95443600
-121,80694271;3,95443600
-121,72502271;3,95443600
-121,64310271;3,95443600
-121,56118271;3,95443600
-121,47926271;3,90942100
-121,39734271;3,90942100
-121,31542272;3,90942100
-121,23350272;3,95443600
-121,15158272;3,90942100
-121,06966272;3,90942100
-120,98774272;3,86455900
-120,90582272;3,86455900
-120,82390272;3,86455900
-120,74198272;3,90942100
-120,66006272;3,90942100
-120,57814272;3,95443600
-120,49622272;3,99929800
-120,41430272;4,04431300
-120,33238272;4,08932800
-120,25046272;4,13419000
-120,16854272;4,22406700
-120,08662272;4,26908200
-120,00470272;4,31409600
-119,92278272;4,31409600
-119,84086272;4,40397400
-119,75894272;4,40397400
-119,67702273;4,44883600
-119,59510273;4,49385100
-119,51318273;4,49385100
-119,43126273;4,53871300
-119,34934273;4,53871300
-119,26742273;4,58372700
-119,18550273;4,58372700
-119,10358273;4,58372700
-119,02166273;4,58372700
-118,93974273;4,62874200
-118,85782273;4,62874200
-118,77590273;4,62874200
-118,69398273;4,62874200
-118,61206273;4,62874200
-118,53014273;4,62874200
-118,44822273;4,62874200
-118,36630273;4,58372700
-118,28438273;4,58372700
-118,20246273;4,58372700
-118,12054273;4,58372700
-118,03862274;4,58372700
-117,95670274;4,58372700
-117,87478274;4,58372700
-117,79286274;4,58372700
-117,71094274;4,53871300
-117,62902274;4,53871300
-117,54710274;4,53871300
-117,46518274;4,53871300
-117,38326274;4,49385100
-117,30134274;4,49385100
-117,21942274;4,49385100
-117,13750274;4,49385100
-117,05558274;4,49385100
-116,97366274;4,49385100
-116,89174274;4,44883600
-116,80982274;4,44883600
-116,72790274;4,44883600
-116,64598274;4,40397400
-116,56406274;4,44883600
-116,48214274;4,40397400
-116,40022275;4,40397400
-116,31830275;4,40397400
-116,23638275;4,40397400
-116,15446275;4,40397400
-116,07254275;4,40397400
-115,99062275;4,40397400
-115,90870275;4,35895900
-115,82678275;4,35895900
-115,74486275;4,31409600
-115,66294275;4,31409600
-115,58102275;4,31409600
-115,49910275;4,31409600
-115,41718275;4,31409600
-115,33526275;4,31409600
-115,25334275;4,31409600
-115,17142275;4,26908200
-115,08950275;4,31409600
-115,00758275;4,26908200
-114,92566275;4,26908200
-114,84374275;4,26908200
-114,76182276;4,26908200
-114,67990276;4,22406700
-114,59798276;4,22406700
-114,51606276;4,22406700
-114,43414276;4,22406700
-114,35222276;4,22406700
-114,27030276;4,17920400
-114,18838276;4,17920400
-114,10646276;4,17920400
-114,02454276;4,17920400
-113,94262276;4,17920400
-113,86070276;4,13419000
-113,77878276;4,13419000
-113,69686276;4,13419000
-113,61494276;4,13419000
-113,53302276;4,13419000
-113,45110276;4,13419000
-113,36918276;4,13419000
-113,28726276;4,08932800
-113,20534276;4,08932800
-113,12342277;4,08932800
-113,04150277;4,04431300
-112,95958277;4,04431300
-112,87766277;4,04431300
-112,79574277;4,04431300
-112,71382277;4,04431300
-112,63190277;4,04431300
-112,54998277;4,04431300
-112,46806277;4,04431300
-112,38614277;4,04431300
-112,30422277;4,04431300
-112,22230277;3,99929800
-112,14038277;3,99929800
-112,05846277;3,99929800
-111,97654277;3,95443600
-111,89462277;3,95443600
-111,81270277;3,95443600
-111,73078277;3,95443600
-111,64886277;3,95443600
-111,56694277;3,95443600
-111,48502278;3,95443600
-111,40310278;3,95443600
-111,32118278;3,90942100
-111,23926278;3,90942100
-111,15734278;3,90942100
-111,07542278;3,86455900
-110,99350278;3,90942100
-110,91158278;3,86455900
-110,82966278;3,90942100
-110,74774278;3,90942100
-110,66582278;3,90942100
-110,58390278;3,95443600
-110,50198278;3,95443600
-110,42006278;4,04431300
-110,33814278;4,08932800
-110,25622278;4,13419000
-110,17430278;4,17920400
-110,09238278;4,22406700
-110,01046278;4,26908200
-109,92854278;4,31409600
-109,84662278;4,31409600
-109,76470279;4,40397400
-109,68278279;4,40397400
-109,60086279;4,44883600
-109,51894279;4,49385100
-109,43702279;4,49385100
-109,35510279;4,49385100
-109,27318279;4,49385100
-109,19126279;4,53871300
-109,10934279;4,58372700
-109,02742279;4,58372700
-108,94550279;4,58372700
-108,86358279;4,62874200
-108,78166279;4,62874200
-108,69974279;4,62874200
-108,61782279;4,62874200
-108,53590279;4,62874200
-108,45398279;4,62874200
-108,37206279;4,62874200
-108,29014279;4,62874200
-108,20822279;4,58372700
-108,12630280;4,58372700
-108,04438280;4,58372700
-107,96246280;4,58372700
-107,88054280;4,58372700
-107,79862280;4,58372700
-107,71670280;4,58372700
-107,63478280;4,53871300
-107,55286280;4,53871300
-107,47094280;4,53871300
-107,38902280;4,49385100
-107,30710280;4,49385100
-107,22518280;4,49385100
-107,14326280;4,49385100
-107,06134280;4,49385100
-106,97942280;4,49385100
-106,89750280;4,49385100
-106,81558280;4,44883600
-106,73366280;4,44883600
-106,65174280;4,40397400
-106,56982280;4,44883600
-106,48790281;4,40397400
-106,40598281;4,40397400
-106,32406281;4,40397400
-106,24214281;4,40397400
-106,16022281;4,40397400
-106,07830281;4,40397400
-105,99638281;4,40397400
-105,91446281;4,35895900
-105,83254281;4,31409600
-105,75062281;4,31409600
-105,66870281;4,31409600
-105,58678281;4,31409600
-105,50486281;4,31409600
-105,42294281;4,31409600
-105,34102281;4,31409600
-105,25910281;4,31409600
-105,17718281;4,31409600
-105,09526281;4,26908200
-105,01334281;4,26908200
-104,93142281;4,26908200
-104,84950282;4,26908200
-104,76758282;4,22406700
-104,68566282;4,22406700
-104,60374282;4,22406700
-104,52182282;4,22406700
-104,43990282;4,22406700
-104,35798282;4,22406700
-104,27606282;4,17920400
-104,19414282;4,17920400
-104,11222282;4,17920400
-104,03030282;4,17920400
-103,94838282;4,13419000
-103,86646282;4,13419000
-103,78454282;4,13419000
-103,70262282;4,13419000
-103,62070282;4,13419000
-103,53878282;4,13419000
-103,45686282;4,13419000
-103,37494282;4,13419000
-103,29302282;4,13419000
-103,21110283;4,13419000
-103,12918283;4,08932800
-103,04726283;4,08932800
-102,96534283;4,08932800
-102,88342283;4,04431300
-102,80150283;4,04431300
-102,71958283;4,04431300
-102,63766283;4,04431300
-102,55574283;4,04431300
-102,47382283;4,04431300
-102,39190283;4,04431300
-102,30998283;3,99929800
-102,22806283;3,95443600
-102,14614283;3,95443600
-102,06422283;3,99929800
-101,98230283;3,95443600
-101,90038283;3,95443600
-101,81846283;3,95443600
-101,73654283;3,95443600
-101,65462283;3,95443600
-101,57270284;3,95443600
-101,49078284;3,95443600
-101,40886284;3,90942100
-101,32694284;3,95443600
-101,24502284;3,90942100
-101,16310284;3,90942100
-101,08118284;3,90942100
-100,99926284;3,90942100
-100,91734284;3,86455900
-100,83542284;3,86455900
-100,75350284;3,90942100
-100,67158284;3,90942100
-100,58966284;3,95443600
-100,50774284;3,99929800
-100,42582284;4,04431300
-100,34390284;4,13419000
-100,26198284;4,13419000
-100,18006284;4,22406700
-100,09814284;4,22406700
-100,01622284;4,31409600
-99,93430285;4,31409600
-99,85238285;4,40397400
-99,77046285;4,40397400
-99,68854285;4,40397400
-99,60662285;4,49385100
-99,52470285;4,49385100
-99,44278285;4,49385100
-99,36086285;4,53871300
-99,27894285;4,53871300
-99,19702285;4,58372700
-99,11510285;4,58372700
-99,03318285;4,62874200
-98,95126285;4,62874200
-98,86934285;4,62874200
-98,78742285;4,62874200
-98,70550285;4,62874200
-98,62358285;4,62874200
-98,54166285;4,62874200
-98,45974285;4,62874200
-98,37782285;4,58372700
-98,29590286;4,62874200
-98,21398286;4,58372700
-98,13206286;4,58372700
-98,05014286;4,58372700
-97,96822286;4,58372700
-97,88630286;4,58372700
-97,80438286;4,58372700
-97,72246286;4,53871300
-97,64054286;4,53871300
-97,55862286;4,53871300
-97,47670286;4,49385100
-97,39478286;4,53871300
-97,31286286;4,49385100
-97,23094286;4,49385100
-97,14902286;4,49385100
-97,06710286;4,49385100
-96,98518286;4,49385100
-96,90326286;4,49385100
-96,82134286;4,49385100
-96,73942286;4,44883600
-96,65750287;4,49385100
-96,57558287;4,44883600
-96,49366287;4,40397400
-96,41174287;4,40397400
-96,32982287;4,40397400
-96,24790287;4,40397400
-96,16598287;4,40397400
-96,08406287;4,40397400
-96,00214287;4,40397400
-95,92022287;4,40397400
-95,83830287;4,31409600
-95,75638287;4,31409600
-95,67446287;4,31409600
-95,59254287;4,31409600
-95,51062287;4,31409600
-95,42870287;4,31409600
-95,34678287;4,31409600
-95,26486287;4,31409600
-95,18294287;4,26908200
-95,10102287;4,31409600
-95,01910288;4,26908200
-94,93718288;4,26908200
-94,85526288;4,26908200
-94,77334288;4,26908200
-94,69142288;4,26908200
-94,60950288;4,22406700
-94,52758288;4,22406700
-94,44566288;4,22406700
-94,36374288;4,22406700
-94,28182288;4,22406700
-94,19990288;4,17920400
-94,11798288;4,17920400
-94,03606288;4,17920400
-93,95414288;4,17920400
-93,87222288;4,17920400
-93,79030288;4,13419000
-93,70838288;4,13419000
-93,62646288;4,13419000
-93,54454288;4,13419000
-93,46262288;4,13419000
-93,38070289;4,13419000
-93,29878289;4,13419000
-93,21686289;4,08932800
-93,13494289;4,13419000
-93,05302289;4,04431300
-92,97110289;4,08932800
-92,88918289;4,04431300
-92,80726289;4,08932800
-92,72534289;4,04431300
-92,64342289;4,04431300
-92,56150289;4,04431300
-92,47958289;4,04431300
-92,39766289;4,04431300
-92,31574289;4,04431300
-92,23382289;3,99929800
-92,15190289;3,95443600
-92,06998289;3,95443600
-91,98806289;3,95443600
-91,90614289;3,95443600
-91,82422289;3,95443600
-91,74230289;3,95443600
-91,66038290;3,95443600
-91,57846290;3,95443600
-91,49654290;3,95443600
-91,41462290;3,90942100
-91,33270290;3,95443600
-91,25078290;3,95443600
-91,16886290;3,90942100
-91,08694290;3,90942100
-91,00502290;3,86455900
-90,92310290;3,86455900
-90,84118290;3,86455900
-90,75926290;3,90942100
-90,67734290;3,90942100
-90,59542290;3,95443600
-90,51350290;3,95443600
-90,43158290;4,04431300
-90,34966290;4,04431300
-90,26774290;4,13419000
-90,18582290;4,13419000
-90,10390290;4,22406700
-90,02198291;4,22406700
-89,94006291;4,31409600
-89,85814291;4,31409600
-89,77622291;4,35895900
-89,69430291;4,40397400
-89,61238291;4,40397400
-89,53046291;4,49385100
-89,44854291;4,49385100
-89,36662291;4,49385100
-89,28470291;4,49385100
-89,20278291;4,49385100
-89,12086291;4,53871300
-89,03894291;4,58372700
-88,95702291;4,58372700
-88,87510291;4,58372700
-88,79318291;4,62874200
-88,71126291;4,58372700
-88,62934291;4,58372700
-88,54742291;4,62874200
-88,46550291;4,58372700
-88,38358292;4,62874200
-88,30166292;4,58372700
-88,21974292;4,58372700
-88,13782292;4,58372700
-88,05590292;4,58372700
-87,97398292;4,58372700
-87,89206292;4,58372700
-87,81014292;4,53871300
-87,72822292;4,53871300
-87,64630292;4,53871300
-87,56438292;4,53871300
-87,48246292;4,49385100
-87,40054292;4,49385100
-87,31862292;4,49385100
-87,23670292;4,49385100
-87,15478292;4,49385100
-87,07286292;4,49385100
-86,99094292;4,49385100
-86,90902292;4,49385100
-86,82710292;4,44883600
-86,74518293;4,44883600
-86,66326293;4,44883600
-86,58134293;4,40397400
-86,49942293;4,40397400
-86,41750293;4,40397400
-86,33558293;4,40397400
-86,25366293;4,40397400
-86,17174293;4,40397400
-86,08982293;4,40397400
-86,00790293;4,40397400
-85,92598293;4,35895900
-85,84406293;4,35895900
-85,76214293;4,31409600
-85,68022293;4,31409600
-85,59830293;4,31409600
-85,51638293;4,31409600
-85,43446293;4,31409600
-85,35254293;4,31409600
-85,27062293;4,31409600
-85,18870293;4,31409600
-85,10678294;4,31409600
-85,02486294;4,26908200
-84,94294294;4,26908200
-84,86102294;4,22406700
-84,77910294;4,26908200
-84,69718294;4,22406700
-84,61526294;4,22406700
-84,53334294;4,22406700
-84,45142294;4,22406700
-84,36950294;4,22406700
-84,28758294;4,22406700
-84,20566294;4,17920400
-84,12374294;4,17920400
-84,04182294;4,17920400
-83,95990294;4,13419000
-83,87798294;4,13419000
-83,79606294;4,13419000
-83,71414294;4,13419000
-83,63222294;4,13419000
-83,55030294;4,13419000
-83,46838295;4,13419000
-83,38646295;4,13419000
-83,30454295;4,13419000
-83,22262295;4,08932800
-83,14070295;4,08932800
-83,05878295;4,04431300
-82,97686295;4,08932800
-82,89494295;4,04431300
-82,81302295;4,08932800
-82,73110295;4,04431300
-82,64918295;4,04431300
-82,56726295;4,04431300
-82,48534295;4,04431300
-82,40342295;3,99929800
-82,32150295;4,04431300
-82,23958295;3,99929800
-82,15766295;3,95443600
-82,07574295;3,95443600
-81,99382295;3,95443600
-81,91190295;3,95443600
-81,82998296;3,95443600
-81,74806296;3,95443600
-81,66614296;3,95443600
-81,58422296;3,95443600
-81,50230296;3,95443600
-81,42038296;3,90942100
-81,33846296;3,90942100
-81,25654296;3,90942100
-81,17462296;3,90942100
-81,09270296;3,86455900
-81,01078296;3,86455900
-80,92886296;3,86455900
-80,84694296;3,86455900
-80,76502296;3,86455900
-80,68310296;3,90942100
-80,60118296;3,95443600
-80,51926296;3,95443600
-80,43734296;4,04431300
-80,35542296;4,08932800
-80,27350296;4,13419000
-80,19158297;4,22406700
-80,10966297;4,22406700
-80,02774297;4,31409600
-79,94582297;4,31409600
-79,86390297;4,40397400
-79,78198297;4,40397400
-79,70006297;4,40397400
-79,61814297;4,49385100
-79,53622297;4,49385100
-79,45430297;4,49385100
-79,37238297;4,53871300
-79,29046297;4,53871300
-79,20854297;4,58372700
-79,12662297;4,58372700
-79,04470297;4,62874200
-78,96278297;4,58372700
-78,88086297;4,62874200
-78,79894297;4,62874200
-78,71702297;4,62874200
-78,63510297;4,62874200
-78,55318298;4,62874200
-78,47126298;4,62874200
-78,38934298;4,62874200
-78,30742298;4,58372700
-78,22550298;4,58372700
-78,14358298;4,58372700
-78,06166298;4,58372700
-77,97974298;4,58372700
-77,89782298;4,58372700
-77,81590298;4,58372700
-77,73398298;4,58372700
-77,65206298;4,53871300
-77,57014298;4,53871300
-77,48822298;4,53871300
-77,40630298;4,49385100
-77,32438298;4,49385100
-77,24246298;4,49385100
-77,16054298;4,49385100
-77,07862298;4,49385100
-76,99670298;4,49385100
-76,91478299;4,49385100
-76,83286299;4,44883600
-76,75094299;4,44883600
-76,66902299;4,44883600
-76,58710299;4,44883600
-76,50518299;4,40397400
-76,42326299;4,40397400
-76,34134299;4,40397400
-76,25942299;4,40397400
-76,17750299;4,40397400
-76,09558299;4,40397400
-76,01366299;4,40397400
-75,93174299;4,35895900
-75,84982299;4,31409600
-75,76790299;4,35895900
-75,68598299;4,31409600
-75,60406299;4,31409600
-75,52214299;4,31409600
-75,44022299;4,31409600
-75,35830299;4,31409600
-75,27638300;4,31409600
-75,19446300;4,31409600
-75,11254300;4,31409600
-75,03062300;4,26908200
-74,94870300;4,26908200
-74,86678300;4,26908200
-74,78486300;4,26908200
-74,70294300;4,26908200
-74,62102300;4,22406700
-74,53910300;4,22406700
-74,45718300;4,22406700
-74,37526300;4,22406700
-74,29334300;4,22406700
-74,21142300;4,17920400
-74,12950300;4,17920400
-74,04758300;4,17920400
-73,96566300;4,17920400
-73,88374300;4,13419000
-73,80182300;4,13419000
-73,71990300;4,13419000
-73,63798301;4,13419000
-73,55606301;4,13419000
-73,47414301;4,13419000
-73,39222301;4,13419000
-73,31030301;4,13419000
-73,22838301;4,08932800
-73,14646301;4,08932800
-73,06454301;4,08932800
-72,98262301;4,08932800
-72,90070301;4,04431300
-72,81878301;4,04431300
-72,73686301;4,04431300
-72,65494301;4,04431300
-72,57302301;4,04431300
-72,49110301;4,04431300
-72,40918301;4,04431300
-72,32726301;3,99929800
-72,24534301;4,04431300
-72,16342301;3,99929800
-72,08150301;3,95443600
-71,99958301;3,95443600
-71,91766302;3,95443600
-71,83574302;3,95443600
-71,75382302;3,95443600
-71,67190302;3,95443600
-71,58998302;3,95443600
-71,50806302;3,95443600
-71,42614302;3,95443600
-71,34422302;3,90942100
-71,26230302;3,90942100
-71,18038302;3,90942100
-71,09846302;3,90942100
-71,01654302;3,90942100
-70,93462302;3,90942100
-70,85270302;3,86455900
-70,77078302;3,86455900
-70,68886302;3,90942100
-70,60694302;3,95443600
-70,52502302;3,95443600
-70,44310302;3,99929800
-70,36118302;4,04431300
-70,27926303;4,08932800
-70,19734303;4,13419000
-70,11542303;4,17920400
-70,03350303;4,22406700
-69,95158303;4,26908200
-69,86966303;4,31409600
-69,78774303;4,31409600
-69,70582303;4,40397400
-69,62390303;4,40397400
-69,54198303;4,44883600
-69,46006303;4,49385100
-69,37814303;4,49385100
-69,29622303;4,49385100
-69,21430303;4,53871300
-69,13238303;4,53871300
-69,05046303;4,58372700
-68,96854303;4,58372700
-68,88662303;4,58372700
-68,80470303;4,62874200
-68,72278303;4,58372700
-68,64086304;4,62874200
-68,55894304;4,62874200
-68,47702304;4,58372700
-68,39510304;4,58372700
-68,31318304;4,58372700
-68,23126304;4,58372700
-68,14934304;4,62874200
-68,06742304;4,58372700
-67,98550304;4,58372700
-67,90358304;4,58372700
-67,82166304;4,58372700
-67,73974304;4,53871300
-67,65782304;4,53871300
-67,57590304;4,53871300
-67,49398304;4,49385100
-67,41206304;4,49385100
-67,33014304;4,49385100
-67,24822304;4,49385100
-67,16630304;4,49385100
-67,08438304;4,49385100
-67,00246305;4,49385100
-66,92054305;4,49385100
-66,83862305;4,49385100
-66,75670305;4,44883600
-66,67478305;4,44883600
-66,59286305;4,40397400
-66,51094305;4,40397400
-66,42902305;4,40397400
-66,34710305;4,40397400
-66,26518305;4,40397400
-66,18326305;4,40397400
-66,10134305;4,40397400
-66,01942305;4,40397400
-65,93750305;4,40397400
-65,85558305;4,35895900
-65,77366305;4,35895900
-65,69174305;4,35895900
-65,60982305;4,31409600
-65,52790305;4,31409600
-65,44598305;4,31409600
-65,36406306;4,31409600
-65,28214306;4,31409600
-65,20022306;4,31409600
-65,11830306;4,31409600
-65,03638306;4,26908200
-64,95446306;4,26908200
-64,87254306;4,22406700
-64,79062306;4,22406700
-64,70870306;4,22406700
-64,62678306;4,22406700
-64,54486306;4,22406700
-64,46294306;4,17920400
-64,38102306;4,22406700
-64,29910306;4,17920400
-64,21718306;4,22406700
-64,13526306;4,17920400
-64,05334306;4,17920400
-63,97142306;4,13419000
-63,88950306;4,17920400
-63,80758306;4,13419000
-63,72566307;4,13419000
-63,64374307;4,13419000
-63,56182307;4,13419000
-63,47990307;4,13419000
-63,39798307;4,13419000
-63,31606307;4,13419000
-63,23414307;4,08932800
-63,15222307;4,08932800
-63,07030307;4,08932800
-62,98838307;4,08932800
-62,90646307;4,04431300
-62,82454307;4,04431300
-62,74262307;4,04431300
-62,66070307;4,04431300
-62,57878307;4,04431300
-62,49686307;4,04431300
-62,41494307;4,04431300
-62,33302307;3,99929800
-62,25110307;3,99929800
-62,16918307;3,99929800
-62,08726308;3,99929800
-62,00534308;3,99929800
-61,92342308;3,95443600
-61,84150308;3,95443600
-61,75958308;3,95443600
-61,67766308;3,95443600
-61,59574308;3,95443600
-61,51382308;3,95443600
-61,43190308;3,90942100
-61,34998308;3,90942100
-61,26806308;3,90942100
-61,18614308;3,90942100
-61,10422308;3,90942100
-61,02230308;3,90942100
-60,94038308;3,86455900
-60,85846308;3,86455900
-60,77654308;3,90942100
-60,69462308;3,90942100
-60,61270308;3,95443600
-60,53078308;3,95443600
-60,44886309;4,04431300
-60,36694309;4,08932800
-60,28502309;4,13419000
-60,20310309;4,17920400
-60,12118309;4,22406700
-60,03926309;4,26908200
-59,95734309;4,31409600
-59,87542309;4,40397400
-59,79350309;4,40397400
-59,71158309;4,44883600
-59,62966309;4,49385100
-59,54774309;4,49385100
-59,46582309;4,49385100
-59,38390309;4,53871300
-59,30198309;4,53871300
-59,22006309;4,58372700
-59,13814309;4,58372700
-59,05622309;4,58372700
-58,97430309;4,62874200
-58,89238309;4,62874200
-58,81046310;4,62874200
-58,72854310;4,62874200
-58,64662310;4,62874200
-58,56470310;4,62874200
-58,48278310;4,62874200
-58,40086310;4,58372700
-58,31894310;4,62874200
-58,23702310;4,58372700
-58,15510310;4,58372700
-58,07318310;4,58372700
-57,99126310;4,58372700
-57,90934310;4,58372700
-57,82742310;4,58372700
-57,74550310;4,58372700
-57,66358310;4,53871300
-57,58166310;4,53871300
-57,49974310;4,53871300
-57,41782310;4,49385100
-57,33590310;4,49385100
-57,25398310;4,49385100
-57,17206311;4,49385100
-57,09014311;4,49385100
-57,00822311;4,49385100
-56,92630311;4,44883600
-56,84438311;4,49385100
-56,76246311;4,49385100
-56,68054311;4,44883600
-56,59862311;4,44883600
-56,51670311;4,40397400
-56,43478311;4,40397400
-56,35286311;4,40397400
-56,27094311;4,40397400
-56,18902311;4,40397400
-56,10710311;4,40397400
-56,02518311;4,40397400
-55,94326311;4,40397400
-55,86134311;4,35895900
-55,77942311;4,31409600
-55,69750311;4,31409600
-55,61558311;4,31409600
-55,53366312;4,31409600
-55,45174312;4,31409600
-55,36982312;4,31409600
-55,28790312;4,31409600
-55,20598312;4,31409600
-55,12406312;4,31409600
-55,04214312;4,31409600
-54,96022312;4,26908200
-54,87830312;4,26908200
-54,79638312;4,22406700
-54,71446312;4,22406700
-54,63254312;4,22406700
-54,55062312;4,22406700
-54,46870312;4,22406700
-54,38678312;4,22406700
-54,30486312;4,22406700
-54,22294312;4,22406700
-54,14102312;4,17920400
-54,05910312;4,17920400
-53,97718312;4,13419000
-53,89526313;4,13419000
-53,81334313;4,13419000
-53,73142313;4,13419000
-53,64950313;4,13419000
-53,56758313;4,13419000
-53,48566313;4,13419000
-53,40374313;4,13419000
-53,32182313;4,13419000
-53,23990313;4,08932800
-53,15798313;4,08932800
-53,07606313;4,08932800
-52,99414313;4,04431300
-52,91222313;4,04431300
-52,83030313;4,04431300
-52,74838313;4,04431300
-52,66646313;4,04431300
-52,58454313;4,04431300
-52,50262313;4,04431300
-52,42070313;4,04431300
-52,33878313;4,04431300
-52,25686313;3,95443600
-52,17494314;3,95443600
-52,09302314;3,95443600
-52,01110314;3,95443600
-51,92918314;3,95443600
-51,84726314;3,95443600
-51,76534314;3,95443600
-51,68342314;3,95443600
-51,60150314;3,95443600
-51,51958314;3,95443600
-51,43766314;3,95443600
-51,35574314;3,90942100
-51,27382314;3,90942100
-51,19190314;3,90942100
-51,10998314;3,90942100
-51,02806314;3,90942100
-50,94614314;3,86455900
-50,86422314;3,86455900
-50,78230314;3,86455900
-50,70038314;3,90942100
-50,61846314;3,95443600
-50,53654315;3,95443600
-50,45462315;3,95443600
-50,37270315;4,04431300
-50,29078315;4,08932800
-50,20886315;4,13419000
-50,12694315;4,17920400
-50,04502315;4,22406700
-49,96310315;4,26908200
-49,88118315;4,31409600
-49,79926315;4,31409600
-49,71734315;4,40397400
-49,63542315;4,40397400
-49,55350315;4,44883600
-49,47158315;4,49385100
-49,38966315;4,49385100
-49,30774315;4,49385100
-49,22582315;4,53871300
-49,14390315;4,58372700
-49,06198315;4,58372700
-48,98006315;4,58372700
-48,89814316;4,62874200
-48,81622316;4,58372700
-48,73430316;4,62874200
-48,65238316;4,58372700
-48,57046316;4,62874200
-48,48854316;4,58372700
-48,40662316;4,62874200
-48,32470316;4,58372700
-48,24278316;4,58372700
-48,16086316;4,58372700
-48,07894316;4,58372700
-47,99702316;4,58372700
-47,91510316;4,58372700
-47,83318316;4,58372700
-47,75126316;4,53871300
-47,66934316;4,53871300
-47,58742316;4,53871300
-47,50550316;4,49385100
-47,42358316;4,49385100
-47,34166316;4,49385100
-47,25974317;4,49385100
-47,17782317;4,49385100
-47,09590317;4,49385100
-47,01398317;4,49385100
-46,93206317;4,49385100
-46,85014317;4,44883600
-46,76822317;4,44883600
-46,68630317;4,44883600
-46,60438317;4,44883600
-46,52246317;4,44883600
-46,44054317;4,40397400
-46,35862317;4,40397400
-46,27670317;4,40397400
-46,19478317;4,40397400
-46,11286317;4,40397400
-46,03094317;4,35895900
-45,94902317;4,35895900
-45,86710317;4,35895900
-45,78518317;4,31409600
-45,70326317;4,31409600
-45,62134318;4,31409600
-45,53942318;4,31409600
-45,45750318;4,31409600
-45,37558318;4,31409600
-45,29366318;4,31409600
-45,21174318;4,31409600
-45,12982318;4,26908200
-45,04790318;4,26908200
-44,96598318;4,26908200
-44,88406318;4,26908200
-44,80214318;4,26908200
-44,72022318;4,22406700
-44,63830318;4,22406700
-44,55638318;4,22406700
-44,47446318;4,22406700
-44,39254318;4,22406700
-44,31062318;4,22406700
-44,22870318;4,22406700
-44,14678318;4,17920400
-44,06486318;4,17920400
-43,98294319;4,17920400
-43,90102319;4,13419000
-43,81910319;4,13419000
-43,73718319;4,13419000
-43,65526319;4,13419000
-43,57334319;4,13419000
-43,49142319;4,13419000
-43,40950319;4,08932800
-43,32758319;4,13419000
-43,24566319;4,13419000
-43,16374319;4,08932800
-43,08182319;4,08932800
-42,99990319;4,08932800
-42,91798319;4,04431300
-42,83606319;4,04431300
-42,75414319;4,04431300
-42,67222319;4,04431300
-42,59030319;4,04431300
-42,50838319;4,04431300
-42,42646319;4,04431300
-42,34454320;3,99929800
-42,26262320;3,95443600
-42,18070320;3,99929800
-42,09878320;3,95443600
-42,01686320;3,95443600
-41,93494320;3,95443600
-41,85302320;3,95443600
-41,77110320;3,95443600
-41,68918320;3,95443600
-41,60726320;3,95443600
-41,52534320;3,95443600
-41,44342320;3,90942100
-41,36150320;3,90942100
-41,27958320;3,90942100
-41,19766320;3,90942100
-41,11574320;3,90942100
-41,03382320;3,90942100
-40,95190320;3,86455900
-40,86998320;3,86455900
-40,78806320;3,90942100
-40,70614321;3,90942100
-40,62422321;3,95443600
-40,54230321;3,95443600
-40,46038321;4,04431300
-40,37846321;4,04431300
-40,29654321;4,13419000
-40,21462321;4,17920400
-40,13270321;4,22406700
-40,05078321;4,26908200
-39,96886321;4,31409600
-39,88694321;4,35895900
-39,80502321;4,40397400
-39,72310321;4,40397400
-39,64118321;4,44883600
-39,55926321;4,49385100
-39,47734321;4,49385100
-39,39542321;4,49385100
-39,31350321;4,53871300
-39,23158321;4,58372700
-39,14966321;4,58372700
-39,06774322;4,58372700
-38,98582322;4,58372700
-38,90390322;4,62874200
-38,82198322;4,67360400
-38,74006322;4,62874200
-38,65814322;4,67360400
-38,57622322;4,62874200
-38,49430322;4,67360400
-38,41238322;4,62874200
-38,33046322;4,58372700
-38,24854322;4,58372700
-38,16662322;4,58372700
-38,08470322;4,58372700
-38,00278322;4,58372700
-37,92086322;4,58372700
-37,83894322;4,58372700
-37,75702322;4,58372700
-37,67510322;4,58372700
-37,59318322;4,53871300
-37,51126322;4,53871300
-37,42934323;4,49385100
-37,34742323;4,49385100
-37,26550323;4,49385100
-37,18358323;4,49385100
-37,10166323;4,49385100
-37,01974323;4,49385100
-36,93782323;4,49385100
-36,85590323;4,44883600
-36,77398323;4,49385100
-36,69206323;4,44883600
-36,61014323;4,44883600
-36,52822323;4,40397400
-36,44630323;4,40397400
-36,36438323;4,40397400
-36,28246323;4,40397400
-36,20054323;4,40397400
-36,11862323;4,40397400
-36,03670323;4,40397400
-35,95478323;4,40397400
-35,87286323;4,40397400
-35,79094324;4,40397400
-35,70902324;4,31409600
-35,62710324;4,31409600
-35,54518324;4,31409600
-35,46326324;4,31409600
-35,38134324;4,31409600
-35,29942324;4,31409600
-35,21750324;4,31409600
-35,13558324;4,31409600
-35,05366324;4,26908200
-34,97174324;4,26908200
-34,88982324;4,26908200
-34,80790324;4,26908200
-34,72598324;4,26908200
-34,64406324;4,22406700
-34,56214324;4,22406700
-34,48022324;4,22406700
-34,39830324;4,22406700
-34,31638324;4,22406700
-34,23446324;4,17920400
-34,15254324;4,22406700
-34,07062325;4,17920400
-33,98870325;4,17920400
-33,90678325;4,17920400
-33,82486325;4,13419000
-33,74294325;4,13419000
-33,66102325;4,13419000
-33,57910325;4,13419000
-33,49718325;4,13419000
-33,41526325;4,13419000
-33,33334325;4,13419000
-33,25142325;4,13419000
-33,16950325;4,08932800
-33,08758325;4,08932800
-33,00566325;4,08932800
-32,92374325;4,08932800
-32,84182325;4,08932800
-32,75990325;4,04431300
-32,67798325;4,04431300
-32,59606325;4,04431300
-32,51414325;4,04431300
-32,43222326;4,04431300
-32,35030326;4,04431300
-32,26838326;3,99929800
-32,18646326;3,99929800
-32,10454326;3,99929800
-32,02262326;3,95443600
-31,94070326;3,95443600
-31,85878326;3,95443600
-31,77686326;3,95443600
-31,69494326;3,95443600
-31,61302326;3,95443600
-31,53110326;3,95443600
-31,44918326;3,95443600
-31,36726326;3,90942100
-31,28534326;3,95443600
-31,20342326;3,90942100
-31,12150326;3,90942100
-31,03958326;3,90942100
-30,95766326;3,86455900
-30,87574326;3,86455900
-30,79382327;3,86455900
-30,71190327;3,90942100
-30,62998327;3,90942100
-30,54806327;3,95443600
-30,46614327;3,95443600
-30,38422327;4,04431300
-30,30230327;4,08932800
-30,22038327;4,13419000
-30,13846327;4,17920400
-30,05654327;4,22406700
-29,97462327;4,26908200
-29,89270327;4,31409600
-29,81078327;4,31409600
-29,72886327;4,40397400
-29,64694327;4,40397400
-29,56502327;4,44883600
-29,48310327;4,44883600
-29,40118327;4,49385100
-29,31926327;4,49385100
-29,23734327;4,53871300
-29,15542328;4,53871300
-29,07350328;4,58372700
-28,99158328;4,58372700
-28,90966328;4,58372700
-28,82774328;4,58372700
-28,74582328;4,58372700
-28,66390328;4,62874200
-28,58198328;4,62874200
-28,50006328;4,62874200
-28,41814328;4,58372700
-28,33622328;4,62874200
-28,25430328;4,62874200
-28,17238328;4,62874200
-28,09046328;4,58372700
-28,00854328;4,58372700
-27,92662328;4,58372700
-27,84470328;4,58372700
-27,76278328;4,53871300
-27,68086328;4,53871300
-27,59894328;4,53871300
-27,51702329;4,53871300
-27,43510329;4,53871300
-27,35318329;4,49385100
-27,27126329;4,49385100
-27,18934329;4,49385100
-27,10742329;4,49385100
-27,02550329;4,49385100
-26,94358329;4,49385100
-26,86166329;4,44883600
-26,77974329;4,44883600
-26,69782329;4,44883600
-26,61590329;4,44883600
-26,53398329;4,44883600
-26,45206329;4,40397400
-26,37014329;4,40397400
-26,28822329;4,40397400
-26,20630329;4,40397400
-26,12438329;4,40397400
-26,04246329;4,40397400
-25,96054329;4,35895900
-25,87862330;4,35895900
-25,79670330;4,35895900
-25,71478330;4,31409600
-25,63286330;4,31409600
-25,55094330;4,31409600
-25,46902330;4,31409600
-25,38710330;4,31409600
-25,30518330;4,31409600
-25,22326330;4,31409600
-25,14134330;4,26908200
-25,05942330;4,26908200
-24,97750330;4,26908200
-24,89558330;4,26908200
-24,81366330;4,26908200
-24,73174330;4,22406700
-24,64982330;4,22406700
-24,56790330;4,22406700
-24,48598330;4,22406700
-24,40406330;4,22406700
-24,32214330;4,22406700
-24,24022331;4,22406700
-24,15830331;4,17920400
-24,07638331;4,17920400
-23,99446331;4,13419000
-23,91254331;4,13419000
-23,83062331;4,13419000
-23,74870331;4,13419000
-23,66678331;4,13419000
-23,58486331;4,13419000
-23,50294331;4,13419000
-23,42102331;4,13419000
-23,33910331;4,08932800
-23,25718331;4,08932800
-23,17526331;4,08932800
-23,09334331;4,08932800
-23,01142331;4,08932800
-22,92950331;4,08932800
-22,84758331;4,04431300
-22,76566331;4,04431300
-22,68374331;4,04431300
-22,60182332;4,04431300
-22,51990332;4,04431300
-22,43798332;4,04431300
-22,35606332;3,99929800
-22,27414332;4,04431300
-22,19222332;3,95443600
-22,11030332;3,95443600
-22,02838332;3,95443600
-21,94646332;3,95443600
-21,86454332;3,95443600
-21,78262332;3,95443600
-21,70070332;3,95443600
-21,61878332;3,95443600
-21,53686332;3,95443600
-21,45494332;3,95443600
-21,37302332;3,90942100
-21,29110332;3,90942100
-21,20918332;3,90942100
-21,12726332;3,90942100
-21,04534332;3,90942100
-20,96342333;3,90942100
-20,88150333;3,86455900
-20,79958333;3,86455900
-20,71766333;3,86455900
-20,63574333;3,95443600
-20,55382333;3,95443600
-20,47190333;3,99929800
-20,38998333;4,04431300
-20,30806333;4,13419000
-20,22614333;4,13419000
-20,14422333;4,22406700
-20,06230333;4,22406700
-19,98038333;4,31409600
-19,89846333;4,35895900
-19,81654333;4,40397400
-19,73462333;4,40397400
-19,65270333;4,44883600
-19,57078333;4,49385100
-19,48886333;4,49385100
-19,40694333;4,49385100
-19,32502334;4,49385100
-19,24310334;4,58372700
-19,16118334;4,58372700
-19,07926334;4,58372700
-18,99734334;4,62874200
-18,91542334;4,58372700
-18,83350334;4,62874200
-18,75158334;4,62874200
-18,66966334;4,67360400
-18,58774334;4,62874200
-18,50582334;4,62874200
-18,42390334;4,62874200
-18,34198334;4,62874200
-18,26006334;4,58372700
-18,17814334;4,58372700
-18,09622334;4,58372700
-18,01430334;4,58372700
-17,93238334;4,58372700
-17,85046334;4,58372700
-17,76854334;4,58372700
-17,68662335;4,53871300
-17,60470335;4,53871300
-17,52278335;4,53871300
-17,44086335;4,53871300
-17,35894335;4,49385100
-17,27702335;4,49385100
-17,19510335;4,49385100
-17,11318335;4,49385100
-17,03126335;4,49385100
-16,94934335;4,49385100
-16,86742335;4,49385100
-16,78550335;4,44883600
-16,70358335;4,44883600
-16,62166335;4,44883600
-16,53974335;4,40397400
-16,45782335;4,40397400
-16,37590335;4,40397400
-16,29398335;4,40397400
-16,21206335;4,40397400
-16,13014335;4,40397400
-16,04822336;4,40397400
-15,96630336;4,40397400
-15,88438336;4,35895900
-15,80246336;4,40397400
-15,72054336;4,31409600
-15,63862336;4,31409600
-15,55670336;4,31409600
-15,47478336;4,31409600
-15,39286336;4,31409600
-15,31094336;4,31409600
-15,22902336;4,31409600
-15,14710336;4,31409600
-15,06518336;4,31409600
-14,98326336;4,26908200
-14,90134336;4,26908200
-14,81942336;4,26908200
-14,73750336;4,22406700
-14,65558336;4,22406700
-14,57366336;4,22406700
-14,49174336;4,22406700
-14,40982336;4,22406700
-14,32790337;4,22406700
-14,24598337;4,17920400
-14,16406337;4,22406700
-14,08214337;4,22406700
-14,00022337;4,17920400
-13,91830337;4,13419000
-13,83638337;4,13419000
-13,75446337;4,13419000
-13,67254337;4,13419000
-13,59062337;4,13419000
-13,50870337;4,13419000
-13,42678337;4,13419000
-13,34486337;4,13419000
-13,26294337;4,13419000
-13,18102337;4,13419000
-13,09910337;4,08932800
-13,01718337;4,04431300
-12,93526337;4,08932800
-12,85334337;4,08932800
-12,77142337;4,04431300
-12,68950338;4,04431300
-12,60758338;4,04431300
-12,52566338;4,04431300
-12,44374338;4,04431300
-12,36182338;3,99929800
-12,27990338;3,99929800
-12,19798338;3,99929800
-12,11606338;3,99929800
-12,03414338;3,95443600
-11,95222338;3,95443600
-11,87030338;3,95443600
-11,78838338;3,95443600
-11,70646338;3,95443600
-11,62454338;3,95443600
-11,54262338;3,95443600
-11,46070338;3,95443600
-11,37878338;3,95443600
-11,29686338;3,95443600
-11,21494338;3,90942100
-11,13302338;3,90942100
-11,05110339;3,90942100
-10,96918339;3,90942100
-10,88726339;3,86455900
-10,80534339;3,90942100
-10,72342339;3,90942100
-10,64150339;3,90942100
-10,55958339;3,95443600
-10,47766339;3,95443600
-10,39574339;4,04431300
-10,31382339;4,04431300
-10,23190339;4,13419000
-10,14998339;4,13419000
-10,06806339;4,22406700
-9,98614339;4,26908200
-9,90422339;4,31409600
-9,82230339;4,31409600
-9,74038339;4,40397400
-9,65846339;4,40397400
-9,57654339;4,44883600
-9,49462339;4,44883600
-9,41270340;4,49385100
-9,33078340;4,49385100
-9,24886340;4,49385100
-9,16694340;4,49385100
-9,08502340;4,58372700
-9,00310340;4,58372700
-8,92118340;4,58372700
-8,83926340;4,58372700
-8,75734340;4,58372700
-8,67542340;4,58372700
-8,59350340;4,62874200
-8,51158340;4,62874200
-8,42966340;4,58372700
-8,34774340;4,58372700
-8,26582340;4,58372700
-8,18390340;4,58372700
-8,10198340;4,58372700
-8,02006340;4,58372700
-7,93814340;4,58372700
-7,85622340;4,58372700
-7,77430341;4,58372700
-7,69238341;4,58372700
-7,61046341;4,53871300
-7,52854341;4,53871300
-7,44662341;4,53871300
-7,36470341;4,49385100
-7,28278341;4,49385100
-7,20086341;4,49385100
-7,11894341;4,49385100
-7,03702341;4,49385100
-6,95510341;4,49385100
-6,87318341;4,49385100
-6,79126341;4,49385100
-6,70934341;4,44883600
-6,62742341;4,44883600
-6,54550341;4,44883600
-6,46358341;4,40397400
-6,38166341;4,40397400
-6,29974341;4,40397400
-6,21782341;4,40397400
-6,13590342;4,40397400
-6,05398342;4,40397400
-5,97206342;4,40397400
-5,89014342;4,35895900
-5,80822342;4,31409600
-5,72630342;4,31409600
-5,64438342;4,31409600
-5,56246342;4,31409600
-5,48054342;4,31409600
-5,39862342;4,31409600
-5,31670342;4,31409600
-5,23478342;4,31409600
-5,15286342;4,26908200
-5,07094342;4,26908200
-4,98902342;4,26908200
-4,90710342;4,26908200
-4,82518342;4,22406700
-4,74326342;4,22406700
-4,66134342;4,22406700
-4,57942342;4,22406700
-4,49750343;4,22406700
-4,41558343;4,22406700
-4,33366343;4,22406700
-4,25174343;4,22406700
-4,16982343;4,17920400
-4,08790343;4,17920400
-4,00598343;4,13419000
-3,92406343;4,17920400
-3,84214343;4,13419000
-3,76022343;4,13419000
-3,67830343;4,13419000
-3,59638343;4,13419000
-3,51446343;4,13419000
-3,43254343;4,13419000
-3,35062343;4,13419000
-3,26870343;4,08932800
-3,18678343;4,04431300
-3,10486343;4,08932800
-3,02294343;4,08932800
-2,94102343;4,08932800
-2,85910344;4,08932800
-2,77718344;4,04431300
-2,69526344;4,04431300
-2,61334344;4,04431300
-2,53142344;4,04431300
-2,44950344;4,04431300
-2,36758344;4,04431300
-2,28566344;3,99929800
-2,20374344;3,95443600
-2,12182344;3,95443600
-2,03990344;3,95443600
-1,95798344;3,95443600
-1,87606344;3,95443600
-1,79414344;3,95443600
-1,71222344;3,95443600
-1,63030344;3,95443600
-1,54838344;3,95443600
-1,46646344;3,95443600
-1,38454344;3,90942100
-1,30262344;3,90942100
-1,22070345;3,90942100
-1,13878345;3,90942100
-1,05686345;3,86455900
-0,97494345;3,90942100
-0,89302345;3,86455900
-0,81110345;3,86455900
-0,72918345;3,86455900
-0,64726345;3,90942100
-0,56534345;3,90942100
-0,48342345;3,99929800
-0,40150345;4,04431300
-0,31958345;4,08932800
-0,23766345;4,13419000
-0,15574345;4,17920400
-0,07382345;4,22406700
0,00809655;4,31409600
0,09001655;4,31409600
0,17193655;4,35895900
0,25385655;4,40397400
0,33577655;4,44883600
0,41769654;4,49385100
0,49961654;4,49385100
0,58153654;4,49385100
0,66345654;4,53871300
0,74537654;4,53871300
0,82729654;4,58372700
0,90921654;4,58372700
0,99113654;4,58372700
1,07305654;4,58372700
1,15497654;4,62874200
1,23689654;4,62874200
1,31881654;4,62874200
1,40073654;4,62874200
1,48265654;4,62874200
1,56457654;4,62874200
1,64649654;4,62874200
1,72841654;4,62874200
1,81033654;4,58372700
1,89225654;4,58372700
1,97417654;4,58372700
2,05609653;4,58372700
2,13801653;4,58372700
2,21993653;4,58372700
2,30185653;4,58372700
2,38377653;4,53871300
2,46569653;4,53871300
2,54761653;4,53871300
2,62953653;4,53871300
2,71145653;4,49385100
2,79337653;4,49385100
2,87529653;4,49385100
2,95721653;4,49385100
3,03913653;4,49385100
3,12105653;4,44883600
3,20297653;4,44883600
3,28489653;4,44883600
3,36681653;4,44883600
3,44873653;4,44883600
3,53065653;4,40397400
3,61257653;4,40397400
3,69449652;4,40397400
3,77641652;4,40397400
3,85833652;4,40397400
3,94025652;4,40397400
4,02217652;4,40397400
4,10409652;4,40397400
4,18601652;4,31409600
4,26793652;4,31409600
4,34985652;4,31409600
4,43177652;4,31409600
4,51369652;4,31409600
4,59561652;4,31409600
4,67753652;4,31409600
4,75945652;4,31409600
4,84137652;4,31409600
4,92329652;4,26908200
5,00521652;4,26908200
5,08713652;4,26908200
5,16905652;4,26908200
5,25097652;4,22406700
5,33289652;4,22406700
5,41481651;4,22406700
5,49673651;4,22406700
5,57865651;4,22406700
5,66057651;4,22406700
5,74249651;4,22406700
5,82441651;4,22406700
5,90633651;4,17920400
5,98825651;4,13419000
6,07017651;4,17920400
6,15209651;4,13419000
6,23401651;4,13419000
6,31593651;4,13419000
6,39785651;4,13419000
6,47977651;4,13419000
6,56169651;4,13419000
6,64361651;4,13419000
6,72553651;4,13419000
6,80745651;4,13419000
6,88937651;4,08932800
6,97129651;4,08932800
7,05321650;4,04431300
7,13513650;4,04431300
7,21705650;4,04431300
7,29897650;4,04431300
7,38089650;4,04431300
7,46281650;4,04431300
7,54473650;4,04431300
7,62665650;4,04431300
7,70857650;3,99929800
7,79049650;3,99929800
7,87241650;3,95443600
7,95433650;3,99929800
8,03625650;3,95443600
8,11817650;3,95443600
8,20009650;3,95443600
8,28201650;3,95443600
8,36393650;3,95443600
8,44585650;3,95443600
8,52777650;3,95443600
8,60969650;3,90942100
8,69161649;3,90942100
8,77353649;3,90942100
8,85545649;3,95443600
8,93737649;3,86455900
9,01929649;3,90942100
9,10121649;3,90942100
9,18313649;3,90942100
9,26505649;3,90942100
9,34697649;3,86455900
9,42889649;3,90942100
9,51081649;3,95443600
9,59273649;3,99929800
9,67465649;4,04431300
9,75657649;4,13419000
9,83849649;4,13419000
9,92041649;4,22406700
10,00233649;4,22406700
10,08425649;4,31409600
10,16617649;4,31409600
10,24809649;4,35895900
10,33001648;4,40397400
10,41193648;4,40397400
10,49385648;4,44883600
10,57577648;4,49385100
10,65769648;4,49385100
10,73961648;4,49385100
10,82153648;4,53871300
10,90345648;4,53871300
10,98537648;4,58372700
11,06729648;4,58372700
11,14921648;4,58372700
11,23113648;4,62874200
11,31305648;4,58372700
11,39497648;4,62874200
11,47689648;4,62874200
11,55881648;4,62874200
11,64073648;4,62874200
11,72265648;4,62874200
11,80457648;4,58372700
11,88649648;4,58372700
11,96841647;4,58372700
12,05033647;4,58372700
12,13225647;4,58372700
12,21417647;4,58372700
12,29609647;4,53871300
12,37801647;4,53871300
12,45993647;4,53871300
12,54185647;4,53871300
12,62377647;4,49385100
12,70569647;4,49385100
12,78761647;4,49385100
12,86953647;4,49385100
12,95145647;4,49385100
13,03337647;4,49385100
13,11529647;4,44883600
13,19721647;4,49385100
13,27913647;4,44883600
13,36105647;4,44883600
13,44297647;4,40397400
13,52489647;4,40397400
13,60681646;4,40397400
13,68873646;4,40397400
13,77065646;4,40397400
13,85257646;4,40397400
13,93449646;4,40397400
14,01641646;4,35895900
14,09833646;4,35895900
14,18025646;4,35895900
14,26217646;4,31409600
14,34409646;4,31409600
14,42601646;4,31409600
14,50793646;4,31409600
14,58985646;4,31409600
14,67177646;4,31409600
14,75369646;4,31409600
14,83561646;4,31409600
14,91753646;4,26908200
14,99945646;4,26908200
15,08137646;4,26908200
15,16329646;4,26908200
15,24521645;4,22406700
15,32713645;4,22406700
15,40905645;4,22406700
15,49097645;4,22406700
15,57289645;4,22406700
15,65481645;4,22406700
15,73673645;4,22406700
15,81865645;4,22406700
15,90057645;4,17920400
15,98249645;4,17920400
16,06441645;4,13419000
16,14633645;4,13419000
16,22825645;4,13419000
16,31017645;4,13419000
16,39209645;4,13419000
16,47401645;4,13419000
16,55593645;4,13419000
16,63785645;4,13419000
16,71977645;4,08932800
16,80169645;4,08932800
16,88361644;4,13419000
16,96553644;4,08932800
17,04745644;4,04431300
17,12937644;4,04431300
17,21129644;4,04431300
17,29321644;4,04431300
17,37513644;4,04431300
17,45705644;4,04431300
17,53897644;4,04431300
17,62089644;4,04431300
17,70281644;3,99929800
17,78473644;3,99929800
17,86665644;3,95443600
17,94857644;3,95443600
18,03049644;3,95443600
18,11241644;3,95443600
18,19433644;3,95443600
18,27625644;3,95443600
18,35817644;3,95443600
18,44009644;3,95443600
18,52201643;3,95443600
18,60393643;3,95443600
18,68585643;3,90942100
18,76777643;3,90942100
18,84969643;3,90942100
18,93161643;3,90942100
19,01353643;3,90942100
19,09545643;3,86455900
19,17737643;3,86455900
19,25929643;3,86455900
19,34121643;3,90942100
19,42313643;3,95443600
19,50505643;3,95443600
19,58697643;4,04431300
19,66889643;4,08932800
19,75081643;4,13419000
19,83273643;4,17920400
19,91465643;4,22406700
19,99657643;4,26908200
20,07849643;4,31409600
20,16041642;4,35895900
20,24233642;4,40397400
20,32425642;4,44883600
20,40617642;4,49385100
20,48809642;4,49385100
20,57001642;4,49385100
20,65193642;4,53871300
20,73385642;4,53871300
20,81577642;4,58372700
20,89769642;4,58372700
20,97961642;4,58372700
21,06153642;4,58372700
21,14345642;4,62874200
21,22537642;4,62874200
21,30729642;4,62874200
21,38921642;4,62874200
21,47113642;4,62874200
21,55305642;4,62874200
21,63497642;4,58372700
21,71689642;4,58372700
21,79881641;4,62874200
21,88073641;4,62874200
21,96265641;4,58372700
22,04457641;4,58372700
22,12649641;4,58372700
22,20841641;4,58372700
22,29033641;4,53871300
22,37225641;4,58372700
22,45417641;4,53871300
22,53609641;4,53871300
22,61801641;4,53871300
22,69993641;4,49385100
22,78185641;4,49385100
22,86377641;4,49385100
22,94569641;4,49385100
23,02761641;4,49385100
23,10953641;4,49385100
23,19145641;4,49385100
23,27337641;4,44883600
23,35529641;4,44883600
23,43721641;4,40397400
23,51913640;4,40397400
23,60105640;4,40397400
23,68297640;4,40397400
23,76489640;4,40397400
23,84681640;4,40397400
23,92873640;4,40397400
24,01065640;4,40397400
24,09257640;4,35895900
24,17449640;4,35895900
24,25641640;4,35895900
24,33833640;4,40397400
24,42025640;4,31409600
24,50217640;4,31409600
24,58409640;4,31409600
24,66601640;4,31409600
24,74793640;4,31409600
24,82985640;4,31409600
24,91177640;4,31409600
24,99369640;4,31409600
25,07561640;4,26908200
25,15753639;4,26908200
25,23945639;4,26908200
25,32137639;4,22406700
25,40329639;4,22406700
25,48521639;4,22406700
25,56713639;4,22406700
25,64905639;4,22406700
25,73097639;4,22406700
25,81289639;4,22406700
25,89481639;4,17920400
25,97673639;4,17920400
26,05865639;4,13419000
26,14057639;4,17920400
26,22249639;4,13419000
26,30441639;4,13419000
26,38633639;4,13419000
26,46825639;4,13419000
26,55017639;4,13419000
26,63209639;4,13419000
26,71401639;4,13419000
26,79593638;4,13419000
26,87785638;4,08932800
26,95977638;4,13419000
27,04169638;4,08932800
27,12361638;4,04431300
27,20553638;4,04431300
27,28745638;4,04431300
27,36937638;4,04431300
27,45129638;4,04431300
27,53321638;4,04431300
27,61513638;4,04431300
27,69705638;4,04431300
27,77897638;3,99929800
27,86089638;3,95443600
27,94281638;3,95443600
28,02473638;3,95443600
28,10665638;3,95443600
28,18857638;3,95443600
28,27049638;3,95443600
28,35241638;3,95443600
28,43433637;3,95443600
28,51625637;3,95443600
28,59817637;3,95443600
28,68009637;3,90942100
28,76201637;3,90942100
28,84393637;3,90942100
28,92585637;3,90942100
29,00777637;3,90942100
29,08969637;3,86455900
29,17161637;3,86455900
29,25353637;3,86455900
29,33545637;3,90942100
29,41737637;3,90942100
29,49929637;3,95443600
29,58121637;3,95443600
29,66313637;4,04431300
29,74505637;4,04431300
29,82697637;4,13419000
29,90889637;4,17920400
29,99081637;4,22406700
30,07273636;4,26908200
30,15465636;4,31409600
30,23657636;4,35895900
30,31849636;4,40397400
30,40041636;4,40397400
30,48233636;4,44883600
30,56425636;4,49385100
30,64617636;4,49385100
30,72809636;4,49385100
30,81001636;4,53871300
30,89193636;4,58372700
30,97385636;4,58372700
31,05577636;4,58372700
31,13769636;4,58372700
31,21961636;4,58372700
31,30153636;4,62874200
31,38345636;4,62874200
31,46537636;4,58372700
31,54729636;4,62874200
31,62921636;4,62874200
31,71113635;4,62874200
31,79305635;4,58372700
31,87497635;4,58372700
31,95689635;4,58372700
32,03881635;4,58372700
32,12073635;4,58372700
32,20265635;4,58372700
32,28457635;4,53871300
32,36649635;4,53871300
32,44841635;4,53871300
32,53033635;4,49385100
32,61225635;4,49385100
32,69417635;4,49385100
32,77609635;4,49385100
32,85801635;4,49385100
32,93993635;4,49385100
33,02185635;4,49385100
33,10377635;4,49385100
33,18569635;4,44883600
33,26761635;4,44883600
33,34953634;4,44883600
33,43145634;4,44883600
33,51337634;4,40397400
33,59529634;4,40397400
33,67721634;4,40397400
33,75913634;4,40397400
33,84105634;4,40397400
33,92297634;4,40397400
34,00489634;4,40397400
34,08681634;4,35895900
34,16873634;4,31409600
34,25065634;4,31409600
34,33257634;4,31409600
34,41449634;4,31409600
34,49641634;4,31409600
34,57833634;4,31409600
34,66025634;4,31409600
34,74217634;4,31409600
34,82409634;4,31409600
34,90601634;4,31409600
34,98793633;4,31409600
35,06985633;4,26908200
35,15177633;4,26908200
35,23369633;4,26908200
35,31561633;4,22406700
35,39753633;4,22406700
35,47945633;4,22406700
35,56137633;4,22406700
35,64329633;4,22406700
35,72521633;4,17920400
35,80713633;4,22406700
35,88905633;4,17920400
35,97097633;4,17920400
36,05289633;4,17920400
36,13481633;4,13419000
36,21673633;4,13419000
36,29865633;4,13419000
36,38057633;4,13419000
36,46249633;4,13419000
36,54441633;4,13419000
36,62633632;4,13419000
36,70825632;4,13419000
36,79017632;4,13419000
36,87209632;4,08932800
36,95401632;4,08932800
37,03593632;4,08932800
37,11785632;4,08932800
37,19977632;4,04431300
37,28169632;4,04431300
37,36361632;4,04431300
37,44553632;4,04431300
37,52745632;4,04431300
37,60937632;4,04431300
37,69129632;3,99929800
37,77321632;3,99929800
37,85513632;3,95443600
37,93705632;3,95443600
38,01897632;3,95443600
38,10089632;3,95443600
38,18281632;3,95443600
38,26473631;3,95443600
38,34665631;3,95443600
38,42857631;3,95443600
38,51049631;3,95443600
38,59241631;3,95443600
38,67433631;3,95443600
38,75625631;3,95443600
38,83817631;3,90942100
38,92009631;3,90942100
39,00201631;3,90942100
39,08393631;3,86455900
39,16585631;3,90942100
39,24777631;3,86455900
39,32969631;3,90942100
39,41161631;3,95443600
39,49353631;3,95443600
39,57545631;4,04431300
39,65737631;4,08932800
39,73929631;4,13419000
39,82121631;4,13419000
39,90313630;4,22406700
39,98505630;4,26908200
40,06697630;4,31409600
40,14889630;4,31409600
40,23081630;4,40397400
40,31273630;4,40397400
40,39465630;4,44883600
40,47657630;4,44883600
40,55849630;4,49385100
40,64041630;4,53871300
40,72233630;4,53871300
40,80425630;4,58372700
40,88617630;4,58372700
40,96809630;4,58372700
41,05001630;4,62874200
41,13193630;4,62874200
41,21385630;4,62874200
41,29577630;4,62874200
41,37769630;4,62874200
41,45961630;4,62874200
41,54153629;4,67360400
41,62345629;4,62874200
41,70537629;4,62874200
41,78729629;4,62874200
41,86921629;4,58372700
41,95113629;4,58372700
42,03305629;4,58372700
42,11497629;4,58372700
42,19689629;4,58372700
42,27881629;4,58372700
42,36073629;4,58372700
42,44265629;4,58372700
42,52457629;4,53871300
42,60649629;4,49385100
42,68841629;4,49385100
42,77033629;4,49385100
42,85225629;4,49385100
42,93417629;4,49385100
43,01609629;4,49385100
43,09801629;4,49385100
43,17993629;4,49385100
43,26185628;4,49385100
43,34377628;4,44883600
43,42569628;4,44883600
43,50761628;4,40397400
43,58953628;4,40397400
43,67145628;4,40397400
43,75337628;4,44883600
43,83529628;4,40397400
43,91721628;4,40397400
43,99913628;4,40397400
44,08105628;4,40397400
44,16297628;4,40397400
44,24489628;4,31409600
44,32681628;4,35895900
44,40873628;4,31409600
44,49065628;4,31409600
44,57257628;4,31409600
44,65449628;4,31409600
44,73641628;4,31409600
44,81833628;4,31409600
44,90025627;4,31409600
44,98217627;4,26908200
45,06409627;4,26908200
45,14601627;4,26908200
45,22793627;4,22406700
45,30985627;4,26908200
45,39177627;4,22406700
45,47369627;4,22406700
45,55561627;4,22406700
45,63753627;4,22406700
45,71945627;4,22406700
45,80137627;4,22406700
45,88329627;4,22406700
45,96521627;4,17920400
46,04713627;4,17920400
46,12905627;4,13419000
46,21097627;4,13419000
46,29289627;4,17920400
46,37481627;4,13419000
46,45673627;4,13419000
46,53865626;4,13419000
46,62057626;4,13419000
46,70249626;4,13419000
46,78441626;4,13419000
46,86633626;4,08932800
46,94825626;4,08932800
47,03017626;4,08932800
47,11209626;4,08932800
47,19401626;4,04431300
47,27593626;4,04431300
47,35785626;4,04431300
47,43977626;4,04431300
47,52169626;4,04431300
47,60361626;4,04431300
47,68553626;4,04431300
47,76745626;4,04431300
47,84937626;3,99929800
47,93129626;3,95443600
48,01321626;3,95443600
48,09513626;3,95443600
48,17705625;3,95443600
48,25897625;3,95443600
48,34089625;3,95443600
48,42281625;3,95443600
48,50473625;3,95443600
48,58665625;3,95443600
48,66857625;3,95443600
48,75049625;3,95443600
48,83241625;3,90942100
48,91433625;3,90942100
48,99625625;3,90942100
49,07817625;3,86455900
49,16009625;3,90942100
49,24201625;3,90942100
49,32393625;3,90942100
49,40585625;3,90942100
49,48777625;3,95443600
49,56969625;3,95443600
49,65161625;4,04431300
49,73353625;4,08932800
49,81545624;4,13419000
49,89737624;4,17920400
49,97929624;4,22406700
50,06121624;4,26908200
50,14313624;4,31409600
50,22505624;4,35895900
50,30697624;4,40397400
50,38889624;4,40397400
50,47081624;4,44883600
50,55273624;4,49385100
50,63465624;4,49385100
50,71657624;4,49385100
50,79849624;4,49385100
50,88041624;4,53871300
50,96233624;4,53871300
51,04425624;4,58372700
51,12617624;4,58372700
51,20809624;4,58372700
51,29001624;4,62874200
51,37193624;4,62874200
51,45385623;4,62874200
51,53577623;4,62874200
51,61769623;4,62874200
51,69961623;4,58372700
51,78153623;4,62874200
51,86345623;4,58372700
51,94537623;4,58372700
52,02729623;4,58372700
52,10921623;4,58372700
52,19113623;4,58372700
52,27305623;4,58372700
52,35497623;4,58372700
52,43689623;4,53871300
52,51881623;4,49385100
52,60073623;4,53871300
52,68265623;4,49385100
52,76457623;4,49385100
52,84649623;4,49385100
52,92841623;4,49385100
53,01033623;4,49385100
53,09225622;4,49385100
53,17417622;4,49385100
53,25609622;4,44883600
53,33801622;4,44883600
53,41993622;4,40397400
53,50185622;4,44883600
53,58377622;4,40397400
53,66569622;4,40397400
53,74761622;4,40397400
53,82953622;4,40397400
53,91145622;4,40397400
53,99337622;4,40397400
54,07529622;4,40397400
54,15721622;4,35895900
54,23913622;4,31409600
54,32105622;4,31409600
54,40297622;4,31409600
54,48489622;4,31409600
54,56681622;4,31409600
54,64873622;4,31409600
54,73065621;4,31409600
54,81257621;4,26908200
54,89449621;4,31409600
54,97641621;4,26908200
55,05833621;4,26908200
55,14025621;4,26908200
55,22217621;4,26908200
55,30409621;4,22406700
55,38601621;4,22406700
55,46793621;4,22406700
55,54985621;4,22406700
55,63177621;4,22406700
55,71369621;4,22406700
55,79561621;4,17920400
55,87753621;4,22406700
55,95945621;4,17920400
56,04137621;4,17920400
56,12329621;4,17920400
56,20521621;4,17920400
56,28713621;4,13419000
56,36905620;4,13419000
56,45097620;4,13419000
56,53289620;4,13419000
56,61481620;4,13419000
56,69673620;4,13419000
56,77865620;4,13419000
56,86057620;4,08932800
56,94249620;4,08932800
57,02441620;4,04431300
57,10633620;4,04431300
57,18825620;4,08932800
57,27017620;4,04431300
57,35209620;4,04431300
57,43401620;4,04431300
57,51593620;4,04431300
57,59785620;4,04431300
57,67977620;3,99929800
57,76169620;3,99929800
57,84361620;3,99929800
57,92553620;3,99929800
58,00745619;3,95443600
58,08937619;3,95443600
58,17129619;3,95443600
58,25321619;3,95443600
58,33513619;3,95443600
58,41705619;3,95443600
58,49897619;3,95443600
58,58089619;3,95443600
58,66281619;3,95443600
58,74473619;3,90942100
58,82665619;3,90942100
58,90857619;3,90942100
58,99049619;3,90942100
59,07241619;3,90942100
59,15433619;3,86455900
59,23625619;3,86455900
59,31817619;3,90942100
59,40009619;3,95443600
59,48201619;3,95443600
59,56393619;3,99929800
59,64585618;4,04431300
59,72777618;4,08932800
59,80969618;4,13419000
59,89161618;4,22406700
59,97353618;4,26908200
60,05545618;4,31409600
60,13737618;4,35895900
60,21929618;4,40397400
60,30121618;4,40397400
60,38313618;4,44883600
60,46505618;4,49385100
60,54697618;4,49385100
60,62889618;4,49385100
60,71081618;4,53871300
60,79273618;4,53871300
60,87465618;4,58372700
60,95657618;4,58372700
61,03849618;4,58372700
61,12041618;4,58372700
61,20233618;4,62874200
61,28425617;4,62874200
61,36617617;4,62874200
61,44809617;4,62874200
61,53001617;4,62874200
61,61193617;4,62874200
61,69385617;4,62874200
61,77577617;4,62874200
61,85769617;4,58372700
61,93961617;4,58372700
62,02153617;4,62874200
62,10345617;4,58372700
62,18537617;4,58372700
62,26729617;4,58372700
62,34921617;4,58372700
62,43113617;4,58372700
62,51305617;4,49385100
62,59497617;4,53871300
62,67689617;4,49385100
62,75881617;4,49385100
62,84073617;4,49385100
62,92265617;4,49385100
63,00457616;4,49385100
63,08649616;4,49385100
63,16841616;4,49385100
63,25033616;4,44883600
63,33225616;4,44883600
63,41417616;4,44883600
63,49609616;4,44883600
63,57801616;4,40397400
63,65993616;4,40397400
63,74185616;4,40397400
63,82377616;4,40397400
63,90569616;4,40397400
63,98761616;4,40397400
64,06953616;4,40397400
64,15145616;4,40397400
64,23337616;4,35895900
64,31529616;4,31409600
64,39721616;4,31409600
64,47913616;4,31409600
64,56105616;4,31409600
64,64297615;4,31409600
64,72489615;4,31409600
64,80681615;4,31409600
64,88873615;4,31409600
64,97065615;4,31409600
65,05257615;4,31409600
65,13449615;4,26908200
65,21641615;4,26908200
65,29833615;4,26908200
65,38025615;4,22406700
65,46217615;4,22406700
65,54409615;4,22406700
65,62601615;4,22406700
65,70793615;4,22406700
65,78985615;4,22406700
65,87177615;4,17920400
65,95369615;4,17920400
66,03561615;4,17920400
66,11753615;4,17920400
66,19945615;4,13419000
66,28137614;4,13419000
66,36329614;4,13419000
66,44521614;4,13419000
66,52713614;4,13419000
66,60905614;4,13419000
66,69097614;4,13419000
66,77289614;4,08932800
66,85481614;4,08932800
66,93673614;4,08932800
67,01865614;4,08932800
67,10057614;4,04431300
67,18249614;4,08932800
67,26441614;4,04431300
67,34633614;4,04431300
67,42825614;4,04431300
67,51017614;4,04431300
67,59209614;4,04431300
67,67401614;4,04431300
67,75593614;4,04431300
67,83785614;3,99929800
67,91977613;3,95443600
68,00169613;3,99929800
68,08361613;3,95443600
68,16553613;3,95443600
68,24745613;3,95443600
68,32937613;3,95443600
68,41129613;3,95443600
68,49321613;3,95443600
68,57513613;3,95443600
68,65705613;3,95443600
68,73897613;3,90942100
68,82089613;3,95443600
68,90281613;3,90942100
68,98473613;3,90942100
69,06665613;3,90942100
69,14857613;3,90942100
69,23049613;3,86455900
69,31241613;3,90942100
69,39433613;3,90942100
69,47625613;3,95443600
69,55817612;3,95443600
69,64009612;4,04431300
69,72201612;4,04431300
69,80393612;4,13419000
69,88585612;4,13419000
69,96777612;4,22406700
70,04969612;4,26908200
70,13161612;4,31409600
70,21353612;4,31409600
70,29545612;4,40397400
70,37737612;4,40397400
70,45929612;4,44883600
70,54121612;4,49385100
70,62313612;4,49385100
70,70505612;4,49385100
70,78697612;4,49385100
70,86889612;4,53871300
70,95081612;4,58372700
71,03273612;4,58372700
71,11465612;4,58372700
71,19657611;4,58372700
71,27849611;4,62874200
71,36041611;4,62874200
71,44233611;4,62874200
71,52425611;4,62874200
71,60617611;4,62874200
71,68809611;4,58372700
71,77001611;4,58372700
71,85193611;4,62874200
71,93385611;4,58372700
72,01577611;4,58372700
72,09769611;4,58372700
72,17961611;4,58372700
72,26153611;4,58372700
72,34345611;4,53871300
72,42537611;4,53871300
72,50729611;4,49385100
72,58921611;4,49385100
72,67113611;4,49385100
72,75305611;4,49385100
72,83497610;4,49385100
72,91689610;4,49385100
72,99881610;4,49385100
73,08073610;4,49385100
73,16265610;4,49385100
73,24457610;4,49385100
73,32649610;4,44883600
73,40841610;4,44883600
73,49033610;4,40397400
73,57225610;4,40397400
73,65417610;4,40397400
73,73609610;4,40397400
73,81801610;4,40397400
73,89993610;4,40397400
73,98185610;4,35895900
74,06377610;4,40397400
74,14569610;4,35895900
74,22761610;4,35895900
74,30953610;4,31409600
74,39145610;4,35895900
74,47337609;4,31409600
74,55529609;4,31409600
74,63721609;4,31409600
74,71913609;4,31409600
74,80105609;4,31409600
74,88297609;4,31409600
74,96489609;4,26908200
75,04681609;4,26908200
75,12873609;4,22406700
75,21065609;4,26908200
75,29257609;4,22406700
75,37449609;4,22406700
75,45641609;4,22406700
75,53833609;4,22406700
75,62025609;4,22406700
75,70217609;4,22406700
75,78409609;4,22406700
75,86601609;4,17920400
75,94793609;4,17920400
76,02985609;4,17920400
76,11177608;4,17920400
76,19369608;4,13419000
76,27561608;4,13419000
76,35753608;4,13419000
76,43945608;4,13419000
76,52137608;4,13419000
76,60329608;4,13419000
76,68521608;4,13419000
76,76713608;4,13419000
76,84905608;4,08932800
76,93097608;4,08932800
77,01289608;4,08932800
77,09481608;4,04431300
77,17673608;4,04431300
77,25865608;4,08932800
77,34057608;4,04431300
77,42249608;4,04431300
77,50441608;4,04431300
77,58633608;4,04431300
77,66825608;4,04431300
77,75017607;4,04431300
77,83209607;3,99929800
77,91401607;3,95443600
77,99593607;3,95443600
78,07785607;3,99929800
78,15977607;3,95443600
78,24169607;3,95443600
78,32361607;3,95443600
78,40553607;3,95443600
78,48745607;3,95443600
78,56937607;3,95443600
78,65129607;3,90942100
78,73321607;3,90942100
78,81513607;3,90942100
78,89705607;3,90942100
78,97897607;3,90942100
79,06089607;3,90942100
79,14281607;3,86455900
79,22473607;3,86455900
79,30665607;3,90942100
79,38857606;3,90942100
79,47049606;3,95443600
79,55241606;3,95443600
79,63433606;4,04431300
79,71625606;4,08932800
79,79817606;4,13419000
79,88009606;4,17920400
79,96201606;4,22406700
80,04393606;4,31409600
80,12585606;4,31409600
80,20777606;4,40397400
80,28969606;4,40397400
80,37161606;4,44883600
80,45353606;4,49385100
80,53545606;4,49385100
80,61737606;4,49385100
80,69929606;4,53871300
80,78121606;4,53871300
80,86313606;4,58372700
80,94505606;4,58372700
81,02697606;4,58372700
81,10889605;4,62874200
81,19081605;4,58372700
81,27273605;4,67360400
81,35465605;4,62874200
81,43657605;4,62874200
81,51849605;4,62874200
81,60041605;4,62874200
81,68233605;4,58372700
81,76425605;4,62874200
81,84617605;4,62874200
81,92809605;4,62874200
82,01001605;4,58372700
82,09193605;4,58372700
82,17385605;4,58372700
82,25577605;4,58372700
82,33769605;4,58372700
82,41961605;4,53871300
82,50153605;4,53871300
82,58345605;4,53871300
82,66537605;4,49385100
82,74729604;4,49385100
82,82921604;4,49385100
82,91113604;4,49385100
82,99305604;4,49385100
83,07497604;4,49385100
83,15689604;4,49385100
83,23881604;4,44883600
83,32073604;4,49385100
83,40265604;4,44883600
83,48457604;4,40397400
83,56649604;4,44883600
83,64841604;4,40397400
83,73033604;4,40397400
83,81225604;4,40397400
83,89417604;4,40397400
83,97609604;4,40397400
84,05801604;4,40397400
84,13993604;4,35895900
84,22185604;4,31409600
84,30377604;4,31409600
84,38569603;4,31409600
84,46761603;4,31409600
84,54953603;4,31409600
84,63145603;4,31409600
84,71337603;4,31409600
84,79529603;4,31409600
84,87721603;4,31409600
84,95913603;4,26908200
85,04105603;4,26908200
85,12297603;4,31409600
85,20489603;4,26908200
85,28681603;4,26908200
85,36873603;4,22406700
85,45065603;4,22406700
85,53257603;4,22406700
85,61449603;4,22406700
85,69641603;4,22406700
85,77833603;4,22406700
85,86025603;4,17920400
85,94217603;4,17920400
86,02409602;4,17920400
86,10601602;4,13419000
86,18793602;4,13419000
86,26985602;4,13419000
86,35177602;4,13419000
86,43369602;4,13419000
86,51561602;4,13419000
86,59753602;4,13419000
86,67945602;4,13419000
86,76137602;4,13419000
86,84329602;4,08932800
86,92521602;4,08932800
87,00713602;4,08932800
87,08905602;4,08932800
87,17097602;4,08932800
87,25289602;4,04431300
87,33481602;4,04431300
87,41673602;4,04431300
87,49865602;4,04431300
87,58057602;4,04431300
87,66249601;4,04431300
87,74441601;3,99929800
87,82633601;4,04431300
87,90825601;3,99929800
87,99017601;3,99929800
88,07209601;3,95443600
88,15401601;3,95443600
88,23593601;3,95443600
88,31785601;3,95443600
88,39977601;3,95443600
88,48169601;3,95443600
88,56361601;3,95443600
88,64553601;3,95443600
88,72745601;3,95443600
88,80937601;3,90942100
88,89129601;3,90942100
88,97321601;3,90942100
89,05513601;3,86455900
89,13705601;3,86455900
89,21897601;3,86455900
89,30089600;3,90942100
89,38281600;3,90942100
89,46473600;3,95443600
89,54665600;3,95443600
89,62857600;3,99929800
89,71049600;4,04431300
89,79241600;4,08932800
89,87433600;4,13419000
89,95625600;4,22406700
90,03817600;4,22406700
90,12009600;4,31409600
90,20201600;4,31409600
90,28393600;4,40397400
90,36585600;4,40397400
90,44777600;4,44883600
90,52969600;4,44883600
90,61161600;4,49385100
90,69353600;4,49385100
90,77545600;4,49385100
90,85737600;4,58372700
90,93929599;4,58372700
91,02121599;4,58372700
91,10313599;4,58372700
91,18505599;4,58372700
91,26697599;4,58372700
91,34889599;4,62874200
91,43081599;4,62874200
91,51273599;4,58372700
91,59465599;4,62874200
91,67657599;4,58372700
91,75849599;4,58372700
91,84041599;4,58372700
91,92233599;4,58372700
92,00425599;4,58372700
92,08617599;4,58372700
92,16809599;4,58372700
92,25001599;4,58372700
92,33193599;4,58372700
92,41385599;4,58372700
92,49577599;4,49385100
92,57769598;4,53871300
92,65961598;4,49385100
92,74153598;4,49385100
92,82345598;4,49385100
92,90537598;4,49385100
92,98729598;4,49385100
93,06921598;4,49385100
93,15113598;4,49385100
93,23305598;4,44883600
93,31497598;4,44883600
93,39689598;4,44883600
93,47881598;4,44883600
93,56073598;4,40397400
93,64265598;4,40397400
93,72457598;4,40397400
93,80649598;4,40397400
93,88841598;4,40397400
93,97033598;4,40397400
94,05225598;4,40397400
94,13417598;4,35895900
94,21609597;4,35895900
94,29801597;4,31409600
94,37993597;4,31409600
94,46185597;4,31409600
94,54377597;4,31409600
94,62569597;4,31409600
94,70761597;4,31409600
94,78953597;4,31409600
94,87145597;4,31409600
94,95337597;4,26908200
95,03529597;4,26908200
95,11721597;4,26908200
95,19913597;4,22406700
95,28105597;4,22406700
95,36297597;4,22406700
95,44489597;4,22406700
95,52681597;4,22406700
95,60873597;4,22406700
95,69065597;4,22406700
95,77257597;4,22406700
95,85449596;4,17920400
95,93641596;4,17920400
96,01833596;4,17920400
96,10025596;4,17920400
96,18217596;4,13419000
96,26409596;4,13419000
96,34601596;4,13419000
96,42793596;4,13419000
96,50985596;4,13419000
96,59177596;4,13419000
96,67369596;4,13419000
96,75561596;4,13419000
96,83753596;4,08932800
96,91945596;4,08932800
97,00137596;4,08932800
97,08329596;4,04431300
97,16521596;4,04431300
97,24713596;4,04431300
97,32905596;4,04431300
97,41097596;4,04431300
97,49289595;4,04431300
97,57481595;4,04431300
97,65673595;4,04431300
97,73865595;3,99929800
97,82057595;3,99929800
97,90249595;3,95443600
97,98441595;3,95443600
98,06633595;3,95443600
98,14825595;3,95443600
98,23017595;3,95443600
98,31209595;3,95443600
98,39401595;3,95443600
98,47593595;3,95443600
98,55785595;3,95443600
98,63977595;3,90942100
98,72169595;3,90942100
98,80361595;3,90942100
98,88553595;3,90942100
98,96745595;3,90942100
99,04937595;3,90942100
99,13129594;3,86455900
99,21321594;3,86455900
99,29513594;3,90942100
99,37705594;3,95443600
99,45897594;3,95443600
99,54089594;3,95443600
99,62281594;4,04431300
99,70473594;4,04431300
99,78665594;4,13419000
99,86857594;4,22406700
99,95049594;4,22406700
100,03241594;4,31409600
100,11433594;4,31409600
100,19625594;4,35895900
100,27817594;4,40397400
100,36009594;4,40397400
100,44201594;4,49385100
100,52393594;4,49385100
100,60585594;4,49385100
100,68777594;4,53871300
100,76969594;4,58372700
100,85161593;4,58372700
100,93353593;4,58372700
101,01545593;4,62874200
101,09737593;4,62874200
101,17929593;4,62874200
101,26121593;4,62874200
101,34313593;4,62874200
101,42505593;4,62874200
101,50697593;4,62874200
101,58889593;4,62874200
101,67081593;4,62874200
101,75273593;4,62874200
101,83465593;4,58372700
101,91657593;4,62874200
101,99849593;4,58372700
102,08041593;4,58372700
102,16233593;4,58372700
102,24425593;4,58372700
102,32617593;4,58372700
102,40809593;4,53871300
102,49001592;4,53871300
102,57193592;4,53871300
102,65385592;4,49385100
102,73577592;4,49385100
102,81769592;4,49385100
102,89961592;4,49385100
102,98153592;4,49385100
103,06345592;4,49385100
103,14537592;4,49385100
103,22729592;4,44883600
103,30921592;4,44883600
103,39113592;4,44883600
103,47305592;4,44883600
103,55497592;4,44883600
103,63689592;4,40397400
103,71881592;4,40397400
103,80073592;4,40397400
103,88265592;4,40397400
103,96457592;4,40397400
104,04649592;4,40397400
104,12841591;4,40397400
104,21033591;4,35895900
104,29225591;4,31409600
104,37417591;4,31409600
104,45609591;4,31409600
104,53801591;4,31409600
104,61993591;4,31409600
104,70185591;4,31409600
104,78377591;4,31409600
104,86569591;4,31409600
104,94761591;4,26908200
105,02953591;4,26908200
105,11145591;4,31409600
105,19337591;4,26908200
105,27529591;4,22406700
105,35721591;4,22406700
105,43913591;4,22406700
105,52105591;4,22406700
105,60297591;4,22406700
105,68489591;4,22406700
105,76681590;4,22406700
105,84873590;4,22406700
105,93065590;4,17920400
106,01257590;4,17920400
106,09449590;4,17920400
106,17641590;4,13419000
106,25833590;4,13419000
106,34025590;4,13419000
106,42217590;4,13419000
106,50409590;4,13419000
106,58601590;4,13419000
106,66793590;4,13419000
106,74985590;4,08932800
106,83177590;4,13419000
106,91369590;4,08932800
106,99561590;4,08932800
107,07753590;4,08932800
107,15945590;4,08932800
107,24137590;4,04431300
107,32329590;4,04431300
107,40521589;4,04431300
107,48713589;4,04431300
107,56905589;4,04431300
107,65097589;4,04431300
107,73289589;4,04431300
107,81481589;4,04431300
107,89673589;3,95443600
107,97865589;3,99929800
108,06057589;3,95443600
108,14249589;3,95443600
108,22441589;3,95443600
108,30633589;3,95443600
108,38825589;3,95443600
108,47017589;3,95443600
108,55209589;3,95443600
108,63401589;3,95443600
108,71593589;3,95443600
108,79785589;3,95443600
108,87977589;3,90942100
108,96169589;3,90942100
109,04361588;3,90942100
109,12553588;3,90942100
109,20745588;3,86455900
109,28937588;3,86455900
109,37129588;3,90942100
109,45321588;3,90942100
109,53513588;3,95443600
109,61705588;3,99929800
109,69897588;4,04431300
109,78089588;4,13419000
109,86281588;4,13419000
109,94473588;4,17920400
110,02665588;4,22406700
110,10857588;4,31409600
110,19049588;4,31409600
110,27241588;4,35895900
110,35433588;4,40397400
110,43625588;4,40397400
110,51817588;4,44883600
110,60009588;4,49385100
110,68201587;4,49385100
110,76393587;4,49385100
110,84585587;4,53871300
110,92777587;4,53871300
111,00969587;4,53871300
111,09161587;4,58372700
111,17353587;4,58372700
111,25545587;4,58372700
111,33737587;4,62874200
111,41929587;4,58372700
111,50121587;4,62874200
111,58313587;4,62874200
111,66505587;4,58372700
111,74697587;4,58372700
111,82889587;4,58372700
111,91081587;4,58372700
111,99273587;4,62874200
112,07465587;4,58372700
112,15657587;4,58372700
112,23849587;4,58372700
112,32041586;4,58372700
112,40233586;4,53871300
112,48425586;4,58372700
112,56617586;4,53871300
112,64809586;4,53871300
112,73001586;4,49385100
112,81193586;4,49385100
112,89385586;4,49385100
112,97577586;4,49385100
113,05769586;4,49385100
113,13961586;4,49385100
113,22153586;4,49385100
113,30345586;4,44883600
113,38537586;4,44883600
113,46729586;4,40397400
113,54921586;4,40397400
113,63113586;4,40397400
113,71305586;4,40397400
113,79497586;4,40397400
113,87689586;4,40397400
113,95881585;4,40397400
114,04073585;4,40397400
114,12265585;4,35895900
114,20457585;4,40397400
114,28649585;4,35895900
114,36841585;4,31409600
114,45033585;4,31409600
114,53225585;4,31409600
114,61417585;4,31409600
114,69609585;4,31409600
114,77801585;4,31409600
114,85993585;4,31409600
114,94185585;4,31409600
115,02377585;4,26908200
115,10569585;4,26908200
115,18761585;4,26908200
115,26953585;4,26908200
115,35145585;4,22406700
115,43337585;4,22406700
115,51529585;4,22406700
115,59721584;4,22406700
115,67913584;4,22406700
115,76105584;4,22406700
115,84297584;4,22406700
115,92489584;4,22406700
116,00681584;4,17920400
116,08873584;4,13419000
116,17065584;4,13419000
116,25257584;4,13419000
116,33449584;4,13419000
116,41641584;4,13419000
116,49833584;4,13419000
116,58025584;4,13419000
116,66217584;4,13419000
116,74409584;4,13419000
116,82601584;4,08932800
116,90793584;4,08932800
116,98985584;4,08932800
117,07177584;4,08932800
117,15369584;4,04431300
117,23561583;4,08932800
117,31753583;4,04431300
117,39945583;4,04431300
117,48137583;4,04431300
117,56329583;4,04431300
117,64521583;4,04431300
117,72713583;4,04431300
117,80905583;4,04431300
117,89097583;3,99929800
117,97289583;3,99929800
118,05481583;3,95443600
118,13673583;3,99929800
118,21865583;3,95443600
118,30057583;3,95443600
118,38249583;3,95443600
118,46441583;3,95443600
118,54633583;3,95443600
118,62825583;3,95443600
118,71017583;3,90942100
118,79209583;3,90942100
118,87401582;3,90942100
118,95593582;3,90942100
119,03785582;3,90942100
119,11977582;3,90942100
119,20169582;3,86455900
119,28361582;3,86455900
119,36553582;3,90942100
119,44745582;3,95443600
119,52937582;3,95443600
119,61129582;4,04431300
119,69321582;4,04431300
119,77513582;4,13419000
119,85705582;4,17920400
119,93897582;4,22406700
120,02089582;4,26908200
120,10281582;4,31409600
120,18473582;4,35895900
120,26665582;4,40397400
120,34857582;4,40397400
120,43049582;4,44883600
120,51241582;4,49385100
120,59433581;4,49385100
120,67625581;4,53871300
120,75817581;4,58372700
120,84009581;4,58372700
120,92201581;4,58372700
121,00393581;4,58372700
121,08585581;4,58372700
121,16777581;4,62874200
121,24969581;4,62874200
121,33161581;4,62874200
121,41353581;4,62874200
121,49545581;4,62874200
121,57737581;4,62874200
121,65929581;4,62874200
121,74121581;4,62874200
121,82313581;4,58372700
121,90505581;4,58372700
121,98697581;4,58372700
122,06889581;4,58372700
122,15081581;4,58372700
122,23273580;4,58372700
122,31465580;4,58372700
122,39657580;4,58372700
122,47849580;4,53871300
122,56041580;4,53871300
122,64233580;4,53871300
122,72425580;4,49385100
122,80617580;4,49385100
122,88809580;4,49385100
122,97001580;4,49385100
123,05193580;4,49385100
123,13385580;4,49385100
123,21577580;4,49385100
123,29769580;4,49385100
123,37961580;4,44883600
123,46153580;4,44883600
123,54345580;4,44883600
123,62537580;4,40397400
123,70729580;4,40397400
123,78921580;4,40397400
123,87113579;4,40397400
123,95305579;4,40397400
124,03497579;4,40397400
124,11689579;4,40397400
124,19881579;4,35895900
124,28073579;4,35895900
124,36265579;4,31409600
124,44457579;4,35895900
124,52649579;4,31409600
124,60841579;4,31409600
124,69033579;4,31409600
124,77225579;4,31409600
124,85417579;4,31409600
124,93609579;4,26908200
125,01801579;4,26908200
125,09993579;4,26908200
125,18185579;4,26908200
125,26377579;4,26908200
125,34569579;4,22406700
125,42761579;4,22406700
125,50953578;4,22406700
125,59145578;4,22406700
125,67337578;4,22406700
125,75529578;4,22406700
125,83721578;4,22406700
125,91913578;4,17920400
126,00105578;4,22406700
126,08297578;4,17920400
126,16489578;4,17920400
126,24681578;4,13419000
126,32873578;4,17920400
126,41065578;4,13419000
126,49257578;4,13419000
126,57449578;4,13419000
126,65641578;4,13419000
126,73833578;4,13419000
126,82025578;4,13419000
126,90217578;4,08932800
126,98409578;4,08932800
127,06601578;4,04431300
127,14793577;4,08932800
127,22985577;4,08932800
127,31177577;4,04431300
127,39369577;4,04431300
127,47561577;4,04431300
127,55753577;4,04431300
127,63945577;4,04431300
127,72137577;4,04431300
127,80329577;3,99929800
127,88521577;3,99929800
127,96713577;3,99929800
128,04905577;3,95443600
128,13097577;3,95443600
128,21289577;3,95443600
128,29481577;3,95443600
128,37673577;3,95443600
128,45865577;3,95443600
128,54057577;3,95443600
128,62249577;3,95443600
128,70441577;3,90942100
128,78633576;3,90942100
128,86825576;3,90942100
128,95017576;3,90942100
129,03209576;3,90942100
129,11401576;3,90942100
129,19593576;3,86455900
129,27785576;3,86455900
129,35977576;3,90942100
129,44169576;3,90942100
129,52361576;3,95443600
129,60553576;3,95443600
129,68745576;4,04431300
129,76937576;4,08932800
129,85129576;4,13419000
129,93321576;4,17920400
130,01513576;4,22406700
130,09705576;4,22406700
130,17897576;4,31409600
130,26089576;4,35895900
130,34281576;4,40397400
130,42473575;4,40397400
130,50665575;4,44883600
130,58857575;4,49385100
130,67049575;4,49385100
130,75241575;4,49385100
130,83433575;4,49385100
130,91625575;4,53871300
130,99817575;4,53871300
131,08009575;4,58372700
131,16201575;4,58372700
131,24393575;4,58372700
131,32585575;4,58372700
131,40777575;4,62874200
131,48969575;4,62874200
131,57161575;4,58372700
131,65353575;4,62874200
131,73545575;4,58372700
131,81737575;4,62874200
131,89929575;4,58372700
131,98121575;4,58372700
132,06313574;4,58372700
132,14505574;4,58372700
132,22697574;4,58372700
132,30889574;4,58372700
132,39081574;4,58372700
132,47273574;4,53871300
132,55465574;4,49385100
132,63657574;4,49385100
132,71849574;4,49385100
132,80041574;4,49385100
132,88233574;4,49385100
132,96425574;4,49385100
133,04617574;4,49385100
133,12809574;4,49385100
133,21001574;4,44883600
133,29193574;4,44883600
133,37385574;4,44883600
133,45577574;4,40397400
133,53769574;4,40397400
133,61961574;4,40397400
133,70153573;4,40397400
133,78345573;4,40397400
133,86537573;4,40397400
133,94729573;4,40397400
134,02921573;4,40397400
134,11113573;4,40397400
134,19305573;4,35895900
134,27497573;4,31409600
134,35689573;4,31409600
134,43881573;4,31409600
134,52073573;4,31409600
134,60265573;4,31409600
134,68457573;4,31409600
134,76649573;4,31409600
134,84841573;4,31409600
134,93033573;4,31409600
135,01225573;4,26908200
135,09417573;4,26908200
135,17609573;4,26908200
135,25801573;4,26908200
135,33993572;4,26908200
135,42185572;4,22406700
135,50377572;4,22406700
135,58569572;4,22406700
135,66761572;4,22406700
135,74953572;4,22406700
135,83145572;4,17920400
135,91337572;4,17920400
135,99529572;4,17920400
136,07721572;4,13419000
136,15913572;4,13419000
136,24105572;4,13419000
136,32297572;4,13419000
136,40489572;4,13419000
136,48681572;4,13419000
136,56873572;4,13419000
136,65065572;4,13419000
136,73257572;4,13419000
136,81449572;4,13419000
136,89641572;4,13419000
136,97833571;4,08932800
137,06025571;4,04431300
137,14217571;4,04431300
137,22409571;4,04431300
137,30601571;4,04431300
137,38793571;4,04431300
137,46985571;4,04431300
137,55177571;4,04431300
137,63369571;4,04431300
137,71561571;4,04431300
137,79753571;3,99929800
137,87945571;3,99929800
137,96137571;3,99929800
138,04329571;3,95443600
138,12521571;3,95443600
138,20713571;3,95443600
138,28905571;3,95443600
138,37097571;3,95443600
138,45289571;3,95443600
138,53481571;3,95443600
138,61673571;3,95443600
138,69865570;3,95443600
138,78057570;3,90942100
138,86249570;3,90942100
138,94441570;3,90942100
139,02633570;3,90942100
139,10825570;3,86455900
139,19017570;3,86455900
139,27209570;3,86455900
139,35401570;3,90942100
139,43593570;3,90942100
139,51785570;3,95443600
139,59977570;3,99929800
139,68169570;4,04431300
139,76361570;4,13419000
139,84553570;4,13419000
139,92745570;4,22406700
140,00937570;4,26908200
140,09129570;4,31409600
140,17321570;4,35895900
140,25513570;4,40397400
140,33705569;4,40397400
140,41897569;4,44883600
140,50089569;4,49385100
140,58281569;4,49385100
140,66473569;4,49385100
140,74665569;4,53871300
140,82857569;4,58372700
140,91049569;4,58372700
140,99241569;4,58372700
141,07433569;4,62874200
141,15625569;4,62874200
141,23817569;4,58372700
141,32009569;4,62874200
141,40201569;4,62874200
141,48393569;4,62874200
141,56585569;4,62874200
141,64777569;4,62874200
141,72969569;4,62874200
141,81161569;4,58372700
141,89353569;4,58372700
141,97545568;4,62874200
142,05737568;4,58372700
142,13929568;4,58372700
142,22121568;4,58372700
142,30313568;4,58372700
142,38505568;4,58372700
142,46697568;4,53871300
142,54889568;4,53871300
142,63081568;4,53871300
142,71273568;4,49385100
142,79465568;4,49385100
142,87657568;4,49385100
142,95849568;4,49385100
143,04041568;4,49385100
143,12233568;4,49385100
143,20425568;4,49385100
143,28617568;4,44883600
143,36809568;4,44883600
143,45001568;4,44883600
143,53193568;4,44883600
143,61385567;4,40397400
143,69577567;4,40397400
143,77769567;4,40397400
143,85961567;4,40397400
143,94153567;4,40397400
144,02345567;4,40397400
144,10537567;4,40397400
144,18729567;4,35895900
144,26921567;4,35895900
144,35113567;4,31409600
144,43305567;4,35895900
144,51497567;4,31409600
144,59689567;4,31409600
144,67881567;4,31409600
144,76073567;4,31409600
144,84265567;4,31409600
144,92457567;4,31409600
145,00649567;4,31409600
145,08841567;4,26908200
145,17033567;4,26908200
145,25225566;4,26908200
145,33417566;4,26908200
145,41609566;4,22406700
145,49801566;4,22406700
145,57993566;4,22406700
145,66185566;4,22406700
145,74377566;4,22406700
145,82569566;4,22406700
145,90761566;4,17920400
145,98953566;4,13419000
146,07145566;4,17920400
146,15337566;4,17920400
146,23529566;4,13419000
146,31721566;4,13419000
146,39913566;4,13419000
146,48105566;4,13419000
146,56297566;4,13419000
146,64489566;4,13419000
146,72681566;4,13419000
146,80873566;4,13419000
146,89065565;4,08932800
146,97257565;4,08932800
147,05449565;4,08932800
147,13641565;4,08932800
147,21833565;4,08932800
147,30025565;4,04431300
147,38217565;4,04431300
147,46409565;4,04431300
147,54601565;4,04431300
147,62793565;4,04431300
147,70985565;4,04431300
147,79177565;4,04431300
147,87369565;3,95443600
147,95561565;3,99929800
148,03753565;3,95443600
148,11945565;3,99929800
148,20137565;3,95443600
148,28329565;3,95443600
148,36521565;3,95443600
148,44713565;3,95443600
148,52905564;3,95443600
148,61097564;3,95443600
148,69289564;3,90942100
148,77481564;3,90942100
148,85673564;3,90942100
148,93865564;3,90942100
149,02057564;3,90942100
149,10249564;3,90942100
149,18441564;3,90942100
149,26633564;3,90942100
149,34825564;3,86455900
149,43017564;3,90942100
149,51209564;3,95443600
149,59401564;3,95443600
149,67593564;4,04431300
149,75785564;4,04431300
149,83977564;4,13419000
149,92169564;4,13419000
150,00361564;4,22406700
150,08553564;4,26908200
150,16745563;4,31409600
150,24937563;4,35895900
150,33129563;4,40397400
150,41321563;4,40397400
150,49513563;4,44883600
150,57705563;4,49385100
150,65897563;4,49385100
150,74089563;4,49385100
150,82281563;4,53871300
150,90473563;4,53871300
150,98665563;4,58372700
151,06857563;4,58372700
151,15049563;4,58372700
151,23241563;4,58372700
151,31433563;4,62874200
151,39625563;4,62874200
151,47817563;4,62874200
151,56009563;4,62874200
151,64201563;4,62874200
151,72393563;4,62874200
151,80585562;4,58372700
151,88777562;4,58372700
151,96969562;4,58372700
152,05161562;4,58372700
152,13353562;4,58372700
152,21545562;4,58372700
152,29737562;4,58372700
152,37929562;4,53871300
152,46121562;4,53871300
152,54313562;4,49385100
152,62505562;4,53871300
152,70697562;4,49385100
152,78889562;4,49385100
152,87081562;4,49385100
152,95273562;4,49385100
153,03465562;4,49385100
153,11657562;4,49385100
153,19849562;4,44883600
153,28041562;4,44883600
153,36233562;4,44883600
153,44425561;4,44883600
153,52617561;4,44883600
153,60809561;4,40397400
153,69001561;4,40397400
153,77193561;4,40397400
153,85385561;4,40397400
153,93577561;4,40397400
154,01769561;4,40397400
154,09961561;4,40397400
154,18153561;4,35895900
154,26345561;4,35895900
154,34537561;4,31409600
154,42729561;4,31409600
154,50921561;4,31409600
154,59113561;4,31409600
154,67305561;4,31409600
154,75497561;4,31409600
154,83689561;4,31409600
154,91881561;4,26908200
155,00073561;4,31409600
155,08265560;4,26908200
155,16457560;4,26908200
155,24649560;4,26908200
155,32841560;4,22406700
155,41033560;4,22406700
155,49225560;4,22406700
155,57417560;4,22406700
155,65609560;4,22406700
155,73801560;4,22406700
155,81993560;4,22406700
155,90185560;4,17920400
155,98377560;4,22406700
156,06569560;4,13419000
156,14761560;4,17920400
156,22953560;4,13419000
156,31145560;4,13419000
156,39337560;4,13419000
156,47529560;4,13419000
156,55721560;4,13419000
156,63913560;4,13419000
156,72105559;4,13419000
156,80297559;4,13419000
156,88489559;4,08932800
156,96681559;4,08932800
157,04873559;4,08932800
157,13065559;4,08932800
157,21257559;4,08932800
157,29449559;4,04431300
157,37641559;4,04431300
157,45833559;4,04431300
157,54025559;4,04431300
157,62217559;4,04431300
157,70409559;4,04431300
157,78601559;4,04431300
157,86793559;4,04431300
157,94985559;3,95443600
158,03177559;3,99929800
158,11369559;3,95443600
158,19561559;3,95443600
158,27753559;3,95443600
158,35945559;3,95443600
158,44137558;3,95443600
158,52329558;3,95443600
158,60521558;3,95443600
158,68713558;3,95443600
158,76905558;3,95443600
158,85097558;3,90942100
158,93289558;3,90942100
159,01481558;3,90942100
159,09673558;3,86455900
159,17865558;3,90942100
159,26057558;3,86455900
159,34249558;3,90942100
159,42441558;3,90942100
159,50633558;3,95443600
159,58825558;3,99929800
159,67017558;4,04431300
159,75209558;4,13419000
159,83401558;4,13419000
159,91593558;4,22406700
159,99785558;4,26908200
160,07977557;4,31409600
160,16169557;4,31409600
160,24361557;4,40397400
160,32553557;4,40397400
160,40745557;4,44883600
160,48937557;4,49385100
160,57129557;4,49385100
160,65321557;4,49385100
160,73513557;4,53871300
160,81705557;4,58372700
160,89897557;4,58372700
160,98089557;4,58372700
161,06281557;4,58372700
161,14473557;4,62874200
161,22665557;4,62874200
161,30857557;4,62874200
161,39049557;4,62874200
161,47241557;4,62874200
161,55433557;4,62874200
161,63625557;4,62874200
161,71817556;4,58372700
161,80009556;4,62874200
161,88201556;4,58372700
161,96393556;4,58372700
162,04585556;4,62874200
162,12777556;4,58372700
162,20969556;4,58372700
162,29161556;4,53871300
162,37353556;4,58372700
162,45545556;4,53871300
162,53737556;4,53871300
162,61929556;4,53871300
162,70121556;4,49385100
162,78313556;4,49385100
162,86505556;4,49385100
162,94697556;4,49385100
163,02889556;4,49385100
163,11081556;4,49385100
163,19273556;4,49385100
163,27465556;4,49385100
163,35657555;4,44883600
163,43849555;4,44883600
163,52041555;4,44883600
163,60233555;4,40397400
163,68425555;4,40397400
163,76617555;4,40397400
163,84809555;4,40397400
163,93001555;4,40397400
164,01193555;4,40397400
164,09385555;4,40397400
164,17577555;4,35895900
164,25769555;4,35895900
164,33961555;4,35895900
164,42153555;4,35895900
164,50345555;4,31409600
164,58537555;4,31409600
164,66729555;4,31409600
164,74921555;4,31409600
164,83113555;4,31409600
164,91305555;4,31409600
164,99497554;4,26908200
165,07689554;4,31409600
165,15881554;4,26908200
165,24073554;4,26908200
165,32265554;4,26908200
165,40457554;4,26908200
165,48649554;4,22406700
165,56841554;4,22406700
165,65033554;4,22406700
165,73225554;4,17920400
165,81417554;4,22406700
165,89609554;4,17920400
165,97801554;4,17920400
166,05993554;4,17920400
166,14185554;4,13419000
166,22377554;4,13419000
166,30569554;4,13419000
166,38761554;4,13419000
166,46953554;4,13419000
166,55145554;4,13419000
166,63337553;4,13419000
166,71529553;4,13419000
166,79721553;4,13419000
166,87913553;4,13419000
166,96105553;4,08932800
167,04297553;4,08932800
167,12489553;4,04431300
167,20681553;4,04431300
167,28873553;4,04431300
167,37065553;4,08932800
167,45257553;4,04431300
167,53449553;4,04431300
167,61641553;4,04431300
167,69833553;4,04431300
167,78025553;4,04431300
167,86217553;3,95443600
167,94409553;3,99929800
168,02601553;3,95443600
168,10793553;3,95443600
168,18985553;3,95443600
168,27177552;3,95443600
168,35369552;3,95443600
168,43561552;3,95443600
168,51753552;3,95443600
168,59945552;3,95443600
168,68137552;3,95443600
168,76329552;3,90942100
168,84521552;3,90942100
168,92713552;3,90942100
169,00905552;3,90942100
169,09097552;3,90942100
169,17289552;3,90942100
169,25481552;3,86455900
169,33673552;3,86455900
169,41865552;3,90942100
169,50057552;3,95443600
169,58249552;3,95443600
169,66441552;4,04431300
169,74633552;4,04431300
169,82825552;4,13419000
169,91017551;4,13419000
169,99209551;4,22406700
170,07401551;4,26908200
170,15593551;4,31409600
170,23785551;4,31409600
170,31977551;4,35895900
170,40169551;4,40397400
170,48361551;4,40397400
170,56553551;4,49385100
170,64745551;4,49385100
170,72937551;4,49385100
170,81129551;4,49385100
170,89321551;4,53871300
170,97513551;4,53871300
171,05705551;4,58372700
171,13897551;4,58372700
171,22089551;4,58372700
171,30281551;4,58372700
171,38473551;4,58372700
171,46665551;4,62874200
171,54857550;4,62874200
171,63049550;4,58372700
171,71241550;4,62874200
171,79433550;4,58372700
171,87625550;4,58372700
171,95817550;4,58372700
172,04009550;4,58372700
172,12201550;4,58372700
172,20393550;4,58372700
172,28585550;4,53871300
172,36777550;4,58372700
172,44969550;4,53871300
172,53161550;4,53871300
172,61353550;4,53871300
172,69545550;4,49385100
172,77737550;4,49385100
172,85929550;4,49385100
172,94121550;4,49385100
173,02313550;4,49385100
173,10505550;4,49385100
173,18697549;4,49385100
173,26889549;4,44883600
173,35081549;4,44883600
173,43273549;4,44883600
173,51465549;4,44883600
173,59657549;4,40397400
173,67849549;4,40397400
173,76041549;4,40397400
173,84233549;4,40397400
173,92425549;4,40397400
174,00617549;4,40397400
174,08809549;4,40397400
174,17001549;4,31409600
174,25193549;4,35895900
174,33385549;4,31409600
174,41577549;4,35895900
174,49769549;4,31409600
174,57961549;4,31409600
174,66153549;4,31409600
174,74345549;4,31409600
174,82537548;4,31409600
174,90729548;4,31409600
174,98921548;4,31409600
175,07113548;4,26908200
175,15305548;4,26908200
175,23497548;4,26908200
175,31689548;4,22406700
175,39881548;4,22406700
175,48073548;4,22406700
175,56265548;4,22406700
175,64457548;4,22406700
175,72649548;4,22406700
175,80841548;4,22406700
175,89033548;4,22406700
175,97225548;4,17920400
176,05417548;4,17920400
176,13609548;4,17920400
176,21801548;4,13419000
176,29993548;4,13419000
176,38185548;4,13419000
176,46377547;4,13419000
176,54569547;4,13419000
176,62761547;4,13419000
176,70953547;4,13419000
176,79145547;4,13419000
176,87337547;4,08932800
176,95529547;4,08932800
177,03721547;4,08932800
177,11913547;4,08932800
177,20105547;4,04431300
177,28297547;4,04431300
177,36489547;4,04431300
177,44681547;4,04431300
177,52873547;4,04431300
177,61065547;4,04431300
177,69257547;4,04431300
177,77449547;3,99929800
177,85641547;3,99929800
177,93833547;3,95443600
178,02025547;3,95443600
178,10217547;3,95443600
178,18409546;3,95443600
178,26601546;3,95443600
178,34793546;3,95443600
178,42985546;3,95443600
178,51177546;3,90942100
178,59369546;3,95443600
178,67561546;3,95443600
178,75753546;3,95443600
178,83945546;3,90942100
178,92137546;3,90942100
179,00329546;3,90942100
179,08521546;3,90942100
179,16713546;3,90942100
179,24905546;3,86455900
179,33097546;3,86455900
179,41289546;3,90942100
179,49481546;3,95443600
179,57673546;3,95443600
179,65865546;4,04431300
179,74057546;4,08932800
179,82249545;4,13419000
179,90441545;4,17920400
179,98633545;4,22406700
180,06825545;4,26908200
180,15017545;4,31409600
180,23209545;4,35895900
180,31401545;4,40397400
180,39593545;4,40397400
180,47785545;4,49385100
180,55977545;4,49385100
180,64169545;4,49385100
180,72361545;4,53871300
180,80553545;4,53871300
180,88745545;4,58372700
180,96937545;4,58372700
181,05129545;4,58372700
181,13321545;4,58372700
181,21513545;4,62874200
181,29705545;4,62874200
181,37897545;4,62874200
181,46089544;4,58372700
181,54281544;4,67360400
181,62473544;4,62874200
181,70665544;4,62874200
181,78857544;4,62874200
181,87049544;4,58372700
181,95241544;4,58372700
182,03433544;4,58372700
182,11625544;4,58372700
182,19817544;4,58372700
182,28009544;4,58372700
182,36201544;4,58372700
182,44393544;4,58372700
182,52585544;4,53871300
182,60777544;4,49385100
182,68969544;4,49385100
182,77161544;4,49385100
182,85353544;4,49385100
182,93545544;4,49385100
183,01737544;4,49385100
183,09929543;4,49385100
183,18121543;4,49385100
183,26313543;4,49385100
183,34505543;4,44883600
183,42697543;4,44883600
183,50889543;4,44883600
183,59081543;4,40397400
183,67273543;4,40397400
183,75465543;4,40397400
183,83657543;4,40397400
183,91849543;4,40397400
184,00041543;4,40397400
184,08233543;4,35895900
184,16425543;4,40397400
184,24617543;4,40397400
184,32809543;4,35895900
184,41001543;4,31409600
184,49193543;4,31409600
184,57385543;4,31409600
184,65577543;4,31409600
184,73769542;4,31409600
184,81961542;4,31409600
184,90153542;4,31409600
184,98345542;4,31409600
185,06537542;4,26908200
185,14729542;4,26908200
185,22921542;4,26908200
185,31113542;4,22406700
185,39305542;4,26908200
185,47497542;4,22406700
185,55689542;4,22406700
185,63881542;4,22406700
185,72073542;4,22406700
185,80265542;4,22406700
185,88457542;4,22406700
185,96649542;4,17920400
186,04841542;4,17920400
186,13033542;4,13419000
186,21225542;4,13419000
186,29417542;4,13419000
186,37609541;4,13419000
186,45801541;4,13419000
186,53993541;4,13419000
186,62185541;4,13419000
186,70377541;4,13419000
186,78569541;4,13419000
186,86761541;4,08932800
186,94953541;4,08932800
187,03145541;4,08932800
187,11337541;4,04431300
187,19529541;4,04431300
187,27721541;4,04431300
187,35913541;4,04431300
187,44105541;4,04431300
187,52297541;4,04431300
187,60489541;4,04431300
187,68681541;4,04431300
187,76873541;4,04431300
187,85065541;3,99929800
187,93257541;3,95443600
188,01449540;3,95443600
188,09641540;3,95443600
188,17833540;3,95443600
188,26025540;3,95443600
188,34217540;3,95443600
188,42409540;3,95443600
188,50601540;3,95443600
188,58793540;3,95443600
188,66985540;3,95443600
188,75177540;3,90942100
188,83369540;3,90942100
188,91561540;3,90942100
188,99753540;3,90942100
189,07945540;3,86455900
189,16137540;3,90942100
189,24329540;3,86455900
189,32521540;3,90942100
189,40713540;3,90942100
189,48905540;3,90942100
189,57097540;3,95443600
189,65289539;3,99929800
189,73481539;4,04431300
189,81673539;4,13419000
189,89865539;4,13419000
189,98057539;4,22406700
190,06249539;4,22406700
190,14441539;4,26908200
190,22633539;4,31409600
190,30825539;4,35895900
190,39017539;4,40397400
190,47209539;4,40397400
190,55401539;4,44883600
190,63593539;4,49385100
190,71785539;4,49385100
190,79977539;4,49385100
190,88169539;4,53871300
190,96361539;4,53871300
191,04553539;4,58372700
191,12745539;4,58372700
191,20937539;4,58372700
191,29129538;4,58372700
191,37321538;4,62874200
191,45513538;4,62874200
191,53705538;4,62874200
191,61897538;4,62874200
191,70089538;4,58372700
191,78281538;4,58372700
191,86473538;4,62874200
191,94665538;4,58372700
192,02857538;4,58372700
192,11049538;4,58372700
192,19241538;4,58372700
192,27433538;4,58372700
192,35625538;4,58372700
192,43817538;4,53871300
192,52009538;4,53871300
192,60201538;4,53871300
192,68393538;4,49385100
192,76585538;4,49385100
192,84777538;4,49385100
192,92969537;4,49385100
193,01161537;4,49385100
193,09353537;4,49385100
193,17545537;4,49385100
193,25737537;4,44883600
193,33929537;4,44883600
193,42121537;4,44883600
193,50313537;4,44883600
193,58505537;4,40397400
193,66697537;4,40397400
193,74889537;4,40397400
193,83081537;4,40397400
193,91273537;4,40397400
193,99465537;4,40397400
194,07657537;4,40397400
194,15849537;4,40397400
194,24041537;4,31409600
194,32233537;4,31409600
194,40425537;4,31409600
194,48617537;4,31409600
194,56809536;4,31409600
194,65001536;4,31409600
194,73193536;4,31409600
194,81385536;4,31409600
194,89577536;4,31409600
194,97769536;4,26908200
195,05961536;4,26908200
195,14153536;4,26908200
195,22345536;4,26908200
195,30537536;4,22406700
195,38729536;4,22406700
195,46921536;4,22406700
195,55113536;4,22406700
195,63305536;4,22406700
195,71497536;4,22406700
195,79689536;4,22406700
195,87881536;4,22406700
195,96073536;4,17920400
196,04265536;4,17920400
196,12457536;4,17920400
196,20649536;4,13419000
196,28841535;4,13419000
196,37033535;4,13419000
196,45225535;4,13419000
196,53417535;4,13419000
196,61609535;4,13419000
196,69801535;4,13419000
196,77993535;4,13419000
196,86185535;4,13419000
196,94377535;4,08932800
197,02569535;4,08932800
197,10761535;4,04431300
197,18953535;4,04431300
197,27145535;4,04431300
197,35337535;4,04431300
197,43529535;4,04431300
197,51721535;4,04431300
197,59913535;4,04431300
197,68105535;4,04431300
197,76297535;4,04431300
197,84489535;4,04431300
197,92681534;3,95443600
198,00873534;3,95443600
198,09065534;3,95443600
198,17257534;3,95443600
198,25449534;3,95443600
198,33641534;3,95443600
198,41833534;3,95443600
198,50025534;3,95443600
198,58217534;3,95443600
198,66409534;3,95443600
198,74601534;3,95443600
198,82793534;3,90942100
198,90985534;3,90942100
198,99177534;3,90942100
199,07369534;3,90942100
199,15561534;3,90942100
199,23753534;3,86455900
199,31945534;3,86455900
199,40137534;3,90942100
199,48329534;3,95443600
199,56521533;3,95443600
199,64713533;4,04431300
199,72905533;4,04431300
199,81097533;4,13419000
199,89289533;4,17920400
199,97481533;4,22406700
200,05673533;4,31409600
200,13865533;4,31409600
200,22057533;4,31409600
200,30249533;4,40397400
200,38441533;4,40397400
200,46633533;4,44883600
200,54825533;4,49385100
200,63017533;4,49385100
200,71209533;4,53871300
200,79401533;4,53871300
200,87593533;4,58372700
200,95785533;4,58372700
201,03977533;4,58372700
201,12169533;4,62874200
201,20361532;4,62874200
201,28553532;4,67360400
201,36745532;4,67360400
201,44937532;4,62874200
201,53129532;4,62874200
201,61321532;4,62874200
201,69513532;4,62874200
201,77705532;4,62874200
201,85897532;4,62874200
201,94089532;4,58372700
202,02281532;4,62874200
202,10473532;4,58372700
202,18665532;4,58372700
202,26857532;4,58372700
202,35049532;4,58372700
202,43241532;4,53871300
202,51433532;4,53871300
202,59625532;4,53871300
202,67817532;4,53871300
202,76009532;4,49385100
202,84201531;4,49385100
202,92393531;4,49385100
203,00585531;4,49385100
203,08777531;4,49385100
203,16969531;4,49385100
203,25161531;4,49385100
203,33353531;4,49385100
203,41545531;4,44883600
203,49737531;4,44883600
203,57929531;4,44883600
203,66121531;4,44883600
203,74313531;4,40397400
203,82505531;4,40397400
203,90697531;4,40397400
203,98889531;4,40397400
204,07081531;4,40397400
204,15273531;4,40397400
204,23465531;4,35895900
204,31657531;4,31409600
204,39849531;4,35895900
204,48041530;4,31409600
204,56233530;4,31409600
204,64425530;4,31409600
204,72617530;4,31409600
204,80809530;4,31409600
204,89001530;4,31409600
204,97193530;4,26908200
205,05385530;4,31409600
205,13577530;4,26908200
205,21769530;4,26908200
205,29961530;4,26908200
205,38153530;4,26908200
205,46345530;4,26908200
205,54537530;4,22406700
205,62729530;4,22406700
205,70921530;4,22406700
205,79113530;4,22406700
205,87305530;4,22406700
205,95497530;4,22406700
206,03689530;4,22406700
206,11881529;4,17920400
206,20073529;4,17920400
206,28265529;4,13419000
206,36457529;4,13419000
206,44649529;4,13419000
206,52841529;4,13419000
206,61033529;4,13419000
206,69225529;4,13419000
206,77417529;4,13419000
206,85609529;4,13419000
206,93801529;4,08932800
207,01993529;4,08932800
207,10185529;4,08932800
207,18377529;4,04431300
207,26569529;4,04431300
207,34761529;4,04431300
207,42953529;4,04431300
207,51145529;4,04431300
207,59337529;4,04431300
207,67529529;4,04431300
207,75721528;4,04431300
207,83913528;4,04431300
207,92105528;3,99929800
208,00297528;3,99929800
208,08489528;3,99929800
208,16681528;3,99929800
208,24873528;3,95443600
208,33065528;3,95443600
208,41257528;3,95443600
208,49449528;3,95443600
208,57641528;3,95443600
208,65833528;3,95443600
208,74025528;3,95443600
208,82217528;3,95443600
208,90409528;3,90942100
208,98601528;3,90942100
209,06793528;3,90942100
209,14985528;3,86455900
209,23177528;3,86455900
209,31369528;3,90942100
209,39561527;3,90942100
209,47753527;3,95443600
209,55945527;3,95443600
209,64137527;3,95443600
209,72329527;4,04431300
209,80521527;4,08932800
209,88713527;4,13419000
209,96905527;4,17920400
210,05097527;4,22406700
210,13289527;4,26908200
210,21481527;4,31409600
210,29673527;4,31409600
210,37865527;4,40397400
210,46057527;4,40397400
210,54249527;4,44883600
210,62441527;4,49385100
210,70633527;4,49385100
210,78825527;4,49385100
210,87017527;4,53871300
210,95209527;4,53871300
211,03401526;4,58372700
211,11593526;4,58372700
211,19785526;4,58372700
211,27977526;4,62874200
211,36169526;4,62874200
211,44361526;4,62874200
211,52553526;4,62874200
211,60745526;4,62874200
211,68937526;4,62874200
211,77129526;4,62874200
211,85321526;4,58372700
211,93513526;4,58372700
212,01705526;4,58372700
212,09897526;4,58372700
212,18089526;4,58372700
212,26281526;4,53871300
212,34473526;4,58372700
212,42665526;4,53871300
212,50857526;4,53871300
212,59049526;4,53871300
212,67241525;4,53871300
212,75433525;4,49385100
212,83625525;4,49385100
212,91817525;4,49385100
213,00009525;4,49385100
213,08201525;4,49385100
213,16393525;4,49385100
213,24585525;4,44883600
213,32777525;4,44883600
213,40969525;4,44883600
213,49161525;4,44883600
213,57353525;4,40397400
213,65545525;4,40397400
213,73737525;4,40397400
213,81929525;4,40397400
213,90121525;4,40397400
213,98313525;4,40397400
214,06505525;4,40397400
214,14697525;4,40397400
214,22889525;4,35895900
214,31081524;4,35895900
214,39273524;4,31409600
214,47465524;4,31409600
214,55657524;4,31409600
214,63849524;4,31409600
214,72041524;4,31409600
214,80233524;4,31409600
214,88425524;4,31409600
214,96617524;4,31409600
215,04809524;4,26908200
215,13001524;4,26908200
215,21193524;4,26908200
215,29385524;4,22406700
215,37577524;4,22406700
215,45769524;4,22406700
215,53961524;4,22406700
215,62153524;4,22406700
215,70345524;4,22406700
215,78537524;4,22406700
215,86729524;4,17920400
215,94921524;4,17920400
216,03113523;4,17920400
216,11305523;4,17920400
216,19497523;4,17920400
216,27689523;4,13419000
216,35881523;4,13419000
216,44073523;4,13419000
216,52265523;4,13419000
216,60457523;4,13419000
216,68649523;4,13419000
216,76841523;4,13419000
216,85033523;4,13419000
216,93225523;4,08932800
217,01417523;4,08932800
217,09609523;4,08932800
217,17801523;4,08932800
217,25993523;4,04431300
217,34185523;4,04431300
217,42377523;4,04431300
217,50569523;4,04431300
217,58761523;4,04431300
217,66953522;4,04431300
217,75145522;3,99929800
217,83337522;3,99929800
217,91529522;4,04431300
217,99721522;3,95443600
218,07913522;3,95443600
218,16105522;3,95443600
218,24297522;3,95443600
218,32489522;3,95443600
218,40681522;3,95443600
218,48873522;3,95443600
218,57065522;3,95443600
218,65257522;3,95443600
218,73449522;3,90942100
218,81641522;3,90942100
218,89833522;3,90942100
218,98025522;3,90942100
219,06217522;3,90942100
219,14409522;3,90942100
219,22601522;3,86455900
219,30793521;3,86455900
219,38985521;3,86455900
219,47177521;3,90942100
219,55369521;3,95443600
219,63561521;3,99929800
219,71753521;4,04431300
219,79945521;4,13419000
219,88137521;4,13419000
219,96329521;4,22406700
220,04521521;4,26908200
220,12713521;4,31409600
220,20905521;4,31409600
220,29097521;4,40397400
220,37289521;4,40397400
220,45481521;4,44883600
220,53673521;4,49385100
220,61865521;4,49385100
220,70057521;4,49385100
220,78249521;4,58372700
220,86441521;4,58372700
220,94633520;4,58372700
221,02825520;4,58372700
221,11017520;4,58372700
221,19209520;4,62874200
221,27401520;4,62874200
221,35593520;4,62874200
221,43785520;4,62874200
221,51977520;4,62874200
221,60169520;4,62874200
221,68361520;4,62874200
221,76553520;4,58372700
221,84745520;4,62874200
221,92937520;4,58372700
222,01129520;4,58372700
222,09321520;4,58372700
222,17513520;4,58372700
222,25705520;4,58372700
222,33897520;4,58372700
222,42089520;4,53871300
222,50281520;4,53871300
222,58473519;4,53871300
222,66665519;4,53871300
222,74857519;4,49385100
222,83049519;4,49385100
222,91241519;4,49385100
222,99433519;4,49385100
223,07625519;4,49385100
223,15817519;4,49385100
223,24009519;4,49385100
223,32201519;4,44883600
223,40393519;4,44883600
223,48585519;4,49385100
223,56777519;4,44883600
223,64969519;4,44883600
223,73161519;4,40397400
223,81353519;4,40397400
223,89545519;4,40397400
223,97737519;4,40397400
224,05929519;4,40397400
224,14121519;4,40397400
224,22313518;4,35895900
224,30505518;4,35895900
224,38697518;4,35895900
224,46889518;4,35895900
224,55081518;4,31409600
224,63273518;4,31409600
224,71465518;4,31409600
224,79657518;4,31409600
224,87849518;4,31409600
224,96041518;4,31409600
225,04233518;4,31409600
225,12425518;4,26908200
225,20617518;4,26908200
225,28809518;4,26908200
225,37001518;4,26908200
225,45193518;4,22406700
225,53385518;4,22406700
225,61577518;4,22406700
225,69769518;4,22406700
225,77961518;4,22406700
225,86153517;4,22406700
225,94345517;4,22406700
226,02537517;4,17920400
226,10729517;4,17920400
226,18921517;4,17920400
226,27113517;4,13419000
226,35305517;4,13419000
226,43497517;4,13419000
226,51689517;4,13419000
226,59881517;4,13419000
226,68073517;4,13419000
226,76265517;4,13419000
226,84457517;4,13419000
226,92649517;4,13419000
227,00841517;4,08932800
227,09033517;4,08932800
227,17225517;4,08932800
227,25417517;4,04431300
227,33609517;4,04431300
227,41801517;4,04431300
227,49993516;4,04431300
227,58185516;4,04431300
227,66377516;4,04431300
227,74569516;3,99929800
227,82761516;4,04431300
227,90953516;4,04431300
227,99145516;3,95443600
228,07337516;3,95443600
228,15529516;3,95443600
228,23721516;3,95443600
228,31913516;3,95443600
228,40105516;3,95443600
228,48297516;3,95443600
228,56489516;3,95443600
228,64681516;3,95443600
228,72873516;3,95443600
228,81065516;3,90942100
228,89257516;3,90942100
228,97449516;3,90942100
229,05641516;3,90942100
229,13833515;3,86455900
229,22025515;3,90942100
229,30217515;3,86455900
229,38409515;3,90942100
229,46601515;3,90942100
229,54793515;3,95443600
229,62985515;3,95443600
229,71177515;4,04431300
229,79369515;4,04431300
229,87561515;4,13419000
229,95753515;4,13419000
230,03945515;4,22406700
230,12137515;4,26908200
230,20329515;4,31409600
230,28521515;4,35895900
230,36713515;4,40397400
230,44905515;4,40397400
230,53097515;4,44883600
230,61289515;4,44883600
230,69481515;4,49385100
230,77673514;4,49385100
230,85865514;4,53871300
230,94057514;4,53871300
231,02249514;4,58372700
231,10441514;4,58372700
231,18633514;4,58372700
231,26825514;4,58372700
231,35017514;4,58372700
231,43209514;4,62874200
231,51401514;4,58372700
231,59593514;4,62874200
231,67785514;4,58372700
231,75977514;4,62874200
231,84169514;4,58372700
231,92361514;4,58372700
232,00553514;4,58372700
232,08745514;4,58372700
232,16937514;4,58372700
232,25129514;4,58372700
232,33321514;4,58372700
232,41513513;4,53871300
232,49705513;4,53871300
232,57897513;4,53871300
232,66089513;4,53871300
232,74281513;4,49385100
232,82473513;4,49385100
232,90665513;4,49385100
232,98857513;4,49385100
233,07049513;4,49385100
233,15241513;4,49385100
233,23433513;4,44883600
233,31625513;4,44883600
233,39817513;4,44883600
233,48009513;4,40397400
233,56201513;4,44883600
233,64393513;4,40397400
233,72585513;4,40397400
233,80777513;4,40397400
233,88969513;4,40397400
233,97161513;4,40397400
234,05353512;4,40397400
234,13545512;4,40397400
234,21737512;4,40397400
234,29929512;4,31409600
234,38121512;4,31409600
234,46313512;4,31409600
234,54505512;4,31409600
234,62697512;4,31409600
234,70889512;4,31409600
234,79081512;4,31409600
234,87273512;4,31409600
234,95465512;4,31409600
235,03657512;4,26908200
235,11849512;4,26908200
235,20041512;4,26908200
235,28233512;4,22406700
235,36425512;4,22406700
235,44617512;4,22406700
235,52809512;4,22406700
235,61001512;4,22406700
235,69193512;4,22406700
235,77385511;4,22406700
235,85577511;4,17920400
235,93769511;4,22406700
236,01961511;4,17920400
236,10153511;4,13419000
236,18345511;4,13419000
236,26537511;4,13419000
236,34729511;4,13419000
236,42921511;4,13419000
236,51113511;4,13419000
236,59305511;4,13419000
236,67497511;4,13419000
236,75689511;4,13419000
236,83881511;4,08932800
236,92073511;4,08932800
237,00265511;4,08932800
237,08457511;4,08932800
237,16649511;4,04431300
237,24841511;4,08932800
237,33033511;4,04431300
237,41225510;4,04431300
237,49417510;4,04431300
237,57609510;4,04431300
237,65801510;4,04431300
237,73993510;4,04431300
237,82185510;4,04431300
237,90377510;3,99929800
237,98569510;3,95443600
238,06761510;3,95443600
238,14953510;3,95443600
238,23145510;3,95443600
238,31337510;3,95443600
238,39529510;3,95443600
238,47721510;3,95443600
238,55913510;3,95443600
238,64105510;3,95443600
238,72297510;3,90942100
238,80489510;3,90942100
238,88681510;3,90942100
238,96873510;3,86455900
239,05065509;3,90942100
239,13257509;3,90942100
239,21449509;3,86455900
239,29641509;3,86455900
239,37833509;3,90942100
239,46025509;3,90942100
239,54217509;3,95443600
239,62409509;3,99929800
239,70601509;4,04431300
239,78793509;4,08932800
239,86985509;4,13419000
239,95177509;4,22406700
240,03369509;4,22406700
240,11561509;4,31409600
240,19753509;4,35895900
240,27945509;4,40397400
240,36137509;4,40397400
240,44329509;4,44883600
240,52521509;4,49385100
240,60713509;4,49385100
240,68905508;4,49385100
240,77097508;4,53871300
240,85289508;4,53871300
240,93481508;4,58372700
241,01673508;4,58372700
241,09865508;4,58372700
241,18057508;4,62874200
241,26249508;4,58372700
241,34441508;4,62874200
241,42633508;4,62874200
241,50825508;4,62874200
241,59017508;4,62874200
241,67209508;4,58372700
241,75401508;4,62874200
241,83593508;4,62874200
241,91785508;4,62874200
241,99977508;4,58372700
242,08169508;4,58372700
242,16361508;4,58372700
242,24553508;4,58372700
242,32745507;4,58372700
242,40937507;4,58372700
242,49129507;4,53871300
242,57321507;4,53871300
242,65513507;4,49385100
242,73705507;4,49385100
242,81897507;4,49385100
242,90089507;4,49385100
242,98281507;4,49385100
243,06473507;4,49385100
243,14665507;4,49385100
243,22857507;4,49385100
243,31049507;4,49385100
243,39241507;4,44883600
243,47433507;4,44883600
243,55625507;4,40397400
243,63817507;4,40397400
243,72009507;4,40397400
243,80201507;4,40397400
243,88393507;4,40397400
243,96585506;4,40397400
244,04777506;4,40397400
244,12969506;4,40397400
244,21161506;4,40397400
244,29353506;4,40397400
244,37545506;4,31409600
244,45737506;4,31409600
244,53929506;4,31409600
244,62121506;4,31409600
244,70313506;4,31409600
244,78505506;4,31409600
244,86697506;4,31409600
244,94889506;4,31409600
245,03081506;4,26908200
245,11273506;4,26908200
245,19465506;4,26908200
245,27657506;4,22406700
245,35849506;4,22406700
245,44041506;4,26908200
245,52233506;4,22406700
245,60425505;4,22406700
245,68617505;4,22406700
245,76809505;4,22406700
245,85001505;4,22406700
245,93193505;4,22406700
246,01385505;4,17920400
246,09577505;4,17920400
246,17769505;4,13419000
246,25961505;4,13419000
246,34153505;4,13419000
246,42345505;4,13419000
246,50537505;4,13419000
246,58729505;4,13419000
246,66921505;4,13419000
246,75113505;4,13419000
246,83305505;4,08932800
246,91497505;4,08932800
246,99689505;4,04431300
247,07881505;4,08932800
247,16073505;4,04431300
247,24265504;4,04431300
247,32457504;4,04431300
247,40649504;4,04431300
247,48841504;4,04431300
247,57033504;4,04431300
247,65225504;4,04431300
247,73417504;4,04431300
247,81609504;3,99929800
247,89801504;3,99929800
247,97993504;3,95443600
248,06185504;3,95443600
248,14377504;3,95443600
248,22569504;3,95443600
248,30761504;3,95443600
248,38953504;3,95443600
248,47145504;3,95443600
248,55337504;3,95443600
248,63529504;3,95443600
248,71721504;3,95443600
248,79913504;3,90942100
248,88105503;3,90942100
248,96297503;3,90942100
249,04489503;3,90942100
249,12681503;3,90942100
249,20873503;3,86455900
249,29065503;3,90942100
249,37257503;3,86455900
249,45449503;3,90942100
249,53641503;3,90942100
249,61833503;3,95443600
249,70025503;3,99929800
249,78217503;4,08932800
249,86409503;4,13419000
249,94601503;4,17920400
250,02793503;4,22406700
250,10985503;4,26908200
250,19177503;4,31409600
250,27369503;4,31409600
250,35561503;4,35895900
250,43753503;4,40397400
250,51945502;4,44883600
250,60137502;4,49385100
250,68329502;4,49385100
250,76521502;4,49385100
250,84713502;4,49385100
250,92905502;4,53871300
251,01097502;4,53871300
251,09289502;4,58372700
251,17481502;4,58372700
251,25673502;4,58372700
251,33865502;4,62874200
251,42057502;4,62874200
251,50249502;4,62874200
251,58441502;4,58372700
251,66633502;4,62874200
251,74825502;4,58372700
251,83017502;4,62874200
251,91209502;4,58372700
251,99401502;4,58372700
252,07593502;4,58372700
252,15785501;4,58372700
252,23977501;4,58372700
252,32169501;4,58372700
252,40361501;4,58372700
252,48553501;4,53871300
252,56745501;4,53871300
252,64937501;4,49385100
252,73129501;4,49385100
252,81321501;4,49385100
252,89513501;4,49385100
252,97705501;4,49385100
253,05897501;4,49385100
253,14089501;4,49385100
253,22281501;4,44883600
253,30473501;4,49385100
253,38665501;4,44883600
253,46857501;4,44883600
253,55049501;4,40397400
253,63241501;4,40397400
253,71433501;4,40397400
253,79625501;4,40397400
253,87817500;4,40397400
253,96009500;4,40397400
254,04201500;4,40397400
254,12393500;4,40397400
254,20585500;4,40397400
254,28777500;4,31409600
254,36969500;4,35895900
254,45161500;4,31409600
254,53353500;4,31409600
254,61545500;4,31409600
254,69737500;4,31409600
254,77929500;4,31409600
254,86121500;4,31409600
254,94313500;4,31409600
255,02505500;4,26908200
255,10697500;4,26908200
255,18889500;4,26908200
255,27081500;4,26908200
255,35273500;4,26908200
255,43465500;4,22406700
255,51657499;4,22406700
255,59849499;4,22406700
255,68041499;4,22406700
255,76233499;4,22406700
255,84425499;4,22406700
255,92617499;4,22406700
256,00809499;4,17920400
256,09001499;4,13419000
256,17193499;4,17920400
256,25385499;4,13419000
256,33577499;4,13419000
256,41769499;4,13419000
256,49961499;4,13419000
256,58153499;4,13419000
256,66345499;4,13419000
256,74537499;4,13419000
256,82729499;4,13419000
256,90921499;4,08932800
256,99113499;4,08932800
257,07305499;4,08932800
257,15497498;4,08932800
257,23689498;4,08932800
257,31881498;4,08932800
257,40073498;4,04431300
257,48265498;4,04431300
257,56457498;4,04431300
257,64649498;4,04431300
257,72841498;4,04431300
257,81033498;4,04431300
257,89225498;3,99929800
257,97417498;3,95443600
258,05609498;3,95443600
258,13801498;3,95443600
258,21993498;3,95443600
258,30185498;3,95443600
258,38377498;3,95443600
258,46569498;3,95443600
258,54761498;3,95443600
258,62953498;3,95443600
258,71145498;3,90942100
258,79337497;3,90942100
258,87529497;3,90942100
258,95721497;3,90942100
259,03913497;3,90942100
259,12105497;3,86455900
259,20297497;3,90942100
259,28489497;3,86455900
259,36681497;3,90942100
259,44873497;3,90942100
259,53065497;3,95443600
259,61257497;3,95443600
259,69449497;4,04431300
259,77641497;4,08932800
259,85833497;4,13419000
259,94025497;4,17920400
260,02217497;4,22406700
260,10409497;4,31409600
260,18601497;4,31409600
260,26793497;4,40397400
260,34985497;4,40397400
260,43177496;4,40397400
260,51369496;4,49385100
260,59561496;4,49385100
260,67753496;4,49385100
260,75945496;4,53871300
260,84137496;4,58372700
260,92329496;4,58372700
261,00521496;4,58372700
261,08713496;4,58372700
261,16905496;4,67360400
261,25097496;4,62874200
261,33289496;4,62874200
261,41481496;4,62874200
261,49673496;4,62874200
261,57865496;4,62874200
261,66057496;4,62874200
261,74249496;4,62874200
261,82441496;4,62874200
261,90633496;4,62874200
261,98825496;4,58372700
262,07017495;4,62874200
262,15209495;4,58372700
262,23401495;4,58372700
262,31593495;4,58372700
262,39785495;4,58372700
262,47977495;4,53871300
262,56169495;4,53871300
262,64361495;4,53871300
262,72553495;4,49385100
262,80745495;4,49385100
262,88937495;4,49385100
262,97129495;4,49385100
263,05321495;4,49385100
263,13513495;4,49385100
263,21705495;4,49385100
263,29897495;4,44883600
263,38089495;4,44883600
263,46281495;4,44883600
263,54473495;4,44883600
263,62665495;4,40397400
263,70857494;4,40397400
263,79049494;4,40397400
263,87241494;4,40397400
263,95433494;4,40397400
264,03625494;4,40397400
264,11817494;4,40397400
264,20009494;4,40397400
264,28201494;4,40397400
264,36393494;4,35895900
264,44585494;4,35895900
264,52777494;4,31409600
264,60969494;4,31409600
264,69161494;4,31409600
264,77353494;4,31409600
264,85545494;4,31409600
264,93737494;4,26908200
265,01929494;4,26908200
265,10121494;4,31409600
265,18313494;4,26908200
265,26505494;4,26908200
265,34697493;4,26908200
265,42889493;4,22406700
265,51081493;4,22406700
265,59273493;4,22406700
265,67465493;4,22406700
265,75657493;4,22406700
265,83849493;4,22406700
265,92041493;4,22406700
266,00233493;4,17920400
266,08425493;4,17920400
266,16617493;4,17920400
266,24809493;4,17920400
266,33001493;4,13419000
266,41193493;4,13419000
266,49385493;4,13419000
266,57577493;4,13419000
266,65769493;4,13419000
266,73961493;4,13419000
266,82153493;4,13419000
266,90345493;4,13419000
266,98537492;4,08932800
267,06729492;4,08932800
267,14921492;4,04431300
267,23113492;4,08932800
267,31305492;4,08932800
267,39497492;4,04431300
267,47689492;4,04431300
267,55881492;4,04431300
267,64073492;4,04431300
267,72265492;4,04431300
267,80457492;4,04431300
267,88649492;3,99929800
267,96841492;3,99929800
268,05033492;3,95443600
268,13225492;3,95443600
268,21417492;3,95443600
268,29609492;3,95443600
268,37801492;3,95443600
268,45993492;3,95443600
268,54185492;3,95443600
268,62377491;3,95443600
268,70569491;3,95443600
268,78761491;3,95443600
268,86953491;3,90942100
268,95145491;3,90942100
269,03337491;3,86455900
269,11529491;3,90942100
269,19721491;3,90942100
269,27913491;3,86455900
269,36105491;3,86455900
269,44297491;3,90942100
269,52489491;3,95443600
269,60681491;3,95443600
269,68873491;3,99929800
269,77065491;4,04431300
269,85257491;4,08932800
269,93449491;4,13419000
270,01641491;4,17920400
270,09833491;4,22406700
270,18025491;4,31409600
270,26217490;4,31409600
270,34409490;4,40397400
270,42601490;4,40397400
270,50793490;4,40397400
270,58985490;4,44883600
270,67177490;4,49385100
270,75369490;4,49385100
270,83561490;4,53871300
270,91753490;4,53871300
270,99945490;4,53871300
271,08137490;4,58372700
271,16329490;4,58372700
271,24521490;4,58372700
271,32713490;4,58372700
271,40905490;4,62874200
271,49097490;4,62874200
271,57289490;4,58372700
271,65481490;4,62874200
271,73673490;4,58372700
271,81865490;4,58372700
271,90057489;4,58372700
271,98249489;4,58372700
272,06441489;4,58372700
272,14633489;4,58372700
272,22825489;4,58372700
272,31017489;4,58372700
272,39209489;4,53871300
272,47401489;4,53871300
272,55593489;4,53871300
272,63785489;4,53871300
272,71977489;4,49385100
272,80169489;4,49385100
272,88361489;4,49385100
272,96553489;4,49385100
273,04745489;4,49385100
273,12937489;4,49385100
273,21129489;4,49385100
273,29321489;4,49385100
273,37513489;4,44883600
273,45705489;4,44883600
273,53897489;4,40397400
273,62089488;4,40397400
273,70281488;4,40397400
273,78473488;4,40397400
273,86665488;4,40397400
273,94857488;4,40397400
274,03049488;4,40397400
274,11241488;4,40397400
274,19433488;4,40397400
274,27625488;4,35895900
274,35817488;4,35895900
274,44009488;4,31409600
274,52201488;4,31409600
274,60393488;4,31409600
274,68585488;4,31409600
274,76777488;4,31409600
274,84969488;4,31409600
274,93161488;4,31409600
275,01353488;4,31409600
275,09545488;4,31409600
275,17737488;4,26908200
275,25929487;4,26908200
275,34121487;4,26908200
275,42313487;4,22406700
275,50505487;4,22406700
275,58697487;4,22406700
275,66889487;4,22406700
275,75081487;4,22406700
275,83273487;4,22406700
275,91465487;4,17920400
275,99657487;4,17920400
276,07849487;4,17920400
276,16041487;4,17920400
276,24233487;4,13419000
276,32425487;4,17920400
276,40617487;4,13419000
276,48809487;4,13419000
276,57001487;4,13419000
276,65193487;4,13419000
276,73385487;4,13419000
276,81577487;4,13419000
276,89769486;4,13419000
276,97961486;4,08932800
277,06153486;4,08932800
277,14345486;4,08932800
277,22537486;4,04431300
277,30729486;4,04431300
277,38921486;4,04431300
277,47113486;4,04431300
277,55305486;4,04431300
277,63497486;4,04431300
277,71689486;4,04431300
277,79881486;4,04431300
277,88073486;3,99929800
277,96265486;3,95443600
278,04457486;3,99929800
278,12649486;3,95443600
278,20841486;3,99929800
278,29033486;3,95443600
278,37225486;3,95443600
278,45417486;3,95443600
278,53609485;3,95443600
278,61801485;3,95443600
278,69993485;3,95443600
278,78185485;3,90942100
278,86377485;3,95443600
278,94569485;3,90942100
279,02761485;3,90942100
279,10953485;3,90942100
279,19145485;3,86455900
279,27337485;3,90942100
279,35529485;3,86455900
279,43721485;3,90942100
279,51913485;3,95443600
279,60105485;3,95443600
279,68297485;4,04431300
279,76489485;4,08932800
279,84681485;4,13419000
279,92873485;4,17920400
280,01065485;4,22406700
280,09257485;4,26908200
280,17449484;4,31409600
280,25641484;4,35895900
280,33833484;4,40397400
280,42025484;4,44883600
280,50217484;4,44883600
280,58409484;4,49385100
280,66601484;4,49385100
280,74793484;4,53871300
280,82985484;4,53871300
280,91177484;4,53871300
280,99369484;4,58372700
281,07561484;4,58372700
281,15753484;4,62874200
281,23945484;4,62874200
281,32137484;4,62874200
281,40329484;4,62874200
281,48521484;4,62874200
281,56713484;4,62874200
281,64905484;4,67360400
281,73097484;4,62874200
281,81289483;4,62874200
281,89481483;4,62874200
281,97673483;4,58372700
282,05865483;4,58372700
282,14057483;4,62874200
282,22249483;4,58372700
282,30441483;4,58372700
282,38633483;4,58372700
282,46825483;4,58372700
282,55017483;4,53871300
282,63209483;4,53871300
282,71401483;4,49385100
282,79593483;4,49385100
282,87785483;4,49385100
282,95977483;4,49385100
283,04169483;4,49385100
283,12361483;4,49385100
283,20553483;4,49385100
283,28745483;4,49385100
283,36937483;4,44883600
283,45129482;4,49385100
283,53321482;4,44883600
283,61513482;4,40397400
283,69705482;4,44883600
283,77897482;4,40397400
283,86089482;4,40397400
283,94281482;4,40397400
284,02473482;4,40397400
284,10665482;4,40397400
284,18857482;4,40397400
284,27049482;4,40397400
284,35241482;4,35895900
284,43433482;4,31409600
284,51625482;4,31409600
284,59817482;4,31409600
284,68009482;4,31409600
284,76201482;4,31409600
284,84393482;4,31409600
284,92585482;4,31409600
285,00777482;4,26908200
285,08969481;4,26908200
285,17161481;4,26908200
285,25353481;4,26908200
285,33545481;4,26908200
285,41737481;4,26908200
285,49929481;4,22406700
285,58121481;4,22406700
285,66313481;4,22406700
285,74505481;4,22406700
285,82697481;4,22406700
285,90889481;4,17920400
285,99081481;4,22406700
286,07273481;4,17920400
286,15465481;4,17920400
286,23657481;4,17920400
286,31849481;4,13419000
286,40041481;4,13419000
286,48233481;4,13419000
286,56425481;4,13419000
286,64617481;4,13419000
286,72809480;4,13419000
286,81001480;4,13419000
286,89193480;4,08932800
286,97385480;4,08932800
287,05577480;4,13419000
287,13769480;4,08932800
287,21961480;4,08932800
287,30153480;4,04431300
287,38345480;4,04431300
287,46537480;4,04431300
287,54729480;4,04431300
287,62921480;4,04431300
287,71113480;4,04431300
287,79305480;4,04431300
287,87497480;4,04431300
287,95689480;3,99929800
288,03881480;3,99929800
288,12073480;3,95443600
288,20265480;3,95443600
288,28457480;3,95443600
288,36649479;3,95443600
288,44841479;3,95443600
288,53033479;3,95443600
288,61225479;3,95443600
288,69417479;3,95443600
288,77609479;3,90942100
288,85801479;3,95443600
288,93993479;3,90942100
289,02185479;3,90942100
289,10377479;3,90942100
289,18569479;3,86455900
289,26761479;3,90942100
289,34953479;3,86455900
289,43145479;3,90942100
289,51337479;3,90942100
289,59529479;3,95443600
289,67721479;3,95443600
289,75913479;4,04431300
289,84105479;4,04431300
289,92297479;4,13419000
290,00489478;4,17920400
290,08681478;4,22406700
290,16873478;4,31409600
290,25065478;4,31409600
290,33257478;4,40397400
290,41449478;4,40397400
290,49641478;4,40397400
290,57833478;4,44883600
290,66025478;4,49385100
290,74217478;4,49385100
290,82409478;4,49385100
290,90601478;4,49385100
290,98793478;4,53871300
291,06985478;4,58372700
291,15177478;4,58372700
291,23369478;4,58372700
291,31561478;4,58372700
291,39753478;4,62874200
291,47945478;4,62874200
291,56137478;4,58372700
291,64329477;4,62874200
291,72521477;4,62874200
291,80713477;4,62874200
291,88905477;4,58372700
291,97097477;4,58372700
292,05289477;4,58372700
292,13481477;4,58372700
292,21673477;4,58372700
292,29865477;4,58372700
292,38057477;4,58372700
292,46249477;4,53871300
292,54441477;4,53871300
292,62633477;4,53871300
292,70825477;4,53871300
292,79017477;4,49385100
292,87209477;4,49385100
292,95401477;4,49385100
293,03593477;4,49385100
293,11785477;4,49385100
293,19977477;4,49385100
293,28169477;4,49385100
293,36361476;4,49385100
293,44553476;4,44883600
293,52745476;4,40397400
293,60937476;4,44883600
293,69129476;4,40397400
293,77321476;4,40397400
293,85513476;4,40397400
293,93705476;4,40397400
294,01897476;4,40397400
294,10089476;4,35895900
294,18281476;4,35895900
294,26473476;4,40397400
294,34665476;4,31409600
294,42857476;4,35895900
294,51049476;4,31409600
294,59241476;4,31409600
294,67433476;4,31409600
294,75625476;4,31409600
294,83817476;4,31409600
294,92009476;4,31409600
295,00201475;4,26908200
295,08393475;4,26908200
295,16585475;4,26908200
295,24777475;4,26908200
295,32969475;4,26908200
295,41161475;4,22406700
295,49353475;4,22406700
295,57545475;4,22406700
295,65737475;4,22406700
295,73929475;4,22406700
295,82121475;4,22406700
295,90313475;4,22406700
295,98505475;4,22406700
296,06697475;4,13419000
296,14889475;4,13419000
296,23081475;4,13419000
296,31273475;4,13419000
296,39465475;4,13419000
296,47657475;4,13419000
296,55849475;4,13419000
296,64041474;4,13419000
296,72233474;4,13419000
296,80425474;4,13419000
296,88617474;4,08932800
296,96809474;4,08932800
297,05001474;4,08932800
297,13193474;4,04431300
297,21385474;4,08932800
297,29577474;4,04431300
297,37769474;4,04431300
297,45961474;4,04431300
297,54153474;4,04431300
297,62345474;4,04431300
297,70537474;4,04431300
297,78729474;4,04431300
297,86921474;3,99929800
297,95113474;3,99929800
298,03305474;3,95443600
298,11497474;3,99929800
298,19689474;3,95443600
298,27881473;3,95443600
298,36073473;3,95443600
298,44265473;3,95443600
298,52457473;3,95443600
298,60649473;3,95443600
298,68841473;3,95443600
298,77033473;3,95443600
298,85225473;3,90942100
298,93417473;3,90942100
299,01609473;3,90942100
299,09801473;3,86455900
299,17993473;3,90942100
299,26185473;3,86455900
299,34377473;3,86455900
299,42569473;3,90942100
299,50761473;3,95443600
299,58953473;3,95443600
299,67145473;4,04431300
299,75337473;4,08932800
299,83529473;4,13419000
299,91721472;4,17920400
299,99913472;4,22406700
300,08105472;4,26908200
300,16297472;4,31409600
300,24489472;4,35895900
300,32681472;4,40397400
300,40873472;4,40397400
300,49065472;4,40397400
300,57257472;4,49385100
300,65449472;4,49385100
300,73641472;4,49385100
300,81833472;4,53871300
300,90025472;4,53871300
300,98217472;4,58372700
301,06409472;4,58372700
301,14601472;4,58372700
301,22793472;4,62874200
301,30985472;4,62874200
301,39177472;4,62874200
301,47369472;4,62874200
301,55561471;4,62874200
301,63753471;4,67360400
301,71945471;4,62874200
301,80137471;4,58372700
301,88329471;4,62874200
301,96521471;4,58372700
302,04713471;4,58372700
302,12905471;4,62874200
302,21097471;4,58372700
302,29289471;4,58372700
302,37481471;4,58372700
302,45673471;4,58372700
302,53865471;4,53871300
302,62057471;4,53871300
302,70249471;4,53871300
302,78441471;4,49385100
302,86633471;4,49385100
302,94825471;4,49385100
303,03017471;4,49385100
303,11209471;4,49385100
303,19401470;4,49385100
303,27593470;4,49385100
303,35785470;4,44883600
303,43977470;4,44883600
303,52169470;4,44883600
303,60361470;4,40397400
303,68553470;4,44883600
303,76745470;4,40397400
303,84937470;4,40397400
303,93129470;4,40397400
304,01321470;4,40397400
304,09513470;4,40397400
304,17705470;4,40397400
304,25897470;4,40397400
304,34089470;4,35895900
304,42281470;4,35895900
304,50473470;4,31409600
304,58665470;4,31409600
304,66857470;4,31409600
304,75049470;4,31409600
304,83241469;4,31409600
304,91433469;4,31409600
304,99625469;4,31409600
305,07817469;4,26908200
305,16009469;4,31409600
305,24201469;4,26908200
305,32393469;4,26908200
305,40585469;4,26908200
305,48777469;4,26908200
305,56969469;4,22406700
305,65161469;4,22406700
305,73353469;4,22406700
305,81545469;4,22406700
305,89737469;4,22406700
305,97929469;4,17920400
306,06121469;4,17920400
306,14313469;4,17920400
306,22505469;4,17920400
306,30697469;4,13419000
306,38889469;4,13419000
306,47081468;4,13419000
306,55273468;4,13419000
306,63465468;4,13419000
306,71657468;4,13419000
306,79849468;4,13419000
306,88041468;4,13419000
306,96233468;4,08932800
307,04425468;4,13419000
307,12617468;4,08932800
307,20809468;4,08932800
307,29001468;4,04431300
307,37193468;4,04431300
307,45385468;4,04431300
307,53577468;4,04431300
307,61769468;4,04431300
307,69961468;4,04431300
307,78153468;4,04431300
307,86345468;3,99929800
307,94537468;3,99929800
308,02729468;4,04431300
308,10921467;3,95443600
308,19113467;3,95443600
308,27305467;3,95443600
308,35497467;3,95443600
308,43689467;3,95443600
308,51881467;3,95443600
308,60073467;3,95443600
308,68265467;3,95443600
308,76457467;3,90942100
308,84649467;3,90942100
308,92841467;3,90942100
309,01033467;3,90942100
309,09225467;3,90942100
309,17417467;3,86455900
309,25609467;3,86455900
309,33801467;3,90942100
309,41993467;3,90942100
309,50185467;3,90942100
309,58377467;3,95443600
309,66569467;3,95443600
309,74761466;4,04431300
309,82953466;4,08932800
309,91145466;4,13419000
309,99337466;4,17920400
310,07529466;4,22406700
310,15721466;4,26908200
310,23913466;4,31409600
310,32105466;4,35895900
310,40297466;4,40397400
310,48489466;4,40397400
310,56681466;4,44883600
310,64873466;4,49385100
310,73065466;4,49385100
310,81257466;4,49385100
310,89449466;4,53871300
310,97641466;4,53871300
311,05833466;4,58372700
311,14025466;4,58372700
311,22217466;4,58372700
311,30409466;4,58372700
311,38601466;4,62874200
311,46793465;4,62874200
311,54985465;4,62874200
311,63177465;4,62874200
311,71369465;4,58372700
311,79561465;4,62874200
311,87753465;4,62874200
311,95945465;4,62874200
312,04137465;4,58372700
312,12329465;4,58372700
312,20521465;4,58372700
312,28713465;4,58372700
312,36905465;4,58372700
312,45097465;4,53871300
312,53289465;4,53871300
312,61481465;4,53871300
312,69673465;4,53871300
312,77865465;4,49385100
312,86057465;4,49385100
312,94249465;4,49385100
313,02441465;4,49385100
313,10633464;4,49385100
313,18825464;4,49385100
313,27017464;4,49385100
313,35209464;4,44883600
313,43401464;4,44883600
313,51593464;4,40397400
313,59785464;4,40397400
313,67977464;4,40397400
313,76169464;4,40397400
313,84361464;4,40397400
313,92553464;4,40397400
314,00745464;4,40397400
314,08937464;4,40397400
314,17129464;4,40397400
314,25321464;4,35895900
314,33513464;4,35895900
314,41705464;4,31409600
314,49897464;4,31409600
314,58089464;4,31409600
314,66281464;4,31409600
314,74473463;4,31409600
314,82665463;4,31409600
314,90857463;4,31409600
314,99049463;4,31409600
315,07241463;4,26908200
315,15433463;4,26908200
315,23625463;4,26908200
315,31817463;4,26908200
315,40009463;4,26908200
315,48201463;4,22406700
315,56393463;4,22406700
315,64585463;4,22406700
315,72777463;4,22406700
315,80969463;4,22406700
315,89161463;4,22406700
315,97353463;4,17920400
316,05545463;4,17920400
316,13737463;4,17920400
316,21929463;4,17920400
316,30121463;4,13419000
316,38313462;4,13419000
316,46505462;4,13419000
316,54697462;4,13419000
316,62889462;4,13419000
316,71081462;4,13419000
316,79273462;4,13419000
316,87465462;4,13419000
316,95657462;4,08932800
317,03849462;4,08932800
317,12041462;4,08932800
317,20233462;4,08932800
317,28425462;4,04431300
317,36617462;4,04431300
317,44809462;4,04431300
317,53001462;4,04431300
317,61193462;4,04431300
317,69385462;4,04431300
317,77577462;3,99929800
317,85769462;3,99929800
317,93961462;3,95443600
318,02153461;3,99929800
318,10345461;3,95443600
318,18537461;3,95443600
318,26729461;3,95443600
318,34921461;3,95443600
318,43113461;3,95443600
318,51305461;3,95443600
318,59497461;3,95443600
318,67689461;3,95443600
318,75881461;3,95443600
318,84073461;3,90942100
318,92265461;3,90942100
319,00457461;3,90942100
319,08649461;3,90942100
319,16841461;3,90942100
319,25033461;3,90942100
319,33225461;3,90942100
319,41417461;3,90942100
319,49609461;3,90942100
319,57801461;3,95443600
319,65993460;3,95443600
319,74185460;4,04431300
319,82377460;4,13419000
319,90569460;4,13419000
319,98761460;4,17920400
320,06953460;4,26908200
320,15145460;4,31409600
320,23337460;4,31409600
320,31529460;4,40397400
320,39721460;4,40397400
320,47913460;4,49385100
320,56105460;4,49385100
320,64297460;4,49385100
320,72489460;4,53871300
320,80681460;4,53871300
320,88873460;4,58372700
320,97065460;4,58372700
321,05257460;4,58372700
321,13449460;4,58372700
321,21641460;4,62874200
321,29833459;4,58372700
321,38025459;4,62874200
321,46217459;4,62874200
321,54409459;4,62874200
321,62601459;4,62874200
321,70793459;4,62874200
321,78985459;4,62874200
321,87177459;4,58372700
321,95369459;4,62874200
322,03561459;4,58372700
322,11753459;4,58372700
322,19945459;4,58372700
322,28137459;4,58372700
322,36329459;4,58372700
322,44521459;4,58372700
322,52713459;4,58372700
322,60905459;4,53871300
322,69097459;4,49385100
322,77289459;4,49385100
322,85481459;4,49385100
322,93673458;4,49385100
323,01865458;4,49385100
323,10057458;4,49385100
323,18249458;4,49385100
323,26441458;4,49385100
323,34633458;4,49385100
323,42825458;4,44883600
323,51017458;4,44883600
323,59209458;4,40397400
323,67401458;4,40397400
323,75593458;4,40397400
323,83785458;4,40397400
323,91977458;4,40397400
324,00169458;4,40397400
324,08361458;4,40397400
324,16553458;4,40397400
324,24745458;4,35895900
324,32937458;4,31409600
324,41129458;4,35895900
324,49321458;4,31409600
324,57513457;4,31409600
324,65705457;4,31409600
324,73897457;4,31409600
324,82089457;4,31409600
324,90281457;4,31409600
324,98473457;4,31409600
325,06665457;4,26908200
325,14857457;4,26908200
325,23049457;4,26908200
325,31241457;4,26908200
325,39433457;4,26908200
325,47625457;4,22406700
325,55817457;4,22406700
325,64009457;4,22406700
325,72201457;4,22406700
325,80393457;4,22406700
325,88585457;4,22406700
325,96777457;4,22406700
326,04969457;4,17920400
326,13161457;4,17920400
326,21353456;4,17920400
326,29545456;4,13419000
326,37737456;4,13419000
326,45929456;4,13419000
326,54121456;4,13419000
326,62313456;4,13419000
326,70505456;4,13419000
326,78697456;4,13419000
326,86889456;4,13419000
326,95081456;4,08932800
327,03273456;4,08932800
327,11465456;4,08932800
327,19657456;4,08932800
327,27849456;4,04431300
327,36041456;4,08932800
327,44233456;4,04431300
327,52425456;4,04431300
327,60617456;4,04431300
327,68809456;4,04431300
327,77001456;4,04431300
327,85193455;4,04431300
327,93385455;3,95443600
328,01577455;3,95443600
328,09769455;3,95443600
328,17961455;3,95443600
328,26153455;3,95443600
328,34345455;3,95443600
328,42537455;3,95443600
328,50729455;3,95443600
328,58921455;3,95443600
328,67113455;3,95443600
328,75305455;3,95443600
328,83497455;3,90942100
328,91689455;3,90942100
328,99881455;3,90942100
329,08073455;3,86455900
329,16265455;3,90942100
329,24457455;3,86455900
329,32649455;3,90942100
329,40841455;3,86455900
329,49033454;3,90942100
329,57225454;3,95443600
329,65417454;3,95443600
329,73609454;3,99929800
329,81801454;4,04431300
329,89993454;4,13419000
329,98185454;4,13419000
330,06377454;4,22406700
330,14569454;4,26908200
330,22761454;4,31409600
330,30953454;4,31409600
330,39145454;4,40397400
330,47337454;4,40397400
330,55529454;4,44883600
330,63721454;4,44883600
330,71913454;4,49385100
330,80105454;4,49385100
330,88297454;4,49385100
330,96489454;4,53871300
331,04681454;4,58372700
331,12873454;4,58372700
331,21065453;4,58372700
331,29257453;4,62874200
331,37449453;4,58372700
331,45641453;4,62874200
331,53833453;4,58372700
331,62025453;4,58372700
331,70217453;4,62874200
331,78409453;4,62874200
331,86601453;4,62874200
331,94793453;4,58372700
332,02985453;4,58372700
332,11177453;4,58372700
332,19369453;4,58372700
332,27561453;4,58372700
332,35753453;4,53871300
332,43945453;4,58372700
332,52137453;4,53871300
332,60329453;4,53871300
332,68521453;4,49385100
332,76713453;4,49385100
332,84905452;4,49385100
332,93097452;4,49385100
333,01289452;4,49385100
333,09481452;4,49385100
333,17673452;4,49385100
333,25865452;4,49385100
333,34057452;4,49385100
333,42249452;4,44883600
333,50441452;4,44883600
333,58633452;4,40397400
333,66825452;4,40397400
333,75017452;4,40397400
333,83209452;4,40397400
333,91401452;4,40397400
333,99593452;4,40397400
334,07785452;4,40397400
334,15977452;4,35895900
334,24169452;4,35895900
334,32361452;4,35895900
334,40553452;4,31409600
334,48745451;4,31409600
334,56937451;4,31409600
334,65129451;4,31409600
334,73321451;4,31409600
334,81513451;4,31409600
334,89705451;4,31409600
334,97897451;4,31409600
335,06089451;4,26908200
335,14281451;4,26908200
335,22473451;4,26908200
335,30665451;4,26908200
335,38857451;4,22406700
335,47049451;4,22406700
335,55241451;4,22406700
335,63433451;4,22406700
335,71625451;4,22406700
335,79817451;4,22406700
335,88009451;4,17920400
335,96201451;4,22406700
336,04393451;4,17920400
336,12585450;4,17920400
336,20777450;4,17920400
336,28969450;4,13419000
336,37161450;4,13419000
336,45353450;4,13419000
336,53545450;4,13419000
336,61737450;4,13419000
336,69929450;4,13419000
336,78121450;4,13419000
336,86313450;4,08932800
336,94505450;4,13419000
337,02697450;4,13419000
337,10889450;4,04431300
337,19081450;4,08932800
337,27273450;4,04431300
337,35465450;4,08932800
337,43657450;4,04431300
337,51849450;4,04431300
337,60041450;4,04431300
337,68233450;4,04431300
337,76425449;4,04431300
337,84617449;3,99929800
337,92809449;3,99929800
338,01001449;3,99929800
338,09193449;3,95443600
338,17385449;3,95443600
338,25577449;3,95443600
338,33769449;3,95443600
338,41961449;3,95443600
338,50153449;3,95443600
338,58345449;3,95443600
338,66537449;3,95443600
338,74729449;3,95443600
338,82921449;3,95443600
338,91113449;3,90942100
338,99305449;3,90942100
339,07497449;3,90942100
339,15689449;3,90942100
339,23881449;3,90942100
339,32073449;3,86455900
339,40265448;3,90942100
339,48457448;3,90942100
339,56649448;3,95443600
339,64841448;3,95443600
339,73033448;4,04431300
339,81225448;4,08932800
339,89417448;4,13419000
339,97609448;4,22406700
340,05801448;4,22406700
340,13993448;4,31409600
340,22185448;4,31409600
340,30377448;4,40397400
340,38569448;4,40397400
340,46761448;4,44883600
340,54953448;4,49385100
340,63145448;4,49385100
340,71337448;4,49385100
340,79529448;4,53871300
340,87721448;4,58372700
340,95913448;4,58372700
341,04105447;4,58372700
341,12297447;4,58372700
341,20489447;4,62874200
341,28681447;4,62874200
341,36873447;4,62874200
341,45065447;4,62874200
341,53257447;4,62874200
341,61449447;4,67360400
341,69641447;4,62874200
341,77833447;4,62874200
341,86025447;4,62874200
341,94217447;4,62874200
342,02409447;4,62874200
342,10601447;4,58372700
342,18793447;4,58372700
342,26985447;4,58372700
342,35177447;4,58372700
342,43369447;4,58372700
342,51561447;4,53871300
342,59753447;4,53871300
342,67945446;4,53871300
342,76137446;4,49385100
342,84329446;4,49385100
342,92521446;4,49385100
343,00713446;4,49385100
343,08905446;4,49385100
343,17097446;4,49385100
343,25289446;4,49385100
343,33481446;4,49385100
343,41673446;4,44883600
343,49865446;4,49385100
343,58057446;4,44883600
343,66249446;4,44883600
343,74441446;4,40397400
343,82633446;4,40397400
343,90825446;4,40397400
343,99017446;4,40397400
344,07209446;4,40397400
344,15401446;4,40397400
344,23593446;4,40397400
344,31785445;4,40397400
344,39977445;4,31409600
344,48169445;4,31409600
344,56361445;4,31409600
344,64553445;4,31409600
344,72745445;4,31409600
344,80937445;4,31409600
344,89129445;4,31409600
344,97321445;4,31409600
345,05513445;4,31409600
345,13705445;4,31409600
345,21897445;4,26908200
345,30089445;4,26908200
345,38281445;4,26908200
345,46473445;4,22406700
345,54665445;4,22406700
345,62857445;4,22406700
345,71049445;4,22406700
345,79241445;4,22406700
345,87433445;4,22406700
345,95625444;4,22406700
346,03817444;4,22406700
346,12009444;4,17920400
346,20201444;4,17920400
346,28393444;4,13419000
346,36585444;4,13419000
346,44777444;4,13419000
346,52969444;4,13419000
346,61161444;4,13419000
346,69353444;4,13419000
346,77545444;4,13419000
346,85737444;4,13419000
346,93929444;4,08932800
347,02121444;4,13419000
347,10313444;4,04431300
347,18505444;4,08932800
347,26697444;4,04431300
347,34889444;4,04431300
347,43081444;4,04431300
347,51273444;4,04431300
347,59465443;4,04431300
347,67657443;4,04431300
347,75849443;4,04431300
347,84041443;4,04431300
347,92233443;3,99929800
348,00425443;3,99929800
348,08617443;3,95443600
348,16809443;3,95443600
348,25001443;3,95443600
348,33193443;3,95443600
348,41385443;3,95443600
348,49577443;3,95443600
348,57769443;3,95443600
348,65961443;3,95443600
348,74153443;3,95443600
348,82345443;3,95443600
348,90537443;3,90942100
348,98729443;3,90942100
349,06921443;3,90942100
349,15113443;3,90942100
349,23305442;3,86455900
349,31497442;3,86455900
349,39689442;3,90942100
349,47881442;3,86455900
349,56073442;3,95443600
349,64265442;3,95443600
349,72457442;4,04431300
349,80649442;4,04431300
349,88841442;4,13419000
349,97033442;4,13419000
350,05225442;4,17920400
350,13417442;4,26908200
350,21609442;4,31409600
350,29801442;4,31409600
350,37993442;4,40397400
350,46185442;4,40397400
350,54377442;4,44883600
350,62569442;4,49385100
350,70761442;4,49385100
350,78953442;4,49385100
350,87145442;4,49385100
350,95337441;4,53871300
351,03529441;4,58372700
351,11721441;4,58372700
351,19913441;4,58372700
351,28105441;4,58372700
351,36297441;4,62874200
351,44489441;4,58372700
351,52681441;4,62874200
351,60873441;4,58372700
351,69065441;4,62874200
351,77257441;4,58372700
351,85449441;4,58372700
351,93641441;4,58372700
352,01833441;4,58372700
352,10025441;4,58372700
352,18217441;4,58372700
352,26409441;4,58372700
352,34601441;4,58372700
352,42793441;4,53871300
352,50985441;4,53871300
352,59177440;4,53871300
352,67369440;4,53871300
352,75561440;4,49385100
352,83753440;4,49385100
352,91945440;4,49385100
353,00137440;4,49385100
353,08329440;4,49385100
353,16521440;4,49385100
353,24713440;4,49385100
353,32905440;4,49385100
353,41097440;4,49385100
353,49289440;4,44883600
353,57481440;4,44883600
353,65673440;4,40397400
353,73865440;4,40397400
353,82057440;4,40397400
353,90249440;4,40397400
353,98441440;4,40397400
354,06633440;4,40397400
354,14825440;4,40397400
354,23017439;4,35895900
354,31209439;4,31409600
354,39401439;4,35895900
354,47593439;4,31409600
354,55785439;4,31409600
354,63977439;4,31409600
354,72169439;4,31409600
354,80361439;4,31409600
354,88553439;4,31409600
354,96745439;4,31409600
355,04937439;4,31409600
355,13129439;4,31409600
355,21321439;4,26908200
355,29513439;4,26908200
355,37705439;4,22406700
355,45897439;4,22406700
355,54089439;4,22406700
355,62281439;4,22406700
355,70473439;4,22406700
355,78665439;4,22406700
355,86857438;4,22406700
355,95049438;4,17920400
356,03241438;4,17920400
356,11433438;4,17920400
356,19625438;4,13419000
356,27817438;4,17920400
356,36009438;4,13419000
356,44201438;4,13419000
356,52393438;4,13419000
356,60585438;4,13419000
356,68777438;4,13419000
356,76969438;4,13419000
356,85161438;4,13419000
356,93353438;4,13419000
357,01545438;4,13419000
357,09737438;4,04431300
357,17929438;4,08932800
357,26121438;4,04431300
357,34313438;4,04431300
357,42505438;4,04431300
357,50697437;4,04431300
357,58889437;4,04431300
357,67081437;4,04431300
357,75273437;4,04431300
357,83465437;3,99929800
357,91657437;4,04431300
357,99849437;3,99929800
358,08041437;3,95443600
358,16233437;3,95443600
358,24425437;3,95443600
358,32617437;3,95443600
358,40809437;3,95443600
358,49001437;3,95443600
358,57193437;3,95443600
358,65385437;3,95443600
358,73577437;3,95443600
358,81769437;3,90942100
358,89961437;3,90942100
358,98153437;3,90942100
359,06345437;3,90942100
359,14537436;3,90942100
359,22729436;3,90942100
359,30921436;3,86455900
359,39113436;3,86455900
359,47305436;3,90942100
359,55497436;3,95443600
359,63689436;3,95443600
359,71881436;4,04431300
359,80073436;4,04431300
359,88265436;4,13419000
359,96457436;4,22406700
360,04649436;4,22406700
360,12841436;4,31409600
360,21033436;4,31409600
360,29225436;4,35895900
360,37417436;4,40397400
360,45609436;4,40397400
360,53801436;4,44883600
360,61993436;4,49385100
360,70185436;4,49385100
360,78377435;4,53871300
360,86569435;4,53871300
360,94761435;4,58372700
361,02953435;4,58372700
361,11145435;4,58372700
361,19337435;4,58372700
361,27529435;4,62874200
361,35721435;4,62874200
361,43913435;4,62874200
361,52105435;4,67360400
361,60297435;4,62874200
361,68489435;4,62874200
361,76681435;4,62874200
361,84873435;4,62874200
361,93065435;4,58372700
362,01257435;4,58372700
362,09449435;4,58372700
362,17641435;4,58372700
362,25833435;4,58372700
362,34025435;4,58372700
362,42217434;4,58372700
362,50409434;4,53871300
362,58601434;4,53871300
362,66793434;4,53871300
362,74985434;4,49385100
362,83177434;4,49385100
362,91369434;4,49385100
362,99561434;4,49385100
363,07753434;4,49385100
363,15945434;4,49385100
363,24137434;4,49385100
363,32329434;4,49385100
363,40521434;4,44883600
363,48713434;4,44883600
363,56905434;4,44883600
363,65097434;4,44883600
363,73289434;4,40397400
363,81481434;4,40397400
363,89673434;4,40397400
363,97865434;4,40397400
364,06057433;4,40397400
364,14249433;4,40397400
364,22441433;4,40397400
364,30633433;4,35895900
364,38825433;4,31409600
364,47017433;4,31409600
364,55209433;4,31409600
364,63401433;4,31409600
364,71593433;4,31409600
364,79785433;4,31409600
364,87977433;4,31409600
364,96169433;4,31409600
365,04361433;4,31409600
365,12553433;4,26908200
365,20745433;4,26908200
365,28937433;4,26908200
365,37129433;4,26908200
365,45321433;4,22406700
365,53513433;4,26908200
365,61705433;4,22406700
365,69897432;4,22406700
365,78089432;4,22406700
365,86281432;4,22406700
365,94473432;4,22406700
366,02665432;4,17920400
366,10857432;4,17920400
366,19049432;4,17920400
366,27241432;4,17920400
366,35433432;4,13419000
366,43625432;4,13419000
366,51817432;4,13419000
366,60009432;4,13419000
366,68201432;4,13419000
366,76393432;4,13419000
366,84585432;4,13419000
366,92777432;4,13419000
367,00969432;4,08932800
367,09161432;4,08932800
367,17353432;4,04431300
367,25545432;4,08932800
367,33737431;4,04431300
367,41929431;4,04431300
367,50121431;4,04431300
367,58313431;4,04431300
367,66505431;4,04431300
367,74697431;4,04431300
367,82889431;3,99929800
367,91081431;3,99929800
367,99273431;3,95443600
368,07465431;3,95443600
368,15657431;3,95443600
368,23849431;3,95443600
368,32041431;3,95443600
368,40233431;3,95443600
368,48425431;3,95443600
368,56617431;3,95443600
368,64809431;3,95443600
368,73001431;3,95443600
368,81193431;3,90942100
368,89385431;3,95443600
368,97577431;3,90942100
369,05769430;3,90942100
369,13961430;3,90942100
369,22153430;3,86455900
369,30345430;3,90942100
369,38537430;3,86455900
369,46729430;3,90942100
369,54921430;3,90942100
369,63113430;3,95443600
369,71305430;3,95443600
369,79497430;4,04431300
369,87689430;4,08932800
369,95881430;4,13419000
370,04073430;4,17920400
370,12265430;4,22406700
370,20457430;4,31409600
370,28649430;4,31409600
370,36841430;4,40397400
370,45033430;4,40397400
370,53225430;4,44883600
370,61417430;4,49385100
370,69609429;4,49385100
370,77801429;4,49385100
370,85993429;4,49385100
370,94185429;4,49385100
371,02377429;4,58372700
371,10569429;4,58372700
371,18761429;4,58372700
371,26953429;4,62874200
371,35145429;4,58372700
371,43337429;4,58372700
371,51529429;4,62874200
371,59721429;4,58372700
371,67913429;4,62874200
371,76105429;4,58372700
371,84297429;4,62874200
371,92489429;4,58372700
372,00681429;4,58372700
372,08873429;4,58372700
372,17065429;4,58372700
372,25257429;4,58372700
372,33449428;4,58372700
372,41641428;4,53871300
372,49833428;4,53871300
372,58025428;4,53871300
372,66217428;4,49385100
372,74409428;4,49385100
372,82601428;4,49385100
372,90793428;4,49385100
372,98985428;4,49385100
373,07177428;4,49385100
373,15369428;4,49385100
373,23561428;4,49385100
373,31753428;4,44883600
373,39945428;4,44883600
373,48137428;4,44883600
373,56329428;4,40397400
373,64521428;4,44883600
373,72713428;4,44883600
373,80905428;4,40397400
373,89097428;4,40397400
373,97289427;4,40397400
374,05481427;4,40397400
374,13673427;4,40397400
374,21865427;4,40397400
374,30057427;4,35895900
374,38249427;4,31409600
374,46441427;4,31409600
374,54633427;4,31409600
374,62825427;4,31409600
374,71017427;4,31409600
374,79209427;4,31409600
374,87401427;4,31409600
374,95593427;4,31409600
375,03785427;4,26908200
375,11977427;4,31409600
375,20169427;4,26908200
375,28361427;4,26908200
375,36553427;4,22406700
375,44745427;4,22406700
375,52937427;4,22406700
375,61129426;4,22406700
375,69321426;4,22406700
375,77513426;4,22406700
375,85705426;4,22406700
375,93897426;4,22406700
376,02089426;4,17920400
376,10281426;4,17920400
376,18473426;4,17920400
376,26665426;4,13419000
376,34857426;4,13419000
376,43049426;4,13419000
376,51241426;4,13419000
376,59433426;4,13419000
376,67625426;4,13419000
376,75817426;4,13419000
376,84009426;4,13419000
376,92201426;4,13419000
377,00393426;4,08932800
377,08585426;4,08932800
377,16777426;4,04431300
377,24969425;4,04431300
377,33161425;4,04431300
377,41353425;4,04431300
377,49545425;4,04431300
377,57737425;4,04431300
377,65929425;4,04431300
377,74121425;4,04431300
377,82313425;4,04431300
377,90505425;3,99929800
377,98697425;3,95443600
378,06889425;3,95443600
378,15081425;3,95443600
378,23273425;3,95443600
378,31465425;3,95443600
378,39657425;3,95443600
378,47849425;3,95443600
378,56041425;3,95443600
378,64233425;3,95443600
378,72425425;3,95443600
378,80617425;3,90942100
378,88809424;3,95443600
378,97001424;3,90942100
379,05193424;3,90942100
379,13385424;3,86455900
379,21577424;3,90942100
379,29769424;3,86455900
379,37961424;3,86455900
379,46153424;3,90942100
379,54345424;3,95443600
379,62537424;3,95443600
379,70729424;4,04431300
379,78921424;4,04431300
379,87113424;4,13419000
379,95305424;4,17920400
380,03497424;4,22406700
380,11689424;4,26908200
380,19881424;4,31409600
380,28073424;4,40397400
380,36265424;4,40397400
380,44457424;4,40397400
380,52649423;4,44883600
380,60841423;4,49385100
380,69033423;4,49385100
380,77225423;4,49385100
380,85417423;4,53871300
380,93609423;4,58372700
381,01801423;4,58372700
381,09993423;4,58372700
381,18185423;4,58372700
381,26377423;4,62874200
381,34569423;4,62874200
381,42761423;4,62874200
381,50953423;4,67360400
381,59145423;4,62874200
381,67337423;4,62874200
381,75529423;4,62874200
381,83721423;4,58372700
381,91913423;4,62874200
382,00105423;4,62874200
382,08297423;4,58372700
382,16489422;4,58372700
382,24681422;4,58372700
382,32873422;4,58372700
382,41065422;4,58372700
382,49257422;4,58372700
382,57449422;4,53871300
382,65641422;4,53871300
382,73833422;4,53871300
382,82025422;4,49385100
382,90217422;4,49385100
382,98409422;4,49385100
383,06601422;4,49385100
383,14793422;4,49385100
383,22985422;4,49385100
383,31177422;4,49385100
383,39369422;4,49385100
383,47561422;4,44883600
383,55753422;4,44883600
383,63945422;4,44883600
383,72137422;4,40397400
383,80329421;4,40397400
383,88521421;4,40397400
383,96713421;4,40397400
384,04905421;4,40397400
384,13097421;4,40397400
384,21289421;4,40397400
384,29481421;4,40397400
384,37673421;4,31409600
384,45865421;4,35895900
384,54057421;4,31409600
384,62249421;4,31409600
384,70441421;4,31409600
384,78633421;4,31409600
384,86825421;4,31409600
384,95017421;4,31409600
385,03209421;4,31409600
385,11401421;4,26908200
385,19593421;4,31409600
385,27785421;4,26908200
385,35977421;4,26908200
385,44169420;4,22406700
385,52361420;4,22406700
385,60553420;4,22406700
385,68745420;4,22406700
385,76937420;4,22406700
385,85129420;4,22406700
385,93321420;4,22406700
386,01513420;4,17920400
386,09705420;4,22406700
386,17897420;4,17920400
386,26089420;4,13419000
386,34281420;4,13419000
386,42473420;4,13419000
386,50665420;4,13419000
386,58857420;4,13419000
386,67049420;4,13419000
386,75241420;4,13419000
386,83433420;4,13419000
386,91625420;4,13419000
386,99817420;4,08932800
387,08009419;4,08932800
387,16201419;4,04431300
387,24393419;4,08932800
387,32585419;4,08932800
387,40777419;4,04431300
387,48969419;4,04431300
387,57161419;4,04431300
387,65353419;4,04431300
387,73545419;4,04431300
387,81737419;4,04431300
387,89929419;3,99929800
387,98121419;3,99929800
388,06313419;3,95443600
388,14505419;3,95443600
388,22697419;3,95443600
388,30889419;3,95443600
388,39081419;3,95443600
388,47273419;3,95443600
388,55465419;3,95443600
388,63657419;3,95443600
388,71849419;3,95443600
388,80041418;3,95443600
388,88233418;3,90942100
388,96425418;3,90942100
389,04617418;3,90942100
389,12809418;3,86455900
389,21001418;3,90942100
389,29193418;3,90942100
389,37385418;3,90942100
389,45577418;3,90942100
389,53769418;3,90942100
389,61961418;3,95443600
389,70153418;3,95443600
389,78345418;4,04431300
389,86537418;4,04431300
389,94729418;4,13419000
390,02921418;4,17920400
390,11113418;4,22406700
390,19305418;4,26908200
390,27497418;4,31409600
390,35689418;4,35895900
390,43881417;4,40397400
390,52073417;4,40397400
390,60265417;4,44883600
390,68457417;4,49385100
390,76649417;4,49385100
390,84841417;4,49385100
390,93033417;4,53871300
391,01225417;4,53871300
391,09417417;4,58372700
391,17609417;4,58372700
391,25801417;4,58372700
391,33993417;4,62874200
391,42185417;4,62874200
391,50377417;4,62874200
391,58569417;4,62874200
391,66761417;4,62874200
391,74953417;4,58372700
391,83145417;4,58372700
391,91337417;4,58372700
391,99529417;4,58372700
392,07721416;4,58372700
392,15913416;4,58372700
392,24105416;4,58372700
392,32297416;4,58372700
392,40489416;4,53871300
392,48681416;4,53871300
392,56873416;4,53871300
392,65065416;4,53871300
392,73257416;4,53871300
392,81449416;4,49385100
392,89641416;4,49385100
392,97833416;4,49385100
393,06025416;4,49385100
393,14217416;4,49385100
393,22409416;4,49385100
393,30601416;4,44883600
393,38793416;4,44883600
393,46985416;4,44883600
393,55177416;4,44883600
393,63369416;4,44883600
393,71561415;4,40397400
393,79753415;4,40397400
393,87945415;4,40397400
393,96137415;4,40397400
394,04329415;4,40397400
394,12521415;4,40397400
394,20713415;4,40397400
394,28905415;4,40397400
394,37097415;4,35895900
394,45289415;4,31409600
394,53481415;4,31409600
394,61673415;4,31409600
394,69865415;4,31409600
394,78057415;4,31409600
394,86249415;4,31409600
394,94441415;4,31409600
395,02633415;4,31409600
395,10825415;4,26908200
395,19017415;4,26908200
395,27209415;4,26908200
395,35401414;4,26908200
395,43593414;4,22406700
395,51785414;4,22406700
395,59977414;4,22406700
395,68169414;4,22406700
395,76361414;4,22406700
395,84553414;4,22406700
395,92745414;4,22406700
396,00937414;4,22406700
396,09129414;4,13419000
396,17321414;4,17920400
396,25513414;4,13419000
396,33705414;4,17920400
396,41897414;4,13419000
396,50089414;4,13419000
396,58281414;4,13419000
396,66473414;4,13419000
396,74665414;4,13419000
396,82857414;4,13419000
396,91049414;4,13419000
396,99241413;4,08932800
397,07433413;4,08932800
397,15625413;4,08932800
397,23817413;4,04431300
397,32009413;4,04431300
397,40201413;4,04431300
397,48393413;4,04431300
397,56585413;4,04431300
397,64777413;4,04431300
397,72969413;4,04431300
397,81161413;4,04431300
397,89353413;3,99929800
397,97545413;3,99929800
398,05737413;3,95443600
398,13929413;3,95443600
398,22121413;3,95443600
398,30313413;3,95443600
398,38505413;3,95443600
398,46697413;3,95443600
398,54889413;3,95443600
398,63081412;3,95443600
398,71273412;3,90942100
398,79465412;3,95443600
398,87657412;3,90942100
398,95849412;3,90942100
399,04041412;3,86455900
399,12233412;3,90942100
399,20425412;3,86455900
399,28617412;3,86455900
399,36809412;3,86455900
399,45001412;3,90942100
399,53193412;3,90942100
399,61385412;3,95443600
399,69577412;3,99929800
399,77769412;4,04431300
399,85961412;4,13419000
399,94153412;4,13419000
400,02345412;4,22406700
400,10537412;4,26908200
400,18729412;4,31409600
400,26921411;4,35895900
400,35113411;4,40397400
400,43305411;4,40397400
400,51497411;4,49385100
400,59689411;4,49385100
400,67881411;4,49385100
400,76073411;4,53871300
400,84265411;4,53871300
400,92457411;4,58372700
401,00649411;4,58372700
401,08841411;4,58372700
401,17033411;4,58372700
401,25225411;4,62874200
401,33417411;4,62874200
401,41609411;4,62874200
401,49801411;4,62874200
401,57993411;4,62874200
401,66185411;4,62874200
401,74377411;4,62874200
401,82569411;4,58372700
401,90761410;4,62874200
401,98953410;4,58372700
402,07145410;4,58372700
402,15337410;4,58372700
402,23529410;4,58372700
402,31721410;4,58372700
402,39913410;4,58372700
402,48105410;4,53871300
402,56297410;4,53871300
402,64489410;4,53871300
402,72681410;4,49385100
402,80873410;4,49385100
402,89065410;4,49385100
402,97257410;4,49385100
403,05449410;4,49385100
403,13641410;4,49385100
403,21833410;4,49385100
403,30025410;4,49385100
403,38217410;4,44883600
403,46409410;4,49385100
403,54601409;4,44883600
403,62793409;4,40397400
403,70985409;4,40397400
403,79177409;4,40397400
403,87369409;4,40397400
403,95561409;4,40397400
404,03753409;4,40397400
404,11945409;4,40397400
404,20137409;4,40397400
404,28329409;4,35895900
404,36521409;4,35895900
404,44713409;4,35895900
404,52905409;4,35895900
404,61097409;4,31409600
404,69289409;4,31409600
404,77481409;4,31409600
404,85673409;4,31409600
404,93865409;4,31409600
405,02057409;4,31409600
405,10249409;4,31409600
405,18441408;4,26908200
405,26633408;4,26908200
405,34825408;4,26908200
405,43017408;4,26908200
405,51209408;4,26908200
405,59401408;4,22406700
405,67593408;4,22406700
405,75785408;4,22406700
405,83977408;4,22406700
405,92169408;4,22406700
406,00361408;4,22406700
406,08553408;4,17920400
406,16745408;4,17920400
406,24937408;4,17920400
406,33129408;4,13419000
406,41321408;4,13419000
406,49513408;4,13419000
406,57705408;4,13419000
406,65897408;4,13419000
406,74089408;4,13419000
406,82281407;4,13419000
406,90473407;4,08932800
406,98665407;4,08932800
407,06857407;4,08932800
407,15049407;4,13419000
407,23241407;4,08932800
407,31433407;4,08932800
407,39625407;4,04431300
407,47817407;4,04431300
407,56009407;4,04431300
407,64201407;4,04431300
407,72393407;4,04431300
407,80585407;3,99929800
407,88777407;3,99929800
407,96969407;4,04431300
408,05161407;3,99929800
408,13353407;3,95443600
408,21545407;3,95443600
408,29737407;3,95443600
408,37929407;3,95443600
408,46121407;3,95443600
408,54313406;3,95443600
408,62505406;3,95443600
408,70697406;3,95443600
408,78889406;3,95443600
408,87081406;3,90942100
408,95273406;3,95443600
409,03465406;3,90942100
409,11657406;3,90942100
409,19849406;3,90942100
409,28041406;3,90942100
409,36233406;3,86455900
409,44425406;3,90942100
409,52617406;3,90942100
409,60809406;3,95443600
409,69001406;3,95443600
409,77193406;4,04431300
409,85385406;4,04431300
409,93577406;4,13419000
410,01769406;4,17920400
410,09961406;4,22406700
410,18153405;4,26908200
410,26345405;4,31409600
410,34537405;4,31409600
410,42729405;4,40397400
410,50921405;4,40397400
410,59113405;4,44883600
410,67305405;4,49385100
410,75497405;4,49385100
410,83689405;4,49385100
410,91881405;4,53871300
411,00073405;4,53871300
411,08265405;4,58372700
411,16457405;4,58372700
411,24649405;4,58372700
411,32841405;4,58372700
411,41033405;4,62874200
411,49225405;4,62874200
411,57417405;4,62874200
411,65609405;4,62874200
411,73801405;4,62874200
411,81993404;4,62874200
411,90185404;4,58372700
411,98377404;4,62874200
412,06569404;4,62874200
412,14761404;4,58372700
412,22953404;4,58372700
412,31145404;4,58372700
412,39337404;4,58372700
412,47529404;4,58372700
412,55721404;4,53871300
412,63913404;4,53871300
412,72105404;4,49385100
412,80297404;4,49385100
412,88489404;4,49385100
412,96681404;4,49385100
413,04873404;4,49385100
413,13065404;4,49385100
413,21257404;4,49385100
413,29449404;4,49385100
413,37641404;4,49385100
413,45833403;4,44883600
413,54025403;4,44883600
413,62217403;4,44883600
413,70409403;4,44883600
413,78601403;4,40397400
413,86793403;4,40397400
413,94985403;4,40397400
414,03177403;4,40397400
414,11369403;4,40397400
414,19561403;4,40397400
414,27753403;4,40397400
414,35945403;4,31409600
414,44137403;4,35895900
414,52329403;4,35895900
414,60521403;4,31409600
414,68713403;4,31409600
414,76905403;4,31409600
414,85097403;4,31409600
414,93289403;4,31409600
415,01481403;4,31409600
415,09673402;4,26908200
415,17865402;4,26908200
415,26057402;4,26908200
415,34249402;4,26908200
415,42441402;4,26908200
415,50633402;4,26908200
415,58825402;4,22406700
415,67017402;4,22406700
415,75209402;4,22406700
415,83401402;4,22406700
415,91593402;4,22406700
415,99785402;4,17920400
416,07977402;4,17920400
416,16169402;4,13419000
416,24361402;4,13419000
416,32553402;4,13419000
416,40745402;4,13419000
416,48937402;4,13419000
416,57129402;4,13419000
416,65321402;4,13419000
416,73513401;4,13419000
416,81705401;4,13419000
416,89897401;4,13419000
416,98089401;4,08932800
417,06281401;4,08932800
417,14473401;4,08932800
417,22665401;4,04431300
417,30857401;4,04431300
417,39049401;4,04431300
417,47241401;4,04431300
417,55433401;4,04431300
417,63625401;4,04431300
417,71817401;4,04431300
417,80009401;3,99929800
417,88201401;3,99929800
417,96393401;4,04431300
418,04585401;3,99929800
418,12777401;3,95443600
418,20969401;3,99929800
418,29161401;3,95443600
418,37353400;3,95443600
418,45545400;3,95443600
418,53737400;3,95443600
418,61929400;3,95443600
418,70121400;3,95443600
418,78313400;3,95443600
418,86505400;3,90942100
418,94697400;3,90942100
419,02889400;3,90942100
419,11081400;3,90942100
419,19273400;3,90942100
419,27465400;3,90942100
419,35657400;3,90942100
419,43849400;3,90942100
419,52041400;3,90942100
419,60233400;3,95443600
419,68425400;3,99929800
419,76617400;4,04431300
419,84809400;4,08932800
419,93001400;4,13419000
420,01193399;4,22406700
420,09385399;4,26908200
420,17577399;4,31409600
420,25769399;4,31409600
420,33961399;4,40397400
420,42153399;4,40397400
420,50345399;4,44883600
420,58537399;4,49385100
420,66729399;4,49385100
420,74921399;4,49385100
420,83113399;4,53871300
420,91305399;4,58372700
420,99497399;4,58372700
421,07689399;4,58372700
421,15881399;4,58372700
421,24073399;4,58372700
421,32265399;4,62874200
421,40457399;4,62874200
421,48649399;4,62874200
421,56841399;4,67360400
421,65033398;4,62874200
421,73225398;4,62874200
421,81417398;4,62874200
421,89609398;4,62874200
421,97801398;4,62874200
422,05993398;4,58372700
422,14185398;4,58372700
422,22377398;4,58372700
422,30569398;4,58372700
422,38761398;4,58372700
422,46953398;4,53871300
422,55145398;4,58372700
422,63337398;4,53871300
422,71529398;4,53871300
422,79721398;4,49385100
422,87913398;4,49385100
422,96105398;4,49385100
423,04297398;4,49385100
423,12489398;4,49385100
423,20681398;4,49385100
423,28873397;4,49385100
423,37065397;4,49385100
423,45257397;4,44883600
423,53449397;4,44883600
423,61641397;4,44883600
423,69833397;4,40397400
423,78025397;4,40397400
423,86217397;4,44883600
423,94409397;4,40397400
424,02601397;4,40397400
424,10793397;4,40397400
424,18985397;4,40397400
424,27177397;4,35895900
424,35369397;4,35895900
424,43561397;4,31409600
424,51753397;4,31409600
424,59945397;4,31409600
424,68137397;4,31409600
424,76329397;4,31409600
424,84521397;4,31409600
424,92713396;4,31409600
425,00905396;4,31409600
425,09097396;4,31409600
425,17289396;4,31409600
425,25481396;4,26908200
425,33673396;4,26908200
425,41865396;4,26908200
425,50057396;4,22406700
425,58249396;4,22406700
425,66441396;4,22406700
425,74633396;4,22406700
425,82825396;4,22406700
425,91017396;4,22406700
425,99209396;4,17920400
426,07401396;4,17920400
426,15593396;4,17920400
426,23785396;4,17920400
426,31977396;4,13419000
426,40169396;4,13419000
426,48361396;4,17920400
426,56553395;4,13419000
426,64745395;4,13419000
426,72937395;4,13419000
426,81129395;4,13419000
426,89321395;4,13419000
426,97513395;4,13419000
427,05705395;4,08932800
427,13897395;4,08932800
427,22089395;4,04431300
427,30281395;4,08932800
427,38473395;4,04431300
427,46665395;4,04431300
427,54857395;4,04431300
427,63049395;4,04431300
427,71241395;4,04431300
427,79433395;4,04431300
427,87625395;4,04431300
427,95817395;4,04431300
428,04009395;3,99929800
428,12201395;3,95443600
428,20393395;3,95443600
428,28585394;3,95443600
428,36777394;3,95443600
428,44969394;3,95443600
428,53161394;3,95443600
428,61353394;3,95443600
428,69545394;3,95443600
428,77737394;3,95443600
428,85929394;3,90942100
428,94121394;3,90942100
429,02313394;3,90942100
429,10505394;3,90942100
429,18697394;3,90942100
429,26889394;3,90942100
429,35081394;3,90942100
429,43273394;3,86455900
429,51465394;3,95443600
429,59657394;3,95443600
429,67849394;3,95443600
429,76041394;4,04431300
429,84233394;4,08932800
429,92425393;4,08932800
430,00617393;4,13419000
430,08809393;4,22406700
430,17001393;4,22406700
430,25193393;4,31409600
430,33385393;4,31409600
430,41577393;4,35895900
430,49769393;4,40397400
430,57961393;4,44883600
430,66153393;4,44883600
430,74345393;4,49385100
430,82537393;4,49385100
430,90729393;4,49385100
430,98921393;4,53871300
431,07113393;4,58372700
431,15305393;4,58372700
431,23497393;4,58372700
431,31689393;4,62874200
431,39881393;4,62874200
431,48073393;4,58372700
431,56265392;4,62874200
431,64457392;4,62874200
431,72649392;4,62874200
431,80841392;4,62874200
431,89033392;4,62874200
431,97225392;4,58372700
432,05417392;4,58372700
432,13609392;4,58372700
432,21801392;4,58372700
432,29993392;4,58372700
432,38185392;4,58372700
432,46377392;4,58372700
432,54569392;4,53871300
432,62761392;4,53871300
432,70953392;4,53871300
432,79145392;4,49385100
432,87337392;4,49385100
432,95529392;4,49385100
433,03721392;4,49385100
433,11913392;4,49385100
433,20105391;4,49385100
433,28297391;4,49385100
433,36489391;4,44883600
433,44681391;4,49385100
433,52873391;4,44883600
433,61065391;4,44883600
433,69257391;4,40397400
433,77449391;4,40397400
433,85641391;4,40397400
433,93833391;4,40397400
434,02025391;4,40397400
434,10217391;4,40397400
434,18409391;4,40397400
434,26601391;4,35895900
434,34793391;4,35895900
434,42985391;4,35895900
434,51177391;4,31409600
434,59369391;4,31409600
434,67561391;4,31409600
434,75753391;4,31409600
434,83945390;4,31409600
434,92137390;4,31409600
435,00329390;4,31409600
435,08521390;4,26908200
435,16713390;4,26908200
435,24905390;4,26908200
435,33097390;4,26908200
435,41289390;4,26908200
435,49481390;4,22406700
435,57673390;4,22406700
435,65865390;4,22406700
435,74057390;4,22406700
435,82249390;4,22406700
435,90441390;4,22406700
435,98633390;4,17920400
436,06825390;4,17920400
436,15017390;4,17920400
436,23209390;4,13419000
436,31401390;4,13419000
436,39593390;4,13419000
436,47785389;4,13419000
436,55977389;4,13419000
436,64169389;4,13419000
436,72361389;4,13419000
436,80553389;4,13419000
436,88745389;4,13419000
436,96937389;4,08932800
437,05129389;4,08932800
437,13321389;4,08932800
437,21513389;4,04431300
437,29705389;4,04431300
437,37897389;4,08932800
437,46089389;4,04431300
437,54281389;4,04431300
437,62473389;4,04431300
437,70665389;4,04431300
437,78857389;4,04431300
437,87049389;4,04431300
437,95241389;3,99929800
438,03433389;3,99929800
438,11625388;3,95443600
438,19817388;3,99929800
438,28009388;3,95443600
438,36201388;3,95443600
438,44393388;3,95443600
438,52585388;3,95443600
438,60777388;3,95443600
438,68969388;3,95443600
438,77161388;3,90942100
438,85353388;3,90942100
438,93545388;3,90942100
439,01737388;3,90942100
439,09929388;3,90942100
439,18121388;3,90942100
439,26313388;3,86455900
439,34505388;3,86455900
439,42697388;3,86455900
439,50889388;3,90942100
439,59081388;3,95443600
439,67273388;3,95443600
439,75465387;4,04431300
439,83657387;4,08932800
439,91849387;4,13419000
440,00041387;4,17920400
440,08233387;4,22406700
440,16425387;4,26908200
440,24617387;4,31409600
440,32809387;4,40397400
440,41001387;4,40397400
440,49193387;4,44883600
440,57385387;4,49385100
440,65577387;4,49385100
440,73769387;4,49385100
440,81961387;4,53871300
440,90153387;4,53871300
440,98345387;4,53871300
441,06537387;4,58372700
441,14729387;4,58372700
441,22921387;4,62874200
441,31113387;4,62874200
441,39305386;4,62874200
441,47497386;4,62874200
441,55689386;4,62874200
441,63881386;4,67360400
441,72073386;4,62874200
441,80265386;4,62874200
441,88457386;4,62874200
441,96649386;4,62874200
442,04841386;4,62874200
442,13033386;4,58372700
442,21225386;4,58372700
442,29417386;4,58372700
442,37609386;4,58372700
442,45801386;4,58372700
442,53993386;4,53871300
442,62185386;4,53871300
442,70377386;4,53871300
442,78569386;4,49385100
442,86761386;4,49385100
442,94953386;4,49385100
443,03145385;4,49385100
443,11337385;4,49385100
443,19529385;4,49385100
443,27721385;4,49385100
443,35913385;4,49385100
443,44105385;4,49385100
443,52297385;4,44883600
443,60489385;4,44883600
443,68681385;4,40397400
443,76873385;4,40397400
443,85065385;4,40397400
443,93257385;4,40397400
444,01449385;4,40397400
444,09641385;4,40397400
444,17833385;4,40397400
444,26025385;4,40397400
444,34217385;4,35895900
444,42409385;4,35895900
444,50601385;4,35895900
444,58793385;4,31409600
444,66985384;4,31409600
444,75177384;4,31409600
444,83369384;4,31409600
444,91561384;4,31409600
444,99753384;4,31409600
445,07945384;4,26908200
445,16137384;4,26908200
445,24329384;4,31409600
445,32521384;4,26908200
445,40713384;4,26908200
445,48905384;4,26908200
445,57097384;4,22406700
445,65289384;4,22406700
445,73481384;4,22406700
445,81673384;4,22406700
445,89865384;4,22406700
445,98057384;4,22406700
446,06249384;4,17920400
446,14441384;4,17920400
446,22633384;4,17920400
446,30825384;4,13419000
446,39017383;4,13419000
446,47209383;4,13419000
446,55401383;4,13419000
446,63593383;4,13419000
446,71785383;4,13419000
446,79977383;4,13419000
446,88169383;4,13419000
446,96361383;4,13419000
447,04553383;4,13419000
447,12745383;4,08932800
447,20937383;4,04431300
447,29129383;4,08932800
447,37321383;4,08932800
447,45513383;4,04431300
447,53705383;4,04431300
447,61897383;4,04431300
447,70089383;4,04431300
447,78281383;4,04431300
447,86473383;4,04431300
447,94665383;4,04431300
448,02857382;3,99929800
448,11049382;3,99929800
448,19241382;3,95443600
448,27433382;3,95443600
448,35625382;3,95443600
448,43817382;3,95443600
448,52009382;3,95443600
448,60201382;3,95443600
448,68393382;3,95443600
448,76585382;3,95443600
448,84777382;3,95443600
448,92969382;3,90942100
449,01161382;3,90942100
449,09353382;3,90942100
449,17545382;3,90942100
449,25737382;3,86455900
449,33929382;3,86455900
449,42121382;3,86455900
449,50313382;3,90942100
449,58505382;3,90942100
449,66697381;3,95443600
449,74889381;3,99929800
449,83081381;4,04431300
449,91273381;4,08932800
449,99465381;4,13419000
450,07657381;4,22406700
450,15849381;4,22406700
450,24041381;4,26908200
450,32233381;4,31409600
450,40425381;4,35895900
450,48617381;4,40397400
450,56809381;4,40397400
450,65001381;4,49385100
450,73193381;4,49385100
450,81385381;4,49385100
450,89577381;4,49385100
450,97769381;4,53871300
451,05961381;4,53871300
451,14153381;4,58372700
451,22345381;4,58372700
451,30537380;4,62874200
451,38729380;4,62874200
451,46921380;4,62874200
451,55113380;4,62874200
451,63305380;4,62874200
451,71497380;4,62874200
451,79689380;4,62874200
451,87881380;4,58372700
451,96073380;4,58372700
452,04265380;4,62874200
452,12457380;4,58372700
452,20649380;4,58372700
452,28841380;4,58372700
452,37033380;4,58372700
452,45225380;4,58372700
452,53417380;4,53871300
452,61609380;4,53871300
452,69801380;4,53871300
452,77993380;4,53871300
452,86185380;4,49385100
452,94377379;4,49385100
453,02569379;4,49385100
453,10761379;4,49385100
453,18953379;4,49385100
453,27145379;4,49385100
453,35337379;4,44883600
453,43529379;4,44883600
453,51721379;4,44883600
453,59913379;4,44883600
453,68105379;4,40397400
453,76297379;4,40397400
453,84489379;4,40397400
453,92681379;4,40397400
454,00873379;4,40397400
454,09065379;4,40397400
454,17257379;4,40397400
454,25449379;4,40397400
454,33641379;4,35895900
454,41833379;4,31409600
454,50025379;4,31409600
454,58217378;4,31409600
454,66409378;4,31409600
454,74601378;4,31409600
454,82793378;4,31409600
454,90985378;4,31409600
454,99177378;4,31409600
455,07369378;4,26908200
455,15561378;4,26908200
455,23753378;4,26908200
455,31945378;4,26908200
455,40137378;4,26908200
455,48329378;4,22406700
455,56521378;4,22406700
455,64713378;4,22406700
455,72905378;4,22406700
455,81097378;4,22406700
455,89289378;4,22406700
455,97481378;4,22406700
456,05673378;4,17920400
456,13865378;4,17920400
456,22057377;4,17920400
456,30249377;4,13419000
456,38441377;4,17920400
456,46633377;4,13419000
456,54825377;4,13419000
456,63017377;4,13419000
456,71209377;4,13419000
456,79401377;4,13419000
456,87593377;4,08932800
456,95785377;4,08932800
457,03977377;4,08932800
457,12169377;4,08932800
457,20361377;4,08932800
457,28553377;4,08932800
457,36745377;4,04431300
457,44937377;4,04431300
457,53129377;4,04431300
457,61321377;4,04431300
457,69513377;4,04431300
457,77705377;3,99929800
457,85897376;3,99929800
457,94089376;3,99929800
458,02281376;3,99929800
458,10473376;3,99929800
458,18665376;3,99929800
458,26857376;3,95443600
458,35049376;3,95443600
458,43241376;3,95443600
458,51433376;3,95443600
458,59625376;3,95443600
458,67817376;3,95443600
458,76009376;3,95443600
458,84201376;3,95443600
458,92393376;3,90942100
459,00585376;3,90942100
459,08777376;3,90942100
459,16969376;3,86455900
459,25161376;3,86455900
459,33353376;3,90942100
459,41545376;3,86455900
459,49737375;3,90942100
459,57929375;3,95443600
459,66121375;3,95443600
459,74313375;4,04431300
459,82505375;4,04431300
459,90697375;4,13419000
459,98889375;4,17920400
460,07081375;4,22406700
460,15273375;4,31409600
460,23465375;4,31409600
460,31657375;4,35895900
460,39849375;4,40397400
460,48041375;4,40397400
460,56233375;4,49385100
460,64425375;4,49385100
460,72617375;4,49385100
460,80809375;4,53871300
460,89001375;4,58372700
460,97193375;4,58372700
461,05385375;4,58372700
461,13577374;4,58372700
461,21769374;4,58372700
461,29961374;4,62874200
461,38153374;4,62874200
461,46345374;4,62874200
461,54537374;4,62874200
461,62729374;4,62874200
461,70921374;4,62874200
461,79113374;4,62874200
461,87305374;4,62874200
461,95497374;4,58372700
462,03689374;4,58372700
462,11881374;4,58372700
462,20073374;4,58372700
462,28265374;4,58372700
462,36457374;4,58372700
462,44649374;4,58372700
462,52841374;4,53871300
462,61033374;4,53871300
462,69225374;4,53871300
462,77417373;4,49385100
462,85609373;4,49385100
462,93801373;4,49385100
463,01993373;4,49385100
463,10185373;4,49385100
463,18377373;4,49385100
463,26569373;4,49385100
463,34761373;4,44883600
463,42953373;4,44883600
463,51145373;4,44883600
463,59337373;4,40397400
463,67529373;4,44883600
463,75721373;4,40397400
463,83913373;4,40397400
463,92105373;4,40397400
464,00297373;4,40397400
464,08489373;4,40397400
464,16681373;4,40397400
464,24873373;4,40397400
464,33065373;4,35895900
464,41257372;4,35895900
464,49449372;4,31409600
464,57641372;4,31409600
464,65833372;4,31409600
464,74025372;4,31409600
464,82217372;4,31409600
464,90409372;4,31409600
464,98601372;4,31409600
465,06793372;4,31409600
465,14985372;4,31409600
465,23177372;4,26908200
465,31369372;4,22406700
465,39561372;4,26908200
465,47753372;4,22406700
465,55945372;4,22406700
465,64137372;4,22406700
465,72329372;4,22406700
465,80521372;4,22406700
465,88713372;4,22406700
465,96905372;4,17920400
466,05097372;4,17920400
466,13289371;4,17920400
466,21481371;4,17920400
466,29673371;4,13419000
466,37865371;4,13419000
466,46057371;4,13419000
466,54249371;4,13419000
466,62441371;4,13419000
466,70633371;4,13419000
466,78825371;4,13419000
466,87017371;4,13419000
466,95209371;4,13419000
467,03401371;4,13419000
467,11593371;4,04431300
467,19785371;4,08932800
467,27977371;4,04431300
467,36169371;4,08932800
467,44361371;4,04431300
467,52553371;4,04431300
467,60745371;4,04431300
467,68937371;4,04431300
467,77129370;3,99929800
467,85321370;4,04431300
467,93513370;3,99929800
468,01705370;3,99929800
468,09897370;3,95443600
468,18089370;3,95443600
468,26281370;3,95443600
468,34473370;3,95443600
468,42665370;3,95443600
468,50857370;3,95443600
468,59049370;3,95443600
468,67241370;3,95443600
468,75433370;3,95443600
468,83625370;3,95443600
468,91817370;3,90942100
469,00009370;3,90942100
469,08201370;3,90942100
469,16393370;3,90942100
469,24585370;3,86455900
469,32777370;3,90942100
469,40969369;3,90942100
469,49161369;3,90942100
469,57353369;3,90942100
469,65545369;3,95443600
469,73737369;3,95443600
469,81929369;4,04431300
469,90121369;4,08932800
469,98313369;4,13419000
470,06505369;4,17920400
470,14697369;4,22406700
470,22889369;4,31409600
470,31081369;4,31409600
470,39273369;4,31409600
470,47465369;4,40397400
470,55657369;4,40397400
470,63849369;4,44883600
470,72041369;4,49385100
470,80233369;4,49385100
470,88425369;4,49385100
470,96617369;4,53871300
471,04809368;4,58372700
471,13001368;4,58372700
471,21193368;4,58372700
471,29385368;4,58372700
471,37577368;4,58372700
471,45769368;4,62874200
471,53961368;4,62874200
471,62153368;4,62874200
471,70345368;4,58372700
471,78537368;4,62874200
471,86729368;4,62874200
471,94921368;4,58372700
472,03113368;4,58372700
472,11305368;4,58372700
472,19497368;4,58372700
472,27689368;4,58372700
472,35881368;4,58372700
472,44073368;4,58372700
472,52265368;4,53871300
472,60457368;4,53871300
472,68649367;4,53871300
472,76841367;4,49385100
472,85033367;4,49385100
472,93225367;4,49385100
473,01417367;4,49385100
473,09609367;4,49385100
473,17801367;4,49385100
473,25993367;4,49385100
473,34185367;4,49385100
473,42377367;4,44883600
473,50569367;4,44883600
473,58761367;4,44883600
473,66953367;4,40397400
473,75145367;4,40397400
473,83337367;4,40397400
473,91529367;4,40397400
473,99721367;4,40397400
474,07913367;4,40397400
474,16105367;4,40397400
474,24297367;4,35895900
474,32489366;4,35895900
474,40681366;4,31409600
474,48873366;4,31409600
474,57065366;4,31409600
474,65257366;4,31409600
474,73449366;4,31409600
474,81641366;4,31409600
474,89833366;4,31409600
474,98025366;4,31409600
475,06217366;4,31409600
475,14409366;4,26908200
475,22601366;4,26908200
475,30793366;4,26908200
475,38985366;4,22406700
475,47177366;4,22406700
475,55369366;4,22406700
475,63561366;4,22406700
475,71753366;4,22406700
475,79945366;4,22406700
475,88137366;4,17920400
475,96329365;4,22406700
476,04521365;4,17920400
476,12713365;4,17920400
476,20905365;4,17920400
476,29097365;4,13419000
476,37289365;4,13419000
476,45481365;4,13419000
476,53673365;4,13419000
476,61865365;4,13419000
476,70057365;4,13419000
476,78249365;4,13419000
476,86441365;4,13419000
476,94633365;4,08932800
477,02825365;4,13419000
477,11017365;4,08932800
477,19209365;4,08932800
477,27401365;4,04431300
477,35593365;4,04431300
477,43785365;4,04431300
477,51977365;4,04431300
477,60169364;4,04431300
477,68361364;4,04431300
477,76553364;4,04431300
477,84745364;4,04431300
477,92937364;3,99929800
478,01129364;3,99929800
478,09321364;3,99929800
478,17513364;3,95443600
478,25705364;3,95443600
478,33897364;3,95443600
478,42089364;3,95443600
478,50281364;3,95443600
478,58473364;3,95443600
478,66665364;3,95443600
478,74857364;3,90942100
478,83049364;3,95443600
478,91241364;3,90942100
478,99433364;3,90942100
479,07625364;3,90942100
479,15817364;3,90942100
479,24009363;3,86455900
479,32201363;3,86455900
479,40393363;3,86455900
479,48585363;3,90942100
479,56777363;3,95443600
479,64969363;3,95443600
479,73161363;4,04431300
479,81353363;4,04431300
479,89545363;4,13419000
479,97737363;4,13419000
480,05929363;4,22406700
480,14121363;4,22406700
480,22313363;4,31409600
480,30505363;4,31409600
480,38697363;4,40397400
480,46889363;4,44883600
480,55081363;4,44883600
480,63273363;4,49385100
480,71465363;4,49385100
480,79657363;4,49385100
480,87849362;4,53871300
480,96041362;4,58372700
481,04233362;4,58372700
481,12425362;4,58372700
481,20617362;4,62874200
481,28809362;4,62874200
481,37001362;4,67360400
481,45193362;4,62874200
481,53385362;4,62874200
481,61577362;4,62874200
481,69769362;4,62874200
481,77961362;4,62874200
481,86153362;4,62874200
481,94345362;4,62874200
482,02537362;4,62874200
482,10729362;4,58372700
482,18921362;4,58372700
482,27113362;4,58372700
482,35305362;4,58372700
482,43497362;4,58372700
482,51689361;4,53871300
482,59881361;4,53871300
482,68073361;4,53871300
482,76265361;4,53871300
482,84457361;4,49385100
482,92649361;4,49385100
483,00841361;4,49385100
483,09033361;4,49385100
483,17225361;4,49385100
483,25417361;4,49385100
483,33609361;4,49385100
483,41801361;4,49385100
483,49993361;4,44883600
483,58185361;4,44883600
483,66377361;4,40397400
483,74569361;4,40397400
483,82761361;4,40397400
483,90953361;4,40397400
483,99145361;4,40397400
484,07337361;4,40397400
484,15529360;4,40397400
484,23721360;4,35895900
484,31913360;4,35895900
484,40105360;4,31409600
484,48297360;4,31409600
484,56489360;4,31409600
484,64681360;4,31409600
484,72873360;4,31409600
484,81065360;4,31409600
484,89257360;4,31409600
484,97449360;4,31409600
485,05641360;4,31409600
485,13833360;4,31409600
485,22025360;4,26908200
485,30217360;4,26908200
485,38409360;4,26908200
485,46601360;4,22406700
485,54793360;4,22406700
485,62985360;4,22406700
485,71177360;4,22406700
485,79369360;4,22406700
485,87561359;4,22406700
485,95753359;4,22406700
486,03945359;4,22406700
486,12137359;4,22406700
486,20329359;4,13419000
486,28521359;4,13419000
486,36713359;4,17920400
486,44905359;4,13419000
486,53097359;4,13419000
486,61289359;4,13419000
486,69481359;4,13419000
486,77673359;4,13419000
486,85865359;4,13419000
486,94057359;4,13419000
487,02249359;4,08932800
487,10441359;4,08932800
487,18633359;4,08932800
487,26825359;4,08932800
487,35017359;4,04431300
487,43209359;4,04431300
487,51401358;4,04431300
487,59593358;4,04431300
487,67785358;4,04431300
487,75977358;4,04431300
487,84169358;4,04431300
487,92361358;3,99929800
488,00553358;3,99929800
488,08745358;3,99929800
488,16937358;3,95443600
488,25129358;3,95443600
488,33321358;3,95443600
488,41513358;3,95443600
488,49705358;3,95443600
488,57897358;3,95443600
488,66089358;3,95443600
488,74281358;3,95443600
488,82473358;3,90942100
488,90665358;3,90942100
488,98857358;3,90942100
489,07049358;3,90942100
489,15241357;3,86455900
489,23433357;3,86455900
489,31625357;3,90942100
489,39817357;3,86455900
489,48009357;3,90942100
489,56201357;3,90942100
489,64393357;3,95443600
489,72585357;3,95443600
489,80777357;4,04431300
489,88969357;4,08932800
489,97161357;4,13419000
490,05353357;4,17920400
490,13545357;4,22406700
490,21737357;4,26908200
490,29929357;4,31409600
490,38121357;4,31409600
490,46313357;4,40397400
490,54505357;4,40397400
490,62697357;4,40397400
490,70889357;4,49385100
490,79081356;4,49385100
490,87273356;4,49385100
490,95465356;4,53871300
491,03657356;4,58372700
491,11849356;4,58372700
491,20041356;4,58372700
491,28233356;4,58372700
491,36425356;4,62874200
491,44617356;4,62874200
491,52809356;4,58372700
491,61001356;4,62874200
491,69193356;4,62874200
491,77385356;4,62874200
491,85577356;4,62874200
491,93769356;4,58372700
492,01961356;4,62874200
492,10153356;4,58372700
492,18345356;4,58372700
492,26537356;4,58372700
492,34729356;4,58372700
492,42921355;4,58372700
492,51113355;4,58372700
492,59305355;4,53871300
492,67497355;4,49385100
492,75689355;4,49385100
492,83881355;4,49385100
492,92073355;4,49385100
493,00265355;4,49385100
493,08457355;4,49385100
493,16649355;4,49385100
493,24841355;4,49385100
493,33033355;4,49385100
493,41225355;4,44883600
493,49417355;4,44883600
493,57609355;4,44883600
493,65801355;4,40397400
493,73993355;4,40397400
493,82185355;4,40397400
493,90377355;4,40397400
493,98569355;4,40397400
494,06761354;4,40397400
494,14953354;4,40397400
494,23145354;4,40397400
494,31337354;4,35895900
494,39529354;4,40397400
494,47721354;4,35895900
494,55913354;4,31409600
494,64105354;4,31409600
494,72297354;4,31409600
494,80489354;4,31409600
494,88681354;4,31409600
494,96873354;4,31409600
495,05065354;4,31409600
495,13257354;4,31409600
495,21449354;4,26908200
495,29641354;4,26908200
495,37833354;4,26908200
495,46025354;4,26908200
495,54217354;4,22406700
495,62409354;4,22406700
495,70601353;4,22406700
495,78793353;4,22406700
495,86985353;4,22406700
495,95177353;4,22406700
496,03369353;4,22406700
496,11561353;4,17920400
496,19753353;4,13419000
496,27945353;4,13419000
496,36137353;4,17920400
496,44329353;4,13419000
496,52521353;4,13419000
496,60713353;4,13419000
496,68905353;4,13419000
496,77097353;4,13419000
496,85289353;4,13419000
496,93481353;4,13419000
497,01673353;4,08932800
497,09865353;4,08932800
497,18057353;4,08932800
497,26249353;4,04431300
497,34441352;4,04431300
497,42633352;4,04431300
497,50825352;4,04431300
497,59017352;4,04431300
497,67209352;4,04431300
497,75401352;4,04431300
497,83593352;4,04431300
497,91785352;3,99929800
497,99977352;3,99929800
498,08169352;3,95443600
498,16361352;3,95443600
498,24553352;3,95443600
498,32745352;3,95443600
498,40937352;3,95443600
498,49129352;3,95443600
498,57321352;3,95443600
498,65513352;3,95443600
498,73705352;3,95443600
498,81897352;3,90942100
498,90089352;3,90942100
498,98281351;3,90942100
499,06473351;3,90942100
499,14665351;3,90942100
499,22857351;3,86455900
499,31049351;3,90942100
499,39241351;3,86455900
499,47433351;3,90942100
499,55625351;3,95443600
499,63817351;3,95443600
499,72009351;3,99929800
499,80201351;4,04431300
499,88393351;4,08932800
499,96585351;4,13419000
