Tiempo;Canal A
(ms);(V)

-50,03185570;-5,80340000
-50,02161570;-5,80340000
-50,01137570;-5,80340000
-50,00113570;-5,80340000
-49,99089570;-5,80340000
-49,98065570;-5,80340000
-49,97041570;-5,80340000
-49,96017570;-5,80340000
-49,94993570;-5,80340000
-49,93969570;-5,80340000
-49,92945570;-5,80340000
-49,91921570;-5,80340000
-49,90897570;-5,80340000
-49,89873570;-5,80340000
-49,88849570;-5,80340000
-49,87825570;-5,80340000
-49,86801570;-5,80340000
-49,85777570;-5,80340000
-49,84753570;-5,80340000
-49,83729570;-5,80340000
-49,82705570;-5,80340000
-49,81681570;-5,80340000
-49,80657570;-5,80340000
-49,79633570;-5,80340000
-49,78609570;-5,80340000
-49,77585570;-5,80340000
-49,76561570;-5,80340000
-49,75537570;-5,80340000
-49,74513570;-5,80340000
-49,73489570;-5,80340000
-49,72465570;-5,80340000
-49,71441570;-5,80340000
-49,70417570;-5,80340000
-49,69393570;-5,80340000
-49,68369570;-5,80340000
-49,67345570;-5,80340000
-49,66321570;-5,80340000
-49,65297570;-5,80340000
-49,64273570;-5,80340000
-49,63249570;-5,80340000
-49,62225570;-5,80340000
-49,61201570;-5,80340000
-49,60177571;-5,80340000
-49,59153571;-5,80340000
-49,58129571;-5,80340000
-49,57105571;-5,80340000
-49,56081571;-5,80340000
-49,55057571;-5,80340000
-49,54033571;-5,80340000
-49,53009571;-5,80340000
-49,51985571;-5,80340000
-49,50961571;-5,80340000
-49,49937571;-5,80340000
-49,48913571;-5,80340000
-49,47889571;-5,80340000
-49,46865571;-5,80340000
-49,45841571;-5,80340000
-49,44817571;-5,80340000
-49,43793571;-5,80340000
-49,42769571;-5,80340000
-49,41745571;-5,80340000
-49,40721571;-5,80340000
-49,39697571;-5,80340000
-49,38673571;-5,80340000
-49,37649571;-5,80340000
-49,36625571;-5,80340000
-49,35601571;-5,80340000
-49,34577571;-5,80340000
-49,33553571;-5,80340000
-49,32529571;-5,80340000
-49,31505571;-5,80340000
-49,30481571;-5,80340000
-49,29457571;-5,80340000
-49,28433571;-5,80340000
-49,27409571;-5,80340000
-49,26385571;-5,80340000
-49,25361571;-5,80340000
-49,24337571;-5,80340000
-49,23313571;-5,80340000
-49,22289571;-5,80340000
-49,21265571;-5,80340000
-49,20241571;-5,80340000
-49,19217571;-5,80340000
-49,18193571;-5,80340000
-49,17169571;-5,80340000
-49,16145571;-5,80340000
-49,15121571;-5,80340000
-49,14097571;-5,80340000
-49,13073571;-5,80340000
-49,12049571;-5,80340000
-49,11025571;-5,80340000
-49,10001571;-5,80340000
-49,08977571;-5,80340000
-49,07953571;-5,80340000
-49,06929571;-5,80340000
-49,05905571;-5,80340000
-49,04881571;-5,80340000
-49,03857571;-5,80340000
-49,02833571;-5,80340000
-49,01809571;-5,80340000
-49,00785571;-5,80340000
-48,99761571;-5,80340000
-48,98737571;-5,80340000
-48,97713571;-5,80340000
-48,96689571;-5,80340000
-48,95665571;-5,80340000
-48,94641571;-5,80340000
-48,93617571;-5,80340000
-48,92593571;-5,80340000
-48,91569571;-5,80340000
-48,90545571;-5,80340000
-48,89521571;-5,80340000
-48,88497571;-5,80340000
-48,87473571;-5,80340000
-48,86449571;-5,80340000
-48,85425571;-5,80340000
-48,84401571;-5,80340000
-48,83377571;-5,80340000
-48,82353571;-5,80340000
-48,81329571;-5,80340000
-48,80305571;-5,80340000
-48,79281571;-5,80340000
-48,78257571;-5,80340000
-48,77233571;-5,80340000
-48,76209571;-5,80340000
-48,75185571;-5,80340000
-48,74161571;-5,80340000
-48,73137571;-5,80340000
-48,72113571;-5,80340000
-48,71089571;-5,80340000
-48,70065571;-5,80340000
-48,69041571;-5,80340000
-48,68017571;-5,80340000
-48,66993571;-5,80340000
-48,65969571;-5,80340000
-48,64945571;-5,80340000
-48,63921571;-5,80340000
-48,62897571;-5,80340000
-48,61873571;-5,80340000
-48,60849571;-5,80340000
-48,59825571;-5,80340000
-48,58801571;-5,80340000
-48,57777571;-5,80340000
-48,56753571;-5,80340000
-48,55729571;-5,80340000
-48,54705571;-5,80340000
-48,53681571;-5,80340000
-48,52657571;-5,80340000
-48,51633571;-5,80340000
-48,50609571;-5,80340000
-48,49585571;-5,80340000
-48,48561571;-5,80340000
-48,47537571;-5,80340000
-48,46513571;-5,80340000
-48,45489571;-5,80340000
-48,44465571;-5,80340000
-48,43441571;-5,80340000
-48,42417571;-5,80340000
-48,41393571;-5,80340000
-48,40369571;-5,80340000
-48,39345571;-5,80340000
-48,38321571;-5,80340000
-48,37297571;-5,80340000
-48,36273571;-5,80340000
-48,35249571;-5,80340000
-48,34225571;-5,80340000
-48,33201571;-5,80340000
-48,32177571;-5,80340000
-48,31153571;-5,80340000
-48,30129571;-5,80340000
-48,29105571;-5,80340000
-48,28081571;-5,80340000
-48,27057571;-5,80340000
-48,26033571;-5,80340000
-48,25009571;-5,80340000
-48,23985571;-5,80340000
-48,22961571;-5,80340000
-48,21937571;-5,80340000
-48,20913571;-5,80340000
-48,19889571;-5,80340000
-48,18865571;-5,80340000
-48,17841571;-5,80340000
-48,16817571;-5,80340000
-48,15793571;-5,80340000
-48,14769571;-5,80340000
-48,13745571;-5,80340000
-48,12721571;-5,80340000
-48,11697571;-5,80340000
-48,10673571;-5,80340000
-48,09649571;-5,80340000
-48,08625571;-5,80340000
-48,07601571;-5,80340000
-48,06577571;-5,80340000
-48,05553571;-5,80340000
-48,04529571;-5,80340000
-48,03505571;-5,80340000
-48,02481571;-5,80340000
-48,01457571;-5,80340000
-48,00433571;-5,80340000
-47,99409571;-5,80340000
-47,98385571;-5,80340000
-47,97361571;-5,80340000
-47,96337571;-5,80340000
-47,95313572;-5,80340000
-47,94289572;-5,80340000
-47,93265572;-5,80340000
-47,92241572;-5,80340000
-47,91217572;-5,80340000
-47,90193572;-5,80340000
-47,89169572;-5,80340000
-47,88145572;-5,62395100
-47,87121572;-5,80340000
-47,86097572;-5,80340000
-47,85073572;-5,80340000
-47,84049572;-5,80340000
-47,83025572;-5,80340000
-47,82001572;-5,80340000
-47,80977572;-5,80340000
-47,79953572;-5,80340000
-47,78929572;-5,80340000
-47,77905572;-5,80340000
-47,76881572;-5,80340000
-47,75857572;-5,80340000
-47,74833572;-5,80340000
-47,73809572;-5,80340000
-47,72785572;-5,80340000
-47,71761572;-5,80340000
-47,70737572;-5,80340000
-47,69713572;-5,80340000
-47,68689572;-5,80340000
-47,67665572;-5,80340000
-47,66641572;-5,80340000
-47,65617572;-5,80340000
-47,64593572;-5,80340000
-47,63569572;-5,80340000
-47,62545572;-5,80340000
-47,61521572;-5,80340000
-47,60497572;-5,80340000
-47,59473572;-5,80340000
-47,58449572;-5,80340000
-47,57425572;-5,80340000
-47,56401572;-5,80340000
-47,55377572;-5,80340000
-47,54353572;-5,80340000
-47,53329572;-5,80340000
-47,52305572;-5,80340000
-47,51281572;-5,80340000
-47,50257572;-5,62395100
-47,49233572;-5,80340000
-47,48209572;-5,80340000
-47,47185572;-5,80340000
-47,46161572;-5,62395100
-47,45137572;-5,80340000
-47,44113572;-5,80340000
-47,43089572;-5,80340000
-47,42065572;-5,80340000
-47,41041572;-5,62395100
-47,40017572;-5,80340000
-47,38993572;-5,80340000
-47,37969572;-5,80340000
-47,36945572;-5,80340000
-47,35921572;-5,62395100
-47,34897572;-5,80340000
-47,33873572;-5,80340000
-47,32849572;-5,80340000
-47,31825572;-5,80340000
-47,30801572;-5,80340000
-47,29777572;-5,80340000
-47,28753572;-5,80340000
-47,27729572;-5,80340000
-47,26705572;-5,62395100
-47,25681572;-5,62395100
-47,24657572;-5,62395100
-47,23633572;-5,80340000
-47,22609572;-5,80340000
-47,21585572;-5,80340000
-47,20561572;-5,80340000
-47,19537572;-5,80340000
-47,18513572;-5,62395100
-47,17489572;-5,62395100
-47,16465572;-5,80340000
-47,15441572;-5,80340000
-47,14417572;-5,80340000
-47,13393572;-5,62395100
-47,12369572;-5,80340000
-47,11345572;-5,80340000
-47,10321572;-5,62395100
-47,09297572;-5,80340000
-47,08273572;-5,62395100
-47,07249572;-5,80340000
-47,06225572;-5,80340000
-47,05201572;-5,62395100
-47,04177572;-5,80340000
-47,03153572;-5,80340000
-47,02129572;-5,62395100
-47,01105572;-5,80340000
-47,00081572;-5,80340000
-46,99057572;-5,80340000
-46,98033572;-5,62395100
-46,97009572;-5,80340000
-46,95985572;-5,62395100
-46,94961572;-5,80340000
-46,93937572;-5,62395100
-46,92913572;-5,80340000
-46,91889572;-5,62395100
-46,90865572;-5,80340000
-46,89841572;-5,80340000
-46,88817572;-5,62395100
-46,87793572;-5,80340000
-46,86769572;-5,80340000
-46,85745572;-5,80340000
-46,84721572;-5,80340000
-46,83697572;-5,62395100
-46,82673572;-5,62395100
-46,81649572;-5,62395100
-46,80625572;-5,80340000
-46,79601572;-5,62395100
-46,78577572;-5,80340000
-46,77553572;-5,62395100
-46,76529572;-5,62395100
-46,75505572;-5,62395100
-46,74481572;-5,80340000
-46,73457572;-5,62395100
-46,72433572;-5,62395100
-46,71409572;-5,80340000
-46,70385572;-5,80340000
-46,69361572;-5,62395100
-46,68337572;-5,80340000
-46,67313572;-5,62395100
-46,66289572;-5,80340000
-46,65265572;-5,62395100
-46,64241572;-5,80340000
-46,63217572;-5,80340000
-46,62193572;-5,62395100
-46,61169572;-5,62395100
-46,60145572;-5,62395100
-46,59121572;-5,80340000
-46,58097572;-5,62395100
-46,57073572;-5,80340000
-46,56049572;-5,62395100
-46,55025572;-5,80340000
-46,54001572;-5,80340000
-46,52977572;-5,62395100
-46,51953572;-5,62395100
-46,50929572;-5,80340000
-46,49905572;-5,62395100
-46,48881572;-5,62395100
-46,47857572;-5,62395100
-46,46833572;-5,62395100
-46,45809572;-5,80340000
-46,44785572;-5,62395100
-46,43761572;-5,62395100
-46,42737572;-5,44450200
-46,41713572;-5,62395100
-46,40689572;-5,80340000
-46,39665572;-5,62395100
-46,38641572;-5,80340000
-46,37617572;-5,62395100
-46,36593572;-5,62395100
-46,35569572;-5,62395100
-46,34545572;-5,80340000
-46,33521572;-5,62395100
-46,32497572;-5,62395100
-46,31473572;-5,62395100
-46,30449573;-5,62395100
-46,29425573;-5,62395100
-46,28401573;-5,62395100
-46,27377573;-5,44450200
-46,26353573;-5,62395100
-46,25329573;-5,62395100
-46,24305573;-5,62395100
-46,23281573;-5,62395100
-46,22257573;-5,80340000
-46,21233573;-5,62395100
-46,20209573;-5,62395100
-46,19185573;-5,62395100
-46,18161573;-5,44450200
-46,17137573;-5,62395100
-46,16113573;-5,62395100
-46,15089573;-5,62395100
-46,14065573;-5,62395100
-46,13041573;-5,62395100
-46,12017573;-5,62395100
-46,10993573;-5,44450200
-46,09969573;-5,62395100
-46,08945573;-5,62395100
-46,07921573;-5,44450200
-46,06897573;-5,62395100
-46,05873573;-5,44450200
-46,04849573;-5,44450200
-46,03825573;-5,62395100
-46,02801573;-5,62395100
-46,01777573;-5,44450200
-46,00753573;-5,62395100
-45,99729573;-5,62395100
-45,98705573;-5,62395100
-45,97681573;-5,62395100
-45,96657573;-5,62395100
-45,95633573;-5,62395100
-45,94609573;-5,44450200
-45,93585573;-5,62395100
-45,92561573;-5,62395100
-45,91537573;-5,62395100
-45,90513573;-5,44450200
-45,89489573;-5,62395100
-45,88465573;-5,44450200
-45,87441573;-5,44450200
-45,86417573;-5,80340000
-45,85393573;-5,44450200
-45,84369573;-5,62395100
-45,83345573;-5,44450200
-45,82321573;-5,62395100
-45,81297573;-5,62395100
-45,80273573;-5,44450200
-45,79249573;-5,44450200
-45,78225573;-5,62395100
-45,77201573;-5,44450200
-45,76177573;-5,62395100
-45,75153573;-5,62395100
-45,74129573;-5,62395100
-45,73105573;-5,44450200
-45,72081573;-5,62395100
-45,71057573;-5,44450200
-45,70033573;-5,62395100
-45,69009573;-5,62395100
-45,67985573;-5,62395100
-45,66961573;-5,62395100
-45,65937573;-5,44450200
-45,64913573;-5,44450200
-45,63889573;-5,62395100
-45,62865573;-5,44450200
-45,61841573;-5,62395100
-45,60817573;-5,62395100
-45,59793573;-5,62395100
-45,58769573;-5,44450200
-45,57745573;-5,44450200
-45,56721573;-5,44450200
-45,55697573;-5,44450200
-45,54673573;-5,62395100
-45,53649573;-5,62395100
-45,52625573;-5,62395100
-45,51601573;-5,44450200
-45,50577573;-5,44450200
-45,49553573;-5,44450200
-45,48529573;-5,44450200
-45,47505573;-5,44450200
-45,46481573;-5,44450200
-45,45457573;-5,44450200
-45,44433573;-5,62395100
-45,43409573;-5,44450200
-45,42385573;-5,44450200
-45,41361573;-5,44450200
-45,40337573;-5,62395100
-45,39313573;-5,44450200
-45,38289573;-5,44450200
-45,37265573;-5,62395100
-45,36241573;-5,44450200
-45,35217573;-5,44450200
-45,34193573;-5,62395100
-45,33169573;-5,44450200
-45,32145573;-5,44450200
-45,31121573;-5,44450200
-45,30097573;-5,44450200
-45,29073573;-5,44450200
-45,28049573;-5,62395100
-45,27025573;-5,44450200
-45,26001573;-5,44450200
-45,24977573;-5,44450200
-45,23953573;-5,44450200
-45,22929573;-5,44450200
-45,21905573;-5,44450200
-45,20881573;-5,44450200
-45,19857573;-5,44450200
-45,18833573;-5,62395100
-45,17809573;-5,44450200
-45,16785573;-5,44450200
-45,15761573;-5,44450200
-45,14737573;-5,44450200
-45,13713573;-5,44450200
-45,12689573;-5,44450200
-45,11665573;-5,44450200
-45,10641573;-5,44450200
-45,09617573;-5,44450200
-45,08593573;-5,44450200
-45,07569573;-5,44450200
-45,06545573;-5,44450200
-45,05521573;-5,44450200
-45,04497573;-5,44450200
-45,03473573;-5,44450200
-45,02449573;-5,44450200
-45,01425573;-5,44450200
-45,00401573;-5,44450200
-44,99377573;-5,44450200
-44,98353573;-5,44450200
-44,97329573;-5,44450200
-44,96305573;-5,44450200
-44,95281573;-5,44450200
-44,94257573;-5,44450200
-44,93233573;-5,44450200
-44,92209573;-5,44450200
-44,91185573;-5,44450200
-44,90161573;-5,44450200
-44,89137573;-5,44450200
-44,88113573;-5,44450200
-44,87089573;-5,44450200
-44,86065573;-5,62395100
-44,85041573;-5,44450200
-44,84017573;-5,44450200
-44,82993573;-5,44450200
-44,81969573;-5,44450200
-44,80945573;-5,44450200
-44,79921573;-5,44450200
-44,78897573;-5,44450200
-44,77873573;-5,44450200
-44,76849573;-5,44450200
-44,75825573;-5,44450200
-44,74801573;-5,44450200
-44,73777573;-5,44450200
-44,72753573;-5,44450200
-44,71729573;-5,44450200
-44,70705573;-5,44450200
-44,69681573;-5,44450200
-44,68657573;-5,44450200
-44,67633573;-5,44450200
-44,66609574;-5,44450200
-44,65585574;-5,44450200
-44,64561574;-5,44450200
-44,63537574;-5,44450200
-44,62513574;-5,44450200
-44,61489574;-5,44450200
-44,60465574;-5,44450200
-44,59441574;-5,44450200
-44,58417574;-5,44450200
-44,57393574;-5,44450200
-44,56369574;-5,44450200
-44,55345574;-5,62395100
-44,54321574;-5,44450200
-44,53297574;-5,44450200
-44,52273574;-5,44450200
-44,51249574;-5,44450200
-44,50225574;-5,44450200
-44,49201574;-5,44450200
-44,48177574;-5,44450200
-44,47153574;-5,44450200
-44,46129574;-5,44450200
-44,45105574;-5,44450200
-44,44081574;-5,44450200
-44,43057574;-5,44450200
-44,42033574;-5,44450200
-44,41009574;-5,44450200
-44,39985574;-5,44450200
-44,38961574;-5,44450200
-44,37937574;-5,44450200
-44,36913574;-5,44450200
-44,35889574;-5,44450200
-44,34865574;-5,44450200
-44,33841574;-5,44450200
-44,32817574;-5,44450200
-44,31793574;-5,44450200
-44,30769574;-5,44450200
-44,29745574;-5,44450200
-44,28721574;-5,44450200
-44,27697574;-5,44450200
-44,26673574;-5,44450200
-44,25649574;-5,44450200
-44,24625574;-5,44450200
-44,23601574;-5,44450200
-44,22577574;-5,44450200
-44,21553574;-5,44450200
-44,20529574;-5,44450200
-44,19505574;-5,44450200
-44,18481574;-5,44450200
-44,17457574;-5,44450200
-44,16433574;-5,44450200
-44,15409574;-5,44450200
-44,14385574;-5,44450200
-44,13361574;-5,44450200
-44,12337574;-5,44450200
-44,11313574;-5,44450200
-44,10289574;-5,44450200
-44,09265574;-5,44450200
-44,08241574;-5,44450200
-44,07217574;-5,44450200
-44,06193574;-5,44450200
-44,05169574;-5,44450200
-44,04145574;-5,44450200
-44,03121574;-5,44450200
-44,02097574;-5,44450200
-44,01073574;-5,44450200
-44,00049574;-5,44450200
-43,99025574;-5,44450200
-43,98001574;-5,44450200
-43,96977574;-5,44450200
-43,95953574;-5,44450200
-43,94929574;-5,44450200
-43,93905574;-5,44450200
-43,92881574;-5,44450200
-43,91857574;-5,44450200
-43,90833574;-5,44450200
-43,89809574;-5,44450200
-43,88785574;-5,44450200
-43,87761574;-5,44450200
-43,86737574;-5,44450200
-43,85713574;-5,44450200
-43,84689574;-5,44450200
-43,83665574;-5,44450200
-43,82641574;-5,44450200
-43,81617574;-5,44450200
-43,80593574;-5,44450200
-43,79569574;-5,44450200
-43,78545574;-5,44450200
-43,77521574;-5,44450200
-43,76497574;-5,44450200
-43,75473574;-5,44450200
-43,74449574;-5,44450200
-43,73425574;-5,44450200
-43,72401574;-5,44450200
-43,71377574;-5,44450200
-43,70353574;-5,44450200
-43,69329574;-5,44450200
-43,68305574;-5,44450200
-43,67281574;-5,44450200
-43,66257574;-5,44450200
-43,65233574;-5,44450200
-43,64209574;-5,44450200
-43,63185574;-5,44450200
-43,62161574;-5,44450200
-43,61137574;-5,44450200
-43,60113574;-5,44450200
-43,59089574;-5,44450200
-43,58065574;-5,44450200
-43,57041574;-5,44450200
-43,56017574;-5,44450200
-43,54993574;-5,44450200
-43,53969574;-5,44450200
-43,52945574;-5,44450200
-43,51921574;-5,44450200
-43,50897574;-5,44450200
-43,49873574;-5,44450200
-43,48849574;-5,44450200
-43,47825574;-5,44450200
-43,46801574;-5,44450200
-43,45777574;-5,44450200
-43,44753574;-5,44450200
-43,43729574;-5,44450200
-43,42705574;-5,44450200
-43,41681574;-5,44450200
-43,40657574;-5,44450200
-43,39633574;-5,44450200
-43,38609574;-5,44450200
-43,37585574;-5,44450200
-43,36561574;-5,44450200
-43,35537574;-5,44450200
-43,34513574;-5,44450200
-43,33489574;-5,44450200
-43,32465574;-5,44450200
-43,31441574;-5,44450200
-43,30417574;-5,44450200
-43,29393574;-5,44450200
-43,28369574;-5,44450200
-43,27345574;-5,44450200
-43,26321574;-5,44450200
-43,25297574;-5,44450200
-43,24273574;-5,44450200
-43,23249574;-5,44450200
-43,22225574;-5,44450200
-43,21201574;-5,44450200
-43,20177574;-5,44450200
-43,19153574;-5,44450200
-43,18129574;-5,44450200
-43,17105574;-5,44450200
-43,16081574;-5,44450200
-43,15057574;-5,44450200
-43,14033574;-5,44450200
-43,13009574;-5,44450200
-43,11985574;-5,44450200
-43,10961574;-5,44450200
-43,09937574;-5,44450200
-43,08913574;-5,44450200
-43,07889574;-5,44450200
-43,06865574;-5,44450200
-43,05841574;-5,44450200
-43,04817574;-5,44450200
-43,03793574;-5,44450200
-43,02769574;-5,44450200
-43,01745575;-5,44450200
-43,00721575;-5,44450200
-42,99697575;-5,44450200
-42,98673575;-5,44450200
-42,97649575;-5,44450200
-42,96625575;-5,44450200
-42,95601575;-5,44450200
-42,94577575;-5,44450200
-42,93553575;-5,44450200
-42,92529575;-5,44450200
-42,91505575;-5,44450200
-42,90481575;-5,44450200
-42,89457575;-5,44450200
-42,88433575;-5,44450200
-42,87409575;-5,44450200
-42,86385575;-5,44450200
-42,85361575;-5,44450200
-42,84337575;-5,44450200
-42,83313575;-5,44450200
-42,82289575;-5,44450200
-42,81265575;-5,44450200
-42,80241575;-5,44450200
-42,79217575;-5,44450200
-42,78193575;-5,44450200
-42,77169575;-5,44450200
-42,76145575;-5,44450200
-42,75121575;-5,44450200
-42,74097575;-5,44450200
-42,73073575;-5,44450200
-42,72049575;-5,44450200
-42,71025575;-5,44450200
-42,70001575;-5,44450200
-42,68977575;-5,44450200
-42,67953575;-5,44450200
-42,66929575;-5,44450200
-42,65905575;-5,44450200
-42,64881575;-5,44450200
-42,63857575;-5,44450200
-42,62833575;-5,44450200
-42,61809575;-5,44450200
-42,60785575;-5,44450200
-42,59761575;-5,44450200
-42,58737575;-5,44450200
-42,57713575;-5,44450200
-42,56689575;-5,44450200
-42,55665575;-5,44450200
-42,54641575;-5,44450200
-42,53617575;-5,44450200
-42,52593575;-5,44450200
-42,51569575;-5,44450200
-42,50545575;-5,44450200
-42,49521575;-5,44450200
-42,48497575;-5,44450200
-42,47473575;-5,44450200
-42,46449575;-5,44450200
-42,45425575;-5,44450200
-42,44401575;-5,44450200
-42,43377575;-5,44450200
-42,42353575;-5,44450200
-42,41329575;-5,44450200
-42,40305575;-5,44450200
-42,39281575;-5,44450200
-42,38257575;-5,44450200
-42,37233575;-5,44450200
-42,36209575;-5,44450200
-42,35185575;-5,44450200
-42,34161575;-5,44450200
-42,33137575;-5,44450200
-42,32113575;-5,44450200
-42,31089575;-5,44450200
-42,30065575;-5,44450200
-42,29041575;-5,44450200
-42,28017575;-5,44450200
-42,26993575;-5,44450200
-42,25969575;-5,44450200
-42,24945575;-5,44450200
-42,23921575;-5,44450200
-42,22897575;-5,44450200
-42,21873575;-5,44450200
-42,20849575;-5,44450200
-42,19825575;-5,44450200
-42,18801575;-5,44450200
-42,17777575;-5,44450200
-42,16753575;-5,44450200
-42,15729575;-5,44450200
-42,14705575;-5,44450200
-42,13681575;-5,44450200
-42,12657575;-5,44450200
-42,11633575;-5,44450200
-42,10609575;-5,44450200
-42,09585575;-5,44450200
-42,08561575;-5,44450200
-42,07537575;-5,44450200
-42,06513575;-5,26444300
-42,05489575;-5,44450200
-42,04465575;-5,44450200
-42,03441575;-5,44450200
-42,02417575;-5,44450200
-42,01393575;-5,44450200
-42,00369575;-5,44450200
-41,99345575;-5,26444300
-41,98321575;-5,44450200
-41,97297575;-5,44450200
-41,96273575;-5,44450200
-41,95249575;-5,44450200
-41,94225575;-5,26444300
-41,93201575;-5,44450200
-41,92177575;-5,44450200
-41,91153575;-5,44450200
-41,90129575;-5,44450200
-41,89105575;-5,44450200
-41,88081575;-5,44450200
-41,87057575;-5,44450200
-41,86033575;-5,44450200
-41,85009575;-5,44450200
-41,83985575;-5,44450200
-41,82961575;-5,44450200
-41,81937575;-5,44450200
-41,80913575;-5,26444300
-41,79889575;-5,44450200
-41,78865575;-5,44450200
-41,77841575;-5,44450200
-41,76817575;-5,44450200
-41,75793575;-5,26444300
-41,74769575;-5,44450200
-41,73745575;-5,44450200
-41,72721575;-5,44450200
-41,71697575;-5,26444300
-41,70673575;-5,44450200
-41,69649575;-5,44450200
-41,68625575;-5,44450200
-41,67601575;-5,44450200
-41,66577575;-5,44450200
-41,65553575;-5,26444300
-41,64529575;-5,44450200
-41,63505575;-5,44450200
-41,62481575;-5,44450200
-41,61457575;-5,44450200
-41,60433575;-5,44450200
-41,59409575;-5,44450200
-41,58385575;-5,44450200
-41,57361575;-5,44450200
-41,56337575;-5,44450200
-41,55313575;-5,44450200
-41,54289575;-5,44450200
-41,53265575;-5,26444300
-41,52241575;-5,44450200
-41,51217575;-5,26444300
-41,50193575;-5,44450200
-41,49169575;-5,26444300
-41,48145575;-5,44450200
-41,47121575;-5,44450200
-41,46097575;-5,26444300
-41,45073575;-5,44450200
-41,44049575;-5,44450200
-41,43025575;-5,26444300
-41,42001575;-5,44450200
-41,40977575;-5,44450200
-41,39953575;-5,44450200
-41,38929575;-5,26444300
-41,37905575;-5,44450200
-41,36881576;-5,44450200
-41,35857576;-5,26444300
-41,34833576;-5,26444300
-41,33809576;-5,26444300
-41,32785576;-5,44450200
-41,31761576;-5,26444300
-41,30737576;-5,44450200
-41,29713576;-5,26444300
-41,28689576;-5,44450200
-41,27665576;-5,44450200
-41,26641576;-5,26444300
-41,25617576;-5,44450200
-41,24593576;-5,44450200
-41,23569576;-5,44450200
-41,22545576;-5,44450200
-41,21521576;-5,26444300
-41,20497576;-5,44450200
-41,19473576;-5,44450200
-41,18449576;-5,26444300
-41,17425576;-5,44450200
-41,16401576;-5,26444300
-41,15377576;-5,44450200
-41,14353576;-5,26444300
-41,13329576;-5,26444300
-41,12305576;-5,26444300
-41,11281576;-5,26444300
-41,10257576;-5,26444300
-41,09233576;-5,26444300
-41,08209576;-5,26444300
-41,07185576;-5,26444300
-41,06161576;-5,26444300
-41,05137576;-5,26444300
-41,04113576;-5,26444300
-41,03089576;-5,26444300
-41,02065576;-5,26444300
-41,01041576;-5,26444300
-41,00017576;-5,08499400
-40,98993576;-5,08499400
-40,97969576;-5,08499400
-40,96945576;-5,08499400
-40,95921576;-5,08499400
-40,94897576;-5,08499400
-40,93873576;-5,08499400
-40,92849576;-5,08499400
-40,91825576;-5,08499400
-40,90801576;-5,08499400
-40,89777576;-4,72609600
-40,88753576;-4,72609600
-40,87729576;-4,72609600
-40,86705576;-4,72609600
-40,85681576;-4,72609600
-40,84657576;-4,72609600
-40,83633576;-4,72609600
-40,82609576;-4,54664800
-40,81585576;-4,54664800
-40,80561576;-4,36658800
-40,79537576;-4,36658800
-40,78513576;-4,36658800
-40,77489576;-4,36658800
-40,76465576;-4,36658800
-40,75441576;-4,18714000
-40,74417576;-4,00769000
-40,73393576;-4,00769000
-40,72369576;-4,00769000
-40,71345576;-4,00769000
-40,70321576;-3,82824200
-40,69297576;-3,64879300
-40,68273576;-3,64879300
-40,67249576;-3,64879300
-40,66225576;-3,64879300
-40,65201576;-3,64879300
-40,64177576;-3,64879300
-40,63153576;-3,46873400
-40,62129576;-3,46873400
-40,61105576;-3,28928500
-40,60081576;-3,10983600
-40,59057576;-3,10983600
-40,58033576;-3,10983600
-40,57009576;-3,10983600
-40,55985576;-3,10983600
-40,54961576;-3,10983600
-40,53937576;-3,10983600
-40,52913576;-2,93038700
-40,51889576;-2,93038700
-40,50865576;-2,75093800
-40,49841576;-2,57087900
-40,48817576;-2,57087900
-40,47793576;-2,57087900
-40,46769576;-2,57087900
-40,45745576;-2,57087900
-40,44721576;-2,57087900
-40,43697576;-2,57087900
-40,42673576;-2,39143000
-40,41649576;-2,39143000
-40,40625576;-2,21198200
-40,39601576;-2,21198200
-40,38577576;-2,03253300
-40,37553576;-2,21198200
-40,36529576;-2,21198200
-40,35505576;-2,21198200
-40,34481576;-2,03253300
-40,33457576;-2,03253300
-40,32433576;-1,85308400
-40,31409576;-1,85308400
-40,30385576;-1,67302500
-40,29361576;-1,49357600
-40,28337576;-1,49357600
-40,27313576;-1,49357600
-40,26289576;-1,49357600
-40,25265576;-1,49357600
-40,24241576;-1,49357600
-40,23217576;-1,49357600
-40,22193576;-1,49357600
-40,21169576;-1,31412700
-40,20145576;-1,13467800
-40,19121576;-1,13467800
-40,18097576;-1,13467800
-40,17073576;-1,13467800
-40,16049576;-1,13467800
-40,15025576;-1,13467800
-40,14001576;-0,95522930
-40,12977576;-0,77517010
-40,11953576;-0,77517010
-40,10929576;-0,77517010
-40,09905576;-0,59572130
-40,08881576;-0,59572130
-40,07857576;-0,59572130
-40,06833576;-0,41627250
-40,05809576;-0,59572130
-40,04785576;-0,41627250
-40,03761576;-0,41627250
-40,02737576;-0,41627250
-40,01713576;-0,23682360
-40,00689576;-0,23682360
-39,99665576;-0,05737480
-39,98641576;-0,05737480
-39,97617576;-0,05737480
-39,96593576;0,12207400
-39,95569576;-0,05737480
-39,94545576;-0,05737480
-39,93521576;0,30152290
-39,92497576;0,30152290
-39,91473576;0,30152290
-39,90449576;0,30152290
-39,89425576;0,48097170
-39,88401576;0,48097170
-39,87377576;0,66042050
-39,86353576;0,48097170
-39,85329576;0,66042050
-39,84305576;0,66042050
-39,83281576;0,66042050
-39,82257576;0,66042050
-39,81233576;0,84047970
-39,80209576;1,01992900
-39,79185576;1,01992900
-39,78161576;1,01992900
-39,77137576;1,01992900
-39,76113576;1,19937700
-39,75089576;1,19937700
-39,74065576;1,37882600
-39,73041577;1,37882600
-39,72017577;1,37882600
-39,70993577;1,37882600
-39,69969577;1,37882600
-39,68945577;1,73833400
-39,67921577;1,73833400
-39,66897577;1,73833400
-39,65873577;1,73833400
-39,64849577;1,73833400
-39,63825577;1,73833400
-39,62801577;1,91778300
-39,61777577;1,91778300
-39,60753577;2,09723200
-39,59729577;2,09723200
-39,58705577;2,09723200
-39,57681577;2,09723200
-39,56657577;2,09723200
-39,55633577;2,09723200
-39,54609577;2,27668100
-39,53585577;2,27668100
-39,52561577;2,45613000
-39,51537577;2,45613000
-39,50513577;2,45613000
-39,49489577;2,45613000
-39,48465577;2,45613000
-39,47441577;2,63618900
-39,46417577;2,63618900
-39,45393577;2,81563800
-39,44369577;2,81563800
-39,43345577;2,81563800
-39,42321577;2,81563800
-39,41297577;2,81563800
-39,40273577;2,81563800
-39,39249577;2,81563800
-39,38225577;2,81563800
-39,37201577;2,99508600
-39,36177577;3,17453500
-39,35153577;3,17453500
-39,34129577;3,17453500
-39,33105577;3,17453500
-39,32081577;3,17453500
-39,31057577;3,17453500
-39,30033577;3,17453500
-39,29009577;3,35398400
-39,27985577;3,53404300
-39,26961577;3,53404300
-39,25937577;3,53404300
-39,24913577;3,53404300
-39,23889577;3,53404300
-39,22865577;3,53404300
-39,21841577;3,53404300
-39,20817577;3,71349200
-39,19793577;3,71349200
-39,18769577;3,89294100
-39,17745577;3,89294100
-39,16721577;3,89294100
-39,15697577;3,89294100
-39,14673577;3,89294100
-39,13649577;3,89294100
-39,12625577;4,07239000
-39,11601577;4,25183900
-39,10577577;4,25183900
-39,09553577;4,25183900
-39,08529577;4,25183900
-39,07505577;4,43189800
-39,06481577;4,43189800
-39,05457577;4,61134700
-39,04433577;4,61134700
-39,03409577;4,61134700
-39,02385577;4,61134700
-39,01361577;4,61134700
-39,00337577;4,79079600
-38,99313577;4,97024400
-38,98289577;4,97024400
-38,97265577;4,97024400
-38,96241577;4,97024400
-38,95217577;4,97024400
-38,94193577;4,97024400
-38,93169577;4,97024400
-38,92145577;5,14969300
-38,91121577;5,32975200
-38,90097577;5,32975200
-38,89073577;5,32975200
-38,88049577;5,32975200
-38,87025577;5,32975200
-38,86001577;5,32975200
-38,84977577;5,32975200
-38,83953577;5,50920200
-38,82929577;5,50920200
-38,81905577;5,50920200
-38,80881577;5,68865000
-38,79857577;5,68865000
-38,78833577;5,68865000
-38,77809577;5,68865000
-38,76785577;5,68865000
-38,75761577;5,68865000
-38,74737577;5,68865000
-38,73713577;6,04754800
-38,72689577;6,04754800
-38,71665577;6,04754800
-38,70641577;6,04754800
-38,69617577;6,04754800
-38,68593577;6,04754800
-38,67569577;6,04754800
-38,66545577;6,22760700
-38,65521577;6,22760700
-38,64497577;6,40705600
-38,63473577;6,40705600
-38,62449577;6,40705600
-38,61425577;6,40705600
-38,60401577;6,58650500
-38,59377577;6,58650500
-38,58353577;6,58650500
-38,57329577;6,76595400
-38,56305577;6,76595400
-38,55281577;6,76595400
-38,54257577;6,94540200
-38,53233577;6,94540200
-38,52209577;6,94540200
-38,51185577;7,12546200
-38,50161577;7,12546200
-38,49137577;7,12546200
-38,48113577;7,30491100
-38,47089577;7,30491100
-38,46065577;7,48435900
-38,45041577;7,48435900
-38,44017577;7,48435900
-38,42993577;7,48435900
-38,41969577;7,48435900
-38,40945577;7,66380800
-38,39921577;7,84325700
-38,38897577;7,84325700
-38,37873577;7,84325700
-38,36849577;7,84325700
-38,35825577;7,84325700
-38,34801577;7,84325700
-38,33777577;7,84325700
-38,32753577;8,02331600
-38,31729577;8,02331600
-38,30705577;8,20276500
-38,29681577;8,20276500
-38,28657577;8,20276500
-38,27633577;8,20276500
-38,26609577;8,20276500
-38,25585577;8,20276500
-38,24561577;8,38221400
-38,23537577;8,38221400
-38,22513577;8,38221400
-38,21489577;8,56166300
-38,20465577;8,56166300
-38,19441577;8,56166300
-38,18417577;8,56166300
-38,17393577;8,56166300
-38,16369577;8,56166300
-38,15345577;8,56166300
-38,14321577;8,74111200
-38,13297577;8,74111200
-38,12273577;8,92117000
-38,11249577;8,92117000
-38,10225577;8,92117000
-38,09201577;8,92117000
-38,08177578;9,10061900
-38,07153578;9,10061900
-38,06129578;9,10061900
-38,05105578;9,10061900
-38,04081578;9,28006800
-38,03057578;9,28006800
-38,02033578;9,28006800
-38,01009578;9,28006800
-37,99985578;9,28006800
-37,98961578;9,28006800
-37,97937578;9,45951700
-37,96913578;9,45951700
-37,95889578;9,45951700
-37,94865578;9,45951700
-37,93841578;9,63896600
-37,92817578;9,63896600
-37,91793578;9,63896600
-37,90769578;9,63896600
-37,89745578;9,63896600
-37,88721578;9,81902500
-37,87697578;9,81902500
-37,86673578;9,81902500
-37,85649578;9,81902500
-37,84625578;9,81902500
-37,83601578;9,81902500
-37,82577578;9,99847400
-37,81553578;9,99847400
-37,80529578;9,99847400
-37,79505578;9,99847400
-37,78481578;9,99847400
-37,77457578;9,99847400
-37,76433578;9,99847400
-37,75409578;9,99847400
-37,74385578;9,99847400
-37,73361578;9,99847400
-37,72337578;10,17792000
-37,71313578;10,17792000
-37,70289578;10,35737000
-37,69265578;10,35737000
-37,68241578;10,35737000
-37,67217578;10,35737000
-37,66193578;10,35737000
-37,65169578;10,35737000
-37,64145578;10,35737000
-37,63121578;10,35737000
-37,62097578;10,35737000
-37,61073578;10,53682000
-37,60049578;10,35737000
-37,59025578;10,53682000
-37,58001578;10,53682000
-37,56977578;10,35737000
-37,55953578;10,53682000
-37,54929578;10,53682000
-37,53905578;10,71688000
-37,52881578;10,53682000
-37,51857578;10,53682000
-37,50833578;10,71688000
-37,49809578;10,71688000
-37,48785578;10,71688000
-37,47761578;10,71688000
-37,46737578;10,71688000
-37,45713578;10,71688000
-37,44689578;10,71688000
-37,43665578;10,71688000
-37,42641578;10,71688000
-37,41617578;10,71688000
-37,40593578;10,71688000
-37,39569578;10,89633000
-37,38545578;10,71688000
-37,37521578;10,89633000
-37,36497578;10,89633000
-37,35473578;10,89633000
-37,34449578;11,07578000
-37,33425578;11,07578000
-37,32401578;11,07578000
-37,31377578;11,07578000
-37,30353578;11,07578000
-37,29329578;11,25523000
-37,28305578;11,25523000
-37,27281578;11,25523000
-37,26257578;11,25523000
-37,25233578;11,43529000
-37,24209578;11,43529000
-37,23185578;11,43529000
-37,22161578;11,43529000
-37,21137578;11,43529000
-37,20113578;11,43529000
-37,19089578;11,61473000
-37,18065578;11,61473000
-37,17041578;11,61473000
-37,16017578;11,61473000
-37,14993578;11,61473000
-37,13969578;11,79418000
-37,12945578;11,79418000
-37,11921578;11,79418000
-37,10897578;11,79418000
-37,09873578;11,79418000
-37,08849578;11,79418000
-37,07825578;11,79418000
-37,06801578;11,79418000
-37,05777578;11,79418000
-37,04753578;11,79418000
-37,03729578;11,79418000
-37,02705578;11,79418000
-37,01681578;11,97363000
-37,00657578;11,97363000
-36,99633578;11,97363000
-36,98609578;11,97363000
-36,97585578;11,97363000
-36,96561578;11,97363000
-36,95537578;11,97363000
-36,94513578;11,97363000
-36,93489578;11,97363000
-36,92465578;11,97363000
-36,91441578;12,15308000
-36,90417578;12,15308000
-36,89393578;12,15308000
-36,88369578;11,97363000
-36,87345578;11,97363000
-36,86321578;12,15308000
-36,85297578;11,97363000
-36,84273578;12,15308000
-36,83249578;11,97363000
-36,82225578;12,15308000
-36,81201578;12,15308000
-36,80177578;12,15308000
-36,79153578;12,15308000
-36,78129578;12,15308000
-36,77105578;12,15308000
-36,76081578;12,15308000
-36,75057578;12,15308000
-36,74033578;12,15308000
-36,73009578;12,15308000
-36,71985578;12,15308000
-36,70961578;12,15308000
-36,69937578;12,15308000
-36,68913578;12,15308000
-36,67889578;12,15308000
-36,66865578;12,15308000
-36,65841578;12,15308000
-36,64817578;12,15308000
-36,63793578;12,15308000
-36,62769578;12,15308000
-36,61745578;12,15308000
-36,60721578;12,15308000
-36,59697578;12,15308000
-36,58673578;12,15308000
-36,57649578;12,15308000
-36,56625578;12,15308000
-36,55601578;12,15308000
-36,54577578;12,15308000
-36,53553578;12,15308000
-36,52529578;12,15308000
-36,51505578;12,15308000
-36,50481578;12,15308000
-36,49457578;12,15308000
-36,48433578;12,15308000
-36,47409578;12,15308000
-36,46385578;12,15308000
-36,45361578;12,15308000
-36,44337578;12,15308000
-36,43313579;12,15308000
-36,42289579;12,15308000
-36,41265579;12,15308000
-36,40241579;12,15308000
-36,39217579;12,15308000
-36,38193579;12,15308000
-36,37169579;12,15308000
-36,36145579;12,15308000
-36,35121579;12,15308000
-36,34097579;12,15308000
-36,33073579;12,15308000
-36,32049579;12,15308000
-36,31025579;12,15308000
-36,30001579;12,15308000
-36,28977579;12,15308000
-36,27953579;12,15308000
-36,26929579;12,15308000
-36,25905579;12,15308000
-36,24881579;12,15308000
-36,23857579;12,15308000
-36,22833579;12,15308000
-36,21809579;12,15308000
-36,20785579;12,15308000
-36,19761579;12,15308000
-36,18737579;12,15308000
-36,17713579;12,15308000
-36,16689579;12,15308000
-36,15665579;12,15308000
-36,14641579;12,15308000
-36,13617579;12,15308000
-36,12593579;12,15308000
-36,11569579;12,15308000
-36,10545579;12,15308000
-36,09521579;12,15308000
-36,08497579;12,15308000
-36,07473579;12,15308000
-36,06449579;12,15308000
-36,05425579;12,15308000
-36,04401579;12,15308000
-36,03377579;12,15308000
-36,02353579;12,15308000
-36,01329579;12,15308000
-36,00305579;12,15308000
-35,99281579;12,33314000
-35,98257579;12,15308000
-35,97233579;12,15308000
-35,96209579;12,15308000
-35,95185579;12,15308000
-35,94161579;12,15308000
-35,93137579;12,15308000
-35,92113579;12,33314000
-35,91089579;12,15308000
-35,90065579;12,15308000
-35,89041579;12,15308000
-35,88017579;12,15308000
-35,86993579;12,15308000
-35,85969579;12,15308000
-35,84945579;12,15308000
-35,83921579;12,15308000
-35,82897579;12,15308000
-35,81873579;12,15308000
-35,80849579;12,15308000
-35,79825579;12,33314000
-35,78801579;12,15308000
-35,77777579;12,15308000
-35,76753579;12,15308000
-35,75729579;12,15308000
-35,74705579;12,15308000
-35,73681579;12,15308000
-35,72657579;12,15308000
-35,71633579;12,33314000
-35,70609579;12,33314000
-35,69585579;12,33314000
-35,68561579;12,15308000
-35,67537579;12,15308000
-35,66513579;12,15308000
-35,65489579;12,33314000
-35,64465579;12,15308000
-35,63441579;12,15308000
-35,62417579;12,15308000
-35,61393579;12,15308000
-35,60369579;12,15308000
-35,59345579;12,33314000
-35,58321579;12,15308000
-35,57297579;12,15308000
-35,56273579;12,15308000
-35,55249579;12,33314000
-35,54225579;12,15308000
-35,53201579;12,15308000
-35,52177579;12,15308000
-35,51153579;12,15308000
-35,50129579;12,15308000
-35,49105579;12,15308000
-35,48081579;12,15308000
-35,47057579;12,15308000
-35,46033579;12,15308000
-35,45009579;12,15308000
-35,43985579;12,15308000
-35,42961579;12,15308000
-35,41937579;12,15308000
-35,40913579;12,15308000
-35,39889579;12,15308000
-35,38865579;12,15308000
-35,37841579;12,15308000
-35,36817579;11,97363000
-35,35793579;12,15308000
-35,34769579;12,15308000
-35,33745579;11,79418000
-35,32721579;11,97363000
-35,31697579;11,97363000
-35,30673579;11,97363000
-35,29649579;11,97363000
-35,28625579;11,79418000
-35,27601579;11,79418000
-35,26577579;11,79418000
-35,25553579;11,79418000
-35,24529579;11,79418000
-35,23505579;11,79418000
-35,22481579;11,79418000
-35,21457579;11,97363000
-35,20433579;11,79418000
-35,19409579;11,79418000
-35,18385579;11,79418000
-35,17361579;11,79418000
-35,16337579;11,61473000
-35,15313579;11,79418000
-35,14289579;11,61473000
-35,13265579;11,61473000
-35,12241579;11,79418000
-35,11217579;11,79418000
-35,10193579;11,79418000
-35,09169579;11,43529000
-35,08145579;11,43529000
-35,07121579;11,43529000
-35,06097579;11,43529000
-35,05073579;11,43529000
-35,04049579;11,43529000
-35,03025579;11,43529000
-35,02001579;11,43529000
-35,00977579;11,79418000
-34,99953579;11,61473000
-34,98929579;11,43529000
-34,97905579;11,43529000
-34,96881579;11,43529000
-34,95857579;11,43529000
-34,94833579;11,43529000
-34,93809579;11,43529000
-34,92785579;11,43529000
-34,91761579;11,61473000
-34,90737579;11,61473000
-34,89713579;11,61473000
-34,88689579;11,43529000
-34,87665579;11,43529000
-34,86641579;11,43529000
-34,85617579;11,43529000
-34,84593579;11,43529000
-34,83569579;11,43529000
-34,82545579;11,43529000
-34,81521579;11,43529000
-34,80497579;11,43529000
-34,79473580;11,43529000
-34,78449580;11,43529000
-34,77425580;11,43529000
-34,76401580;11,25523000
-34,75377580;11,43529000
-34,74353580;11,43529000
-34,73329580;11,43529000
-34,72305580;11,43529000
-34,71281580;11,43529000
-34,70257580;11,43529000
-34,69233580;11,43529000
-34,68209580;11,25523000
-34,67185580;11,07578000
-34,66161580;11,25523000
-34,65137580;11,25523000
-34,64113580;11,07578000
-34,63089580;11,07578000
-34,62065580;11,25523000
-34,61041580;11,25523000
-34,60017580;11,07578000
-34,58993580;11,07578000
-34,57969580;11,07578000
-34,56945580;10,71688000
-34,55921580;10,89633000
-34,54897580;10,89633000
-34,53873580;11,07578000
-34,52849580;10,89633000
-34,51825580;11,07578000
-34,50801580;11,07578000
-34,49777580;10,89633000
-34,48753580;10,71688000
-34,47729580;10,71688000
-34,46705580;10,35737000
-34,45681580;10,71688000
-34,44657580;10,71688000
-34,43633580;10,71688000
-34,42609580;10,71688000
-34,41585580;10,71688000
-34,40561580;10,71688000
-34,39537580;10,53682000
-34,38513580;10,53682000
-34,37489580;10,35737000
-34,36465580;10,35737000
-34,35441580;10,35737000
-34,34417580;10,35737000
-34,33393580;10,35737000
-34,32369580;10,35737000
-34,31345580;10,35737000
-34,30321580;10,35737000
-34,29297580;10,35737000
-34,28273580;10,17792000
-34,27249580;9,99847400
-34,26225580;9,99847400
-34,25201580;9,99847400
-34,24177580;9,99847400
-34,23153580;9,99847400
-34,22129580;9,99847400
-34,21105580;9,99847400
-34,20081580;9,99847400
-34,19057580;9,99847400
-34,18033580;9,81902500
-34,17009580;9,63896600
-34,15985580;9,63896600
-34,14961580;9,81902500
-34,13937580;9,63896600
-34,12913580;9,63896600
-34,11889580;9,63896600
-34,10865580;9,81902500
-34,09841580;9,63896600
-34,08817580;9,63896600
-34,07793580;9,45951700
-34,06769580;9,28006800
-34,05745580;9,28006800
-34,04721580;9,28006800
-34,03697580;9,28006800
-34,02673580;9,28006800
-34,01649580;9,28006800
-34,00625580;9,28006800
-33,99601580;9,28006800
-33,98577580;9,28006800
-33,97553580;9,10061900
-33,96529580;8,92117000
-33,95505580;8,92117000
-33,94481580;8,92117000
-33,93457580;8,92117000
-33,92433580;9,10061900
-33,91409580;9,10061900
-33,90385580;9,10061900
-33,89361580;8,92117000
-33,88337580;8,92117000
-33,87313580;8,74111200
-33,86289580;8,56166300
-33,85265580;8,56166300
-33,84241580;8,74111200
-33,83217580;8,56166300
-33,82193580;8,56166300
-33,81169580;8,56166300
-33,80145580;8,56166300
-33,79121580;8,56166300
-33,78097580;8,56166300
-33,77073580;8,38221400
-33,76049580;8,20276500
-33,75025580;8,38221400
-33,74001580;8,20276500
-33,72977580;8,38221400
-33,71953580;8,20276500
-33,70929580;8,38221400
-33,69905580;8,20276500
-33,68881580;8,20276500
-33,67857580;8,02331600
-33,66833580;7,84325700
-33,65809580;7,84325700
-33,64785580;7,84325700
-33,63761580;7,84325700
-33,62737580;7,84325700
-33,61713580;7,84325700
-33,60689580;7,84325700
-33,59665580;7,84325700
-33,58641580;7,66380800
-33,57617580;7,48435900
-33,56593580;7,48435900
-33,55569580;7,48435900
-33,54545580;7,48435900
-33,53521580;7,48435900
-33,52497580;7,48435900
-33,51473580;7,48435900
-33,50449580;7,48435900
-33,49425580;7,48435900
-33,48401580;7,30491100
-33,47377580;7,12546200
-33,46353580;6,94540200
-33,45329580;6,76595400
-33,44305580;7,12546200
-33,43281580;7,12546200
-33,42257580;6,94540200
-33,41233580;7,12546200
-33,40209580;7,12546200
-33,39185580;6,76595400
-33,38161580;6,76595400
-33,37137580;6,40705600
-33,36113580;6,40705600
-33,35089580;6,40705600
-33,34065580;6,40705600
-33,33041580;6,40705600
-33,32017580;6,40705600
-33,30993580;6,40705600
-33,29969580;6,40705600
-33,28945580;6,22760700
-33,27921580;6,04754800
-33,26897580;6,04754800
-33,25873580;6,04754800
-33,24849580;6,04754800
-33,23825580;6,04754800
-33,22801580;5,68865000
-33,21777580;5,68865000
-33,20753580;5,68865000
-33,19729580;5,68865000
-33,18705580;5,50920200
-33,17681580;5,32975200
-33,16657580;5,32975200
-33,15633580;5,32975200
-33,14609581;5,32975200
-33,13585581;5,32975200
-33,12561581;5,14969300
-33,11537581;5,14969300
-33,10513581;4,97024400
-33,09489581;4,97024400
-33,08465581;4,97024400
-33,07441581;4,97024400
-33,06417581;4,79079600
-33,05393581;4,79079600
-33,04369581;4,61134700
-33,03345581;4,79079600
-33,02321581;4,61134700
-33,01297581;4,61134700
-33,00273581;4,61134700
-32,99249581;4,43189800
-32,98225581;4,25183900
-32,97201581;4,25183900
-32,96177581;4,25183900
-32,95153581;4,07239000
-32,94129581;4,07239000
-32,93105581;4,25183900
-32,92081581;4,07239000
-32,91057581;4,07239000
-32,90033581;4,07239000
-32,89009581;4,07239000
-32,87985581;3,89294100
-32,86961581;3,89294100
-32,85937581;3,53404300
-32,84913581;3,53404300
-32,83889581;3,71349200
-32,82865581;3,71349200
-32,81841581;3,53404300
-32,80817581;3,71349200
-32,79793581;3,71349200
-32,78769581;3,53404300
-32,77745581;3,53404300
-32,76721581;3,17453500
-32,75697581;3,17453500
-32,74673581;3,17453500
-32,73649581;3,17453500
-32,72625581;3,17453500
-32,71601581;3,17453500
-32,70577581;3,17453500
-32,69553581;3,17453500
-32,68529581;2,81563800
-32,67505581;2,81563800
-32,66481581;2,63618900
-32,65457581;2,45613000
-32,64433581;2,45613000
-32,63409581;2,45613000
-32,62385581;2,45613000
-32,61361581;2,45613000
-32,60337581;2,45613000
-32,59313581;2,45613000
-32,58289581;2,09723200
-32,57265581;2,09723200
-32,56241581;1,73833400
-32,55217581;1,73833400
-32,54193581;1,73833400
-32,53169581;1,73833400
-32,52145581;1,73833400
-32,51121581;1,73833400
-32,50097581;1,73833400
-32,49073581;1,73833400
-32,48049581;1,37882600
-32,47025581;1,37882600
-32,46001581;1,19937700
-32,44977581;1,01992900
-32,43953581;1,01992900
-32,42929581;1,01992900
-32,41905581;1,19937700
-32,40881581;1,01992900
-32,39857581;1,01992900
-32,38833581;1,01992900
-32,37809581;1,01992900
-32,36785581;0,66042050
-32,35761581;0,66042050
-32,34737581;0,66042050
-32,33713581;0,66042050
-32,32689581;0,66042050
-32,31665581;0,66042050
-32,30641581;0,66042050
-32,29617581;0,66042050
-32,28593581;0,66042050
-32,27569581;0,30152290
-32,26545581;0,30152290
-32,25521581;0,12207400
-32,24497581;0,12207400
-32,23473581;-0,05737480
-32,22449581;0,12207400
-32,21425581;-0,05737480
-32,20401581;0,12207400
-32,19377581;-0,05737480
-32,18353581;-0,05737480
-32,17329581;-0,23682360
-32,16305581;-0,41627250
-32,15281581;-0,41627250
-32,14257581;-0,41627250
-32,13233581;-0,59572130
-32,12209581;-0,59572130
-32,11185581;-0,41627250
-32,10161581;-0,59572130
-32,09137581;-0,59572130
-32,08113581;-0,77517010
-32,07089581;-0,95522930
-32,06065581;-1,13467800
-32,05041581;-1,13467800
-32,04017581;-1,13467800
-32,02993581;-1,13467800
-32,01969581;-1,13467800
-32,00945581;-1,31412700
-31,99921581;-1,31412700
-31,98897581;-1,49357600
-31,97873581;-1,49357600
-31,96849581;-1,67302500
-31,95825581;-1,85308400
-31,94801581;-1,85308400
-31,93777581;-1,85308400
-31,92753581;-1,85308400
-31,91729581;-1,85308400
-31,90705581;-1,85308400
-31,89681581;-2,03253300
-31,88657581;-2,21198200
-31,87633581;-2,21198200
-31,86609581;-2,39143000
-31,85585581;-2,57087900
-31,84561581;-2,57087900
-31,83537581;-2,57087900
-31,82513581;-2,57087900
-31,81489581;-2,57087900
-31,80465581;-2,57087900
-31,79441581;-2,57087900
-31,78417581;-2,57087900
-31,77393581;-2,93038700
-31,76369581;-2,93038700
-31,75345581;-3,10983600
-31,74321581;-3,10983600
-31,73297581;-3,10983600
-31,72273581;-3,10983600
-31,71249581;-3,10983600
-31,70225581;-3,10983600
-31,69201581;-2,93038700
-31,68177581;-3,28928500
-31,67153581;-3,28928500
-31,66129581;-3,64879300
-31,65105581;-3,64879300
-31,64081581;-3,64879300
-31,63057581;-3,64879300
-31,62033581;-3,64879300
-31,61009581;-3,64879300
-31,59985581;-3,46873400
-31,58961581;-3,46873400
-31,57937581;-3,64879300
-31,56913581;-3,82824200
-31,55889581;-3,82824200
-31,54865581;-4,00769000
-31,53841581;-4,00769000
-31,52817581;-4,00769000
-31,51793581;-4,00769000
-31,50769581;-4,00769000
-31,49745582;-4,00769000
-31,48721582;-4,00769000
-31,47697582;-4,18714000
-31,46673582;-4,36658800
-31,45649582;-4,36658800
-31,44625582;-4,36658800
-31,43601582;-4,36658800
-31,42577582;-4,36658800
-31,41553582;-4,36658800
-31,40529582;-4,36658800
-31,39505582;-4,36658800
-31,38481582;-4,72609600
-31,37457582;-4,72609600
-31,36433582;-4,90554500
-31,35409582;-5,08499400
-31,34385582;-5,08499400
-31,33361582;-4,90554500
-31,32337582;-5,08499400
-31,31313582;-5,08499400
-31,30289582;-5,08499400
-31,29265582;-5,08499400
-31,28241582;-5,08499400
-31,27217582;-5,26444300
-31,26193582;-5,44450200
-31,25169582;-5,44450200
-31,24145582;-5,44450200
-31,23121582;-5,44450200
-31,22097582;-5,44450200
-31,21073582;-5,44450200
-31,20049582;-5,44450200
-31,19025582;-5,62395100
-31,18001582;-5,80340000
-31,16977582;-5,80340000
-31,15953582;-5,98284900
-31,14929582;-5,80340000
-31,13905582;-5,80340000
-31,12881582;-5,80340000
-31,11857582;-5,80340000
-31,10833582;-5,80340000
-31,09809582;-5,80340000
-31,08785582;-5,80340000
-31,07761582;-5,80340000
-31,06737582;-5,98284900
-31,05713582;-5,80340000
-31,04689582;-5,98284900
-31,03665582;-5,80340000
-31,02641582;-5,80340000
-31,01617582;-5,80340000
-31,00593582;-5,98284900
-30,99569582;-5,80340000
-30,98545582;-5,80340000
-30,97521582;-5,80340000
-30,96497582;-5,80340000
-30,95473582;-5,80340000
-30,94449582;-5,80340000
-30,93425582;-5,80340000
-30,92401582;-5,80340000
-30,91377582;-5,98284900
-30,90353582;-5,80340000
-30,89329582;-5,80340000
-30,88305582;-5,80340000
-30,87281582;-5,80340000
-30,86257582;-5,80340000
-30,85233582;-5,80340000
-30,84209582;-5,80340000
-30,83185582;-5,80340000
-30,82161582;-5,80340000
-30,81137582;-5,80340000
-30,80113582;-5,80340000
-30,79089582;-5,80340000
-30,78065582;-5,80340000
-30,77041582;-5,80340000
-30,76017582;-5,80340000
-30,74993582;-5,80340000
-30,73969582;-5,80340000
-30,72945582;-5,80340000
-30,71921582;-5,80340000
-30,70897582;-5,80340000
-30,69873582;-5,80340000
-30,68849582;-5,80340000
-30,67825582;-5,80340000
-30,66801582;-5,80340000
-30,65777582;-5,80340000
-30,64753582;-5,80340000
-30,63729582;-5,80340000
-30,62705582;-5,80340000
-30,61681582;-5,80340000
-30,60657582;-5,80340000
-30,59633582;-5,80340000
-30,58609582;-5,80340000
-30,57585582;-5,80340000
-30,56561582;-5,80340000
-30,55537582;-5,80340000
-30,54513582;-5,80340000
-30,53489582;-5,80340000
-30,52465582;-5,80340000
-30,51441582;-5,80340000
-30,50417582;-5,80340000
-30,49393582;-5,80340000
-30,48369582;-5,80340000
-30,47345582;-5,80340000
-30,46321582;-5,80340000
-30,45297582;-5,80340000
-30,44273582;-5,80340000
-30,43249582;-5,80340000
-30,42225582;-5,80340000
-30,41201582;-5,80340000
-30,40177582;-5,80340000
-30,39153582;-5,80340000
-30,38129582;-5,80340000
-30,37105582;-5,80340000
-30,36081582;-5,80340000
-30,35057582;-5,80340000
-30,34033582;-5,80340000
-30,33009582;-5,80340000
-30,31985582;-5,80340000
-30,30961582;-5,80340000
-30,29937582;-5,80340000
-30,28913582;-5,80340000
-30,27889582;-5,80340000
-30,26865582;-5,80340000
-30,25841582;-5,80340000
-30,24817582;-5,80340000
-30,23793582;-5,80340000
-30,22769582;-5,80340000
-30,21745582;-5,80340000
-30,20721582;-5,80340000
-30,19697582;-5,80340000
-30,18673582;-5,80340000
-30,17649582;-5,80340000
-30,16625582;-5,80340000
-30,15601582;-5,80340000
-30,14577582;-5,80340000
-30,13553582;-5,80340000
-30,12529582;-5,80340000
-30,11505582;-5,80340000
-30,10481582;-5,80340000
-30,09457582;-5,80340000
-30,08433582;-5,80340000
-30,07409582;-5,80340000
-30,06385582;-5,80340000
-30,05361582;-5,80340000
-30,04337582;-5,80340000
-30,03313582;-5,80340000
-30,02289582;-5,80340000
-30,01265582;-5,80340000
-30,00241582;-5,80340000
-29,99217582;-5,80340000
-29,98193582;-5,80340000
-29,97169582;-5,80340000
-29,96145582;-5,80340000
-29,95121582;-5,80340000
-29,94097582;-5,80340000
-29,93073582;-5,80340000
-29,92049582;-5,80340000
-29,91025582;-5,80340000
-29,90001582;-5,80340000
-29,88977582;-5,80340000
-29,87953582;-5,80340000
-29,86929582;-5,80340000
-29,85905582;-5,80340000
-29,84881583;-5,80340000
-29,83857583;-5,80340000
-29,82833583;-5,80340000
-29,81809583;-5,80340000
-29,80785583;-5,80340000
-29,79761583;-5,80340000
-29,78737583;-5,80340000
-29,77713583;-5,80340000
-29,76689583;-5,80340000
-29,75665583;-5,80340000
-29,74641583;-5,80340000
-29,73617583;-5,80340000
-29,72593583;-5,80340000
-29,71569583;-5,80340000
-29,70545583;-5,80340000
-29,69521583;-5,80340000
-29,68497583;-5,80340000
-29,67473583;-5,80340000
-29,66449583;-5,80340000
-29,65425583;-5,80340000
-29,64401583;-5,80340000
-29,63377583;-5,80340000
-29,62353583;-5,80340000
-29,61329583;-5,80340000
-29,60305583;-5,80340000
-29,59281583;-5,80340000
-29,58257583;-5,80340000
-29,57233583;-5,80340000
-29,56209583;-5,80340000
-29,55185583;-5,80340000
-29,54161583;-5,80340000
-29,53137583;-5,80340000
-29,52113583;-5,80340000
-29,51089583;-5,80340000
-29,50065583;-5,80340000
-29,49041583;-5,80340000
-29,48017583;-5,80340000
-29,46993583;-5,80340000
-29,45969583;-5,80340000
-29,44945583;-5,80340000
-29,43921583;-5,80340000
-29,42897583;-5,80340000
-29,41873583;-5,80340000
-29,40849583;-5,80340000
-29,39825583;-5,80340000
-29,38801583;-5,80340000
-29,37777583;-5,80340000
-29,36753583;-5,80340000
-29,35729583;-5,80340000
-29,34705583;-5,80340000
-29,33681583;-5,80340000
-29,32657583;-5,80340000
-29,31633583;-5,80340000
-29,30609583;-5,80340000
-29,29585583;-5,80340000
-29,28561583;-5,80340000
-29,27537583;-5,80340000
-29,26513583;-5,80340000
-29,25489583;-5,80340000
-29,24465583;-5,80340000
-29,23441583;-5,80340000
-29,22417583;-5,80340000
-29,21393583;-5,80340000
-29,20369583;-5,80340000
-29,19345583;-5,80340000
-29,18321583;-5,80340000
-29,17297583;-5,80340000
-29,16273583;-5,80340000
-29,15249583;-5,80340000
-29,14225583;-5,80340000
-29,13201583;-5,80340000
-29,12177583;-5,80340000
-29,11153583;-5,80340000
-29,10129583;-5,80340000
-29,09105583;-5,80340000
-29,08081583;-5,80340000
-29,07057583;-5,80340000
-29,06033583;-5,80340000
-29,05009583;-5,80340000
-29,03985583;-5,80340000
-29,02961583;-5,80340000
-29,01937583;-5,80340000
-29,00913583;-5,80340000
-28,99889583;-5,80340000
-28,98865583;-5,80340000
-28,97841583;-5,80340000
-28,96817583;-5,80340000
-28,95793583;-5,80340000
-28,94769583;-5,80340000
-28,93745583;-5,80340000
-28,92721583;-5,80340000
-28,91697583;-5,80340000
-28,90673583;-5,80340000
-28,89649583;-5,80340000
-28,88625583;-5,80340000
-28,87601583;-5,80340000
-28,86577583;-5,80340000
-28,85553583;-5,80340000
-28,84529583;-5,80340000
-28,83505583;-5,80340000
-28,82481583;-5,80340000
-28,81457583;-5,80340000
-28,80433583;-5,80340000
-28,79409583;-5,80340000
-28,78385583;-5,80340000
-28,77361583;-5,80340000
-28,76337583;-5,80340000
-28,75313583;-5,80340000
-28,74289583;-5,80340000
-28,73265583;-5,80340000
-28,72241583;-5,80340000
-28,71217583;-5,80340000
-28,70193583;-5,80340000
-28,69169583;-5,80340000
-28,68145583;-5,80340000
-28,67121583;-5,80340000
-28,66097583;-5,80340000
-28,65073583;-5,80340000
-28,64049583;-5,80340000
-28,63025583;-5,80340000
-28,62001583;-5,80340000
-28,60977583;-5,80340000
-28,59953583;-5,80340000
-28,58929583;-5,80340000
-28,57905583;-5,80340000
-28,56881583;-5,80340000
-28,55857583;-5,80340000
-28,54833583;-5,80340000
-28,53809583;-5,80340000
-28,52785583;-5,80340000
-28,51761583;-5,80340000
-28,50737583;-5,80340000
-28,49713583;-5,80340000
-28,48689583;-5,80340000
-28,47665583;-5,80340000
-28,46641583;-5,80340000
-28,45617583;-5,80340000
-28,44593583;-5,80340000
-28,43569583;-5,80340000
-28,42545583;-5,80340000
-28,41521583;-5,80340000
-28,40497583;-5,80340000
-28,39473583;-5,80340000
-28,38449583;-5,80340000
-28,37425583;-5,80340000
-28,36401583;-5,80340000
-28,35377583;-5,80340000
-28,34353583;-5,80340000
-28,33329583;-5,80340000
-28,32305583;-5,80340000
-28,31281583;-5,80340000
-28,30257583;-5,80340000
-28,29233583;-5,80340000
-28,28209583;-5,80340000
-28,27185583;-5,80340000
-28,26161583;-5,80340000
-28,25137583;-5,80340000
-28,24113583;-5,80340000
-28,23089583;-5,80340000
-28,22065583;-5,80340000
-28,21041584;-5,80340000
-28,20017584;-5,80340000
-28,18993584;-5,80340000
-28,17969584;-5,80340000
-28,16945584;-5,80340000
-28,15921584;-5,80340000
-28,14897584;-5,80340000
-28,13873584;-5,80340000
-28,12849584;-5,80340000
-28,11825584;-5,80340000
-28,10801584;-5,80340000
-28,09777584;-5,80340000
-28,08753584;-5,80340000
-28,07729584;-5,80340000
-28,06705584;-5,80340000
-28,05681584;-5,80340000
-28,04657584;-5,80340000
-28,03633584;-5,80340000
-28,02609584;-5,80340000
-28,01585584;-5,80340000
-28,00561584;-5,80340000
-27,99537584;-5,80340000
-27,98513584;-5,80340000
-27,97489584;-5,80340000
-27,96465584;-5,80340000
-27,95441584;-5,80340000
-27,94417584;-5,80340000
-27,93393584;-5,80340000
-27,92369584;-5,80340000
-27,91345584;-5,80340000
-27,90321584;-5,80340000
-27,89297584;-5,80340000
-27,88273584;-5,80340000
-27,87249584;-5,80340000
-27,86225584;-5,80340000
-27,85201584;-5,80340000
-27,84177584;-5,80340000
-27,83153584;-5,80340000
-27,82129584;-5,80340000
-27,81105584;-5,80340000
-27,80081584;-5,62395100
-27,79057584;-5,80340000
-27,78033584;-5,80340000
-27,77009584;-5,80340000
-27,75985584;-5,80340000
-27,74961584;-5,80340000
-27,73937584;-5,80340000
-27,72913584;-5,80340000
-27,71889584;-5,80340000
-27,70865584;-5,80340000
-27,69841584;-5,62395100
-27,68817584;-5,80340000
-27,67793584;-5,80340000
-27,66769584;-5,80340000
-27,65745584;-5,62395100
-27,64721584;-5,80340000
-27,63697584;-5,80340000
-27,62673584;-5,80340000
-27,61649584;-5,80340000
-27,60625584;-5,80340000
-27,59601584;-5,80340000
-27,58577584;-5,80340000
-27,57553584;-5,80340000
-27,56529584;-5,80340000
-27,55505584;-5,80340000
-27,54481584;-5,62395100
-27,53457584;-5,80340000
-27,52433584;-5,80340000
-27,51409584;-5,80340000
-27,50385584;-5,62395100
-27,49361584;-5,62395100
-27,48337584;-5,80340000
-27,47313584;-5,62395100
-27,46289584;-5,80340000
-27,45265584;-5,80340000
-27,44241584;-5,80340000
-27,43217584;-5,80340000
-27,42193584;-5,80340000
-27,41169584;-5,80340000
-27,40145584;-5,80340000
-27,39121584;-5,80340000
-27,38097584;-5,80340000
-27,37073584;-5,62395100
-27,36049584;-5,80340000
-27,35025584;-5,80340000
-27,34001584;-5,80340000
-27,32977584;-5,80340000
-27,31953584;-5,80340000
-27,30929584;-5,80340000
-27,29905584;-5,80340000
-27,28881584;-5,80340000
-27,27857584;-5,80340000
-27,26833584;-5,80340000
-27,25809584;-5,80340000
-27,24785584;-5,80340000
-27,23761584;-5,62395100
-27,22737584;-5,80340000
-27,21713584;-5,80340000
-27,20689584;-5,80340000
-27,19665584;-5,80340000
-27,18641584;-5,80340000
-27,17617584;-5,80340000
-27,16593584;-5,80340000
-27,15569584;-5,80340000
-27,14545584;-5,80340000
-27,13521584;-5,62395100
-27,12497584;-5,62395100
-27,11473584;-5,62395100
-27,10449584;-5,62395100
-27,09425584;-5,80340000
-27,08401584;-5,80340000
-27,07377584;-5,80340000
-27,06353584;-5,80340000
-27,05329584;-5,80340000
-27,04305584;-5,80340000
-27,03281584;-5,80340000
-27,02257584;-5,80340000
-27,01233584;-5,80340000
-27,00209584;-5,80340000
-26,99185584;-5,80340000
-26,98161584;-5,80340000
-26,97137584;-5,80340000
-26,96113584;-5,62395100
-26,95089584;-5,62395100
-26,94065584;-5,80340000
-26,93041584;-5,80340000
-26,92017584;-5,62395100
-26,90993584;-5,80340000
-26,89969584;-5,80340000
-26,88945584;-5,80340000
-26,87921584;-5,80340000
-26,86897584;-5,80340000
-26,85873584;-5,62395100
-26,84849584;-5,62395100
-26,83825584;-5,80340000
-26,82801584;-5,62395100
-26,81777584;-5,80340000
-26,80753584;-5,62395100
-26,79729584;-5,62395100
-26,78705584;-5,62395100
-26,77681584;-5,62395100
-26,76657584;-5,80340000
-26,75633584;-5,62395100
-26,74609584;-5,44450200
-26,73585584;-5,62395100
-26,72561584;-5,62395100
-26,71537584;-5,62395100
-26,70513584;-5,80340000
-26,69489584;-5,80340000
-26,68465584;-5,80340000
-26,67441584;-5,80340000
-26,66417584;-5,80340000
-26,65393584;-5,62395100
-26,64369584;-5,62395100
-26,63345584;-5,62395100
-26,62321584;-5,44450200
-26,61297584;-5,44450200
-26,60273584;-5,62395100
-26,59249584;-5,80340000
-26,58225584;-5,62395100
-26,57201584;-5,62395100
-26,56177585;-5,62395100
-26,55153585;-5,62395100
-26,54129585;-5,62395100
-26,53105585;-5,62395100
-26,52081585;-5,80340000
-26,51057585;-5,80340000
-26,50033585;-5,62395100
-26,49009585;-5,62395100
-26,47985585;-5,62395100
-26,46961585;-5,62395100
-26,45937585;-5,80340000
-26,44913585;-5,62395100
-26,43889585;-5,62395100
-26,42865585;-5,62395100
-26,41841585;-5,62395100
-26,40817585;-5,80340000
-26,39793585;-5,62395100
-26,38769585;-5,62395100
-26,37745585;-5,62395100
-26,36721585;-5,62395100
-26,35697585;-5,80340000
-26,34673585;-5,80340000
-26,33649585;-5,62395100
-26,32625585;-5,80340000
-26,31601585;-5,80340000
-26,30577585;-5,62395100
-26,29553585;-5,62395100
-26,28529585;-5,62395100
-26,27505585;-5,62395100
-26,26481585;-5,62395100
-26,25457585;-5,44450200
-26,24433585;-5,62395100
-26,23409585;-5,62395100
-26,22385585;-5,62395100
-26,21361585;-5,62395100
-26,20337585;-5,62395100
-26,19313585;-5,62395100
-26,18289585;-5,62395100
-26,17265585;-5,62395100
-26,16241585;-5,44450200
-26,15217585;-5,44450200
-26,14193585;-5,62395100
-26,13169585;-5,62395100
-26,12145585;-5,62395100
-26,11121585;-5,62395100
-26,10097585;-5,62395100
-26,09073585;-5,62395100
-26,08049585;-5,62395100
-26,07025585;-5,62395100
-26,06001585;-5,62395100
-26,04977585;-5,62395100
-26,03953585;-5,44450200
-26,02929585;-5,62395100
-26,01905585;-5,62395100
-26,00881585;-5,62395100
-25,99857585;-5,44450200
-25,98833585;-5,62395100
-25,97809585;-5,62395100
-25,96785585;-5,62395100
-25,95761585;-5,44450200
-25,94737585;-5,62395100
-25,93713585;-5,62395100
-25,92689585;-5,44450200
-25,91665585;-5,62395100
-25,90641585;-5,44450200
-25,89617585;-5,62395100
-25,88593585;-5,62395100
-25,87569585;-5,62395100
-25,86545585;-5,44450200
-25,85521585;-5,44450200
-25,84497585;-5,44450200
-25,83473585;-5,80340000
-25,82449585;-5,62395100
-25,81425585;-5,44450200
-25,80401585;-5,44450200
-25,79377585;-5,62395100
-25,78353585;-5,44450200
-25,77329585;-5,44450200
-25,76305585;-5,44450200
-25,75281585;-5,62395100
-25,74257585;-5,62395100
-25,73233585;-5,44450200
-25,72209585;-5,44450200
-25,71185585;-5,62395100
-25,70161585;-5,62395100
-25,69137585;-5,62395100
-25,68113585;-5,62395100
-25,67089585;-5,62395100
-25,66065585;-5,44450200
-25,65041585;-5,62395100
-25,64017585;-5,62395100
-25,62993585;-5,44450200
-25,61969585;-5,62395100
-25,60945585;-5,44450200
-25,59921585;-5,44450200
-25,58897585;-5,44450200
-25,57873585;-5,62395100
-25,56849585;-5,44450200
-25,55825585;-5,44450200
-25,54801585;-5,44450200
-25,53777585;-5,44450200
-25,52753585;-5,62395100
-25,51729585;-5,44450200
-25,50705585;-5,62395100
-25,49681585;-5,44450200
-25,48657585;-5,44450200
-25,47633585;-5,62395100
-25,46609585;-5,44450200
-25,45585585;-5,62395100
-25,44561585;-5,62395100
-25,43537585;-5,44450200
-25,42513585;-5,44450200
-25,41489585;-5,44450200
-25,40465585;-5,62395100
-25,39441585;-5,62395100
-25,38417585;-5,44450200
-25,37393585;-5,44450200
-25,36369585;-5,44450200
-25,35345585;-5,44450200
-25,34321585;-5,44450200
-25,33297585;-5,62395100
-25,32273585;-5,44450200
-25,31249585;-5,44450200
-25,30225585;-5,62395100
-25,29201585;-5,44450200
-25,28177585;-5,62395100
-25,27153585;-5,44450200
-25,26129585;-5,44450200
-25,25105585;-5,44450200
-25,24081585;-5,44450200
-25,23057585;-5,44450200
-25,22033585;-5,62395100
-25,21009585;-5,44450200
-25,19985585;-5,62395100
-25,18961585;-5,44450200
-25,17937585;-5,44450200
-25,16913585;-5,62395100
-25,15889585;-5,44450200
-25,14865585;-5,44450200
-25,13841585;-5,62395100
-25,12817585;-5,44450200
-25,11793585;-5,62395100
-25,10769585;-5,44450200
-25,09745585;-5,44450200
-25,08721585;-5,62395100
-25,07697585;-5,44450200
-25,06673585;-5,44450200
-25,05649585;-5,44450200
-25,04625585;-5,44450200
-25,03601585;-5,44450200
-25,02577585;-5,62395100
-25,01553585;-5,44450200
-25,00529585;-5,62395100
-24,99505585;-5,44450200
-24,98481585;-5,44450200
-24,97457585;-5,44450200
-24,96433585;-5,44450200
-24,95409585;-5,44450200
-24,94385585;-5,44450200
-24,93361585;-5,44450200
-24,92337585;-5,44450200
-24,91313586;-5,44450200
-24,90289586;-5,44450200
-24,89265586;-5,44450200
-24,88241586;-5,44450200
-24,87217586;-5,44450200
-24,86193586;-5,44450200
-24,85169586;-5,44450200
-24,84145586;-5,44450200
-24,83121586;-5,44450200
-24,82097586;-5,44450200
-24,81073586;-5,44450200
-24,80049586;-5,44450200
-24,79025586;-5,44450200
-24,78001586;-5,44450200
-24,76977586;-5,44450200
-24,75953586;-5,44450200
-24,74929586;-5,44450200
-24,73905586;-5,44450200
-24,72881586;-5,44450200
-24,71857586;-5,44450200
-24,70833586;-5,44450200
-24,69809586;-5,44450200
-24,68785586;-5,44450200
-24,67761586;-5,44450200
-24,66737586;-5,44450200
-24,65713586;-5,44450200
-24,64689586;-5,44450200
-24,63665586;-5,44450200
-24,62641586;-5,44450200
-24,61617586;-5,44450200
-24,60593586;-5,44450200
-24,59569586;-5,44450200
-24,58545586;-5,44450200
-24,57521586;-5,44450200
-24,56497586;-5,44450200
-24,55473586;-5,44450200
-24,54449586;-5,44450200
-24,53425586;-5,44450200
-24,52401586;-5,44450200
-24,51377586;-5,44450200
-24,50353586;-5,44450200
-24,49329586;-5,44450200
-24,48305586;-5,44450200
-24,47281586;-5,44450200
-24,46257586;-5,44450200
-24,45233586;-5,44450200
-24,44209586;-5,44450200
-24,43185586;-5,44450200
-24,42161586;-5,44450200
-24,41137586;-5,44450200
-24,40113586;-5,44450200
-24,39089586;-5,44450200
-24,38065586;-5,44450200
-24,37041586;-5,44450200
-24,36017586;-5,44450200
-24,34993586;-5,44450200
-24,33969586;-5,44450200
-24,32945586;-5,44450200
-24,31921586;-5,44450200
-24,30897586;-5,44450200
-24,29873586;-5,44450200
-24,28849586;-5,44450200
-24,27825586;-5,44450200
-24,26801586;-5,44450200
-24,25777586;-5,44450200
-24,24753586;-5,44450200
-24,23729586;-5,44450200
-24,22705586;-5,44450200
-24,21681586;-5,44450200
-24,20657586;-5,44450200
-24,19633586;-5,44450200
-24,18609586;-5,44450200
-24,17585586;-5,44450200
-24,16561586;-5,44450200
-24,15537586;-5,44450200
-24,14513586;-5,44450200
-24,13489586;-5,44450200
-24,12465586;-5,44450200
-24,11441586;-5,44450200
-24,10417586;-5,44450200
-24,09393586;-5,44450200
-24,08369586;-5,44450200
-24,07345586;-5,44450200
-24,06321586;-5,44450200
-24,05297586;-5,44450200
-24,04273586;-5,44450200
-24,03249586;-5,44450200
-24,02225586;-5,44450200
-24,01201586;-5,44450200
-24,00177586;-5,44450200
-23,99153586;-5,44450200
-23,98129586;-5,44450200
-23,97105586;-5,44450200
-23,96081586;-5,44450200
-23,95057586;-5,44450200
-23,94033586;-5,44450200
-23,93009586;-5,44450200
-23,91985586;-5,44450200
-23,90961586;-5,44450200
-23,89937586;-5,44450200
-23,88913586;-5,44450200
-23,87889586;-5,44450200
-23,86865586;-5,44450200
-23,85841586;-5,44450200
-23,84817586;-5,44450200
-23,83793586;-5,44450200
-23,82769586;-5,44450200
-23,81745586;-5,44450200
-23,80721586;-5,44450200
-23,79697586;-5,44450200
-23,78673586;-5,44450200
-23,77649586;-5,44450200
-23,76625586;-5,44450200
-23,75601586;-5,44450200
-23,74577586;-5,44450200
-23,73553586;-5,44450200
-23,72529586;-5,44450200
-23,71505586;-5,44450200
-23,70481586;-5,44450200
-23,69457586;-5,44450200
-23,68433586;-5,44450200
-23,67409586;-5,44450200
-23,66385586;-5,44450200
-23,65361586;-5,44450200
-23,64337586;-5,44450200
-23,63313586;-5,44450200
-23,62289586;-5,44450200
-23,61265586;-5,44450200
-23,60241586;-5,44450200
-23,59217586;-5,44450200
-23,58193586;-5,44450200
-23,57169586;-5,44450200
-23,56145586;-5,44450200
-23,55121586;-5,44450200
-23,54097586;-5,44450200
-23,53073586;-5,44450200
-23,52049586;-5,44450200
-23,51025586;-5,44450200
-23,50001586;-5,44450200
-23,48977586;-5,44450200
-23,47953586;-5,44450200
-23,46929586;-5,44450200
-23,45905586;-5,44450200
-23,44881586;-5,44450200
-23,43857586;-5,44450200
-23,42833586;-5,44450200
-23,41809586;-5,44450200
-23,40785586;-5,44450200
-23,39761586;-5,44450200
-23,38737586;-5,44450200
-23,37713586;-5,44450200
-23,36689586;-5,44450200
-23,35665586;-5,44450200
-23,34641586;-5,44450200
-23,33617586;-5,44450200
-23,32593586;-5,44450200
-23,31569586;-5,44450200
-23,30545586;-5,44450200
-23,29521586;-5,44450200
-23,28497586;-5,44450200
-23,27473587;-5,44450200
-23,26449587;-5,44450200
-23,25425587;-5,44450200
-23,24401587;-5,44450200
-23,23377587;-5,44450200
-23,22353587;-5,44450200
-23,21329587;-5,44450200
-23,20305587;-5,44450200
-23,19281587;-5,44450200
-23,18257587;-5,44450200
-23,17233587;-5,44450200
-23,16209587;-5,44450200
-23,15185587;-5,44450200
-23,14161587;-5,44450200
-23,13137587;-5,44450200
-23,12113587;-5,44450200
-23,11089587;-5,44450200
-23,10065587;-5,44450200
-23,09041587;-5,44450200
-23,08017587;-5,44450200
-23,06993587;-5,44450200
-23,05969587;-5,44450200
-23,04945587;-5,44450200
-23,03921587;-5,44450200
-23,02897587;-5,44450200
-23,01873587;-5,44450200
-23,00849587;-5,44450200
-22,99825587;-5,44450200
-22,98801587;-5,44450200
-22,97777587;-5,44450200
-22,96753587;-5,44450200
-22,95729587;-5,44450200
-22,94705587;-5,44450200
-22,93681587;-5,44450200
-22,92657587;-5,44450200
-22,91633587;-5,44450200
-22,90609587;-5,44450200
-22,89585587;-5,44450200
-22,88561587;-5,44450200
-22,87537587;-5,44450200
-22,86513587;-5,44450200
-22,85489587;-5,44450200
-22,84465587;-5,44450200
-22,83441587;-5,44450200
-22,82417587;-5,44450200
-22,81393587;-5,44450200
-22,80369587;-5,44450200
-22,79345587;-5,44450200
-22,78321587;-5,44450200
-22,77297587;-5,44450200
-22,76273587;-5,44450200
-22,75249587;-5,44450200
-22,74225587;-5,44450200
-22,73201587;-5,44450200
-22,72177587;-5,44450200
-22,71153587;-5,44450200
-22,70129587;-5,44450200
-22,69105587;-5,44450200
-22,68081587;-5,44450200
-22,67057587;-5,44450200
-22,66033587;-5,44450200
-22,65009587;-5,44450200
-22,63985587;-5,44450200
-22,62961587;-5,44450200
-22,61937587;-5,44450200
-22,60913587;-5,44450200
-22,59889587;-5,44450200
-22,58865587;-5,44450200
-22,57841587;-5,44450200
-22,56817587;-5,44450200
-22,55793587;-5,44450200
-22,54769587;-5,44450200
-22,53745587;-5,44450200
-22,52721587;-5,44450200
-22,51697587;-5,44450200
-22,50673587;-5,44450200
-22,49649587;-5,44450200
-22,48625587;-5,44450200
-22,47601587;-5,44450200
-22,46577587;-5,44450200
-22,45553587;-5,44450200
-22,44529587;-5,44450200
-22,43505587;-5,44450200
-22,42481587;-5,44450200
-22,41457587;-5,44450200
-22,40433587;-5,44450200
-22,39409587;-5,44450200
-22,38385587;-5,44450200
-22,37361587;-5,44450200
-22,36337587;-5,44450200
-22,35313587;-5,44450200
-22,34289587;-5,44450200
-22,33265587;-5,44450200
-22,32241587;-5,44450200
-22,31217587;-5,44450200
-22,30193587;-5,44450200
-22,29169587;-5,44450200
-22,28145587;-5,44450200
-22,27121587;-5,44450200
-22,26097587;-5,44450200
-22,25073587;-5,44450200
-22,24049587;-5,44450200
-22,23025587;-5,44450200
-22,22001587;-5,44450200
-22,20977587;-5,44450200
-22,19953587;-5,44450200
-22,18929587;-5,44450200
-22,17905587;-5,44450200
-22,16881587;-5,44450200
-22,15857587;-5,44450200
-22,14833587;-5,44450200
-22,13809587;-5,44450200
-22,12785587;-5,44450200
-22,11761587;-5,44450200
-22,10737587;-5,44450200
-22,09713587;-5,44450200
-22,08689587;-5,44450200
-22,07665587;-5,44450200
-22,06641587;-5,44450200
-22,05617587;-5,44450200
-22,04593587;-5,26444300
-22,03569587;-5,44450200
-22,02545587;-5,44450200
-22,01521587;-5,44450200
-22,00497587;-5,44450200
-21,99473587;-5,44450200
-21,98449587;-5,44450200
-21,97425587;-5,44450200
-21,96401587;-5,44450200
-21,95377587;-5,44450200
-21,94353587;-5,44450200
-21,93329587;-5,44450200
-21,92305587;-5,44450200
-21,91281587;-5,44450200
-21,90257587;-5,44450200
-21,89233587;-5,44450200
-21,88209587;-5,44450200
-21,87185587;-5,44450200
-21,86161587;-5,44450200
-21,85137587;-5,44450200
-21,84113587;-5,44450200
-21,83089587;-5,44450200
-21,82065587;-5,44450200
-21,81041587;-5,44450200
-21,80017587;-5,44450200
-21,78993587;-5,44450200
-21,77969587;-5,26444300
-21,76945587;-5,44450200
-21,75921587;-5,44450200
-21,74897587;-5,44450200
-21,73873587;-5,44450200
-21,72849587;-5,44450200
-21,71825587;-5,44450200
-21,70801587;-5,44450200
-21,69777587;-5,44450200
-21,68753587;-5,44450200
-21,67729587;-5,26444300
-21,66705587;-5,44450200
-21,65681587;-5,44450200
-21,64657587;-5,26444300
-21,63633587;-5,44450200
-21,62609588;-5,44450200
-21,61585588;-5,44450200
-21,60561588;-5,26444300
-21,59537588;-5,44450200
-21,58513588;-5,44450200
-21,57489588;-5,44450200
-21,56465588;-5,44450200
-21,55441588;-5,44450200
-21,54417588;-5,44450200
-21,53393588;-5,44450200
-21,52369588;-5,44450200
-21,51345588;-5,44450200
-21,50321588;-5,26444300
-21,49297588;-5,44450200
-21,48273588;-5,44450200
-21,47249588;-5,44450200
-21,46225588;-5,44450200
-21,45201588;-5,44450200
-21,44177588;-5,44450200
-21,43153588;-5,44450200
-21,42129588;-5,26444300
-21,41105588;-5,26444300
-21,40081588;-5,44450200
-21,39057588;-5,44450200
-21,38033588;-5,44450200
-21,37009588;-5,44450200
-21,35985588;-5,44450200
-21,34961588;-5,44450200
-21,33937588;-5,44450200
-21,32913588;-5,44450200
-21,31889588;-5,26444300
-21,30865588;-5,44450200
-21,29841588;-5,26444300
-21,28817588;-5,44450200
-21,27793588;-5,26444300
-21,26769588;-5,44450200
-21,25745588;-5,44450200
-21,24721588;-5,44450200
-21,23697588;-5,44450200
-21,22673588;-5,44450200
-21,21649588;-5,44450200
-21,20625588;-5,44450200
-21,19601588;-5,44450200
-21,18577588;-5,44450200
-21,17553588;-5,44450200
-21,16529588;-5,26444300
-21,15505588;-5,44450200
-21,14481588;-5,44450200
-21,13457588;-5,26444300
-21,12433588;-5,26444300
-21,11409588;-5,44450200
-21,10385588;-5,44450200
-21,09361588;-5,44450200
-21,08337588;-5,44450200
-21,07313588;-5,44450200
-21,06289588;-5,26444300
-21,05265588;-5,44450200
-21,04241588;-5,44450200
-21,03217588;-5,26444300
-21,02193588;-5,26444300
-21,01169588;-5,26444300
-21,00145588;-5,26444300
-20,99121588;-5,26444300
-20,98097588;-5,26444300
-20,97073588;-5,26444300
-20,96049588;-5,08499400
-20,95025588;-5,08499400
-20,94001588;-5,08499400
-20,92977588;-4,90554500
-20,91953588;-4,90554500
-20,90929588;-4,90554500
-20,89905588;-4,90554500
-20,88881588;-4,72609600
-20,87857588;-4,72609600
-20,86833588;-4,72609600
-20,85809588;-4,72609600
-20,84785588;-4,54664800
-20,83761588;-4,36658800
-20,82737588;-4,36658800
-20,81713588;-4,36658800
-20,80689588;-4,36658800
-20,79665588;-4,36658800
-20,78641588;-4,36658800
-20,77617588;-4,36658800
-20,76593588;-4,00769000
-20,75569588;-4,00769000
-20,74545588;-4,00769000
-20,73521588;-3,82824200
-20,72497588;-3,64879300
-20,71473588;-3,82824200
-20,70449588;-3,64879300
-20,69425588;-3,82824200
-20,68401588;-3,64879300
-20,67377588;-3,64879300
-20,66353588;-3,64879300
-20,65329588;-3,64879300
-20,64305588;-3,46873400
-20,63281588;-3,28928500
-20,62257588;-3,28928500
-20,61233588;-3,28928500
-20,60209588;-3,28928500
-20,59185588;-3,28928500
-20,58161588;-3,10983600
-20,57137588;-3,10983600
-20,56113588;-3,10983600
-20,55089588;-2,93038700
-20,54065588;-2,93038700
-20,53041588;-2,75093800
-20,52017588;-2,75093800
-20,50993588;-2,93038700
-20,49969588;-2,75093800
-20,48945588;-2,57087900
-20,47921588;-2,75093800
-20,46897588;-2,57087900
-20,45873588;-2,57087900
-20,44849588;-2,57087900
-20,43825588;-2,39143000
-20,42801588;-2,21198200
-20,41777588;-2,21198200
-20,40753588;-2,21198200
-20,39729588;-2,21198200
-20,38705588;-2,21198200
-20,37681588;-2,21198200
-20,36657588;-2,21198200
-20,35633588;-2,03253300
-20,34609588;-2,03253300
-20,33585588;-1,85308400
-20,32561588;-1,85308400
-20,31537588;-1,85308400
-20,30513588;-1,67302500
-20,29489588;-1,67302500
-20,28465588;-1,67302500
-20,27441588;-1,67302500
-20,26417588;-1,67302500
-20,25393588;-1,49357600
-20,24369588;-1,49357600
-20,23345588;-1,31412700
-20,22321588;-1,13467800
-20,21297588;-1,13467800
-20,20273588;-1,13467800
-20,19249588;-1,13467800
-20,18225588;-1,13467800
-20,17201588;-1,13467800
-20,16177588;-1,13467800
-20,15153588;-0,77517010
-20,14129588;-0,77517010
-20,13105588;-0,77517010
-20,12081588;-0,77517010
-20,11057588;-0,59572130
-20,10033588;-0,77517010
-20,09009588;-0,77517010
-20,07985588;-0,59572130
-20,06961588;-0,41627250
-20,05937588;-0,41627250
-20,04913588;-0,41627250
-20,03889588;-0,23682360
-20,02865588;-0,23682360
-20,01841588;-0,05737480
-20,00817588;-0,05737480
-19,99793588;-0,05737480
-19,98769588;-0,05737480
-19,97745589;-0,05737480
-19,96721589;0,12207400
-19,95697589;0,30152290
-19,94673589;0,30152290
-19,93649589;0,30152290
-19,92625589;0,30152290
-19,91601589;0,30152290
-19,90577589;0,30152290
-19,89553589;0,30152290
-19,88529589;0,48097170
-19,87505589;0,66042050
-19,86481589;0,66042050
-19,85457589;0,66042050
-19,84433589;0,66042050
-19,83409589;0,66042050
-19,82385589;0,66042050
-19,81361589;0,66042050
-19,80337589;0,66042050
-19,79313589;0,84047970
-19,78289589;0,84047970
-19,77265589;1,01992900
-19,76241589;1,01992900
-19,75217589;1,01992900
-19,74193589;1,01992900
-19,73169589;1,37882600
-19,72145589;1,37882600
-19,71121589;1,37882600
-19,70097589;1,37882600
-19,69073589;1,37882600
-19,68049589;1,37882600
-19,67025589;1,37882600
-19,66001589;1,73833400
-19,64977589;1,73833400
-19,63953589;1,73833400
-19,62929589;1,91778300
-19,61905589;1,91778300
-19,60881589;1,91778300
-19,59857589;2,09723200
-19,58833589;2,09723200
-19,57809589;2,09723200
-19,56785589;2,09723200
-19,55761589;2,27668100
-19,54737589;2,27668100
-19,53713589;2,45613000
-19,52689589;2,45613000
-19,51665589;2,45613000
-19,50641589;2,45613000
-19,49617589;2,63618900
-19,48593589;2,63618900
-19,47569589;2,63618900
-19,46545589;2,81563800
-19,45521589;2,81563800
-19,44497589;2,81563800
-19,43473589;2,99508600
-19,42449589;2,81563800
-19,41425589;3,17453500
-19,40401589;2,99508600
-19,39377589;2,99508600
-19,38353589;3,17453500
-19,37329589;3,17453500
-19,36305589;3,17453500
-19,35281589;3,17453500
-19,34257589;3,35398400
-19,33233589;3,35398400
-19,32209589;3,35398400
-19,31185589;3,35398400
-19,30161589;3,53404300
-19,29137589;3,53404300
-19,28113589;3,53404300
-19,27089589;3,53404300
-19,26065589;3,53404300
-19,25041589;3,53404300
-19,24017589;3,71349200
-19,22993589;3,71349200
-19,21969589;3,71349200
-19,20945589;3,71349200
-19,19921589;3,89294100
-19,18897589;3,89294100
-19,17873589;3,89294100
-19,16849589;3,89294100
-19,15825589;3,89294100
-19,14801589;4,07239000
-19,13777589;4,25183900
-19,12753589;4,25183900
-19,11729589;4,25183900
-19,10705589;4,25183900
-19,09681589;4,25183900
-19,08657589;4,25183900
-19,07633589;4,25183900
-19,06609589;4,43189800
-19,05585589;4,61134700
-19,04561589;4,61134700
-19,03537589;4,61134700
-19,02513589;4,79079600
-19,01489589;4,61134700
-19,00465589;4,79079600
-18,99441589;4,79079600
-18,98417589;4,79079600
-18,97393589;4,97024400
-18,96369589;4,97024400
-18,95345589;4,97024400
-18,94321589;4,97024400
-18,93297589;4,97024400
-18,92273589;5,14969300
-18,91249589;5,14969300
-18,90225589;5,14969300
-18,89201589;5,32975200
-18,88177589;5,32975200
-18,87153589;5,32975200
-18,86129589;5,32975200
-18,85105589;5,32975200
-18,84081589;5,50920200
-18,83057589;5,50920200
-18,82033589;5,50920200
-18,81009589;5,50920200
-18,79985589;5,68865000
-18,78961589;5,68865000
-18,77937589;5,68865000
-18,76913589;5,68865000
-18,75889589;5,68865000
-18,74865589;5,86809900
-18,73841589;6,04754800
-18,72817589;6,04754800
-18,71793589;6,04754800
-18,70769589;6,04754800
-18,69745589;6,04754800
-18,68721589;6,22760700
-18,67697589;6,22760700
-18,66673589;6,40705600
-18,65649589;6,40705600
-18,64625589;6,40705600
-18,63601589;6,40705600
-18,62577589;6,40705600
-18,61553589;6,58650500
-18,60529589;6,58650500
-18,59505589;6,76595400
-18,58481589;6,76595400
-18,57457589;6,76595400
-18,56433589;6,76595400
-18,55409589;6,94540200
-18,54385589;6,94540200
-18,53361589;7,12546200
-18,52337589;7,12546200
-18,51313589;7,12546200
-18,50289589;7,12546200
-18,49265589;7,12546200
-18,48241589;7,30491100
-18,47217589;7,30491100
-18,46193589;7,48435900
-18,45169589;7,48435900
-18,44145589;7,48435900
-18,43121589;7,48435900
-18,42097589;7,48435900
-18,41073589;7,66380800
-18,40049589;7,66380800
-18,39025589;7,84325700
-18,38001589;7,84325700
-18,36977589;7,84325700
-18,35953589;7,84325700
-18,34929589;8,02331600
-18,33905590;8,02331600
-18,32881590;8,02331600
-18,31857590;8,20276500
-18,30833590;8,20276500
-18,29809590;8,20276500
-18,28785590;8,20276500
-18,27761590;8,20276500
-18,26737590;8,20276500
-18,25713590;8,38221400
-18,24689590;8,38221400
-18,23665590;8,56166300
-18,22641590;8,56166300
-18,21617590;8,56166300
-18,20593590;8,56166300
-18,19569590;8,56166300
-18,18545590;8,56166300
-18,17521590;8,56166300
-18,16497590;8,56166300
-18,15473590;8,74111200
-18,14449590;8,92117000
-18,13425590;8,92117000
-18,12401590;8,92117000
-18,11377590;8,92117000
-18,10353590;8,92117000
-18,09329590;8,92117000
-18,08305590;8,92117000
-18,07281590;8,92117000
-18,06257590;9,10061900
-18,05233590;9,10061900
-18,04209590;9,28006800
-18,03185590;9,28006800
-18,02161590;9,28006800
-18,01137590;9,28006800
-18,00113590;9,28006800
-17,99089590;9,28006800
-17,98065590;9,28006800
-17,97041590;9,45951700
-17,96017590;9,45951700
-17,94993590;9,45951700
-17,93969590;9,63896600
-17,92945590;9,63896600
-17,91921590;9,63896600
-17,90897590;9,63896600
-17,89873590;9,63896600
-17,88849590;9,63896600
-17,87825590;9,81902500
-17,86801590;9,81902500
-17,85777590;9,81902500
-17,84753590;9,81902500
-17,83729590;9,99847400
-17,82705590;9,99847400
-17,81681590;9,99847400
-17,80657590;9,99847400
-17,79633590;9,99847400
-17,78609590;9,99847400
-17,77585590;9,99847400
-17,76561590;9,99847400
-17,75537590;9,99847400
-17,74513590;10,17792000
-17,73489590;10,17792000
-17,72465590;10,35737000
-17,71441590;10,17792000
-17,70417590;9,99847400
-17,69393590;10,35737000
-17,68369590;10,35737000
-17,67345590;10,35737000
-17,66321590;10,35737000
-17,65297590;10,35737000
-17,64273590;10,35737000
-17,63249590;10,35737000
-17,62225590;10,35737000
-17,61201590;10,35737000
-17,60177590;10,35737000
-17,59153590;10,35737000
-17,58129590;10,35737000
-17,57105590;10,35737000
-17,56081590;10,53682000
-17,55057590;10,53682000
-17,54033590;10,71688000
-17,53009590;10,71688000
-17,51985590;10,71688000
-17,50961590;10,71688000
-17,49937590;10,71688000
-17,48913590;10,71688000
-17,47889590;10,71688000
-17,46865590;10,71688000
-17,45841590;10,71688000
-17,44817590;10,71688000
-17,43793590;10,89633000
-17,42769590;10,89633000
-17,41745590;10,71688000
-17,40721590;10,89633000
-17,39697590;10,89633000
-17,38673590;10,89633000
-17,37649590;11,07578000
-17,36625590;11,07578000
-17,35601590;11,07578000
-17,34577590;11,07578000
-17,33553590;11,07578000
-17,32529590;11,25523000
-17,31505590;11,25523000
-17,30481590;11,25523000
-17,29457590;11,25523000
-17,28433590;11,25523000
-17,27409590;11,25523000
-17,26385590;11,25523000
-17,25361590;11,43529000
-17,24337590;11,43529000
-17,23313590;11,43529000
-17,22289590;11,43529000
-17,21265590;11,43529000
-17,20241590;11,43529000
-17,19217590;11,43529000
-17,18193590;11,43529000
-17,17169590;11,43529000
-17,16145590;11,43529000
-17,15121590;11,61473000
-17,14097590;11,79418000
-17,13073590;11,61473000
-17,12049590;11,79418000
-17,11025590;11,79418000
-17,10001590;11,79418000
-17,08977590;11,79418000
-17,07953590;11,79418000
-17,06929590;11,79418000
-17,05905590;11,79418000
-17,04881590;11,79418000
-17,03857590;11,79418000
-17,02833590;11,79418000
-17,01809590;11,79418000
-17,00785590;11,79418000
-16,99761590;11,97363000
-16,98737590;11,79418000
-16,97713590;11,79418000
-16,96689590;11,79418000
-16,95665590;11,97363000
-16,94641590;11,97363000
-16,93617590;11,97363000
-16,92593590;12,15308000
-16,91569590;11,97363000
-16,90545590;11,97363000
-16,89521590;11,97363000
-16,88497590;11,97363000
-16,87473590;11,97363000
-16,86449590;11,97363000
-16,85425590;12,15308000
-16,84401590;12,15308000
-16,83377590;12,15308000
-16,82353590;12,15308000
-16,81329590;11,97363000
-16,80305590;12,15308000
-16,79281590;12,15308000
-16,78257590;12,15308000
-16,77233590;11,97363000
-16,76209590;12,15308000
-16,75185590;12,15308000
-16,74161590;12,15308000
-16,73137590;12,15308000
-16,72113590;12,15308000
-16,71089590;12,15308000
-16,70065590;12,15308000
-16,69041591;12,15308000
-16,68017591;12,15308000
-16,66993591;12,15308000
-16,65969591;12,15308000
-16,64945591;12,15308000
-16,63921591;12,15308000
-16,62897591;12,15308000
-16,61873591;12,15308000
-16,60849591;12,15308000
-16,59825591;12,15308000
-16,58801591;12,15308000
-16,57777591;12,15308000
-16,56753591;12,15308000
-16,55729591;12,15308000
-16,54705591;12,15308000
-16,53681591;12,15308000
-16,52657591;12,15308000
-16,51633591;12,15308000
-16,50609591;12,15308000
-16,49585591;12,15308000
-16,48561591;12,15308000
-16,47537591;12,15308000
-16,46513591;12,15308000
-16,45489591;12,15308000
-16,44465591;12,15308000
-16,43441591;12,15308000
-16,42417591;12,33314000
-16,41393591;12,33314000
-16,40369591;12,33314000
-16,39345591;12,15308000
-16,38321591;12,33314000
-16,37297591;12,15308000
-16,36273591;12,15308000
-16,35249591;12,15308000
-16,34225591;12,15308000
-16,33201591;12,33314000
-16,32177591;12,15308000
-16,31153591;12,15308000
-16,30129591;12,15308000
-16,29105591;12,15308000
-16,28081591;12,33314000
-16,27057591;12,33314000
-16,26033591;12,15308000
-16,25009591;12,15308000
-16,23985591;12,33314000
-16,22961591;12,33314000
-16,21937591;12,15308000
-16,20913591;12,15308000
-16,19889591;12,15308000
-16,18865591;12,15308000
-16,17841591;12,15308000
-16,16817591;12,15308000
-16,15793591;12,15308000
-16,14769591;12,15308000
-16,13745591;12,15308000
-16,12721591;12,15308000
-16,11697591;12,15308000
-16,10673591;12,15308000
-16,09649591;12,15308000
-16,08625591;12,15308000
-16,07601591;12,15308000
-16,06577591;12,15308000
-16,05553591;12,15308000
-16,04529591;12,15308000
-16,03505591;12,15308000
-16,02481591;12,15308000
-16,01457591;12,15308000
-16,00433591;12,15308000
-15,99409591;12,15308000
-15,98385591;12,15308000
-15,97361591;12,15308000
-15,96337591;12,15308000
-15,95313591;12,15308000
-15,94289591;12,15308000
-15,93265591;12,15308000
-15,92241591;12,15308000
-15,91217591;12,15308000
-15,90193591;12,15308000
-15,89169591;12,15308000
-15,88145591;12,15308000
-15,87121591;12,15308000
-15,86097591;12,15308000
-15,85073591;12,15308000
-15,84049591;12,15308000
-15,83025591;12,15308000
-15,82001591;12,15308000
-15,80977591;12,15308000
-15,79953591;12,33314000
-15,78929591;12,15308000
-15,77905591;12,15308000
-15,76881591;12,15308000
-15,75857591;12,15308000
-15,74833591;12,33314000
-15,73809591;12,15308000
-15,72785591;12,15308000
-15,71761591;12,15308000
-15,70737591;12,15308000
-15,69713591;12,33314000
-15,68689591;12,15308000
-15,67665591;12,15308000
-15,66641591;12,15308000
-15,65617591;12,33314000
-15,64593591;12,15308000
-15,63569591;12,33314000
-15,62545591;12,15308000
-15,61521591;12,15308000
-15,60497591;12,15308000
-15,59473591;12,15308000
-15,58449591;12,15308000
-15,57425591;12,15308000
-15,56401591;12,15308000
-15,55377591;12,15308000
-15,54353591;12,15308000
-15,53329591;12,15308000
-15,52305591;12,15308000
-15,51281591;12,15308000
-15,50257591;12,15308000
-15,49233591;12,15308000
-15,48209591;12,15308000
-15,47185591;12,15308000
-15,46161591;12,15308000
-15,45137591;12,15308000
-15,44113591;12,15308000
-15,43089591;12,15308000
-15,42065591;12,15308000
-15,41041591;12,15308000
-15,40017591;12,15308000
-15,38993591;12,15308000
-15,37969591;12,15308000
-15,36945591;11,97363000
-15,35921591;12,15308000
-15,34897591;12,15308000
-15,33873591;11,97363000
-15,32849591;12,15308000
-15,31825591;11,97363000
-15,30801591;11,97363000
-15,29777591;11,97363000
-15,28753591;11,79418000
-15,27729591;11,79418000
-15,26705591;11,79418000
-15,25681591;11,79418000
-15,24657591;11,79418000
-15,23633591;11,79418000
-15,22609591;11,79418000
-15,21585591;11,79418000
-15,20561591;11,79418000
-15,19537591;11,79418000
-15,18513591;11,79418000
-15,17489591;11,79418000
-15,16465591;11,79418000
-15,15441591;11,79418000
-15,14417591;11,79418000
-15,13393591;11,79418000
-15,12369591;11,79418000
-15,11345591;11,61473000
-15,10321591;11,61473000
-15,09297591;11,61473000
-15,08273591;11,43529000
-15,07249591;11,61473000
-15,06225591;11,79418000
-15,05201591;11,79418000
-15,04177592;11,61473000
-15,03153592;11,61473000
-15,02129592;11,43529000
-15,01105592;11,43529000
-15,00081592;11,43529000
-14,99057592;11,43529000
-14,98033592;11,43529000
-14,97009592;11,43529000
-14,95985592;11,61473000
-14,94961592;11,61473000
-14,93937592;11,61473000
-14,92913592;11,61473000
-14,91889592;11,43529000
-14,90865592;11,43529000
-14,89841592;11,43529000
-14,88817592;11,43529000
-14,87793592;11,43529000
-14,86769592;11,43529000
-14,85745592;11,43529000
-14,84721592;11,43529000
-14,83697592;11,61473000
-14,82673592;11,43529000
-14,81649592;11,43529000
-14,80625592;11,43529000
-14,79601592;11,43529000
-14,78577592;11,43529000
-14,77553592;11,43529000
-14,76529592;11,43529000
-14,75505592;11,43529000
-14,74481592;11,43529000
-14,73457592;11,43529000
-14,72433592;11,43529000
-14,71409592;11,25523000
-14,70385592;11,25523000
-14,69361592;11,25523000
-14,68337592;11,07578000
-14,67313592;11,07578000
-14,66289592;11,07578000
-14,65265592;11,25523000
-14,64241592;11,25523000
-14,63217592;11,07578000
-14,62193592;11,07578000
-14,61169592;11,07578000
-14,60145592;10,89633000
-14,59121592;11,07578000
-14,58097592;10,89633000
-14,57073592;11,07578000
-14,56049592;11,07578000
-14,55025592;11,07578000
-14,54001592;11,07578000
-14,52977592;10,89633000
-14,51953592;10,71688000
-14,50929592;10,71688000
-14,49905592;10,71688000
-14,48881592;10,71688000
-14,47857592;10,71688000
-14,46833592;10,71688000
-14,45809592;10,71688000
-14,44785592;10,71688000
-14,43761592;10,71688000
-14,42737592;10,71688000
-14,41713592;10,35737000
-14,40689592;10,35737000
-14,39665592;10,35737000
-14,38641592;10,35737000
-14,37617592;10,35737000
-14,36593592;10,35737000
-14,35569592;10,35737000
-14,34545592;10,35737000
-14,33521592;10,35737000
-14,32497592;10,35737000
-14,31473592;10,17792000
-14,30449592;9,99847400
-14,29425592;9,99847400
-14,28401592;9,99847400
-14,27377592;9,99847400
-14,26353592;9,99847400
-14,25329592;9,99847400
-14,24305592;9,99847400
-14,23281592;9,99847400
-14,22257592;9,99847400
-14,21233592;9,81902500
-14,20209592;9,81902500
-14,19185592;9,63896600
-14,18161592;9,81902500
-14,17137592;9,81902500
-14,16113592;9,81902500
-14,15089592;9,81902500
-14,14065592;9,81902500
-14,13041592;9,63896600
-14,12017592;9,63896600
-14,10993592;9,45951700
-14,09969592;9,28006800
-14,08945592;9,28006800
-14,07921592;9,45951700
-14,06897592;9,45951700
-14,05873592;9,45951700
-14,04849592;9,63896600
-14,03825592;9,45951700
-14,02801592;9,28006800
-14,01777592;9,28006800
-14,00753592;9,10061900
-13,99729592;9,10061900
-13,98705592;9,28006800
-13,97681592;9,28006800
-13,96657592;9,28006800
-13,95633592;9,28006800
-13,94609592;9,28006800
-13,93585592;9,28006800
-13,92561592;9,10061900
-13,91537592;8,92117000
-13,90513592;8,92117000
-13,89489592;8,74111200
-13,88465592;8,74111200
-13,87441592;8,74111200
-13,86417592;8,74111200
-13,85393592;8,92117000
-13,84369592;8,74111200
-13,83345592;8,92117000
-13,82321592;8,56166300
-13,81297592;8,56166300
-13,80273592;8,38221400
-13,79249592;8,38221400
-13,78225592;8,56166300
-13,77201592;8,56166300
-13,76177592;8,38221400
-13,75153592;8,56166300
-13,74129592;8,56166300
-13,73105592;8,38221400
-13,72081592;8,20276500
-13,71057592;8,02331600
-13,70033592;7,84325700
-13,69009592;7,84325700
-13,67985592;8,02331600
-13,66961592;8,02331600
-13,65937592;8,02331600
-13,64913592;8,02331600
-13,63889592;8,02331600
-13,62865592;7,84325700
-13,61841592;7,84325700
-13,60817592;7,66380800
-13,59793592;7,48435900
-13,58769592;7,48435900
-13,57745592;7,66380800
-13,56721592;7,66380800
-13,55697592;7,66380800
-13,54673592;7,48435900
-13,53649592;7,66380800
-13,52625592;7,48435900
-13,51601592;7,48435900
-13,50577592;7,12546200
-13,49553592;7,12546200
-13,48529592;7,12546200
-13,47505592;7,12546200
-13,46481592;7,12546200
-13,45457592;7,12546200
-13,44433592;7,12546200
-13,43409592;7,12546200
-13,42385592;6,94540200
-13,41361592;6,76595400
-13,40337593;6,40705600
-13,39313593;6,40705600
-13,38289593;6,40705600
-13,37265593;6,76595400
-13,36241593;6,58650500
-13,35217593;6,58650500
-13,34193593;6,40705600
-13,33169593;6,40705600
-13,32145593;6,40705600
-13,31121593;6,22760700
-13,30097593;6,04754800
-13,29073593;6,04754800
-13,28049593;6,04754800
-13,27025593;6,04754800
-13,26001593;6,04754800
-13,24977593;6,04754800
-13,23953593;6,04754800
-13,22929593;6,04754800
-13,21905593;5,68865000
-13,20881593;5,68865000
-13,19857593;5,50920200
-13,18833593;5,50920200
-13,17809593;5,50920200
-13,16785593;5,50920200
-13,15761593;5,50920200
-13,14737593;5,50920200
-13,13713593;5,32975200
-13,12689593;5,32975200
-13,11665593;5,14969300
-13,10641593;4,97024400
-13,09617593;4,79079600
-13,08593593;4,97024400
-13,07569593;4,97024400
-13,06545593;4,97024400
-13,05521593;4,97024400
-13,04497593;4,97024400
-13,03473593;4,97024400
-13,02449593;4,79079600
-13,01425593;4,61134700
-13,00401593;4,25183900
-12,99377593;4,25183900
-12,98353593;4,25183900
-12,97329593;4,25183900
-12,96305593;4,61134700
-12,95281593;4,43189800
-12,94257593;4,43189800
-12,93233593;4,25183900
-12,92209593;4,07239000
-12,91185593;3,89294100
-12,90161593;3,71349200
-12,89137593;3,53404300
-12,88113593;3,71349200
-12,87089593;3,89294100
-12,86065593;3,89294100
-12,85041593;3,89294100
-12,84017593;3,71349200
-12,82993593;3,71349200
-12,81969593;3,53404300
-12,80945593;3,35398400
-12,79921593;3,17453500
-12,78897593;3,17453500
-12,77873593;3,17453500
-12,76849593;3,35398400
-12,75825593;3,17453500
-12,74801593;3,17453500
-12,73777593;3,17453500
-12,72753593;3,17453500
-12,71729593;3,17453500
-12,70705593;2,81563800
-12,69681593;2,63618900
-12,68657593;2,63618900
-12,67633593;2,81563800
-12,66609593;2,81563800
-12,65585593;2,81563800
-12,64561593;2,63618900
-12,63537593;2,63618900
-12,62513593;2,45613000
-12,61489593;2,45613000
-12,60465593;2,09723200
-12,59441593;2,09723200
-12,58417593;2,09723200
-12,57393593;2,09723200
-12,56369593;2,09723200
-12,55345593;2,09723200
-12,54321593;2,09723200
-12,53297593;1,91778300
-12,52273593;1,73833400
-12,51249593;1,55827500
-12,50225593;1,37882600
-12,49201593;1,37882600
-12,48177593;1,37882600
-12,47153593;1,37882600
-12,46129593;1,37882600
-12,45105593;1,37882600
-12,44081593;1,37882600
-12,43057593;1,19937700
-12,42033593;1,01992900
-12,41009593;0,66042050
-12,39985593;0,66042050
-12,38961593;0,66042050
-12,37937593;0,66042050
-12,36913593;0,66042050
-12,35889593;0,66042050
-12,34865593;0,66042050
-12,33841593;0,66042050
-12,32817593;0,66042050
-12,31793593;0,48097170
-12,30769593;0,30152290
-12,29745593;0,30152290
-12,28721593;0,30152290
-12,27697593;0,30152290
-12,26673593;0,30152290
-12,25649593;0,30152290
-12,24625593;0,30152290
-12,23601593;0,30152290
-12,22577593;0,12207400
-12,21553593;-0,05737480
-12,20529593;-0,23682360
-12,19505593;-0,41627250
-12,18481593;-0,23682360
-12,17457593;-0,23682360
-12,16433593;-0,23682360
-12,15409593;-0,23682360
-12,14385593;-0,41627250
-12,13361593;-0,41627250
-12,12337593;-0,41627250
-12,11313593;-0,77517010
-12,10289593;-0,77517010
-12,09265593;-0,77517010
-12,08241593;-0,77517010
-12,07217593;-0,77517010
-12,06193593;-0,77517010
-12,05169593;-0,95522930
-12,04145593;-0,95522930
-12,03121593;-1,13467800
-12,02097593;-1,13467800
-12,01073593;-1,49357600
-12,00049593;-1,49357600
-11,99025593;-1,67302500
-11,98001593;-1,49357600
-11,96977593;-1,49357600
-11,95953593;-1,67302500
-11,94929593;-1,67302500
-11,93905593;-1,85308400
-11,92881593;-1,85308400
-11,91857593;-2,03253300
-11,90833593;-2,21198200
-11,89809593;-2,21198200
-11,88785593;-2,21198200
-11,87761593;-2,21198200
-11,86737593;-2,21198200
-11,85713593;-2,39143000
-11,84689593;-2,21198200
-11,83665593;-2,39143000
-11,82641593;-2,57087900
-11,81617593;-2,57087900
-11,80593593;-2,75093800
-11,79569593;-2,93038700
-11,78545593;-2,93038700
-11,77521593;-2,93038700
-11,76497593;-2,93038700
-11,75473594;-2,93038700
-11,74449594;-2,93038700
-11,73425594;-2,93038700
-11,72401594;-2,93038700
-11,71377594;-3,10983600
-11,70353594;-3,28928500
-11,69329594;-3,46873400
-11,68305594;-3,46873400
-11,67281594;-3,28928500
-11,66257594;-3,28928500
-11,65233594;-3,28928500
-11,64209594;-3,28928500
-11,63185594;-3,46873400
-11,62161594;-3,46873400
-11,61137594;-3,64879300
-11,60113594;-3,64879300
-11,59089594;-3,82824200
-11,58065594;-3,64879300
-11,57041594;-3,82824200
-11,56017594;-3,64879300
-11,54993594;-3,82824200
-11,53969594;-3,82824200
-11,52945594;-4,00769000
-11,51921594;-4,00769000
-11,50897594;-4,00769000
-11,49873594;-4,18714000
-11,48849594;-4,18714000
-11,47825594;-4,18714000
-11,46801594;-4,36658800
-11,45777594;-4,36658800
-11,44753594;-4,36658800
-11,43729594;-4,36658800
-11,42705594;-4,36658800
-11,41681594;-4,54664800
-11,40657594;-4,54664800
-11,39633594;-4,72609600
-11,38609594;-4,72609600
-11,37585594;-4,72609600
-11,36561594;-4,72609600
-11,35537594;-4,90554500
-11,34513594;-4,90554500
-11,33489594;-5,08499400
-11,32465594;-5,08499400
-11,31441594;-5,08499400
-11,30417594;-5,08499400
-11,29393594;-5,08499400
-11,28369594;-5,08499400
-11,27345594;-5,26444300
-11,26321594;-5,26444300
-11,25297594;-5,44450200
-11,24273594;-5,44450200
-11,23249594;-5,44450200
-11,22225594;-5,44450200
-11,21201594;-5,44450200
-11,20177594;-5,80340000
-11,19153594;-5,62395100
-11,18129594;-5,80340000
-11,17105594;-5,80340000
-11,16081594;-5,80340000
-11,15057594;-5,80340000
-11,14033594;-5,80340000
-11,13009594;-5,80340000
-11,11985594;-5,80340000
-11,10961594;-5,80340000
-11,09937594;-5,80340000
-11,08913594;-5,98284900
-11,07889594;-5,80340000
-11,06865594;-5,80340000
-11,05841594;-5,80340000
-11,04817594;-5,98284900
-11,03793594;-5,80340000
-11,02769594;-5,80340000
-11,01745594;-5,80340000
-11,00721594;-5,80340000
-10,99697594;-5,98284900
-10,98673594;-5,80340000
-10,97649594;-5,80340000
-10,96625594;-5,98284900
-10,95601594;-5,98284900
-10,94577594;-5,80340000
-10,93553594;-5,80340000
-10,92529594;-5,80340000
-10,91505594;-5,80340000
-10,90481594;-5,80340000
-10,89457594;-5,80340000
-10,88433594;-5,80340000
-10,87409594;-5,80340000
-10,86385594;-5,80340000
-10,85361594;-5,80340000
-10,84337594;-5,80340000
-10,83313594;-5,80340000
-10,82289594;-5,80340000
-10,81265594;-5,80340000
-10,80241594;-5,80340000
-10,79217594;-5,80340000
-10,78193594;-5,80340000
-10,77169594;-5,80340000
-10,76145594;-5,80340000
-10,75121594;-5,80340000
-10,74097594;-5,80340000
-10,73073594;-5,80340000
-10,72049594;-5,80340000
-10,71025594;-5,80340000
-10,70001594;-5,80340000
-10,68977594;-5,80340000
-10,67953594;-5,80340000
-10,66929594;-5,80340000
-10,65905594;-5,80340000
-10,64881594;-5,80340000
-10,63857594;-5,80340000
-10,62833594;-5,80340000
-10,61809594;-5,80340000
-10,60785594;-5,80340000
-10,59761594;-5,80340000
-10,58737594;-5,80340000
-10,57713594;-5,80340000
-10,56689594;-5,80340000
-10,55665594;-5,80340000
-10,54641594;-5,80340000
-10,53617594;-5,80340000
-10,52593594;-5,80340000
-10,51569594;-5,80340000
-10,50545594;-5,80340000
-10,49521594;-5,80340000
-10,48497594;-5,80340000
-10,47473594;-5,80340000
-10,46449594;-5,80340000
-10,45425594;-5,80340000
-10,44401594;-5,80340000
-10,43377594;-5,80340000
-10,42353594;-5,80340000
-10,41329594;-5,80340000
-10,40305594;-5,80340000
-10,39281594;-5,80340000
-10,38257594;-5,80340000
-10,37233594;-5,80340000
-10,36209594;-5,80340000
-10,35185594;-5,80340000
-10,34161594;-5,80340000
-10,33137594;-5,80340000
-10,32113594;-5,80340000
-10,31089594;-5,80340000
-10,30065594;-5,80340000
-10,29041594;-5,80340000
-10,28017594;-5,80340000
-10,26993594;-5,80340000
-10,25969594;-5,80340000
-10,24945594;-5,80340000
-10,23921594;-5,80340000
-10,22897594;-5,80340000
-10,21873594;-5,80340000
-10,20849594;-5,80340000
-10,19825594;-5,80340000
-10,18801594;-5,80340000
-10,17777594;-5,80340000
-10,16753594;-5,80340000
-10,15729594;-5,80340000
-10,14705594;-5,80340000
-10,13681594;-5,80340000
-10,12657594;-5,80340000
-10,11633594;-5,80340000
-10,10609595;-5,80340000
-10,09585595;-5,80340000
-10,08561595;-5,80340000
-10,07537595;-5,80340000
-10,06513595;-5,80340000
-10,05489595;-5,80340000
-10,04465595;-5,80340000
-10,03441595;-5,80340000
-10,02417595;-5,80340000
-10,01393595;-5,80340000
-10,00369595;-5,80340000
-9,99345595;-5,80340000
-9,98321595;-5,80340000
-9,97297595;-5,80340000
-9,96273595;-5,80340000
-9,95249595;-5,80340000
-9,94225595;-5,80340000
-9,93201595;-5,80340000
-9,92177595;-5,80340000
-9,91153595;-5,80340000
-9,90129595;-5,80340000
-9,89105595;-5,80340000
-9,88081595;-5,80340000
-9,87057595;-5,80340000
-9,86033595;-5,80340000
-9,85009595;-5,80340000
-9,83985595;-5,80340000
-9,82961595;-5,80340000
-9,81937595;-5,80340000
-9,80913595;-5,80340000
-9,79889595;-5,80340000
-9,78865595;-5,80340000
-9,77841595;-5,80340000
-9,76817595;-5,80340000
-9,75793595;-5,80340000
-9,74769595;-5,80340000
-9,73745595;-5,80340000
-9,72721595;-5,80340000
-9,71697595;-5,80340000
-9,70673595;-5,80340000
-9,69649595;-5,80340000
-9,68625595;-5,80340000
-9,67601595;-5,80340000
-9,66577595;-5,80340000
-9,65553595;-5,80340000
-9,64529595;-5,80340000
-9,63505595;-5,80340000
-9,62481595;-5,80340000
-9,61457595;-5,80340000
-9,60433595;-5,80340000
-9,59409595;-5,80340000
-9,58385595;-5,80340000
-9,57361595;-5,80340000
-9,56337595;-5,80340000
-9,55313595;-5,80340000
-9,54289595;-5,80340000
-9,53265595;-5,80340000
-9,52241595;-5,80340000
-9,51217595;-5,80340000
-9,50193595;-5,80340000
-9,49169595;-5,80340000
-9,48145595;-5,80340000
-9,47121595;-5,80340000
-9,46097595;-5,80340000
-9,45073595;-5,80340000
-9,44049595;-5,80340000
-9,43025595;-5,80340000
-9,42001595;-5,80340000
-9,40977595;-5,80340000
-9,39953595;-5,80340000
-9,38929595;-5,80340000
-9,37905595;-5,80340000
-9,36881595;-5,80340000
-9,35857595;-5,80340000
-9,34833595;-5,80340000
-9,33809595;-5,80340000
-9,32785595;-5,80340000
-9,31761595;-5,80340000
-9,30737595;-5,80340000
-9,29713595;-5,80340000
-9,28689595;-5,80340000
-9,27665595;-5,80340000
-9,26641595;-5,80340000
-9,25617595;-5,80340000
-9,24593595;-5,80340000
-9,23569595;-5,80340000
-9,22545595;-5,80340000
-9,21521595;-5,80340000
-9,20497595;-5,80340000
-9,19473595;-5,80340000
-9,18449595;-5,80340000
-9,17425595;-5,80340000
-9,16401595;-5,80340000
-9,15377595;-5,80340000
-9,14353595;-5,80340000
-9,13329595;-5,80340000
-9,12305595;-5,80340000
-9,11281595;-5,80340000
-9,10257595;-5,80340000
-9,09233595;-5,80340000
-9,08209595;-5,80340000
-9,07185595;-5,80340000
-9,06161595;-5,80340000
-9,05137595;-5,80340000
-9,04113595;-5,80340000
-9,03089595;-5,80340000
-9,02065595;-5,80340000
-9,01041595;-5,80340000
-9,00017595;-5,80340000
-8,98993595;-5,80340000
-8,97969595;-5,80340000
-8,96945595;-5,80340000
-8,95921595;-5,80340000
-8,94897595;-5,80340000
-8,93873595;-5,80340000
-8,92849595;-5,80340000
-8,91825595;-5,80340000
-8,90801595;-5,80340000
-8,89777595;-5,80340000
-8,88753595;-5,80340000
-8,87729595;-5,80340000
-8,86705595;-5,80340000
-8,85681595;-5,80340000
-8,84657595;-5,80340000
-8,83633595;-5,80340000
-8,82609595;-5,80340000
-8,81585595;-5,80340000
-8,80561595;-5,80340000
-8,79537595;-5,80340000
-8,78513595;-5,80340000
-8,77489595;-5,80340000
-8,76465595;-5,80340000
-8,75441595;-5,80340000
-8,74417595;-5,80340000
-8,73393595;-5,80340000
-8,72369595;-5,80340000
-8,71345595;-5,80340000
-8,70321595;-5,80340000
-8,69297595;-5,80340000
-8,68273595;-5,80340000
-8,67249595;-5,80340000
-8,66225595;-5,80340000
-8,65201595;-5,80340000
-8,64177595;-5,80340000
-8,63153595;-5,80340000
-8,62129595;-5,80340000
-8,61105595;-5,80340000
-8,60081595;-5,80340000
-8,59057595;-5,80340000
-8,58033595;-5,80340000
-8,57009595;-5,80340000
-8,55985595;-5,80340000
-8,54961595;-5,80340000
-8,53937595;-5,80340000
-8,52913595;-5,80340000
-8,51889595;-5,80340000
-8,50865595;-5,80340000
-8,49841595;-5,80340000
-8,48817595;-5,80340000
-8,47793595;-5,80340000
-8,46769596;-5,80340000
-8,45745596;-5,80340000
-8,44721596;-5,80340000
-8,43697596;-5,80340000
-8,42673596;-5,80340000
-8,41649596;-5,80340000
-8,40625596;-5,80340000
-8,39601596;-5,80340000
-8,38577596;-5,80340000
-8,37553596;-5,80340000
-8,36529596;-5,80340000
-8,35505596;-5,80340000
-8,34481596;-5,80340000
-8,33457596;-5,80340000
-8,32433596;-5,80340000
-8,31409596;-5,80340000
-8,30385596;-5,80340000
-8,29361596;-5,80340000
-8,28337596;-5,80340000
-8,27313596;-5,80340000
-8,26289596;-5,80340000
-8,25265596;-5,80340000
-8,24241596;-5,80340000
-8,23217596;-5,80340000
-8,22193596;-5,80340000
-8,21169596;-5,80340000
-8,20145596;-5,80340000
-8,19121596;-5,80340000
-8,18097596;-5,80340000
-8,17073596;-5,80340000
-8,16049596;-5,80340000
-8,15025596;-5,80340000
-8,14001596;-5,80340000
-8,12977596;-5,80340000
-8,11953596;-5,80340000
-8,10929596;-5,80340000
-8,09905596;-5,80340000
-8,08881596;-5,80340000
-8,07857596;-5,80340000
-8,06833596;-5,80340000
-8,05809596;-5,80340000
-8,04785596;-5,80340000
-8,03761596;-5,80340000
-8,02737596;-5,80340000
-8,01713596;-5,80340000
-8,00689596;-5,80340000
-7,99665596;-5,80340000
-7,98641596;-5,80340000
-7,97617596;-5,80340000
-7,96593596;-5,80340000
-7,95569596;-5,80340000
-7,94545596;-5,80340000
-7,93521596;-5,80340000
-7,92497596;-5,80340000
-7,91473596;-5,80340000
-7,90449596;-5,80340000
-7,89425596;-5,80340000
-7,88401596;-5,80340000
-7,87377596;-5,80340000
-7,86353596;-5,80340000
-7,85329596;-5,80340000
-7,84305596;-5,80340000
-7,83281596;-5,80340000
-7,82257596;-5,80340000
-7,81233596;-5,62395100
-7,80209596;-5,80340000
-7,79185596;-5,80340000
-7,78161596;-5,80340000
-7,77137596;-5,80340000
-7,76113596;-5,80340000
-7,75089596;-5,80340000
-7,74065596;-5,80340000
-7,73041596;-5,80340000
-7,72017596;-5,80340000
-7,70993596;-5,80340000
-7,69969596;-5,80340000
-7,68945596;-5,80340000
-7,67921596;-5,80340000
-7,66897596;-5,80340000
-7,65873596;-5,80340000
-7,64849596;-5,80340000
-7,63825596;-5,80340000
-7,62801596;-5,80340000
-7,61777596;-5,80340000
-7,60753596;-5,80340000
-7,59729596;-5,80340000
-7,58705596;-5,80340000
-7,57681596;-5,80340000
-7,56657596;-5,80340000
-7,55633596;-5,80340000
-7,54609596;-5,80340000
-7,53585596;-5,80340000
-7,52561596;-5,80340000
-7,51537596;-5,80340000
-7,50513596;-5,62395100
-7,49489596;-5,80340000
-7,48465596;-5,62395100
-7,47441596;-5,80340000
-7,46417596;-5,80340000
-7,45393596;-5,80340000
-7,44369596;-5,80340000
-7,43345596;-5,80340000
-7,42321596;-5,80340000
-7,41297596;-5,62395100
-7,40273596;-5,62395100
-7,39249596;-5,80340000
-7,38225596;-5,62395100
-7,37201596;-5,80340000
-7,36177596;-5,80340000
-7,35153596;-5,80340000
-7,34129596;-5,80340000
-7,33105596;-5,80340000
-7,32081596;-5,62395100
-7,31057596;-5,80340000
-7,30033596;-5,80340000
-7,29009596;-5,62395100
-7,27985596;-5,80340000
-7,26961596;-5,80340000
-7,25937596;-5,80340000
-7,24913596;-5,80340000
-7,23889596;-5,80340000
-7,22865596;-5,80340000
-7,21841596;-5,80340000
-7,20817596;-5,80340000
-7,19793596;-5,80340000
-7,18769596;-5,62395100
-7,17745596;-5,80340000
-7,16721596;-5,62395100
-7,15697596;-5,80340000
-7,14673596;-5,80340000
-7,13649596;-5,80340000
-7,12625596;-5,80340000
-7,11601596;-5,80340000
-7,10577596;-5,80340000
-7,09553596;-5,80340000
-7,08529596;-5,80340000
-7,07505596;-5,80340000
-7,06481596;-5,80340000
-7,05457596;-5,80340000
-7,04433596;-5,80340000
-7,03409596;-5,62395100
-7,02385596;-5,80340000
-7,01361596;-5,80340000
-7,00337596;-5,62395100
-6,99313596;-5,80340000
-6,98289596;-5,80340000
-6,97265596;-5,62395100
-6,96241596;-5,80340000
-6,95217596;-5,80340000
-6,94193596;-5,80340000
-6,93169596;-5,62395100
-6,92145596;-5,80340000
-6,91121596;-5,80340000
-6,90097596;-5,62395100
-6,89073596;-5,62395100
-6,88049596;-5,62395100
-6,87025596;-5,62395100
-6,86001596;-5,80340000
-6,84977596;-5,62395100
-6,83953596;-5,62395100
-6,82929596;-5,62395100
-6,81905597;-5,80340000
-6,80881597;-5,80340000
-6,79857597;-5,62395100
-6,78833597;-5,62395100
-6,77809597;-5,44450200
-6,76785597;-5,80340000
-6,75761597;-5,62395100
-6,74737597;-5,80340000
-6,73713597;-5,80340000
-6,72689597;-5,80340000
-6,71665597;-5,62395100
-6,70641597;-5,62395100
-6,69617597;-5,80340000
-6,68593597;-5,62395100
-6,67569597;-5,44450200
-6,66545597;-5,62395100
-6,65521597;-5,62395100
-6,64497597;-5,62395100
-6,63473597;-5,44450200
-6,62449597;-5,80340000
-6,61425597;-5,62395100
-6,60401597;-5,62395100
-6,59377597;-5,62395100
-6,58353597;-5,62395100
-6,57329597;-5,62395100
-6,56305597;-5,62395100
-6,55281597;-5,80340000
-6,54257597;-5,80340000
-6,53233597;-5,80340000
-6,52209597;-5,62395100
-6,51185597;-5,62395100
-6,50161597;-5,80340000
-6,49137597;-5,62395100
-6,48113597;-5,62395100
-6,47089597;-5,62395100
-6,46065597;-5,44450200
-6,45041597;-5,44450200
-6,44017597;-5,80340000
-6,42993597;-5,44450200
-6,41969597;-5,44450200
-6,40945597;-5,62395100
-6,39921597;-5,62395100
-6,38897597;-5,62395100
-6,37873597;-5,62395100
-6,36849597;-5,80340000
-6,35825597;-5,62395100
-6,34801597;-5,80340000
-6,33777597;-5,62395100
-6,32753597;-5,62395100
-6,31729597;-5,62395100
-6,30705597;-5,80340000
-6,29681597;-5,62395100
-6,28657597;-5,62395100
-6,27633597;-5,62395100
-6,26609597;-5,62395100
-6,25585597;-5,80340000
-6,24561597;-5,62395100
-6,23537597;-5,62395100
-6,22513597;-5,62395100
-6,21489597;-5,80340000
-6,20465597;-5,62395100
-6,19441597;-5,44450200
-6,18417597;-5,62395100
-6,17393597;-5,62395100
-6,16369597;-5,44450200
-6,15345597;-5,44450200
-6,14321597;-5,44450200
-6,13297597;-5,62395100
-6,12273597;-5,62395100
-6,11249597;-5,62395100
-6,10225597;-5,80340000
-6,09201597;-5,62395100
-6,08177597;-5,62395100
-6,07153597;-5,62395100
-6,06129597;-5,62395100
-6,05105597;-5,44450200
-6,04081597;-5,44450200
-6,03057597;-5,62395100
-6,02033597;-5,44450200
-6,01009597;-5,62395100
-5,99985597;-5,44450200
-5,98961597;-5,62395100
-5,97937597;-5,44450200
-5,96913597;-5,62395100
-5,95889597;-5,44450200
-5,94865597;-5,62395100
-5,93841597;-5,62395100
-5,92817597;-5,44450200
-5,91793597;-5,44450200
-5,90769597;-5,80340000
-5,89745597;-5,62395100
-5,88721597;-5,44450200
-5,87697597;-5,62395100
-5,86673597;-5,62395100
-5,85649597;-5,62395100
-5,84625597;-5,44450200
-5,83601597;-5,62395100
-5,82577597;-5,44450200
-5,81553597;-5,62395100
-5,80529597;-5,62395100
-5,79505597;-5,44450200
-5,78481597;-5,44450200
-5,77457597;-5,44450200
-5,76433597;-5,44450200
-5,75409597;-5,62395100
-5,74385597;-5,62395100
-5,73361597;-5,62395100
-5,72337597;-5,62395100
-5,71313597;-5,44450200
-5,70289597;-5,62395100
-5,69265597;-5,62395100
-5,68241597;-5,62395100
-5,67217597;-5,62395100
-5,66193597;-5,62395100
-5,65169597;-5,44450200
-5,64145597;-5,44450200
-5,63121597;-5,44450200
-5,62097597;-5,44450200
-5,61073597;-5,62395100
-5,60049597;-5,44450200
-5,59025597;-5,44450200
-5,58001597;-5,44450200
-5,56977597;-5,44450200
-5,55953597;-5,44450200
-5,54929597;-5,44450200
-5,53905597;-5,44450200
-5,52881597;-5,44450200
-5,51857597;-5,44450200
-5,50833597;-5,44450200
-5,49809597;-5,44450200
-5,48785597;-5,62395100
-5,47761597;-5,62395100
-5,46737597;-5,62395100
-5,45713597;-5,44450200
-5,44689597;-5,44450200
-5,43665597;-5,44450200
-5,42641597;-5,44450200
-5,41617597;-5,44450200
-5,40593597;-5,62395100
-5,39569597;-5,44450200
-5,38545597;-5,44450200
-5,37521597;-5,44450200
-5,36497597;-5,44450200
-5,35473597;-5,44450200
-5,34449597;-5,62395100
-5,33425597;-5,44450200
-5,32401597;-5,44450200
-5,31377597;-5,44450200
-5,30353597;-5,44450200
-5,29329597;-5,44450200
-5,28305597;-5,44450200
-5,27281597;-5,62395100
-5,26257597;-5,44450200
-5,25233597;-5,44450200
-5,24209597;-5,44450200
-5,23185597;-5,44450200
-5,22161597;-5,62395100
-5,21137597;-5,44450200
-5,20113597;-5,44450200
-5,19089597;-5,62395100
-5,18065597;-5,44450200
-5,17041598;-5,44450200
-5,16017598;-5,44450200
-5,14993598;-5,44450200
-5,13969598;-5,44450200
-5,12945598;-5,44450200
-5,11921598;-5,44450200
-5,10897598;-5,44450200
-5,09873598;-5,44450200
-5,08849598;-5,44450200
-5,07825598;-5,44450200
-5,06801598;-5,44450200
-5,05777598;-5,62395100
-5,04753598;-5,44450200
-5,03729598;-5,44450200
-5,02705598;-5,44450200
-5,01681598;-5,44450200
-5,00657598;-5,44450200
-4,99633598;-5,62395100
-4,98609598;-5,44450200
-4,97585598;-5,44450200
-4,96561598;-5,44450200
-4,95537598;-5,44450200
-4,94513598;-5,44450200
-4,93489598;-5,44450200
-4,92465598;-5,44450200
-4,91441598;-5,44450200
-4,90417598;-5,44450200
-4,89393598;-5,44450200
-4,88369598;-5,44450200
-4,87345598;-5,44450200
-4,86321598;-5,44450200
-4,85297598;-5,44450200
-4,84273598;-5,44450200
-4,83249598;-5,44450200
-4,82225598;-5,44450200
-4,81201598;-5,44450200
-4,80177598;-5,44450200
-4,79153598;-5,44450200
-4,78129598;-5,44450200
-4,77105598;-5,44450200
-4,76081598;-5,62395100
-4,75057598;-5,44450200
-4,74033598;-5,44450200
-4,73009598;-5,44450200
-4,71985598;-5,44450200
-4,70961598;-5,44450200
-4,69937598;-5,44450200
-4,68913598;-5,44450200
-4,67889598;-5,44450200
-4,66865598;-5,44450200
-4,65841598;-5,44450200
-4,64817598;-5,44450200
-4,63793598;-5,44450200
-4,62769598;-5,44450200
-4,61745598;-5,44450200
-4,60721598;-5,44450200
-4,59697598;-5,44450200
-4,58673598;-5,44450200
-4,57649598;-5,44450200
-4,56625598;-5,44450200
-4,55601598;-5,44450200
-4,54577598;-5,44450200
-4,53553598;-5,44450200
-4,52529598;-5,44450200
-4,51505598;-5,44450200
-4,50481598;-5,44450200
-4,49457598;-5,44450200
-4,48433598;-5,44450200
-4,47409598;-5,44450200
-4,46385598;-5,44450200
-4,45361598;-5,44450200
-4,44337598;-5,44450200
-4,43313598;-5,44450200
-4,42289598;-5,44450200
-4,41265598;-5,44450200
-4,40241598;-5,44450200
-4,39217598;-5,44450200
-4,38193598;-5,44450200
-4,37169598;-5,44450200
-4,36145598;-5,44450200
-4,35121598;-5,44450200
-4,34097598;-5,44450200
-4,33073598;-5,44450200
-4,32049598;-5,44450200
-4,31025598;-5,44450200
-4,30001598;-5,44450200
-4,28977598;-5,44450200
-4,27953598;-5,44450200
-4,26929598;-5,44450200
-4,25905598;-5,44450200
-4,24881598;-5,44450200
-4,23857598;-5,44450200
-4,22833598;-5,44450200
-4,21809598;-5,44450200
-4,20785598;-5,44450200
-4,19761598;-5,44450200
-4,18737598;-5,44450200
-4,17713598;-5,44450200
-4,16689598;-5,44450200
-4,15665598;-5,44450200
-4,14641598;-5,44450200
-4,13617598;-5,44450200
-4,12593598;-5,44450200
-4,11569598;-5,44450200
-4,10545598;-5,44450200
-4,09521598;-5,44450200
-4,08497598;-5,44450200
-4,07473598;-5,44450200
-4,06449598;-5,44450200
-4,05425598;-5,44450200
-4,04401598;-5,44450200
-4,03377598;-5,44450200
-4,02353598;-5,44450200
-4,01329598;-5,44450200
-4,00305598;-5,44450200
-3,99281598;-5,44450200
-3,98257598;-5,44450200
-3,97233598;-5,44450200
-3,96209598;-5,44450200
-3,95185598;-5,44450200
-3,94161598;-5,44450200
-3,93137598;-5,44450200
-3,92113598;-5,44450200
-3,91089598;-5,44450200
-3,90065598;-5,44450200
-3,89041598;-5,44450200
-3,88017598;-5,44450200
-3,86993598;-5,44450200
-3,85969598;-5,44450200
-3,84945598;-5,44450200
-3,83921598;-5,44450200
-3,82897598;-5,44450200
-3,81873598;-5,44450200
-3,80849598;-5,44450200
-3,79825598;-5,44450200
-3,78801598;-5,44450200
-3,77777598;-5,44450200
-3,76753598;-5,44450200
-3,75729598;-5,44450200
-3,74705598;-5,44450200
-3,73681598;-5,44450200
-3,72657598;-5,44450200
-3,71633598;-5,44450200
-3,70609598;-5,44450200
-3,69585598;-5,44450200
-3,68561598;-5,44450200
-3,67537598;-5,44450200
-3,66513598;-5,44450200
-3,65489598;-5,44450200
-3,64465598;-5,44450200
-3,63441598;-5,44450200
-3,62417598;-5,44450200
-3,61393598;-5,44450200
-3,60369598;-5,44450200
-3,59345598;-5,44450200
-3,58321598;-5,44450200
-3,57297598;-5,44450200
-3,56273598;-5,44450200
-3,55249598;-5,44450200
-3,54225598;-5,44450200
-3,53201599;-5,44450200
-3,52177599;-5,44450200
-3,51153599;-5,44450200
-3,50129599;-5,44450200
-3,49105599;-5,44450200
-3,48081599;-5,44450200
-3,47057599;-5,44450200
-3,46033599;-5,44450200
-3,45009599;-5,44450200
-3,43985599;-5,44450200
-3,42961599;-5,44450200
-3,41937599;-5,44450200
-3,40913599;-5,44450200
-3,39889599;-5,44450200
-3,38865599;-5,44450200
-3,37841599;-5,44450200
-3,36817599;-5,44450200
-3,35793599;-5,44450200
-3,34769599;-5,44450200
-3,33745599;-5,44450200
-3,32721599;-5,44450200
-3,31697599;-5,44450200
-3,30673599;-5,44450200
-3,29649599;-5,44450200
-3,28625599;-5,44450200
-3,27601599;-5,44450200
-3,26577599;-5,44450200
-3,25553599;-5,44450200
-3,24529599;-5,44450200
-3,23505599;-5,44450200
-3,22481599;-5,44450200
-3,21457599;-5,44450200
-3,20433599;-5,44450200
-3,19409599;-5,44450200
-3,18385599;-5,44450200
-3,17361599;-5,44450200
-3,16337599;-5,44450200
-3,15313599;-5,44450200
-3,14289599;-5,44450200
-3,13265599;-5,44450200
-3,12241599;-5,44450200
-3,11217599;-5,44450200
-3,10193599;-5,44450200
-3,09169599;-5,44450200
-3,08145599;-5,44450200
-3,07121599;-5,44450200
-3,06097599;-5,44450200
-3,05073599;-5,44450200
-3,04049599;-5,44450200
-3,03025599;-5,44450200
-3,02001599;-5,44450200
-3,00977599;-5,44450200
-2,99953599;-5,44450200
-2,98929599;-5,44450200
-2,97905599;-5,44450200
-2,96881599;-5,44450200
-2,95857599;-5,44450200
-2,94833599;-5,44450200
-2,93809599;-5,44450200
-2,92785599;-5,44450200
-2,91761599;-5,44450200
-2,90737599;-5,44450200
-2,89713599;-5,44450200
-2,88689599;-5,44450200
-2,87665599;-5,44450200
-2,86641599;-5,44450200
-2,85617599;-5,44450200
-2,84593599;-5,44450200
-2,83569599;-5,44450200
-2,82545599;-5,44450200
-2,81521599;-5,44450200
-2,80497599;-5,44450200
-2,79473599;-5,44450200
-2,78449599;-5,44450200
-2,77425599;-5,44450200
-2,76401599;-5,44450200
-2,75377599;-5,44450200
-2,74353599;-5,44450200
-2,73329599;-5,44450200
-2,72305599;-5,44450200
-2,71281599;-5,44450200
-2,70257599;-5,44450200
-2,69233599;-5,44450200
-2,68209599;-5,44450200
-2,67185599;-5,44450200
-2,66161599;-5,44450200
-2,65137599;-5,44450200
-2,64113599;-5,44450200
-2,63089599;-5,44450200
-2,62065599;-5,44450200
-2,61041599;-5,44450200
-2,60017599;-5,44450200
-2,58993599;-5,44450200
-2,57969599;-5,44450200
-2,56945599;-5,44450200
-2,55921599;-5,44450200
-2,54897599;-5,44450200
-2,53873599;-5,44450200
-2,52849599;-5,44450200
-2,51825599;-5,44450200
-2,50801599;-5,44450200
-2,49777599;-5,44450200
-2,48753599;-5,44450200
-2,47729599;-5,44450200
-2,46705599;-5,44450200
-2,45681599;-5,44450200
-2,44657599;-5,44450200
-2,43633599;-5,44450200
-2,42609599;-5,44450200
-2,41585599;-5,44450200
-2,40561599;-5,44450200
-2,39537599;-5,44450200
-2,38513599;-5,44450200
-2,37489599;-5,44450200
-2,36465599;-5,44450200
-2,35441599;-5,44450200
-2,34417599;-5,44450200
-2,33393599;-5,44450200
-2,32369599;-5,44450200
-2,31345599;-5,44450200
-2,30321599;-5,44450200
-2,29297599;-5,44450200
-2,28273599;-5,44450200
-2,27249599;-5,44450200
-2,26225599;-5,44450200
-2,25201599;-5,44450200
-2,24177599;-5,44450200
-2,23153599;-5,44450200
-2,22129599;-5,44450200
-2,21105599;-5,44450200
-2,20081599;-5,44450200
-2,19057599;-5,44450200
-2,18033599;-5,44450200
-2,17009599;-5,44450200
-2,15985599;-5,44450200
-2,14961599;-5,44450200
-2,13937599;-5,44450200
-2,12913599;-5,44450200
-2,11889599;-5,44450200
-2,10865599;-5,44450200
-2,09841599;-5,44450200
-2,08817599;-5,44450200
-2,07793599;-5,44450200
-2,06769599;-5,26444300
-2,05745599;-5,44450200
-2,04721599;-5,44450200
-2,03697599;-5,44450200
-2,02673599;-5,44450200
-2,01649599;-5,44450200
-2,00625599;-5,44450200
-1,99601599;-5,44450200
-1,98577599;-5,44450200
-1,97553599;-5,44450200
-1,96529599;-5,26444300
-1,95505599;-5,44450200
-1,94481599;-5,44450200
-1,93457599;-5,44450200
-1,92433599;-5,44450200
-1,91409599;-5,44450200
-1,90385599;-5,44450200
-1,89361599;-5,44450200
-1,88337600;-5,44450200
-1,87313600;-5,44450200
-1,86289600;-5,44450200
-1,85265600;-5,26444300
-1,84241600;-5,44450200
-1,83217600;-5,44450200
-1,82193600;-5,44450200
-1,81169600;-5,44450200
-1,80145600;-5,44450200
-1,79121600;-5,44450200
-1,78097600;-5,44450200
-1,77073600;-5,44450200
-1,76049600;-5,44450200
-1,75025600;-5,44450200
-1,74001600;-5,44450200
-1,72977600;-5,44450200
-1,71953600;-5,44450200
-1,70929600;-5,44450200
-1,69905600;-5,44450200
-1,68881600;-5,44450200
-1,67857600;-5,26444300
-1,66833600;-5,44450200
-1,65809600;-5,44450200
-1,64785600;-5,44450200
-1,63761600;-5,44450200
-1,62737600;-5,44450200
-1,61713600;-5,44450200
-1,60689600;-5,44450200
-1,59665600;-5,26444300
-1,58641600;-5,44450200
-1,57617600;-5,44450200
-1,56593600;-5,44450200
-1,55569600;-5,44450200
-1,54545600;-5,26444300
-1,53521600;-5,44450200
-1,52497600;-5,44450200
-1,51473600;-5,44450200
-1,50449600;-5,44450200
-1,49425600;-5,44450200
-1,48401600;-5,26444300
-1,47377600;-5,44450200
-1,46353600;-5,44450200
-1,45329600;-5,44450200
-1,44305600;-5,44450200
-1,43281600;-5,44450200
-1,42257600;-5,44450200
-1,41233600;-5,44450200
-1,40209600;-5,44450200
-1,39185600;-5,44450200
-1,38161600;-5,26444300
-1,37137600;-5,44450200
-1,36113600;-5,44450200
-1,35089600;-5,26444300
-1,34065600;-5,44450200
-1,33041600;-5,44450200
-1,32017600;-5,44450200
-1,30993600;-5,44450200
-1,29969600;-5,26444300
-1,28945600;-5,44450200
-1,27921600;-5,44450200
-1,26897600;-5,44450200
-1,25873600;-5,44450200
-1,24849600;-5,26444300
-1,23825600;-5,44450200
-1,22801600;-5,26444300
-1,21777600;-5,44450200
-1,20753600;-5,26444300
-1,19729600;-5,44450200
-1,18705600;-5,44450200
-1,17681600;-5,26444300
-1,16657600;-5,44450200
-1,15633600;-5,26444300
-1,14609600;-5,26444300
-1,13585600;-5,44450200
-1,12561600;-5,44450200
-1,11537600;-5,44450200
-1,10513600;-5,44450200
-1,09489600;-5,44450200
-1,08465600;-5,44450200
-1,07441600;-5,26444300
-1,06417600;-5,26444300
-1,05393600;-5,26444300
-1,04369600;-5,26444300
-1,03345600;-5,26444300
-1,02321600;-5,26444300
-1,01297600;-5,26444300
-1,00273600;-5,26444300
-0,99249600;-5,26444300
-0,98225600;-5,08499400
-0,97201600;-5,08499400
-0,96177600;-5,08499400
-0,95153600;-5,08499400
-0,94129600;-5,08499400
-0,93105600;-5,08499400
-0,92081600;-5,08499400
-0,91057600;-4,90554500
-0,90033600;-4,72609600
-0,89009600;-4,72609600
-0,87985600;-4,72609600
-0,86961600;-4,36658800
-0,85937600;-4,54664800
-0,84913600;-4,72609600
-0,83889600;-4,54664800
-0,82865600;-4,36658800
-0,81841600;-4,36658800
-0,80817600;-4,36658800
-0,79793600;-4,36658800
-0,78769600;-4,00769000
-0,77745600;-4,00769000
-0,76721600;-4,00769000
-0,75697600;-4,00769000
-0,74673600;-4,00769000
-0,73649600;-4,00769000
-0,72625600;-4,00769000
-0,71601600;-3,82824200
-0,70577600;-3,82824200
-0,69553600;-3,82824200
-0,68529600;-3,64879300
-0,67505600;-3,64879300
-0,66481600;-3,64879300
-0,65457600;-3,46873400
-0,64433600;-3,46873400
-0,63409600;-3,46873400
-0,62385600;-3,28928500
-0,61361600;-3,46873400
-0,60337600;-3,28928500
-0,59313600;-3,28928500
-0,58289600;-3,10983600
-0,57265600;-3,10983600
-0,56241600;-2,93038700
-0,55217600;-2,93038700
-0,54193600;-2,93038700
-0,53169600;-2,93038700
-0,52145600;-2,93038700
-0,51121600;-2,93038700
-0,50097600;-2,93038700
-0,49073600;-2,75093800
-0,48049600;-2,57087900
-0,47025600;-2,57087900
-0,46001600;-2,57087900
-0,44977600;-2,39143000
-0,43953600;-2,39143000
-0,42929600;-2,21198200
-0,41905600;-2,21198200
-0,40881600;-2,21198200
-0,39857600;-2,21198200
-0,38833600;-2,21198200
-0,37809600;-2,21198200
-0,36785600;-1,85308400
-0,35761600;-1,85308400
-0,34737600;-1,85308400
-0,33713600;-1,85308400
-0,32689600;-1,85308400
-0,31665600;-1,85308400
-0,30641600;-1,85308400
-0,29617600;-1,67302500
-0,28593600;-1,67302500
-0,27569600;-1,49357600
-0,26545600;-1,49357600
-0,25521600;-1,49357600
-0,24497600;-1,49357600
-0,23473601;-1,49357600
-0,22449601;-1,49357600
-0,21425601;-1,31412700
-0,20401601;-1,13467800
-0,19377601;-1,13467800
-0,18353601;-1,13467800
-0,17329601;-1,13467800
-0,16305601;-0,95522930
-0,15281601;-0,95522930
-0,14257601;-0,77517010
-0,13233601;-0,77517010
-0,12209601;-0,77517010
-0,11185601;-0,77517010
-0,10161601;-0,59572130
-0,09137601;-0,59572130
-0,08113601;-0,41627250
-0,07089601;-0,41627250
-0,06065601;-0,41627250
-0,05041601;-0,41627250
-0,04017601;-0,23682360
-0,02993601;-0,23682360
-0,01969601;-0,23682360
-0,00945601;-0,23682360
0,00078399;-0,05737480
0,01102399;-0,05737480
0,02126399;-0,05737480
0,03150399;0,12207400
0,04174399;0,30152290
0,05198399;0,30152290
0,06222399;0,30152290
0,07246399;0,30152290
0,08270399;0,30152290
0,09294399;0,30152290
0,10318399;0,48097170
0,11342399;0,48097170
0,12366399;0,66042050
0,13390399;0,66042050
0,14414399;0,66042050
0,15438399;0,66042050
0,16462399;0,84047970
0,17486399;0,84047970
0,18510399;0,84047970
0,19534399;0,84047970
0,20558399;1,01992900
0,21582399;1,01992900
0,22606399;1,19937700
0,23630399;1,37882600
0,24654399;1,37882600
0,25678399;1,37882600
0,26702399;1,37882600
0,27726399;1,37882600
0,28750399;1,37882600
0,29774399;1,37882600
0,30798399;1,55827500
0,31822399;1,73833400
0,32846399;1,73833400
0,33870399;1,73833400
0,34894399;1,73833400
0,35918399;1,91778300
0,36942399;1,91778300
0,37966399;1,91778300
0,38990399;1,91778300
0,40014399;2,09723200
0,41038399;2,09723200
0,42062399;2,09723200
0,43086399;2,27668100
0,44110399;2,27668100
0,45134399;2,27668100
0,46158399;2,45613000
0,47182399;2,45613000
0,48206399;2,45613000
0,49230399;2,45613000
0,50254399;2,63618900
0,51278399;2,63618900
0,52302399;2,63618900
0,53326399;2,81563800
0,54350399;2,81563800
0,55374399;2,81563800
0,56398399;2,81563800
0,57422399;2,81563800
0,58446399;2,81563800
0,59470399;2,99508600
0,60494399;2,99508600
0,61518399;3,17453500
0,62542399;3,17453500
0,63566399;3,17453500
0,64590399;3,17453500
0,65614399;3,17453500
0,66638399;3,17453500
0,67662399;3,35398400
0,68686399;3,35398400
0,69710399;3,35398400
0,70734399;3,35398400
0,71758399;3,53404300
0,72782399;3,53404300
0,73806399;3,53404300
0,74830399;3,53404300
0,75854399;3,53404300
0,76878399;3,71349200
0,77902399;3,71349200
0,78926399;3,89294100
0,79950399;3,89294100
0,80974399;3,89294100
0,81998399;3,89294100
0,83022399;4,07239000
0,84046399;4,07239000
0,85070399;4,07239000
0,86094399;4,25183900
0,87118399;4,25183900
0,88142399;4,25183900
0,89166399;4,25183900
0,90190399;4,25183900
0,91214399;4,43189800
0,92238399;4,61134700
0,93262399;4,61134700
0,94286399;4,61134700
0,95310399;4,61134700
0,96334399;4,79079600
0,97358399;4,79079600
0,98382399;4,97024400
0,99406399;4,97024400
1,00430399;4,97024400
1,01454399;4,97024400
1,02478399;4,97024400
1,03502399;5,14969300
1,04526399;4,97024400
1,05550399;5,14969300
1,06574399;5,14969300
1,07598399;5,14969300
1,08622399;5,32975200
1,09646399;5,14969300
1,10670399;5,32975200
1,11694399;5,32975200
1,12718399;5,32975200
1,13742399;5,32975200
1,14766399;5,32975200
1,15790399;5,32975200
1,16814399;5,32975200
1,17838399;5,50920200
1,18862399;5,32975200
1,19886399;5,50920200
1,20910399;5,50920200
1,21934399;5,68865000
1,22958399;5,68865000
1,23982399;5,50920200
1,25006399;5,68865000
1,26030399;5,68865000
1,27054399;5,68865000
1,28078399;5,68865000
1,29102399;5,68865000
1,30126399;5,86809900
1,31150399;6,04754800
1,32174399;6,04754800
1,33198399;6,04754800
1,34222399;6,22760700
1,35246399;6,22760700
1,36270399;6,22760700
1,37294399;6,40705600
1,38318399;6,40705600
1,39342399;6,40705600
1,40366399;6,40705600
1,41390398;6,58650500
1,42414398;6,76595400
1,43438398;6,76595400
1,44462398;6,76595400
1,45486398;7,12546200
1,46510398;7,12546200
1,47534398;7,12546200
1,48558398;7,12546200
1,49582398;7,30491100
1,50606398;7,48435900
1,51630398;7,48435900
1,52654398;7,48435900
1,53678398;7,48435900
1,54702398;7,66380800
1,55726398;7,66380800
1,56750398;7,66380800
1,57774398;7,84325700
1,58798398;7,84325700
1,59822398;7,84325700
1,60846398;8,02331600
1,61870398;8,02331600
1,62894398;8,02331600
1,63918398;8,20276500
1,64942398;8,20276500
1,65966398;8,20276500
1,66990398;8,20276500
1,68014398;8,20276500
1,69038398;8,20276500
1,70062398;8,38221400
1,71086398;8,38221400
1,72110398;8,56166300
1,73134398;8,56166300
1,74158398;8,56166300
1,75182398;8,56166300
1,76206398;8,56166300
1,77230398;8,56166300
1,78254398;8,56166300
1,79278398;8,56166300
1,80302398;8,56166300
1,81326398;8,74111200
1,82350398;8,92117000
1,83374398;8,92117000
1,84398398;8,92117000
1,85422398;8,92117000
1,86446398;8,92117000
1,87470398;8,92117000
1,88494398;8,92117000
1,89518398;8,92117000
1,90542398;9,10061900
1,91566398;9,10061900
1,92590398;9,28006800
1,93614398;9,28006800
1,94638398;9,28006800
1,95662398;9,28006800
1,96686398;9,28006800
1,97710398;9,28006800
1,98734398;9,28006800
1,99758398;9,28006800
2,00782398;9,28006800
2,01806398;9,45951700
2,02830398;9,45951700
2,03854398;9,45951700
2,04878398;9,63896600
2,05902398;9,45951700
2,06926398;9,63896600
2,07950398;9,63896600
2,08974398;9,63896600
2,09998398;9,63896600
2,11022398;9,63896600
2,12046398;9,81902500
2,13070398;9,81902500
2,14094398;9,81902500
2,15118398;9,81902500
2,16142398;9,81902500
2,17166398;9,81902500
2,18190398;9,99847400
2,19214398;9,99847400
2,20238398;9,99847400
2,21262398;9,99847400
2,22286398;9,99847400
2,23310398;9,99847400
2,24334398;9,99847400
2,25358398;9,99847400
2,26382398;9,99847400
2,27406398;9,99847400
2,28430398;9,99847400
2,29454398;9,99847400
2,30478398;9,99847400
2,31502398;10,35737000
2,32526398;10,35737000
2,33550398;10,35737000
2,34574398;10,35737000
2,35598398;10,35737000
2,36622398;10,35737000
2,37646398;10,35737000
2,38670398;10,35737000
2,39694398;10,35737000
2,40718398;10,35737000
2,41742398;10,35737000
2,42766398;10,53682000
2,43790398;10,53682000
2,44814398;10,53682000
2,45838398;10,35737000
2,46862398;10,53682000
2,47886398;10,71688000
2,48910398;10,71688000
2,49934398;10,71688000
2,50958398;10,71688000
2,51982398;10,71688000
2,53006398;10,71688000
2,54030398;10,71688000
2,55054398;10,71688000
2,56078398;10,71688000
2,57102398;10,89633000
2,58126398;10,71688000
2,59150398;10,89633000
2,60174398;11,07578000
2,61198398;11,07578000
2,62222398;11,07578000
2,63246398;11,07578000
2,64270398;11,07578000
2,65294398;11,07578000
2,66318398;11,07578000
2,67342398;11,07578000
2,68366398;11,07578000
2,69390398;11,25523000
2,70414398;11,25523000
2,71438398;11,43529000
2,72462398;11,25523000
2,73486398;11,43529000
2,74510398;11,43529000
2,75534398;11,43529000
2,76558398;11,43529000
2,77582398;11,43529000
2,78606398;11,43529000
2,79630398;11,43529000
2,80654398;11,43529000
2,81678398;11,43529000
2,82702398;11,61473000
2,83726398;11,61473000
2,84750398;11,61473000
2,85774398;11,61473000
2,86798398;11,79418000
2,87822398;11,79418000
2,88846398;11,79418000
2,89870398;11,79418000
2,90894398;11,79418000
2,91918398;11,79418000
2,92942398;11,79418000
2,93966398;11,79418000
2,94990398;11,79418000
2,96014398;11,79418000
2,97038398;11,79418000
2,98062398;11,79418000
2,99086398;11,79418000
3,00110398;11,97363000
3,01134398;11,97363000
3,02158398;11,97363000
3,03182398;11,97363000
3,04206398;11,97363000
3,05230397;11,97363000
3,06254397;11,97363000
3,07278397;11,79418000
3,08302397;11,97363000
3,09326397;12,15308000
3,10350397;11,97363000
3,11374397;11,97363000
3,12398397;12,15308000
3,13422397;12,15308000
3,14446397;11,97363000
3,15470397;12,15308000
3,16494397;12,15308000
3,17518397;12,15308000
3,18542397;12,15308000
3,19566397;12,15308000
3,20590397;12,15308000
3,21614397;12,15308000
3,22638397;12,15308000
3,23662397;12,15308000
3,24686397;12,15308000
3,25710397;12,15308000
3,26734397;12,15308000
3,27758397;12,15308000
3,28782397;12,15308000
3,29806397;12,15308000
3,30830397;12,15308000
3,31854397;12,15308000
3,32878397;12,15308000
3,33902397;12,15308000
3,34926397;12,15308000
3,35950397;12,15308000
3,36974397;12,15308000
3,37998397;12,15308000
3,39022397;12,15308000
3,40046397;12,15308000
3,41070397;12,15308000
3,42094397;12,15308000
3,43118397;12,15308000
3,44142397;12,15308000
3,45166397;12,15308000
3,46190397;12,15308000
3,47214397;12,15308000
3,48238397;12,15308000
3,49262397;12,15308000
3,50286397;12,15308000
3,51310397;12,15308000
3,52334397;12,15308000
3,53358397;12,15308000
3,54382397;12,15308000
3,55406397;12,15308000
3,56430397;12,15308000
3,57454397;12,15308000
3,58478397;12,15308000
3,59502397;12,15308000
3,60526397;12,15308000
3,61550397;12,15308000
3,62574397;12,15308000
3,63598397;12,15308000
3,64622397;12,15308000
3,65646397;12,15308000
3,66670397;12,15308000
3,67694397;12,15308000
3,68718397;12,15308000
3,69742397;12,15308000
3,70766397;12,15308000
3,71790397;12,15308000
3,72814397;12,15308000
3,73838397;12,15308000
3,74862397;12,15308000
3,75886397;12,15308000
3,76910397;12,15308000
3,77934397;12,15308000
3,78958397;12,15308000
3,79982397;12,15308000
3,81006397;12,15308000
3,82030397;12,15308000
3,83054397;12,15308000
3,84078397;12,15308000
3,85102397;12,15308000
3,86126397;12,15308000
3,87150397;12,15308000
3,88174397;12,15308000
3,89198397;12,15308000
3,90222397;12,15308000
3,91246397;12,15308000
3,92270397;12,15308000
3,93294397;12,15308000
3,94318397;12,15308000
3,95342397;12,15308000
3,96366397;12,15308000
3,97390397;12,15308000
3,98414397;12,15308000
3,99438397;12,15308000
4,00462397;12,15308000
4,01486397;12,15308000
4,02510397;12,15308000
4,03534397;12,15308000
4,04558397;12,15308000
4,05582397;12,15308000
4,06606397;12,15308000
4,07630397;12,15308000
4,08654397;12,15308000
4,09678397;12,15308000
4,10702397;12,15308000
4,11726397;12,15308000
4,12750397;12,15308000
4,13774397;12,33314000
4,14798397;12,15308000
4,15822397;12,15308000
4,16846397;12,15308000
4,17870397;12,15308000
4,18894397;12,15308000
4,19918397;12,15308000
4,20942397;12,15308000
4,21966397;12,15308000
4,22990397;12,15308000
4,24014397;12,15308000
4,25038397;12,15308000
4,26062397;12,15308000
4,27086397;12,33314000
4,28110397;12,15308000
4,29134397;12,15308000
4,30158397;12,15308000
4,31182397;12,15308000
4,32206397;12,15308000
4,33230397;12,15308000
4,34254397;12,15308000
4,35278397;12,15308000
4,36302397;12,15308000
4,37326397;12,33314000
4,38350397;12,15308000
4,39374397;12,15308000
4,40398397;12,15308000
4,41422397;12,15308000
4,42446397;12,15308000
4,43470397;12,15308000
4,44494397;12,15308000
4,45518397;12,15308000
4,46542397;12,15308000
4,47566397;12,15308000
4,48590397;12,15308000
4,49614397;12,15308000
4,50638397;12,15308000
4,51662397;12,15308000
4,52686397;12,15308000
4,53710397;12,15308000
4,54734397;11,97363000
4,55758397;12,15308000
4,56782397;12,15308000
4,57806397;12,15308000
4,58830397;12,15308000
4,59854397;12,15308000
4,60878397;12,15308000
4,61902397;12,15308000
4,62926397;12,15308000
4,63950397;12,15308000
4,64974397;11,97363000
4,65998397;11,97363000
4,67022397;11,97363000
4,68046397;11,97363000
4,69070397;11,97363000
4,70094396;11,97363000
4,71118396;11,97363000
4,72142396;11,97363000
4,73166396;11,79418000
4,74190396;11,79418000
4,75214396;11,79418000
4,76238396;11,79418000
4,77262396;11,79418000
4,78286396;11,79418000
4,79310396;11,79418000
4,80334396;11,79418000
4,81358396;11,79418000
4,82382396;11,79418000
4,83406396;11,79418000
4,84430396;11,61473000
4,85454396;11,79418000
4,86478396;11,79418000
4,87502396;11,79418000
4,88526396;11,79418000
4,89550396;11,79418000
4,90574396;11,79418000
4,91598396;11,79418000
4,92622396;11,79418000
4,93646396;11,61473000
4,94670396;11,61473000
4,95694396;11,79418000
4,96718396;11,79418000
4,97742396;11,79418000
4,98766396;11,79418000
4,99790396;11,61473000
5,00814396;11,79418000
5,01838396;11,79418000
5,02862396;11,79418000
5,03886396;11,61473000
5,04910396;11,61473000
5,05934396;11,43529000
5,06958396;11,43529000
5,07982396;11,43529000
5,09006396;11,43529000
5,10030396;11,43529000
5,11054396;11,43529000
5,12078396;11,43529000
5,13102396;11,43529000
5,14126396;11,25523000
5,15150396;11,43529000
5,16174396;11,43529000
5,17198396;11,43529000
5,18222396;11,25523000
5,19246396;11,25523000
5,20270396;11,25523000
5,21294396;11,43529000
5,22318396;11,43529000
5,23342396;11,25523000
5,24366396;11,25523000
5,25390396;11,07578000
5,26414396;11,25523000
5,27438396;11,25523000
5,28462396;11,25523000
5,29486396;11,07578000
5,30510396;11,25523000
5,31534396;11,43529000
5,32558396;11,25523000
5,33582396;11,07578000
5,34606396;11,07578000
5,35630396;11,07578000
5,36654396;11,07578000
5,37678396;11,07578000
5,38702396;11,07578000
5,39726396;11,07578000
5,40750396;11,07578000
5,41774396;11,07578000
5,42798396;11,07578000
5,43822396;11,07578000
5,44846396;10,89633000
5,45870396;10,71688000
5,46894396;10,71688000
5,47918396;10,71688000
5,48942396;10,71688000
5,49966396;10,71688000
5,50990396;10,89633000
5,52014396;10,71688000
5,53038396;10,71688000
5,54062396;10,71688000
5,55086396;10,53682000
5,56110396;10,53682000
5,57134396;10,53682000
5,58158396;10,53682000
5,59182396;10,53682000
5,60206396;10,53682000
5,61230396;10,53682000
5,62254396;10,53682000
5,63278396;10,35737000
5,64302396;10,35737000
5,65326396;10,17792000
5,66350396;10,35737000
5,67374396;10,17792000
5,68398396;10,17792000
5,69422396;9,99847400
5,70446396;10,35737000
5,71470396;10,35737000
5,72494396;10,17792000
5,73518396;9,99847400
5,74542396;9,99847400
5,75566396;9,81902500
5,76590396;9,99847400
5,77614396;9,99847400
5,78638396;9,81902500
5,79662396;9,81902500
5,80686396;9,81902500
5,81710396;9,99847400
5,82734396;9,81902500
5,83758396;9,81902500
5,84782396;9,63896600
5,85806396;9,45951700
5,86830396;9,63896600
5,87854396;9,63896600
5,88878396;9,45951700
5,89902396;9,45951700
5,90926396;9,63896600
5,91950396;9,63896600
5,92974396;9,45951700
5,93998396;9,45951700
5,95022396;9,28006800
5,96046396;9,28006800
5,97070396;9,28006800
5,98094396;9,28006800
5,99118396;9,28006800
6,00142396;9,28006800
6,01166396;9,28006800
6,02190396;9,28006800
6,03214396;9,28006800
6,04238396;9,10061900
6,05262396;8,92117000
6,06286396;8,92117000
6,07310396;8,92117000
6,08334396;8,92117000
6,09358396;8,92117000
6,10382396;8,92117000
6,11406396;8,92117000
6,12430396;8,92117000
6,13454396;8,92117000
6,14478396;8,92117000
6,15502396;8,56166300
6,16526396;8,56166300
6,17550396;8,56166300
6,18574396;8,56166300
6,19598396;8,56166300
6,20622396;8,56166300
6,21646396;8,56166300
6,22670396;8,56166300
6,23694396;8,56166300
6,24718396;8,38221400
6,25742396;8,20276500
6,26766396;8,02331600
6,27790396;8,20276500
6,28814396;8,20276500
6,29838396;8,02331600
6,30862396;8,20276500
6,31886396;8,20276500
6,32910396;8,02331600
6,33934396;7,84325700
6,34958395;7,84325700
6,35982395;7,66380800
6,37006395;7,66380800
6,38030395;7,66380800
6,39054395;7,66380800
6,40078395;7,66380800
6,41102395;7,84325700
6,42126395;7,66380800
6,43150395;7,66380800
6,44174395;7,48435900
6,45198395;7,48435900
6,46222395;7,12546200
6,47246395;7,12546200
6,48270395;7,12546200
6,49294395;7,12546200
6,50318395;7,12546200
6,51342395;7,30491100
6,52366395;7,12546200
6,53390395;7,12546200
6,54414395;6,94540200
6,55438395;6,94540200
6,56462395;6,58650500
6,57486395;6,58650500
6,58510395;6,76595400
6,59534395;6,76595400
6,60558395;6,76595400
6,61582395;6,76595400
6,62606395;6,76595400
6,63630395;6,58650500
6,64654395;6,40705600
6,65678395;6,22760700
6,66702395;6,04754800
6,67726395;6,04754800
6,68750395;6,22760700
6,69774395;6,22760700
6,70798395;6,22760700
6,71822395;6,22760700
6,72846395;6,22760700
6,73870395;6,04754800
6,74894395;6,04754800
6,75918395;5,68865000
6,76942395;5,68865000
6,77966395;5,68865000
6,78990395;5,68865000
6,80014395;5,68865000
6,81038395;5,68865000
6,82062395;5,68865000
6,83086395;5,68865000
6,84110395;5,50920200
6,85134395;5,32975200
6,86158395;4,97024400
6,87182395;4,97024400
6,88206395;4,97024400
6,89230395;4,97024400
6,90254395;4,97024400
6,91278395;5,14969300
6,92302395;4,97024400
6,93326395;4,97024400
6,94350395;4,97024400
6,95374395;4,61134700
6,96398395;4,25183900
6,97422395;4,43189800
6,98446395;4,43189800
6,99470395;4,61134700
7,00494395;4,61134700
7,01518395;4,61134700
7,02542395;4,61134700
7,03566395;4,43189800
7,04590395;4,25183900
7,05614395;4,07239000
7,06638395;3,89294100
7,07662395;3,89294100
7,08686395;3,89294100
7,09710395;3,89294100
7,10734395;3,89294100
7,11758395;3,89294100
7,12782395;3,89294100
7,13806395;3,89294100
7,14830395;3,71349200
7,15854395;3,53404300
7,16878395;3,35398400
7,17902395;3,35398400
7,18926395;3,35398400
7,19950395;3,53404300
7,20974395;3,53404300
7,21998395;3,53404300
7,23022395;3,53404300
7,24046395;3,17453500
7,25070395;3,17453500
7,26094395;2,81563800
7,27118395;2,81563800
7,28142395;2,81563800
7,29166395;2,81563800
7,30190395;2,81563800
7,31214395;2,81563800
7,32238395;2,81563800
7,33262395;2,81563800
7,34286395;2,63618900
7,35310395;2,45613000
7,36334395;2,09723200
7,37358395;2,09723200
7,38382395;2,09723200
7,39406395;2,27668100
7,40430395;2,27668100
7,41454395;2,09723200
7,42478395;2,09723200
7,43502395;2,09723200
7,44526395;1,91778300
7,45550395;1,73833400
7,46574395;1,37882600
7,47598395;1,55827500
7,48622395;1,37882600
7,49646395;1,73833400
7,50670395;1,55827500
7,51694395;1,37882600
7,52718395;1,37882600
7,53742395;1,37882600
7,54766395;1,01992900
7,55790395;0,84047970
7,56814395;0,84047970
7,57838395;0,66042050
7,58862395;1,01992900
7,59886395;0,84047970
7,60910395;0,84047970
7,61934395;0,84047970
7,62958395;0,84047970
7,63982395;0,66042050
7,65006395;0,48097170
7,66030395;0,30152290
7,67054395;0,30152290
7,68078395;0,30152290
7,69102395;0,48097170
7,70126395;0,48097170
7,71150395;0,30152290
7,72174395;0,30152290
7,73198395;0,30152290
7,74222395;0,30152290
7,75246395;-0,05737480
7,76270395;-0,05737480
7,77294395;-0,05737480
7,78318395;-0,05737480
7,79342395;-0,05737480
7,80366395;-0,05737480
7,81390395;-0,05737480
7,82414395;-0,05737480
7,83438395;-0,23682360
7,84462395;-0,41627250
7,85486395;-0,59572130
7,86510395;-0,77517010
7,87534395;-0,77517010
7,88558395;-0,77517010
7,89582395;-0,59572130
7,90606395;-0,77517010
7,91630395;-0,77517010
7,92654395;-0,77517010
7,93678395;-0,95522930
7,94702395;-1,13467800
7,95726395;-1,13467800
7,96750395;-1,49357600
7,97774395;-1,49357600
7,98798394;-1,49357600
7,99822394;-1,31412700
8,00846394;-1,49357600
8,01870394;-1,49357600
8,02894394;-1,49357600
8,03918394;-1,49357600
8,04942394;-1,85308400
8,05966394;-2,03253300
8,06990394;-2,03253300
8,08014394;-2,21198200
8,09038394;-2,21198200
8,10062394;-2,21198200
8,11086394;-2,03253300
8,12110394;-2,21198200
8,13134394;-2,21198200
8,14158394;-2,39143000
8,15182394;-2,57087900
8,16206394;-2,75093800
8,17230394;-2,75093800
8,18254394;-2,75093800
8,19278394;-2,57087900
8,20302394;-2,75093800
8,21326394;-2,75093800
8,22350394;-2,93038700
8,23374394;-2,93038700
8,24398394;-3,10983600
8,25422394;-3,10983600
8,26446394;-3,28928500
8,27470394;-3,28928500
8,28494394;-3,28928500
8,29518394;-3,28928500
8,30542394;-3,28928500
8,31566394;-3,28928500
8,32590394;-3,28928500
8,33614394;-3,28928500
8,34638394;-3,64879300
8,35662394;-3,64879300
8,36686394;-3,82824200
8,37710394;-3,64879300
8,38734394;-3,64879300
8,39758394;-3,64879300
8,40782394;-3,64879300
8,41806394;-3,64879300
8,42830394;-3,64879300
8,43854394;-3,82824200
8,44878394;-4,00769000
8,45902394;-4,00769000
8,46926394;-4,00769000
8,47950394;-4,00769000
8,48974394;-4,00769000
8,49998394;-4,00769000
8,51022394;-4,00769000
8,52046394;-4,00769000
8,53070394;-4,18714000
8,54094394;-4,36658800
8,55118394;-4,36658800
8,56142394;-4,54664800
8,57166394;-4,54664800
8,58190394;-4,54664800
8,59214394;-4,54664800
8,60238394;-4,54664800
8,61262394;-4,54664800
8,62286394;-4,72609600
8,63310394;-4,72609600
8,64334394;-4,90554500
8,65358394;-5,08499400
8,66382394;-5,08499400
8,67406394;-5,08499400
8,68430394;-5,08499400
8,69454394;-5,08499400
8,70478394;-5,08499400
8,71502394;-5,08499400
8,72526394;-5,08499400
8,73550394;-5,26444300
8,74574394;-5,44450200
8,75598394;-5,44450200
8,76622394;-5,62395100
8,77646394;-5,62395100
8,78670394;-5,62395100
8,79694394;-5,44450200
8,80718394;-5,62395100
8,81742394;-5,62395100
8,82766394;-5,80340000
8,83790394;-5,80340000
8,84814394;-5,98284900
8,85838394;-5,80340000
8,86862394;-5,80340000
8,87886394;-5,80340000
8,88910394;-5,80340000
8,89934394;-5,80340000
8,90958394;-5,98284900
8,91982394;-5,80340000
8,93006394;-5,80340000
8,94030394;-5,80340000
8,95054394;-5,80340000
8,96078394;-5,80340000
8,97102394;-5,80340000
8,98126394;-5,80340000
8,99150394;-5,80340000
9,00174394;-5,80340000
9,01198394;-5,80340000
9,02222394;-5,80340000
9,03246394;-5,80340000
9,04270394;-5,80340000
9,05294394;-5,80340000
9,06318394;-5,98284900
9,07342394;-5,80340000
9,08366394;-5,80340000
9,09390394;-5,80340000
9,10414394;-5,80340000
9,11438394;-5,80340000
9,12462394;-5,80340000
9,13486394;-5,80340000
9,14510394;-5,80340000
9,15534394;-5,80340000
9,16558394;-5,80340000
9,17582394;-5,80340000
9,18606394;-5,80340000
9,19630394;-5,80340000
9,20654394;-5,80340000
9,21678394;-5,80340000
9,22702394;-5,80340000
9,23726394;-5,80340000
9,24750394;-5,80340000
9,25774394;-5,80340000
9,26798394;-5,80340000
9,27822394;-5,80340000
9,28846394;-5,80340000
9,29870394;-5,80340000
9,30894394;-5,80340000
9,31918394;-5,80340000
9,32942394;-5,80340000
9,33966394;-5,80340000
9,34990394;-5,80340000
9,36014394;-5,80340000
9,37038394;-5,80340000
9,38062394;-5,80340000
9,39086394;-5,80340000
9,40110394;-5,80340000
9,41134394;-5,98284900
9,42158394;-5,80340000
9,43182394;-5,80340000
9,44206394;-5,80340000
9,45230394;-5,80340000
9,46254394;-5,80340000
9,47278394;-5,80340000
9,48302394;-5,80340000
9,49326394;-5,80340000
9,50350394;-5,80340000
9,51374394;-5,80340000
9,52398394;-5,80340000
9,53422394;-5,80340000
9,54446394;-5,80340000
9,55470394;-5,80340000
9,56494394;-5,80340000
9,57518394;-5,80340000
9,58542394;-5,80340000
9,59566394;-5,80340000
9,60590394;-5,80340000
9,61614394;-5,80340000
9,62638394;-5,80340000
9,63662393;-5,80340000
9,64686393;-5,80340000
9,65710393;-5,80340000
9,66734393;-5,80340000
9,67758393;-5,80340000
9,68782393;-5,80340000
9,69806393;-5,80340000
9,70830393;-5,80340000
9,71854393;-5,80340000
9,72878393;-5,80340000
9,73902393;-5,80340000
9,74926393;-5,80340000
9,75950393;-5,80340000
9,76974393;-5,80340000
9,77998393;-5,80340000
9,79022393;-5,80340000
9,80046393;-5,80340000
9,81070393;-5,80340000
9,82094393;-5,80340000
9,83118393;-5,80340000
9,84142393;-5,80340000
9,85166393;-5,80340000
9,86190393;-5,80340000
9,87214393;-5,80340000
9,88238393;-5,80340000
9,89262393;-5,80340000
9,90286393;-5,80340000
9,91310393;-5,80340000
9,92334393;-5,80340000
9,93358393;-5,80340000
9,94382393;-5,80340000
9,95406393;-5,80340000
9,96430393;-5,80340000
9,97454393;-5,80340000
9,98478393;-5,80340000
9,99502393;-5,80340000
10,00526393;-5,80340000
10,01550393;-5,80340000
10,02574393;-5,80340000
10,03598393;-5,80340000
10,04622393;-5,80340000
10,05646393;-5,80340000
10,06670393;-5,80340000
10,07694393;-5,80340000
10,08718393;-5,80340000
10,09742393;-5,80340000
10,10766393;-5,80340000
10,11790393;-5,80340000
10,12814393;-5,80340000
10,13838393;-5,80340000
10,14862393;-5,80340000
10,15886393;-5,80340000
10,16910393;-5,80340000
10,17934393;-5,80340000
10,18958393;-5,80340000
10,19982393;-5,80340000
10,21006393;-5,80340000
10,22030393;-5,80340000
10,23054393;-5,80340000
10,24078393;-5,80340000
10,25102393;-5,80340000
10,26126393;-5,80340000
10,27150393;-5,80340000
10,28174393;-5,80340000
10,29198393;-5,80340000
10,30222393;-5,80340000
10,31246393;-5,80340000
10,32270393;-5,80340000
10,33294393;-5,80340000
10,34318393;-5,80340000
10,35342393;-5,80340000
10,36366393;-5,80340000
10,37390393;-5,80340000
10,38414393;-5,80340000
10,39438393;-5,80340000
10,40462393;-5,80340000
10,41486393;-5,80340000
10,42510393;-5,80340000
10,43534393;-5,80340000
10,44558393;-5,80340000
10,45582393;-5,80340000
10,46606393;-5,80340000
10,47630393;-5,80340000
10,48654393;-5,80340000
10,49678393;-5,80340000
10,50702393;-5,80340000
10,51726393;-5,80340000
10,52750393;-5,80340000
10,53774393;-5,80340000
10,54798393;-5,80340000
10,55822393;-5,80340000
10,56846393;-5,80340000
10,57870393;-5,80340000
10,58894393;-5,80340000
10,59918393;-5,80340000
10,60942393;-5,80340000
10,61966393;-5,80340000
10,62990393;-5,80340000
10,64014393;-5,80340000
10,65038393;-5,80340000
10,66062393;-5,80340000
10,67086393;-5,80340000
10,68110393;-5,80340000
10,69134393;-5,80340000
10,70158393;-5,80340000
10,71182393;-5,80340000
10,72206393;-5,80340000
10,73230393;-5,80340000
10,74254393;-5,80340000
10,75278393;-5,80340000
10,76302393;-5,80340000
10,77326393;-5,80340000
10,78350393;-5,80340000
10,79374393;-5,80340000
10,80398393;-5,80340000
10,81422393;-5,80340000
10,82446393;-5,80340000
10,83470393;-5,80340000
10,84494393;-5,80340000
10,85518393;-5,80340000
10,86542393;-5,80340000
10,87566393;-5,80340000
10,88590393;-5,80340000
10,89614393;-5,80340000
10,90638393;-5,80340000
10,91662393;-5,80340000
10,92686393;-5,80340000
10,93710393;-5,80340000
10,94734393;-5,80340000
10,95758393;-5,80340000
10,96782393;-5,80340000
10,97806393;-5,80340000
10,98830393;-5,80340000
10,99854393;-5,80340000
11,00878393;-5,80340000
11,01902393;-5,80340000
11,02926393;-5,80340000
11,03950393;-5,80340000
11,04974393;-5,80340000
11,05998393;-5,80340000
11,07022393;-5,80340000
11,08046393;-5,80340000
11,09070393;-5,80340000
11,10094393;-5,80340000
11,11118393;-5,80340000
11,12142393;-5,80340000
11,13166393;-5,80340000
11,14190393;-5,80340000
11,15214393;-5,80340000
11,16238393;-5,80340000
11,17262393;-5,80340000
11,18286393;-5,80340000
11,19310393;-5,80340000
11,20334393;-5,80340000
11,21358393;-5,80340000
11,22382393;-5,80340000
11,23406393;-5,80340000
11,24430393;-5,80340000
11,25454393;-5,80340000
11,26478393;-5,80340000
11,27502393;-5,80340000
11,28526392;-5,80340000
11,29550392;-5,80340000
11,30574392;-5,80340000
11,31598392;-5,80340000
11,32622392;-5,80340000
11,33646392;-5,80340000
11,34670392;-5,80340000
11,35694392;-5,80340000
11,36718392;-5,80340000
11,37742392;-5,80340000
11,38766392;-5,80340000
11,39790392;-5,80340000
11,40814392;-5,80340000
11,41838392;-5,80340000
11,42862392;-5,80340000
11,43886392;-5,80340000
11,44910392;-5,80340000
11,45934392;-5,80340000
11,46958392;-5,80340000
11,47982392;-5,80340000
11,49006392;-5,80340000
11,50030392;-5,80340000
11,51054392;-5,80340000
11,52078392;-5,80340000
11,53102392;-5,80340000
11,54126392;-5,80340000
11,55150392;-5,80340000
11,56174392;-5,80340000
11,57198392;-5,80340000
11,58222392;-5,80340000
11,59246392;-5,80340000
11,60270392;-5,80340000
11,61294392;-5,80340000
11,62318392;-5,80340000
11,63342392;-5,80340000
11,64366392;-5,80340000
11,65390392;-5,80340000
11,66414392;-5,80340000
11,67438392;-5,80340000
11,68462392;-5,80340000
11,69486392;-5,80340000
11,70510392;-5,80340000
11,71534392;-5,80340000
11,72558392;-5,80340000
11,73582392;-5,80340000
11,74606392;-5,80340000
11,75630392;-5,80340000
11,76654392;-5,80340000
11,77678392;-5,80340000
11,78702392;-5,80340000
11,79726392;-5,80340000
11,80750392;-5,80340000
11,81774392;-5,80340000
11,82798392;-5,80340000
11,83822392;-5,80340000
11,84846392;-5,80340000
11,85870392;-5,80340000
11,86894392;-5,80340000
11,87918392;-5,80340000
11,88942392;-5,80340000
11,89966392;-5,80340000
11,90990392;-5,80340000
11,92014392;-5,80340000
11,93038392;-5,80340000
11,94062392;-5,80340000
11,95086392;-5,80340000
11,96110392;-5,80340000
11,97134392;-5,80340000
11,98158392;-5,80340000
11,99182392;-5,80340000
12,00206392;-5,80340000
12,01230392;-5,80340000
12,02254392;-5,80340000
12,03278392;-5,80340000
12,04302392;-5,80340000
12,05326392;-5,80340000
12,06350392;-5,80340000
12,07374392;-5,80340000
12,08398392;-5,80340000
12,09422392;-5,80340000
12,10446392;-5,80340000
12,11470392;-5,80340000
12,12494392;-5,80340000
12,13518392;-5,80340000
12,14542392;-5,80340000
12,15566392;-5,80340000
12,16590392;-5,80340000
12,17614392;-5,80340000
12,18638392;-5,80340000
12,19662392;-5,80340000
12,20686392;-5,80340000
12,21710392;-5,80340000
12,22734392;-5,80340000
12,23758392;-5,80340000
12,24782392;-5,80340000
12,25806392;-5,80340000
12,26830392;-5,80340000
12,27854392;-5,80340000
12,28878392;-5,80340000
12,29902392;-5,80340000
12,30926392;-5,80340000
12,31950392;-5,62395100
12,32974392;-5,80340000
12,33998392;-5,80340000
12,35022392;-5,80340000
12,36046392;-5,80340000
12,37070392;-5,80340000
12,38094392;-5,62395100
12,39118392;-5,80340000
12,40142392;-5,80340000
12,41166392;-5,80340000
12,42190392;-5,80340000
12,43214392;-5,80340000
12,44238392;-5,80340000
12,45262392;-5,80340000
12,46286392;-5,80340000
12,47310392;-5,80340000
12,48334392;-5,80340000
12,49358392;-5,80340000
12,50382392;-5,80340000
12,51406392;-5,80340000
12,52430392;-5,80340000
12,53454392;-5,80340000
12,54478392;-5,80340000
12,55502392;-5,80340000
12,56526392;-5,80340000
12,57550392;-5,44450200
12,58574392;-5,80340000
12,59598392;-5,80340000
12,60622392;-5,80340000
12,61646392;-5,80340000
12,62670392;-5,80340000
12,63694392;-5,80340000
12,64718392;-5,80340000
12,65742392;-5,80340000
12,66766392;-5,80340000
12,67790392;-5,80340000
12,68814392;-5,80340000
12,69838392;-5,80340000
12,70862392;-5,80340000
12,71886392;-5,80340000
12,72910392;-5,80340000
12,73934392;-5,80340000
12,74958392;-5,80340000
12,75982392;-5,80340000
12,77006392;-5,80340000
12,78030392;-5,80340000
12,79054392;-5,80340000
12,80078392;-5,80340000
12,81102392;-5,80340000
12,82126392;-5,80340000
12,83150392;-5,80340000
12,84174392;-5,80340000
12,85198392;-5,80340000
12,86222392;-5,62395100
12,87246392;-5,62395100
12,88270392;-5,62395100
12,89294392;-5,80340000
12,90318392;-5,80340000
12,91342392;-5,62395100
12,92366391;-5,80340000
12,93390391;-5,80340000
12,94414391;-5,80340000
12,95438391;-5,80340000
12,96462391;-5,80340000
12,97486391;-5,62395100
12,98510391;-5,62395100
12,99534391;-5,62395100
13,00558391;-5,80340000
13,01582391;-5,80340000
13,02606391;-5,80340000
13,03630391;-5,80340000
13,04654391;-5,80340000
13,05678391;-5,62395100
13,06702391;-5,62395100
13,07726391;-5,62395100
13,08750391;-5,80340000
13,09774391;-5,80340000
13,10798391;-5,80340000
13,11822391;-5,80340000
13,12846391;-5,62395100
13,13870391;-5,80340000
13,14894391;-5,80340000
13,15918391;-5,80340000
13,16942391;-5,80340000
13,17966391;-5,62395100
13,18990391;-5,80340000
13,20014391;-5,62395100
13,21038391;-5,62395100
13,22062391;-5,80340000
13,23086391;-5,80340000
13,24110391;-5,62395100
13,25134391;-5,44450200
13,26158391;-5,62395100
13,27182391;-5,62395100
13,28206391;-5,62395100
13,29230391;-5,62395100
13,30254391;-5,80340000
13,31278391;-5,80340000
13,32302391;-5,80340000
13,33326391;-5,62395100
13,34350391;-5,62395100
13,35374391;-5,62395100
13,36398391;-5,80340000
13,37422391;-5,62395100
13,38446391;-5,80340000
13,39470391;-5,62395100
13,40494391;-5,62395100
13,41518391;-5,62395100
13,42542391;-5,62395100
13,43566391;-5,62395100
13,44590391;-5,62395100
13,45614391;-5,62395100
13,46638391;-5,44450200
13,47662391;-5,62395100
13,48686391;-5,62395100
13,49710391;-5,62395100
13,50734391;-5,62395100
13,51758391;-5,80340000
13,52782391;-5,62395100
13,53806391;-5,44450200
13,54830391;-5,44450200
13,55854391;-5,62395100
13,56878391;-5,62395100
13,57902391;-5,62395100
13,58926391;-5,80340000
13,59950391;-5,80340000
13,60974391;-5,62395100
13,61998391;-5,62395100
13,63022391;-5,62395100
13,64046391;-5,44450200
13,65070391;-5,62395100
13,66094391;-5,62395100
13,67118391;-5,62395100
13,68142391;-5,62395100
13,69166391;-5,62395100
13,70190391;-5,62395100
13,71214391;-5,62395100
13,72238391;-5,62395100
13,73262391;-5,44450200
13,74286391;-5,62395100
13,75310391;-5,80340000
13,76334391;-5,62395100
13,77358391;-5,80340000
13,78382391;-5,62395100
13,79406391;-5,62395100
13,80430391;-5,62395100
13,81454391;-5,62395100
13,82478391;-5,62395100
13,83502391;-5,44450200
13,84526391;-5,62395100
13,85550391;-5,80340000
13,86574391;-5,62395100
13,87598391;-5,62395100
13,88622391;-5,44450200
13,89646391;-5,44450200
13,90670391;-5,80340000
13,91694391;-5,44450200
13,92718391;-5,62395100
13,93742391;-5,44450200
13,94766391;-5,62395100
13,95790391;-5,62395100
13,96814391;-5,44450200
13,97838391;-5,44450200
13,98862391;-5,62395100
13,99886391;-5,62395100
14,00910391;-5,62395100
14,01934391;-5,80340000
14,02958391;-5,62395100
14,03982391;-5,44450200
14,05006391;-5,62395100
14,06030391;-5,62395100
14,07054391;-5,62395100
14,08078391;-5,62395100
14,09102391;-5,62395100
14,10126391;-5,62395100
14,11150391;-5,62395100
14,12174391;-5,62395100
14,13198391;-5,44450200
14,14222391;-5,44450200
14,15246391;-5,62395100
14,16270391;-5,62395100
14,17294391;-5,44450200
14,18318391;-5,62395100
14,19342391;-5,44450200
14,20366391;-5,44450200
14,21390391;-5,80340000
14,22414391;-5,62395100
14,23438391;-5,62395100
14,24462391;-5,44450200
14,25486391;-5,44450200
14,26510391;-5,44450200
14,27534391;-5,44450200
14,28558391;-5,44450200
14,29582391;-5,62395100
14,30606391;-5,62395100
14,31630391;-5,62395100
14,32654391;-5,44450200
14,33678391;-5,44450200
14,34702391;-5,44450200
14,35726391;-5,44450200
14,36750391;-5,44450200
14,37774391;-5,44450200
14,38798391;-5,44450200
14,39822391;-5,44450200
14,40846391;-5,62395100
14,41870391;-5,62395100
14,42894391;-5,44450200
14,43918391;-5,44450200
14,44942391;-5,44450200
14,45966391;-5,44450200
14,46990391;-5,62395100
14,48014391;-5,44450200
14,49038391;-5,44450200
14,50062391;-5,44450200
14,51086391;-5,44450200
14,52110391;-5,62395100
14,53134391;-5,44450200
14,54158391;-5,62395100
14,55182391;-5,44450200
14,56206391;-5,62395100
14,57230390;-5,44450200
14,58254390;-5,62395100
14,59278390;-5,44450200
14,60302390;-5,62395100
14,61326390;-5,62395100
14,62350390;-5,44450200
14,63374390;-5,62395100
14,64398390;-5,44450200
14,65422390;-5,44450200
14,66446390;-5,44450200
14,67470390;-5,44450200
14,68494390;-5,62395100
14,69518390;-5,62395100
14,70542390;-5,44450200
14,71566390;-5,44450200
14,72590390;-5,44450200
14,73614390;-5,44450200
14,74638390;-5,44450200
14,75662390;-5,62395100
14,76686390;-5,44450200
14,77710390;-5,44450200
14,78734390;-5,44450200
14,79758390;-5,44450200
14,80782390;-5,62395100
14,81806390;-5,44450200
14,82830390;-5,44450200
14,83854390;-5,44450200
14,84878390;-5,44450200
14,85902390;-5,44450200
14,86926390;-5,44450200
14,87950390;-5,62395100
14,88974390;-5,62395100
14,89998390;-5,44450200
14,91022390;-5,44450200
14,92046390;-5,44450200
14,93070390;-5,44450200
14,94094390;-5,44450200
14,95118390;-5,44450200
14,96142390;-5,44450200
14,97166390;-5,44450200
14,98190390;-5,44450200
14,99214390;-5,44450200
15,00238390;-5,44450200
15,01262390;-5,44450200
15,02286390;-5,44450200
15,03310390;-5,44450200
15,04334390;-5,44450200
15,05358390;-5,44450200
15,06382390;-5,44450200
15,07406390;-5,44450200
15,08430390;-5,44450200
15,09454390;-5,44450200
15,10478390;-5,44450200
15,11502390;-5,44450200
15,12526390;-5,44450200
15,13550390;-5,44450200
15,14574390;-5,44450200
15,15598390;-5,62395100
15,16622390;-5,44450200
15,17646390;-5,44450200
15,18670390;-5,44450200
15,19694390;-5,44450200
15,20718390;-5,44450200
15,21742390;-5,44450200
15,22766390;-5,44450200
15,23790390;-5,44450200
15,24814390;-5,44450200
15,25838390;-5,44450200
15,26862390;-5,44450200
15,27886390;-5,44450200
15,28910390;-5,44450200
15,29934390;-5,44450200
15,30958390;-5,44450200
15,31982390;-5,44450200
15,33006390;-5,44450200
15,34030390;-5,44450200
15,35054390;-5,44450200
15,36078390;-5,44450200
15,37102390;-5,44450200
15,38126390;-5,44450200
15,39150390;-5,44450200
15,40174390;-5,44450200
15,41198390;-5,44450200
15,42222390;-5,44450200
15,43246390;-5,44450200
15,44270390;-5,44450200
15,45294390;-5,44450200
15,46318390;-5,44450200
15,47342390;-5,44450200
15,48366390;-5,62395100
15,49390390;-5,44450200
15,50414390;-5,44450200
15,51438390;-5,44450200
15,52462390;-5,44450200
15,53486390;-5,44450200
15,54510390;-5,44450200
15,55534390;-5,44450200
15,56558390;-5,44450200
15,57582390;-5,44450200
15,58606390;-5,44450200
15,59630390;-5,44450200
15,60654390;-5,44450200
15,61678390;-5,44450200
15,62702390;-5,44450200
15,63726390;-5,44450200
15,64750390;-5,44450200
15,65774390;-5,44450200
15,66798390;-5,44450200
15,67822390;-5,44450200
15,68846390;-5,44450200
15,69870390;-5,44450200
15,70894390;-5,44450200
15,71918390;-5,44450200
15,72942390;-5,44450200
15,73966390;-5,44450200
15,74990390;-5,44450200
15,76014390;-5,44450200
15,77038390;-5,44450200
15,78062390;-5,44450200
15,79086390;-5,44450200
15,80110390;-5,44450200
15,81134390;-5,44450200
15,82158390;-5,44450200
15,83182390;-5,44450200
15,84206390;-5,44450200
15,85230390;-5,44450200
15,86254390;-5,44450200
15,87278390;-5,44450200
15,88302390;-5,44450200
15,89326390;-5,44450200
15,90350390;-5,44450200
15,91374390;-5,44450200
15,92398390;-5,44450200
15,93422390;-5,44450200
15,94446390;-5,44450200
15,95470390;-5,44450200
15,96494390;-5,44450200
15,97518390;-5,44450200
15,98542390;-5,44450200
15,99566390;-5,44450200
16,00590390;-5,44450200
16,01614390;-5,44450200
16,02638390;-5,44450200
16,03662390;-5,44450200
16,04686390;-5,44450200
16,05710390;-5,44450200
16,06734390;-5,44450200
16,07758390;-5,44450200
16,08782390;-5,44450200
16,09806390;-5,44450200
16,10830390;-5,44450200
16,11854390;-5,44450200
16,12878390;-5,44450200
16,13902390;-5,44450200
16,14926390;-5,44450200
16,15950390;-5,44450200
16,16974390;-5,44450200
16,17998390;-5,44450200
16,19022390;-5,44450200
16,20046390;-5,44450200
16,21070390;-5,44450200
16,22094389;-5,44450200
16,23118389;-5,44450200
16,24142389;-5,44450200
16,25166389;-5,44450200
16,26190389;-5,44450200
16,27214389;-5,44450200
16,28238389;-5,44450200
16,29262389;-5,44450200
16,30286389;-5,44450200
16,31310389;-5,44450200
16,32334389;-5,44450200
16,33358389;-5,44450200
16,34382389;-5,44450200
16,35406389;-5,44450200
16,36430389;-5,44450200
16,37454389;-5,44450200
16,38478389;-5,44450200
16,39502389;-5,44450200
16,40526389;-5,44450200
16,41550389;-5,44450200
16,42574389;-5,44450200
16,43598389;-5,44450200
16,44622389;-5,44450200
16,45646389;-5,44450200
16,46670389;-5,44450200
16,47694389;-5,44450200
16,48718389;-5,44450200
16,49742389;-5,44450200
16,50766389;-5,44450200
16,51790389;-5,44450200
16,52814389;-5,44450200
16,53838389;-5,44450200
16,54862389;-5,44450200
16,55886389;-5,44450200
16,56910389;-5,44450200
16,57934389;-5,44450200
16,58958389;-5,44450200
16,59982389;-5,44450200
16,61006389;-5,44450200
16,62030389;-5,44450200
16,63054389;-5,44450200
16,64078389;-5,44450200
16,65102389;-5,44450200
16,66126389;-5,44450200
16,67150389;-5,44450200
16,68174389;-5,44450200
16,69198389;-5,44450200
16,70222389;-5,44450200
16,71246389;-5,44450200
16,72270389;-5,44450200
16,73294389;-5,44450200
16,74318389;-5,44450200
16,75342389;-5,44450200
16,76366389;-5,44450200
16,77390389;-5,44450200
16,78414389;-5,44450200
16,79438389;-5,44450200
16,80462389;-5,44450200
16,81486389;-5,44450200
16,82510389;-5,44450200
16,83534389;-5,44450200
16,84558389;-5,44450200
16,85582389;-5,44450200
16,86606389;-5,44450200
16,87630389;-5,44450200
16,88654389;-5,44450200
16,89678389;-5,44450200
16,90702389;-5,44450200
16,91726389;-5,44450200
16,92750389;-5,44450200
16,93774389;-5,44450200
16,94798389;-5,44450200
16,95822389;-5,44450200
16,96846389;-5,44450200
16,97870389;-5,44450200
16,98894389;-5,44450200
16,99918389;-5,44450200
17,00942389;-5,44450200
17,01966389;-5,44450200
17,02990389;-5,44450200
17,04014389;-5,44450200
17,05038389;-5,44450200
17,06062389;-5,44450200
17,07086389;-5,44450200
17,08110389;-5,44450200
17,09134389;-5,44450200
17,10158389;-5,44450200
17,11182389;-5,44450200
17,12206389;-5,44450200
17,13230389;-5,44450200
17,14254389;-5,44450200
17,15278389;-5,44450200
17,16302389;-5,44450200
17,17326389;-5,44450200
17,18350389;-5,44450200
17,19374389;-5,44450200
17,20398389;-5,44450200
17,21422389;-5,44450200
17,22446389;-5,44450200
17,23470389;-5,44450200
17,24494389;-5,44450200
17,25518389;-5,44450200
17,26542389;-5,44450200
17,27566389;-5,44450200
17,28590389;-5,44450200
17,29614389;-5,44450200
17,30638389;-5,44450200
17,31662389;-5,44450200
17,32686389;-5,44450200
17,33710389;-5,44450200
17,34734389;-5,44450200
17,35758389;-5,44450200
17,36782389;-5,44450200
17,37806389;-5,44450200
17,38830389;-5,44450200
17,39854389;-5,44450200
17,40878389;-5,44450200
17,41902389;-5,44450200
17,42926389;-5,44450200
17,43950389;-5,44450200
17,44974389;-5,44450200
17,45998389;-5,44450200
17,47022389;-5,44450200
17,48046389;-5,44450200
17,49070389;-5,44450200
17,50094389;-5,44450200
17,51118389;-5,44450200
17,52142389;-5,44450200
17,53166389;-5,44450200
17,54190389;-5,44450200
17,55214389;-5,44450200
17,56238389;-5,44450200
17,57262389;-5,44450200
17,58286389;-5,44450200
17,59310389;-5,44450200
17,60334389;-5,44450200
17,61358389;-5,44450200
17,62382389;-5,44450200
17,63406389;-5,44450200
17,64430389;-5,44450200
17,65454389;-5,44450200
17,66478389;-5,44450200
17,67502389;-5,44450200
17,68526389;-5,44450200
17,69550389;-5,44450200
17,70574389;-5,44450200
17,71598389;-5,44450200
17,72622389;-5,44450200
17,73646389;-5,44450200
17,74670389;-5,44450200
17,75694389;-5,44450200
17,76718389;-5,44450200
17,77742389;-5,44450200
17,78766389;-5,44450200
17,79790389;-5,44450200
17,80814389;-5,26444300
17,81838389;-5,44450200
17,82862389;-5,44450200
17,83886389;-5,44450200
17,84910389;-5,44450200
17,85934388;-5,44450200
17,86958388;-5,44450200
17,87982388;-5,44450200
17,89006388;-5,44450200
17,90030388;-5,44450200
17,91054388;-5,44450200
17,92078388;-5,44450200
17,93102388;-5,44450200
17,94126388;-5,44450200
17,95150388;-5,44450200
17,96174388;-5,44450200
17,97198388;-5,44450200
17,98222388;-5,44450200
17,99246388;-5,44450200
18,00270388;-5,44450200
18,01294388;-5,44450200
18,02318388;-5,44450200
18,03342388;-5,44450200
18,04366388;-5,44450200
18,05390388;-5,44450200
18,06414388;-5,44450200
18,07438388;-5,44450200
18,08462388;-5,44450200
18,09486388;-5,44450200
18,10510388;-5,44450200
18,11534388;-5,44450200
18,12558388;-5,44450200
18,13582388;-5,44450200
18,14606388;-5,44450200
18,15630388;-5,44450200
18,16654388;-5,44450200
18,17678388;-5,44450200
18,18702388;-5,44450200
18,19726388;-5,44450200
18,20750388;-5,44450200
18,21774388;-5,44450200
18,22798388;-5,44450200
18,23822388;-5,44450200
18,24846388;-5,44450200
18,25870388;-5,44450200
18,26894388;-5,44450200
18,27918388;-5,44450200
18,28942388;-5,44450200
18,29966388;-5,44450200
18,30990388;-5,44450200
18,32014388;-5,44450200
18,33038388;-5,44450200
18,34062388;-5,44450200
18,35086388;-5,44450200
18,36110388;-5,44450200
18,37134388;-5,26444300
18,38158388;-5,44450200
18,39182388;-5,44450200
18,40206388;-5,44450200
18,41230388;-5,44450200
18,42254388;-5,26444300
18,43278388;-5,44450200
18,44302388;-5,44450200
18,45326388;-5,44450200
18,46350388;-5,44450200
18,47374388;-5,44450200
18,48398388;-5,44450200
18,49422388;-5,44450200
18,50446388;-5,44450200
18,51470388;-5,44450200
18,52494388;-5,26444300
18,53518388;-5,44450200
18,54542388;-5,44450200
18,55566388;-5,26444300
18,56590388;-5,44450200
18,57614388;-5,44450200
18,58638388;-5,26444300
18,59662388;-5,44450200
18,60686388;-5,26444300
18,61710388;-5,26444300
18,62734388;-5,26444300
18,63758388;-5,44450200
18,64782388;-5,44450200
18,65806388;-5,26444300
18,66830388;-5,44450200
18,67854388;-5,26444300
18,68878388;-5,44450200
18,69902388;-5,44450200
18,70926388;-5,26444300
18,71950388;-5,26444300
18,72974388;-5,44450200
18,73998388;-5,44450200
18,75022388;-5,44450200
18,76046388;-5,26444300
18,77070388;-5,44450200
18,78094388;-5,26444300
18,79118388;-5,44450200
18,80142388;-5,44450200
18,81166388;-5,44450200
18,82190388;-5,26444300
18,83214388;-5,44450200
18,84238388;-5,44450200
18,85262388;-5,44450200
18,86286388;-5,26444300
18,87310388;-5,44450200
18,88334388;-5,44450200
18,89358388;-5,26444300
18,90382388;-5,26444300
18,91406388;-5,44450200
18,92430388;-5,44450200
18,93454388;-5,44450200
18,94478388;-5,26444300
18,95502388;-5,26444300
18,96526388;-5,26444300
18,97550388;-5,44450200
18,98574388;-5,26444300
18,99598388;-5,08499400
19,00622388;-5,08499400
19,01646388;-5,26444300
19,02670388;-5,08499400
19,03694388;-5,08499400
19,04718388;-5,08499400
19,05742388;-5,08499400
19,06766388;-5,08499400
19,07790388;-4,90554500
19,08814388;-4,72609600
19,09838388;-4,72609600
19,10862388;-4,72609600
19,11886388;-4,72609600
19,12910388;-4,72609600
19,13934388;-4,54664800
19,14958388;-4,54664800
19,15982388;-4,54664800
19,17006388;-4,36658800
19,18030388;-4,36658800
19,19054388;-4,18714000
19,20078388;-4,00769000
19,21102388;-4,18714000
19,22126388;-4,00769000
19,23150388;-4,00769000
19,24174388;-4,00769000
19,25198388;-4,00769000
19,26222388;-4,00769000
19,27246388;-3,82824200
19,28270388;-3,64879300
19,29294388;-3,64879300
19,30318388;-3,64879300
19,31342388;-3,64879300
19,32366388;-3,64879300
19,33390388;-3,64879300
19,34414388;-3,64879300
19,35438388;-3,46873400
19,36462388;-3,28928500
19,37486388;-3,28928500
19,38510388;-3,28928500
19,39534388;-3,10983600
19,40558388;-3,10983600
19,41582388;-3,28928500
19,42606388;-3,10983600
19,43630388;-3,10983600
19,44654388;-3,10983600
19,45678388;-2,93038700
19,46702388;-2,93038700
19,47726388;-2,75093800
19,48750388;-2,75093800
19,49774388;-2,57087900
19,50798387;-2,57087900
19,51822387;-2,57087900
19,52846387;-2,57087900
19,53870387;-2,57087900
19,54894387;-2,57087900
19,55918387;-2,39143000
19,56942387;-2,39143000
19,57966387;-2,21198200
19,58990387;-2,21198200
19,60014387;-2,21198200
19,61038387;-2,21198200
19,62062387;-2,21198200
19,63086387;-2,21198200
19,64110387;-2,21198200
19,65134387;-2,03253300
19,66158387;-1,85308400
19,67182387;-1,85308400
19,68206387;-1,67302500
19,69230387;-1,49357600
19,70254387;-1,49357600
19,71278387;-1,49357600
19,72302387;-1,49357600
19,73326387;-1,49357600
19,74350387;-1,49357600
19,75374387;-1,49357600
19,76398387;-1,49357600
19,77422387;-1,13467800
19,78446387;-1,13467800
19,79470387;-0,95522930
19,80494387;-1,13467800
19,81518387;-1,13467800
19,82542387;-1,13467800
19,83566387;-0,95522930
19,84590387;-0,95522930
19,85614387;-0,77517010
19,86638387;-0,77517010
19,87662387;-0,77517010
19,88686387;-0,59572130
19,89710387;-0,41627250
19,90734387;-0,41627250
19,91758387;-0,59572130
19,92782387;-0,41627250
19,93806387;-0,41627250
19,94830387;-0,41627250
19,95854387;-0,41627250
19,96878387;-0,23682360
19,97902387;-0,05737480
19,98926387;-0,05737480
19,99950387;-0,05737480
20,00974387;-0,05737480
20,01998387;-0,05737480
20,03022387;0,12207400
20,04046387;0,30152290
20,05070387;0,30152290
20,06094387;0,30152290
20,07118387;0,30152290
20,08142387;0,48097170
20,09166387;0,48097170
20,10190387;0,66042050
20,11214387;0,66042050
20,12238387;0,66042050
20,13262387;0,66042050
20,14286387;0,66042050
20,15310387;0,66042050
20,16334387;0,66042050
20,17358387;1,01992900
20,18382387;1,01992900
20,19406387;1,19937700
20,20430387;1,01992900
20,21454387;1,01992900
20,22478387;1,19937700
20,23502387;1,19937700
20,24526387;1,37882600
20,25550387;1,37882600
20,26574387;1,37882600
20,27598387;1,37882600
20,28622387;1,73833400
20,29646387;1,73833400
20,30670387;1,73833400
20,31694387;1,73833400
20,32718387;1,73833400
20,33742387;1,73833400
20,34766387;1,73833400
20,35790387;1,73833400
20,36814387;1,91778300
20,37838387;2,09723200
20,38862387;2,09723200
20,39886387;2,09723200
20,40910387;2,09723200
20,41934387;2,09723200
20,42958387;2,27668100
20,43982387;2,27668100
20,45006387;2,09723200
20,46030387;2,27668100
20,47054387;2,45613000
20,48078387;2,45613000
20,49102387;2,45613000
20,50126387;2,45613000
20,51150387;2,63618900
20,52174387;2,45613000
20,53198387;2,81563800
20,54222387;2,81563800
20,55246387;2,81563800
20,56270387;2,81563800
20,57294387;2,81563800
20,58318387;2,81563800
20,59342387;2,81563800
20,60366387;2,99508600
20,61390387;3,17453500
20,62414387;3,17453500
20,63438387;3,17453500
20,64462387;3,17453500
20,65486387;3,17453500
20,66510387;3,17453500
20,67534387;3,35398400
20,68558387;3,53404300
20,69582387;3,35398400
20,70606387;3,53404300
20,71630387;3,53404300
20,72654387;3,53404300
20,73678387;3,53404300
20,74702387;3,53404300
20,75726387;3,53404300
20,76750387;3,71349200
20,77774387;3,89294100
20,78798387;3,89294100
20,79822387;3,71349200
20,80846387;3,89294100
20,81870387;3,89294100
20,82894387;3,89294100
20,83918387;4,07239000
20,84942387;4,07239000
20,85966387;4,25183900
20,86990387;4,25183900
20,88014387;4,25183900
20,89038387;4,25183900
20,90062387;4,25183900
20,91086387;4,43189800
20,92110387;4,61134700
20,93134387;4,61134700
20,94158387;4,61134700
20,95182387;4,61134700
20,96206387;4,79079600
20,97230387;4,79079600
20,98254387;4,97024400
20,99278387;4,97024400
21,00302387;4,97024400
21,01326387;4,97024400
21,02350387;4,97024400
21,03374387;4,97024400
21,04398387;4,97024400
21,05422387;4,97024400
21,06446387;5,14969300
21,07470387;5,32975200
21,08494387;5,32975200
21,09518387;5,32975200
21,10542387;5,32975200
21,11566387;5,32975200
21,12590387;5,32975200
21,13614387;5,32975200
21,14638387;5,32975200
21,15662386;5,50920200
21,16686386;5,50920200
21,17710386;5,68865000
21,18734386;5,68865000
21,19758386;5,68865000
21,20782386;5,68865000
21,21806386;5,68865000
21,22830386;5,68865000
21,23854386;5,68865000
21,24878386;5,86809900
21,25902386;6,04754800
21,26926386;6,04754800
21,27950386;6,04754800
21,28974386;6,04754800
21,29998386;6,04754800
21,31022386;6,04754800
21,32046386;6,22760700
21,33070386;6,40705600
21,34094386;6,40705600
21,35118386;6,40705600
21,36142386;6,40705600
21,37166386;6,40705600
21,38190386;6,58650500
21,39214386;6,76595400
21,40238386;6,76595400
21,41262386;6,76595400
21,42286386;6,76595400
21,43310386;6,94540200
21,44334386;6,94540200
21,45358386;6,94540200
21,46382386;7,12546200
21,47406386;7,12546200
21,48430386;7,12546200
21,49454386;7,30491100
21,50478386;7,48435900
21,51502386;7,48435900
21,52526386;7,48435900
21,53550386;7,48435900
21,54574386;7,48435900
21,55598386;7,48435900
21,56622386;7,66380800
21,57646386;7,84325700
21,58670386;7,84325700
21,59694386;7,84325700
21,60718386;7,84325700
21,61742386;7,84325700
21,62766386;7,84325700
21,63790386;7,84325700
21,64814386;8,02331600
21,65838386;8,02331600
21,66862386;8,20276500
21,67886386;8,20276500
21,68910386;8,20276500
21,69934386;8,20276500
21,70958386;8,20276500
21,71982386;8,38221400
21,73006386;8,38221400
21,74030386;8,38221400
21,75054386;8,56166300
21,76078386;8,56166300
21,77102386;8,56166300
21,78126386;8,56166300
21,79150386;8,56166300
21,80174386;8,56166300
21,81198386;8,56166300
21,82222386;8,56166300
21,83246386;8,74111200
21,84270386;8,92117000
21,85294386;8,92117000
21,86318386;8,92117000
21,87342386;8,92117000
21,88366386;8,92117000
21,89390386;9,10061900
21,90414386;9,10061900
21,91438386;9,10061900
21,92462386;9,10061900
21,93486386;9,10061900
21,94510386;9,28006800
21,95534386;9,28006800
21,96558386;9,28006800
21,97582386;9,28006800
21,98606386;9,28006800
21,99630386;9,28006800
22,00654386;9,28006800
22,01678386;9,45951700
22,02702386;9,28006800
22,03726386;9,45951700
22,04750386;9,63896600
22,05774386;9,63896600
22,06798386;9,63896600
22,07822386;9,63896600
22,08846386;9,63896600
22,09870386;9,63896600
22,10894386;9,63896600
22,11918386;9,63896600
22,12942386;9,63896600
22,13966386;9,81902500
22,14990386;9,81902500
22,16014386;9,81902500
22,17038386;9,99847400
22,18062386;9,99847400
22,19086386;9,99847400
22,20110386;9,99847400
22,21134386;9,99847400
22,22158386;9,99847400
22,23182386;9,99847400
22,24206386;9,99847400
22,25230386;9,99847400
22,26254386;9,99847400
22,27278386;9,99847400
22,28302386;9,99847400
22,29326386;9,99847400
22,30350386;9,99847400
22,31374386;10,17792000
22,32398386;9,99847400
22,33422386;10,17792000
22,34446386;10,17792000
22,35470386;10,35737000
22,36494386;10,35737000
22,37518386;10,35737000
22,38542386;10,35737000
22,39566386;10,35737000
22,40590386;10,53682000
22,41614386;10,53682000
22,42638386;10,35737000
22,43662386;10,53682000
22,44686386;10,53682000
22,45710386;10,53682000
22,46734386;10,71688000
22,47758386;10,71688000
22,48782386;10,71688000
22,49806386;10,71688000
22,50830386;10,71688000
22,51854386;10,71688000
22,52878386;10,71688000
22,53902386;10,71688000
22,54926386;10,89633000
22,55950386;10,89633000
22,56974386;11,07578000
22,57998386;11,07578000
22,59022386;11,07578000
22,60046386;11,07578000
22,61070386;11,07578000
22,62094386;11,07578000
22,63118386;11,25523000
22,64142386;11,25523000
22,65166386;11,25523000
22,66190386;11,25523000
22,67214386;11,43529000
22,68238386;11,43529000
22,69262386;11,43529000
22,70286386;11,43529000
22,71310386;11,43529000
22,72334386;11,43529000
22,73358386;11,43529000
22,74382386;11,43529000
22,75406386;11,43529000
22,76430386;11,43529000
22,77454386;11,43529000
22,78478386;11,43529000
22,79502385;11,61473000
22,80526385;11,61473000
22,81550385;11,61473000
22,82574385;11,79418000
22,83598385;11,79418000
22,84622385;11,61473000
22,85646385;11,79418000
22,86670385;11,79418000
22,87694385;11,79418000
22,88718385;11,79418000
22,89742385;11,79418000
22,90766385;11,79418000
22,91790385;11,79418000
22,92814385;11,79418000
22,93838385;11,79418000
22,94862385;11,79418000
22,95886385;11,79418000
22,96910385;11,79418000
22,97934385;11,97363000
22,98958385;11,79418000
22,99982385;11,79418000
23,01006385;11,97363000
23,02030385;11,79418000
23,03054385;11,97363000
23,04078385;11,97363000
23,05102385;11,79418000
23,06126385;11,97363000
23,07150385;11,97363000
23,08174385;11,97363000
23,09198385;11,97363000
23,10222385;11,97363000
23,11246385;11,97363000
23,12270385;11,97363000
23,13294385;11,97363000
23,14318385;11,97363000
23,15342385;11,97363000
23,16366385;11,97363000
23,17390385;11,97363000
23,18414385;12,15308000
23,19438385;12,15308000
23,20462385;11,97363000
23,21486385;12,15308000
23,22510385;12,15308000
23,23534385;11,97363000
23,24558385;11,97363000
23,25582385;12,15308000
23,26606385;12,15308000
23,27630385;12,15308000
23,28654385;12,15308000
23,29678385;12,15308000
23,30702385;12,15308000
23,31726385;12,15308000
23,32750385;12,15308000
23,33774385;12,15308000
23,34798385;12,15308000
23,35822385;12,15308000
23,36846385;12,15308000
23,37870385;12,15308000
23,38894385;12,15308000
23,39918385;12,15308000
23,40942385;12,15308000
23,41966385;12,15308000
23,42990385;12,15308000
23,44014385;12,15308000
23,45038385;12,15308000
23,46062385;12,15308000
23,47086385;12,15308000
23,48110385;12,15308000
23,49134385;12,15308000
23,50158385;12,15308000
23,51182385;12,15308000
23,52206385;12,15308000
23,53230385;12,15308000
23,54254385;12,15308000
23,55278385;12,15308000
23,56302385;12,15308000
23,57326385;12,15308000
23,58350385;12,15308000
23,59374385;12,15308000
23,60398385;12,15308000
23,61422385;12,15308000
23,62446385;12,15308000
23,63470385;12,15308000
23,64494385;12,15308000
23,65518385;12,15308000
23,66542385;12,15308000
23,67566385;12,15308000
23,68590385;12,15308000
23,69614385;12,15308000
23,70638385;12,15308000
23,71662385;12,15308000
23,72686385;12,15308000
23,73710385;12,15308000
23,74734385;12,15308000
23,75758385;12,15308000
23,76782385;12,15308000
23,77806385;12,15308000
23,78830385;12,15308000
23,79854385;12,15308000
23,80878385;12,15308000
23,81902385;12,15308000
23,82926385;12,15308000
23,83950385;12,15308000
23,84974385;12,15308000
23,85998385;12,15308000
23,87022385;12,33314000
23,88046385;12,15308000
23,89070385;12,15308000
23,90094385;12,15308000
23,91118385;12,15308000
23,92142385;12,15308000
23,93166385;12,15308000
23,94190385;12,15308000
23,95214385;12,15308000
23,96238385;12,15308000
23,97262385;12,15308000
23,98286385;12,33314000
23,99310385;12,15308000
24,00334385;12,15308000
24,01358385;12,15308000
24,02382385;12,15308000
24,03406385;12,15308000
24,04430385;12,15308000
24,05454385;12,33314000
24,06478385;12,15308000
24,07502385;12,15308000
24,08526385;12,15308000
24,09550385;12,15308000
24,10574385;12,15308000
24,11598385;12,15308000
24,12622385;12,15308000
24,13646385;12,33314000
24,14670385;12,15308000
24,15694385;12,15308000
24,16718385;12,33314000
24,17742385;12,33314000
24,18766385;12,33314000
24,19790385;12,15308000
24,20814385;12,15308000
24,21838385;12,15308000
24,22862385;12,33314000
24,23886385;12,33314000
24,24910385;12,15308000
24,25934385;12,33314000
24,26958385;12,33314000
24,27982385;12,15308000
24,29006385;12,15308000
24,30030385;12,15308000
24,31054385;12,15308000
24,32078385;12,33314000
24,33102385;12,15308000
24,34126385;12,15308000
24,35150385;12,15308000
24,36174385;12,15308000
24,37198385;12,33314000
24,38222385;12,15308000
24,39246385;12,15308000
24,40270385;12,15308000
24,41294385;12,15308000
24,42318385;12,15308000
24,43342385;12,15308000
24,44366384;12,15308000
24,45390384;12,15308000
24,46414384;12,15308000
24,47438384;12,15308000
24,48462384;12,15308000
24,49486384;12,15308000
24,50510384;12,15308000
24,51534384;12,15308000
24,52558384;12,15308000
24,53582384;12,15308000
24,54606384;12,15308000
24,55630384;12,15308000
24,56654384;12,15308000
24,57678384;12,15308000
24,58702384;12,15308000
24,59726384;11,97363000
24,60750384;11,97363000
24,61774384;11,97363000
24,62798384;11,97363000
24,63822384;12,15308000
24,64846384;11,97363000
24,65870384;11,97363000
24,66894384;11,97363000
24,67918384;11,97363000
24,68942384;11,97363000
24,69966384;11,79418000
24,70990384;11,79418000
24,72014384;11,79418000
24,73038384;11,79418000
24,74062384;11,79418000
24,75086384;11,79418000
24,76110384;11,79418000
24,77134384;11,79418000
24,78158384;11,79418000
24,79182384;11,79418000
24,80206384;11,61473000
24,81230384;11,61473000
24,82254384;11,79418000
24,83278384;11,79418000
24,84302384;11,79418000
24,85326384;11,61473000
24,86350384;11,79418000
24,87374384;11,79418000
24,88398384;11,79418000
24,89422384;11,43529000
24,90446384;11,43529000
24,91470384;11,43529000
24,92494384;11,43529000
24,93518384;11,43529000
24,94542384;11,43529000
24,95566384;11,43529000
24,96590384;11,43529000
24,97614384;11,61473000
24,98638384;11,61473000
24,99662384;11,43529000
25,00686384;11,43529000
25,01710384;11,43529000
25,02734384;11,43529000
25,03758384;11,43529000
25,04782384;11,43529000
25,05806384;11,43529000
25,06830384;11,43529000
25,07854384;11,61473000
25,08878384;11,43529000
25,09902384;11,43529000
25,10926384;11,43529000
25,11950384;11,43529000
25,12974384;11,43529000
25,13998384;11,43529000
25,15022384;11,43529000
25,16046384;11,43529000
25,17070384;11,43529000
25,18094384;11,43529000
25,19118384;11,43529000
25,20142384;11,43529000
25,21166384;11,43529000
25,22190384;11,43529000
25,23214384;11,43529000
25,24238384;11,43529000
25,25262384;11,43529000
25,26286384;11,43529000
25,27310384;11,43529000
25,28334384;11,43529000
25,29358384;11,43529000
25,30382384;11,25523000
25,31406384;11,07578000
25,32430384;11,25523000
25,33454384;11,25523000
25,34478384;11,25523000
25,35502384;11,07578000
25,36526384;11,25523000
25,37550384;11,25523000
25,38574384;11,07578000
25,39598384;11,07578000
25,40622384;11,07578000
25,41646384;10,89633000
25,42670384;10,89633000
25,43694384;10,89633000
25,44718384;10,89633000
25,45742384;10,89633000
25,46766384;11,07578000
25,47790384;11,07578000
25,48814384;10,89633000
25,49838384;10,71688000
25,50862384;10,53682000
25,51886384;10,53682000
25,52910384;10,71688000
25,53934384;10,71688000
25,54958384;10,71688000
25,55982384;10,71688000
25,57006384;10,71688000
25,58030384;10,71688000
25,59054384;10,53682000
25,60078384;10,35737000
25,61102384;10,35737000
25,62126384;10,17792000
25,63150384;10,17792000
25,64174384;10,35737000
25,65198384;10,17792000
25,66222384;10,35737000
25,67246384;10,35737000
25,68270384;10,35737000
25,69294384;10,17792000
25,70318384;9,99847400
25,71342384;9,81902500
25,72366384;9,99847400
25,73390384;9,99847400
25,74414384;9,99847400
25,75438384;9,99847400
25,76462384;9,99847400
25,77486384;9,99847400
25,78510384;9,99847400
25,79534384;9,99847400
25,80558384;9,81902500
25,81582384;9,63896600
25,82606384;9,63896600
25,83630384;9,63896600
25,84654384;9,63896600
25,85678384;9,63896600
25,86702384;9,81902500
25,87726384;9,81902500
25,88750384;9,63896600
25,89774384;9,63896600
25,90798384;9,28006800
25,91822384;9,28006800
25,92846384;9,28006800
25,93870384;9,45951700
25,94894384;9,28006800
25,95918384;9,28006800
25,96942384;9,28006800
25,97966384;9,28006800
25,98990384;9,28006800
26,00014384;9,28006800
26,01038384;8,92117000
26,02062384;8,92117000
26,03086384;9,10061900
26,04110384;9,10061900
26,05134384;9,10061900
26,06158384;9,10061900
26,07182384;9,10061900
26,08206384;9,10061900
26,09230383;9,10061900
26,10254383;8,92117000
26,11278383;8,56166300
26,12302383;8,56166300
26,13326383;8,56166300
26,14350383;8,56166300
26,15374383;8,56166300
26,16398383;8,56166300
26,17422383;8,74111200
26,18446383;8,56166300
26,19470383;8,56166300
26,20494383;8,56166300
26,21518383;8,38221400
26,22542383;8,20276500
26,23566383;8,38221400
26,24590383;8,56166300
26,25614383;8,38221400
26,26638383;8,20276500
26,27662383;8,38221400
26,28686383;8,20276500
26,29710383;8,20276500
26,30734383;8,02331600
26,31758383;7,84325700
26,32782383;7,84325700
26,33806383;7,84325700
26,34830383;7,84325700
26,35854383;7,84325700
26,36878383;7,84325700
26,37902383;7,84325700
26,38926383;7,84325700
26,39950383;7,48435900
26,40974383;7,48435900
26,41998383;7,48435900
26,43022383;7,48435900
26,44046383;7,48435900
26,45070383;7,48435900
26,46094383;7,48435900
26,47118383;7,48435900
26,48142383;7,12546200
26,49166383;7,12546200
26,50190383;7,12546200
26,51214383;7,12546200
26,52238383;7,12546200
26,53262383;6,94540200
26,54286383;6,94540200
26,55310383;6,76595400
26,56334383;6,76595400
26,57358383;6,76595400
26,58382383;6,76595400
26,59406383;6,58650500
26,60430383;6,40705600
26,61454383;6,40705600
26,62478383;6,40705600
26,63502383;6,40705600
26,64526383;6,40705600
26,65550383;6,40705600
26,66574383;6,22760700
26,67598383;6,22760700
26,68622383;6,04754800
26,69646383;6,04754800
26,70670383;6,04754800
26,71694383;5,86809900
26,72718383;5,68865000
26,73742383;5,68865000
26,74766383;5,68865000
26,75790383;5,68865000
26,76814383;5,68865000
26,77838383;5,68865000
26,78862383;5,68865000
26,79886383;5,68865000
26,80910383;5,50920200
26,81934383;5,32975200
26,82958383;5,32975200
26,83982383;5,32975200
26,85006383;5,32975200
26,86030383;5,32975200
26,87054383;5,32975200
26,88078383;5,32975200
26,89102383;5,32975200
26,90126383;5,32975200
26,91150383;4,97024400
26,92174383;4,79079600
26,93198383;4,79079600
26,94222383;4,79079600
26,95246383;4,79079600
26,96270383;4,97024400
26,97294383;4,97024400
26,98318383;4,61134700
26,99342383;4,61134700
27,00366383;4,61134700
27,01390383;4,25183900
27,02414383;4,25183900
27,03438383;4,07239000
27,04462383;4,25183900
27,05486383;4,07239000
27,06510383;4,25183900
27,07534383;4,25183900
27,08558383;4,25183900
27,09582383;4,07239000
27,10606383;3,89294100
27,11630383;3,71349200
27,12654383;3,53404300
27,13678383;3,53404300
27,14702383;3,71349200
27,15726383;3,71349200
27,16750383;3,53404300
27,17774383;3,53404300
27,18798383;3,53404300
27,19822383;3,53404300
27,20846383;3,35398400
27,21870383;3,17453500
27,22894383;3,17453500
27,23918383;2,99508600
27,24942383;3,17453500
27,25966383;3,17453500
27,26990383;2,99508600
27,28014383;3,17453500
27,29038383;2,99508600
27,30062383;2,81563800
27,31086383;2,81563800
27,32110383;2,63618900
27,33134383;2,45613000
27,34158383;2,45613000
27,35182383;2,45613000
27,36206383;2,45613000
27,37230383;2,45613000
27,38254383;2,45613000
27,39278383;2,45613000
27,40302383;2,27668100
27,41326383;2,09723200
27,42350383;1,73833400
27,43374383;1,73833400
27,44398383;1,73833400
27,45422383;1,73833400
27,46446383;1,73833400
27,47470383;1,73833400
27,48494383;1,73833400
27,49518383;1,73833400
27,50542383;1,37882600
27,51566383;1,19937700
27,52590383;1,01992900
27,53614383;1,01992900
27,54638383;1,01992900
27,55662383;1,01992900
27,56686383;1,01992900
27,57710383;1,01992900
27,58734383;1,01992900
27,59758383;1,01992900
27,60782383;0,84047970
27,61806383;0,66042050
27,62830383;0,48097170
27,63854383;0,48097170
27,64878383;0,48097170
27,65902383;0,66042050
27,66926383;0,66042050
27,67950383;0,66042050
27,68974383;0,66042050
27,69998383;0,48097170
27,71022383;0,30152290
27,72046383;-0,05737480
27,73070383;-0,05737480
27,74094382;-0,05737480
27,75118382;-0,05737480
27,76142382;0,12207400
27,77166382;0,12207400
27,78190382;-0,05737480
27,79214382;-0,05737480
27,80238382;-0,05737480
27,81262382;-0,23682360
27,82286382;-0,41627250
27,83310382;-0,59572130
27,84334382;-0,41627250
27,85358382;-0,41627250
27,86382382;-0,41627250
27,87406382;-0,41627250
27,88430382;-0,41627250
27,89454382;-0,59572130
27,90478382;-0,77517010
27,91502382;-0,95522930
27,92526382;-1,13467800
27,93550382;-1,13467800
27,94574382;-1,13467800
27,95598382;-1,13467800
27,96622382;-1,13467800
27,97646382;-1,13467800
27,98670382;-1,13467800
27,99694382;-1,31412700
28,00718382;-1,49357600
28,01742382;-1,67302500
28,02766382;-1,85308400
28,03790382;-1,85308400
28,04814382;-1,85308400
28,05838382;-1,85308400
28,06862382;-1,85308400
28,07886382;-1,85308400
28,08910382;-1,85308400
28,09934382;-2,03253300
28,10958382;-2,21198200
28,11982382;-2,39143000
28,13006382;-2,57087900
28,14030382;-2,57087900
28,15054382;-2,57087900
28,16078382;-2,57087900
28,17102382;-2,57087900
28,18126382;-2,57087900
28,19150382;-2,57087900
28,20174382;-2,57087900
28,21198382;-2,93038700
28,22222382;-2,93038700
28,23246382;-3,10983600
28,24270382;-3,10983600
28,25294382;-3,10983600
28,26318382;-2,93038700
28,27342382;-2,93038700
28,28366382;-2,93038700
28,29390382;-3,10983600
28,30414382;-3,28928500
28,31438382;-3,28928500
28,32462382;-3,64879300
28,33486382;-3,64879300
28,34510382;-3,64879300
28,35534382;-3,64879300
28,36558382;-3,46873400
28,37582382;-3,46873400
28,38606382;-3,64879300
28,39630382;-3,64879300
28,40654382;-3,64879300
28,41678382;-4,00769000
28,42702382;-4,00769000
28,43726382;-4,00769000
28,44750382;-4,00769000
28,45774382;-4,00769000
28,46798382;-4,00769000
28,47822382;-4,00769000
28,48846382;-4,00769000
28,49870382;-4,00769000
28,50894382;-4,36658800
28,51918382;-4,36658800
28,52942382;-4,36658800
28,53966382;-4,54664800
28,54990382;-4,54664800
28,56014382;-4,36658800
28,57038382;-4,36658800
28,58062382;-4,36658800
28,59086382;-4,72609600
28,60110382;-4,72609600
28,61134382;-4,72609600
28,62158382;-4,90554500
28,63182382;-5,08499400
28,64206382;-5,08499400
28,65230382;-5,08499400
28,66254382;-5,08499400
28,67278382;-5,08499400
28,68302382;-5,08499400
28,69326382;-5,08499400
28,70350382;-5,08499400
28,71374382;-5,44450200
28,72398382;-5,44450200
28,73422382;-5,44450200
28,74446382;-5,44450200
28,75470382;-5,44450200
28,76494382;-5,44450200
28,77518382;-5,44450200
28,78542382;-5,44450200
28,79566382;-5,62395100
28,80590382;-5,80340000
28,81614382;-5,80340000
28,82638382;-5,80340000
28,83662382;-5,80340000
28,84686382;-5,80340000
28,85710382;-5,80340000
28,86734382;-5,80340000
28,87758382;-5,80340000
28,88782382;-5,80340000
28,89806382;-5,80340000
28,90830382;-5,80340000
28,91854382;-5,80340000
28,92878382;-5,80340000
28,93902382;-5,80340000
28,94926382;-5,80340000
28,95950382;-5,80340000
28,96974382;-5,98284900
28,97998382;-5,80340000
28,99022382;-5,80340000
29,00046382;-5,80340000
29,01070382;-5,80340000
29,02094382;-5,80340000
29,03118382;-5,80340000
29,04142382;-5,80340000
29,05166382;-5,80340000
29,06190382;-5,80340000
29,07214382;-5,80340000
29,08238382;-5,80340000
29,09262382;-5,80340000
29,10286382;-5,98284900
29,11310382;-5,80340000
29,12334382;-5,80340000
29,13358382;-5,80340000
29,14382382;-5,80340000
29,15406382;-5,98284900
29,16430382;-5,80340000
29,17454382;-5,98284900
29,18478382;-5,80340000
29,19502382;-5,80340000
29,20526382;-5,80340000
29,21550382;-5,80340000
29,22574382;-5,80340000
29,23598382;-5,80340000
29,24622382;-5,80340000
29,25646382;-5,80340000
29,26670382;-5,80340000
29,27694382;-5,80340000
29,28718382;-5,80340000
29,29742382;-5,80340000
29,30766382;-5,80340000
29,31790382;-5,80340000
29,32814382;-5,80340000
29,33838382;-5,80340000
29,34862382;-5,80340000
29,35886382;-5,80340000
29,36910382;-5,80340000
29,37934381;-5,80340000
29,38958381;-5,80340000
29,39982381;-5,80340000
29,41006381;-5,98284900
29,42030381;-5,80340000
29,43054381;-5,80340000
29,44078381;-5,80340000
29,45102381;-5,80340000
29,46126381;-5,80340000
29,47150381;-5,80340000
29,48174381;-5,80340000
29,49198381;-5,80340000
29,50222381;-5,80340000
29,51246381;-5,80340000
29,52270381;-5,80340000
29,53294381;-5,80340000
29,54318381;-5,80340000
29,55342381;-5,80340000
29,56366381;-5,80340000
29,57390381;-5,80340000
29,58414381;-5,80340000
29,59438381;-5,80340000
29,60462381;-5,80340000
29,61486381;-5,80340000
29,62510381;-5,80340000
29,63534381;-5,80340000
29,64558381;-5,80340000
29,65582381;-5,80340000
29,66606381;-5,80340000
29,67630381;-5,80340000
29,68654381;-5,80340000
29,69678381;-5,80340000
29,70702381;-5,80340000
29,71726381;-5,80340000
29,72750381;-5,80340000
29,73774381;-5,80340000
29,74798381;-5,80340000
29,75822381;-5,80340000
29,76846381;-5,80340000
29,77870381;-5,80340000
29,78894381;-5,80340000
29,79918381;-5,80340000
29,80942381;-5,80340000
29,81966381;-5,80340000
29,82990381;-5,80340000
29,84014381;-5,80340000
29,85038381;-5,80340000
29,86062381;-5,80340000
29,87086381;-5,80340000
29,88110381;-5,80340000
29,89134381;-5,80340000
29,90158381;-5,80340000
29,91182381;-5,80340000
29,92206381;-5,80340000
29,93230381;-5,80340000
29,94254381;-5,80340000
29,95278381;-5,80340000
29,96302381;-5,80340000
29,97326381;-5,80340000
29,98350381;-5,80340000
29,99374381;-5,80340000
30,00398381;-5,80340000
30,01422381;-5,80340000
30,02446381;-5,80340000
30,03470381;-5,80340000
30,04494381;-5,80340000
30,05518381;-5,80340000
30,06542381;-5,80340000
30,07566381;-5,80340000
30,08590381;-5,80340000
30,09614381;-5,80340000
30,10638381;-5,80340000
30,11662381;-5,80340000
30,12686381;-5,80340000
30,13710381;-5,80340000
30,14734381;-5,80340000
30,15758381;-5,80340000
30,16782381;-5,80340000
30,17806381;-5,80340000
30,18830381;-5,80340000
30,19854381;-5,80340000
30,20878381;-5,80340000
30,21902381;-5,80340000
30,22926381;-5,80340000
30,23950381;-5,80340000
30,24974381;-5,80340000
30,25998381;-5,80340000
30,27022381;-5,80340000
30,28046381;-5,80340000
30,29070381;-5,80340000
30,30094381;-5,80340000
30,31118381;-5,80340000
30,32142381;-5,80340000
30,33166381;-5,80340000
30,34190381;-5,80340000
30,35214381;-5,80340000
30,36238381;-5,80340000
30,37262381;-5,80340000
30,38286381;-5,80340000
30,39310381;-5,80340000
30,40334381;-5,80340000
30,41358381;-5,80340000
30,42382381;-5,80340000
30,43406381;-5,80340000
30,44430381;-5,80340000
30,45454381;-5,80340000
30,46478381;-5,80340000
30,47502381;-5,80340000
30,48526381;-5,80340000
30,49550381;-5,80340000
30,50574381;-5,80340000
30,51598381;-5,80340000
30,52622381;-5,80340000
30,53646381;-5,80340000
30,54670381;-5,80340000
30,55694381;-5,80340000
30,56718381;-5,80340000
30,57742381;-5,80340000
30,58766381;-5,80340000
30,59790381;-5,80340000
30,60814381;-5,80340000
30,61838381;-5,80340000
30,62862381;-5,80340000
30,63886381;-5,80340000
30,64910381;-5,80340000
30,65934381;-5,80340000
30,66958381;-5,80340000
30,67982381;-5,80340000
30,69006381;-5,80340000
30,70030381;-5,80340000
30,71054381;-5,80340000
30,72078381;-5,80340000
30,73102381;-5,80340000
30,74126381;-5,80340000
30,75150381;-5,80340000
30,76174381;-5,80340000
30,77198381;-5,80340000
30,78222381;-5,80340000
30,79246381;-5,80340000
30,80270381;-5,80340000
30,81294381;-5,80340000
30,82318381;-5,80340000
30,83342381;-5,80340000
30,84366381;-5,80340000
30,85390381;-5,80340000
30,86414381;-5,80340000
30,87438381;-5,80340000
30,88462381;-5,80340000
30,89486381;-5,80340000
30,90510381;-5,80340000
30,91534381;-5,80340000
30,92558381;-5,80340000
30,93582381;-5,80340000
30,94606381;-5,80340000
30,95630381;-5,80340000
30,96654381;-5,80340000
30,97678381;-5,80340000
30,98702381;-5,80340000
30,99726381;-5,80340000
31,00750381;-5,80340000
31,01774381;-5,80340000
31,02798380;-5,80340000
31,03822380;-5,80340000
31,04846380;-5,80340000
31,05870380;-5,80340000
31,06894380;-5,80340000
31,07918380;-5,80340000
31,08942380;-5,80340000
31,09966380;-5,80340000
31,10990380;-5,80340000
31,12014380;-5,80340000
31,13038380;-5,80340000
31,14062380;-5,80340000
31,15086380;-5,80340000
31,16110380;-5,80340000
31,17134380;-5,80340000
31,18158380;-5,80340000
31,19182380;-5,80340000
31,20206380;-5,80340000
31,21230380;-5,80340000
31,22254380;-5,80340000
31,23278380;-5,80340000
31,24302380;-5,80340000
31,25326380;-5,80340000
31,26350380;-5,80340000
31,27374380;-5,80340000
31,28398380;-5,80340000
31,29422380;-5,80340000
31,30446380;-5,80340000
31,31470380;-5,80340000
31,32494380;-5,80340000
31,33518380;-5,80340000
31,34542380;-5,80340000
31,35566380;-5,80340000
31,36590380;-5,80340000
31,37614380;-5,80340000
31,38638380;-5,80340000
31,39662380;-5,80340000
31,40686380;-5,80340000
31,41710380;-5,80340000
31,42734380;-5,80340000
31,43758380;-5,80340000
31,44782380;-5,80340000
31,45806380;-5,80340000
31,46830380;-5,80340000
31,47854380;-5,80340000
31,48878380;-5,80340000
31,49902380;-5,80340000
31,50926380;-5,80340000
31,51950380;-5,80340000
31,52974380;-5,80340000
31,53998380;-5,80340000
31,55022380;-5,80340000
31,56046380;-5,80340000
31,57070380;-5,80340000
31,58094380;-5,80340000
31,59118380;-5,80340000
31,60142380;-5,80340000
31,61166380;-5,80340000
31,62190380;-5,80340000
31,63214380;-5,80340000
31,64238380;-5,80340000
31,65262380;-5,80340000
31,66286380;-5,80340000
31,67310380;-5,80340000
31,68334380;-5,80340000
31,69358380;-5,80340000
31,70382380;-5,80340000
31,71406380;-5,80340000
31,72430380;-5,80340000
31,73454380;-5,80340000
31,74478380;-5,80340000
31,75502380;-5,80340000
31,76526380;-5,80340000
31,77550380;-5,80340000
31,78574380;-5,80340000
31,79598380;-5,80340000
31,80622380;-5,80340000
31,81646380;-5,80340000
31,82670380;-5,80340000
31,83694380;-5,80340000
31,84718380;-5,80340000
31,85742380;-5,80340000
31,86766380;-5,80340000
31,87790380;-5,80340000
31,88814380;-5,80340000
31,89838380;-5,80340000
31,90862380;-5,80340000
31,91886380;-5,80340000
31,92910380;-5,80340000
31,93934380;-5,80340000
31,94958380;-5,80340000
31,95982380;-5,80340000
31,97006380;-5,80340000
31,98030380;-5,80340000
31,99054380;-5,80340000
32,00078380;-5,80340000
32,01102380;-5,80340000
32,02126380;-5,80340000
32,03150380;-5,80340000
32,04174380;-5,80340000
32,05198380;-5,80340000
32,06222380;-5,80340000
32,07246380;-5,80340000
32,08270380;-5,80340000
32,09294380;-5,80340000
32,10318380;-5,80340000
32,11342380;-5,80340000
32,12366380;-5,80340000
32,13390380;-5,80340000
32,14414380;-5,80340000
32,15438380;-5,80340000
32,16462380;-5,80340000
32,17486380;-5,80340000
32,18510380;-5,80340000
32,19534380;-5,80340000
32,20558380;-5,80340000
32,21582380;-5,80340000
32,22606380;-5,80340000
32,23630380;-5,80340000
32,24654380;-5,80340000
32,25678380;-5,80340000
32,26702380;-5,62395100
32,27726380;-5,80340000
32,28750380;-5,80340000
32,29774380;-5,80340000
32,30798380;-5,80340000
32,31822380;-5,80340000
32,32846380;-5,80340000
32,33870380;-5,80340000
32,34894380;-5,80340000
32,35918380;-5,80340000
32,36942380;-5,80340000
32,37966380;-5,62395100
32,38990380;-5,80340000
32,40014380;-5,80340000
32,41038380;-5,80340000
32,42062380;-5,80340000
32,43086380;-5,80340000
32,44110380;-5,80340000
32,45134380;-5,80340000
32,46158380;-5,62395100
32,47182380;-5,80340000
32,48206380;-5,80340000
32,49230380;-5,80340000
32,50254380;-5,80340000
32,51278380;-5,80340000
32,52302380;-5,80340000
32,53326380;-5,80340000
32,54350380;-5,80340000
32,55374380;-5,62395100
32,56398380;-5,80340000
32,57422380;-5,80340000
32,58446380;-5,80340000
32,59470380;-5,80340000
32,60494380;-5,62395100
32,61518380;-5,62395100
32,62542380;-5,80340000
32,63566380;-5,62395100
32,64590380;-5,62395100
32,65614380;-5,80340000
32,66638380;-5,62395100
32,67662379;-5,80340000
32,68686379;-5,62395100
32,69710379;-5,62395100
32,70734379;-5,80340000
32,71758379;-5,80340000
32,72782379;-5,80340000
32,73806379;-5,80340000
32,74830379;-5,80340000
32,75854379;-5,80340000
32,76878379;-5,80340000
32,77902379;-5,80340000
32,78926379;-5,80340000
32,79950379;-5,80340000
32,80974379;-5,80340000
32,81998379;-5,62395100
32,83022379;-5,80340000
32,84046379;-5,80340000
32,85070379;-5,62395100
32,86094379;-5,80340000
32,87118379;-5,80340000
32,88142379;-5,62395100
32,89166379;-5,80340000
32,90190379;-5,80340000
32,91214379;-5,80340000
32,92238379;-5,80340000
32,93262379;-5,80340000
32,94286379;-5,62395100
32,95310379;-5,80340000
32,96334379;-5,62395100
32,97358379;-5,62395100
32,98382379;-5,80340000
32,99406379;-5,80340000
33,00430379;-5,62395100
33,01454379;-5,80340000
33,02478379;-5,80340000
33,03502379;-5,80340000
33,04526379;-5,80340000
33,05550379;-5,62395100
33,06574379;-5,80340000
33,07598379;-5,80340000
33,08622379;-5,62395100
33,09646379;-5,62395100
33,10670379;-5,80340000
33,11694379;-5,62395100
33,12718379;-5,80340000
33,13742379;-5,80340000
33,14766379;-5,62395100
33,15790379;-5,80340000
33,16814379;-5,62395100
33,17838379;-5,80340000
33,18862379;-5,62395100
33,19886379;-5,62395100
33,20910379;-5,62395100
33,21934379;-5,62395100
33,22958379;-5,80340000
33,23982379;-5,80340000
33,25006379;-5,62395100
33,26030379;-5,62395100
33,27054379;-5,62395100
33,28078379;-5,80340000
33,29102379;-5,62395100
33,30126379;-5,80340000
33,31150379;-5,62395100
33,32174379;-5,80340000
33,33198379;-5,62395100
33,34222379;-5,62395100
33,35246379;-5,62395100
33,36270379;-5,80340000
33,37294379;-5,80340000
33,38318379;-5,62395100
33,39342379;-5,62395100
33,40366379;-5,62395100
33,41390379;-5,62395100
33,42414379;-5,80340000
33,43438379;-5,62395100
33,44462379;-5,80340000
33,45486379;-5,62395100
33,46510379;-5,62395100
33,47534379;-5,44450200
33,48558379;-5,80340000
33,49582379;-5,62395100
33,50606379;-5,62395100
33,51630379;-5,44450200
33,52654379;-5,62395100
33,53678379;-5,62395100
33,54702379;-5,80340000
33,55726379;-5,62395100
33,56750379;-5,62395100
33,57774379;-5,44450200
33,58798379;-5,62395100
33,59822379;-5,62395100
33,60846379;-5,62395100
33,61870379;-5,62395100
33,62894379;-5,62395100
33,63918379;-5,62395100
33,64942379;-5,44450200
33,65966379;-5,80340000
33,66990379;-5,62395100
33,68014379;-5,80340000
33,69038379;-5,62395100
33,70062379;-5,62395100
33,71086379;-5,62395100
33,72110379;-5,62395100
33,73134379;-5,44450200
33,74158379;-5,62395100
33,75182379;-5,62395100
33,76206379;-5,62395100
33,77230379;-5,62395100
33,78254379;-5,62395100
33,79278379;-5,80340000
33,80302379;-5,62395100
33,81326379;-5,62395100
33,82350379;-5,62395100
33,83374379;-5,62395100
33,84398379;-5,80340000
33,85422379;-5,62395100
33,86446379;-5,44450200
33,87470379;-5,62395100
33,88494379;-5,80340000
33,89518379;-5,62395100
33,90542379;-5,62395100
33,91566379;-5,62395100
33,92590379;-5,44450200
33,93614379;-5,62395100
33,94638379;-5,62395100
33,95662379;-5,62395100
33,96686379;-5,44450200
33,97710379;-5,62395100
33,98734379;-5,44450200
33,99758379;-5,62395100
34,00782379;-5,44450200
34,01806379;-5,62395100
34,02830379;-5,44450200
34,03854379;-5,44450200
34,04878379;-5,62395100
34,05902379;-5,44450200
34,06926379;-5,62395100
34,07950379;-5,62395100
34,08974379;-5,44450200
34,09998379;-5,62395100
34,11022379;-5,62395100
34,12046379;-5,62395100
34,13070379;-5,62395100
34,14094379;-5,62395100
34,15118379;-5,44450200
34,16142379;-5,44450200
34,17166379;-5,44450200
34,18190379;-5,44450200
34,19214379;-5,62395100
34,20238379;-5,62395100
34,21262379;-5,62395100
34,22286379;-5,62395100
34,23310379;-5,62395100
34,24334379;-5,62395100
34,25358379;-5,62395100
34,26382379;-5,62395100
34,27406379;-5,62395100
34,28430379;-5,62395100
34,29454379;-5,44450200
34,30478379;-5,62395100
34,31502378;-5,62395100
34,32526378;-5,44450200
34,33550378;-5,44450200
34,34574378;-5,44450200
34,35598378;-5,62395100
34,36622378;-5,44450200
34,37646378;-5,62395100
34,38670378;-5,62395100
34,39694378;-5,44450200
34,40718378;-5,44450200
34,41742378;-5,62395100
34,42766378;-5,62395100
34,43790378;-5,62395100
34,44814378;-5,44450200
34,45838378;-5,44450200
34,46862378;-5,44450200
34,47886378;-5,62395100
34,48910378;-5,44450200
34,49934378;-5,44450200
34,50958378;-5,62395100
34,51982378;-5,62395100
34,53006378;-5,62395100
34,54030378;-5,44450200
34,55054378;-5,44450200
34,56078378;-5,44450200
34,57102378;-5,62395100
34,58126378;-5,44450200
34,59150378;-5,44450200
34,60174378;-5,44450200
34,61198378;-5,44450200
34,62222378;-5,44450200
34,63246378;-5,44450200
34,64270378;-5,44450200
34,65294378;-5,62395100
34,66318378;-5,62395100
34,67342378;-5,44450200
34,68366378;-5,62395100
34,69390378;-5,62395100
34,70414378;-5,44450200
34,71438378;-5,44450200
34,72462378;-5,62395100
34,73486378;-5,44450200
34,74510378;-5,44450200
34,75534378;-5,44450200
34,76558378;-5,44450200
34,77582378;-5,44450200
34,78606378;-5,44450200
34,79630378;-5,44450200
34,80654378;-5,44450200
34,81678378;-5,44450200
34,82702378;-5,44450200
34,83726378;-5,44450200
34,84750378;-5,44450200
34,85774378;-5,44450200
34,86798378;-5,44450200
34,87822378;-5,62395100
34,88846378;-5,44450200
34,89870378;-5,44450200
34,90894378;-5,44450200
34,91918378;-5,44450200
34,92942378;-5,62395100
34,93966378;-5,44450200
34,94990378;-5,44450200
34,96014378;-5,44450200
34,97038378;-5,62395100
34,98062378;-5,44450200
34,99086378;-5,44450200
35,00110378;-5,44450200
35,01134378;-5,44450200
35,02158378;-5,44450200
35,03182378;-5,44450200
35,04206378;-5,44450200
35,05230378;-5,44450200
35,06254378;-5,44450200
35,07278378;-5,44450200
35,08302378;-5,44450200
35,09326378;-5,44450200
35,10350378;-5,44450200
35,11374378;-5,44450200
35,12398378;-5,44450200
35,13422378;-5,44450200
35,14446378;-5,44450200
35,15470378;-5,44450200
35,16494378;-5,44450200
35,17518378;-5,44450200
35,18542378;-5,44450200
35,19566378;-5,44450200
35,20590378;-5,44450200
35,21614378;-5,44450200
35,22638378;-5,44450200
35,23662378;-5,44450200
35,24686378;-5,44450200
35,25710378;-5,44450200
35,26734378;-5,44450200
35,27758378;-5,44450200
35,28782378;-5,44450200
35,29806378;-5,44450200
35,30830378;-5,44450200
35,31854378;-5,44450200
35,32878378;-5,44450200
35,33902378;-5,44450200
35,34926378;-5,44450200
35,35950378;-5,44450200
35,36974378;-5,44450200
35,37998378;-5,44450200
35,39022378;-5,44450200
35,40046378;-5,44450200
35,41070378;-5,44450200
35,42094378;-5,44450200
35,43118378;-5,44450200
35,44142378;-5,44450200
35,45166378;-5,44450200
35,46190378;-5,44450200
35,47214378;-5,44450200
35,48238378;-5,44450200
35,49262378;-5,44450200
35,50286378;-5,44450200
35,51310378;-5,44450200
35,52334378;-5,44450200
35,53358378;-5,44450200
35,54382378;-5,44450200
35,55406378;-5,44450200
35,56430378;-5,44450200
35,57454378;-5,44450200
35,58478378;-5,44450200
35,59502378;-5,44450200
35,60526378;-5,44450200
35,61550378;-5,44450200
35,62574378;-5,44450200
35,63598378;-5,44450200
35,64622378;-5,44450200
35,65646378;-5,44450200
35,66670378;-5,44450200
35,67694378;-5,44450200
35,68718378;-5,44450200
35,69742378;-5,44450200
35,70766378;-5,44450200
35,71790378;-5,44450200
35,72814378;-5,44450200
35,73838378;-5,44450200
35,74862378;-5,44450200
35,75886378;-5,44450200
35,76910378;-5,44450200
35,77934378;-5,44450200
35,78958378;-5,44450200
35,79982378;-5,44450200
35,81006378;-5,44450200
35,82030378;-5,44450200
35,83054378;-5,44450200
35,84078378;-5,44450200
35,85102378;-5,44450200
35,86126378;-5,44450200
35,87150378;-5,44450200
35,88174378;-5,44450200
35,89198378;-5,44450200
35,90222378;-5,44450200
35,91246378;-5,44450200
35,92270378;-5,44450200
35,93294378;-5,44450200
35,94318378;-5,44450200
35,95342378;-5,44450200
35,96366377;-5,44450200
35,97390377;-5,44450200
35,98414377;-5,44450200
35,99438377;-5,44450200
36,00462377;-5,44450200
36,01486377;-5,44450200
36,02510377;-5,44450200
36,03534377;-5,44450200
36,04558377;-5,44450200
36,05582377;-5,44450200
36,06606377;-5,44450200
36,07630377;-5,44450200
36,08654377;-5,44450200
36,09678377;-5,44450200
36,10702377;-5,44450200
36,11726377;-5,44450200
36,12750377;-5,44450200
36,13774377;-5,44450200
36,14798377;-5,44450200
36,15822377;-5,44450200
36,16846377;-5,44450200
36,17870377;-5,44450200
36,18894377;-5,44450200
36,19918377;-5,44450200
36,20942377;-5,44450200
36,21966377;-5,44450200
36,22990377;-5,44450200
36,24014377;-5,44450200
36,25038377;-5,44450200
36,26062377;-5,44450200
36,27086377;-5,44450200
36,28110377;-5,44450200
36,29134377;-5,44450200
36,30158377;-5,44450200
36,31182377;-5,44450200
36,32206377;-5,44450200
36,33230377;-5,44450200
36,34254377;-5,44450200
36,35278377;-5,44450200
36,36302377;-5,44450200
36,37326377;-5,44450200
36,38350377;-5,44450200
36,39374377;-5,44450200
36,40398377;-5,44450200
36,41422377;-5,44450200
36,42446377;-5,44450200
36,43470377;-5,44450200
36,44494377;-5,44450200
36,45518377;-5,44450200
36,46542377;-5,44450200
36,47566377;-5,44450200
36,48590377;-5,44450200
36,49614377;-5,44450200
36,50638377;-5,44450200
36,51662377;-5,44450200
36,52686377;-5,44450200
36,53710377;-5,44450200
36,54734377;-5,44450200
36,55758377;-5,44450200
36,56782377;-5,44450200
36,57806377;-5,44450200
36,58830377;-5,44450200
36,59854377;-5,44450200
36,60878377;-5,44450200
36,61902377;-5,44450200
36,62926377;-5,44450200
36,63950377;-5,44450200
36,64974377;-5,44450200
36,65998377;-5,44450200
36,67022377;-5,44450200
36,68046377;-5,44450200
36,69070377;-5,44450200
36,70094377;-5,44450200
36,71118377;-5,44450200
36,72142377;-5,44450200
36,73166377;-5,44450200
36,74190377;-5,44450200
36,75214377;-5,44450200
36,76238377;-5,44450200
36,77262377;-5,44450200
36,78286377;-5,44450200
36,79310377;-5,44450200
36,80334377;-5,44450200
36,81358377;-5,44450200
36,82382377;-5,44450200
36,83406377;-5,44450200
36,84430377;-5,44450200
36,85454377;-5,44450200
36,86478377;-5,44450200
36,87502377;-5,44450200
36,88526377;-5,44450200
36,89550377;-5,44450200
36,90574377;-5,44450200
36,91598377;-5,44450200
36,92622377;-5,44450200
36,93646377;-5,44450200
36,94670377;-5,44450200
36,95694377;-5,44450200
36,96718377;-5,44450200
36,97742377;-5,44450200
36,98766377;-5,44450200
36,99790377;-5,44450200
37,00814377;-5,44450200
37,01838377;-5,44450200
37,02862377;-5,44450200
37,03886377;-5,44450200
37,04910377;-5,44450200
37,05934377;-5,44450200
37,06958377;-5,44450200
37,07982377;-5,44450200
37,09006377;-5,44450200
37,10030377;-5,44450200
37,11054377;-5,44450200
37,12078377;-5,44450200
37,13102377;-5,44450200
37,14126377;-5,44450200
37,15150377;-5,44450200
37,16174377;-5,44450200
37,17198377;-5,44450200
37,18222377;-5,44450200
37,19246377;-5,44450200
37,20270377;-5,44450200
37,21294377;-5,44450200
37,22318377;-5,44450200
37,23342377;-5,44450200
37,24366377;-5,44450200
37,25390377;-5,44450200
37,26414377;-5,44450200
37,27438377;-5,44450200
37,28462377;-5,44450200
37,29486377;-5,44450200
37,30510377;-5,44450200
37,31534377;-5,44450200
37,32558377;-5,44450200
37,33582377;-5,44450200
37,34606377;-5,44450200
37,35630377;-5,44450200
37,36654377;-5,44450200
37,37678377;-5,44450200
37,38702377;-5,44450200
37,39726377;-5,44450200
37,40750377;-5,44450200
37,41774377;-5,44450200
37,42798377;-5,44450200
37,43822377;-5,44450200
37,44846377;-5,44450200
37,45870377;-5,44450200
37,46894377;-5,44450200
37,47918377;-5,44450200
37,48942377;-5,44450200
37,49966377;-5,44450200
37,50990377;-5,44450200
37,52014377;-5,44450200
37,53038377;-5,44450200
37,54062377;-5,44450200
37,55086377;-5,44450200
37,56110377;-5,44450200
37,57134377;-5,44450200
37,58158377;-5,44450200
37,59182377;-5,44450200
37,60206377;-5,44450200
37,61230376;-5,44450200
37,62254376;-5,44450200
37,63278376;-5,44450200
37,64302376;-5,44450200
37,65326376;-5,44450200
37,66350376;-5,44450200
37,67374376;-5,44450200
37,68398376;-5,44450200
37,69422376;-5,44450200
37,70446376;-5,44450200
37,71470376;-5,44450200
37,72494376;-5,44450200
37,73518376;-5,44450200
37,74542376;-5,44450200
37,75566376;-5,44450200
37,76590376;-5,44450200
37,77614376;-5,44450200
37,78638376;-5,44450200
37,79662376;-5,44450200
37,80686376;-5,44450200
37,81710376;-5,44450200
37,82734376;-5,44450200
37,83758376;-5,44450200
37,84782376;-5,44450200
37,85806376;-5,44450200
37,86830376;-5,44450200
37,87854376;-5,44450200
37,88878376;-5,44450200
37,89902376;-5,44450200
37,90926376;-5,44450200
37,91950376;-5,44450200
37,92974376;-5,44450200
37,93998376;-5,44450200
37,95022376;-5,44450200
37,96046376;-5,44450200
37,97070376;-5,44450200
37,98094376;-5,44450200
37,99118376;-5,44450200
38,00142376;-5,44450200
38,01166376;-5,44450200
38,02190376;-5,44450200
38,03214376;-5,44450200
38,04238376;-5,44450200
38,05262376;-5,44450200
38,06286376;-5,44450200
38,07310376;-5,44450200
38,08334376;-5,44450200
38,09358376;-5,44450200
38,10382376;-5,44450200
38,11406376;-5,44450200
38,12430376;-5,26444300
38,13454376;-5,44450200
38,14478376;-5,44450200
38,15502376;-5,44450200
38,16526376;-5,44450200
38,17550376;-5,26444300
38,18574376;-5,44450200
38,19598376;-5,26444300
38,20622376;-5,44450200
38,21646376;-5,44450200
38,22670376;-5,44450200
38,23694376;-5,44450200
38,24718376;-5,44450200
38,25742376;-5,44450200
38,26766376;-5,44450200
38,27790376;-5,44450200
38,28814376;-5,44450200
38,29838376;-5,44450200
38,30862376;-5,44450200
38,31886376;-5,44450200
38,32910376;-5,44450200
38,33934376;-5,44450200
38,34958376;-5,44450200
38,35982376;-5,44450200
38,37006376;-5,44450200
38,38030376;-5,44450200
38,39054376;-5,44450200
38,40078376;-5,26444300
38,41102376;-5,44450200
38,42126376;-5,44450200
38,43150376;-5,26444300
38,44174376;-5,44450200
38,45198376;-5,44450200
38,46222376;-5,44450200
38,47246376;-5,26444300
38,48270376;-5,44450200
38,49294376;-5,44450200
38,50318376;-5,44450200
38,51342376;-5,26444300
38,52366376;-5,44450200
38,53390376;-5,44450200
38,54414376;-5,44450200
38,55438376;-5,44450200
38,56462376;-5,26444300
38,57486376;-5,26444300
38,58510376;-5,26444300
38,59534376;-5,44450200
38,60558376;-5,26444300
38,61582376;-5,44450200
38,62606376;-5,44450200
38,63630376;-5,26444300
38,64654376;-5,44450200
38,65678376;-5,44450200
38,66702376;-5,26444300
38,67726376;-5,44450200
38,68750376;-5,26444300
38,69774376;-5,26444300
38,70798376;-5,44450200
38,71822376;-5,44450200
38,72846376;-5,44450200
38,73870376;-5,44450200
38,74894376;-5,44450200
38,75918376;-5,26444300
38,76942376;-5,26444300
38,77966376;-5,26444300
38,78990376;-5,44450200
38,80014376;-5,44450200
38,81038376;-5,26444300
38,82062376;-5,26444300
38,83086376;-5,26444300
38,84110376;-5,44450200
38,85134376;-5,26444300
38,86158376;-5,26444300
38,87182376;-5,44450200
38,88206376;-5,26444300
38,89230376;-5,44450200
38,90254376;-5,26444300
38,91278376;-5,26444300
38,92302376;-5,44450200
38,93326376;-5,44450200
38,94350376;-5,26444300
38,95374376;-5,26444300
38,96398376;-5,26444300
38,97422376;-5,26444300
38,98446376;-5,26444300
38,99470376;-5,08499400
39,00494376;-5,26444300
39,01518376;-5,26444300
39,02542376;-5,08499400
39,03566376;-5,08499400
39,04590376;-5,08499400
39,05614376;-4,72609600
39,06638376;-4,90554500
39,07662376;-4,90554500
39,08686376;-4,72609600
39,09710376;-4,72609600
39,10734376;-4,72609600
39,11758376;-4,72609600
39,12782376;-4,72609600
39,13806376;-4,54664800
39,14830376;-4,36658800
39,15854376;-4,36658800
39,16878376;-4,36658800
39,17902376;-4,36658800
39,18926376;-4,36658800
39,19950376;-4,36658800
39,20974376;-4,18714000
39,21998376;-4,18714000
39,23022376;-4,00769000
39,24046376;-4,00769000
39,25070375;-3,82824200
39,26094375;-3,82824200
39,27118375;-3,64879300
39,28142375;-3,82824200
39,29166375;-3,82824200
39,30190375;-3,64879300
39,31214375;-3,64879300
39,32238375;-3,64879300
39,33262375;-3,64879300
39,34286375;-3,46873400
39,35310375;-3,28928500
39,36334375;-3,28928500
39,37358375;-3,28928500
39,38382375;-3,28928500
39,39406375;-3,28928500
39,40430375;-3,28928500
39,41454375;-3,10983600
39,42478375;-3,10983600
39,43502375;-2,93038700
39,44526375;-2,93038700
39,45550375;-2,93038700
39,46574375;-2,93038700
39,47598375;-2,93038700
39,48622375;-2,75093800
39,49646375;-2,57087900
39,50670375;-2,75093800
39,51694375;-2,57087900
39,52718375;-2,57087900
39,53742375;-2,57087900
39,54766375;-2,21198200
39,55790375;-2,39143000
39,56814375;-2,21198200
39,57838375;-2,21198200
39,58862375;-2,21198200
39,59886375;-2,21198200
39,60910375;-2,21198200
39,61934375;-2,21198200
39,62958375;-2,21198200
39,63982375;-1,85308400
39,65006375;-1,85308400
39,66030375;-1,85308400
39,67054375;-1,85308400
39,68078375;-1,67302500
39,69102375;-1,67302500
39,70126375;-1,67302500
39,71150375;-1,49357600
39,72174375;-1,49357600
39,73198375;-1,49357600
39,74222375;-1,31412700
39,75246375;-1,31412700
39,76270375;-1,13467800
39,77294375;-1,13467800
39,78318375;-1,13467800
39,79342375;-1,13467800
39,80366375;-1,13467800
39,81390375;-1,13467800
39,82414375;-0,77517010
39,83438375;-0,77517010
39,84462375;-0,77517010
39,85486375;-0,77517010
39,86510375;-0,77517010
39,87534375;-0,77517010
39,88558375;-0,77517010
39,89582375;-0,59572130
39,90606375;-0,59572130
39,91630375;-0,59572130
39,92654375;-0,41627250
39,93678375;-0,41627250
39,94702375;-0,41627250
39,95726375;-0,23682360
39,96750375;-0,23682360
39,97774375;-0,41627250
39,98798375;-0,23682360
39,99822375;-0,05737480
40,00846375;-0,23682360
40,01870375;-0,05737480
40,02894375;-0,05737480
40,03918375;-0,05737480
40,04942375;0,12207400
40,05966375;0,30152290
40,06990375;0,30152290
40,08014375;0,30152290
40,09038375;0,30152290
40,10062375;0,30152290
40,11086375;0,48097170
40,12110375;0,66042050
40,13134375;0,66042050
40,14158375;0,66042050
40,15182375;0,66042050
40,16206375;0,66042050
40,17230375;0,84047970
40,18254375;0,84047970
40,19278375;0,84047970
40,20302375;1,01992900
40,21326375;1,01992900
40,22350375;1,01992900
40,23374375;1,19937700
40,24398375;1,37882600
40,25422375;1,37882600
40,26446375;1,37882600
40,27470375;1,37882600
40,28494375;1,55827500
40,29518375;1,73833400
40,30542375;1,55827500
40,31566375;1,73833400
40,32590375;1,73833400
40,33614375;1,73833400
40,34638375;1,91778300
40,35662375;1,91778300
40,36686375;2,09723200
40,37710375;2,09723200
40,38734375;2,09723200
40,39758375;2,09723200
40,40782375;2,09723200
40,41806375;2,27668100
40,42830375;2,45613000
40,43854375;2,45613000
40,44878375;2,45613000
40,45902375;2,45613000
40,46926375;2,45613000
40,47950375;2,45613000
40,48974375;2,63618900
40,49998375;2,63618900
40,51022375;2,63618900
40,52046375;2,81563800
40,53070375;2,81563800
40,54094375;2,81563800
40,55118375;2,81563800
40,56142375;2,81563800
40,57166375;2,81563800
40,58190375;2,81563800
40,59214375;2,99508600
40,60238375;3,17453500
40,61262375;3,17453500
40,62286375;3,17453500
40,63310375;3,17453500
40,64334375;3,17453500
40,65358375;3,17453500
40,66382375;3,17453500
40,67406375;3,17453500
40,68430375;3,35398400
40,69454375;3,35398400
40,70478375;3,53404300
40,71502375;3,53404300
40,72526375;3,53404300
40,73550375;3,53404300
40,74574375;3,53404300
40,75598375;3,53404300
40,76622375;3,71349200
40,77646375;3,71349200
40,78670375;3,71349200
40,79694375;3,89294100
40,80718375;3,89294100
40,81742375;3,89294100
40,82766375;3,89294100
40,83790375;4,07239000
40,84814375;4,07239000
40,85838375;4,25183900
40,86862375;4,25183900
40,87886375;4,25183900
40,88910375;4,25183900
40,89934374;4,25183900
40,90958374;4,61134700
40,91982374;4,43189800
40,93006374;4,61134700
40,94030374;4,61134700
40,95054374;4,79079600
40,96078374;4,61134700
40,97102374;4,79079600
40,98126374;4,79079600
40,99150374;4,79079600
41,00174374;4,97024400
41,01198374;4,97024400
41,02222374;4,97024400
41,03246374;4,97024400
41,04270374;4,97024400
41,05294374;4,97024400
41,06318374;5,14969300
41,07342374;5,14969300
41,08366374;5,32975200
41,09390374;5,32975200
41,10414374;5,32975200
41,11438374;5,32975200
41,12462374;5,50920200
41,13486374;5,50920200
41,14510374;5,50920200
41,15534374;5,50920200
41,16558374;5,50920200
41,17582374;5,68865000
41,18606374;5,68865000
41,19630374;5,68865000
41,20654374;5,68865000
41,21678374;5,68865000
41,22702374;5,86809900
41,23726374;5,86809900
41,24750374;6,04754800
41,25774374;6,04754800
41,26798374;6,04754800
41,27822374;6,04754800
41,28846374;6,04754800
41,29870374;6,04754800
41,30894374;6,22760700
41,31918374;6,22760700
41,32942374;6,40705600
41,33966374;6,40705600
41,34990374;6,40705600
41,36014374;6,40705600
41,37038374;6,40705600
41,38062374;6,58650500
41,39086374;6,58650500
41,40110374;6,58650500
41,41134374;6,76595400
41,42158374;6,76595400
41,43182374;6,76595400
41,44206374;6,94540200
41,45230374;7,12546200
41,46254374;7,12546200
41,47278374;7,12546200
41,48302374;7,12546200
41,49326374;7,12546200
41,50350374;7,30491100
41,51374374;7,48435900
41,52398374;7,48435900
41,53422374;7,48435900
41,54446374;7,48435900
41,55470374;7,48435900
41,56494374;7,66380800
41,57518374;7,66380800
41,58542374;7,66380800
41,59566374;7,84325700
41,60590374;7,84325700
41,61614374;7,84325700
41,62638374;7,84325700
41,63662374;8,02331600
41,64686374;8,02331600
41,65710374;8,20276500
41,66734374;8,20276500
41,67758374;8,20276500
41,68782374;8,20276500
41,69806374;8,20276500
41,70830374;8,20276500
41,71854374;8,20276500
41,72878374;8,38221400
41,73902374;8,56166300
41,74926374;8,56166300
41,75950374;8,56166300
41,76974374;8,56166300
41,77998374;8,56166300
41,79022374;8,56166300
41,80046374;8,56166300
41,81070374;8,74111200
41,82094374;8,92117000
41,83118374;8,92117000
41,84142374;8,92117000
41,85166374;8,92117000
41,86190374;8,92117000
41,87214374;8,92117000
41,88238374;8,92117000
41,89262374;8,92117000
41,90286374;9,10061900
41,91310374;9,10061900
41,92334374;9,28006800
41,93358374;9,28006800
41,94382374;9,28006800
41,95406374;9,28006800
41,96430374;9,28006800
41,97454374;9,28006800
41,98478374;9,28006800
41,99502374;9,28006800
42,00526374;9,45951700
42,01550374;9,28006800
42,02574374;9,28006800
42,03598374;9,45951700
42,04622374;9,63896600
42,05646374;9,63896600
42,06670374;9,63896600
42,07694374;9,63896600
42,08718374;9,63896600
42,09742374;9,63896600
42,10766374;9,81902500
42,11790374;9,63896600
42,12814374;9,81902500
42,13838374;9,81902500
42,14862374;9,99847400
42,15886374;9,99847400
42,16910374;9,99847400
42,17934374;9,99847400
42,18958374;9,99847400
42,19982374;9,99847400
42,21006374;9,99847400
42,22030374;9,99847400
42,23054374;9,99847400
42,24078374;9,99847400
42,25102374;10,17792000
42,26126374;10,17792000
42,27150374;10,17792000
42,28174374;10,17792000
42,29198374;10,17792000
42,30222374;10,35737000
42,31246374;10,35737000
42,32270374;10,35737000
42,33294374;10,35737000
42,34318374;10,35737000
42,35342374;10,35737000
42,36366374;10,35737000
42,37390374;10,35737000
42,38414374;10,53682000
42,39438374;10,35737000
42,40462374;10,35737000
42,41486374;10,53682000
42,42510374;10,53682000
42,43534374;10,71688000
42,44558374;10,71688000
42,45582374;10,71688000
42,46606374;10,71688000
42,47630374;10,71688000
42,48654374;10,71688000
42,49678374;10,71688000
42,50702374;10,71688000
42,51726374;10,71688000
42,52750374;10,89633000
42,53774374;10,89633000
42,54798373;11,07578000
42,55822373;10,89633000
42,56846373;11,07578000
42,57870373;11,07578000
42,58894373;11,07578000
42,59918373;11,07578000
42,60942373;11,07578000
42,61966373;11,07578000
42,62990373;11,07578000
42,64014373;11,25523000
42,65038373;11,25523000
42,66062373;11,07578000
42,67086373;11,25523000
42,68110373;11,25523000
42,69134373;11,25523000
42,70158373;11,43529000
42,71182373;11,43529000
42,72206373;11,43529000
42,73230373;11,43529000
42,74254373;11,43529000
42,75278373;11,43529000
42,76302373;11,43529000
42,77326373;11,43529000
42,78350373;11,43529000
42,79374373;11,61473000
42,80398373;11,43529000
42,81422373;11,43529000
42,82446373;11,61473000
42,83470373;11,61473000
42,84494373;11,79418000
42,85518373;11,61473000
42,86542373;11,79418000
42,87566373;11,79418000
42,88590373;11,79418000
42,89614373;11,79418000
42,90638373;11,79418000
42,91662373;11,79418000
42,92686373;11,79418000
42,93710373;11,79418000
42,94734373;11,79418000
42,95758373;11,79418000
42,96782373;11,79418000
42,97806373;11,79418000
42,98830373;11,79418000
42,99854373;11,79418000
43,00878373;11,79418000
43,01902373;11,97363000
43,02926373;11,97363000
43,03950373;11,97363000
43,04974373;11,97363000
43,05998373;11,97363000
43,07022373;11,97363000
43,08046373;11,97363000
43,09070373;11,97363000
43,10094373;11,97363000
43,11118373;11,97363000
43,12142373;12,15308000
43,13166373;11,97363000
43,14190373;12,15308000
43,15214373;12,15308000
43,16238373;12,15308000
43,17262373;12,15308000
43,18286373;12,15308000
43,19310373;12,15308000
43,20334373;12,15308000
43,21358373;12,15308000
43,22382373;12,15308000
43,23406373;12,15308000
43,24430373;12,15308000
43,25454373;12,15308000
43,26478373;12,15308000
43,27502373;12,15308000
43,28526373;12,15308000
43,29550373;12,15308000
43,30574373;12,15308000
43,31598373;12,15308000
43,32622373;12,15308000
43,33646373;12,15308000
43,34670373;12,15308000
43,35694373;12,15308000
43,36718373;12,15308000
43,37742373;12,15308000
43,38766373;12,15308000
43,39790373;12,15308000
43,40814373;12,15308000
43,41838373;12,15308000
43,42862373;12,15308000
43,43886373;12,15308000
43,44910373;12,15308000
43,45934373;12,15308000
43,46958373;12,15308000
43,47982373;12,15308000
43,49006373;12,15308000
43,50030373;12,15308000
43,51054373;12,15308000
43,52078373;12,15308000
43,53102373;12,15308000
43,54126373;12,15308000
43,55150373;12,15308000
43,56174373;12,15308000
43,57198373;12,15308000
43,58222373;12,15308000
43,59246373;12,15308000
43,60270373;12,15308000
43,61294373;12,15308000
43,62318373;12,15308000
43,63342373;12,15308000
43,64366373;12,15308000
43,65390373;12,15308000
43,66414373;12,15308000
43,67438373;12,15308000
43,68462373;12,15308000
43,69486373;12,15308000
43,70510373;12,15308000
43,71534373;12,15308000
43,72558373;12,15308000
43,73582373;12,15308000
43,74606373;12,15308000
43,75630373;12,15308000
43,76654373;12,15308000
43,77678373;12,15308000
43,78702373;12,15308000
43,79726373;12,15308000
43,80750373;12,15308000
43,81774373;12,15308000
43,82798373;12,15308000
43,83822373;12,15308000
43,84846373;12,33314000
43,85870373;12,15308000
43,86894373;12,15308000
43,87918373;12,15308000
43,88942373;12,15308000
43,89966373;12,15308000
43,90990373;12,15308000
43,92014373;12,33314000
43,93038373;12,15308000
43,94062373;12,15308000
43,95086373;12,15308000
43,96110373;12,15308000
43,97134373;12,15308000
43,98158373;12,15308000
43,99182373;12,15308000
44,00206373;12,15308000
44,01230373;12,15308000
44,02254373;12,15308000
44,03278373;12,15308000
44,04302373;12,15308000
44,05326373;12,15308000
44,06350373;12,15308000
44,07374373;12,15308000
44,08398373;12,15308000
44,09422373;12,15308000
44,10446373;12,33314000
44,11470373;12,15308000
44,12494373;12,15308000
44,13518373;12,15308000
44,14542373;12,15308000
44,15566373;12,15308000
44,16590373;12,15308000
44,17614373;12,15308000
44,18638372;12,33314000
44,19662372;12,15308000
44,20686372;12,15308000
44,21710372;12,15308000
44,22734372;12,33314000
44,23758372;12,15308000
44,24782372;12,15308000
44,25806372;12,15308000
44,26830372;12,15308000
44,27854372;12,15308000
44,28878372;12,15308000
44,29902372;12,15308000
44,30926372;12,15308000
44,31950372;12,15308000
44,32974372;12,15308000
44,33998372;12,33314000
44,35022372;12,15308000
44,36046372;12,15308000
44,37070372;12,15308000
44,38094372;12,15308000
44,39118372;12,15308000
44,40142372;12,15308000
44,41166372;12,15308000
44,42190372;12,15308000
44,43214372;12,15308000
44,44238372;12,15308000
44,45262372;12,15308000
44,46286372;12,15308000
44,47310372;12,15308000
44,48334372;12,15308000
44,49358372;12,15308000
44,50382372;12,15308000
44,51406372;12,15308000
44,52430372;12,15308000
44,53454372;12,15308000
44,54478372;12,15308000
44,55502372;12,15308000
44,56526372;12,15308000
44,57550372;12,15308000
44,58574372;12,15308000
44,59598372;12,15308000
44,60622372;12,15308000
44,61646372;12,15308000
44,62670372;12,15308000
44,63694372;12,15308000
44,64718372;12,15308000
44,65742372;12,15308000
44,66766372;11,97363000
44,67790372;11,97363000
44,68814372;11,97363000
44,69838372;11,97363000
44,70862372;11,97363000
44,71886372;11,79418000
44,72910372;11,97363000
44,73934372;11,97363000
44,74958372;11,79418000
44,75982372;11,79418000
44,77006372;11,79418000
44,78030372;11,79418000
44,79054372;11,79418000
44,80078372;11,79418000
44,81102372;11,79418000
44,82126372;11,79418000
44,83150372;11,79418000
44,84174372;11,79418000
44,85198372;11,79418000
44,86222372;11,61473000
44,87246372;11,61473000
44,88270372;11,43529000
44,89294372;11,43529000
44,90318372;11,43529000
44,91342372;11,43529000
44,92366372;11,43529000
44,93390372;11,61473000
44,94414372;11,61473000
44,95438372;11,43529000
44,96462372;11,43529000
44,97486372;11,43529000
44,98510372;11,43529000
44,99534372;11,43529000
45,00558372;11,43529000
45,01582372;11,43529000
45,02606372;11,43529000
45,03630372;11,61473000
45,04654372;11,61473000
45,05678372;11,43529000
45,06702372;11,43529000
45,07726372;11,43529000
45,08750372;11,43529000
45,09774372;11,43529000
45,10798372;11,43529000
45,11822372;11,43529000
45,12846372;11,43529000
45,13870372;11,43529000
45,14894372;11,43529000
45,15918372;11,43529000
45,16942372;11,43529000
45,17966372;11,43529000
45,18990372;11,43529000
45,20014372;11,43529000
45,21038372;11,43529000
45,22062372;11,43529000
45,23086372;11,43529000
45,24110372;11,43529000
45,25134372;11,43529000
45,26158372;11,43529000
45,27182372;11,25523000
45,28206372;11,25523000
45,29230372;11,25523000
45,30254372;11,25523000
45,31278372;11,25523000
45,32302372;11,25523000
45,33326372;11,43529000
45,34350372;11,25523000
45,35374372;11,25523000
45,36398372;11,07578000
45,37422372;11,07578000
45,38446372;10,89633000
45,39470372;11,07578000
45,40494372;11,07578000
45,41518372;10,89633000
45,42542372;10,89633000
45,43566372;11,07578000
45,44590372;11,07578000
45,45614372;10,71688000
45,46638372;10,71688000
45,47662372;10,71688000
45,48686372;10,71688000
45,49710372;10,71688000
45,50734372;10,71688000
45,51758372;10,71688000
45,52782372;10,71688000
45,53806372;10,71688000
45,54830372;10,71688000
45,55854372;10,53682000
45,56878372;10,53682000
45,57902372;10,35737000
45,58926372;10,35737000
45,59950372;10,35737000
45,60974372;10,35737000
45,61998372;10,35737000
45,63022372;10,35737000
45,64046372;10,35737000
45,65070372;10,35737000
45,66094372;10,17792000
45,67118372;9,99847400
45,68142372;9,99847400
45,69166372;9,99847400
45,70190372;9,99847400
45,71214372;9,99847400
45,72238372;9,99847400
45,73262372;9,99847400
45,74286372;9,99847400
45,75310372;9,99847400
45,76334372;9,81902500
45,77358372;9,81902500
45,78382372;9,63896600
45,79406372;9,63896600
45,80430372;9,63896600
45,81454372;9,63896600
45,82478372;9,81902500
45,83502371;9,81902500
45,84526371;9,81902500
45,85550371;9,63896600
45,86574371;9,63896600
45,87598371;9,28006800
45,88622371;9,28006800
45,89646371;9,28006800
45,90670371;9,45951700
45,91694371;9,63896600
45,92718371;9,45951700
45,93742371;9,45951700
45,94766371;9,45951700
45,95790371;9,45951700
45,96814371;9,28006800
45,97838371;9,10061900
45,98862371;9,10061900
45,99886371;9,28006800
46,00910371;9,28006800
46,01934371;9,28006800
46,02958371;9,28006800
46,03982371;9,28006800
46,05006371;9,28006800
46,06030371;9,10061900
46,07054371;8,92117000
46,08078371;8,92117000
46,09102371;8,74111200
46,10126371;8,92117000
46,11150371;8,92117000
46,12174371;8,92117000
46,13198371;8,92117000
46,14222371;8,92117000
46,15246371;8,92117000
46,16270371;8,56166300
46,17294371;8,56166300
46,18318371;8,38221400
46,19342371;8,38221400
46,20366371;8,56166300
46,21390371;8,56166300
46,22414371;8,56166300
46,23438371;8,56166300
46,24462371;8,38221400
46,25486371;8,38221400
46,26510371;8,20276500
46,27534371;8,02331600
46,28558371;7,84325700
46,29582371;7,84325700
46,30606371;8,02331600
46,31630371;8,02331600
46,32654371;8,02331600
46,33678371;8,02331600
46,34702371;8,02331600
46,35726371;7,84325700
46,36750371;7,66380800
46,37774371;7,48435900
46,38798371;7,48435900
46,39822371;7,48435900
46,40846371;7,66380800
46,41870371;7,48435900
46,42894371;7,48435900
46,43918371;7,66380800
46,44942371;7,48435900
46,45966371;7,48435900
46,46990371;7,12546200
46,48014371;7,12546200
46,49038371;7,12546200
46,50062371;7,12546200
46,51086371;7,12546200
46,52110371;7,12546200
46,53134371;7,12546200
46,54158371;7,12546200
46,55182371;7,12546200
46,56206371;6,76595400
46,57230371;6,58650500
46,58254371;6,58650500
46,59278371;6,40705600
46,60302371;6,40705600
46,61326371;6,58650500
46,62350371;6,58650500
46,63374371;6,58650500
46,64398371;6,58650500
46,65422371;6,40705600
46,66446371;6,40705600
46,67470371;6,04754800
46,68494371;6,04754800
46,69518371;6,04754800
46,70542371;6,04754800
46,71566371;6,04754800
46,72590371;6,04754800
46,73614371;6,04754800
46,74638371;6,04754800
46,75662371;6,04754800
46,76686371;5,68865000
46,77710371;5,68865000
46,78734371;5,50920200
46,79758371;5,50920200
46,80782371;5,50920200
46,81806371;5,50920200
46,82830371;5,68865000
46,83854371;5,50920200
46,84878371;5,50920200
46,85902371;5,32975200
46,86926371;5,14969300
46,87950371;4,97024400
46,88974371;4,79079600
46,89998371;4,79079600
46,91022371;4,97024400
46,92046371;4,97024400
46,93070371;4,97024400
46,94094371;4,97024400
46,95118371;4,97024400
46,96142371;4,79079600
46,97166371;4,61134700
46,98190371;4,25183900
46,99214371;4,25183900
47,00238371;4,25183900
47,01262371;4,25183900
47,02286371;4,43189800
47,03310371;4,25183900
47,04334371;4,25183900
47,05358371;4,25183900
47,06382371;4,07239000
47,07406371;3,89294100
47,08430371;3,71349200
47,09454371;3,53404300
47,10478371;3,71349200
47,11502371;3,89294100
47,12526371;3,89294100
47,13550371;3,89294100
47,14574371;3,89294100
47,15598371;3,71349200
47,16622371;3,53404300
47,17646371;3,35398400
47,18670371;3,17453500
47,19694371;3,17453500
47,20718371;3,17453500
47,21742371;3,35398400
47,22766371;3,17453500
47,23790371;3,35398400
47,24814371;3,17453500
47,25838371;3,17453500
47,26862371;2,81563800
47,27886371;2,63618900
47,28910371;2,63618900
47,29934371;2,63618900
47,30958371;2,81563800
47,31982371;2,81563800
47,33006371;2,63618900
47,34030371;2,63618900
47,35054371;2,63618900
47,36078371;2,45613000
47,37102371;2,27668100
47,38126371;2,09723200
47,39150371;1,91778300
47,40174371;1,91778300
47,41198371;2,09723200
47,42222371;2,09723200
47,43246371;1,91778300
47,44270371;1,91778300
47,45294371;1,91778300
47,46318371;1,73833400
47,47342371;1,55827500
47,48366370;1,37882600
47,49390370;1,37882600
47,50414370;1,37882600
47,51438370;1,37882600
47,52462370;1,37882600
47,53486370;1,37882600
47,54510370;1,19937700
47,55534370;1,01992900
47,56558370;1,01992900
47,57582370;0,66042050
47,58606370;0,66042050
47,59630370;0,66042050
47,60654370;0,66042050
47,61678370;0,66042050
47,62702370;0,66042050
47,63726370;0,66042050
47,64750370;0,66042050
47,65774370;0,66042050
47,66798370;0,30152290
47,67822370;0,30152290
47,68846370;0,30152290
47,69870370;0,12207400
47,70894370;0,30152290
47,71918370;0,30152290
47,72942370;0,30152290
47,73966370;0,30152290
47,74990370;0,30152290
47,76014370;-0,05737480
47,77038370;-0,23682360
47,78062370;-0,41627250
47,79086370;-0,41627250
47,80110370;-0,41627250
47,81134370;-0,23682360
47,82158370;-0,41627250
47,83182370;-0,23682360
47,84206370;-0,41627250
47,85230370;-0,41627250
47,86254370;-0,59572130
47,87278370;-0,77517010
47,88302370;-0,77517010
47,89326370;-0,95522930
47,90350370;-0,95522930
47,91374370;-0,77517010
47,92398370;-0,77517010
47,93422370;-0,95522930
47,94446370;-1,13467800
47,95470370;-1,13467800
47,96494370;-1,13467800
47,97518370;-1,49357600
47,98542370;-1,49357600
47,99566370;-1,49357600
48,00590370;-1,49357600
48,01614370;-1,49357600
48,02638370;-1,67302500
48,03662370;-1,67302500
48,04686370;-1,67302500
48,05710370;-1,85308400
48,06734370;-1,85308400
48,07758370;-2,21198200
48,08782370;-2,21198200
48,09806370;-2,21198200
48,10830370;-2,21198200
48,11854370;-2,21198200
48,12878370;-2,21198200
48,13902370;-2,21198200
48,14926370;-2,39143000
48,15950370;-2,39143000
48,16974370;-2,57087900
48,17998370;-2,75093800
48,19022370;-2,93038700
48,20046370;-2,75093800
48,21070370;-2,93038700
48,22094370;-2,93038700
48,23118370;-2,93038700
48,24142370;-2,93038700
48,25166370;-2,93038700
48,26190370;-3,10983600
48,27214370;-3,10983600
48,28238370;-3,28928500
48,29262370;-3,28928500
48,30286370;-3,28928500
48,31310370;-3,28928500
48,32334370;-3,46873400
48,33358370;-3,46873400
48,34382370;-3,46873400
48,35406370;-3,64879300
48,36430370;-3,64879300
48,37454370;-3,64879300
48,38478370;-3,64879300
48,39502370;-3,64879300
48,40526370;-3,64879300
48,41550370;-3,82824200
48,42574370;-3,82824200
48,43598370;-4,00769000
48,44622370;-4,00769000
48,45646370;-4,00769000
48,46670370;-4,00769000
48,47694370;-4,00769000
48,48718370;-4,18714000
48,49742370;-4,36658800
48,50766370;-4,36658800
48,51790370;-4,36658800
48,52814370;-4,36658800
48,53838370;-4,36658800
48,54862370;-4,54664800
48,55886370;-4,54664800
48,56910370;-4,72609600
48,57934370;-4,72609600
48,58958370;-4,72609600
48,59982370;-4,90554500
48,61006370;-4,90554500
48,62030370;-4,90554500
48,63054370;-5,08499400
48,64078370;-5,08499400
48,65102370;-5,08499400
48,66126370;-5,08499400
48,67150370;-5,08499400
48,68174370;-5,26444300
48,69198370;-5,44450200
48,70222370;-5,26444300
48,71246370;-5,26444300
48,72270370;-5,44450200
48,73294370;-5,44450200
48,74318370;-5,26444300
48,75342370;-5,44450200
48,76366370;-5,44450200
48,77390370;-5,44450200
48,78414370;-5,80340000
48,79438370;-5,80340000
48,80462370;-5,80340000
48,81486370;-5,80340000
48,82510370;-5,80340000
48,83534370;-5,80340000
48,84558370;-5,80340000
48,85582370;-5,80340000
48,86606370;-5,98284900
48,87630370;-5,80340000
48,88654370;-5,80340000
48,89678370;-5,80340000
48,90702370;-5,80340000
48,91726370;-5,98284900
48,92750370;-5,80340000
48,93774370;-5,98284900
48,94798370;-5,80340000
48,95822370;-5,80340000
48,96846370;-5,98284900
48,97870370;-5,80340000
48,98894370;-5,80340000
48,99918370;-5,80340000
49,00942370;-5,80340000
49,01966370;-5,80340000
49,02990370;-5,80340000
49,04014370;-5,80340000
49,05038370;-5,98284900
49,06062370;-5,80340000
49,07086370;-5,80340000
49,08110370;-5,80340000
49,09134370;-5,80340000
49,10158370;-5,80340000
49,11182370;-5,80340000
49,12206369;-5,80340000
49,13230369;-5,80340000
49,14254369;-5,80340000
49,15278369;-5,80340000
49,16302369;-5,80340000
49,17326369;-5,80340000
49,18350369;-5,80340000
49,19374369;-5,80340000
49,20398369;-5,80340000
49,21422369;-5,80340000
49,22446369;-5,80340000
49,23470369;-5,80340000
49,24494369;-5,80340000
49,25518369;-5,80340000
49,26542369;-5,80340000
49,27566369;-5,80340000
49,28590369;-5,80340000
49,29614369;-5,80340000
49,30638369;-5,80340000
49,31662369;-5,80340000
49,32686369;-5,80340000
49,33710369;-5,80340000
49,34734369;-5,80340000
49,35758369;-5,80340000
49,36782369;-5,80340000
49,37806369;-5,80340000
49,38830369;-5,80340000
49,39854369;-5,80340000
49,40878369;-5,80340000
49,41902369;-5,80340000
49,42926369;-5,80340000
49,43950369;-5,80340000
49,44974369;-5,80340000
49,45998369;-5,80340000
49,47022369;-5,80340000
49,48046369;-5,80340000
49,49070369;-5,80340000
49,50094369;-5,80340000
49,51118369;-5,80340000
49,52142369;-5,80340000
49,53166369;-5,80340000
49,54190369;-5,80340000
49,55214369;-5,80340000
49,56238369;-5,80340000
49,57262369;-5,80340000
49,58286369;-5,80340000
49,59310369;-5,80340000
49,60334369;-5,80340000
49,61358369;-5,80340000
49,62382369;-5,80340000
49,63406369;-5,80340000
49,64430369;-5,80340000
49,65454369;-5,80340000
49,66478369;-5,80340000
49,67502369;-5,80340000
49,68526369;-5,80340000
49,69550369;-5,80340000
49,70574369;-5,80340000
49,71598369;-5,80340000
49,72622369;-5,80340000
49,73646369;-5,80340000
49,74670369;-5,80340000
49,75694369;-5,80340000
49,76718369;-5,80340000
49,77742369;-5,80340000
49,78766369;-5,80340000
49,79790369;-5,80340000
49,80814369;-5,80340000
49,81838369;-5,80340000
49,82862369;-5,80340000
49,83886369;-5,80340000
49,84910369;-5,80340000
49,85934369;-5,80340000
49,86958369;-5,80340000
49,87982369;-5,80340000
49,89006369;-5,80340000
49,90030369;-5,80340000
49,91054369;-5,80340000
49,92078369;-5,80340000
49,93102369;-5,80340000
49,94126369;-5,80340000
49,95150369;-5,80340000
49,96174369;-5,80340000
49,97198369;-5,80340000
49,98222369;-5,80340000
49,99246369;-5,80340000
50,00270369;-5,80340000
