Tiempo;Canal A
(ms);(V)

-50,02933368;-5,80340000
-50,01909368;-5,80340000
-50,00885368;-5,80340000
-49,99861368;-5,80340000
-49,98837368;-5,80340000
-49,97813368;-5,80340000
-49,96789368;-5,80340000
-49,95765368;-5,80340000
-49,94741368;-5,80340000
-49,93717368;-5,80340000
-49,92693368;-5,80340000
-49,91669368;-5,80340000
-49,90645368;-5,80340000
-49,89621368;-5,80340000
-49,88597368;-5,80340000
-49,87573368;-5,80340000
-49,86549368;-5,80340000
-49,85525368;-5,80340000
-49,84501368;-5,80340000
-49,83477368;-5,80340000
-49,82453368;-5,80340000
-49,81429368;-5,80340000
-49,80405368;-5,80340000
-49,79381368;-5,80340000
-49,78357368;-5,80340000
-49,77333368;-5,80340000
-49,76309368;-5,80340000
-49,75285368;-5,80340000
-49,74261368;-5,80340000
-49,73237368;-5,80340000
-49,72213368;-5,80340000
-49,71189368;-5,80340000
-49,70165368;-5,80340000
-49,69141368;-5,80340000
-49,68117368;-5,80340000
-49,67093368;-5,80340000
-49,66069368;-5,80340000
-49,65045368;-5,80340000
-49,64021368;-5,80340000
-49,62997368;-5,80340000
-49,61973368;-5,80340000
-49,60949368;-5,80340000
-49,59925368;-5,80340000
-49,58901368;-5,80340000
-49,57877368;-5,80340000
-49,56853368;-5,80340000
-49,55829368;-5,80340000
-49,54805368;-5,80340000
-49,53781368;-5,80340000
-49,52757368;-5,80340000
-49,51733368;-5,80340000
-49,50709368;-5,80340000
-49,49685368;-5,80340000
-49,48661368;-5,80340000
-49,47637368;-5,80340000
-49,46613368;-5,80340000
-49,45589368;-5,80340000
-49,44565368;-5,80340000
-49,43541368;-5,80340000
-49,42517368;-5,80340000
-49,41493368;-5,80340000
-49,40469368;-5,80340000
-49,39445368;-5,80340000
-49,38421368;-5,80340000
-49,37397368;-5,80340000
-49,36373368;-5,80340000
-49,35349368;-5,80340000
-49,34325369;-5,80340000
-49,33301369;-5,80340000
-49,32277369;-5,80340000
-49,31253369;-5,80340000
-49,30229369;-5,80340000
-49,29205369;-5,80340000
-49,28181369;-5,80340000
-49,27157369;-5,80340000
-49,26133369;-5,80340000
-49,25109369;-5,80340000
-49,24085369;-5,80340000
-49,23061369;-5,80340000
-49,22037369;-5,80340000
-49,21013369;-5,80340000
-49,19989369;-5,80340000
-49,18965369;-5,80340000
-49,17941369;-5,80340000
-49,16917369;-5,80340000
-49,15893369;-5,80340000
-49,14869369;-5,80340000
-49,13845369;-5,80340000
-49,12821369;-5,80340000
-49,11797369;-5,80340000
-49,10773369;-5,80340000
-49,09749369;-5,80340000
-49,08725369;-5,80340000
-49,07701369;-5,80340000
-49,06677369;-5,80340000
-49,05653369;-5,80340000
-49,04629369;-5,80340000
-49,03605369;-5,80340000
-49,02581369;-5,80340000
-49,01557369;-5,80340000
-49,00533369;-5,80340000
-48,99509369;-5,80340000
-48,98485369;-5,80340000
-48,97461369;-5,80340000
-48,96437369;-5,80340000
-48,95413369;-5,80340000
-48,94389369;-5,80340000
-48,93365369;-5,80340000
-48,92341369;-5,80340000
-48,91317369;-5,80340000
-48,90293369;-5,80340000
-48,89269369;-5,80340000
-48,88245369;-5,80340000
-48,87221369;-5,80340000
-48,86197369;-5,80340000
-48,85173369;-5,80340000
-48,84149369;-5,80340000
-48,83125369;-5,80340000
-48,82101369;-5,80340000
-48,81077369;-5,80340000
-48,80053369;-5,80340000
-48,79029369;-5,80340000
-48,78005369;-5,80340000
-48,76981369;-5,80340000
-48,75957369;-5,80340000
-48,74933369;-5,80340000
-48,73909369;-5,80340000
-48,72885369;-5,80340000
-48,71861369;-5,80340000
-48,70837369;-5,80340000
-48,69813369;-5,80340000
-48,68789369;-5,80340000
-48,67765369;-5,80340000
-48,66741369;-5,80340000
-48,65717369;-5,80340000
-48,64693369;-5,80340000
-48,63669369;-5,80340000
-48,62645369;-5,80340000
-48,61621369;-5,80340000
-48,60597369;-5,80340000
-48,59573369;-5,80340000
-48,58549369;-5,80340000
-48,57525369;-5,80340000
-48,56501369;-5,80340000
-48,55477369;-5,80340000
-48,54453369;-5,80340000
-48,53429369;-5,80340000
-48,52405369;-5,80340000
-48,51381369;-5,80340000
-48,50357369;-5,80340000
-48,49333369;-5,80340000
-48,48309369;-5,80340000
-48,47285369;-5,80340000
-48,46261369;-5,80340000
-48,45237369;-5,80340000
-48,44213369;-5,80340000
-48,43189369;-5,80340000
-48,42165369;-5,80340000
-48,41141369;-5,80340000
-48,40117369;-5,80340000
-48,39093369;-5,80340000
-48,38069369;-5,80340000
-48,37045369;-5,80340000
-48,36021369;-5,80340000
-48,34997369;-5,80340000
-48,33973369;-5,80340000
-48,32949369;-5,80340000
-48,31925369;-5,80340000
-48,30901369;-5,80340000
-48,29877369;-5,80340000
-48,28853369;-5,80340000
-48,27829369;-5,80340000
-48,26805369;-5,80340000
-48,25781369;-5,80340000
-48,24757369;-5,80340000
-48,23733369;-5,80340000
-48,22709369;-5,80340000
-48,21685369;-5,80340000
-48,20661369;-5,80340000
-48,19637369;-5,80340000
-48,18613369;-5,80340000
-48,17589369;-5,80340000
-48,16565369;-5,80340000
-48,15541369;-5,80340000
-48,14517369;-5,80340000
-48,13493369;-5,80340000
-48,12469369;-5,80340000
-48,11445369;-5,80340000
-48,10421369;-5,80340000
-48,09397369;-5,80340000
-48,08373369;-5,80340000
-48,07349369;-5,80340000
-48,06325369;-5,80340000
-48,05301369;-5,80340000
-48,04277369;-5,80340000
-48,03253369;-5,80340000
-48,02229369;-5,80340000
-48,01205369;-5,80340000
-48,00181369;-5,80340000
-47,99157369;-5,80340000
-47,98133369;-5,80340000
-47,97109369;-5,80340000
-47,96085369;-5,80340000
-47,95061369;-5,80340000
-47,94037369;-5,80340000
-47,93013369;-5,80340000
-47,91989369;-5,80340000
-47,90965369;-5,80340000
-47,89941369;-5,80340000
-47,88917369;-5,80340000
-47,87893369;-5,80340000
-47,86869369;-5,80340000
-47,85845369;-5,80340000
-47,84821369;-5,80340000
-47,83797369;-5,80340000
-47,82773369;-5,80340000
-47,81749369;-5,80340000
-47,80725369;-5,80340000
-47,79701369;-5,80340000
-47,78677369;-5,80340000
-47,77653369;-5,80340000
-47,76629369;-5,80340000
-47,75605369;-5,80340000
-47,74581369;-5,62395100
-47,73557369;-5,80340000
-47,72533369;-5,80340000
-47,71509369;-5,80340000
-47,70485369;-5,80340000
-47,69461370;-5,80340000
-47,68437370;-5,80340000
-47,67413370;-5,80340000
-47,66389370;-5,80340000
-47,65365370;-5,80340000
-47,64341370;-5,80340000
-47,63317370;-5,80340000
-47,62293370;-5,80340000
-47,61269370;-5,80340000
-47,60245370;-5,80340000
-47,59221370;-5,80340000
-47,58197370;-5,80340000
-47,57173370;-5,80340000
-47,56149370;-5,80340000
-47,55125370;-5,62395100
-47,54101370;-5,80340000
-47,53077370;-5,80340000
-47,52053370;-5,80340000
-47,51029370;-5,80340000
-47,50005370;-5,80340000
-47,48981370;-5,80340000
-47,47957370;-5,80340000
-47,46933370;-5,80340000
-47,45909370;-5,62395100
-47,44885370;-5,80340000
-47,43861370;-5,80340000
-47,42837370;-5,80340000
-47,41813370;-5,80340000
-47,40789370;-5,80340000
-47,39765370;-5,80340000
-47,38741370;-5,80340000
-47,37717370;-5,80340000
-47,36693370;-5,80340000
-47,35669370;-5,62395100
-47,34645370;-5,80340000
-47,33621370;-5,62395100
-47,32597370;-5,62395100
-47,31573370;-5,80340000
-47,30549370;-5,62395100
-47,29525370;-5,80340000
-47,28501370;-5,80340000
-47,27477370;-5,80340000
-47,26453370;-5,80340000
-47,25429370;-5,80340000
-47,24405370;-5,80340000
-47,23381370;-5,62395100
-47,22357370;-5,62395100
-47,21333370;-5,62395100
-47,20309370;-5,80340000
-47,19285370;-5,80340000
-47,18261370;-5,80340000
-47,17237370;-5,80340000
-47,16213370;-5,62395100
-47,15189370;-5,80340000
-47,14165370;-5,80340000
-47,13141370;-5,80340000
-47,12117370;-5,80340000
-47,11093370;-5,62395100
-47,10069370;-5,80340000
-47,09045370;-5,80340000
-47,08021370;-5,80340000
-47,06997370;-5,80340000
-47,05973370;-5,62395100
-47,04949370;-5,80340000
-47,03925370;-5,80340000
-47,02901370;-5,62395100
-47,01877370;-5,62395100
-47,00853370;-5,80340000
-46,99829370;-5,80340000
-46,98805370;-5,62395100
-46,97781370;-5,62395100
-46,96757370;-5,62395100
-46,95733370;-5,80340000
-46,94709370;-5,80340000
-46,93685370;-5,62395100
-46,92661370;-5,62395100
-46,91637370;-5,80340000
-46,90613370;-5,80340000
-46,89589370;-5,62395100
-46,88565370;-5,62395100
-46,87541370;-5,80340000
-46,86517370;-5,62395100
-46,85493370;-5,80340000
-46,84469370;-5,80340000
-46,83445370;-5,62395100
-46,82421370;-5,80340000
-46,81397370;-5,80340000
-46,80373370;-5,80340000
-46,79349370;-5,80340000
-46,78325370;-5,80340000
-46,77301370;-5,80340000
-46,76277370;-5,62395100
-46,75253370;-5,80340000
-46,74229370;-5,62395100
-46,73205370;-5,80340000
-46,72181370;-5,80340000
-46,71157370;-5,80340000
-46,70133370;-5,62395100
-46,69109370;-5,62395100
-46,68085370;-5,62395100
-46,67061370;-5,80340000
-46,66037370;-5,62395100
-46,65013370;-5,80340000
-46,63989370;-5,80340000
-46,62965370;-5,62395100
-46,61941370;-5,62395100
-46,60917370;-5,62395100
-46,59893370;-5,62395100
-46,58869370;-5,62395100
-46,57845370;-5,62395100
-46,56821370;-5,62395100
-46,55797370;-5,62395100
-46,54773370;-5,62395100
-46,53749370;-5,80340000
-46,52725370;-5,62395100
-46,51701370;-5,62395100
-46,50677370;-5,80340000
-46,49653370;-5,62395100
-46,48629370;-5,80340000
-46,47605370;-5,62395100
-46,46581370;-5,44450200
-46,45557370;-5,80340000
-46,44533370;-5,62395100
-46,43509370;-5,62395100
-46,42485370;-5,44450200
-46,41461370;-5,44450200
-46,40437370;-5,62395100
-46,39413370;-5,80340000
-46,38389370;-5,62395100
-46,37365370;-5,62395100
-46,36341370;-5,62395100
-46,35317370;-5,62395100
-46,34293370;-5,80340000
-46,33269370;-5,62395100
-46,32245370;-5,62395100
-46,31221370;-5,62395100
-46,30197370;-5,44450200
-46,29173370;-5,62395100
-46,28149370;-5,62395100
-46,27125370;-5,62395100
-46,26101370;-5,80340000
-46,25077370;-5,44450200
-46,24053370;-5,44450200
-46,23029370;-5,62395100
-46,22005370;-5,62395100
-46,20981370;-5,44450200
-46,19957370;-5,62395100
-46,18933370;-5,80340000
-46,17909370;-5,62395100
-46,16885370;-5,44450200
-46,15861370;-5,62395100
-46,14837370;-5,80340000
-46,13813370;-5,80340000
-46,12789370;-5,44450200
-46,11765370;-5,44450200
-46,10741370;-5,62395100
-46,09717370;-5,62395100
-46,08693370;-5,62395100
-46,07669370;-5,44450200
-46,06645370;-5,62395100
-46,05621371;-5,62395100
-46,04597371;-5,62395100
-46,03573371;-5,62395100
-46,02549371;-5,62395100
-46,01525371;-5,62395100
-46,00501371;-5,44450200
-45,99477371;-5,62395100
-45,98453371;-5,44450200
-45,97429371;-5,62395100
-45,96405371;-5,44450200
-45,95381371;-5,80340000
-45,94357371;-5,62395100
-45,93333371;-5,80340000
-45,92309371;-5,62395100
-45,91285371;-5,62395100
-45,90261371;-5,62395100
-45,89237371;-5,62395100
-45,88213371;-5,44450200
-45,87189371;-5,44450200
-45,86165371;-5,62395100
-45,85141371;-5,62395100
-45,84117371;-5,44450200
-45,83093371;-5,62395100
-45,82069371;-5,44450200
-45,81045371;-5,44450200
-45,80021371;-5,62395100
-45,78997371;-5,44450200
-45,77973371;-5,44450200
-45,76949371;-5,44450200
-45,75925371;-5,44450200
-45,74901371;-5,44450200
-45,73877371;-5,44450200
-45,72853371;-5,44450200
-45,71829371;-5,44450200
-45,70805371;-5,44450200
-45,69781371;-5,62395100
-45,68757371;-5,44450200
-45,67733371;-5,44450200
-45,66709371;-5,44450200
-45,65685371;-5,62395100
-45,64661371;-5,44450200
-45,63637371;-5,44450200
-45,62613371;-5,62395100
-45,61589371;-5,62395100
-45,60565371;-5,44450200
-45,59541371;-5,62395100
-45,58517371;-5,44450200
-45,57493371;-5,62395100
-45,56469371;-5,62395100
-45,55445371;-5,44450200
-45,54421371;-5,44450200
-45,53397371;-5,44450200
-45,52373371;-5,44450200
-45,51349371;-5,62395100
-45,50325371;-5,62395100
-45,49301371;-5,44450200
-45,48277371;-5,62395100
-45,47253371;-5,44450200
-45,46229371;-5,62395100
-45,45205371;-5,44450200
-45,44181371;-5,62395100
-45,43157371;-5,44450200
-45,42133371;-5,44450200
-45,41109371;-5,44450200
-45,40085371;-5,44450200
-45,39061371;-5,44450200
-45,38037371;-5,44450200
-45,37013371;-5,62395100
-45,35989371;-5,44450200
-45,34965371;-5,44450200
-45,33941371;-5,44450200
-45,32917371;-5,44450200
-45,31893371;-5,44450200
-45,30869371;-5,62395100
-45,29845371;-5,44450200
-45,28821371;-5,44450200
-45,27797371;-5,44450200
-45,26773371;-5,44450200
-45,25749371;-5,44450200
-45,24725371;-5,44450200
-45,23701371;-5,62395100
-45,22677371;-5,62395100
-45,21653371;-5,62395100
-45,20629371;-5,44450200
-45,19605371;-5,44450200
-45,18581371;-5,44450200
-45,17557371;-5,62395100
-45,16533371;-5,62395100
-45,15509371;-5,44450200
-45,14485371;-5,44450200
-45,13461371;-5,44450200
-45,12437371;-5,44450200
-45,11413371;-5,62395100
-45,10389371;-5,44450200
-45,09365371;-5,44450200
-45,08341371;-5,44450200
-45,07317371;-5,44450200
-45,06293371;-5,44450200
-45,05269371;-5,44450200
-45,04245371;-5,44450200
-45,03221371;-5,44450200
-45,02197371;-5,44450200
-45,01173371;-5,62395100
-45,00149371;-5,44450200
-44,99125371;-5,44450200
-44,98101371;-5,44450200
-44,97077371;-5,62395100
-44,96053371;-5,62395100
-44,95029371;-5,44450200
-44,94005371;-5,44450200
-44,92981371;-5,44450200
-44,91957371;-5,44450200
-44,90933371;-5,44450200
-44,89909371;-5,62395100
-44,88885371;-5,44450200
-44,87861371;-5,44450200
-44,86837371;-5,44450200
-44,85813371;-5,44450200
-44,84789371;-5,44450200
-44,83765371;-5,44450200
-44,82741371;-5,44450200
-44,81717371;-5,44450200
-44,80693371;-5,44450200
-44,79669371;-5,44450200
-44,78645371;-5,44450200
-44,77621371;-5,44450200
-44,76597371;-5,44450200
-44,75573371;-5,44450200
-44,74549371;-5,44450200
-44,73525371;-5,44450200
-44,72501371;-5,44450200
-44,71477371;-5,44450200
-44,70453371;-5,44450200
-44,69429371;-5,44450200
-44,68405371;-5,44450200
-44,67381371;-5,44450200
-44,66357371;-5,44450200
-44,65333371;-5,44450200
-44,64309371;-5,44450200
-44,63285371;-5,44450200
-44,62261371;-5,44450200
-44,61237371;-5,44450200
-44,60213371;-5,44450200
-44,59189371;-5,44450200
-44,58165371;-5,44450200
-44,57141371;-5,44450200
-44,56117371;-5,44450200
-44,55093371;-5,44450200
-44,54069371;-5,44450200
-44,53045371;-5,44450200
-44,52021371;-5,44450200
-44,50997371;-5,44450200
-44,49973371;-5,44450200
-44,48949371;-5,44450200
-44,47925371;-5,44450200
-44,46901371;-5,44450200
-44,45877371;-5,44450200
-44,44853371;-5,44450200
-44,43829371;-5,44450200
-44,42805371;-5,44450200
-44,41781371;-5,44450200
-44,40757372;-5,44450200
-44,39733372;-5,44450200
-44,38709372;-5,44450200
-44,37685372;-5,44450200
-44,36661372;-5,44450200
-44,35637372;-5,44450200
-44,34613372;-5,44450200
-44,33589372;-5,44450200
-44,32565372;-5,44450200
-44,31541372;-5,44450200
-44,30517372;-5,44450200
-44,29493372;-5,44450200
-44,28469372;-5,44450200
-44,27445372;-5,44450200
-44,26421372;-5,44450200
-44,25397372;-5,44450200
-44,24373372;-5,44450200
-44,23349372;-5,44450200
-44,22325372;-5,44450200
-44,21301372;-5,44450200
-44,20277372;-5,44450200
-44,19253372;-5,44450200
-44,18229372;-5,44450200
-44,17205372;-5,44450200
-44,16181372;-5,44450200
-44,15157372;-5,44450200
-44,14133372;-5,44450200
-44,13109372;-5,44450200
-44,12085372;-5,44450200
-44,11061372;-5,44450200
-44,10037372;-5,44450200
-44,09013372;-5,44450200
-44,07989372;-5,44450200
-44,06965372;-5,44450200
-44,05941372;-5,44450200
-44,04917372;-5,44450200
-44,03893372;-5,44450200
-44,02869372;-5,44450200
-44,01845372;-5,44450200
-44,00821372;-5,44450200
-43,99797372;-5,44450200
-43,98773372;-5,44450200
-43,97749372;-5,44450200
-43,96725372;-5,44450200
-43,95701372;-5,44450200
-43,94677372;-5,44450200
-43,93653372;-5,44450200
-43,92629372;-5,44450200
-43,91605372;-5,44450200
-43,90581372;-5,44450200
-43,89557372;-5,44450200
-43,88533372;-5,44450200
-43,87509372;-5,44450200
-43,86485372;-5,44450200
-43,85461372;-5,44450200
-43,84437372;-5,44450200
-43,83413372;-5,44450200
-43,82389372;-5,44450200
-43,81365372;-5,44450200
-43,80341372;-5,44450200
-43,79317372;-5,44450200
-43,78293372;-5,44450200
-43,77269372;-5,44450200
-43,76245372;-5,44450200
-43,75221372;-5,44450200
-43,74197372;-5,44450200
-43,73173372;-5,44450200
-43,72149372;-5,44450200
-43,71125372;-5,44450200
-43,70101372;-5,44450200
-43,69077372;-5,44450200
-43,68053372;-5,44450200
-43,67029372;-5,44450200
-43,66005372;-5,44450200
-43,64981372;-5,44450200
-43,63957372;-5,44450200
-43,62933372;-5,44450200
-43,61909372;-5,44450200
-43,60885372;-5,44450200
-43,59861372;-5,44450200
-43,58837372;-5,44450200
-43,57813372;-5,44450200
-43,56789372;-5,44450200
-43,55765372;-5,44450200
-43,54741372;-5,44450200
-43,53717372;-5,44450200
-43,52693372;-5,44450200
-43,51669372;-5,44450200
-43,50645372;-5,44450200
-43,49621372;-5,44450200
-43,48597372;-5,44450200
-43,47573372;-5,44450200
-43,46549372;-5,44450200
-43,45525372;-5,44450200
-43,44501372;-5,44450200
-43,43477372;-5,44450200
-43,42453372;-5,44450200
-43,41429372;-5,44450200
-43,40405372;-5,44450200
-43,39381372;-5,44450200
-43,38357372;-5,44450200
-43,37333372;-5,44450200
-43,36309372;-5,44450200
-43,35285372;-5,44450200
-43,34261372;-5,44450200
-43,33237372;-5,44450200
-43,32213372;-5,44450200
-43,31189372;-5,44450200
-43,30165372;-5,44450200
-43,29141372;-5,44450200
-43,28117372;-5,44450200
-43,27093372;-5,44450200
-43,26069372;-5,44450200
-43,25045372;-5,44450200
-43,24021372;-5,44450200
-43,22997372;-5,44450200
-43,21973372;-5,44450200
-43,20949372;-5,44450200
-43,19925372;-5,44450200
-43,18901372;-5,44450200
-43,17877372;-5,44450200
-43,16853372;-5,44450200
-43,15829372;-5,44450200
-43,14805372;-5,44450200
-43,13781372;-5,44450200
-43,12757372;-5,44450200
-43,11733372;-5,44450200
-43,10709372;-5,44450200
-43,09685372;-5,44450200
-43,08661372;-5,44450200
-43,07637372;-5,44450200
-43,06613372;-5,44450200
-43,05589372;-5,44450200
-43,04565372;-5,44450200
-43,03541372;-5,44450200
-43,02517372;-5,44450200
-43,01493372;-5,44450200
-43,00469372;-5,44450200
-42,99445372;-5,44450200
-42,98421372;-5,44450200
-42,97397372;-5,44450200
-42,96373372;-5,44450200
-42,95349372;-5,44450200
-42,94325372;-5,44450200
-42,93301372;-5,44450200
-42,92277372;-5,44450200
-42,91253372;-5,44450200
-42,90229372;-5,44450200
-42,89205372;-5,44450200
-42,88181372;-5,44450200
-42,87157372;-5,44450200
-42,86133372;-5,44450200
-42,85109372;-5,44450200
-42,84085372;-5,44450200
-42,83061372;-5,44450200
-42,82037372;-5,44450200
-42,81013372;-5,44450200
-42,79989372;-5,44450200
-42,78965372;-5,44450200
-42,77941372;-5,44450200
-42,76917372;-5,44450200
-42,75893373;-5,44450200
-42,74869373;-5,44450200
-42,73845373;-5,44450200
-42,72821373;-5,44450200
-42,71797373;-5,44450200
-42,70773373;-5,44450200
-42,69749373;-5,44450200
-42,68725373;-5,44450200
-42,67701373;-5,44450200
-42,66677373;-5,44450200
-42,65653373;-5,44450200
-42,64629373;-5,44450200
-42,63605373;-5,44450200
-42,62581373;-5,44450200
-42,61557373;-5,44450200
-42,60533373;-5,44450200
-42,59509373;-5,44450200
-42,58485373;-5,44450200
-42,57461373;-5,44450200
-42,56437373;-5,44450200
-42,55413373;-5,44450200
-42,54389373;-5,44450200
-42,53365373;-5,44450200
-42,52341373;-5,44450200
-42,51317373;-5,44450200
-42,50293373;-5,44450200
-42,49269373;-5,44450200
-42,48245373;-5,44450200
-42,47221373;-5,44450200
-42,46197373;-5,44450200
-42,45173373;-5,44450200
-42,44149373;-5,44450200
-42,43125373;-5,44450200
-42,42101373;-5,44450200
-42,41077373;-5,44450200
-42,40053373;-5,44450200
-42,39029373;-5,44450200
-42,38005373;-5,44450200
-42,36981373;-5,44450200
-42,35957373;-5,44450200
-42,34933373;-5,44450200
-42,33909373;-5,44450200
-42,32885373;-5,44450200
-42,31861373;-5,44450200
-42,30837373;-5,44450200
-42,29813373;-5,44450200
-42,28789373;-5,44450200
-42,27765373;-5,44450200
-42,26741373;-5,44450200
-42,25717373;-5,44450200
-42,24693373;-5,44450200
-42,23669373;-5,44450200
-42,22645373;-5,44450200
-42,21621373;-5,44450200
-42,20597373;-5,44450200
-42,19573373;-5,44450200
-42,18549373;-5,44450200
-42,17525373;-5,44450200
-42,16501373;-5,44450200
-42,15477373;-5,44450200
-42,14453373;-5,44450200
-42,13429373;-5,44450200
-42,12405373;-5,44450200
-42,11381373;-5,44450200
-42,10357373;-5,44450200
-42,09333373;-5,44450200
-42,08309373;-5,44450200
-42,07285373;-5,44450200
-42,06261373;-5,44450200
-42,05237373;-5,44450200
-42,04213373;-5,44450200
-42,03189373;-5,44450200
-42,02165373;-5,44450200
-42,01141373;-5,44450200
-42,00117373;-5,44450200
-41,99093373;-5,44450200
-41,98069373;-5,44450200
-41,97045373;-5,44450200
-41,96021373;-5,44450200
-41,94997373;-5,44450200
-41,93973373;-5,44450200
-41,92949373;-5,44450200
-41,91925373;-5,44450200
-41,90901373;-5,44450200
-41,89877373;-5,44450200
-41,88853373;-5,44450200
-41,87829373;-5,44450200
-41,86805373;-5,44450200
-41,85781373;-5,26444300
-41,84757373;-5,44450200
-41,83733373;-5,44450200
-41,82709373;-5,44450200
-41,81685373;-5,44450200
-41,80661373;-5,44450200
-41,79637373;-5,44450200
-41,78613373;-5,44450200
-41,77589373;-5,44450200
-41,76565373;-5,44450200
-41,75541373;-5,44450200
-41,74517373;-5,44450200
-41,73493373;-5,44450200
-41,72469373;-5,44450200
-41,71445373;-5,44450200
-41,70421373;-5,26444300
-41,69397373;-5,44450200
-41,68373373;-5,44450200
-41,67349373;-5,44450200
-41,66325373;-5,44450200
-41,65301373;-5,44450200
-41,64277373;-5,44450200
-41,63253373;-5,44450200
-41,62229373;-5,44450200
-41,61205373;-5,44450200
-41,60181373;-5,44450200
-41,59157373;-5,44450200
-41,58133373;-5,44450200
-41,57109373;-5,44450200
-41,56085373;-5,44450200
-41,55061373;-5,44450200
-41,54037373;-5,44450200
-41,53013373;-5,44450200
-41,51989373;-5,44450200
-41,50965373;-5,44450200
-41,49941373;-5,44450200
-41,48917373;-5,44450200
-41,47893373;-5,44450200
-41,46869373;-5,44450200
-41,45845373;-5,44450200
-41,44821373;-5,44450200
-41,43797373;-5,44450200
-41,42773373;-5,44450200
-41,41749373;-5,44450200
-41,40725373;-5,44450200
-41,39701373;-5,44450200
-41,38677373;-5,44450200
-41,37653373;-5,44450200
-41,36629373;-5,44450200
-41,35605373;-5,26444300
-41,34581373;-5,26444300
-41,33557373;-5,44450200
-41,32533373;-5,44450200
-41,31509373;-5,44450200
-41,30485373;-5,44450200
-41,29461373;-5,44450200
-41,28437373;-5,44450200
-41,27413373;-5,26444300
-41,26389373;-5,26444300
-41,25365373;-5,44450200
-41,24341373;-5,26444300
-41,23317373;-5,44450200
-41,22293373;-5,44450200
-41,21269373;-5,26444300
-41,20245373;-5,44450200
-41,19221373;-5,26444300
-41,18197373;-5,44450200
-41,17173373;-5,44450200
-41,16149373;-5,44450200
-41,15125373;-5,44450200
-41,14101373;-5,26444300
-41,13077373;-5,44450200
-41,12053374;-5,26444300
-41,11029374;-5,44450200
-41,10005374;-5,44450200
-41,08981374;-5,44450200
-41,07957374;-5,26444300
-41,06933374;-5,26444300
-41,05909374;-5,26444300
-41,04885374;-5,44450200
-41,03861374;-5,44450200
-41,02837374;-5,26444300
-41,01813374;-5,44450200
-41,00789374;-5,26444300
-40,99765374;-5,26444300
-40,98741374;-5,08499400
-40,97717374;-5,08499400
-40,96693374;-5,08499400
-40,95669374;-5,08499400
-40,94645374;-5,08499400
-40,93621374;-5,08499400
-40,92597374;-5,08499400
-40,91573374;-5,08499400
-40,90549374;-4,90554500
-40,89525374;-4,72609600
-40,88501374;-4,72609600
-40,87477374;-4,54664800
-40,86453374;-4,72609600
-40,85429374;-4,54664800
-40,84405374;-4,54664800
-40,83381374;-4,54664800
-40,82357374;-4,36658800
-40,81333374;-4,36658800
-40,80309374;-4,36658800
-40,79285374;-4,00769000
-40,78261374;-4,00769000
-40,77237374;-4,00769000
-40,76213374;-4,00769000
-40,75189374;-4,00769000
-40,74165374;-4,00769000
-40,73141374;-4,00769000
-40,72117374;-3,82824200
-40,71093374;-3,82824200
-40,70069374;-3,64879300
-40,69045374;-3,64879300
-40,68021374;-3,64879300
-40,66997374;-3,64879300
-40,65973374;-3,64879300
-40,64949374;-3,46873400
-40,63925374;-3,46873400
-40,62901374;-3,46873400
-40,61877374;-3,46873400
-40,60853374;-3,28928500
-40,59829374;-3,28928500
-40,58805374;-3,10983600
-40,57781374;-3,10983600
-40,56757374;-3,10983600
-40,55733374;-3,10983600
-40,54709374;-2,93038700
-40,53685374;-2,93038700
-40,52661374;-2,93038700
-40,51637374;-2,93038700
-40,50613374;-2,93038700
-40,49589374;-2,57087900
-40,48565374;-2,57087900
-40,47541374;-2,57087900
-40,46517374;-2,57087900
-40,45493374;-2,57087900
-40,44469374;-2,57087900
-40,43445374;-2,57087900
-40,42421374;-2,57087900
-40,41397374;-2,39143000
-40,40373374;-2,21198200
-40,39349374;-2,21198200
-40,38325374;-2,21198200
-40,37301374;-2,21198200
-40,36277374;-2,21198200
-40,35253374;-2,03253300
-40,34229374;-2,03253300
-40,33205374;-1,85308400
-40,32181374;-2,03253300
-40,31157374;-1,85308400
-40,30133374;-1,67302500
-40,29109374;-1,67302500
-40,28085374;-1,67302500
-40,27061374;-1,49357600
-40,26037374;-1,49357600
-40,25013374;-1,49357600
-40,23989374;-1,49357600
-40,22965374;-1,49357600
-40,21941374;-1,49357600
-40,20917374;-1,31412700
-40,19893374;-1,13467800
-40,18869374;-1,13467800
-40,17845374;-1,13467800
-40,16821374;-1,13467800
-40,15797374;-1,13467800
-40,14773374;-0,95522930
-40,13749374;-0,77517010
-40,12725374;-0,77517010
-40,11701374;-0,77517010
-40,10677374;-0,77517010
-40,09653374;-0,59572130
-40,08629374;-0,41627250
-40,07605374;-0,59572130
-40,06581374;-0,41627250
-40,05557374;-0,41627250
-40,04533374;-0,41627250
-40,03509374;-0,41627250
-40,02485374;-0,41627250
-40,01461374;-0,23682360
-40,00437374;-0,23682360
-39,99413374;-0,05737480
-39,98389374;-0,05737480
-39,97365374;-0,05737480
-39,96341374;-0,05737480
-39,95317374;0,12207400
-39,94293374;0,30152290
-39,93269374;0,12207400
-39,92245374;0,30152290
-39,91221374;0,30152290
-39,90197374;0,30152290
-39,89173374;0,48097170
-39,88149374;0,66042050
-39,87125374;0,66042050
-39,86101374;0,66042050
-39,85077374;0,66042050
-39,84053374;0,66042050
-39,83029374;0,66042050
-39,82005374;0,66042050
-39,80981374;0,84047970
-39,79957374;1,01992900
-39,78933374;1,01992900
-39,77909374;1,01992900
-39,76885374;1,01992900
-39,75861374;1,19937700
-39,74837374;1,19937700
-39,73813374;1,19937700
-39,72789374;1,37882600
-39,71765374;1,37882600
-39,70741374;1,37882600
-39,69717374;1,55827500
-39,68693374;1,55827500
-39,67669374;1,73833400
-39,66645374;1,73833400
-39,65621374;1,73833400
-39,64597374;1,73833400
-39,63573374;1,73833400
-39,62549374;1,73833400
-39,61525374;1,91778300
-39,60501374;1,91778300
-39,59477374;2,09723200
-39,58453374;2,09723200
-39,57429374;2,09723200
-39,56405374;2,09723200
-39,55381374;2,27668100
-39,54357374;2,27668100
-39,53333374;2,45613000
-39,52309374;2,45613000
-39,51285374;2,45613000
-39,50261374;2,45613000
-39,49237374;2,63618900
-39,48213374;2,63618900
-39,47189375;2,81563800
-39,46165375;2,63618900
-39,45141375;2,81563800
-39,44117375;2,81563800
-39,43093375;2,81563800
-39,42069375;2,81563800
-39,41045375;2,81563800
-39,40021375;2,81563800
-39,38997375;3,17453500
-39,37973375;3,17453500
-39,36949375;3,17453500
-39,35925375;3,17453500
-39,34901375;3,17453500
-39,33877375;3,35398400
-39,32853375;3,17453500
-39,31829375;3,17453500
-39,30805375;3,35398400
-39,29781375;3,35398400
-39,28757375;3,53404300
-39,27733375;3,53404300
-39,26709375;3,53404300
-39,25685375;3,53404300
-39,24661375;3,53404300
-39,23637375;3,53404300
-39,22613375;3,71349200
-39,21589375;3,71349200
-39,20565375;3,89294100
-39,19541375;3,89294100
-39,18517375;3,89294100
-39,17493375;3,89294100
-39,16469375;3,89294100
-39,15445375;3,89294100
-39,14421375;4,07239000
-39,13397375;4,07239000
-39,12373375;4,25183900
-39,11349375;4,25183900
-39,10325375;4,25183900
-39,09301375;4,25183900
-39,08277375;4,25183900
-39,07253375;4,43189800
-39,06229375;4,43189800
-39,05205375;4,61134700
-39,04181375;4,61134700
-39,03157375;4,61134700
-39,02133375;4,79079600
-39,01109375;4,61134700
-39,00085375;4,79079600
-38,99061375;4,97024400
-38,98037375;4,97024400
-38,97013375;4,97024400
-38,95989375;4,97024400
-38,94965375;4,97024400
-38,93941375;4,97024400
-38,92917375;4,97024400
-38,91893375;4,97024400
-38,90869375;5,32975200
-38,89845375;5,32975200
-38,88821375;5,32975200
-38,87797375;5,32975200
-38,86773375;5,32975200
-38,85749375;5,32975200
-38,84725375;5,50920200
-38,83701375;5,50920200
-38,82677375;5,50920200
-38,81653375;5,68865000
-38,80629375;5,68865000
-38,79605375;5,68865000
-38,78581375;5,68865000
-38,77557375;5,68865000
-38,76533375;5,68865000
-38,75509375;5,68865000
-38,74485375;6,04754800
-38,73461375;6,04754800
-38,72437375;6,04754800
-38,71413375;6,04754800
-38,70389375;6,04754800
-38,69365375;6,04754800
-38,68341375;6,04754800
-38,67317375;6,22760700
-38,66293375;6,22760700
-38,65269375;6,22760700
-38,64245375;6,40705600
-38,63221375;6,40705600
-38,62197375;6,40705600
-38,61173375;6,40705600
-38,60149375;6,40705600
-38,59125375;6,58650500
-38,58101375;6,58650500
-38,57077375;6,58650500
-38,56053375;6,76595400
-38,55029375;6,76595400
-38,54005375;6,76595400
-38,52981375;6,76595400
-38,51957375;6,76595400
-38,50933375;7,12546200
-38,49909375;7,12546200
-38,48885375;7,12546200
-38,47861375;7,12546200
-38,46837375;7,12546200
-38,45813375;7,12546200
-38,44789375;7,48435900
-38,43765375;7,48435900
-38,42741375;7,48435900
-38,41717375;7,48435900
-38,40693375;7,66380800
-38,39669375;7,66380800
-38,38645375;7,66380800
-38,37621375;7,84325700
-38,36597375;7,84325700
-38,35573375;7,84325700
-38,34549375;7,84325700
-38,33525375;8,02331600
-38,32501375;8,02331600
-38,31477375;8,20276500
-38,30453375;8,20276500
-38,29429375;8,38221400
-38,28405375;8,38221400
-38,27381375;8,38221400
-38,26357375;8,38221400
-38,25333375;8,38221400
-38,24309375;8,56166300
-38,23285375;8,56166300
-38,22261375;8,56166300
-38,21237375;8,56166300
-38,20213375;8,74111200
-38,19189375;8,92117000
-38,18165375;8,92117000
-38,17141375;8,92117000
-38,16117375;8,92117000
-38,15093375;8,92117000
-38,14069375;8,92117000
-38,13045375;8,92117000
-38,12021375;8,92117000
-38,10997375;9,10061900
-38,09973375;9,10061900
-38,08949375;9,28006800
-38,07925375;9,28006800
-38,06901375;9,10061900
-38,05877375;9,28006800
-38,04853375;9,28006800
-38,03829375;9,28006800
-38,02805375;9,28006800
-38,01781375;9,28006800
-38,00757375;9,28006800
-37,99733375;9,45951700
-37,98709375;9,45951700
-37,97685375;9,45951700
-37,96661375;9,63896600
-37,95637375;9,63896600
-37,94613375;9,63896600
-37,93589375;9,63896600
-37,92565375;9,63896600
-37,91541375;9,63896600
-37,90517375;9,63896600
-37,89493375;9,81902500
-37,88469375;9,81902500
-37,87445375;9,63896600
-37,86421375;9,81902500
-37,85397375;9,81902500
-37,84373375;9,81902500
-37,83349375;9,99847400
-37,82325376;9,99847400
-37,81301376;9,99847400
-37,80277376;9,99847400
-37,79253376;9,99847400
-37,78229376;9,99847400
-37,77205376;9,99847400
-37,76181376;9,99847400
-37,75157376;9,99847400
-37,74133376;9,99847400
-37,73109376;9,99847400
-37,72085376;9,99847400
-37,71061376;10,35737000
-37,70037376;10,17792000
-37,69013376;10,35737000
-37,67989376;10,35737000
-37,66965376;10,35737000
-37,65941376;10,35737000
-37,64917376;10,35737000
-37,63893376;10,35737000
-37,62869376;10,35737000
-37,61845376;10,35737000
-37,60821376;10,35737000
-37,59797376;10,35737000
-37,58773376;10,35737000
-37,57749376;10,53682000
-37,56725376;10,53682000
-37,55701376;10,53682000
-37,54677376;10,53682000
-37,53653376;10,53682000
-37,52629376;10,71688000
-37,51605376;10,71688000
-37,50581376;10,71688000
-37,49557376;10,71688000
-37,48533376;10,71688000
-37,47509376;10,71688000
-37,46485376;10,71688000
-37,45461376;10,71688000
-37,44437376;10,71688000
-37,43413376;10,71688000
-37,42389376;10,89633000
-37,41365376;10,71688000
-37,40341376;10,89633000
-37,39317376;11,07578000
-37,38293376;11,07578000
-37,37269376;11,07578000
-37,36245376;11,07578000
-37,35221376;11,07578000
-37,34197376;11,07578000
-37,33173376;11,07578000
-37,32149376;11,07578000
-37,31125376;11,25523000
-37,30101376;11,25523000
-37,29077376;11,25523000
-37,28053376;11,25523000
-37,27029376;11,43529000
-37,26005376;11,25523000
-37,24981376;11,43529000
-37,23957376;11,43529000
-37,22933376;11,43529000
-37,21909376;11,43529000
-37,20885376;11,43529000
-37,19861376;11,43529000
-37,18837376;11,43529000
-37,17813376;11,43529000
-37,16789376;11,43529000
-37,15765376;11,43529000
-37,14741376;11,43529000
-37,13717376;11,79418000
-37,12693376;11,79418000
-37,11669376;11,79418000
-37,10645376;11,79418000
-37,09621376;11,79418000
-37,08597376;11,79418000
-37,07573376;11,79418000
-37,06549376;11,79418000
-37,05525376;11,79418000
-37,04501376;11,79418000
-37,03477376;11,79418000
-37,02453376;11,79418000
-37,01429376;11,79418000
-37,00405376;11,79418000
-36,99381376;11,97363000
-36,98357376;11,97363000
-36,97333376;11,97363000
-36,96309376;11,97363000
-36,95285376;11,97363000
-36,94261376;11,97363000
-36,93237376;11,97363000
-36,92213376;12,15308000
-36,91189376;11,97363000
-36,90165376;12,15308000
-36,89141376;11,97363000
-36,88117376;12,15308000
-36,87093376;11,97363000
-36,86069376;12,15308000
-36,85045376;12,15308000
-36,84021376;12,15308000
-36,82997376;12,15308000
-36,81973376;12,15308000
-36,80949376;12,15308000
-36,79925376;12,15308000
-36,78901376;12,15308000
-36,77877376;12,15308000
-36,76853376;12,15308000
-36,75829376;12,15308000
-36,74805376;12,15308000
-36,73781376;12,15308000
-36,72757376;12,15308000
-36,71733376;12,15308000
-36,70709376;12,15308000
-36,69685376;12,15308000
-36,68661376;12,15308000
-36,67637376;12,15308000
-36,66613376;12,15308000
-36,65589376;12,15308000
-36,64565376;12,15308000
-36,63541376;12,15308000
-36,62517376;12,15308000
-36,61493376;12,15308000
-36,60469376;12,15308000
-36,59445376;12,15308000
-36,58421376;12,15308000
-36,57397376;12,15308000
-36,56373376;12,15308000
-36,55349376;12,15308000
-36,54325376;12,15308000
-36,53301376;12,15308000
-36,52277376;12,15308000
-36,51253376;12,15308000
-36,50229376;12,15308000
-36,49205376;12,15308000
-36,48181376;12,15308000
-36,47157376;12,15308000
-36,46133376;12,15308000
-36,45109376;12,15308000
-36,44085376;12,15308000
-36,43061376;12,15308000
-36,42037376;12,15308000
-36,41013376;12,15308000
-36,39989376;12,33314000
-36,38965376;12,15308000
-36,37941376;12,15308000
-36,36917376;12,15308000
-36,35893376;12,15308000
-36,34869376;12,15308000
-36,33845376;12,15308000
-36,32821376;12,15308000
-36,31797376;12,15308000
-36,30773376;12,15308000
-36,29749376;12,15308000
-36,28725376;12,15308000
-36,27701376;12,15308000
-36,26677376;12,15308000
-36,25653376;12,15308000
-36,24629376;12,15308000
-36,23605376;12,15308000
-36,22581376;12,15308000
-36,21557376;12,15308000
-36,20533376;12,15308000
-36,19509376;12,15308000
-36,18485377;12,33314000
-36,17461377;12,33314000
-36,16437377;12,15308000
-36,15413377;12,15308000
-36,14389377;12,15308000
-36,13365377;12,15308000
-36,12341377;12,15308000
-36,11317377;12,33314000
-36,10293377;12,15308000
-36,09269377;12,15308000
-36,08245377;12,15308000
-36,07221377;12,15308000
-36,06197377;12,15308000
-36,05173377;12,15308000
-36,04149377;12,15308000
-36,03125377;12,15308000
-36,02101377;12,15308000
-36,01077377;12,15308000
-36,00053377;12,15308000
-35,99029377;12,33314000
-35,98005377;12,15308000
-35,96981377;12,33314000
-35,95957377;12,15308000
-35,94933377;12,15308000
-35,93909377;12,15308000
-35,92885377;12,15308000
-35,91861377;12,15308000
-35,90837377;12,15308000
-35,89813377;12,33314000
-35,88789377;12,15308000
-35,87765377;12,15308000
-35,86741377;12,15308000
-35,85717377;12,15308000
-35,84693377;12,33314000
-35,83669377;12,33314000
-35,82645377;12,15308000
-35,81621377;12,15308000
-35,80597377;12,15308000
-35,79573377;12,33314000
-35,78549377;12,33314000
-35,77525377;12,33314000
-35,76501377;12,33314000
-35,75477377;12,33314000
-35,74453377;12,33314000
-35,73429377;12,33314000
-35,72405377;12,33314000
-35,71381377;12,33314000
-35,70357377;12,33314000
-35,69333377;12,33314000
-35,68309377;12,33314000
-35,67285377;12,15308000
-35,66261377;12,15308000
-35,65237377;12,33314000
-35,64213377;12,15308000
-35,63189377;12,15308000
-35,62165377;12,33314000
-35,61141377;12,33314000
-35,60117377;12,15308000
-35,59093377;12,33314000
-35,58069377;12,15308000
-35,57045377;12,15308000
-35,56021377;12,15308000
-35,54997377;12,15308000
-35,53973377;12,15308000
-35,52949377;12,15308000
-35,51925377;12,15308000
-35,50901377;12,15308000
-35,49877377;12,15308000
-35,48853377;12,15308000
-35,47829377;12,15308000
-35,46805377;12,15308000
-35,45781377;12,15308000
-35,44757377;12,15308000
-35,43733377;12,15308000
-35,42709377;12,15308000
-35,41685377;12,15308000
-35,40661377;12,15308000
-35,39637377;12,15308000
-35,38613377;12,15308000
-35,37589377;12,15308000
-35,36565377;12,15308000
-35,35541377;12,15308000
-35,34517377;12,15308000
-35,33493377;12,15308000
-35,32469377;11,97363000
-35,31445377;11,97363000
-35,30421377;12,15308000
-35,29397377;11,97363000
-35,28373377;11,97363000
-35,27349377;11,79418000
-35,26325377;11,79418000
-35,25301377;11,79418000
-35,24277377;11,79418000
-35,23253377;11,79418000
-35,22229377;11,79418000
-35,21205377;11,79418000
-35,20181377;11,79418000
-35,19157377;11,79418000
-35,18133377;11,79418000
-35,17109377;11,61473000
-35,16085377;11,61473000
-35,15061377;11,79418000
-35,14037377;11,79418000
-35,13013377;11,79418000
-35,11989377;11,79418000
-35,10965377;11,79418000
-35,09941377;11,79418000
-35,08917377;11,79418000
-35,07893377;11,61473000
-35,06869377;11,43529000
-35,05845377;11,43529000
-35,04821377;11,61473000
-35,03797377;11,61473000
-35,02773377;11,61473000
-35,01749377;11,79418000
-35,00725377;11,79418000
-34,99701377;11,79418000
-34,98677377;11,61473000
-34,97653377;11,43529000
-34,96629377;11,61473000
-34,95605377;11,61473000
-34,94581377;11,61473000
-34,93557377;11,79418000
-34,92533377;11,43529000
-34,91509377;11,61473000
-34,90485377;11,79418000
-34,89461377;11,79418000
-34,88437377;11,43529000
-34,87413377;11,43529000
-34,86389377;11,43529000
-34,85365377;11,61473000
-34,84341377;11,43529000
-34,83317377;11,43529000
-34,82293377;11,43529000
-34,81269377;11,43529000
-34,80245377;11,43529000
-34,79221377;11,43529000
-34,78197377;11,43529000
-34,77173377;11,43529000
-34,76149377;11,43529000
-34,75125377;11,43529000
-34,74101377;11,43529000
-34,73077377;11,25523000
-34,72053377;11,25523000
-34,71029377;11,25523000
-34,70005377;11,25523000
-34,68981377;11,07578000
-34,67957377;11,25523000
-34,66933377;11,07578000
-34,65909377;11,07578000
-34,64885377;11,07578000
-34,63861377;11,07578000
-34,62837377;11,07578000
-34,61813377;11,07578000
-34,60789377;11,07578000
-34,59765377;11,07578000
-34,58741377;10,89633000
-34,57717377;10,89633000
-34,56693377;10,71688000
-34,55669377;10,71688000
-34,54645377;10,89633000
-34,53621378;10,71688000
-34,52597378;10,71688000
-34,51573378;10,71688000
-34,50549378;10,71688000
-34,49525378;10,71688000
-34,48501378;10,71688000
-34,47477378;10,71688000
-34,46453378;10,71688000
-34,45429378;10,71688000
-34,44405378;10,71688000
-34,43381378;10,71688000
-34,42357378;10,71688000
-34,41333378;10,71688000
-34,40309378;10,71688000
-34,39285378;10,71688000
-34,38261378;10,53682000
-34,37237378;10,35737000
-34,36213378;10,35737000
-34,35189378;10,35737000
-34,34165378;10,35737000
-34,33141378;10,35737000
-34,32117378;10,35737000
-34,31093378;10,35737000
-34,30069378;10,35737000
-34,29045378;10,35737000
-34,28021378;10,17792000
-34,26997378;9,99847400
-34,25973378;9,99847400
-34,24949378;9,99847400
-34,23925378;9,99847400
-34,22901378;9,99847400
-34,21877378;9,99847400
-34,20853378;9,99847400
-34,19829378;9,99847400
-34,18805378;9,99847400
-34,17781378;9,81902500
-34,16757378;9,81902500
-34,15733378;9,63896600
-34,14709378;9,81902500
-34,13685378;9,63896600
-34,12661378;9,63896600
-34,11637378;9,81902500
-34,10613378;9,63896600
-34,09589378;9,63896600
-34,08565378;9,63896600
-34,07541378;9,63896600
-34,06517378;9,45951700
-34,05493378;9,28006800
-34,04469378;9,45951700
-34,03445378;9,45951700
-34,02421378;9,28006800
-34,01397378;9,45951700
-34,00373378;9,45951700
-33,99349378;9,45951700
-33,98325378;9,28006800
-33,97301378;9,28006800
-33,96277378;9,10061900
-33,95253378;9,10061900
-33,94229378;9,28006800
-33,93205378;9,10061900
-33,92181378;8,92117000
-33,91157378;9,10061900
-33,90133378;9,28006800
-33,89109378;8,92117000
-33,88085378;8,92117000
-33,87061378;8,92117000
-33,86037378;8,56166300
-33,85013378;8,56166300
-33,83989378;8,74111200
-33,82965378;8,56166300
-33,81941378;8,56166300
-33,80917378;8,56166300
-33,79893378;8,74111200
-33,78869378;8,56166300
-33,77845378;8,56166300
-33,76821378;8,38221400
-33,75797378;8,20276500
-33,74773378;8,20276500
-33,73749378;8,20276500
-33,72725378;8,20276500
-33,71701378;8,20276500
-33,70677378;8,20276500
-33,69653378;8,38221400
-33,68629378;8,20276500
-33,67605378;8,02331600
-33,66581378;7,84325700
-33,65557378;7,84325700
-33,64533378;7,84325700
-33,63509378;7,84325700
-33,62485378;7,84325700
-33,61461378;7,84325700
-33,60437378;7,84325700
-33,59413378;7,84325700
-33,58389378;7,66380800
-33,57365378;7,66380800
-33,56341378;7,48435900
-33,55317378;7,48435900
-33,54293378;7,48435900
-33,53269378;7,48435900
-33,52245378;7,48435900
-33,51221378;7,48435900
-33,50197378;7,48435900
-33,49173378;7,48435900
-33,48149378;7,30491100
-33,47125378;7,12546200
-33,46101378;6,94540200
-33,45077378;6,76595400
-33,44053378;6,76595400
-33,43029378;7,12546200
-33,42005378;6,76595400
-33,40981378;6,76595400
-33,39957378;7,12546200
-33,38933378;6,94540200
-33,37909378;6,76595400
-33,36885378;6,58650500
-33,35861378;6,40705600
-33,34837378;6,40705600
-33,33813378;6,40705600
-33,32789378;6,40705600
-33,31765378;6,40705600
-33,30741378;6,40705600
-33,29717378;6,40705600
-33,28693378;6,22760700
-33,27669378;6,04754800
-33,26645378;6,04754800
-33,25621378;5,68865000
-33,24597378;5,68865000
-33,23573378;5,68865000
-33,22549378;5,86809900
-33,21525378;5,86809900
-33,20501378;5,86809900
-33,19477378;6,04754800
-33,18453378;5,68865000
-33,17429378;5,68865000
-33,16405378;5,32975200
-33,15381378;5,14969300
-33,14357378;5,14969300
-33,13333378;5,32975200
-33,12309378;5,32975200
-33,11285378;5,32975200
-33,10261378;5,32975200
-33,09237378;5,32975200
-33,08213378;5,14969300
-33,07189378;4,97024400
-33,06165378;4,79079600
-33,05141378;4,61134700
-33,04117378;4,61134700
-33,03093378;4,61134700
-33,02069378;4,61134700
-33,01045378;4,79079600
-33,00021378;4,97024400
-32,98997378;4,61134700
-32,97973378;4,61134700
-32,96949378;4,25183900
-32,95925378;4,07239000
-32,94901378;4,07239000
-32,93877378;4,07239000
-32,92853378;4,25183900
-32,91829378;4,25183900
-32,90805378;4,25183900
-32,89781378;4,25183900
-32,88757379;4,07239000
-32,87733379;3,89294100
-32,86709379;3,71349200
-32,85685379;3,53404300
-32,84661379;3,53404300
-32,83637379;3,53404300
-32,82613379;3,53404300
-32,81589379;3,53404300
-32,80565379;3,53404300
-32,79541379;3,53404300
-32,78517379;3,53404300
-32,77493379;3,35398400
-32,76469379;3,17453500
-32,75445379;2,99508600
-32,74421379;2,81563800
-32,73397379;2,99508600
-32,72373379;3,17453500
-32,71349379;3,17453500
-32,70325379;3,17453500
-32,69301379;2,99508600
-32,68277379;2,81563800
-32,67253379;2,81563800
-32,66229379;2,63618900
-32,65205379;2,27668100
-32,64181379;2,45613000
-32,63157379;2,45613000
-32,62133379;2,45613000
-32,61109379;2,45613000
-32,60085379;2,45613000
-32,59061379;2,45613000
-32,58037379;2,27668100
-32,57013379;2,09723200
-32,55989379;1,73833400
-32,54965379;1,73833400
-32,53941379;1,73833400
-32,52917379;1,73833400
-32,51893379;1,73833400
-32,50869379;1,73833400
-32,49845379;1,73833400
-32,48821379;1,73833400
-32,47797379;1,37882600
-32,46773379;1,37882600
-32,45749379;1,01992900
-32,44725379;1,01992900
-32,43701379;1,01992900
-32,42677379;1,01992900
-32,41653379;1,01992900
-32,40629379;1,01992900
-32,39605379;1,01992900
-32,38581379;1,01992900
-32,37557379;0,66042050
-32,36533379;0,66042050
-32,35509379;0,30152290
-32,34485379;0,30152290
-32,33461379;0,48097170
-32,32437379;0,66042050
-32,31413379;0,66042050
-32,30389379;0,66042050
-32,29365379;0,66042050
-32,28341379;0,48097170
-32,27317379;0,30152290
-32,26293379;0,12207400
-32,25269379;-0,05737480
-32,24245379;-0,05737480
-32,23221379;-0,05737480
-32,22197379;0,12207400
-32,21173379;0,30152290
-32,20149379;0,12207400
-32,19125379;-0,05737480
-32,18101379;-0,05737480
-32,17077379;-0,23682360
-32,16053379;-0,41627250
-32,15029379;-0,41627250
-32,14005379;-0,41627250
-32,12981379;-0,41627250
-32,11957379;-0,41627250
-32,10933379;-0,41627250
-32,09909379;-0,41627250
-32,08885379;-0,59572130
-32,07861379;-0,77517010
-32,06837379;-0,77517010
-32,05813379;-1,13467800
-32,04789379;-1,13467800
-32,03765379;-1,13467800
-32,02741379;-1,13467800
-32,01717379;-1,13467800
-32,00693379;-1,13467800
-31,99669379;-1,31412700
-31,98645379;-1,31412700
-31,97621379;-1,49357600
-31,96597379;-1,67302500
-31,95573379;-1,85308400
-31,94549379;-1,85308400
-31,93525379;-1,85308400
-31,92501379;-1,85308400
-31,91477379;-1,85308400
-31,90453379;-1,85308400
-31,89429379;-1,85308400
-31,88405379;-2,03253300
-31,87381379;-2,21198200
-31,86357379;-2,39143000
-31,85333379;-2,57087900
-31,84309379;-2,57087900
-31,83285379;-2,57087900
-31,82261379;-2,57087900
-31,81237379;-2,57087900
-31,80213379;-2,57087900
-31,79189379;-2,57087900
-31,78165379;-2,75093800
-31,77141379;-2,93038700
-31,76117379;-3,10983600
-31,75093379;-3,10983600
-31,74069379;-3,10983600
-31,73045379;-3,10983600
-31,72021379;-3,10983600
-31,70997379;-3,10983600
-31,69973379;-3,10983600
-31,68949379;-3,10983600
-31,67925379;-3,28928500
-31,66901379;-3,28928500
-31,65877379;-3,64879300
-31,64853379;-3,64879300
-31,63829379;-3,64879300
-31,62805379;-3,64879300
-31,61781379;-3,64879300
-31,60757379;-3,64879300
-31,59733379;-3,64879300
-31,58709379;-3,64879300
-31,57685379;-3,64879300
-31,56661379;-4,00769000
-31,55637379;-4,00769000
-31,54613379;-4,00769000
-31,53589379;-4,00769000
-31,52565379;-4,00769000
-31,51541379;-4,00769000
-31,50517379;-4,00769000
-31,49493379;-4,00769000
-31,48469379;-4,00769000
-31,47445379;-4,18714000
-31,46421379;-4,36658800
-31,45397379;-4,36658800
-31,44373379;-4,36658800
-31,43349379;-4,36658800
-31,42325379;-4,36658800
-31,41301379;-4,36658800
-31,40277379;-4,36658800
-31,39253379;-4,54664800
-31,38229379;-4,72609600
-31,37205379;-4,72609600
-31,36181379;-5,08499400
-31,35157379;-5,08499400
-31,34133379;-5,08499400
-31,33109379;-5,08499400
-31,32085379;-5,08499400
-31,31061379;-5,08499400
-31,30037379;-5,08499400
-31,29013379;-5,08499400
-31,27989379;-5,08499400
-31,26965379;-5,44450200
-31,25941379;-5,44450200
-31,24917380;-5,44450200
-31,23893380;-5,44450200
-31,22869380;-5,44450200
-31,21845380;-5,44450200
-31,20821380;-5,44450200
-31,19797380;-5,44450200
-31,18773380;-5,62395100
-31,17749380;-5,80340000
-31,16725380;-5,80340000
-31,15701380;-5,98284900
-31,14677380;-5,80340000
-31,13653380;-5,80340000
-31,12629380;-5,80340000
-31,11605380;-5,80340000
-31,10581380;-5,80340000
-31,09557380;-5,80340000
-31,08533380;-5,80340000
-31,07509380;-5,80340000
-31,06485380;-5,98284900
-31,05461380;-5,80340000
-31,04437380;-5,80340000
-31,03413380;-5,98284900
-31,02389380;-5,80340000
-31,01365380;-5,80340000
-31,00341380;-5,80340000
-30,99317380;-5,80340000
-30,98293380;-5,80340000
-30,97269380;-5,80340000
-30,96245380;-5,80340000
-30,95221380;-5,80340000
-30,94197380;-5,80340000
-30,93173380;-5,80340000
-30,92149380;-5,80340000
-30,91125380;-5,80340000
-30,90101380;-5,80340000
-30,89077380;-5,98284900
-30,88053380;-5,98284900
-30,87029380;-5,80340000
-30,86005380;-5,98284900
-30,84981380;-5,80340000
-30,83957380;-5,80340000
-30,82933380;-5,80340000
-30,81909380;-5,80340000
-30,80885380;-5,80340000
-30,79861380;-5,80340000
-30,78837380;-5,80340000
-30,77813380;-5,80340000
-30,76789380;-5,80340000
-30,75765380;-5,98284900
-30,74741380;-5,80340000
-30,73717380;-5,80340000
-30,72693380;-5,80340000
-30,71669380;-5,80340000
-30,70645380;-5,80340000
-30,69621380;-5,80340000
-30,68597380;-5,80340000
-30,67573380;-5,80340000
-30,66549380;-5,80340000
-30,65525380;-5,80340000
-30,64501380;-5,80340000
-30,63477380;-5,80340000
-30,62453380;-5,80340000
-30,61429380;-5,80340000
-30,60405380;-5,80340000
-30,59381380;-5,80340000
-30,58357380;-5,80340000
-30,57333380;-5,98284900
-30,56309380;-5,80340000
-30,55285380;-5,80340000
-30,54261380;-5,80340000
-30,53237380;-5,80340000
-30,52213380;-5,80340000
-30,51189380;-5,80340000
-30,50165380;-5,80340000
-30,49141380;-5,80340000
-30,48117380;-5,80340000
-30,47093380;-5,80340000
-30,46069380;-5,80340000
-30,45045380;-5,80340000
-30,44021380;-5,80340000
-30,42997380;-5,80340000
-30,41973380;-5,80340000
-30,40949380;-5,80340000
-30,39925380;-5,80340000
-30,38901380;-5,80340000
-30,37877380;-5,80340000
-30,36853380;-5,80340000
-30,35829380;-5,80340000
-30,34805380;-5,80340000
-30,33781380;-5,80340000
-30,32757380;-5,80340000
-30,31733380;-5,80340000
-30,30709380;-5,80340000
-30,29685380;-5,80340000
-30,28661380;-5,80340000
-30,27637380;-5,80340000
-30,26613380;-5,80340000
-30,25589380;-5,80340000
-30,24565380;-5,80340000
-30,23541380;-5,80340000
-30,22517380;-5,80340000
-30,21493380;-5,80340000
-30,20469380;-5,80340000
-30,19445380;-5,80340000
-30,18421380;-5,80340000
-30,17397380;-5,80340000
-30,16373380;-5,80340000
-30,15349380;-5,80340000
-30,14325380;-5,80340000
-30,13301380;-5,80340000
-30,12277380;-5,80340000
-30,11253380;-5,80340000
-30,10229380;-5,80340000
-30,09205380;-5,80340000
-30,08181380;-5,80340000
-30,07157380;-5,80340000
-30,06133380;-5,80340000
-30,05109380;-5,80340000
-30,04085380;-5,80340000
-30,03061380;-5,80340000
-30,02037380;-5,80340000
-30,01013380;-5,80340000
-29,99989380;-5,80340000
-29,98965380;-5,80340000
-29,97941380;-5,80340000
-29,96917380;-5,80340000
-29,95893380;-5,80340000
-29,94869380;-5,80340000
-29,93845380;-5,80340000
-29,92821380;-5,80340000
-29,91797380;-5,80340000
-29,90773380;-5,80340000
-29,89749380;-5,80340000
-29,88725380;-5,80340000
-29,87701380;-5,80340000
-29,86677380;-5,80340000
-29,85653380;-5,80340000
-29,84629380;-5,80340000
-29,83605380;-5,80340000
-29,82581380;-5,80340000
-29,81557380;-5,80340000
-29,80533380;-5,80340000
-29,79509380;-5,80340000
-29,78485380;-5,80340000
-29,77461380;-5,80340000
-29,76437380;-5,80340000
-29,75413380;-5,80340000
-29,74389380;-5,80340000
-29,73365380;-5,80340000
-29,72341380;-5,80340000
-29,71317380;-5,80340000
-29,70293380;-5,80340000
-29,69269380;-5,80340000
-29,68245380;-5,80340000
-29,67221380;-5,80340000
-29,66197380;-5,80340000
-29,65173380;-5,80340000
-29,64149380;-5,80340000
-29,63125380;-5,80340000
-29,62101380;-5,80340000
-29,61077380;-5,80340000
-29,60053381;-5,80340000
-29,59029381;-5,80340000
-29,58005381;-5,80340000
-29,56981381;-5,80340000
-29,55957381;-5,80340000
-29,54933381;-5,80340000
-29,53909381;-5,80340000
-29,52885381;-5,80340000
-29,51861381;-5,80340000
-29,50837381;-5,80340000
-29,49813381;-5,80340000
-29,48789381;-5,80340000
-29,47765381;-5,80340000
-29,46741381;-5,80340000
-29,45717381;-5,80340000
-29,44693381;-5,80340000
-29,43669381;-5,80340000
-29,42645381;-5,80340000
-29,41621381;-5,80340000
-29,40597381;-5,80340000
-29,39573381;-5,80340000
-29,38549381;-5,80340000
-29,37525381;-5,80340000
-29,36501381;-5,80340000
-29,35477381;-5,80340000
-29,34453381;-5,80340000
-29,33429381;-5,80340000
-29,32405381;-5,80340000
-29,31381381;-5,80340000
-29,30357381;-5,80340000
-29,29333381;-5,80340000
-29,28309381;-5,80340000
-29,27285381;-5,80340000
-29,26261381;-5,80340000
-29,25237381;-5,80340000
-29,24213381;-5,80340000
-29,23189381;-5,80340000
-29,22165381;-5,80340000
-29,21141381;-5,80340000
-29,20117381;-5,80340000
-29,19093381;-5,80340000
-29,18069381;-5,80340000
-29,17045381;-5,80340000
-29,16021381;-5,80340000
-29,14997381;-5,80340000
-29,13973381;-5,80340000
-29,12949381;-5,80340000
-29,11925381;-5,80340000
-29,10901381;-5,80340000
-29,09877381;-5,80340000
-29,08853381;-5,80340000
-29,07829381;-5,80340000
-29,06805381;-5,80340000
-29,05781381;-5,80340000
-29,04757381;-5,80340000
-29,03733381;-5,80340000
-29,02709381;-5,80340000
-29,01685381;-5,80340000
-29,00661381;-5,80340000
-28,99637381;-5,80340000
-28,98613381;-5,80340000
-28,97589381;-5,80340000
-28,96565381;-5,80340000
-28,95541381;-5,80340000
-28,94517381;-5,80340000
-28,93493381;-5,80340000
-28,92469381;-5,80340000
-28,91445381;-5,80340000
-28,90421381;-5,80340000
-28,89397381;-5,80340000
-28,88373381;-5,80340000
-28,87349381;-5,80340000
-28,86325381;-5,80340000
-28,85301381;-5,80340000
-28,84277381;-5,80340000
-28,83253381;-5,80340000
-28,82229381;-5,80340000
-28,81205381;-5,80340000
-28,80181381;-5,80340000
-28,79157381;-5,80340000
-28,78133381;-5,80340000
-28,77109381;-5,80340000
-28,76085381;-5,80340000
-28,75061381;-5,80340000
-28,74037381;-5,80340000
-28,73013381;-5,80340000
-28,71989381;-5,80340000
-28,70965381;-5,80340000
-28,69941381;-5,80340000
-28,68917381;-5,80340000
-28,67893381;-5,80340000
-28,66869381;-5,80340000
-28,65845381;-5,80340000
-28,64821381;-5,80340000
-28,63797381;-5,80340000
-28,62773381;-5,80340000
-28,61749381;-5,80340000
-28,60725381;-5,80340000
-28,59701381;-5,80340000
-28,58677381;-5,80340000
-28,57653381;-5,80340000
-28,56629381;-5,80340000
-28,55605381;-5,80340000
-28,54581381;-5,80340000
-28,53557381;-5,80340000
-28,52533381;-5,80340000
-28,51509381;-5,80340000
-28,50485381;-5,80340000
-28,49461381;-5,80340000
-28,48437381;-5,80340000
-28,47413381;-5,80340000
-28,46389381;-5,80340000
-28,45365381;-5,80340000
-28,44341381;-5,80340000
-28,43317381;-5,80340000
-28,42293381;-5,80340000
-28,41269381;-5,80340000
-28,40245381;-5,80340000
-28,39221381;-5,80340000
-28,38197381;-5,80340000
-28,37173381;-5,80340000
-28,36149381;-5,80340000
-28,35125381;-5,80340000
-28,34101381;-5,80340000
-28,33077381;-5,80340000
-28,32053381;-5,62395100
-28,31029381;-5,80340000
-28,30005381;-5,80340000
-28,28981381;-5,80340000
-28,27957381;-5,80340000
-28,26933381;-5,80340000
-28,25909381;-5,80340000
-28,24885381;-5,80340000
-28,23861381;-5,80340000
-28,22837381;-5,80340000
-28,21813381;-5,80340000
-28,20789381;-5,80340000
-28,19765381;-5,80340000
-28,18741381;-5,80340000
-28,17717381;-5,80340000
-28,16693381;-5,80340000
-28,15669381;-5,80340000
-28,14645381;-5,80340000
-28,13621381;-5,80340000
-28,12597381;-5,80340000
-28,11573381;-5,80340000
-28,10549381;-5,80340000
-28,09525381;-5,80340000
-28,08501381;-5,80340000
-28,07477381;-5,80340000
-28,06453381;-5,80340000
-28,05429381;-5,80340000
-28,04405381;-5,80340000
-28,03381381;-5,80340000
-28,02357381;-5,80340000
-28,01333381;-5,80340000
-28,00309381;-5,80340000
-27,99285381;-5,80340000
-27,98261381;-5,80340000
-27,97237381;-5,80340000
-27,96213381;-5,80340000
-27,95189382;-5,80340000
-27,94165382;-5,80340000
-27,93141382;-5,80340000
-27,92117382;-5,80340000
-27,91093382;-5,80340000
-27,90069382;-5,80340000
-27,89045382;-5,80340000
-27,88021382;-5,80340000
-27,86997382;-5,80340000
-27,85973382;-5,80340000
-27,84949382;-5,80340000
-27,83925382;-5,80340000
-27,82901382;-5,80340000
-27,81877382;-5,80340000
-27,80853382;-5,80340000
-27,79829382;-5,80340000
-27,78805382;-5,80340000
-27,77781382;-5,80340000
-27,76757382;-5,80340000
-27,75733382;-5,80340000
-27,74709382;-5,80340000
-27,73685382;-5,80340000
-27,72661382;-5,80340000
-27,71637382;-5,80340000
-27,70613382;-5,80340000
-27,69589382;-5,80340000
-27,68565382;-5,80340000
-27,67541382;-5,80340000
-27,66517382;-5,80340000
-27,65493382;-5,80340000
-27,64469382;-5,62395100
-27,63445382;-5,80340000
-27,62421382;-5,62395100
-27,61397382;-5,80340000
-27,60373382;-5,80340000
-27,59349382;-5,80340000
-27,58325382;-5,80340000
-27,57301382;-5,80340000
-27,56277382;-5,80340000
-27,55253382;-5,80340000
-27,54229382;-5,80340000
-27,53205382;-5,80340000
-27,52181382;-5,62395100
-27,51157382;-5,80340000
-27,50133382;-5,80340000
-27,49109382;-5,80340000
-27,48085382;-5,80340000
-27,47061382;-5,80340000
-27,46037382;-5,80340000
-27,45013382;-5,62395100
-27,43989382;-5,80340000
-27,42965382;-5,80340000
-27,41941382;-5,80340000
-27,40917382;-5,80340000
-27,39893382;-5,80340000
-27,38869382;-5,80340000
-27,37845382;-5,80340000
-27,36821382;-5,80340000
-27,35797382;-5,80340000
-27,34773382;-5,62395100
-27,33749382;-5,80340000
-27,32725382;-5,80340000
-27,31701382;-5,80340000
-27,30677382;-5,80340000
-27,29653382;-5,80340000
-27,28629382;-5,80340000
-27,27605382;-5,80340000
-27,26581382;-5,80340000
-27,25557382;-5,80340000
-27,24533382;-5,80340000
-27,23509382;-5,80340000
-27,22485382;-5,62395100
-27,21461382;-5,80340000
-27,20437382;-5,62395100
-27,19413382;-5,80340000
-27,18389382;-5,80340000
-27,17365382;-5,80340000
-27,16341382;-5,62395100
-27,15317382;-5,80340000
-27,14293382;-5,80340000
-27,13269382;-5,80340000
-27,12245382;-5,80340000
-27,11221382;-5,80340000
-27,10197382;-5,80340000
-27,09173382;-5,80340000
-27,08149382;-5,80340000
-27,07125382;-5,80340000
-27,06101382;-5,80340000
-27,05077382;-5,80340000
-27,04053382;-5,80340000
-27,03029382;-5,80340000
-27,02005382;-5,62395100
-27,00981382;-5,80340000
-26,99957382;-5,80340000
-26,98933382;-5,80340000
-26,97909382;-5,62395100
-26,96885382;-5,80340000
-26,95861382;-5,80340000
-26,94837382;-5,80340000
-26,93813382;-5,80340000
-26,92789382;-5,80340000
-26,91765382;-5,80340000
-26,90741382;-5,80340000
-26,89717382;-5,62395100
-26,88693382;-5,80340000
-26,87669382;-5,80340000
-26,86645382;-5,80340000
-26,85621382;-5,80340000
-26,84597382;-5,80340000
-26,83573382;-5,62395100
-26,82549382;-5,80340000
-26,81525382;-5,80340000
-26,80501382;-5,62395100
-26,79477382;-5,80340000
-26,78453382;-5,80340000
-26,77429382;-5,62395100
-26,76405382;-5,80340000
-26,75381382;-5,80340000
-26,74357382;-5,80340000
-26,73333382;-5,62395100
-26,72309382;-5,62395100
-26,71285382;-5,62395100
-26,70261382;-5,62395100
-26,69237382;-5,80340000
-26,68213382;-5,62395100
-26,67189382;-5,62395100
-26,66165382;-5,62395100
-26,65141382;-5,80340000
-26,64117382;-5,62395100
-26,63093382;-5,62395100
-26,62069382;-5,80340000
-26,61045382;-5,62395100
-26,60021382;-5,62395100
-26,58997382;-5,80340000
-26,57973382;-5,62395100
-26,56949382;-5,62395100
-26,55925382;-5,80340000
-26,54901382;-5,62395100
-26,53877382;-5,62395100
-26,52853382;-5,62395100
-26,51829382;-5,62395100
-26,50805382;-5,62395100
-26,49781382;-5,80340000
-26,48757382;-5,62395100
-26,47733382;-5,62395100
-26,46709382;-5,62395100
-26,45685382;-5,80340000
-26,44661382;-5,80340000
-26,43637382;-5,80340000
-26,42613382;-5,62395100
-26,41589382;-5,62395100
-26,40565382;-5,44450200
-26,39541382;-5,62395100
-26,38517382;-5,62395100
-26,37493382;-5,62395100
-26,36469382;-5,62395100
-26,35445382;-5,62395100
-26,34421382;-5,62395100
-26,33397382;-5,44450200
-26,32373382;-5,44450200
-26,31349383;-5,62395100
-26,30325383;-5,62395100
-26,29301383;-5,62395100
-26,28277383;-5,62395100
-26,27253383;-5,62395100
-26,26229383;-5,44450200
-26,25205383;-5,80340000
-26,24181383;-5,62395100
-26,23157383;-5,62395100
-26,22133383;-5,62395100
-26,21109383;-5,62395100
-26,20085383;-5,80340000
-26,19061383;-5,62395100
-26,18037383;-5,62395100
-26,17013383;-5,62395100
-26,15989383;-5,62395100
-26,14965383;-5,62395100
-26,13941383;-5,62395100
-26,12917383;-5,44450200
-26,11893383;-5,62395100
-26,10869383;-5,62395100
-26,09845383;-5,62395100
-26,08821383;-5,44450200
-26,07797383;-5,62395100
-26,06773383;-5,62395100
-26,05749383;-5,44450200
-26,04725383;-5,62395100
-26,03701383;-5,62395100
-26,02677383;-5,44450200
-26,01653383;-5,62395100
-26,00629383;-5,62395100
-25,99605383;-5,44450200
-25,98581383;-5,62395100
-25,97557383;-5,44450200
-25,96533383;-5,62395100
-25,95509383;-5,62395100
-25,94485383;-5,62395100
-25,93461383;-5,62395100
-25,92437383;-5,62395100
-25,91413383;-5,62395100
-25,90389383;-5,62395100
-25,89365383;-5,62395100
-25,88341383;-5,44450200
-25,87317383;-5,62395100
-25,86293383;-5,80340000
-25,85269383;-5,62395100
-25,84245383;-5,62395100
-25,83221383;-5,62395100
-25,82197383;-5,62395100
-25,81173383;-5,62395100
-25,80149383;-5,62395100
-25,79125383;-5,62395100
-25,78101383;-5,62395100
-25,77077383;-5,44450200
-25,76053383;-5,62395100
-25,75029383;-5,62395100
-25,74005383;-5,62395100
-25,72981383;-5,62395100
-25,71957383;-5,80340000
-25,70933383;-5,62395100
-25,69909383;-5,44450200
-25,68885383;-5,62395100
-25,67861383;-5,62395100
-25,66837383;-5,44450200
-25,65813383;-5,62395100
-25,64789383;-5,62395100
-25,63765383;-5,62395100
-25,62741383;-5,44450200
-25,61717383;-5,62395100
-25,60693383;-5,62395100
-25,59669383;-5,44450200
-25,58645383;-5,44450200
-25,57621383;-5,62395100
-25,56597383;-5,62395100
-25,55573383;-5,62395100
-25,54549383;-5,62395100
-25,53525383;-5,62395100
-25,52501383;-5,62395100
-25,51477383;-5,44450200
-25,50453383;-5,62395100
-25,49429383;-5,44450200
-25,48405383;-5,62395100
-25,47381383;-5,44450200
-25,46357383;-5,44450200
-25,45333383;-5,44450200
-25,44309383;-5,44450200
-25,43285383;-5,44450200
-25,42261383;-5,62395100
-25,41237383;-5,44450200
-25,40213383;-5,44450200
-25,39189383;-5,44450200
-25,38165383;-5,44450200
-25,37141383;-5,44450200
-25,36117383;-5,44450200
-25,35093383;-5,44450200
-25,34069383;-5,44450200
-25,33045383;-5,44450200
-25,32021383;-5,62395100
-25,30997383;-5,80340000
-25,29973383;-5,62395100
-25,28949383;-5,62395100
-25,27925383;-5,62395100
-25,26901383;-5,44450200
-25,25877383;-5,44450200
-25,24853383;-5,44450200
-25,23829383;-5,44450200
-25,22805383;-5,62395100
-25,21781383;-5,44450200
-25,20757383;-5,44450200
-25,19733383;-5,44450200
-25,18709383;-5,62395100
-25,17685383;-5,44450200
-25,16661383;-5,44450200
-25,15637383;-5,62395100
-25,14613383;-5,44450200
-25,13589383;-5,44450200
-25,12565383;-5,44450200
-25,11541383;-5,62395100
-25,10517383;-5,44450200
-25,09493383;-5,62395100
-25,08469383;-5,62395100
-25,07445383;-5,44450200
-25,06421383;-5,62395100
-25,05397383;-5,44450200
-25,04373383;-5,44450200
-25,03349383;-5,44450200
-25,02325383;-5,44450200
-25,01301383;-5,62395100
-25,00277383;-5,44450200
-24,99253383;-5,44450200
-24,98229383;-5,44450200
-24,97205383;-5,44450200
-24,96181383;-5,44450200
-24,95157383;-5,44450200
-24,94133383;-5,62395100
-24,93109383;-5,44450200
-24,92085383;-5,44450200
-24,91061383;-5,62395100
-24,90037383;-5,44450200
-24,89013383;-5,44450200
-24,87989383;-5,44450200
-24,86965383;-5,44450200
-24,85941383;-5,44450200
-24,84917383;-5,44450200
-24,83893383;-5,44450200
-24,82869383;-5,44450200
-24,81845383;-5,44450200
-24,80821383;-5,44450200
-24,79797383;-5,44450200
-24,78773383;-5,44450200
-24,77749383;-5,44450200
-24,76725383;-5,44450200
-24,75701383;-5,44450200
-24,74677383;-5,44450200
-24,73653383;-5,62395100
-24,72629383;-5,44450200
-24,71605383;-5,44450200
-24,70581383;-5,44450200
-24,69557383;-5,44450200
-24,68533383;-5,44450200
-24,67509383;-5,44450200
-24,66485384;-5,44450200
-24,65461384;-5,44450200
-24,64437384;-5,44450200
-24,63413384;-5,44450200
-24,62389384;-5,44450200
-24,61365384;-5,44450200
-24,60341384;-5,44450200
-24,59317384;-5,44450200
-24,58293384;-5,44450200
-24,57269384;-5,44450200
-24,56245384;-5,44450200
-24,55221384;-5,44450200
-24,54197384;-5,44450200
-24,53173384;-5,44450200
-24,52149384;-5,44450200
-24,51125384;-5,44450200
-24,50101384;-5,44450200
-24,49077384;-5,44450200
-24,48053384;-5,44450200
-24,47029384;-5,44450200
-24,46005384;-5,44450200
-24,44981384;-5,44450200
-24,43957384;-5,44450200
-24,42933384;-5,44450200
-24,41909384;-5,44450200
-24,40885384;-5,44450200
-24,39861384;-5,44450200
-24,38837384;-5,44450200
-24,37813384;-5,44450200
-24,36789384;-5,44450200
-24,35765384;-5,44450200
-24,34741384;-5,44450200
-24,33717384;-5,44450200
-24,32693384;-5,44450200
-24,31669384;-5,44450200
-24,30645384;-5,44450200
-24,29621384;-5,44450200
-24,28597384;-5,44450200
-24,27573384;-5,44450200
-24,26549384;-5,44450200
-24,25525384;-5,44450200
-24,24501384;-5,44450200
-24,23477384;-5,44450200
-24,22453384;-5,44450200
-24,21429384;-5,44450200
-24,20405384;-5,44450200
-24,19381384;-5,44450200
-24,18357384;-5,44450200
-24,17333384;-5,44450200
-24,16309384;-5,44450200
-24,15285384;-5,44450200
-24,14261384;-5,44450200
-24,13237384;-5,44450200
-24,12213384;-5,44450200
-24,11189384;-5,44450200
-24,10165384;-5,44450200
-24,09141384;-5,44450200
-24,08117384;-5,44450200
-24,07093384;-5,44450200
-24,06069384;-5,44450200
-24,05045384;-5,44450200
-24,04021384;-5,44450200
-24,02997384;-5,44450200
-24,01973384;-5,44450200
-24,00949384;-5,44450200
-23,99925384;-5,44450200
-23,98901384;-5,44450200
-23,97877384;-5,44450200
-23,96853384;-5,44450200
-23,95829384;-5,44450200
-23,94805384;-5,44450200
-23,93781384;-5,44450200
-23,92757384;-5,44450200
-23,91733384;-5,44450200
-23,90709384;-5,44450200
-23,89685384;-5,44450200
-23,88661384;-5,44450200
-23,87637384;-5,44450200
-23,86613384;-5,44450200
-23,85589384;-5,44450200
-23,84565384;-5,44450200
-23,83541384;-5,44450200
-23,82517384;-5,44450200
-23,81493384;-5,44450200
-23,80469384;-5,44450200
-23,79445384;-5,44450200
-23,78421384;-5,44450200
-23,77397384;-5,44450200
-23,76373384;-5,44450200
-23,75349384;-5,44450200
-23,74325384;-5,44450200
-23,73301384;-5,44450200
-23,72277384;-5,44450200
-23,71253384;-5,44450200
-23,70229384;-5,44450200
-23,69205384;-5,44450200
-23,68181384;-5,44450200
-23,67157384;-5,44450200
-23,66133384;-5,44450200
-23,65109384;-5,44450200
-23,64085384;-5,44450200
-23,63061384;-5,44450200
-23,62037384;-5,44450200
-23,61013384;-5,44450200
-23,59989384;-5,44450200
-23,58965384;-5,44450200
-23,57941384;-5,44450200
-23,56917384;-5,44450200
-23,55893384;-5,44450200
-23,54869384;-5,44450200
-23,53845384;-5,44450200
-23,52821384;-5,44450200
-23,51797384;-5,44450200
-23,50773384;-5,44450200
-23,49749384;-5,44450200
-23,48725384;-5,44450200
-23,47701384;-5,44450200
-23,46677384;-5,44450200
-23,45653384;-5,44450200
-23,44629384;-5,44450200
-23,43605384;-5,44450200
-23,42581384;-5,44450200
-23,41557384;-5,44450200
-23,40533384;-5,44450200
-23,39509384;-5,44450200
-23,38485384;-5,44450200
-23,37461384;-5,44450200
-23,36437384;-5,44450200
-23,35413384;-5,44450200
-23,34389384;-5,44450200
-23,33365384;-5,44450200
-23,32341384;-5,44450200
-23,31317384;-5,44450200
-23,30293384;-5,44450200
-23,29269384;-5,44450200
-23,28245384;-5,44450200
-23,27221384;-5,44450200
-23,26197384;-5,44450200
-23,25173384;-5,44450200
-23,24149384;-5,44450200
-23,23125384;-5,44450200
-23,22101384;-5,44450200
-23,21077384;-5,44450200
-23,20053384;-5,44450200
-23,19029384;-5,44450200
-23,18005384;-5,44450200
-23,16981384;-5,44450200
-23,15957384;-5,44450200
-23,14933384;-5,44450200
-23,13909384;-5,44450200
-23,12885384;-5,44450200
-23,11861384;-5,44450200
-23,10837384;-5,44450200
-23,09813384;-5,44450200
-23,08789384;-5,44450200
-23,07765384;-5,44450200
-23,06741384;-5,44450200
-23,05717384;-5,44450200
-23,04693384;-5,44450200
-23,03669384;-5,44450200
-23,02645384;-5,44450200
-23,01621385;-5,44450200
-23,00597385;-5,44450200
-22,99573385;-5,44450200
-22,98549385;-5,44450200
-22,97525385;-5,44450200
-22,96501385;-5,44450200
-22,95477385;-5,44450200
-22,94453385;-5,44450200
-22,93429385;-5,44450200
-22,92405385;-5,44450200
-22,91381385;-5,44450200
-22,90357385;-5,44450200
-22,89333385;-5,44450200
-22,88309385;-5,44450200
-22,87285385;-5,44450200
-22,86261385;-5,44450200
-22,85237385;-5,44450200
-22,84213385;-5,44450200
-22,83189385;-5,44450200
-22,82165385;-5,44450200
-22,81141385;-5,44450200
-22,80117385;-5,44450200
-22,79093385;-5,44450200
-22,78069385;-5,44450200
-22,77045385;-5,44450200
-22,76021385;-5,44450200
-22,74997385;-5,44450200
-22,73973385;-5,44450200
-22,72949385;-5,44450200
-22,71925385;-5,44450200
-22,70901385;-5,44450200
-22,69877385;-5,44450200
-22,68853385;-5,44450200
-22,67829385;-5,44450200
-22,66805385;-5,44450200
-22,65781385;-5,44450200
-22,64757385;-5,44450200
-22,63733385;-5,44450200
-22,62709385;-5,44450200
-22,61685385;-5,44450200
-22,60661385;-5,44450200
-22,59637385;-5,44450200
-22,58613385;-5,44450200
-22,57589385;-5,44450200
-22,56565385;-5,44450200
-22,55541385;-5,44450200
-22,54517385;-5,44450200
-22,53493385;-5,44450200
-22,52469385;-5,44450200
-22,51445385;-5,44450200
-22,50421385;-5,44450200
-22,49397385;-5,44450200
-22,48373385;-5,44450200
-22,47349385;-5,44450200
-22,46325385;-5,44450200
-22,45301385;-5,44450200
-22,44277385;-5,44450200
-22,43253385;-5,44450200
-22,42229385;-5,44450200
-22,41205385;-5,44450200
-22,40181385;-5,44450200
-22,39157385;-5,44450200
-22,38133385;-5,44450200
-22,37109385;-5,44450200
-22,36085385;-5,44450200
-22,35061385;-5,44450200
-22,34037385;-5,44450200
-22,33013385;-5,44450200
-22,31989385;-5,44450200
-22,30965385;-5,44450200
-22,29941385;-5,44450200
-22,28917385;-5,44450200
-22,27893385;-5,44450200
-22,26869385;-5,44450200
-22,25845385;-5,44450200
-22,24821385;-5,44450200
-22,23797385;-5,44450200
-22,22773385;-5,44450200
-22,21749385;-5,26444300
-22,20725385;-5,44450200
-22,19701385;-5,44450200
-22,18677385;-5,44450200
-22,17653385;-5,44450200
-22,16629385;-5,44450200
-22,15605385;-5,44450200
-22,14581385;-5,44450200
-22,13557385;-5,44450200
-22,12533385;-5,44450200
-22,11509385;-5,44450200
-22,10485385;-5,44450200
-22,09461385;-5,44450200
-22,08437385;-5,44450200
-22,07413385;-5,44450200
-22,06389385;-5,44450200
-22,05365385;-5,44450200
-22,04341385;-5,44450200
-22,03317385;-5,44450200
-22,02293385;-5,44450200
-22,01269385;-5,44450200
-22,00245385;-5,44450200
-21,99221385;-5,44450200
-21,98197385;-5,44450200
-21,97173385;-5,44450200
-21,96149385;-5,44450200
-21,95125385;-5,44450200
-21,94101385;-5,44450200
-21,93077385;-5,44450200
-21,92053385;-5,44450200
-21,91029385;-5,44450200
-21,90005385;-5,26444300
-21,88981385;-5,44450200
-21,87957385;-5,44450200
-21,86933385;-5,44450200
-21,85909385;-5,44450200
-21,84885385;-5,44450200
-21,83861385;-5,44450200
-21,82837385;-5,44450200
-21,81813385;-5,44450200
-21,80789385;-5,44450200
-21,79765385;-5,44450200
-21,78741385;-5,44450200
-21,77717385;-5,44450200
-21,76693385;-5,44450200
-21,75669385;-5,44450200
-21,74645385;-5,44450200
-21,73621385;-5,44450200
-21,72597385;-5,44450200
-21,71573385;-5,44450200
-21,70549385;-5,44450200
-21,69525385;-5,44450200
-21,68501385;-5,44450200
-21,67477385;-5,44450200
-21,66453385;-5,44450200
-21,65429385;-5,44450200
-21,64405385;-5,44450200
-21,63381385;-5,44450200
-21,62357385;-5,44450200
-21,61333385;-5,44450200
-21,60309385;-5,44450200
-21,59285385;-5,44450200
-21,58261385;-5,44450200
-21,57237385;-5,44450200
-21,56213385;-5,44450200
-21,55189385;-5,26444300
-21,54165385;-5,44450200
-21,53141385;-5,44450200
-21,52117385;-5,44450200
-21,51093385;-5,44450200
-21,50069385;-5,44450200
-21,49045385;-5,44450200
-21,48021385;-5,26444300
-21,46997385;-5,44450200
-21,45973385;-5,44450200
-21,44949385;-5,26444300
-21,43925385;-5,44450200
-21,42901385;-5,26444300
-21,41877385;-5,44450200
-21,40853385;-5,44450200
-21,39829385;-5,26444300
-21,38805385;-5,44450200
-21,37781385;-5,44450200
-21,36757386;-5,44450200
-21,35733386;-5,44450200
-21,34709386;-5,44450200
-21,33685386;-5,44450200
-21,32661386;-5,44450200
-21,31637386;-5,26444300
-21,30613386;-5,44450200
-21,29589386;-5,44450200
-21,28565386;-5,26444300
-21,27541386;-5,44450200
-21,26517386;-5,26444300
-21,25493386;-5,26444300
-21,24469386;-5,44450200
-21,23445386;-5,44450200
-21,22421386;-5,26444300
-21,21397386;-5,26444300
-21,20373386;-5,26444300
-21,19349386;-5,44450200
-21,18325386;-5,26444300
-21,17301386;-5,44450200
-21,16277386;-5,44450200
-21,15253386;-5,44450200
-21,14229386;-5,44450200
-21,13205386;-5,44450200
-21,12181386;-5,44450200
-21,11157386;-5,44450200
-21,10133386;-5,26444300
-21,09109386;-5,44450200
-21,08085386;-5,26444300
-21,07061386;-5,44450200
-21,06037386;-5,44450200
-21,05013386;-5,26444300
-21,03989386;-5,26444300
-21,02965386;-5,26444300
-21,01941386;-5,44450200
-21,00917386;-5,26444300
-20,99893386;-5,26444300
-20,98869386;-5,08499400
-20,97845386;-5,08499400
-20,96821386;-5,08499400
-20,95797386;-5,08499400
-20,94773386;-5,08499400
-20,93749386;-5,08499400
-20,92725386;-4,90554500
-20,91701386;-4,72609600
-20,90677386;-4,72609600
-20,89653386;-4,90554500
-20,88629386;-4,90554500
-20,87605386;-4,72609600
-20,86581386;-4,54664800
-20,85557386;-4,54664800
-20,84533386;-4,54664800
-20,83509386;-4,36658800
-20,82485386;-4,36658800
-20,81461386;-4,36658800
-20,80437386;-4,36658800
-20,79413386;-4,36658800
-20,78389386;-4,36658800
-20,77365386;-4,36658800
-20,76341386;-4,36658800
-20,75317386;-4,00769000
-20,74293386;-4,00769000
-20,73269386;-3,82824200
-20,72245386;-3,82824200
-20,71221386;-3,82824200
-20,70197386;-3,82824200
-20,69173386;-3,82824200
-20,68149386;-3,64879300
-20,67125386;-3,64879300
-20,66101386;-3,64879300
-20,65077386;-3,64879300
-20,64053386;-3,28928500
-20,63029386;-3,28928500
-20,62005386;-3,10983600
-20,60981386;-3,10983600
-20,59957386;-3,28928500
-20,58933386;-3,28928500
-20,57909386;-3,28928500
-20,56885386;-3,10983600
-20,55861386;-2,93038700
-20,54837386;-2,93038700
-20,53813386;-2,93038700
-20,52789386;-2,57087900
-20,51765386;-2,57087900
-20,50741386;-2,75093800
-20,49717386;-2,75093800
-20,48693386;-2,75093800
-20,47669386;-2,57087900
-20,46645386;-2,57087900
-20,45621386;-2,57087900
-20,44597386;-2,39143000
-20,43573386;-2,21198200
-20,42549386;-2,21198200
-20,41525386;-2,21198200
-20,40501386;-2,21198200
-20,39477386;-2,21198200
-20,38453386;-2,21198200
-20,37429386;-2,21198200
-20,36405386;-2,21198200
-20,35381386;-2,03253300
-20,34357386;-1,85308400
-20,33333386;-1,85308400
-20,32309386;-1,67302500
-20,31285386;-1,67302500
-20,30261386;-1,67302500
-20,29237386;-1,67302500
-20,28213386;-1,67302500
-20,27189386;-1,67302500
-20,26165386;-1,49357600
-20,25141386;-1,49357600
-20,24117386;-1,49357600
-20,23093386;-1,31412700
-20,22069386;-1,13467800
-20,21045386;-1,13467800
-20,20021386;-1,31412700
-20,18997386;-1,13467800
-20,17973386;-1,13467800
-20,16949386;-1,13467800
-20,15925386;-0,95522930
-20,14901386;-0,77517010
-20,13877386;-0,77517010
-20,12853386;-0,77517010
-20,11829386;-0,59572130
-20,10805386;-0,77517010
-20,09781386;-0,77517010
-20,08757386;-0,77517010
-20,07733386;-0,59572130
-20,06709386;-0,41627250
-20,05685386;-0,41627250
-20,04661386;-0,41627250
-20,03637386;-0,23682360
-20,02613386;-0,05737480
-20,01589386;-0,05737480
-20,00565386;-0,05737480
-19,99541386;-0,05737480
-19,98517386;-0,05737480
-19,97493386;-0,05737480
-19,96469386;-0,05737480
-19,95445386;-0,05737480
-19,94421386;0,12207400
-19,93397386;0,30152290
-19,92373386;0,48097170
-19,91349386;0,48097170
-19,90325386;0,30152290
-19,89301386;0,30152290
-19,88277386;0,48097170
-19,87253386;0,66042050
-19,86229386;0,66042050
-19,85205386;0,66042050
-19,84181386;0,66042050
-19,83157386;0,84047970
-19,82133386;1,01992900
-19,81109386;1,01992900
-19,80085386;1,01992900
-19,79061386;1,01992900
-19,78037386;1,01992900
-19,77013386;1,19937700
-19,75989386;1,19937700
-19,74965386;1,37882600
-19,73941386;1,37882600
-19,72917387;1,37882600
-19,71893387;1,55827500
-19,70869387;1,55827500
-19,69845387;1,55827500
-19,68821387;1,73833400
-19,67797387;1,73833400
-19,66773387;1,73833400
-19,65749387;1,73833400
-19,64725387;1,73833400
-19,63701387;1,91778300
-19,62677387;2,09723200
-19,61653387;2,09723200
-19,60629387;2,09723200
-19,59605387;2,09723200
-19,58581387;2,09723200
-19,57557387;2,09723200
-19,56533387;2,09723200
-19,55509387;2,27668100
-19,54485387;2,27668100
-19,53461387;2,45613000
-19,52437387;2,45613000
-19,51413387;2,45613000
-19,50389387;2,45613000
-19,49365387;2,45613000
-19,48341387;2,63618900
-19,47317387;2,81563800
-19,46293387;2,63618900
-19,45269387;2,81563800
-19,44245387;2,81563800
-19,43221387;2,81563800
-19,42197387;2,99508600
-19,41173387;2,99508600
-19,40149387;2,81563800
-19,39125387;2,99508600
-19,38101387;3,17453500
-19,37077387;3,17453500
-19,36053387;3,17453500
-19,35029387;3,17453500
-19,34005387;3,17453500
-19,32981387;3,17453500
-19,31957387;3,35398400
-19,30933387;3,35398400
-19,29909387;3,17453500
-19,28885387;3,53404300
-19,27861387;3,53404300
-19,26837387;3,53404300
-19,25813387;3,53404300
-19,24789387;3,53404300
-19,23765387;3,71349200
-19,22741387;3,89294100
-19,21717387;3,71349200
-19,20693387;3,89294100
-19,19669387;3,89294100
-19,18645387;3,89294100
-19,17621387;3,89294100
-19,16597387;4,07239000
-19,15573387;4,07239000
-19,14549387;4,07239000
-19,13525387;4,25183900
-19,12501387;4,25183900
-19,11477387;4,25183900
-19,10453387;4,25183900
-19,09429387;4,25183900
-19,08405387;4,43189800
-19,07381387;4,61134700
-19,06357387;4,61134700
-19,05333387;4,61134700
-19,04309387;4,61134700
-19,03285387;4,61134700
-19,02261387;4,79079600
-19,01237387;4,97024400
-19,00213387;4,79079600
-18,99189387;4,97024400
-18,98165387;4,97024400
-18,97141387;4,97024400
-18,96117387;4,97024400
-18,95093387;4,97024400
-18,94069387;5,14969300
-18,93045387;4,97024400
-18,92021387;5,14969300
-18,90997387;5,32975200
-18,89973387;5,32975200
-18,88949387;5,32975200
-18,87925387;5,32975200
-18,86901387;5,32975200
-18,85877387;5,32975200
-18,84853387;5,50920200
-18,83829387;5,50920200
-18,82805387;5,50920200
-18,81781387;5,50920200
-18,80757387;5,68865000
-18,79733387;5,68865000
-18,78709387;5,68865000
-18,77685387;5,68865000
-18,76661387;5,68865000
-18,75637387;5,86809900
-18,74613387;5,86809900
-18,73589387;6,04754800
-18,72565387;6,04754800
-18,71541387;6,04754800
-18,70517387;6,04754800
-18,69493387;6,04754800
-18,68469387;6,22760700
-18,67445387;6,22760700
-18,66421387;6,22760700
-18,65397387;6,40705600
-18,64373387;6,40705600
-18,63349387;6,40705600
-18,62325387;6,58650500
-18,61301387;6,58650500
-18,60277387;6,76595400
-18,59253387;6,76595400
-18,58229387;6,76595400
-18,57205387;6,76595400
-18,56181387;6,94540200
-18,55157387;7,12546200
-18,54133387;7,12546200
-18,53109387;7,12546200
-18,52085387;7,12546200
-18,51061387;7,12546200
-18,50037387;7,30491100
-18,49013387;7,30491100
-18,47989387;7,48435900
-18,46965387;7,48435900
-18,45941387;7,48435900
-18,44917387;7,48435900
-18,43893387;7,48435900
-18,42869387;7,66380800
-18,41845387;7,66380800
-18,40821387;7,84325700
-18,39797387;7,84325700
-18,38773387;7,84325700
-18,37749387;7,84325700
-18,36725387;7,84325700
-18,35701387;8,02331600
-18,34677387;8,02331600
-18,33653387;8,20276500
-18,32629387;8,02331600
-18,31605387;8,20276500
-18,30581387;8,20276500
-18,29557387;8,20276500
-18,28533387;8,20276500
-18,27509387;8,20276500
-18,26485387;8,20276500
-18,25461387;8,38221400
-18,24437387;8,56166300
-18,23413387;8,56166300
-18,22389387;8,56166300
-18,21365387;8,56166300
-18,20341387;8,56166300
-18,19317387;8,56166300
-18,18293387;8,56166300
-18,17269387;8,56166300
-18,16245387;8,56166300
-18,15221387;8,92117000
-18,14197387;8,92117000
-18,13173387;8,92117000
-18,12149387;8,92117000
-18,11125387;8,92117000
-18,10101387;8,92117000
-18,09077387;9,10061900
-18,08053388;9,10061900
-18,07029388;9,10061900
-18,06005388;9,10061900
-18,04981388;9,28006800
-18,03957388;9,28006800
-18,02933388;9,28006800
-18,01909388;9,28006800
-18,00885388;9,28006800
-17,99861388;9,28006800
-17,98837388;9,28006800
-17,97813388;9,28006800
-17,96789388;9,45951700
-17,95765388;9,45951700
-17,94741388;9,63896600
-17,93717388;9,63896600
-17,92693388;9,63896600
-17,91669388;9,63896600
-17,90645388;9,63896600
-17,89621388;9,63896600
-17,88597388;9,63896600
-17,87573388;9,81902500
-17,86549388;9,81902500
-17,85525388;9,81902500
-17,84501388;9,99847400
-17,83477388;9,81902500
-17,82453388;9,99847400
-17,81429388;9,99847400
-17,80405388;9,99847400
-17,79381388;9,99847400
-17,78357388;9,99847400
-17,77333388;9,99847400
-17,76309388;9,99847400
-17,75285388;9,99847400
-17,74261388;10,17792000
-17,73237388;10,17792000
-17,72213388;10,35737000
-17,71189388;10,17792000
-17,70165388;10,35737000
-17,69141388;10,35737000
-17,68117388;10,35737000
-17,67093388;10,35737000
-17,66069388;10,35737000
-17,65045388;10,35737000
-17,64021388;10,35737000
-17,62997388;10,35737000
-17,61973388;10,35737000
-17,60949388;10,35737000
-17,59925388;10,53682000
-17,58901388;10,35737000
-17,57877388;10,53682000
-17,56853388;10,53682000
-17,55829388;10,53682000
-17,54805388;10,53682000
-17,53781388;10,53682000
-17,52757388;10,53682000
-17,51733388;10,71688000
-17,50709388;10,71688000
-17,49685388;10,71688000
-17,48661388;10,71688000
-17,47637388;10,71688000
-17,46613388;10,71688000
-17,45589388;10,71688000
-17,44565388;10,71688000
-17,43541388;10,71688000
-17,42517388;10,71688000
-17,41493388;10,71688000
-17,40469388;10,89633000
-17,39445388;10,89633000
-17,38421388;10,89633000
-17,37397388;11,07578000
-17,36373388;11,07578000
-17,35349388;11,07578000
-17,34325388;11,07578000
-17,33301388;11,07578000
-17,32277388;11,25523000
-17,31253388;11,25523000
-17,30229388;11,25523000
-17,29205388;11,25523000
-17,28181388;11,43529000
-17,27157388;11,25523000
-17,26133388;11,43529000
-17,25109388;11,43529000
-17,24085388;11,43529000
-17,23061388;11,43529000
-17,22037388;11,43529000
-17,21013388;11,43529000
-17,19989388;11,61473000
-17,18965388;11,79418000
-17,17941388;11,79418000
-17,16917388;11,79418000
-17,15893388;11,79418000
-17,14869388;11,79418000
-17,13845388;11,79418000
-17,12821388;11,79418000
-17,11797388;11,79418000
-17,10773388;11,79418000
-17,09749388;11,79418000
-17,08725388;11,79418000
-17,07701388;11,79418000
-17,06677388;11,79418000
-17,05653388;11,97363000
-17,04629388;11,97363000
-17,03605388;11,97363000
-17,02581388;12,15308000
-17,01557388;11,97363000
-17,00533388;11,97363000
-16,99509388;11,97363000
-16,98485388;11,97363000
-16,97461388;11,97363000
-16,96437388;11,97363000
-16,95413388;11,97363000
-16,94389388;11,97363000
-16,93365388;12,15308000
-16,92341388;12,15308000
-16,91317388;12,15308000
-16,90293388;11,97363000
-16,89269388;11,97363000
-16,88245388;12,15308000
-16,87221388;12,15308000
-16,86197388;12,15308000
-16,85173388;12,15308000
-16,84149388;12,15308000
-16,83125388;12,15308000
-16,82101388;12,15308000
-16,81077388;12,15308000
-16,80053388;12,15308000
-16,79029388;12,15308000
-16,78005388;12,15308000
-16,76981388;12,15308000
-16,75957388;12,15308000
-16,74933388;12,15308000
-16,73909388;12,15308000
-16,72885388;12,15308000
-16,71861388;12,15308000
-16,70837388;12,15308000
-16,69813388;12,15308000
-16,68789388;12,15308000
-16,67765388;12,15308000
-16,66741388;12,15308000
-16,65717388;12,15308000
-16,64693388;12,15308000
-16,63669388;12,15308000
-16,62645388;12,15308000
-16,61621388;12,15308000
-16,60597388;12,15308000
-16,59573388;12,15308000
-16,58549388;12,15308000
-16,57525388;12,15308000
-16,56501388;12,15308000
-16,55477388;12,15308000
-16,54453388;12,15308000
-16,53429388;12,15308000
-16,52405388;12,15308000
-16,51381388;12,15308000
-16,50357388;12,15308000
-16,49333388;12,15308000
-16,48309388;12,15308000
-16,47285388;12,15308000
-16,46261388;12,15308000
-16,45237388;12,15308000
-16,44213388;12,15308000
-16,43189389;12,15308000
-16,42165389;12,15308000
-16,41141389;12,15308000
-16,40117389;12,15308000
-16,39093389;12,15308000
-16,38069389;12,15308000
-16,37045389;12,15308000
-16,36021389;12,15308000
-16,34997389;12,15308000
-16,33973389;12,15308000
-16,32949389;12,15308000
-16,31925389;12,15308000
-16,30901389;12,15308000
-16,29877389;12,15308000
-16,28853389;12,15308000
-16,27829389;12,15308000
-16,26805389;12,15308000
-16,25781389;12,15308000
-16,24757389;12,15308000
-16,23733389;12,15308000
-16,22709389;12,33314000
-16,21685389;12,15308000
-16,20661389;12,15308000
-16,19637389;12,15308000
-16,18613389;12,15308000
-16,17589389;12,15308000
-16,16565389;12,15308000
-16,15541389;12,15308000
-16,14517389;12,15308000
-16,13493389;12,15308000
-16,12469389;12,33314000
-16,11445389;12,15308000
-16,10421389;12,15308000
-16,09397389;12,15308000
-16,08373389;12,15308000
-16,07349389;12,15308000
-16,06325389;12,15308000
-16,05301389;12,15308000
-16,04277389;12,33314000
-16,03253389;12,15308000
-16,02229389;12,15308000
-16,01205389;12,33314000
-16,00181389;12,15308000
-15,99157389;12,15308000
-15,98133389;12,15308000
-15,97109389;12,15308000
-15,96085389;12,15308000
-15,95061389;12,33314000
-15,94037389;12,15308000
-15,93013389;12,15308000
-15,91989389;12,15308000
-15,90965389;12,15308000
-15,89941389;12,15308000
-15,88917389;12,33314000
-15,87893389;12,15308000
-15,86869389;12,15308000
-15,85845389;12,15308000
-15,84821389;12,15308000
-15,83797389;12,33314000
-15,82773389;12,33314000
-15,81749389;12,33314000
-15,80725389;12,15308000
-15,79701389;12,33314000
-15,78677389;12,33314000
-15,77653389;12,15308000
-15,76629389;12,15308000
-15,75605389;12,33314000
-15,74581389;12,33314000
-15,73557389;12,15308000
-15,72533389;12,15308000
-15,71509389;12,33314000
-15,70485389;12,15308000
-15,69461389;12,33314000
-15,68437389;12,33314000
-15,67413389;12,33314000
-15,66389389;12,15308000
-15,65365389;12,33314000
-15,64341389;12,33314000
-15,63317389;12,15308000
-15,62293389;12,15308000
-15,61269389;12,15308000
-15,60245389;12,15308000
-15,59221389;12,33314000
-15,58197389;12,33314000
-15,57173389;12,15308000
-15,56149389;12,15308000
-15,55125389;12,15308000
-15,54101389;12,33314000
-15,53077389;12,15308000
-15,52053389;12,15308000
-15,51029389;12,15308000
-15,50005389;12,15308000
-15,48981389;12,15308000
-15,47957389;12,15308000
-15,46933389;12,15308000
-15,45909389;12,15308000
-15,44885389;12,15308000
-15,43861389;12,15308000
-15,42837389;12,15308000
-15,41813389;12,15308000
-15,40789389;12,15308000
-15,39765389;12,15308000
-15,38741389;12,15308000
-15,37717389;12,15308000
-15,36693389;11,97363000
-15,35669389;12,15308000
-15,34645389;12,15308000
-15,33621389;12,15308000
-15,32597389;12,15308000
-15,31573389;11,97363000
-15,30549389;11,79418000
-15,29525389;11,97363000
-15,28501389;11,97363000
-15,27477389;11,79418000
-15,26453389;11,79418000
-15,25429389;11,79418000
-15,24405389;11,97363000
-15,23381389;11,79418000
-15,22357389;11,79418000
-15,21333389;11,79418000
-15,20309389;11,61473000
-15,19285389;11,79418000
-15,18261389;11,79418000
-15,17237389;11,61473000
-15,16213389;11,79418000
-15,15189389;11,79418000
-15,14165389;11,79418000
-15,13141389;11,61473000
-15,12117389;11,61473000
-15,11093389;11,43529000
-15,10069389;11,43529000
-15,09045389;11,43529000
-15,08021389;11,43529000
-15,06997389;11,61473000
-15,05973389;11,61473000
-15,04949389;11,79418000
-15,03925389;11,61473000
-15,02901389;11,61473000
-15,01877389;11,43529000
-15,00853389;11,43529000
-14,99829389;11,43529000
-14,98805389;11,43529000
-14,97781389;11,43529000
-14,96757389;11,43529000
-14,95733389;11,43529000
-14,94709389;11,79418000
-14,93685389;11,61473000
-14,92661389;11,43529000
-14,91637389;11,43529000
-14,90613389;11,43529000
-14,89589389;11,43529000
-14,88565389;11,43529000
-14,87541389;11,43529000
-14,86517389;11,43529000
-14,85493389;11,43529000
-14,84469389;11,61473000
-14,83445389;11,43529000
-14,82421389;11,43529000
-14,81397389;11,43529000
-14,80373389;11,43529000
-14,79349390;11,43529000
-14,78325390;11,43529000
-14,77301390;11,43529000
-14,76277390;11,43529000
-14,75253390;11,43529000
-14,74229390;11,43529000
-14,73205390;11,43529000
-14,72181390;11,43529000
-14,71157390;11,25523000
-14,70133390;11,07578000
-14,69109390;11,25523000
-14,68085390;11,25523000
-14,67061390;11,25523000
-14,66037390;11,25523000
-14,65013390;11,25523000
-14,63989390;11,25523000
-14,62965390;11,07578000
-14,61941390;11,07578000
-14,60917390;11,07578000
-14,59893390;10,89633000
-14,58869390;11,07578000
-14,57845390;10,89633000
-14,56821390;10,89633000
-14,55797390;10,89633000
-14,54773390;11,07578000
-14,53749390;10,89633000
-14,52725390;10,89633000
-14,51701390;10,89633000
-14,50677390;10,71688000
-14,49653390;10,53682000
-14,48629390;10,71688000
-14,47605390;10,71688000
-14,46581390;10,71688000
-14,45557390;10,71688000
-14,44533390;10,71688000
-14,43509390;10,71688000
-14,42485390;10,53682000
-14,41461390;10,53682000
-14,40437390;10,35737000
-14,39413390;10,35737000
-14,38389390;10,35737000
-14,37365390;10,35737000
-14,36341390;10,35737000
-14,35317390;10,35737000
-14,34293390;10,35737000
-14,33269390;10,35737000
-14,32245390;10,35737000
-14,31221390;9,99847400
-14,30197390;9,99847400
-14,29173390;9,99847400
-14,28149390;9,99847400
-14,27125390;9,99847400
-14,26101390;9,99847400
-14,25077390;10,17792000
-14,24053390;9,99847400
-14,23029390;9,99847400
-14,22005390;9,99847400
-14,20981390;9,81902500
-14,19957390;9,63896600
-14,18933390;9,63896600
-14,17909390;9,81902500
-14,16885390;9,81902500
-14,15861390;9,81902500
-14,14837390;9,81902500
-14,13813390;9,81902500
-14,12789390;9,81902500
-14,11765390;9,63896600
-14,10741390;9,45951700
-14,09717390;9,28006800
-14,08693390;9,45951700
-14,07669390;9,45951700
-14,06645390;9,45951700
-14,05621390;9,45951700
-14,04597390;9,63896600
-14,03573390;9,45951700
-14,02549390;9,28006800
-14,01525390;9,28006800
-14,00501390;9,10061900
-13,99477390;9,10061900
-13,98453390;9,28006800
-13,97429390;9,28006800
-13,96405390;9,28006800
-13,95381390;9,28006800
-13,94357390;9,28006800
-13,93333390;9,28006800
-13,92309390;9,10061900
-13,91285390;8,92117000
-13,90261390;8,92117000
-13,89237390;8,92117000
-13,88213390;8,92117000
-13,87189390;8,92117000
-13,86165390;8,92117000
-13,85141390;8,92117000
-13,84117390;8,92117000
-13,83093390;8,74111200
-13,82069390;8,56166300
-13,81045390;8,56166300
-13,80021390;8,56166300
-13,78997390;8,38221400
-13,77973390;8,56166300
-13,76949390;8,38221400
-13,75925390;8,56166300
-13,74901390;8,56166300
-13,73877390;8,56166300
-13,72853390;8,38221400
-13,71829390;8,20276500
-13,70805390;8,20276500
-13,69781390;8,02331600
-13,68757390;7,84325700
-13,67733390;8,02331600
-13,66709390;8,02331600
-13,65685390;7,84325700
-13,64661390;8,02331600
-13,63637390;8,02331600
-13,62613390;7,84325700
-13,61589390;7,84325700
-13,60565390;7,66380800
-13,59541390;7,48435900
-13,58517390;7,48435900
-13,57493390;7,48435900
-13,56469390;7,66380800
-13,55445390;7,48435900
-13,54421390;7,48435900
-13,53397390;7,48435900
-13,52373390;7,48435900
-13,51349390;7,30491100
-13,50325390;7,12546200
-13,49301390;7,12546200
-13,48277390;7,12546200
-13,47253390;7,12546200
-13,46229390;7,12546200
-13,45205390;7,12546200
-13,44181390;7,12546200
-13,43157390;7,12546200
-13,42133390;6,94540200
-13,41109390;6,76595400
-13,40085390;6,58650500
-13,39061390;6,40705600
-13,38037390;6,58650500
-13,37013390;6,40705600
-13,35989390;6,40705600
-13,34965390;6,40705600
-13,33941390;6,40705600
-13,32917390;6,40705600
-13,31893390;6,22760700
-13,30869390;6,04754800
-13,29845390;6,04754800
-13,28821390;6,04754800
-13,27797390;6,04754800
-13,26773390;6,04754800
-13,25749390;6,04754800
-13,24725390;6,04754800
-13,23701390;5,68865000
-13,22677390;5,68865000
-13,21653390;5,68865000
-13,20629390;5,68865000
-13,19605390;5,50920200
-13,18581390;5,50920200
-13,17557390;5,50920200
-13,16533390;5,32975200
-13,15509390;5,32975200
-13,14485391;5,32975200
-13,13461391;5,32975200
-13,12437391;5,14969300
-13,11413391;5,14969300
-13,10389391;4,97024400
-13,09365391;4,97024400
-13,08341391;4,61134700
-13,07317391;4,79079600
-13,06293391;4,97024400
-13,05269391;4,61134700
-13,04245391;4,61134700
-13,03221391;4,79079600
-13,02197391;4,61134700
-13,01173391;4,61134700
-13,00149391;4,25183900
-12,99125391;4,25183900
-12,98101391;4,25183900
-12,97077391;4,25183900
-12,96053391;4,25183900
-12,95029391;4,25183900
-12,94005391;4,25183900
-12,92981391;4,25183900
-12,91957391;4,25183900
-12,90933391;4,07239000
-12,89909391;3,89294100
-12,88885391;3,71349200
-12,87861391;3,71349200
-12,86837391;3,89294100
-12,85813391;3,89294100
-12,84789391;3,89294100
-12,83765391;3,71349200
-12,82741391;3,71349200
-12,81717391;3,53404300
-12,80693391;3,53404300
-12,79669391;3,17453500
-12,78645391;3,17453500
-12,77621391;3,17453500
-12,76597391;3,17453500
-12,75573391;3,17453500
-12,74549391;3,17453500
-12,73525391;3,17453500
-12,72501391;3,17453500
-12,71477391;2,81563800
-12,70453391;2,81563800
-12,69429391;2,81563800
-12,68405391;2,63618900
-12,67381391;2,63618900
-12,66357391;2,63618900
-12,65333391;2,63618900
-12,64309391;2,63618900
-12,63285391;2,45613000
-12,62261391;2,45613000
-12,61237391;2,45613000
-12,60213391;2,09723200
-12,59189391;1,91778300
-12,58165391;1,91778300
-12,57141391;1,91778300
-12,56117391;1,91778300
-12,55093391;1,91778300
-12,54069391;1,91778300
-12,53045391;1,91778300
-12,52021391;1,91778300
-12,50997391;1,73833400
-12,49973391;1,37882600
-12,48949391;1,37882600
-12,47925391;1,19937700
-12,46901391;1,37882600
-12,45877391;1,37882600
-12,44853391;1,19937700
-12,43829391;1,37882600
-12,42805391;1,19937700
-12,41781391;1,19937700
-12,40757391;0,84047970
-12,39733391;0,66042050
-12,38709391;0,66042050
-12,37685391;0,66042050
-12,36661391;0,66042050
-12,35637391;0,66042050
-12,34613391;0,66042050
-12,33589391;0,66042050
-12,32565391;0,66042050
-12,31541391;0,66042050
-12,30517391;0,30152290
-12,29493391;0,12207400
-12,28469391;0,12207400
-12,27445391;0,12207400
-12,26421391;0,30152290
-12,25397391;0,30152290
-12,24373391;0,30152290
-12,23349391;0,30152290
-12,22325391;-0,05737480
-12,21301391;-0,05737480
-12,20277391;-0,23682360
-12,19253391;-0,41627250
-12,18229391;-0,41627250
-12,17205391;-0,41627250
-12,16181391;-0,41627250
-12,15157391;-0,41627250
-12,14133391;-0,41627250
-12,13109391;-0,41627250
-12,12085391;-0,41627250
-12,11061391;-0,59572130
-12,10037391;-0,77517010
-12,09013391;-0,95522930
-12,07989391;-1,13467800
-12,06965391;-0,95522930
-12,05941391;-0,95522930
-12,04917391;-0,95522930
-12,03893391;-1,13467800
-12,02869391;-1,13467800
-12,01845391;-1,31412700
-12,00821391;-1,49357600
-11,99797391;-1,49357600
-11,98773391;-1,67302500
-11,97749391;-1,67302500
-11,96725391;-1,67302500
-11,95701391;-1,67302500
-11,94677391;-1,67302500
-11,93653391;-1,67302500
-11,92629391;-1,85308400
-11,91605391;-1,85308400
-11,90581391;-2,21198200
-11,89557391;-2,21198200
-11,88533391;-2,39143000
-11,87509391;-2,21198200
-11,86485391;-2,39143000
-11,85461391;-2,39143000
-11,84437391;-2,21198200
-11,83413391;-2,39143000
-11,82389391;-2,39143000
-11,81365391;-2,57087900
-11,80341391;-2,93038700
-11,79317391;-2,93038700
-11,78293391;-2,93038700
-11,77269391;-2,93038700
-11,76245391;-2,93038700
-11,75221391;-2,93038700
-11,74197391;-2,93038700
-11,73173391;-2,93038700
-11,72149391;-3,10983600
-11,71125391;-3,28928500
-11,70101391;-3,46873400
-11,69077391;-3,46873400
-11,68053391;-3,64879300
-11,67029391;-3,46873400
-11,66005391;-3,46873400
-11,64981391;-3,28928500
-11,63957391;-3,28928500
-11,62933391;-3,64879300
-11,61909391;-3,64879300
-11,60885391;-3,64879300
-11,59861391;-3,82824200
-11,58837391;-4,00769000
-11,57813391;-3,82824200
-11,56789391;-3,82824200
-11,55765391;-3,82824200
-11,54741391;-3,82824200
-11,53717391;-3,82824200
-11,52693391;-4,00769000
-11,51669391;-4,00769000
-11,50645391;-4,18714000
-11,49621392;-4,36658800
-11,48597392;-4,36658800
-11,47573392;-4,36658800
-11,46549392;-4,36658800
-11,45525392;-4,36658800
-11,44501392;-4,36658800
-11,43477392;-4,36658800
-11,42453392;-4,36658800
-11,41429392;-4,54664800
-11,40405392;-4,72609600
-11,39381392;-4,90554500
-11,38357392;-4,90554500
-11,37333392;-4,90554500
-11,36309392;-4,90554500
-11,35285392;-4,72609600
-11,34261392;-4,90554500
-11,33237392;-4,90554500
-11,32213392;-5,08499400
-11,31189392;-5,08499400
-11,30165392;-5,26444300
-11,29141392;-5,44450200
-11,28117392;-5,44450200
-11,27093392;-5,44450200
-11,26069392;-5,44450200
-11,25045392;-5,44450200
-11,24021392;-5,44450200
-11,22997392;-5,44450200
-11,21973392;-5,44450200
-11,20949392;-5,62395100
-11,19925392;-5,80340000
-11,18901392;-5,80340000
-11,17877392;-5,80340000
-11,16853392;-5,80340000
-11,15829392;-5,80340000
-11,14805392;-5,80340000
-11,13781392;-5,80340000
-11,12757392;-5,98284900
-11,11733392;-5,98284900
-11,10709392;-5,80340000
-11,09685392;-5,80340000
-11,08661392;-5,98284900
-11,07637392;-5,80340000
-11,06613392;-5,98284900
-11,05589392;-5,80340000
-11,04565392;-5,80340000
-11,03541392;-5,80340000
-11,02517392;-5,80340000
-11,01493392;-5,80340000
-11,00469392;-5,80340000
-10,99445392;-5,80340000
-10,98421392;-5,98284900
-10,97397392;-5,80340000
-10,96373392;-5,80340000
-10,95349392;-5,80340000
-10,94325392;-5,80340000
-10,93301392;-5,80340000
-10,92277392;-5,80340000
-10,91253392;-5,80340000
-10,90229392;-5,80340000
-10,89205392;-5,80340000
-10,88181392;-5,80340000
-10,87157392;-5,80340000
-10,86133392;-5,98284900
-10,85109392;-5,80340000
-10,84085392;-5,80340000
-10,83061392;-5,98284900
-10,82037392;-5,80340000
-10,81013392;-5,80340000
-10,79989392;-5,80340000
-10,78965392;-5,80340000
-10,77941392;-5,80340000
-10,76917392;-5,80340000
-10,75893392;-5,80340000
-10,74869392;-5,80340000
-10,73845392;-5,80340000
-10,72821392;-5,80340000
-10,71797392;-5,80340000
-10,70773392;-5,80340000
-10,69749392;-5,80340000
-10,68725392;-5,80340000
-10,67701392;-5,80340000
-10,66677392;-5,80340000
-10,65653392;-5,80340000
-10,64629392;-5,80340000
-10,63605392;-5,80340000
-10,62581392;-5,80340000
-10,61557392;-5,80340000
-10,60533392;-5,80340000
-10,59509392;-5,80340000
-10,58485392;-5,80340000
-10,57461392;-5,80340000
-10,56437392;-5,80340000
-10,55413392;-5,80340000
-10,54389392;-5,80340000
-10,53365392;-5,80340000
-10,52341392;-5,80340000
-10,51317392;-5,80340000
-10,50293392;-5,98284900
-10,49269392;-5,80340000
-10,48245392;-5,80340000
-10,47221392;-5,80340000
-10,46197392;-5,80340000
-10,45173392;-5,80340000
-10,44149392;-5,98284900
-10,43125392;-5,80340000
-10,42101392;-5,80340000
-10,41077392;-5,80340000
-10,40053392;-5,80340000
-10,39029392;-5,80340000
-10,38005392;-5,80340000
-10,36981392;-5,80340000
-10,35957392;-5,80340000
-10,34933392;-5,80340000
-10,33909392;-5,80340000
-10,32885392;-5,80340000
-10,31861392;-5,80340000
-10,30837392;-5,80340000
-10,29813392;-5,80340000
-10,28789392;-5,80340000
-10,27765392;-5,80340000
-10,26741392;-5,80340000
-10,25717392;-5,80340000
-10,24693392;-5,80340000
-10,23669392;-5,80340000
-10,22645392;-5,80340000
-10,21621392;-5,80340000
-10,20597392;-5,80340000
-10,19573392;-5,80340000
-10,18549392;-5,80340000
-10,17525392;-5,80340000
-10,16501392;-5,80340000
-10,15477392;-5,80340000
-10,14453392;-5,80340000
-10,13429392;-5,80340000
-10,12405392;-5,80340000
-10,11381392;-5,80340000
-10,10357392;-5,80340000
-10,09333392;-5,80340000
-10,08309392;-5,80340000
-10,07285392;-5,80340000
-10,06261392;-5,80340000
-10,05237392;-5,80340000
-10,04213392;-5,80340000
-10,03189392;-5,80340000
-10,02165392;-5,80340000
-10,01141392;-5,80340000
-10,00117392;-5,80340000
-9,99093392;-5,80340000
-9,98069392;-5,80340000
-9,97045392;-5,80340000
-9,96021392;-5,80340000
-9,94997392;-5,80340000
-9,93973392;-5,80340000
-9,92949392;-5,80340000
-9,91925392;-5,80340000
-9,90901392;-5,80340000
-9,89877392;-5,80340000
-9,88853392;-5,80340000
-9,87829392;-5,80340000
-9,86805392;-5,80340000
-9,85781393;-5,80340000
-9,84757393;-5,80340000
-9,83733393;-5,80340000
-9,82709393;-5,80340000
-9,81685393;-5,80340000
-9,80661393;-5,80340000
-9,79637393;-5,80340000
-9,78613393;-5,80340000
-9,77589393;-5,80340000
-9,76565393;-5,80340000
-9,75541393;-5,80340000
-9,74517393;-5,80340000
-9,73493393;-5,80340000
-9,72469393;-5,80340000
-9,71445393;-5,80340000
-9,70421393;-5,80340000
-9,69397393;-5,80340000
-9,68373393;-5,80340000
-9,67349393;-5,80340000
-9,66325393;-5,80340000
-9,65301393;-5,80340000
-9,64277393;-5,80340000
-9,63253393;-5,80340000
-9,62229393;-5,80340000
-9,61205393;-5,80340000
-9,60181393;-5,80340000
-9,59157393;-5,80340000
-9,58133393;-5,80340000
-9,57109393;-5,80340000
-9,56085393;-5,80340000
-9,55061393;-5,80340000
-9,54037393;-5,80340000
-9,53013393;-5,80340000
-9,51989393;-5,80340000
-9,50965393;-5,80340000
-9,49941393;-5,80340000
-9,48917393;-5,80340000
-9,47893393;-5,80340000
-9,46869393;-5,80340000
-9,45845393;-5,80340000
-9,44821393;-5,80340000
-9,43797393;-5,80340000
-9,42773393;-5,80340000
-9,41749393;-5,80340000
-9,40725393;-5,80340000
-9,39701393;-5,80340000
-9,38677393;-5,80340000
-9,37653393;-5,80340000
-9,36629393;-5,80340000
-9,35605393;-5,80340000
-9,34581393;-5,80340000
-9,33557393;-5,80340000
-9,32533393;-5,80340000
-9,31509393;-5,80340000
-9,30485393;-5,80340000
-9,29461393;-5,80340000
-9,28437393;-5,80340000
-9,27413393;-5,80340000
-9,26389393;-5,80340000
-9,25365393;-5,80340000
-9,24341393;-5,80340000
-9,23317393;-5,80340000
-9,22293393;-5,80340000
-9,21269393;-5,80340000
-9,20245393;-5,80340000
-9,19221393;-5,80340000
-9,18197393;-5,80340000
-9,17173393;-5,80340000
-9,16149393;-5,80340000
-9,15125393;-5,80340000
-9,14101393;-5,80340000
-9,13077393;-5,80340000
-9,12053393;-5,80340000
-9,11029393;-5,80340000
-9,10005393;-5,80340000
-9,08981393;-5,80340000
-9,07957393;-5,80340000
-9,06933393;-5,80340000
-9,05909393;-5,80340000
-9,04885393;-5,80340000
-9,03861393;-5,80340000
-9,02837393;-5,80340000
-9,01813393;-5,80340000
-9,00789393;-5,80340000
-8,99765393;-5,80340000
-8,98741393;-5,80340000
-8,97717393;-5,80340000
-8,96693393;-5,80340000
-8,95669393;-5,80340000
-8,94645393;-5,80340000
-8,93621393;-5,80340000
-8,92597393;-5,80340000
-8,91573393;-5,80340000
-8,90549393;-5,80340000
-8,89525393;-5,80340000
-8,88501393;-5,80340000
-8,87477393;-5,80340000
-8,86453393;-5,80340000
-8,85429393;-5,80340000
-8,84405393;-5,80340000
-8,83381393;-5,80340000
-8,82357393;-5,80340000
-8,81333393;-5,80340000
-8,80309393;-5,80340000
-8,79285393;-5,80340000
-8,78261393;-5,80340000
-8,77237393;-5,80340000
-8,76213393;-5,80340000
-8,75189393;-5,80340000
-8,74165393;-5,80340000
-8,73141393;-5,80340000
-8,72117393;-5,80340000
-8,71093393;-5,80340000
-8,70069393;-5,80340000
-8,69045393;-5,80340000
-8,68021393;-5,80340000
-8,66997393;-5,80340000
-8,65973393;-5,80340000
-8,64949393;-5,80340000
-8,63925393;-5,80340000
-8,62901393;-5,80340000
-8,61877393;-5,80340000
-8,60853393;-5,80340000
-8,59829393;-5,80340000
-8,58805393;-5,80340000
-8,57781393;-5,80340000
-8,56757393;-5,80340000
-8,55733393;-5,80340000
-8,54709393;-5,80340000
-8,53685393;-5,80340000
-8,52661393;-5,80340000
-8,51637393;-5,80340000
-8,50613393;-5,80340000
-8,49589393;-5,80340000
-8,48565393;-5,80340000
-8,47541393;-5,80340000
-8,46517393;-5,80340000
-8,45493393;-5,80340000
-8,44469393;-5,80340000
-8,43445393;-5,80340000
-8,42421393;-5,80340000
-8,41397393;-5,80340000
-8,40373393;-5,80340000
-8,39349393;-5,80340000
-8,38325393;-5,80340000
-8,37301393;-5,80340000
-8,36277393;-5,80340000
-8,35253393;-5,80340000
-8,34229393;-5,80340000
-8,33205393;-5,80340000
-8,32181393;-5,80340000
-8,31157393;-5,80340000
-8,30133393;-5,80340000
-8,29109393;-5,80340000
-8,28085393;-5,80340000
-8,27061393;-5,80340000
-8,26037393;-5,80340000
-8,25013393;-5,80340000
-8,23989393;-5,80340000
-8,22965393;-5,80340000
-8,21941393;-5,80340000
-8,20917394;-5,80340000
-8,19893394;-5,80340000
-8,18869394;-5,80340000
-8,17845394;-5,80340000
-8,16821394;-5,80340000
-8,15797394;-5,80340000
-8,14773394;-5,80340000
-8,13749394;-5,80340000
-8,12725394;-5,80340000
-8,11701394;-5,80340000
-8,10677394;-5,80340000
-8,09653394;-5,80340000
-8,08629394;-5,80340000
-8,07605394;-5,80340000
-8,06581394;-5,80340000
-8,05557394;-5,80340000
-8,04533394;-5,80340000
-8,03509394;-5,80340000
-8,02485394;-5,80340000
-8,01461394;-5,80340000
-8,00437394;-5,80340000
-7,99413394;-5,80340000
-7,98389394;-5,80340000
-7,97365394;-5,80340000
-7,96341394;-5,80340000
-7,95317394;-5,80340000
-7,94293394;-5,80340000
-7,93269394;-5,80340000
-7,92245394;-5,80340000
-7,91221394;-5,80340000
-7,90197394;-5,80340000
-7,89173394;-5,80340000
-7,88149394;-5,80340000
-7,87125394;-5,80340000
-7,86101394;-5,80340000
-7,85077394;-5,80340000
-7,84053394;-5,80340000
-7,83029394;-5,80340000
-7,82005394;-5,80340000
-7,80981394;-5,80340000
-7,79957394;-5,80340000
-7,78933394;-5,80340000
-7,77909394;-5,80340000
-7,76885394;-5,80340000
-7,75861394;-5,80340000
-7,74837394;-5,80340000
-7,73813394;-5,80340000
-7,72789394;-5,80340000
-7,71765394;-5,80340000
-7,70741394;-5,80340000
-7,69717394;-5,80340000
-7,68693394;-5,80340000
-7,67669394;-5,80340000
-7,66645394;-5,80340000
-7,65621394;-5,80340000
-7,64597394;-5,80340000
-7,63573394;-5,80340000
-7,62549394;-5,80340000
-7,61525394;-5,80340000
-7,60501394;-5,80340000
-7,59477394;-5,80340000
-7,58453394;-5,80340000
-7,57429394;-5,62395100
-7,56405394;-5,80340000
-7,55381394;-5,80340000
-7,54357394;-5,80340000
-7,53333394;-5,62395100
-7,52309394;-5,80340000
-7,51285394;-5,80340000
-7,50261394;-5,80340000
-7,49237394;-5,80340000
-7,48213394;-5,80340000
-7,47189394;-5,80340000
-7,46165394;-5,80340000
-7,45141394;-5,80340000
-7,44117394;-5,80340000
-7,43093394;-5,62395100
-7,42069394;-5,80340000
-7,41045394;-5,62395100
-7,40021394;-5,80340000
-7,38997394;-5,80340000
-7,37973394;-5,80340000
-7,36949394;-5,80340000
-7,35925394;-5,80340000
-7,34901394;-5,80340000
-7,33877394;-5,62395100
-7,32853394;-5,80340000
-7,31829394;-5,80340000
-7,30805394;-5,80340000
-7,29781394;-5,80340000
-7,28757394;-5,62395100
-7,27733394;-5,80340000
-7,26709394;-5,80340000
-7,25685394;-5,80340000
-7,24661394;-5,62395100
-7,23637394;-5,80340000
-7,22613394;-5,80340000
-7,21589394;-5,80340000
-7,20565394;-5,80340000
-7,19541394;-5,62395100
-7,18517394;-5,80340000
-7,17493394;-5,80340000
-7,16469394;-5,80340000
-7,15445394;-5,80340000
-7,14421394;-5,80340000
-7,13397394;-5,80340000
-7,12373394;-5,80340000
-7,11349394;-5,80340000
-7,10325394;-5,80340000
-7,09301394;-5,80340000
-7,08277394;-5,80340000
-7,07253394;-5,62395100
-7,06229394;-5,62395100
-7,05205394;-5,80340000
-7,04181394;-5,80340000
-7,03157394;-5,80340000
-7,02133394;-5,62395100
-7,01109394;-5,80340000
-7,00085394;-5,80340000
-6,99061394;-5,62395100
-6,98037394;-5,80340000
-6,97013394;-5,80340000
-6,95989394;-5,62395100
-6,94965394;-5,80340000
-6,93941394;-5,80340000
-6,92917394;-5,80340000
-6,91893394;-5,80340000
-6,90869394;-5,62395100
-6,89845394;-5,80340000
-6,88821394;-5,62395100
-6,87797394;-5,62395100
-6,86773394;-5,80340000
-6,85749394;-5,62395100
-6,84725394;-5,62395100
-6,83701394;-5,80340000
-6,82677394;-5,80340000
-6,81653394;-5,80340000
-6,80629394;-5,62395100
-6,79605394;-5,80340000
-6,78581394;-5,80340000
-6,77557394;-5,80340000
-6,76533394;-5,62395100
-6,75509394;-5,80340000
-6,74485394;-5,80340000
-6,73461394;-5,80340000
-6,72437394;-5,80340000
-6,71413394;-5,80340000
-6,70389394;-5,62395100
-6,69365394;-5,80340000
-6,68341394;-5,80340000
-6,67317394;-5,80340000
-6,66293394;-5,62395100
-6,65269394;-5,80340000
-6,64245394;-5,80340000
-6,63221394;-5,62395100
-6,62197394;-5,44450200
-6,61173394;-5,62395100
-6,60149394;-5,62395100
-6,59125394;-5,62395100
-6,58101394;-5,80340000
-6,57077394;-5,80340000
-6,56053395;-5,62395100
-6,55029395;-5,80340000
-6,54005395;-5,80340000
-6,52981395;-5,80340000
-6,51957395;-5,80340000
-6,50933395;-5,62395100
-6,49909395;-5,62395100
-6,48885395;-5,62395100
-6,47861395;-5,62395100
-6,46837395;-5,62395100
-6,45813395;-5,80340000
-6,44789395;-5,62395100
-6,43765395;-5,62395100
-6,42741395;-5,62395100
-6,41717395;-5,62395100
-6,40693395;-5,62395100
-6,39669395;-5,80340000
-6,38645395;-5,62395100
-6,37621395;-5,44450200
-6,36597395;-5,62395100
-6,35573395;-5,62395100
-6,34549395;-5,80340000
-6,33525395;-5,80340000
-6,32501395;-5,62395100
-6,31477395;-5,62395100
-6,30453395;-5,62395100
-6,29429395;-5,62395100
-6,28405395;-5,62395100
-6,27381395;-5,62395100
-6,26357395;-5,80340000
-6,25333395;-5,62395100
-6,24309395;-5,62395100
-6,23285395;-5,62395100
-6,22261395;-5,62395100
-6,21237395;-5,62395100
-6,20213395;-5,62395100
-6,19189395;-5,62395100
-6,18165395;-5,62395100
-6,17141395;-5,62395100
-6,16117395;-5,62395100
-6,15093395;-5,80340000
-6,14069395;-5,62395100
-6,13045395;-5,62395100
-6,12021395;-5,62395100
-6,10997395;-5,62395100
-6,09973395;-5,62395100
-6,08949395;-5,62395100
-6,07925395;-5,62395100
-6,06901395;-5,80340000
-6,05877395;-5,62395100
-6,04853395;-5,62395100
-6,03829395;-5,62395100
-6,02805395;-5,44450200
-6,01781395;-5,44450200
-6,00757395;-5,62395100
-5,99733395;-5,62395100
-5,98709395;-5,80340000
-5,97685395;-5,62395100
-5,96661395;-5,80340000
-5,95637395;-5,44450200
-5,94613395;-5,80340000
-5,93589395;-5,44450200
-5,92565395;-5,62395100
-5,91541395;-5,62395100
-5,90517395;-5,62395100
-5,89493395;-5,62395100
-5,88469395;-5,62395100
-5,87445395;-5,80340000
-5,86421395;-5,62395100
-5,85397395;-5,44450200
-5,84373395;-5,44450200
-5,83349395;-5,44450200
-5,82325395;-5,44450200
-5,81301395;-5,80340000
-5,80277395;-5,62395100
-5,79253395;-5,62395100
-5,78229395;-5,44450200
-5,77205395;-5,62395100
-5,76181395;-5,44450200
-5,75157395;-5,62395100
-5,74133395;-5,62395100
-5,73109395;-5,44450200
-5,72085395;-5,44450200
-5,71061395;-5,62395100
-5,70037395;-5,62395100
-5,69013395;-5,62395100
-5,67989395;-5,62395100
-5,66965395;-5,62395100
-5,65941395;-5,62395100
-5,64917395;-5,62395100
-5,63893395;-5,44450200
-5,62869395;-5,62395100
-5,61845395;-5,44450200
-5,60821395;-5,62395100
-5,59797395;-5,62395100
-5,58773395;-5,62395100
-5,57749395;-5,44450200
-5,56725395;-5,62395100
-5,55701395;-5,62395100
-5,54677395;-5,62395100
-5,53653395;-5,44450200
-5,52629395;-5,62395100
-5,51605395;-5,44450200
-5,50581395;-5,62395100
-5,49557395;-5,44450200
-5,48533395;-5,62395100
-5,47509395;-5,44450200
-5,46485395;-5,62395100
-5,45461395;-5,44450200
-5,44437395;-5,80340000
-5,43413395;-5,44450200
-5,42389395;-5,44450200
-5,41365395;-5,44450200
-5,40341395;-5,44450200
-5,39317395;-5,62395100
-5,38293395;-5,44450200
-5,37269395;-5,44450200
-5,36245395;-5,62395100
-5,35221395;-5,62395100
-5,34197395;-5,44450200
-5,33173395;-5,44450200
-5,32149395;-5,44450200
-5,31125395;-5,44450200
-5,30101395;-5,44450200
-5,29077395;-5,44450200
-5,28053395;-5,62395100
-5,27029395;-5,44450200
-5,26005395;-5,62395100
-5,24981395;-5,44450200
-5,23957395;-5,44450200
-5,22933395;-5,44450200
-5,21909395;-5,44450200
-5,20885395;-5,44450200
-5,19861395;-5,62395100
-5,18837395;-5,44450200
-5,17813395;-5,44450200
-5,16789395;-5,62395100
-5,15765395;-5,44450200
-5,14741395;-5,62395100
-5,13717395;-5,44450200
-5,12693395;-5,44450200
-5,11669395;-5,44450200
-5,10645395;-5,62395100
-5,09621395;-5,44450200
-5,08597395;-5,44450200
-5,07573395;-5,44450200
-5,06549395;-5,62395100
-5,05525395;-5,44450200
-5,04501395;-5,44450200
-5,03477395;-5,44450200
-5,02453395;-5,44450200
-5,01429395;-5,44450200
-5,00405395;-5,44450200
-4,99381395;-5,62395100
-4,98357395;-5,44450200
-4,97333395;-5,44450200
-4,96309395;-5,44450200
-4,95285395;-5,44450200
-4,94261395;-5,44450200
-4,93237395;-5,44450200
-4,92213396;-5,44450200
-4,91189396;-5,44450200
-4,90165396;-5,44450200
-4,89141396;-5,44450200
-4,88117396;-5,44450200
-4,87093396;-5,44450200
-4,86069396;-5,44450200
-4,85045396;-5,44450200
-4,84021396;-5,44450200
-4,82997396;-5,44450200
-4,81973396;-5,44450200
-4,80949396;-5,44450200
-4,79925396;-5,44450200
-4,78901396;-5,44450200
-4,77877396;-5,44450200
-4,76853396;-5,44450200
-4,75829396;-5,44450200
-4,74805396;-5,44450200
-4,73781396;-5,44450200
-4,72757396;-5,62395100
-4,71733396;-5,44450200
-4,70709396;-5,44450200
-4,69685396;-5,44450200
-4,68661396;-5,62395100
-4,67637396;-5,44450200
-4,66613396;-5,44450200
-4,65589396;-5,44450200
-4,64565396;-5,44450200
-4,63541396;-5,44450200
-4,62517396;-5,44450200
-4,61493396;-5,44450200
-4,60469396;-5,44450200
-4,59445396;-5,44450200
-4,58421396;-5,44450200
-4,57397396;-5,44450200
-4,56373396;-5,44450200
-4,55349396;-5,44450200
-4,54325396;-5,44450200
-4,53301396;-5,44450200
-4,52277396;-5,44450200
-4,51253396;-5,44450200
-4,50229396;-5,44450200
-4,49205396;-5,44450200
-4,48181396;-5,44450200
-4,47157396;-5,44450200
-4,46133396;-5,44450200
-4,45109396;-5,44450200
-4,44085396;-5,44450200
-4,43061396;-5,44450200
-4,42037396;-5,44450200
-4,41013396;-5,44450200
-4,39989396;-5,44450200
-4,38965396;-5,44450200
-4,37941396;-5,44450200
-4,36917396;-5,44450200
-4,35893396;-5,44450200
-4,34869396;-5,44450200
-4,33845396;-5,44450200
-4,32821396;-5,44450200
-4,31797396;-5,44450200
-4,30773396;-5,44450200
-4,29749396;-5,44450200
-4,28725396;-5,44450200
-4,27701396;-5,44450200
-4,26677396;-5,44450200
-4,25653396;-5,44450200
-4,24629396;-5,44450200
-4,23605396;-5,44450200
-4,22581396;-5,44450200
-4,21557396;-5,44450200
-4,20533396;-5,44450200
-4,19509396;-5,44450200
-4,18485396;-5,44450200
-4,17461396;-5,44450200
-4,16437396;-5,44450200
-4,15413396;-5,44450200
-4,14389396;-5,44450200
-4,13365396;-5,44450200
-4,12341396;-5,44450200
-4,11317396;-5,44450200
-4,10293396;-5,44450200
-4,09269396;-5,44450200
-4,08245396;-5,44450200
-4,07221396;-5,44450200
-4,06197396;-5,44450200
-4,05173396;-5,44450200
-4,04149396;-5,44450200
-4,03125396;-5,44450200
-4,02101396;-5,44450200
-4,01077396;-5,44450200
-4,00053396;-5,44450200
-3,99029396;-5,44450200
-3,98005396;-5,44450200
-3,96981396;-5,44450200
-3,95957396;-5,44450200
-3,94933396;-5,44450200
-3,93909396;-5,44450200
-3,92885396;-5,44450200
-3,91861396;-5,44450200
-3,90837396;-5,44450200
-3,89813396;-5,44450200
-3,88789396;-5,44450200
-3,87765396;-5,44450200
-3,86741396;-5,44450200
-3,85717396;-5,44450200
-3,84693396;-5,44450200
-3,83669396;-5,44450200
-3,82645396;-5,44450200
-3,81621396;-5,44450200
-3,80597396;-5,44450200
-3,79573396;-5,44450200
-3,78549396;-5,44450200
-3,77525396;-5,44450200
-3,76501396;-5,44450200
-3,75477396;-5,44450200
-3,74453396;-5,44450200
-3,73429396;-5,44450200
-3,72405396;-5,44450200
-3,71381396;-5,44450200
-3,70357396;-5,44450200
-3,69333396;-5,44450200
-3,68309396;-5,44450200
-3,67285396;-5,44450200
-3,66261396;-5,44450200
-3,65237396;-5,44450200
-3,64213396;-5,44450200
-3,63189396;-5,44450200
-3,62165396;-5,44450200
-3,61141396;-5,44450200
-3,60117396;-5,44450200
-3,59093396;-5,44450200
-3,58069396;-5,44450200
-3,57045396;-5,44450200
-3,56021396;-5,44450200
-3,54997396;-5,44450200
-3,53973396;-5,44450200
-3,52949396;-5,44450200
-3,51925396;-5,44450200
-3,50901396;-5,44450200
-3,49877396;-5,44450200
-3,48853396;-5,44450200
-3,47829396;-5,44450200
-3,46805396;-5,44450200
-3,45781396;-5,44450200
-3,44757396;-5,44450200
-3,43733396;-5,44450200
-3,42709396;-5,44450200
-3,41685396;-5,44450200
-3,40661396;-5,44450200
-3,39637396;-5,44450200
-3,38613396;-5,44450200
-3,37589396;-5,44450200
-3,36565396;-5,44450200
-3,35541396;-5,44450200
-3,34517396;-5,44450200
-3,33493396;-5,44450200
-3,32469396;-5,44450200
-3,31445396;-5,44450200
-3,30421396;-5,44450200
-3,29397396;-5,44450200
-3,28373396;-5,44450200
-3,27349397;-5,44450200
-3,26325397;-5,44450200
-3,25301397;-5,44450200
-3,24277397;-5,44450200
-3,23253397;-5,44450200
-3,22229397;-5,44450200
-3,21205397;-5,44450200
-3,20181397;-5,44450200
-3,19157397;-5,44450200
-3,18133397;-5,44450200
-3,17109397;-5,44450200
-3,16085397;-5,44450200
-3,15061397;-5,44450200
-3,14037397;-5,44450200
-3,13013397;-5,44450200
-3,11989397;-5,44450200
-3,10965397;-5,44450200
-3,09941397;-5,44450200
-3,08917397;-5,44450200
-3,07893397;-5,44450200
-3,06869397;-5,44450200
-3,05845397;-5,44450200
-3,04821397;-5,44450200
-3,03797397;-5,44450200
-3,02773397;-5,44450200
-3,01749397;-5,44450200
-3,00725397;-5,44450200
-2,99701397;-5,44450200
-2,98677397;-5,44450200
-2,97653397;-5,44450200
-2,96629397;-5,44450200
-2,95605397;-5,44450200
-2,94581397;-5,44450200
-2,93557397;-5,44450200
-2,92533397;-5,44450200
-2,91509397;-5,44450200
-2,90485397;-5,44450200
-2,89461397;-5,44450200
-2,88437397;-5,44450200
-2,87413397;-5,44450200
-2,86389397;-5,44450200
-2,85365397;-5,44450200
-2,84341397;-5,44450200
-2,83317397;-5,44450200
-2,82293397;-5,44450200
-2,81269397;-5,44450200
-2,80245397;-5,44450200
-2,79221397;-5,44450200
-2,78197397;-5,44450200
-2,77173397;-5,44450200
-2,76149397;-5,44450200
-2,75125397;-5,44450200
-2,74101397;-5,44450200
-2,73077397;-5,44450200
-2,72053397;-5,44450200
-2,71029397;-5,44450200
-2,70005397;-5,44450200
-2,68981397;-5,44450200
-2,67957397;-5,44450200
-2,66933397;-5,44450200
-2,65909397;-5,44450200
-2,64885397;-5,44450200
-2,63861397;-5,44450200
-2,62837397;-5,44450200
-2,61813397;-5,44450200
-2,60789397;-5,44450200
-2,59765397;-5,44450200
-2,58741397;-5,44450200
-2,57717397;-5,44450200
-2,56693397;-5,44450200
-2,55669397;-5,44450200
-2,54645397;-5,44450200
-2,53621397;-5,44450200
-2,52597397;-5,44450200
-2,51573397;-5,44450200
-2,50549397;-5,44450200
-2,49525397;-5,44450200
-2,48501397;-5,44450200
-2,47477397;-5,44450200
-2,46453397;-5,44450200
-2,45429397;-5,44450200
-2,44405397;-5,44450200
-2,43381397;-5,44450200
-2,42357397;-5,44450200
-2,41333397;-5,44450200
-2,40309397;-5,44450200
-2,39285397;-5,44450200
-2,38261397;-5,44450200
-2,37237397;-5,44450200
-2,36213397;-5,44450200
-2,35189397;-5,44450200
-2,34165397;-5,44450200
-2,33141397;-5,44450200
-2,32117397;-5,44450200
-2,31093397;-5,44450200
-2,30069397;-5,44450200
-2,29045397;-5,44450200
-2,28021397;-5,44450200
-2,26997397;-5,44450200
-2,25973397;-5,44450200
-2,24949397;-5,44450200
-2,23925397;-5,44450200
-2,22901397;-5,44450200
-2,21877397;-5,44450200
-2,20853397;-5,44450200
-2,19829397;-5,44450200
-2,18805397;-5,44450200
-2,17781397;-5,44450200
-2,16757397;-5,44450200
-2,15733397;-5,44450200
-2,14709397;-5,44450200
-2,13685397;-5,44450200
-2,12661397;-5,44450200
-2,11637397;-5,44450200
-2,10613397;-5,44450200
-2,09589397;-5,44450200
-2,08565397;-5,44450200
-2,07541397;-5,44450200
-2,06517397;-5,44450200
-2,05493397;-5,44450200
-2,04469397;-5,44450200
-2,03445397;-5,44450200
-2,02421397;-5,44450200
-2,01397397;-5,44450200
-2,00373397;-5,44450200
-1,99349397;-5,44450200
-1,98325397;-5,44450200
-1,97301397;-5,44450200
-1,96277397;-5,44450200
-1,95253397;-5,44450200
-1,94229397;-5,44450200
-1,93205397;-5,44450200
-1,92181397;-5,44450200
-1,91157397;-5,44450200
-1,90133397;-5,26444300
-1,89109397;-5,44450200
-1,88085397;-5,44450200
-1,87061397;-5,44450200
-1,86037397;-5,44450200
-1,85013397;-5,44450200
-1,83989397;-5,44450200
-1,82965397;-5,26444300
-1,81941397;-5,44450200
-1,80917397;-5,26444300
-1,79893397;-5,44450200
-1,78869397;-5,44450200
-1,77845397;-5,44450200
-1,76821397;-5,44450200
-1,75797397;-5,44450200
-1,74773397;-5,44450200
-1,73749397;-5,44450200
-1,72725397;-5,44450200
-1,71701397;-5,44450200
-1,70677397;-5,44450200
-1,69653397;-5,44450200
-1,68629397;-5,44450200
-1,67605397;-5,44450200
-1,66581397;-5,44450200
-1,65557397;-5,44450200
-1,64533397;-5,44450200
-1,63509397;-5,44450200
-1,62485398;-5,44450200
-1,61461398;-5,44450200
-1,60437398;-5,44450200
-1,59413398;-5,44450200
-1,58389398;-5,44450200
-1,57365398;-5,44450200
-1,56341398;-5,44450200
-1,55317398;-5,44450200
-1,54293398;-5,44450200
-1,53269398;-5,44450200
-1,52245398;-5,44450200
-1,51221398;-5,26444300
-1,50197398;-5,26444300
-1,49173398;-5,44450200
-1,48149398;-5,26444300
-1,47125398;-5,44450200
-1,46101398;-5,44450200
-1,45077398;-5,44450200
-1,44053398;-5,44450200
-1,43029398;-5,44450200
-1,42005398;-5,26444300
-1,40981398;-5,44450200
-1,39957398;-5,44450200
-1,38933398;-5,44450200
-1,37909398;-5,44450200
-1,36885398;-5,26444300
-1,35861398;-5,44450200
-1,34837398;-5,44450200
-1,33813398;-5,44450200
-1,32789398;-5,44450200
-1,31765398;-5,26444300
-1,30741398;-5,44450200
-1,29717398;-5,26444300
-1,28693398;-5,44450200
-1,27669398;-5,44450200
-1,26645398;-5,44450200
-1,25621398;-5,44450200
-1,24597398;-5,44450200
-1,23573398;-5,44450200
-1,22549398;-5,26444300
-1,21525398;-5,44450200
-1,20501398;-5,44450200
-1,19477398;-5,44450200
-1,18453398;-5,44450200
-1,17429398;-5,44450200
-1,16405398;-5,44450200
-1,15381398;-5,44450200
-1,14357398;-5,44450200
-1,13333398;-5,44450200
-1,12309398;-5,44450200
-1,11285398;-5,44450200
-1,10261398;-5,26444300
-1,09237398;-5,26444300
-1,08213398;-5,26444300
-1,07189398;-5,26444300
-1,06165398;-5,26444300
-1,05141398;-5,44450200
-1,04117398;-5,44450200
-1,03093398;-5,26444300
-1,02069398;-5,26444300
-1,01045398;-5,26444300
-1,00021398;-5,26444300
-0,98997398;-5,26444300
-0,97973398;-5,08499400
-0,96949398;-5,08499400
-0,95925398;-5,08499400
-0,94901398;-5,08499400
-0,93877398;-5,08499400
-0,92853398;-4,90554500
-0,91829398;-4,90554500
-0,90805398;-4,90554500
-0,89781398;-4,90554500
-0,88757398;-4,72609600
-0,87733398;-4,72609600
-0,86709398;-4,54664800
-0,85685398;-4,36658800
-0,84661398;-4,36658800
-0,83637398;-4,36658800
-0,82613398;-4,36658800
-0,81589398;-4,36658800
-0,80565398;-4,36658800
-0,79541398;-4,36658800
-0,78517398;-4,00769000
-0,77493398;-4,00769000
-0,76469398;-4,00769000
-0,75445398;-4,00769000
-0,74421398;-4,00769000
-0,73397398;-4,00769000
-0,72373398;-3,82824200
-0,71349398;-3,82824200
-0,70325398;-3,82824200
-0,69301398;-3,64879300
-0,68277398;-3,64879300
-0,67253398;-3,64879300
-0,66229398;-3,28928500
-0,65205398;-3,28928500
-0,64181398;-3,46873400
-0,63157398;-3,28928500
-0,62133398;-3,28928500
-0,61109398;-3,28928500
-0,60085398;-3,28928500
-0,59061398;-3,28928500
-0,58037398;-3,10983600
-0,57013398;-2,93038700
-0,55989398;-2,93038700
-0,54965398;-2,93038700
-0,53941398;-2,93038700
-0,52917398;-2,93038700
-0,51893398;-2,93038700
-0,50869398;-2,93038700
-0,49845398;-2,75093800
-0,48821398;-2,57087900
-0,47797398;-2,57087900
-0,46773398;-2,57087900
-0,45749398;-2,39143000
-0,44725398;-2,57087900
-0,43701398;-2,57087900
-0,42677398;-2,39143000
-0,41653398;-2,21198200
-0,40629398;-2,21198200
-0,39605398;-2,21198200
-0,38581398;-2,21198200
-0,37557398;-2,03253300
-0,36533398;-1,85308400
-0,35509398;-1,85308400
-0,34485398;-1,85308400
-0,33461398;-1,85308400
-0,32437398;-1,85308400
-0,31413398;-1,85308400
-0,30389398;-1,67302500
-0,29365398;-1,49357600
-0,28341398;-1,49357600
-0,27317398;-1,49357600
-0,26293398;-1,49357600
-0,25269398;-1,31412700
-0,24245398;-1,31412700
-0,23221398;-1,31412700
-0,22197398;-1,13467800
-0,21173398;-1,13467800
-0,20149398;-1,13467800
-0,19125398;-1,13467800
-0,18101398;-0,95522930
-0,17077398;-0,95522930
-0,16053398;-0,77517010
-0,15029398;-0,77517010
-0,14005398;-0,77517010
-0,12981398;-0,77517010
-0,11957398;-0,77517010
-0,10933398;-0,59572130
-0,09909398;-0,77517010
-0,08885398;-0,59572130
-0,07861398;-0,41627250
-0,06837398;-0,41627250
-0,05813398;-0,41627250
-0,04789398;-0,41627250
-0,03765398;-0,23682360
-0,02741398;-0,23682360
-0,01717398;-0,23682360
-0,00693398;-0,23682360
0,00330602;-0,05737480
0,01354601;-0,05737480
0,02378601;-0,05737480
0,03402601;-0,05737480
0,04426601;0,12207400
0,05450601;-0,05737480
0,06474601;0,12207400
0,07498601;0,30152290
0,08522601;0,30152290
0,09546601;0,30152290
0,10570601;0,30152290
0,11594601;0,30152290
0,12618601;0,48097170
0,13642601;0,66042050
0,14666601;0,66042050
0,15690601;0,66042050
0,16714601;0,66042050
0,17738601;0,66042050
0,18762601;0,66042050
0,19786601;0,84047970
0,20810601;0,84047970
0,21834601;1,01992900
0,22858601;1,19937700
0,23882601;1,19937700
0,24906601;1,37882600
0,25930601;1,37882600
0,26954601;1,37882600
0,27978601;1,37882600
0,29002601;1,37882600
0,30026601;1,73833400
0,31050601;1,73833400
0,32074601;1,73833400
0,33098601;1,91778300
0,34122601;1,73833400
0,35146601;1,91778300
0,36170601;2,09723200
0,37194601;2,09723200
0,38218601;2,09723200
0,39242601;2,09723200
0,40266601;2,09723200
0,41290601;2,27668100
0,42314601;2,45613000
0,43338601;2,45613000
0,44362601;2,45613000
0,45386601;2,63618900
0,46410601;2,45613000
0,47434601;2,63618900
0,48458601;2,45613000
0,49482601;2,63618900
0,50506601;2,63618900
0,51530601;2,81563800
0,52554601;2,81563800
0,53578601;2,81563800
0,54602601;2,81563800
0,55626601;2,81563800
0,56650601;2,81563800
0,57674601;2,81563800
0,58698601;2,81563800
0,59722601;2,99508600
0,60746601;2,99508600
0,61770601;3,17453500
0,62794601;3,17453500
0,63818601;3,17453500
0,64842601;3,17453500
0,65866601;3,35398400
0,66890601;3,35398400
0,67914601;3,35398400
0,68938601;3,35398400
0,69962601;3,35398400
0,70986601;3,53404300
0,72010601;3,53404300
0,73034601;3,53404300
0,74058601;3,53404300
0,75082601;3,71349200
0,76106601;3,53404300
0,77130601;3,71349200
0,78154601;3,71349200
0,79178601;3,89294100
0,80202601;3,89294100
0,81226601;3,89294100
0,82250601;4,07239000
0,83274601;4,07239000
0,84298601;4,07239000
0,85322601;4,07239000
0,86346601;4,25183900
0,87370601;4,25183900
0,88394601;4,25183900
0,89418601;4,25183900
0,90442601;4,43189800
0,91466601;4,43189800
0,92490601;4,61134700
0,93514601;4,61134700
0,94538601;4,61134700
0,95562601;4,61134700
0,96586601;4,79079600
0,97610601;4,79079600
0,98634601;4,79079600
0,99658601;4,97024400
1,00682601;4,97024400
1,01706601;4,97024400
1,02730601;4,97024400
1,03754601;4,97024400
1,04778601;5,14969300
1,05802601;5,14969300
1,06826601;5,14969300
1,07850601;5,14969300
1,08874601;5,32975200
1,09898601;5,32975200
1,10922601;5,32975200
1,11946601;5,32975200
1,12970601;5,50920200
1,13994601;5,32975200
1,15018601;5,50920200
1,16042601;5,50920200
1,17066601;5,68865000
1,18090601;5,68865000
1,19114601;5,68865000
1,20138601;5,68865000
1,21162601;5,68865000
1,22186601;5,68865000
1,23210601;5,86809900
1,24234601;6,04754800
1,25258601;6,04754800
1,26282601;6,04754800
1,27306601;6,04754800
1,28330601;6,04754800
1,29354601;6,22760700
1,30378601;6,22760700
1,31402601;6,22760700
1,32426601;6,40705600
1,33450601;6,40705600
1,34474601;6,40705600
1,35498601;6,40705600
1,36522601;6,40705600
1,37546601;6,58650500
1,38570601;6,58650500
1,39594601;6,58650500
1,40618601;6,76595400
1,41642601;6,76595400
1,42666601;6,94540200
1,43690601;6,94540200
1,44714601;6,94540200
1,45738601;7,12546200
1,46762601;7,12546200
1,47786601;7,12546200
1,48810601;7,12546200
1,49834601;7,30491100
1,50858601;7,30491100
1,51882601;7,48435900
1,52906601;7,48435900
1,53930601;7,48435900
1,54954601;7,48435900
1,55978601;7,66380800
1,57002601;7,66380800
1,58026601;7,84325700
1,59050601;7,84325700
1,60074601;7,84325700
1,61098601;7,84325700
1,62122601;7,84325700
1,63146601;7,84325700
1,64170601;8,02331600
1,65194601;8,02331600
1,66218600;8,02331600
1,67242600;8,20276500
1,68266600;8,20276500
1,69290600;8,20276500
1,70314600;8,20276500
1,71338600;8,38221400
1,72362600;8,38221400
1,73386600;8,38221400
1,74410600;8,38221400
1,75434600;8,56166300
1,76458600;8,56166300
1,77482600;8,56166300
1,78506600;8,56166300
1,79530600;8,56166300
1,80554600;8,56166300
1,81578600;8,74111200
1,82602600;8,74111200
1,83626600;8,92117000
1,84650600;8,92117000
1,85674600;8,92117000
1,86698600;8,92117000
1,87722600;8,92117000
1,88746600;8,92117000
1,89770600;8,92117000
1,90794600;8,92117000
1,91818600;9,10061900
1,92842600;9,28006800
1,93866600;9,10061900
1,94890600;9,28006800
1,95914600;9,28006800
1,96938600;9,28006800
1,97962600;9,28006800
1,98986600;9,28006800
2,00010600;9,28006800
2,01034600;9,28006800
2,02058600;9,28006800
2,03082600;9,45951700
2,04106600;9,63896600
2,05130600;9,63896600
2,06154600;9,63896600
2,07178600;9,63896600
2,08202600;9,63896600
2,09226600;9,63896600
2,10250600;9,63896600
2,11274600;9,63896600
2,12298600;9,81902500
2,13322600;9,81902500
2,14346600;9,81902500
2,15370600;9,99847400
2,16394600;9,81902500
2,17418600;9,99847400
2,18442600;9,99847400
2,19466600;9,99847400
2,20490600;9,99847400
2,21514600;9,99847400
2,22538600;9,99847400
2,23562600;9,99847400
2,24586600;9,99847400
2,25610600;10,17792000
2,26634600;10,17792000
2,27658600;10,35737000
2,28682600;10,17792000
2,29706600;10,35737000
2,30730600;10,17792000
2,31754600;10,35737000
2,32778600;10,35737000
2,33802600;10,35737000
2,34826600;10,35737000
2,35850600;10,35737000
2,36874600;10,35737000
2,37898600;10,35737000
2,38922600;10,53682000
2,39946600;10,53682000
2,40970600;10,71688000
2,41994600;10,71688000
2,43018600;10,71688000
2,44042600;10,71688000
2,45066600;10,71688000
2,46090600;10,71688000
2,47114600;10,71688000
2,48138600;10,71688000
2,49162600;10,71688000
2,50186600;10,71688000
2,51210600;10,71688000
2,52234600;10,71688000
2,53258600;10,89633000
2,54282600;10,89633000
2,55306600;10,71688000
2,56330600;10,89633000
2,57354600;11,07578000
2,58378600;11,07578000
2,59402600;11,07578000
2,60426600;11,07578000
2,61450600;11,07578000
2,62474600;11,07578000
2,63498600;11,07578000
2,64522600;11,07578000
2,65546600;11,25523000
2,66570600;11,25523000
2,67594600;11,25523000
2,68618600;11,25523000
2,69642600;11,25523000
2,70666600;11,43529000
2,71690600;11,43529000
2,72714600;11,43529000
2,73738600;11,43529000
2,74762600;11,43529000
2,75786600;11,43529000
2,76810600;11,43529000
2,77834600;11,43529000
2,78858600;11,43529000
2,79882600;11,43529000
2,80906600;11,43529000
2,81930600;11,43529000
2,82954600;11,61473000
2,83978600;11,79418000
2,85002600;11,79418000
2,86026600;11,79418000
2,87050600;11,61473000
2,88074600;11,79418000
2,89098600;11,79418000
2,90122600;11,79418000
2,91146600;11,79418000
2,92170600;11,79418000
2,93194600;11,79418000
2,94218600;11,79418000
2,95242600;11,79418000
2,96266600;11,79418000
2,97290600;11,79418000
2,98314600;11,79418000
2,99338600;11,79418000
3,00362600;11,79418000
3,01386600;11,97363000
3,02410600;11,79418000
3,03434600;11,97363000
3,04458600;11,97363000
3,05482600;11,97363000
3,06506600;11,97363000
3,07530600;11,97363000
3,08554600;11,97363000
3,09578600;12,15308000
3,10602600;11,97363000
3,11626600;12,15308000
3,12650600;12,15308000
3,13674600;12,15308000
3,14698600;11,97363000
3,15722600;12,15308000
3,16746600;12,15308000
3,17770600;12,15308000
3,18794600;12,15308000
3,19818600;12,15308000
3,20842600;12,15308000
3,21866600;12,15308000
3,22890600;12,15308000
3,23914600;12,15308000
3,24938600;12,15308000
3,25962600;12,15308000
3,26986600;12,15308000
3,28010600;12,15308000
3,29034600;12,15308000
3,30058600;12,15308000
3,31082599;12,15308000
3,32106599;12,15308000
3,33130599;12,15308000
3,34154599;12,15308000
3,35178599;12,15308000
3,36202599;12,15308000
3,37226599;12,15308000
3,38250599;12,15308000
3,39274599;12,15308000
3,40298599;12,15308000
3,41322599;12,15308000
3,42346599;12,15308000
3,43370599;12,15308000
3,44394599;12,15308000
3,45418599;12,15308000
3,46442599;12,15308000
3,47466599;12,15308000
3,48490599;12,15308000
3,49514599;12,15308000
3,50538599;12,15308000
3,51562599;12,15308000
3,52586599;12,33314000
3,53610599;12,15308000
3,54634599;12,15308000
3,55658599;12,15308000
3,56682599;12,15308000
3,57706599;12,15308000
3,58730599;12,15308000
3,59754599;12,15308000
3,60778599;12,33314000
3,61802599;12,15308000
3,62826599;12,15308000
3,63850599;12,15308000
3,64874599;12,15308000
3,65898599;12,15308000
3,66922599;12,15308000
3,67946599;12,15308000
3,68970599;12,15308000
3,69994599;12,15308000
3,71018599;12,15308000
3,72042599;12,15308000
3,73066599;12,15308000
3,74090599;12,15308000
3,75114599;12,15308000
3,76138599;12,15308000
3,77162599;12,15308000
3,78186599;12,15308000
3,79210599;12,15308000
3,80234599;12,15308000
3,81258599;12,15308000
3,82282599;12,15308000
3,83306599;12,15308000
3,84330599;12,33314000
3,85354599;12,15308000
3,86378599;12,15308000
3,87402599;12,15308000
3,88426599;12,15308000
3,89450599;12,15308000
3,90474599;12,15308000
3,91498599;12,15308000
3,92522599;12,33314000
3,93546599;12,33314000
3,94570599;12,15308000
3,95594599;12,15308000
3,96618599;12,15308000
3,97642599;12,15308000
3,98666599;12,15308000
3,99690599;12,15308000
4,00714599;12,33314000
4,01738599;12,33314000
4,02762599;12,33314000
4,03786599;12,33314000
4,04810599;12,15308000
4,05834599;12,15308000
4,06858599;12,15308000
4,07882599;12,15308000
4,08906599;12,15308000
4,09930599;12,15308000
4,10954599;12,15308000
4,11978599;12,15308000
4,13002599;12,15308000
4,14026599;12,15308000
4,15050599;12,15308000
4,16074599;12,15308000
4,17098599;12,33314000
4,18122599;12,15308000
4,19146599;12,15308000
4,20170599;12,15308000
4,21194599;12,33314000
4,22218599;12,33314000
4,23242599;12,15308000
4,24266599;12,15308000
4,25290599;12,15308000
4,26314599;12,33314000
4,27338599;12,33314000
4,28362599;12,15308000
4,29386599;12,15308000
4,30410599;12,15308000
4,31434599;12,15308000
4,32458599;12,15308000
4,33482599;12,15308000
4,34506599;12,15308000
4,35530599;12,15308000
4,36554599;12,15308000
4,37578599;12,15308000
4,38602599;12,15308000
4,39626599;12,15308000
4,40650599;12,33314000
4,41674599;12,15308000
4,42698599;12,15308000
4,43722599;12,15308000
4,44746599;12,15308000
4,45770599;12,15308000
4,46794599;12,15308000
4,47818599;12,15308000
4,48842599;12,15308000
4,49866599;12,15308000
4,50890599;12,33314000
4,51914599;12,15308000
4,52938599;12,15308000
4,53962599;12,15308000
4,54986599;12,15308000
4,56010599;12,15308000
4,57034599;12,15308000
4,58058599;12,15308000
4,59082599;12,15308000
4,60106599;12,15308000
4,61130599;12,15308000
4,62154599;12,15308000
4,63178599;12,15308000
4,64202599;12,15308000
4,65226599;11,97363000
4,66250599;11,97363000
4,67274599;11,97363000
4,68298599;11,97363000
4,69322599;11,97363000
4,70346599;11,97363000
4,71370599;12,15308000
4,72394599;11,97363000
4,73418599;11,97363000
4,74442599;11,79418000
4,75466599;11,79418000
4,76490599;11,79418000
4,77514599;11,79418000
4,78538599;11,79418000
4,79562599;11,79418000
4,80586599;11,79418000
4,81610599;11,79418000
4,82634599;11,79418000
4,83658599;11,79418000
4,84682599;11,79418000
4,85706599;11,61473000
4,86730599;11,61473000
4,87754599;11,61473000
4,88778599;11,61473000
4,89802599;11,61473000
4,90826599;11,61473000
4,91850599;11,79418000
4,92874599;11,61473000
4,93898599;11,61473000
4,94922599;11,43529000
4,95946598;11,43529000
4,96970598;11,43529000
4,97994598;11,43529000
4,99018598;11,43529000
5,00042598;11,43529000
5,01066598;11,61473000
5,02090598;11,79418000
5,03114598;11,61473000
5,04138598;11,43529000
5,05162598;11,43529000
5,06186598;11,43529000
5,07210598;11,43529000
5,08234598;11,43529000
5,09258598;11,43529000
5,10282598;11,43529000
5,11306598;11,61473000
5,12330598;11,61473000
5,13354598;11,43529000
5,14378598;11,43529000
5,15402598;11,43529000
5,16426598;11,43529000
5,17450598;11,43529000
5,18474598;11,43529000
5,19498598;11,43529000
5,20522598;11,43529000
5,21546598;11,43529000
5,22570598;11,43529000
5,23594598;11,43529000
5,24618598;11,43529000
5,25642598;11,43529000
5,26666598;11,25523000
5,27690598;11,25523000
5,28714598;11,25523000
5,29738598;11,25523000
5,30762598;11,43529000
5,31786598;11,43529000
5,32810598;11,43529000
5,33834598;11,25523000
5,34858598;11,07578000
5,35882598;11,07578000
5,36906598;11,07578000
5,37930598;11,07578000
5,38954598;11,07578000
5,39978598;11,07578000
5,41002598;11,07578000
5,42026598;11,07578000
5,43050598;11,07578000
5,44074598;11,07578000
5,45098598;10,89633000
5,46122598;10,71688000
5,47146598;10,71688000
5,48170598;10,71688000
5,49194598;10,71688000
5,50218598;10,71688000
5,51242598;10,71688000
5,52266598;10,71688000
5,53290598;10,71688000
5,54314598;10,71688000
5,55338598;10,35737000
5,56362598;10,35737000
5,57386598;10,53682000
5,58410598;10,35737000
5,59434598;10,35737000
5,60458598;10,35737000
5,61482598;10,53682000
5,62506598;10,53682000
5,63530598;10,35737000
5,64554598;10,35737000
5,65578598;10,17792000
5,66602598;9,99847400
5,67626598;9,99847400
5,68650598;9,99847400
5,69674598;9,99847400
5,70698598;10,17792000
5,71722598;10,17792000
5,72746598;10,17792000
5,73770598;9,99847400
5,74794598;9,99847400
5,75818598;9,81902500
5,76842598;9,81902500
5,77866598;9,99847400
5,78890598;9,99847400
5,79914598;9,81902500
5,80938598;9,99847400
5,81962598;9,99847400
5,82986598;9,99847400
5,84010598;9,81902500
5,85034598;9,63896600
5,86058598;9,45951700
5,87082598;9,45951700
5,88106598;9,63896600
5,89130598;9,63896600
5,90154598;9,63896600
5,91178598;9,63896600
5,92202598;9,63896600
5,93226598;9,63896600
5,94250598;9,45951700
5,95274598;9,28006800
5,96298598;9,28006800
5,97322598;9,28006800
5,98346598;9,28006800
5,99370598;9,28006800
6,00394598;9,28006800
6,01418598;9,28006800
6,02442598;9,28006800
6,03466598;9,28006800
6,04490598;9,10061900
6,05514598;8,92117000
6,06538598;8,92117000
6,07562598;8,92117000
6,08586598;8,92117000
6,09610598;8,92117000
6,10634598;8,92117000
6,11658598;8,92117000
6,12682598;8,92117000
6,13706598;8,92117000
6,14730598;8,56166300
6,15754598;8,56166300
6,16778598;8,56166300
6,17802598;8,56166300
6,18826598;8,56166300
6,19850598;8,56166300
6,20874598;8,56166300
6,21898598;8,56166300
6,22922598;8,56166300
6,23946598;8,56166300
6,24970598;8,20276500
6,25994598;8,02331600
6,27018598;7,84325700
6,28042598;8,20276500
6,29066598;8,20276500
6,30090598;8,20276500
6,31114598;8,20276500
6,32138598;8,20276500
6,33162598;8,02331600
6,34186598;8,02331600
6,35210598;7,84325700
6,36234598;7,48435900
6,37258598;7,48435900
6,38282598;7,66380800
6,39306598;7,66380800
6,40330598;7,66380800
6,41354598;7,66380800
6,42378598;7,66380800
6,43402598;7,48435900
6,44426598;7,48435900
6,45450598;7,30491100
6,46474598;7,12546200
6,47498598;7,12546200
6,48522598;7,12546200
6,49546598;7,12546200
6,50570598;7,12546200
6,51594598;7,12546200
6,52618598;7,12546200
6,53642598;7,12546200
6,54666598;6,94540200
6,55690598;6,76595400
6,56714598;6,58650500
6,57738598;6,58650500
6,58762598;6,76595400
6,59786597;6,76595400
6,60810597;6,76595400
6,61834597;6,76595400
6,62858597;6,76595400
6,63882597;6,40705600
6,64906597;6,40705600
6,65930597;6,04754800
6,66954597;6,04754800
6,67978597;6,04754800
6,69002597;6,22760700
6,70026597;6,04754800
6,71050597;6,04754800
6,72074597;6,22760700
6,73098597;6,04754800
6,74122597;6,04754800
6,75146597;5,86809900
6,76170597;5,68865000
6,77194597;5,50920200
6,78218597;5,68865000
6,79242597;5,68865000
6,80266597;5,68865000
6,81290597;5,68865000
6,82314597;5,68865000
6,83338597;5,68865000
6,84362597;5,32975200
6,85386597;5,32975200
6,86410597;4,97024400
6,87434597;4,97024400
6,88458597;5,14969300
6,89482597;5,14969300
6,90506597;4,97024400
6,91530597;5,14969300
6,92554597;4,97024400
6,93578597;4,97024400
6,94602597;4,97024400
6,95626597;4,61134700
6,96650597;4,43189800
6,97674597;4,25183900
6,98698597;4,43189800
6,99722597;4,61134700
7,00746597;4,61134700
7,01770597;4,61134700
7,02794597;4,43189800
7,03818597;4,25183900
7,04842597;4,25183900
7,05866597;4,07239000
7,06890597;3,89294100
7,07914597;3,89294100
7,08938597;3,89294100
7,09962597;4,07239000
7,10986597;3,89294100
7,12010597;3,89294100
7,13034597;3,89294100
7,14058597;3,71349200
7,15082597;3,53404300
7,16106597;3,35398400
7,17130597;3,35398400
7,18154597;3,35398400
7,19178597;3,53404300
7,20202597;3,53404300
7,21226597;3,53404300
7,22250597;3,53404300
7,23274597;3,35398400
7,24298597;3,17453500
7,25322597;2,99508600
7,26346597;2,81563800
7,27370597;2,63618900
7,28394597;2,81563800
7,29418597;2,81563800
7,30442597;2,81563800
7,31466597;2,81563800
7,32490597;2,81563800
7,33514597;2,63618900
7,34538597;2,45613000
7,35562597;2,27668100
7,36586597;2,09723200
7,37610597;2,09723200
7,38634597;2,09723200
7,39658597;2,09723200
7,40682597;2,09723200
7,41706597;2,09723200
7,42730597;2,09723200
7,43754597;2,09723200
7,44778597;1,73833400
7,45802597;1,55827500
7,46826597;1,37882600
7,47850597;1,37882600
7,48874597;1,55827500
7,49898597;1,37882600
7,50922597;1,37882600
7,51946597;1,37882600
7,52970597;1,37882600
7,53994597;1,37882600
7,55018597;1,01992900
7,56042597;1,01992900
7,57066597;0,66042050
7,58090597;0,66042050
7,59114597;0,66042050
7,60138597;0,84047970
7,61162597;0,84047970
7,62186597;0,84047970
7,63210597;0,84047970
7,64234597;0,66042050
7,65258597;0,48097170
7,66282597;0,30152290
7,67306597;0,30152290
7,68330597;0,30152290
7,69354597;0,30152290
7,70378597;0,30152290
7,71402597;0,30152290
7,72426597;0,30152290
7,73450597;0,30152290
7,74474597;0,30152290
7,75498597;-0,05737480
7,76522597;-0,05737480
7,77546597;-0,05737480
7,78570597;-0,05737480
7,79594597;-0,05737480
7,80618597;-0,05737480
7,81642597;-0,05737480
7,82666597;-0,23682360
7,83690597;-0,41627250
7,84714597;-0,41627250
7,85738597;-0,59572130
7,86762597;-0,77517010
7,87786597;-0,77517010
7,88810597;-0,77517010
7,89834597;-0,77517010
7,90858597;-0,77517010
7,91882597;-0,77517010
7,92906597;-0,95522930
7,93930597;-0,95522930
7,94954597;-1,13467800
7,95978597;-1,31412700
7,97002597;-1,49357600
7,98026597;-1,49357600
7,99050597;-1,49357600
8,00074597;-1,49357600
8,01098597;-1,49357600
8,02122597;-1,49357600
8,03146597;-1,49357600
8,04170597;-1,67302500
8,05194597;-1,85308400
8,06218597;-2,03253300
8,07242597;-2,21198200
8,08266597;-2,21198200
8,09290597;-2,21198200
8,10314597;-2,21198200
8,11338597;-2,21198200
8,12362597;-2,21198200
8,13386597;-2,21198200
8,14410597;-2,21198200
8,15434597;-2,57087900
8,16458597;-2,57087900
8,17482597;-2,75093800
8,18506597;-2,75093800
8,19530597;-2,57087900
8,20554597;-2,57087900
8,21578597;-2,75093800
8,22602597;-2,75093800
8,23626597;-2,93038700
8,24650596;-2,93038700
8,25674596;-2,93038700
8,26698596;-3,28928500
8,27722596;-3,28928500
8,28746596;-3,28928500
8,29770596;-3,28928500
8,30794596;-3,28928500
8,31818596;-3,28928500
8,32842596;-3,28928500
8,33866596;-3,46873400
8,34890596;-3,64879300
8,35914596;-3,64879300
8,36938596;-3,64879300
8,37962596;-3,64879300
8,38986596;-3,64879300
8,40010596;-3,82824200
8,41034596;-3,82824200
8,42058596;-3,82824200
8,43082596;-3,82824200
8,44106596;-4,00769000
8,45130596;-4,00769000
8,46154596;-4,00769000
8,47178596;-4,18714000
8,48202596;-4,00769000
8,49226596;-4,18714000
8,50250596;-4,36658800
8,51274596;-4,36658800
8,52298596;-4,36658800
8,53322596;-4,36658800
8,54346596;-4,54664800
8,55370596;-4,54664800
8,56394596;-4,72609600
8,57418596;-4,72609600
8,58442596;-4,72609600
8,59466596;-4,72609600
8,60490596;-4,90554500
8,61514596;-4,90554500
8,62538596;-4,90554500
8,63562596;-5,08499400
8,64586596;-5,08499400
8,65610596;-5,08499400
8,66634596;-5,08499400
8,67658596;-5,26444300
8,68682596;-5,26444300
8,69706596;-5,26444300
8,70730596;-5,26444300
8,71754596;-5,44450200
8,72778596;-5,44450200
8,73802596;-5,44450200
8,74826596;-5,44450200
8,75850596;-5,44450200
8,76874596;-5,80340000
8,77898596;-5,62395100
8,78922596;-5,44450200
8,79946596;-5,62395100
8,80970596;-5,80340000
8,81994596;-5,80340000
8,83018596;-5,62395100
8,84042596;-5,80340000
8,85066596;-5,80340000
8,86090596;-5,98284900
8,87114596;-5,80340000
8,88138596;-5,80340000
8,89162596;-5,98284900
8,90186596;-5,80340000
8,91210596;-5,80340000
8,92234596;-5,98284900
8,93258596;-5,80340000
8,94282596;-5,80340000
8,95306596;-5,80340000
8,96330596;-5,80340000
8,97354596;-5,98284900
8,98378596;-5,98284900
8,99402596;-5,98284900
9,00426596;-5,80340000
9,01450596;-5,80340000
9,02474596;-5,98284900
9,03498596;-5,98284900
9,04522596;-5,80340000
9,05546596;-5,80340000
9,06570596;-5,80340000
9,07594596;-5,80340000
9,08618596;-5,80340000
9,09642596;-5,80340000
9,10666596;-5,80340000
9,11690596;-5,80340000
9,12714596;-5,80340000
9,13738596;-5,80340000
9,14762596;-5,80340000
9,15786596;-5,80340000
9,16810596;-5,80340000
9,17834596;-5,80340000
9,18858596;-5,80340000
9,19882596;-5,80340000
9,20906596;-5,98284900
9,21930596;-5,80340000
9,22954596;-5,80340000
9,23978596;-5,80340000
9,25002596;-5,80340000
9,26026596;-5,80340000
9,27050596;-5,80340000
9,28074596;-5,80340000
9,29098596;-5,80340000
9,30122596;-5,80340000
9,31146596;-5,80340000
9,32170596;-5,80340000
9,33194596;-5,98284900
9,34218596;-5,80340000
9,35242596;-5,80340000
9,36266596;-5,80340000
9,37290596;-5,80340000
9,38314596;-5,80340000
9,39338596;-5,98284900
9,40362596;-5,80340000
9,41386596;-5,80340000
9,42410596;-5,80340000
9,43434596;-5,80340000
9,44458596;-5,80340000
9,45482596;-5,80340000
9,46506596;-5,80340000
9,47530596;-5,80340000
9,48554596;-5,80340000
9,49578596;-5,80340000
9,50602596;-5,80340000
9,51626596;-5,80340000
9,52650596;-5,80340000
9,53674596;-5,80340000
9,54698596;-5,80340000
9,55722596;-5,80340000
9,56746596;-5,80340000
9,57770596;-5,80340000
9,58794596;-5,80340000
9,59818596;-5,80340000
9,60842596;-5,80340000
9,61866596;-5,80340000
9,62890596;-5,80340000
9,63914596;-5,80340000
9,64938596;-5,80340000
9,65962596;-5,80340000
9,66986596;-5,80340000
9,68010596;-5,80340000
9,69034596;-5,80340000
9,70058596;-5,80340000
9,71082596;-5,80340000
9,72106596;-5,80340000
9,73130596;-5,80340000
9,74154596;-5,80340000
9,75178596;-5,80340000
9,76202596;-5,80340000
9,77226596;-5,80340000
9,78250596;-5,80340000
9,79274596;-5,80340000
9,80298596;-5,80340000
9,81322596;-5,80340000
9,82346596;-5,80340000
9,83370596;-5,80340000
9,84394596;-5,80340000
9,85418596;-5,80340000
9,86442596;-5,80340000
9,87466596;-5,80340000
9,88490596;-5,80340000
9,89514595;-5,80340000
9,90538595;-5,80340000
9,91562595;-5,80340000
9,92586595;-5,80340000
9,93610595;-5,80340000
9,94634595;-5,80340000
9,95658595;-5,80340000
9,96682595;-5,80340000
9,97706595;-5,80340000
9,98730595;-5,80340000
9,99754595;-5,80340000
10,00778595;-5,80340000
10,01802595;-5,80340000
10,02826595;-5,80340000
10,03850595;-5,80340000
10,04874595;-5,80340000
10,05898595;-5,80340000
10,06922595;-5,80340000
10,07946595;-5,80340000
10,08970595;-5,80340000
10,09994595;-5,80340000
10,11018595;-5,80340000
10,12042595;-5,80340000
10,13066595;-5,80340000
10,14090595;-5,80340000
10,15114595;-5,80340000
10,16138595;-5,80340000
10,17162595;-5,80340000
10,18186595;-5,80340000
10,19210595;-5,80340000
10,20234595;-5,80340000
10,21258595;-5,80340000
10,22282595;-5,80340000
10,23306595;-5,80340000
10,24330595;-5,80340000
10,25354595;-5,80340000
10,26378595;-5,80340000
10,27402595;-5,80340000
10,28426595;-5,80340000
10,29450595;-5,80340000
10,30474595;-5,80340000
10,31498595;-5,80340000
10,32522595;-5,80340000
10,33546595;-5,80340000
10,34570595;-5,80340000
10,35594595;-5,80340000
10,36618595;-5,80340000
10,37642595;-5,80340000
10,38666595;-5,80340000
10,39690595;-5,80340000
10,40714595;-5,80340000
10,41738595;-5,80340000
10,42762595;-5,80340000
10,43786595;-5,80340000
10,44810595;-5,80340000
10,45834595;-5,80340000
10,46858595;-5,80340000
10,47882595;-5,80340000
10,48906595;-5,80340000
10,49930595;-5,80340000
10,50954595;-5,80340000
10,51978595;-5,80340000
10,53002595;-5,80340000
10,54026595;-5,80340000
10,55050595;-5,80340000
10,56074595;-5,80340000
10,57098595;-5,80340000
10,58122595;-5,80340000
10,59146595;-5,80340000
10,60170595;-5,80340000
10,61194595;-5,80340000
10,62218595;-5,80340000
10,63242595;-5,80340000
10,64266595;-5,80340000
10,65290595;-5,80340000
10,66314595;-5,80340000
10,67338595;-5,80340000
10,68362595;-5,80340000
10,69386595;-5,80340000
10,70410595;-5,80340000
10,71434595;-5,80340000
10,72458595;-5,80340000
10,73482595;-5,80340000
10,74506595;-5,80340000
10,75530595;-5,80340000
10,76554595;-5,80340000
10,77578595;-5,80340000
10,78602595;-5,80340000
10,79626595;-5,80340000
10,80650595;-5,80340000
10,81674595;-5,80340000
10,82698595;-5,80340000
10,83722595;-5,80340000
10,84746595;-5,80340000
10,85770595;-5,80340000
10,86794595;-5,80340000
10,87818595;-5,80340000
10,88842595;-5,80340000
10,89866595;-5,80340000
10,90890595;-5,80340000
10,91914595;-5,80340000
10,92938595;-5,80340000
10,93962595;-5,80340000
10,94986595;-5,80340000
10,96010595;-5,80340000
10,97034595;-5,80340000
10,98058595;-5,80340000
10,99082595;-5,80340000
11,00106595;-5,80340000
11,01130595;-5,80340000
11,02154595;-5,80340000
11,03178595;-5,80340000
11,04202595;-5,80340000
11,05226595;-5,80340000
11,06250595;-5,80340000
11,07274595;-5,80340000
11,08298595;-5,80340000
11,09322595;-5,80340000
11,10346595;-5,80340000
11,11370595;-5,80340000
11,12394595;-5,80340000
11,13418595;-5,80340000
11,14442595;-5,80340000
11,15466595;-5,80340000
11,16490595;-5,80340000
11,17514595;-5,80340000
11,18538595;-5,80340000
11,19562595;-5,80340000
11,20586595;-5,80340000
11,21610595;-5,80340000
11,22634595;-5,80340000
11,23658595;-5,80340000
11,24682595;-5,80340000
11,25706595;-5,80340000
11,26730595;-5,80340000
11,27754595;-5,80340000
11,28778595;-5,80340000
11,29802595;-5,80340000
11,30826595;-5,80340000
11,31850595;-5,80340000
11,32874595;-5,80340000
11,33898595;-5,80340000
11,34922595;-5,80340000
11,35946595;-5,80340000
11,36970595;-5,80340000
11,37994595;-5,80340000
11,39018595;-5,80340000
11,40042595;-5,80340000
11,41066595;-5,80340000
11,42090595;-5,80340000
11,43114595;-5,80340000
11,44138595;-5,80340000
11,45162595;-5,80340000
11,46186595;-5,80340000
11,47210595;-5,80340000
11,48234595;-5,80340000
11,49258595;-5,80340000
11,50282595;-5,80340000
11,51306595;-5,80340000
11,52330595;-5,80340000
11,53354594;-5,80340000
11,54378594;-5,80340000
11,55402594;-5,80340000
11,56426594;-5,80340000
11,57450594;-5,80340000
11,58474594;-5,80340000
11,59498594;-5,80340000
11,60522594;-5,80340000
11,61546594;-5,80340000
11,62570594;-5,80340000
11,63594594;-5,80340000
11,64618594;-5,80340000
11,65642594;-5,80340000
11,66666594;-5,80340000
11,67690594;-5,80340000
11,68714594;-5,80340000
11,69738594;-5,80340000
11,70762594;-5,80340000
11,71786594;-5,80340000
11,72810594;-5,80340000
11,73834594;-5,80340000
11,74858594;-5,80340000
11,75882594;-5,80340000
11,76906594;-5,80340000
11,77930594;-5,80340000
11,78954594;-5,80340000
11,79978594;-5,80340000
11,81002594;-5,80340000
11,82026594;-5,80340000
11,83050594;-5,80340000
11,84074594;-5,80340000
11,85098594;-5,80340000
11,86122594;-5,80340000
11,87146594;-5,80340000
11,88170594;-5,80340000
11,89194594;-5,80340000
11,90218594;-5,80340000
11,91242594;-5,80340000
11,92266594;-5,80340000
11,93290594;-5,80340000
11,94314594;-5,80340000
11,95338594;-5,80340000
11,96362594;-5,80340000
11,97386594;-5,80340000
11,98410594;-5,80340000
11,99434594;-5,80340000
12,00458594;-5,80340000
12,01482594;-5,80340000
12,02506594;-5,80340000
12,03530594;-5,80340000
12,04554594;-5,80340000
12,05578594;-5,80340000
12,06602594;-5,80340000
12,07626594;-5,80340000
12,08650594;-5,80340000
12,09674594;-5,80340000
12,10698594;-5,80340000
12,11722594;-5,80340000
12,12746594;-5,80340000
12,13770594;-5,80340000
12,14794594;-5,80340000
12,15818594;-5,80340000
12,16842594;-5,80340000
12,17866594;-5,80340000
12,18890594;-5,80340000
12,19914594;-5,80340000
12,20938594;-5,80340000
12,21962594;-5,80340000
12,22986594;-5,80340000
12,24010594;-5,80340000
12,25034594;-5,80340000
12,26058594;-5,80340000
12,27082594;-5,80340000
12,28106594;-5,80340000
12,29130594;-5,80340000
12,30154594;-5,62395100
12,31178594;-5,80340000
12,32202594;-5,80340000
12,33226594;-5,80340000
12,34250594;-5,80340000
12,35274594;-5,80340000
12,36298594;-5,80340000
12,37322594;-5,80340000
12,38346594;-5,80340000
12,39370594;-5,80340000
12,40394594;-5,80340000
12,41418594;-5,80340000
12,42442594;-5,80340000
12,43466594;-5,80340000
12,44490594;-5,80340000
12,45514594;-5,80340000
12,46538594;-5,80340000
12,47562594;-5,80340000
12,48586594;-5,80340000
12,49610594;-5,80340000
12,50634594;-5,80340000
12,51658594;-5,80340000
12,52682594;-5,80340000
12,53706594;-5,80340000
12,54730594;-5,80340000
12,55754594;-5,80340000
12,56778594;-5,80340000
12,57802594;-5,80340000
12,58826594;-5,80340000
12,59850594;-5,80340000
12,60874594;-5,80340000
12,61898594;-5,80340000
12,62922594;-5,80340000
12,63946594;-5,80340000
12,64970594;-5,80340000
12,65994594;-5,80340000
12,67018594;-5,80340000
12,68042594;-5,62395100
12,69066594;-5,80340000
12,70090594;-5,80340000
12,71114594;-5,80340000
12,72138594;-5,80340000
12,73162594;-5,80340000
12,74186594;-5,80340000
12,75210594;-5,80340000
12,76234594;-5,80340000
12,77258594;-5,62395100
12,78282594;-5,80340000
12,79306594;-5,80340000
12,80330594;-5,44450200
12,81354594;-5,62395100
12,82378594;-5,62395100
12,83402594;-5,62395100
12,84426594;-5,80340000
12,85450594;-5,80340000
12,86474594;-5,80340000
12,87498594;-5,80340000
12,88522594;-5,62395100
12,89546594;-5,80340000
12,90570594;-5,80340000
12,91594594;-5,80340000
12,92618594;-5,80340000
12,93642594;-5,80340000
12,94666594;-5,80340000
12,95690594;-5,62395100
12,96714594;-5,62395100
12,97738594;-5,80340000
12,98762594;-5,80340000
12,99786594;-5,80340000
13,00810594;-5,80340000
13,01834594;-5,80340000
13,02858594;-5,80340000
13,03882594;-5,80340000
13,04906594;-5,80340000
13,05930594;-5,80340000
13,06954594;-5,62395100
13,07978594;-5,80340000
13,09002594;-5,80340000
13,10026594;-5,62395100
13,11050594;-5,62395100
13,12074594;-5,62395100
13,13098594;-5,80340000
13,14122594;-5,80340000
13,15146594;-5,80340000
13,16170594;-5,62395100
13,17194594;-5,62395100
13,18218593;-5,62395100
13,19242593;-5,80340000
13,20266593;-5,62395100
13,21290593;-5,62395100
13,22314593;-5,80340000
13,23338593;-5,62395100
13,24362593;-5,62395100
13,25386593;-5,80340000
13,26410593;-5,80340000
13,27434593;-5,80340000
13,28458593;-5,62395100
13,29482593;-5,80340000
13,30506593;-5,80340000
13,31530593;-5,62395100
13,32554593;-5,62395100
13,33578593;-5,80340000
13,34602593;-5,80340000
13,35626593;-5,62395100
13,36650593;-5,62395100
13,37674593;-5,62395100
13,38698593;-5,62395100
13,39722593;-5,80340000
13,40746593;-5,62395100
13,41770593;-5,80340000
13,42794593;-5,62395100
13,43818593;-5,62395100
13,44842593;-5,62395100
13,45866593;-5,62395100
13,46890593;-5,80340000
13,47914593;-5,80340000
13,48938593;-5,62395100
13,49962593;-5,62395100
13,50986593;-5,80340000
13,52010593;-5,62395100
13,53034593;-5,62395100
13,54058593;-5,80340000
13,55082593;-5,62395100
13,56106593;-5,62395100
13,57130593;-5,80340000
13,58154593;-5,80340000
13,59178593;-5,62395100
13,60202593;-5,62395100
13,61226593;-5,62395100
13,62250593;-5,62395100
13,63274593;-5,62395100
13,64298593;-5,44450200
13,65322593;-5,80340000
13,66346593;-5,62395100
13,67370593;-5,62395100
13,68394593;-5,44450200
13,69418593;-5,80340000
13,70442593;-5,62395100
13,71466593;-5,62395100
13,72490593;-5,62395100
13,73514593;-5,62395100
13,74538593;-5,62395100
13,75562593;-5,62395100
13,76586593;-5,80340000
13,77610593;-5,62395100
13,78634593;-5,80340000
13,79658593;-5,62395100
13,80682593;-5,62395100
13,81706593;-5,62395100
13,82730593;-5,62395100
13,83754593;-5,44450200
13,84778593;-5,44450200
13,85802593;-5,62395100
13,86826593;-5,62395100
13,87850593;-5,80340000
13,88874593;-5,62395100
13,89898593;-5,80340000
13,90922593;-5,80340000
13,91946593;-5,62395100
13,92970593;-5,62395100
13,93994593;-5,44450200
13,95018593;-5,62395100
13,96042593;-5,62395100
13,97066593;-5,62395100
13,98090593;-5,44450200
13,99114593;-5,62395100
14,00138593;-5,44450200
14,01162593;-5,44450200
14,02186593;-5,62395100
14,03210593;-5,62395100
14,04234593;-5,62395100
14,05258593;-5,62395100
14,06282593;-5,62395100
14,07306593;-5,44450200
14,08330593;-5,62395100
14,09354593;-5,62395100
14,10378593;-5,62395100
14,11402593;-5,62395100
14,12426593;-5,62395100
14,13450593;-5,62395100
14,14474593;-5,62395100
14,15498593;-5,62395100
14,16522593;-5,62395100
14,17546593;-5,62395100
14,18570593;-5,62395100
14,19594593;-5,62395100
14,20618593;-5,44450200
14,21642593;-5,62395100
14,22666593;-5,62395100
14,23690593;-5,62395100
14,24714593;-5,62395100
14,25738593;-5,62395100
14,26762593;-5,62395100
14,27786593;-5,44450200
14,28810593;-5,44450200
14,29834593;-5,62395100
14,30858593;-5,44450200
14,31882593;-5,62395100
14,32906593;-5,80340000
14,33930593;-5,62395100
14,34954593;-5,62395100
14,35978593;-5,62395100
14,37002593;-5,62395100
14,38026593;-5,44450200
14,39050593;-5,44450200
14,40074593;-5,44450200
14,41098593;-5,62395100
14,42122593;-5,44450200
14,43146593;-5,62395100
14,44170593;-5,44450200
14,45194593;-5,44450200
14,46218593;-5,44450200
14,47242593;-5,62395100
14,48266593;-5,44450200
14,49290593;-5,44450200
14,50314593;-5,62395100
14,51338593;-5,62395100
14,52362593;-5,62395100
14,53386593;-5,62395100
14,54410593;-5,44450200
14,55434593;-5,62395100
14,56458593;-5,62395100
14,57482593;-5,62395100
14,58506593;-5,44450200
14,59530593;-5,62395100
14,60554593;-5,44450200
14,61578593;-5,62395100
14,62602593;-5,62395100
14,63626593;-5,62395100
14,64650593;-5,62395100
14,65674593;-5,62395100
14,66698593;-5,62395100
14,67722593;-5,62395100
14,68746593;-5,44450200
14,69770593;-5,62395100
14,70794593;-5,62395100
14,71818593;-5,62395100
14,72842593;-5,44450200
14,73866593;-5,44450200
14,74890593;-5,44450200
14,75914593;-5,44450200
14,76938593;-5,44450200
14,77962593;-5,44450200
14,78986593;-5,62395100
14,80010593;-5,44450200
14,81034593;-5,44450200
14,82058593;-5,44450200
14,83082592;-5,44450200
14,84106592;-5,62395100
14,85130592;-5,62395100
14,86154592;-5,44450200
14,87178592;-5,62395100
14,88202592;-5,62395100
14,89226592;-5,44450200
14,90250592;-5,44450200
14,91274592;-5,44450200
14,92298592;-5,62395100
14,93322592;-5,44450200
14,94346592;-5,44450200
14,95370592;-5,44450200
14,96394592;-5,44450200
14,97418592;-5,62395100
14,98442592;-5,44450200
14,99466592;-5,44450200
15,00490592;-5,44450200
15,01514592;-5,44450200
15,02538592;-5,62395100
15,03562592;-5,44450200
15,04586592;-5,44450200
15,05610592;-5,44450200
15,06634592;-5,44450200
15,07658592;-5,44450200
15,08682592;-5,44450200
15,09706592;-5,44450200
15,10730592;-5,44450200
15,11754592;-5,44450200
15,12778592;-5,44450200
15,13802592;-5,44450200
15,14826592;-5,44450200
15,15850592;-5,44450200
15,16874592;-5,44450200
15,17898592;-5,44450200
15,18922592;-5,44450200
15,19946592;-5,44450200
15,20970592;-5,62395100
15,21994592;-5,44450200
15,23018592;-5,44450200
15,24042592;-5,44450200
15,25066592;-5,44450200
15,26090592;-5,44450200
15,27114592;-5,44450200
15,28138592;-5,44450200
15,29162592;-5,44450200
15,30186592;-5,44450200
15,31210592;-5,44450200
15,32234592;-5,44450200
15,33258592;-5,44450200
15,34282592;-5,44450200
15,35306592;-5,44450200
15,36330592;-5,44450200
15,37354592;-5,44450200
15,38378592;-5,44450200
15,39402592;-5,44450200
15,40426592;-5,62395100
15,41450592;-5,44450200
15,42474592;-5,44450200
15,43498592;-5,44450200
15,44522592;-5,44450200
15,45546592;-5,44450200
15,46570592;-5,44450200
15,47594592;-5,44450200
15,48618592;-5,44450200
15,49642592;-5,44450200
15,50666592;-5,44450200
15,51690592;-5,44450200
15,52714592;-5,44450200
15,53738592;-5,44450200
15,54762592;-5,44450200
15,55786592;-5,44450200
15,56810592;-5,44450200
15,57834592;-5,44450200
15,58858592;-5,62395100
15,59882592;-5,44450200
15,60906592;-5,44450200
15,61930592;-5,44450200
15,62954592;-5,44450200
15,63978592;-5,44450200
15,65002592;-5,44450200
15,66026592;-5,44450200
15,67050592;-5,44450200
15,68074592;-5,44450200
15,69098592;-5,44450200
15,70122592;-5,44450200
15,71146592;-5,44450200
15,72170592;-5,44450200
15,73194592;-5,44450200
15,74218592;-5,44450200
15,75242592;-5,44450200
15,76266592;-5,44450200
15,77290592;-5,44450200
15,78314592;-5,44450200
15,79338592;-5,44450200
15,80362592;-5,44450200
15,81386592;-5,44450200
15,82410592;-5,44450200
15,83434592;-5,44450200
15,84458592;-5,44450200
15,85482592;-5,44450200
15,86506592;-5,44450200
15,87530592;-5,44450200
15,88554592;-5,44450200
15,89578592;-5,44450200
15,90602592;-5,44450200
15,91626592;-5,44450200
15,92650592;-5,44450200
15,93674592;-5,44450200
15,94698592;-5,44450200
15,95722592;-5,44450200
15,96746592;-5,44450200
15,97770592;-5,44450200
15,98794592;-5,44450200
15,99818592;-5,44450200
16,00842592;-5,44450200
16,01866592;-5,44450200
16,02890592;-5,44450200
16,03914592;-5,44450200
16,04938592;-5,44450200
16,05962592;-5,44450200
16,06986592;-5,44450200
16,08010592;-5,44450200
16,09034592;-5,44450200
16,10058592;-5,44450200
16,11082592;-5,44450200
16,12106592;-5,44450200
16,13130592;-5,44450200
16,14154592;-5,44450200
16,15178592;-5,44450200
16,16202592;-5,44450200
16,17226592;-5,44450200
16,18250592;-5,44450200
16,19274592;-5,44450200
16,20298592;-5,44450200
16,21322592;-5,44450200
16,22346592;-5,44450200
16,23370592;-5,44450200
16,24394592;-5,44450200
16,25418592;-5,44450200
16,26442592;-5,44450200
16,27466592;-5,44450200
16,28490592;-5,44450200
16,29514592;-5,44450200
16,30538592;-5,44450200
16,31562592;-5,44450200
16,32586592;-5,44450200
16,33610592;-5,44450200
16,34634592;-5,44450200
16,35658592;-5,44450200
16,36682592;-5,44450200
16,37706592;-5,44450200
16,38730592;-5,44450200
16,39754592;-5,44450200
16,40778592;-5,44450200
16,41802592;-5,44450200
16,42826592;-5,44450200
16,43850592;-5,44450200
16,44874592;-5,44450200
16,45898592;-5,44450200
16,46922591;-5,44450200
16,47946591;-5,44450200
16,48970591;-5,44450200
16,49994591;-5,44450200
16,51018591;-5,44450200
16,52042591;-5,44450200
16,53066591;-5,44450200
16,54090591;-5,44450200
16,55114591;-5,44450200
16,56138591;-5,44450200
16,57162591;-5,44450200
16,58186591;-5,44450200
16,59210591;-5,44450200
16,60234591;-5,44450200
16,61258591;-5,44450200
16,62282591;-5,44450200
16,63306591;-5,44450200
16,64330591;-5,44450200
16,65354591;-5,44450200
16,66378591;-5,44450200
16,67402591;-5,44450200
16,68426591;-5,44450200
16,69450591;-5,44450200
16,70474591;-5,44450200
16,71498591;-5,44450200
16,72522591;-5,44450200
16,73546591;-5,44450200
16,74570591;-5,44450200
16,75594591;-5,44450200
16,76618591;-5,44450200
16,77642591;-5,44450200
16,78666591;-5,44450200
16,79690591;-5,44450200
16,80714591;-5,44450200
16,81738591;-5,44450200
16,82762591;-5,44450200
16,83786591;-5,44450200
16,84810591;-5,44450200
16,85834591;-5,44450200
16,86858591;-5,44450200
16,87882591;-5,44450200
16,88906591;-5,44450200
16,89930591;-5,44450200
16,90954591;-5,44450200
16,91978591;-5,44450200
16,93002591;-5,44450200
16,94026591;-5,44450200
16,95050591;-5,44450200
16,96074591;-5,44450200
16,97098591;-5,44450200
16,98122591;-5,44450200
16,99146591;-5,44450200
17,00170591;-5,44450200
17,01194591;-5,44450200
17,02218591;-5,44450200
17,03242591;-5,44450200
17,04266591;-5,44450200
17,05290591;-5,44450200
17,06314591;-5,44450200
17,07338591;-5,44450200
17,08362591;-5,44450200
17,09386591;-5,44450200
17,10410591;-5,44450200
17,11434591;-5,44450200
17,12458591;-5,44450200
17,13482591;-5,44450200
17,14506591;-5,44450200
17,15530591;-5,44450200
17,16554591;-5,44450200
17,17578591;-5,44450200
17,18602591;-5,44450200
17,19626591;-5,44450200
17,20650591;-5,44450200
17,21674591;-5,44450200
17,22698591;-5,44450200
17,23722591;-5,44450200
17,24746591;-5,44450200
17,25770591;-5,44450200
17,26794591;-5,44450200
17,27818591;-5,44450200
17,28842591;-5,44450200
17,29866591;-5,44450200
17,30890591;-5,44450200
17,31914591;-5,44450200
17,32938591;-5,44450200
17,33962591;-5,44450200
17,34986591;-5,44450200
17,36010591;-5,44450200
17,37034591;-5,44450200
17,38058591;-5,44450200
17,39082591;-5,44450200
17,40106591;-5,44450200
17,41130591;-5,44450200
17,42154591;-5,44450200
17,43178591;-5,44450200
17,44202591;-5,44450200
17,45226591;-5,44450200
17,46250591;-5,44450200
17,47274591;-5,44450200
17,48298591;-5,44450200
17,49322591;-5,44450200
17,50346591;-5,44450200
17,51370591;-5,44450200
17,52394591;-5,44450200
17,53418591;-5,44450200
17,54442591;-5,44450200
17,55466591;-5,44450200
17,56490591;-5,44450200
17,57514591;-5,44450200
17,58538591;-5,44450200
17,59562591;-5,44450200
17,60586591;-5,44450200
17,61610591;-5,44450200
17,62634591;-5,44450200
17,63658591;-5,44450200
17,64682591;-5,44450200
17,65706591;-5,44450200
17,66730591;-5,44450200
17,67754591;-5,44450200
17,68778591;-5,44450200
17,69802591;-5,26444300
17,70826591;-5,44450200
17,71850591;-5,44450200
17,72874591;-5,44450200
17,73898591;-5,44450200
17,74922591;-5,44450200
17,75946591;-5,44450200
17,76970591;-5,44450200
17,77994591;-5,44450200
17,79018591;-5,44450200
17,80042591;-5,44450200
17,81066591;-5,44450200
17,82090591;-5,44450200
17,83114591;-5,44450200
17,84138591;-5,44450200
17,85162591;-5,44450200
17,86186591;-5,44450200
17,87210591;-5,44450200
17,88234591;-5,44450200
17,89258591;-5,44450200
17,90282591;-5,44450200
17,91306591;-5,44450200
17,92330591;-5,44450200
17,93354591;-5,44450200
17,94378591;-5,44450200
17,95402591;-5,44450200
17,96426591;-5,44450200
17,97450591;-5,44450200
17,98474591;-5,44450200
17,99498591;-5,44450200
18,00522591;-5,44450200
18,01546591;-5,44450200
18,02570591;-5,44450200
18,03594591;-5,44450200
18,04618591;-5,44450200
18,05642591;-5,44450200
18,06666591;-5,44450200
18,07690591;-5,44450200
18,08714591;-5,44450200
18,09738591;-5,44450200
18,10762591;-5,44450200
18,11786590;-5,44450200
18,12810590;-5,44450200
18,13834590;-5,44450200
18,14858590;-5,44450200
18,15882590;-5,44450200
18,16906590;-5,44450200
18,17930590;-5,44450200
18,18954590;-5,44450200
18,19978590;-5,26444300
18,21002590;-5,44450200
18,22026590;-5,44450200
18,23050590;-5,26444300
18,24074590;-5,44450200
18,25098590;-5,44450200
18,26122590;-5,44450200
18,27146590;-5,44450200
18,28170590;-5,44450200
18,29194590;-5,44450200
18,30218590;-5,44450200
18,31242590;-5,44450200
18,32266590;-5,44450200
18,33290590;-5,44450200
18,34314590;-5,26444300
18,35338590;-5,44450200
18,36362590;-5,44450200
18,37386590;-5,44450200
18,38410590;-5,26444300
18,39434590;-5,44450200
18,40458590;-5,44450200
18,41482590;-5,26444300
18,42506590;-5,26444300
18,43530590;-5,26444300
18,44554590;-5,44450200
18,45578590;-5,44450200
18,46602590;-5,44450200
18,47626590;-5,44450200
18,48650590;-5,44450200
18,49674590;-5,26444300
18,50698590;-5,44450200
18,51722590;-5,44450200
18,52746590;-5,44450200
18,53770590;-5,44450200
18,54794590;-5,44450200
18,55818590;-5,44450200
18,56842590;-5,44450200
18,57866590;-5,44450200
18,58890590;-5,44450200
18,59914590;-5,44450200
18,60938590;-5,44450200
18,61962590;-5,26444300
18,62986590;-5,44450200
18,64010590;-5,44450200
18,65034590;-5,26444300
18,66058590;-5,44450200
18,67082590;-5,44450200
18,68106590;-5,44450200
18,69130590;-5,44450200
18,70154590;-5,26444300
18,71178590;-5,44450200
18,72202590;-5,44450200
18,73226590;-5,44450200
18,74250590;-5,44450200
18,75274590;-5,44450200
18,76298590;-5,44450200
18,77322590;-5,26444300
18,78346590;-5,44450200
18,79370590;-5,26444300
18,80394590;-5,44450200
18,81418590;-5,26444300
18,82442590;-5,44450200
18,83466590;-5,44450200
18,84490590;-5,26444300
18,85514590;-5,26444300
18,86538590;-5,26444300
18,87562590;-5,44450200
18,88586590;-5,44450200
18,89610590;-5,26444300
18,90634590;-5,26444300
18,91658590;-5,44450200
18,92682590;-5,44450200
18,93706590;-5,44450200
18,94730590;-5,26444300
18,95754590;-5,26444300
18,96778590;-5,26444300
18,97802590;-5,26444300
18,98826590;-5,08499400
18,99850590;-5,08499400
19,00874590;-5,08499400
19,01898590;-5,08499400
19,02922590;-5,08499400
19,03946590;-5,08499400
19,04970590;-5,08499400
19,05994590;-5,08499400
19,07018590;-4,90554500
19,08042590;-4,72609600
19,09066590;-4,72609600
19,10090590;-4,54664800
19,11114590;-4,54664800
19,12138590;-4,72609600
19,13162590;-4,54664800
19,14186590;-4,54664800
19,15210590;-4,54664800
19,16234590;-4,36658800
19,17258590;-4,36658800
19,18282590;-4,36658800
19,19306590;-4,18714000
19,20330590;-4,00769000
19,21354590;-4,00769000
19,22378590;-4,00769000
19,23402590;-4,00769000
19,24426590;-4,00769000
19,25450590;-4,00769000
19,26474590;-3,82824200
19,27498590;-3,82824200
19,28522590;-3,64879300
19,29546590;-3,64879300
19,30570590;-3,64879300
19,31594590;-3,64879300
19,32618590;-3,64879300
19,33642590;-3,64879300
19,34666590;-3,64879300
19,35690590;-3,46873400
19,36714590;-3,46873400
19,37738590;-3,28928500
19,38762590;-3,10983600
19,39786590;-3,10983600
19,40810590;-2,93038700
19,41834590;-3,10983600
19,42858590;-3,10983600
19,43882590;-2,93038700
19,44906590;-2,93038700
19,45930590;-2,93038700
19,46954590;-2,93038700
19,47978590;-2,57087900
19,49002590;-2,57087900
19,50026590;-2,57087900
19,51050590;-2,57087900
19,52074590;-2,57087900
19,53098590;-2,57087900
19,54122590;-2,39143000
19,55146590;-2,39143000
19,56170590;-2,39143000
19,57194590;-2,21198200
19,58218590;-2,21198200
19,59242590;-2,03253300
19,60266590;-2,21198200
19,61290590;-2,03253300
19,62314590;-2,03253300
19,63338590;-1,85308400
19,64362590;-1,85308400
19,65386590;-1,85308400
19,66410590;-1,85308400
19,67434590;-1,67302500
19,68458590;-1,67302500
19,69482590;-1,49357600
19,70506590;-1,49357600
19,71530590;-1,49357600
19,72554590;-1,49357600
19,73578590;-1,49357600
19,74602590;-1,49357600
19,75626590;-1,31412700
19,76650589;-1,13467800
19,77674589;-1,13467800
19,78698589;-1,13467800
19,79722589;-1,13467800
19,80746589;-0,77517010
19,81770589;-0,95522930
19,82794589;-0,95522930
19,83818589;-0,77517010
19,84842589;-0,77517010
19,85866589;-0,77517010
19,86890589;-0,77517010
19,87914589;-0,77517010
19,88938589;-0,59572130
19,89962589;-0,41627250
19,90986589;-0,41627250
19,92010589;-0,41627250
19,93034589;-0,41627250
19,94058589;-0,41627250
19,95082589;-0,41627250
19,96106589;-0,23682360
19,97130589;-0,23682360
19,98154589;-0,05737480
19,99178589;-0,05737480
20,00202589;-0,05737480
20,01226589;-0,05737480
20,02250589;0,12207400
20,03274589;0,30152290
20,04298589;0,30152290
20,05322589;0,30152290
20,06346589;0,30152290
20,07370589;0,30152290
20,08394589;0,48097170
20,09418589;0,48097170
20,10442589;0,66042050
20,11466589;0,66042050
20,12490589;0,66042050
20,13514589;0,66042050
20,14538589;0,66042050
20,15562589;0,66042050
20,16586589;0,66042050
20,17610589;0,84047970
20,18634589;1,01992900
20,19658589;1,01992900
20,20682589;1,19937700
20,21706589;1,19937700
20,22730589;1,19937700
20,23754589;1,19937700
20,24778589;1,37882600
20,25802589;1,37882600
20,26826589;1,37882600
20,27850589;1,37882600
20,28874589;1,73833400
20,29898589;1,73833400
20,30922589;1,73833400
20,31946589;1,73833400
20,32970589;1,73833400
20,33994589;1,73833400
20,35018589;1,73833400
20,36042589;1,73833400
20,37066589;2,09723200
20,38090589;2,09723200
20,39114589;2,09723200
20,40138589;2,09723200
20,41162589;2,09723200
20,42186589;2,27668100
20,43210589;2,45613000
20,44234589;2,27668100
20,45258589;2,27668100
20,46282589;2,45613000
20,47306589;2,45613000
20,48330589;2,63618900
20,49354589;2,63618900
20,50378589;2,81563800
20,51402589;2,81563800
20,52426589;2,81563800
20,53450589;2,81563800
20,54474589;2,81563800
20,55498589;2,81563800
20,56522589;2,99508600
20,57546589;2,81563800
20,58570589;2,99508600
20,59594589;3,17453500
20,60618589;3,17453500
20,61642589;3,17453500
20,62666589;3,17453500
20,63690589;3,17453500
20,64714589;3,17453500
20,65738589;3,17453500
20,66762589;3,35398400
20,67786589;3,35398400
20,68810589;3,53404300
20,69834589;3,53404300
20,70858589;3,53404300
20,71882589;3,53404300
20,72906589;3,53404300
20,73930589;3,53404300
20,74954589;3,71349200
20,75978589;3,71349200
20,77002589;3,89294100
20,78026589;3,89294100
20,79050589;3,89294100
20,80074589;3,89294100
20,81098589;4,07239000
20,82122589;4,07239000
20,83146589;4,07239000
20,84170589;4,07239000
20,85194589;4,25183900
20,86218589;4,25183900
20,87242589;4,25183900
20,88266589;4,43189800
20,89290589;4,43189800
20,90314589;4,61134700
20,91338589;4,61134700
20,92362589;4,61134700
20,93386589;4,61134700
20,94410589;4,79079600
20,95434589;4,79079600
20,96458589;4,79079600
20,97482589;4,97024400
20,98506589;4,97024400
20,99530589;4,97024400
21,00554589;4,97024400
21,01578589;4,97024400
21,02602589;4,97024400
21,03626589;4,97024400
21,04650589;4,97024400
21,05674589;4,97024400
21,06698589;5,14969300
21,07722589;5,14969300
21,08746589;5,32975200
21,09770589;5,32975200
21,10794589;5,32975200
21,11818589;5,32975200
21,12842589;5,32975200
21,13866589;5,32975200
21,14890589;5,32975200
21,15914589;5,32975200
21,16938589;5,32975200
21,17962589;5,50920200
21,18986589;5,50920200
21,20010589;5,68865000
21,21034589;5,68865000
21,22058589;5,68865000
21,23082589;5,68865000
21,24106589;5,68865000
21,25130589;5,68865000
21,26154589;5,86809900
21,27178589;6,04754800
21,28202589;6,04754800
21,29226589;6,04754800
21,30250589;6,04754800
21,31274589;6,04754800
21,32298589;6,22760700
21,33322589;6,40705600
21,34346589;6,40705600
21,35370589;6,40705600
21,36394589;6,58650500
21,37418589;6,76595400
21,38442589;6,76595400
21,39466589;6,94540200
21,40490588;6,76595400
21,41514588;6,94540200
21,42538588;7,12546200
21,43562588;7,12546200
21,44586588;7,12546200
21,45610588;7,12546200
21,46634588;7,12546200
21,47658588;7,48435900
21,48682588;7,48435900
21,49706588;7,48435900
21,50730588;7,48435900
21,51754588;7,48435900
21,52778588;7,48435900
21,53802588;7,66380800
21,54826588;7,84325700
21,55850588;7,84325700
21,56874588;7,84325700
21,57898588;7,84325700
21,58922588;8,02331600
21,59946588;8,02331600
21,60970588;8,02331600
21,61994588;8,02331600
21,63018588;8,02331600
21,64042588;8,02331600
21,65066588;8,20276500
21,66090588;8,20276500
21,67114588;8,20276500
21,68138588;8,20276500
21,69162588;8,38221400
21,70186588;8,38221400
21,71210588;8,38221400
21,72234588;8,38221400
21,73258588;8,56166300
21,74282588;8,56166300
21,75306588;8,56166300
21,76330588;8,56166300
21,77354588;8,56166300
21,78378588;8,56166300
21,79402588;8,74111200
21,80426588;8,74111200
21,81450588;8,74111200
21,82474588;8,92117000
21,83498588;8,74111200
21,84522588;8,92117000
21,85546588;8,92117000
21,86570588;8,92117000
21,87594588;8,92117000
21,88618588;9,10061900
21,89642588;8,92117000
21,90666588;9,10061900
21,91690588;9,10061900
21,92714588;9,10061900
21,93738588;9,28006800
21,94762588;9,28006800
21,95786588;9,28006800
21,96810588;9,28006800
21,97834588;9,28006800
21,98858588;9,45951700
21,99882588;9,28006800
22,00906588;9,28006800
22,01930588;9,28006800
22,02954588;9,45951700
22,03978588;9,45951700
22,05002588;9,45951700
22,06026588;9,63896600
22,07050588;9,63896600
22,08074588;9,63896600
22,09098588;9,63896600
22,10122588;9,63896600
22,11146588;9,81902500
22,12170588;9,81902500
22,13194588;9,81902500
22,14218588;9,81902500
22,15242588;9,81902500
22,16266588;9,81902500
22,17290588;9,99847400
22,18314588;9,99847400
22,19338588;9,99847400
22,20362588;9,99847400
22,21386588;9,99847400
22,22410588;9,99847400
22,23434588;9,99847400
22,24458588;9,99847400
22,25482588;9,99847400
22,26506588;9,99847400
22,27530588;10,17792000
22,28554588;10,35737000
22,29578588;10,35737000
22,30602588;10,35737000
22,31626588;10,35737000
22,32650588;10,35737000
22,33674588;10,35737000
22,34698588;10,35737000
22,35722588;10,35737000
22,36746588;10,35737000
22,37770588;10,35737000
22,38794588;10,35737000
22,39818588;10,53682000
22,40842588;10,35737000
22,41866588;10,53682000
22,42890588;10,53682000
22,43914588;10,71688000
22,44938588;10,71688000
22,45962588;10,71688000
22,46986588;10,71688000
22,48010588;10,71688000
22,49034588;10,71688000
22,50058588;10,71688000
22,51082588;10,71688000
22,52106588;10,71688000
22,53130588;10,71688000
22,54154588;10,89633000
22,55178588;10,89633000
22,56202588;10,89633000
22,57226588;11,07578000
22,58250588;11,07578000
22,59274588;11,07578000
22,60298588;11,07578000
22,61322588;11,07578000
22,62346588;11,07578000
22,63370588;11,07578000
22,64394588;11,07578000
22,65418588;11,07578000
22,66442588;11,25523000
22,67466588;11,25523000
22,68490588;11,25523000
22,69514588;11,43529000
22,70538588;11,43529000
22,71562588;11,43529000
22,72586588;11,43529000
22,73610588;11,43529000
22,74634588;11,43529000
22,75658588;11,43529000
22,76682588;11,43529000
22,77706588;11,43529000
22,78730588;11,43529000
22,79754588;11,61473000
22,80778588;11,61473000
22,81802588;11,61473000
22,82826588;11,61473000
22,83850588;11,61473000
22,84874588;11,79418000
22,85898588;11,79418000
22,86922588;11,79418000
22,87946588;11,79418000
22,88970588;11,79418000
22,89994588;11,79418000
22,91018588;11,79418000
22,92042588;11,79418000
22,93066588;11,79418000
22,94090588;11,79418000
22,95114588;11,79418000
22,96138588;11,79418000
22,97162588;11,97363000
22,98186588;11,79418000
22,99210588;11,97363000
23,00234588;11,97363000
23,01258588;11,97363000
23,02282588;11,97363000
23,03306588;11,79418000
23,04330588;11,97363000
23,05354587;11,97363000
23,06378587;12,15308000
23,07402587;11,97363000
23,08426587;11,97363000
23,09450587;11,97363000
23,10474587;12,15308000
23,11498587;12,15308000
23,12522587;12,15308000
23,13546587;11,97363000
23,14570587;12,15308000
23,15594587;12,15308000
23,16618587;12,15308000
23,17642587;12,15308000
23,18666587;12,15308000
23,19690587;12,15308000
23,20714587;12,15308000
23,21738587;12,15308000
23,22762587;12,15308000
23,23786587;12,15308000
23,24810587;12,15308000
23,25834587;12,15308000
23,26858587;12,15308000
23,27882587;12,15308000
23,28906587;12,15308000
23,29930587;12,15308000
23,30954587;12,15308000
23,31978587;12,15308000
23,33002587;12,15308000
23,34026587;12,15308000
23,35050587;12,15308000
23,36074587;12,15308000
23,37098587;12,15308000
23,38122587;12,15308000
23,39146587;12,15308000
23,40170587;12,15308000
23,41194587;12,15308000
23,42218587;12,15308000
23,43242587;12,15308000
23,44266587;12,15308000
23,45290587;12,15308000
23,46314587;12,15308000
23,47338587;12,15308000
23,48362587;12,15308000
23,49386587;12,15308000
23,50410587;12,15308000
23,51434587;12,15308000
23,52458587;12,15308000
23,53482587;12,15308000
23,54506587;12,15308000
23,55530587;12,15308000
23,56554587;12,15308000
23,57578587;12,15308000
23,58602587;12,15308000
23,59626587;12,15308000
23,60650587;12,15308000
23,61674587;12,15308000
23,62698587;12,15308000
23,63722587;12,15308000
23,64746587;12,15308000
23,65770587;12,15308000
23,66794587;12,15308000
23,67818587;12,15308000
23,68842587;12,15308000
23,69866587;12,15308000
23,70890587;12,15308000
23,71914587;12,15308000
23,72938587;12,15308000
23,73962587;12,15308000
23,74986587;12,15308000
23,76010587;12,15308000
23,77034587;12,15308000
23,78058587;12,33314000
23,79082587;12,15308000
23,80106587;12,15308000
23,81130587;12,15308000
23,82154587;12,15308000
23,83178587;12,15308000
23,84202587;12,15308000
23,85226587;12,15308000
23,86250587;12,15308000
23,87274587;12,15308000
23,88298587;12,15308000
23,89322587;12,15308000
23,90346587;12,15308000
23,91370587;12,33314000
23,92394587;12,15308000
23,93418587;12,15308000
23,94442587;12,15308000
23,95466587;12,15308000
23,96490587;12,15308000
23,97514587;12,33314000
23,98538587;12,15308000
23,99562587;12,33314000
24,00586587;12,15308000
24,01610587;12,15308000
24,02634587;12,15308000
24,03658587;12,15308000
24,04682587;12,15308000
24,05706587;12,15308000
24,06730587;12,15308000
24,07754587;12,15308000
24,08778587;12,15308000
24,09802587;12,15308000
24,10826587;12,15308000
24,11850587;12,15308000
24,12874587;12,15308000
24,13898587;12,33314000
24,14922587;12,33314000
24,15946587;12,15308000
24,16970587;12,15308000
24,17994587;12,33314000
24,19018587;12,33314000
24,20042587;12,51259000
24,21066587;12,15308000
24,22090587;12,15308000
24,23114587;12,33314000
24,24138587;12,33314000
24,25162587;12,15308000
24,26186587;12,33314000
24,27210587;12,33314000
24,28234587;12,33314000
24,29258587;12,33314000
24,30282587;12,33314000
24,31306587;12,15308000
24,32330587;12,15308000
24,33354587;12,33314000
24,34378587;12,33314000
24,35402587;12,15308000
24,36426587;12,15308000
24,37450587;12,15308000
24,38474587;12,33314000
24,39498587;12,33314000
24,40522587;12,15308000
24,41546587;12,15308000
24,42570587;12,15308000
24,43594587;12,15308000
24,44618587;12,15308000
24,45642587;12,15308000
24,46666587;12,15308000
24,47690587;12,15308000
24,48714587;12,15308000
24,49738587;12,15308000
24,50762587;12,15308000
24,51786587;12,15308000
24,52810587;12,15308000
24,53834587;12,15308000
24,54858587;12,15308000
24,55882587;12,15308000
24,56906587;12,15308000
24,57930587;12,15308000
24,58954587;12,15308000
24,59978587;12,15308000
24,61002587;12,15308000
24,62026587;12,15308000
24,63050587;12,15308000
24,64074587;12,15308000
24,65098587;12,15308000
24,66122587;11,97363000
24,67146587;12,15308000
24,68170587;12,15308000
24,69194587;12,15308000
24,70218586;11,97363000
24,71242586;11,97363000
24,72266586;11,97363000
24,73290586;11,97363000
24,74314586;12,15308000
24,75338586;11,97363000
24,76362586;11,97363000
24,77386586;11,97363000
24,78410586;11,79418000
24,79434586;11,79418000
24,80458586;11,79418000
24,81482586;11,79418000
24,82506586;11,79418000
24,83530586;11,79418000
24,84554586;11,79418000
24,85578586;11,61473000
24,86602586;11,43529000
24,87626586;11,61473000
24,88650586;11,79418000
24,89674586;11,43529000
24,90698586;11,43529000
24,91722586;11,43529000
24,92746586;11,43529000
24,93770586;11,43529000
24,94794586;11,43529000
24,95818586;11,43529000
24,96842586;11,43529000
24,97866586;11,43529000
24,98890586;11,43529000
24,99914586;11,43529000
25,00938586;11,43529000
25,01962586;11,25523000
25,02986586;11,43529000
25,04010586;11,43529000
25,05034586;11,43529000
25,06058586;11,25523000
25,07082586;11,43529000
25,08106586;11,43529000
25,09130586;11,43529000
25,10154586;11,43529000
25,11178586;11,25523000
25,12202586;11,43529000
25,13226586;11,43529000
25,14250586;11,43529000
25,15274586;11,43529000
25,16298586;11,43529000
25,17322586;11,43529000
25,18346586;11,43529000
25,19370586;11,43529000
25,20394586;11,43529000
25,21418586;11,43529000
25,22442586;11,43529000
25,23466586;11,43529000
25,24490586;11,43529000
25,25514586;11,43529000
25,26538586;11,43529000
25,27562586;11,43529000
25,28586586;11,43529000
25,29610586;11,25523000
25,30634586;11,25523000
25,31658586;11,25523000
25,32682586;11,07578000
25,33706586;11,07578000
25,34730586;11,07578000
25,35754586;11,07578000
25,36778586;11,07578000
25,37802586;11,07578000
25,38826586;11,07578000
25,39850586;11,07578000
25,40874586;10,89633000
25,41898586;10,89633000
25,42922586;10,89633000
25,43946586;10,89633000
25,44970586;10,71688000
25,45994586;10,71688000
25,47018586;10,71688000
25,48042586;10,89633000
25,49066586;10,89633000
25,50090586;10,71688000
25,51114586;10,71688000
25,52138586;10,53682000
25,53162586;10,71688000
25,54186586;10,53682000
25,55210586;10,71688000
25,56234586;10,35737000
25,57258586;10,71688000
25,58282586;10,71688000
25,59306586;10,53682000
25,60330586;10,53682000
25,61354586;10,35737000
25,62378586;10,35737000
25,63402586;10,35737000
25,64426586;10,35737000
25,65450586;10,17792000
25,66474586;10,35737000
25,67498586;10,35737000
25,68522586;10,35737000
25,69546586;10,17792000
25,70570586;9,99847400
25,71594586;9,99847400
25,72618586;9,81902500
25,73642586;9,99847400
25,74666586;9,99847400
25,75690586;9,99847400
25,76714586;9,99847400
25,77738586;9,99847400
25,78762586;9,99847400
25,79786586;9,81902500
25,80810586;9,81902500
25,81834586;9,63896600
25,82858586;9,63896600
25,83882586;9,63896600
25,84906586;9,63896600
25,85930586;9,63896600
25,86954586;9,63896600
25,87978586;9,63896600
25,89002586;9,63896600
25,90026586;9,63896600
25,91050586;9,45951700
25,92074586;9,28006800
25,93098586;9,28006800
25,94122586;9,28006800
25,95146586;9,28006800
25,96170586;9,28006800
25,97194586;9,28006800
25,98218586;9,45951700
25,99242586;9,28006800
26,00266586;9,28006800
26,01290586;9,10061900
26,02314586;8,92117000
26,03338586;8,92117000
26,04362586;8,92117000
26,05386586;8,92117000
26,06410586;9,10061900
26,07434586;9,10061900
26,08458586;8,92117000
26,09482586;9,10061900
26,10506586;8,92117000
26,11530586;8,56166300
26,12554586;8,56166300
26,13578586;8,56166300
26,14602586;8,56166300
26,15626586;8,56166300
26,16650586;8,56166300
26,17674586;8,56166300
26,18698586;8,56166300
26,19722586;8,56166300
26,20746586;8,56166300
26,21770586;8,38221400
26,22794586;8,20276500
26,23818586;8,20276500
26,24842586;8,20276500
26,25866586;8,20276500
26,26890586;8,20276500
26,27914586;8,20276500
26,28938586;8,20276500
26,29962586;8,20276500
26,30986586;8,02331600
26,32010586;7,84325700
26,33034586;7,66380800
26,34058585;7,84325700
26,35082585;7,84325700
26,36106585;7,66380800
26,37130585;7,66380800
26,38154585;7,84325700
26,39178585;7,84325700
26,40202585;7,66380800
26,41226585;7,48435900
26,42250585;7,48435900
26,43274585;7,12546200
26,44298585;7,48435900
26,45322585;7,48435900
26,46346585;7,12546200
26,47370585;7,30491100
26,48394585;7,48435900
26,49418585;7,30491100
26,50442585;7,12546200
26,51466585;7,12546200
26,52490585;6,76595400
26,53514585;6,76595400
26,54538585;6,76595400
26,55562585;6,76595400
26,56586585;6,76595400
26,57610585;6,76595400
26,58634585;6,94540200
26,59658585;6,76595400
26,60682585;6,58650500
26,61706585;6,40705600
26,62730585;6,40705600
26,63754585;6,04754800
26,64778585;6,22760700
26,65802585;6,40705600
26,66826585;6,22760700
26,67850585;6,40705600
26,68874585;6,40705600
26,69898585;6,40705600
26,70922585;6,04754800
26,71946585;5,68865000
26,72970585;5,68865000
26,73994585;5,68865000
26,75018585;5,68865000
26,76042585;5,68865000
26,77066585;5,86809900
26,78090585;6,04754800
26,79114585;5,68865000
26,80138585;5,68865000
26,81162585;5,50920200
26,82186585;5,32975200
26,83210585;5,14969300
26,84234585;5,14969300
26,85258585;5,32975200
26,86282585;5,32975200
26,87306585;5,32975200
26,88330585;5,32975200
26,89354585;5,32975200
26,90378585;5,14969300
26,91402585;4,97024400
26,92426585;4,61134700
26,93450585;4,61134700
26,94474585;4,61134700
26,95498585;4,61134700
26,96522585;4,61134700
26,97546585;4,79079600
26,98570585;4,79079600
26,99594585;4,61134700
27,00618585;4,43189800
27,01642585;4,25183900
27,02666585;4,07239000
27,03690585;3,89294100
27,04714585;4,07239000
27,05738585;4,07239000
27,06762585;4,25183900
27,07786585;4,07239000
27,08810585;4,25183900
27,09834585;4,07239000
27,10858585;3,89294100
27,11882585;3,53404300
27,12906585;3,53404300
27,13930585;3,35398400
27,14954585;3,53404300
27,15978585;3,53404300
27,17002585;3,53404300
27,18026585;3,53404300
27,19050585;3,53404300
27,20074585;3,35398400
27,21098585;3,17453500
27,22122585;2,99508600
27,23146585;2,81563800
27,24170585;2,81563800
27,25194585;2,81563800
27,26218585;2,99508600
27,27242585;2,81563800
27,28266585;2,81563800
27,29290585;2,99508600
27,30314585;2,81563800
27,31338585;2,45613000
27,32362585;2,45613000
27,33386585;2,09723200
27,34410585;2,27668100
27,35434585;2,27668100
27,36458585;2,45613000
27,37482585;2,27668100
27,38506585;2,27668100
27,39530585;2,27668100
27,40554585;2,09723200
27,41578585;1,91778300
27,42602585;1,73833400
27,43626585;1,55827500
27,44650585;1,73833400
27,45674585;1,73833400
27,46698585;1,73833400
27,47722585;1,73833400
27,48746585;1,73833400
27,49770585;1,55827500
27,50794585;1,37882600
27,51818585;1,19937700
27,52842585;1,01992900
27,53866585;0,84047970
27,54890585;0,84047970
27,55914585;1,01992900
27,56938585;1,01992900
27,57962585;1,01992900
27,58986585;1,01992900
27,60010585;1,01992900
27,61034585;0,66042050
27,62058585;0,48097170
27,63082585;0,30152290
27,64106585;0,30152290
27,65130585;0,48097170
27,66154585;0,48097170
27,67178585;0,48097170
27,68202585;0,48097170
27,69226585;0,48097170
27,70250585;0,30152290
27,71274585;0,30152290
27,72298585;-0,05737480
27,73322585;-0,05737480
27,74346585;-0,05737480
27,75370585;-0,05737480
27,76394585;-0,05737480
27,77418585;-0,05737480
27,78442585;-0,05737480
27,79466585;-0,05737480
27,80490585;-0,23682360
27,81514585;-0,41627250
27,82538585;-0,77517010
27,83562585;-0,77517010
27,84586585;-0,59572130
27,85610585;-0,59572130
27,86634585;-0,77517010
27,87658585;-0,77517010
27,88682585;-0,77517010
27,89706585;-0,77517010
27,90730585;-0,95522930
27,91754585;-1,13467800
27,92778585;-1,13467800
27,93802585;-1,31412700
27,94826585;-1,13467800
27,95850585;-1,13467800
27,96874585;-1,31412700
27,97898585;-1,31412700
27,98922584;-1,49357600
27,99946584;-1,49357600
28,00970584;-1,49357600
28,01994584;-1,67302500
28,03018584;-2,03253300
28,04042584;-1,85308400
28,05066584;-1,85308400
28,06090584;-1,85308400
28,07114584;-2,03253300
28,08138584;-1,85308400
28,09162584;-2,03253300
28,10186584;-2,21198200
28,11210584;-2,21198200
28,12234584;-2,57087900
28,13258584;-2,57087900
28,14282584;-2,57087900
28,15306584;-2,57087900
28,16330584;-2,57087900
28,17354584;-2,57087900
28,18378584;-2,57087900
28,19402584;-2,57087900
28,20426584;-2,57087900
28,21450584;-2,93038700
28,22474584;-3,10983600
28,23498584;-3,10983600
28,24522584;-3,10983600
28,25546584;-3,10983600
28,26570584;-2,93038700
28,27594584;-3,10983600
28,28618584;-3,10983600
28,29642584;-3,10983600
28,30666584;-3,28928500
28,31690584;-3,46873400
28,32714584;-3,64879300
28,33738584;-3,64879300
28,34762584;-3,64879300
28,35786584;-3,64879300
28,36810584;-3,64879300
28,37834584;-3,64879300
28,38858584;-3,64879300
28,39882584;-3,64879300
28,40906584;-3,82824200
28,41930584;-4,00769000
28,42954584;-4,00769000
28,43978584;-4,00769000
28,45002584;-4,00769000
28,46026584;-4,00769000
28,47050584;-4,00769000
28,48074584;-4,00769000
28,49098584;-4,00769000
28,50122584;-4,36658800
28,51146584;-4,36658800
28,52170584;-4,54664800
28,53194584;-4,72609600
28,54218584;-4,54664800
28,55242584;-4,54664800
28,56266584;-4,54664800
28,57290584;-4,54664800
28,58314584;-4,72609600
28,59338584;-4,72609600
28,60362584;-4,90554500
28,61386584;-5,08499400
28,62410584;-5,08499400
28,63434584;-5,08499400
28,64458584;-5,08499400
28,65482584;-5,08499400
28,66506584;-5,08499400
28,67530584;-5,08499400
28,68554584;-5,08499400
28,69578584;-5,26444300
28,70602584;-5,26444300
28,71626584;-5,44450200
28,72650584;-5,62395100
28,73674584;-5,62395100
28,74698584;-5,44450200
28,75722584;-5,44450200
28,76746584;-5,62395100
28,77770584;-5,62395100
28,78794584;-5,62395100
28,79818584;-5,80340000
28,80842584;-5,80340000
28,81866584;-5,80340000
28,82890584;-5,80340000
28,83914584;-5,98284900
28,84938584;-5,80340000
28,85962584;-5,80340000
28,86986584;-5,98284900
28,88010584;-5,80340000
28,89034584;-5,98284900
28,90058584;-5,80340000
28,91082584;-5,80340000
28,92106584;-5,98284900
28,93130584;-5,98284900
28,94154584;-5,80340000
28,95178584;-5,98284900
28,96202584;-5,98284900
28,97226584;-5,80340000
28,98250584;-5,80340000
28,99274584;-5,80340000
29,00298584;-5,80340000
29,01322584;-5,98284900
29,02346584;-5,80340000
29,03370584;-5,80340000
29,04394584;-5,80340000
29,05418584;-5,80340000
29,06442584;-5,80340000
29,07466584;-5,98284900
29,08490584;-5,98284900
29,09514584;-5,80340000
29,10538584;-5,80340000
29,11562584;-5,80340000
29,12586584;-5,80340000
29,13610584;-5,98284900
29,14634584;-5,80340000
29,15658584;-5,80340000
29,16682584;-5,80340000
29,17706584;-5,80340000
29,18730584;-5,80340000
29,19754584;-5,80340000
29,20778584;-5,80340000
29,21802584;-5,80340000
29,22826584;-5,98284900
29,23850584;-5,80340000
29,24874584;-5,80340000
29,25898584;-5,80340000
29,26922584;-5,80340000
29,27946584;-5,80340000
29,28970584;-5,80340000
29,29994584;-5,80340000
29,31018584;-5,80340000
29,32042584;-5,80340000
29,33066584;-5,80340000
29,34090584;-5,80340000
29,35114584;-5,80340000
29,36138584;-5,80340000
29,37162584;-5,80340000
29,38186584;-5,80340000
29,39210584;-5,80340000
29,40234584;-5,80340000
29,41258584;-5,80340000
29,42282584;-5,80340000
29,43306584;-5,80340000
29,44330584;-5,80340000
29,45354584;-5,80340000
29,46378584;-5,80340000
29,47402584;-5,80340000
29,48426584;-5,80340000
29,49450584;-5,80340000
29,50474584;-5,80340000
29,51498584;-5,80340000
29,52522584;-5,80340000
29,53546584;-5,80340000
29,54570584;-5,80340000
29,55594584;-5,80340000
29,56618584;-5,80340000
29,57642584;-5,80340000
29,58666584;-5,80340000
29,59690584;-5,80340000
29,60714584;-5,80340000
29,61738584;-5,80340000
29,62762584;-5,80340000
29,63786583;-5,80340000
29,64810583;-5,80340000
29,65834583;-5,80340000
29,66858583;-5,80340000
29,67882583;-5,80340000
29,68906583;-5,80340000
29,69930583;-5,80340000
29,70954583;-5,80340000
29,71978583;-5,80340000
29,73002583;-5,80340000
29,74026583;-5,80340000
29,75050583;-5,80340000
29,76074583;-5,80340000
29,77098583;-5,80340000
29,78122583;-5,80340000
29,79146583;-5,80340000
29,80170583;-5,80340000
29,81194583;-5,80340000
29,82218583;-5,80340000
29,83242583;-5,80340000
29,84266583;-5,80340000
29,85290583;-5,80340000
29,86314583;-5,80340000
29,87338583;-5,80340000
29,88362583;-5,80340000
29,89386583;-5,80340000
29,90410583;-5,80340000
29,91434583;-5,80340000
29,92458583;-5,80340000
29,93482583;-5,80340000
29,94506583;-5,80340000
29,95530583;-5,80340000
29,96554583;-5,80340000
29,97578583;-5,80340000
29,98602583;-5,80340000
29,99626583;-5,80340000
30,00650583;-5,80340000
30,01674583;-5,80340000
30,02698583;-5,80340000
30,03722583;-5,80340000
30,04746583;-5,80340000
30,05770583;-5,80340000
30,06794583;-5,80340000
30,07818583;-5,80340000
30,08842583;-5,80340000
30,09866583;-5,80340000
30,10890583;-5,80340000
30,11914583;-5,80340000
30,12938583;-5,80340000
30,13962583;-5,80340000
30,14986583;-5,80340000
30,16010583;-5,80340000
30,17034583;-5,80340000
30,18058583;-5,80340000
30,19082583;-5,80340000
30,20106583;-5,80340000
30,21130583;-5,80340000
30,22154583;-5,80340000
30,23178583;-5,80340000
30,24202583;-5,80340000
30,25226583;-5,80340000
30,26250583;-5,80340000
30,27274583;-5,80340000
30,28298583;-5,80340000
30,29322583;-5,80340000
30,30346583;-5,80340000
30,31370583;-5,80340000
30,32394583;-5,80340000
30,33418583;-5,80340000
30,34442583;-5,80340000
30,35466583;-5,80340000
30,36490583;-5,80340000
30,37514583;-5,80340000
30,38538583;-5,80340000
30,39562583;-5,80340000
30,40586583;-5,80340000
30,41610583;-5,80340000
30,42634583;-5,80340000
30,43658583;-5,80340000
30,44682583;-5,80340000
30,45706583;-5,80340000
30,46730583;-5,80340000
30,47754583;-5,80340000
30,48778583;-5,80340000
30,49802583;-5,80340000
30,50826583;-5,80340000
30,51850583;-5,80340000
30,52874583;-5,80340000
30,53898583;-5,80340000
30,54922583;-5,80340000
30,55946583;-5,80340000
30,56970583;-5,80340000
30,57994583;-5,80340000
30,59018583;-5,80340000
30,60042583;-5,80340000
30,61066583;-5,80340000
30,62090583;-5,80340000
30,63114583;-5,80340000
30,64138583;-5,80340000
30,65162583;-5,80340000
30,66186583;-5,80340000
30,67210583;-5,80340000
30,68234583;-5,80340000
30,69258583;-5,80340000
30,70282583;-5,80340000
30,71306583;-5,80340000
30,72330583;-5,80340000
30,73354583;-5,80340000
30,74378583;-5,80340000
30,75402583;-5,80340000
30,76426583;-5,80340000
30,77450583;-5,80340000
30,78474583;-5,80340000
30,79498583;-5,80340000
30,80522583;-5,80340000
30,81546583;-5,80340000
30,82570583;-5,80340000
30,83594583;-5,80340000
30,84618583;-5,80340000
30,85642583;-5,80340000
30,86666583;-5,80340000
30,87690583;-5,80340000
30,88714583;-5,80340000
30,89738583;-5,80340000
30,90762583;-5,80340000
30,91786583;-5,80340000
30,92810583;-5,80340000
30,93834583;-5,80340000
30,94858583;-5,80340000
30,95882583;-5,80340000
30,96906583;-5,80340000
30,97930583;-5,80340000
30,98954583;-5,80340000
30,99978583;-5,80340000
31,01002583;-5,80340000
31,02026583;-5,80340000
31,03050583;-5,80340000
31,04074583;-5,80340000
31,05098583;-5,80340000
31,06122583;-5,80340000
31,07146583;-5,80340000
31,08170583;-5,80340000
31,09194583;-5,80340000
31,10218583;-5,80340000
31,11242583;-5,80340000
31,12266583;-5,80340000
31,13290583;-5,80340000
31,14314583;-5,80340000
31,15338583;-5,80340000
31,16362583;-5,80340000
31,17386583;-5,80340000
31,18410583;-5,80340000
31,19434583;-5,80340000
31,20458583;-5,80340000
31,21482583;-5,80340000
31,22506583;-5,80340000
31,23530583;-5,80340000
31,24554583;-5,80340000
31,25578583;-5,80340000
31,26602583;-5,80340000
31,27626582;-5,80340000
31,28650582;-5,80340000
31,29674582;-5,80340000
31,30698582;-5,80340000
31,31722582;-5,80340000
31,32746582;-5,80340000
31,33770582;-5,80340000
31,34794582;-5,80340000
31,35818582;-5,80340000
31,36842582;-5,80340000
31,37866582;-5,80340000
31,38890582;-5,80340000
31,39914582;-5,80340000
31,40938582;-5,80340000
31,41962582;-5,80340000
31,42986582;-5,80340000
31,44010582;-5,80340000
31,45034582;-5,80340000
31,46058582;-5,80340000
31,47082582;-5,80340000
31,48106582;-5,80340000
31,49130582;-5,80340000
31,50154582;-5,80340000
31,51178582;-5,80340000
31,52202582;-5,80340000
31,53226582;-5,80340000
31,54250582;-5,80340000
31,55274582;-5,80340000
31,56298582;-5,80340000
31,57322582;-5,80340000
31,58346582;-5,80340000
31,59370582;-5,80340000
31,60394582;-5,80340000
31,61418582;-5,80340000
31,62442582;-5,80340000
31,63466582;-5,80340000
31,64490582;-5,80340000
31,65514582;-5,80340000
31,66538582;-5,80340000
31,67562582;-5,80340000
31,68586582;-5,80340000
31,69610582;-5,80340000
31,70634582;-5,80340000
31,71658582;-5,80340000
31,72682582;-5,80340000
31,73706582;-5,80340000
31,74730582;-5,80340000
31,75754582;-5,80340000
31,76778582;-5,80340000
31,77802582;-5,80340000
31,78826582;-5,80340000
31,79850582;-5,80340000
31,80874582;-5,80340000
31,81898582;-5,80340000
31,82922582;-5,80340000
31,83946582;-5,80340000
31,84970582;-5,80340000
31,85994582;-5,80340000
31,87018582;-5,80340000
31,88042582;-5,80340000
31,89066582;-5,80340000
31,90090582;-5,80340000
31,91114582;-5,80340000
31,92138582;-5,80340000
31,93162582;-5,80340000
31,94186582;-5,80340000
31,95210582;-5,80340000
31,96234582;-5,80340000
31,97258582;-5,80340000
31,98282582;-5,80340000
31,99306582;-5,80340000
32,00330582;-5,80340000
32,01354582;-5,80340000
32,02378582;-5,80340000
32,03402582;-5,80340000
32,04426582;-5,80340000
32,05450582;-5,80340000
32,06474582;-5,80340000
32,07498582;-5,80340000
32,08522582;-5,80340000
32,09546582;-5,80340000
32,10570582;-5,80340000
32,11594582;-5,80340000
32,12618582;-5,80340000
32,13642582;-5,80340000
32,14666582;-5,80340000
32,15690582;-5,80340000
32,16714582;-5,80340000
32,17738582;-5,80340000
32,18762582;-5,80340000
32,19786582;-5,80340000
32,20810582;-5,80340000
32,21834582;-5,80340000
32,22858582;-5,80340000
32,23882582;-5,80340000
32,24906582;-5,80340000
32,25930582;-5,80340000
32,26954582;-5,80340000
32,27978582;-5,80340000
32,29002582;-5,80340000
32,30026582;-5,80340000
32,31050582;-5,80340000
32,32074582;-5,80340000
32,33098582;-5,80340000
32,34122582;-5,80340000
32,35146582;-5,80340000
32,36170582;-5,80340000
32,37194582;-5,80340000
32,38218582;-5,80340000
32,39242582;-5,80340000
32,40266582;-5,80340000
32,41290582;-5,80340000
32,42314582;-5,80340000
32,43338582;-5,80340000
32,44362582;-5,80340000
32,45386582;-5,80340000
32,46410582;-5,80340000
32,47434582;-5,80340000
32,48458582;-5,80340000
32,49482582;-5,80340000
32,50506582;-5,62395100
32,51530582;-5,80340000
32,52554582;-5,80340000
32,53578582;-5,80340000
32,54602582;-5,80340000
32,55626582;-5,80340000
32,56650582;-5,80340000
32,57674582;-5,80340000
32,58698582;-5,80340000
32,59722582;-5,80340000
32,60746582;-5,80340000
32,61770582;-5,80340000
32,62794582;-5,80340000
32,63818582;-5,80340000
32,64842582;-5,80340000
32,65866582;-5,80340000
32,66890582;-5,80340000
32,67914582;-5,80340000
32,68938582;-5,62395100
32,69962582;-5,80340000
32,70986582;-5,62395100
32,72010582;-5,62395100
32,73034582;-5,80340000
32,74058582;-5,80340000
32,75082582;-5,80340000
32,76106582;-5,80340000
32,77130582;-5,80340000
32,78154582;-5,80340000
32,79178582;-5,80340000
32,80202582;-5,80340000
32,81226582;-5,62395100
32,82250582;-5,80340000
32,83274582;-5,80340000
32,84298582;-5,80340000
32,85322582;-5,80340000
32,86346582;-5,80340000
32,87370582;-5,80340000
32,88394582;-5,80340000
32,89418582;-5,62395100
32,90442582;-5,80340000
32,91466582;-5,80340000
32,92490581;-5,62395100
32,93514581;-5,80340000
32,94538581;-5,80340000
32,95562581;-5,80340000
32,96586581;-5,80340000
32,97610581;-5,62395100
32,98634581;-5,62395100
32,99658581;-5,62395100
33,00682581;-5,62395100
33,01706581;-5,80340000
33,02730581;-5,80340000
33,03754581;-5,62395100
33,04778581;-5,62395100
33,05802581;-5,80340000
33,06826581;-5,62395100
33,07850581;-5,80340000
33,08874581;-5,80340000
33,09898581;-5,80340000
33,10922581;-5,80340000
33,11946581;-5,80340000
33,12970581;-5,62395100
33,13994581;-5,80340000
33,15018581;-5,62395100
33,16042581;-5,80340000
33,17066581;-5,80340000
33,18090581;-5,62395100
33,19114581;-5,62395100
33,20138581;-5,62395100
33,21162581;-5,62395100
33,22186581;-5,62395100
33,23210581;-5,62395100
33,24234581;-5,62395100
33,25258581;-5,80340000
33,26282581;-5,62395100
33,27306581;-5,62395100
33,28330581;-5,80340000
33,29354581;-5,62395100
33,30378581;-5,80340000
33,31402581;-5,62395100
33,32426581;-5,44450200
33,33450581;-5,62395100
33,34474581;-5,80340000
33,35498581;-5,62395100
33,36522581;-5,62395100
33,37546581;-5,80340000
33,38570581;-5,62395100
33,39594581;-5,80340000
33,40618581;-5,44450200
33,41642581;-5,62395100
33,42666581;-5,80340000
33,43690581;-5,62395100
33,44714581;-5,62395100
33,45738581;-5,62395100
33,46762581;-5,80340000
33,47786581;-5,80340000
33,48810581;-5,62395100
33,49834581;-5,62395100
33,50858581;-5,80340000
33,51882581;-5,80340000
33,52906581;-5,80340000
33,53930581;-5,62395100
33,54954581;-5,62395100
33,55978581;-5,62395100
33,57002581;-5,80340000
33,58026581;-5,62395100
33,59050581;-5,62395100
33,60074581;-5,62395100
33,61098581;-5,62395100
33,62122581;-5,62395100
33,63146581;-5,62395100
33,64170581;-5,80340000
33,65194581;-5,62395100
33,66218581;-5,62395100
33,67242581;-5,62395100
33,68266581;-5,62395100
33,69290581;-5,62395100
33,70314581;-5,44450200
33,71338581;-5,62395100
33,72362581;-5,44450200
33,73386581;-5,80340000
33,74410581;-5,62395100
33,75434581;-5,44450200
33,76458581;-5,80340000
33,77482581;-5,44450200
33,78506581;-5,80340000
33,79530581;-5,62395100
33,80554581;-5,44450200
33,81578581;-5,62395100
33,82602581;-5,62395100
33,83626581;-5,62395100
33,84650581;-5,62395100
33,85674581;-5,62395100
33,86698581;-5,62395100
33,87722581;-5,62395100
33,88746581;-5,62395100
33,89770581;-5,62395100
33,90794581;-5,62395100
33,91818581;-5,62395100
33,92842581;-5,80340000
33,93866581;-5,62395100
33,94890581;-5,44450200
33,95914581;-5,62395100
33,96938581;-5,62395100
33,97962581;-5,80340000
33,98986581;-5,62395100
34,00010581;-5,80340000
34,01034581;-5,62395100
34,02058581;-5,62395100
34,03082581;-5,62395100
34,04106581;-5,62395100
34,05130581;-5,62395100
34,06154581;-5,44450200
34,07178581;-5,62395100
34,08202581;-5,62395100
34,09226581;-5,62395100
34,10250581;-5,62395100
34,11274581;-5,62395100
34,12298581;-5,80340000
34,13322581;-5,62395100
34,14346581;-5,62395100
34,15370581;-5,62395100
34,16394581;-5,62395100
34,17418581;-5,44450200
34,18442581;-5,62395100
34,19466581;-5,44450200
34,20490581;-5,62395100
34,21514581;-5,62395100
34,22538581;-5,62395100
34,23562581;-5,62395100
34,24586581;-5,62395100
34,25610581;-5,44450200
34,26634581;-5,44450200
34,27658581;-5,62395100
34,28682581;-5,62395100
34,29706581;-5,62395100
34,30730581;-5,62395100
34,31754581;-5,44450200
34,32778581;-5,44450200
34,33802581;-5,44450200
34,34826581;-5,62395100
34,35850581;-5,62395100
34,36874581;-5,44450200
34,37898581;-5,44450200
34,38922581;-5,44450200
34,39946581;-5,62395100
34,40970581;-5,62395100
34,41994581;-5,44450200
34,43018581;-5,62395100
34,44042581;-5,44450200
34,45066581;-5,62395100
34,46090581;-5,62395100
34,47114581;-5,62395100
34,48138581;-5,62395100
34,49162581;-5,62395100
34,50186581;-5,62395100
34,51210581;-5,62395100
34,52234581;-5,44450200
34,53258581;-5,44450200
34,54282581;-5,44450200
34,55306581;-5,62395100
34,56330581;-5,44450200
34,57354580;-5,44450200
34,58378580;-5,44450200
34,59402580;-5,44450200
34,60426580;-5,62395100
34,61450580;-5,44450200
34,62474580;-5,44450200
34,63498580;-5,62395100
34,64522580;-5,44450200
34,65546580;-5,44450200
34,66570580;-5,62395100
34,67594580;-5,44450200
34,68618580;-5,44450200
34,69642580;-5,44450200
34,70666580;-5,44450200
34,71690580;-5,44450200
34,72714580;-5,62395100
34,73738580;-5,62395100
34,74762580;-5,44450200
34,75786580;-5,44450200
34,76810580;-5,44450200
34,77834580;-5,44450200
34,78858580;-5,44450200
34,79882580;-5,44450200
34,80906580;-5,62395100
34,81930580;-5,44450200
34,82954580;-5,44450200
34,83978580;-5,44450200
34,85002580;-5,44450200
34,86026580;-5,44450200
34,87050580;-5,44450200
34,88074580;-5,44450200
34,89098580;-5,44450200
34,90122580;-5,44450200
34,91146580;-5,44450200
34,92170580;-5,44450200
34,93194580;-5,62395100
34,94218580;-5,44450200
34,95242580;-5,44450200
34,96266580;-5,44450200
34,97290580;-5,44450200
34,98314580;-5,44450200
34,99338580;-5,44450200
35,00362580;-5,44450200
35,01386580;-5,44450200
35,02410580;-5,62395100
35,03434580;-5,44450200
35,04458580;-5,44450200
35,05482580;-5,44450200
35,06506580;-5,44450200
35,07530580;-5,44450200
35,08554580;-5,44450200
35,09578580;-5,44450200
35,10602580;-5,44450200
35,11626580;-5,44450200
35,12650580;-5,44450200
35,13674580;-5,44450200
35,14698580;-5,44450200
35,15722580;-5,44450200
35,16746580;-5,44450200
35,17770580;-5,44450200
35,18794580;-5,44450200
35,19818580;-5,44450200
35,20842580;-5,44450200
35,21866580;-5,44450200
35,22890580;-5,44450200
35,23914580;-5,44450200
35,24938580;-5,44450200
35,25962580;-5,44450200
35,26986580;-5,44450200
35,28010580;-5,44450200
35,29034580;-5,44450200
35,30058580;-5,44450200
35,31082580;-5,44450200
35,32106580;-5,44450200
35,33130580;-5,44450200
35,34154580;-5,44450200
35,35178580;-5,44450200
35,36202580;-5,44450200
35,37226580;-5,44450200
35,38250580;-5,44450200
35,39274580;-5,44450200
35,40298580;-5,44450200
35,41322580;-5,44450200
35,42346580;-5,44450200
35,43370580;-5,44450200
35,44394580;-5,44450200
35,45418580;-5,44450200
35,46442580;-5,44450200
35,47466580;-5,44450200
35,48490580;-5,44450200
35,49514580;-5,44450200
35,50538580;-5,44450200
35,51562580;-5,44450200
35,52586580;-5,44450200
35,53610580;-5,44450200
35,54634580;-5,44450200
35,55658580;-5,44450200
35,56682580;-5,44450200
35,57706580;-5,44450200
35,58730580;-5,44450200
35,59754580;-5,44450200
35,60778580;-5,44450200
35,61802580;-5,44450200
35,62826580;-5,44450200
35,63850580;-5,44450200
35,64874580;-5,44450200
35,65898580;-5,44450200
35,66922580;-5,44450200
35,67946580;-5,44450200
35,68970580;-5,44450200
35,69994580;-5,44450200
35,71018580;-5,44450200
35,72042580;-5,44450200
35,73066580;-5,44450200
35,74090580;-5,44450200
35,75114580;-5,44450200
35,76138580;-5,44450200
35,77162580;-5,44450200
35,78186580;-5,44450200
35,79210580;-5,44450200
35,80234580;-5,44450200
35,81258580;-5,44450200
35,82282580;-5,44450200
35,83306580;-5,44450200
35,84330580;-5,44450200
35,85354580;-5,44450200
35,86378580;-5,44450200
35,87402580;-5,44450200
35,88426580;-5,44450200
35,89450580;-5,44450200
35,90474580;-5,44450200
35,91498580;-5,44450200
35,92522580;-5,44450200
35,93546580;-5,44450200
35,94570580;-5,44450200
35,95594580;-5,44450200
35,96618580;-5,44450200
35,97642580;-5,44450200
35,98666580;-5,44450200
35,99690580;-5,44450200
36,00714580;-5,44450200
36,01738580;-5,44450200
36,02762580;-5,44450200
36,03786580;-5,44450200
36,04810580;-5,44450200
36,05834580;-5,44450200
36,06858580;-5,44450200
36,07882580;-5,44450200
36,08906580;-5,44450200
36,09930580;-5,44450200
36,10954580;-5,44450200
36,11978580;-5,44450200
36,13002580;-5,44450200
36,14026580;-5,44450200
36,15050580;-5,44450200
36,16074580;-5,44450200
36,17098580;-5,44450200
36,18122580;-5,44450200
36,19146580;-5,44450200
36,20170580;-5,44450200
36,21194580;-5,44450200
36,22218579;-5,44450200
36,23242579;-5,44450200
36,24266579;-5,44450200
36,25290579;-5,44450200
36,26314579;-5,44450200
36,27338579;-5,44450200
36,28362579;-5,44450200
36,29386579;-5,44450200
36,30410579;-5,44450200
36,31434579;-5,44450200
36,32458579;-5,44450200
36,33482579;-5,44450200
36,34506579;-5,44450200
36,35530579;-5,44450200
36,36554579;-5,44450200
36,37578579;-5,44450200
36,38602579;-5,44450200
36,39626579;-5,44450200
36,40650579;-5,44450200
36,41674579;-5,44450200
36,42698579;-5,44450200
36,43722579;-5,44450200
36,44746579;-5,44450200
36,45770579;-5,44450200
36,46794579;-5,44450200
36,47818579;-5,44450200
36,48842579;-5,44450200
36,49866579;-5,44450200
36,50890579;-5,44450200
36,51914579;-5,44450200
36,52938579;-5,44450200
36,53962579;-5,44450200
36,54986579;-5,44450200
36,56010579;-5,44450200
36,57034579;-5,44450200
36,58058579;-5,44450200
36,59082579;-5,44450200
36,60106579;-5,44450200
36,61130579;-5,44450200
36,62154579;-5,44450200
36,63178579;-5,44450200
36,64202579;-5,44450200
36,65226579;-5,44450200
36,66250579;-5,44450200
36,67274579;-5,44450200
36,68298579;-5,44450200
36,69322579;-5,44450200
36,70346579;-5,44450200
36,71370579;-5,44450200
36,72394579;-5,44450200
36,73418579;-5,44450200
36,74442579;-5,44450200
36,75466579;-5,44450200
36,76490579;-5,44450200
36,77514579;-5,44450200
36,78538579;-5,44450200
36,79562579;-5,44450200
36,80586579;-5,44450200
36,81610579;-5,44450200
36,82634579;-5,44450200
36,83658579;-5,44450200
36,84682579;-5,44450200
36,85706579;-5,44450200
36,86730579;-5,44450200
36,87754579;-5,44450200
36,88778579;-5,44450200
36,89802579;-5,44450200
36,90826579;-5,44450200
36,91850579;-5,44450200
36,92874579;-5,44450200
36,93898579;-5,44450200
36,94922579;-5,44450200
36,95946579;-5,44450200
36,96970579;-5,44450200
36,97994579;-5,44450200
36,99018579;-5,44450200
37,00042579;-5,44450200
37,01066579;-5,44450200
37,02090579;-5,44450200
37,03114579;-5,44450200
37,04138579;-5,44450200
37,05162579;-5,44450200
37,06186579;-5,44450200
37,07210579;-5,44450200
37,08234579;-5,44450200
37,09258579;-5,44450200
37,10282579;-5,44450200
37,11306579;-5,44450200
37,12330579;-5,44450200
37,13354579;-5,44450200
37,14378579;-5,44450200
37,15402579;-5,44450200
37,16426579;-5,44450200
37,17450579;-5,44450200
37,18474579;-5,44450200
37,19498579;-5,44450200
37,20522579;-5,44450200
37,21546579;-5,44450200
37,22570579;-5,44450200
37,23594579;-5,44450200
37,24618579;-5,44450200
37,25642579;-5,44450200
37,26666579;-5,44450200
37,27690579;-5,44450200
37,28714579;-5,44450200
37,29738579;-5,44450200
37,30762579;-5,44450200
37,31786579;-5,44450200
37,32810579;-5,44450200
37,33834579;-5,44450200
37,34858579;-5,44450200
37,35882579;-5,44450200
37,36906579;-5,44450200
37,37930579;-5,44450200
37,38954579;-5,44450200
37,39978579;-5,44450200
37,41002579;-5,44450200
37,42026579;-5,44450200
37,43050579;-5,44450200
37,44074579;-5,44450200
37,45098579;-5,44450200
37,46122579;-5,44450200
37,47146579;-5,44450200
37,48170579;-5,44450200
37,49194579;-5,44450200
37,50218579;-5,44450200
37,51242579;-5,44450200
37,52266579;-5,44450200
37,53290579;-5,44450200
37,54314579;-5,44450200
37,55338579;-5,44450200
37,56362579;-5,44450200
37,57386579;-5,44450200
37,58410579;-5,44450200
37,59434579;-5,44450200
37,60458579;-5,44450200
37,61482579;-5,44450200
37,62506579;-5,44450200
37,63530579;-5,44450200
37,64554579;-5,44450200
37,65578579;-5,44450200
37,66602579;-5,44450200
37,67626579;-5,44450200
37,68650579;-5,44450200
37,69674579;-5,44450200
37,70698579;-5,44450200
37,71722579;-5,44450200
37,72746579;-5,44450200
37,73770579;-5,44450200
37,74794579;-5,44450200
37,75818579;-5,26444300
37,76842579;-5,44450200
37,77866579;-5,44450200
37,78890579;-5,44450200
37,79914579;-5,44450200
37,80938579;-5,44450200
37,81962579;-5,44450200
37,82986579;-5,44450200
37,84010579;-5,44450200
37,85034579;-5,44450200
37,86058578;-5,44450200
37,87082578;-5,44450200
37,88106578;-5,44450200
37,89130578;-5,44450200
37,90154578;-5,44450200
37,91178578;-5,44450200
37,92202578;-5,44450200
37,93226578;-5,44450200
37,94250578;-5,44450200
37,95274578;-5,44450200
37,96298578;-5,26444300
37,97322578;-5,44450200
37,98346578;-5,44450200
37,99370578;-5,44450200
38,00394578;-5,26444300
38,01418578;-5,44450200
38,02442578;-5,44450200
38,03466578;-5,44450200
38,04490578;-5,44450200
38,05514578;-5,26444300
38,06538578;-5,44450200
38,07562578;-5,44450200
38,08586578;-5,44450200
38,09610578;-5,44450200
38,10634578;-5,44450200
38,11658578;-5,44450200
38,12682578;-5,44450200
38,13706578;-5,44450200
38,14730578;-5,44450200
38,15754578;-5,44450200
38,16778578;-5,26444300
38,17802578;-5,44450200
38,18826578;-5,44450200
38,19850578;-5,44450200
38,20874578;-5,44450200
38,21898578;-5,44450200
38,22922578;-5,44450200
38,23946578;-5,26444300
38,24970578;-5,44450200
38,25994578;-5,44450200
38,27018578;-5,44450200
38,28042578;-5,26444300
38,29066578;-5,44450200
38,30090578;-5,44450200
38,31114578;-5,26444300
38,32138578;-5,44450200
38,33162578;-5,26444300
38,34186578;-5,26444300
38,35210578;-5,44450200
38,36234578;-5,44450200
38,37258578;-5,44450200
38,38282578;-5,44450200
38,39306578;-5,26444300
38,40330578;-5,44450200
38,41354578;-5,26444300
38,42378578;-5,44450200
38,43402578;-5,26444300
38,44426578;-5,44450200
38,45450578;-5,44450200
38,46474578;-5,44450200
38,47498578;-5,26444300
38,48522578;-5,44450200
38,49546578;-5,26444300
38,50570578;-5,26444300
38,51594578;-5,44450200
38,52618578;-5,44450200
38,53642578;-5,44450200
38,54666578;-5,26444300
38,55690578;-5,44450200
38,56714578;-5,26444300
38,57738578;-5,44450200
38,58762578;-5,44450200
38,59786578;-5,44450200
38,60810578;-5,44450200
38,61834578;-5,44450200
38,62858578;-5,44450200
38,63882578;-5,44450200
38,64906578;-5,26444300
38,65930578;-5,26444300
38,66954578;-5,44450200
38,67978578;-5,44450200
38,69002578;-5,44450200
38,70026578;-5,26444300
38,71050578;-5,44450200
38,72074578;-5,44450200
38,73098578;-5,26444300
38,74122578;-5,44450200
38,75146578;-5,44450200
38,76170578;-5,26444300
38,77194578;-5,44450200
38,78218578;-5,44450200
38,79242578;-5,26444300
38,80266578;-5,44450200
38,81290578;-5,26444300
38,82314578;-5,44450200
38,83338578;-5,26444300
38,84362578;-5,26444300
38,85386578;-5,44450200
38,86410578;-5,26444300
38,87434578;-5,44450200
38,88458578;-5,26444300
38,89482578;-5,44450200
38,90506578;-5,44450200
38,91530578;-5,44450200
38,92554578;-5,26444300
38,93578578;-5,44450200
38,94602578;-5,44450200
38,95626578;-5,26444300
38,96650578;-5,08499400
38,97674578;-5,26444300
38,98698578;-5,26444300
38,99722578;-5,08499400
39,00746578;-5,08499400
39,01770578;-5,08499400
39,02794578;-5,08499400
39,03818578;-5,08499400
39,04842578;-4,90554500
39,05866578;-4,72609600
39,06890578;-4,72609600
39,07914578;-4,72609600
39,08938578;-4,72609600
39,09962578;-4,72609600
39,10986578;-4,72609600
39,12010578;-4,54664800
39,13034578;-4,54664800
39,14058578;-4,36658800
39,15082578;-4,36658800
39,16106578;-4,00769000
39,17130578;-4,00769000
39,18154578;-4,18714000
39,19178578;-4,18714000
39,20202578;-4,00769000
39,21226578;-4,00769000
39,22250578;-4,00769000
39,23274578;-4,00769000
39,24298578;-3,82824200
39,25322578;-3,64879300
39,26346578;-3,64879300
39,27370578;-3,64879300
39,28394578;-3,64879300
39,29418578;-3,64879300
39,30442578;-3,64879300
39,31466578;-3,64879300
39,32490578;-3,64879300
39,33514578;-3,46873400
39,34538578;-3,28928500
39,35562578;-3,28928500
39,36586578;-3,28928500
39,37610578;-3,28928500
39,38634578;-3,28928500
39,39658578;-3,28928500
39,40682578;-3,28928500
39,41706578;-3,10983600
39,42730578;-3,10983600
39,43754578;-2,93038700
39,44778578;-2,93038700
39,45802578;-2,93038700
39,46826578;-2,57087900
39,47850578;-2,57087900
39,48874578;-2,75093800
39,49898578;-2,75093800
39,50922577;-2,57087900
39,51946577;-2,57087900
39,52970577;-2,57087900
39,53994577;-2,39143000
39,55018577;-2,21198200
39,56042577;-2,21198200
39,57066577;-2,21198200
39,58090577;-2,21198200
39,59114577;-2,21198200
39,60138577;-2,21198200
39,61162577;-2,21198200
39,62186577;-2,03253300
39,63210577;-1,85308400
39,64234577;-1,85308400
39,65258577;-1,67302500
39,66282577;-1,67302500
39,67306577;-1,49357600
39,68330577;-1,67302500
39,69354577;-1,67302500
39,70378577;-1,49357600
39,71402577;-1,49357600
39,72426577;-1,49357600
39,73450577;-1,49357600
39,74474577;-1,13467800
39,75498577;-1,13467800
39,76522577;-1,13467800
39,77546577;-1,13467800
39,78570577;-1,13467800
39,79594577;-1,13467800
39,80618577;-0,95522930
39,81642577;-0,95522930
39,82666577;-0,77517010
39,83690577;-0,77517010
39,84714577;-0,77517010
39,85738577;-0,59572130
39,86762577;-0,59572130
39,87786577;-0,59572130
39,88810577;-0,59572130
39,89834577;-0,41627250
39,90858577;-0,41627250
39,91882577;-0,41627250
39,92906577;-0,41627250
39,93930577;-0,23682360
39,94954577;-0,05737480
39,95978577;-0,05737480
39,97002577;-0,05737480
39,98026577;-0,05737480
39,99050577;-0,05737480
40,00074577;-0,05737480
40,01098577;0,12207400
40,02122577;0,12207400
40,03146577;0,30152290
40,04170577;0,30152290
40,05194577;0,30152290
40,06218577;0,48097170
40,07242577;0,48097170
40,08266577;0,30152290
40,09290577;0,48097170
40,10314577;0,66042050
40,11338577;0,66042050
40,12362577;0,66042050
40,13386577;0,66042050
40,14410577;0,84047970
40,15434577;1,01992900
40,16458577;1,01992900
40,17482577;1,01992900
40,18506577;1,01992900
40,19530577;1,01992900
40,20554577;1,19937700
40,21578577;1,19937700
40,22602577;1,19937700
40,23626577;1,37882600
40,24650577;1,37882600
40,25674577;1,37882600
40,26698577;1,55827500
40,27722577;1,55827500
40,28746577;1,55827500
40,29770577;1,73833400
40,30794577;1,73833400
40,31818577;1,73833400
40,32842577;1,73833400
40,33866577;1,91778300
40,34890577;1,91778300
40,35914577;1,91778300
40,36938577;2,09723200
40,37962577;2,09723200
40,38986577;2,09723200
40,40010577;2,09723200
40,41034577;2,09723200
40,42058577;2,09723200
40,43082577;2,27668100
40,44106577;2,45613000
40,45130577;2,45613000
40,46154577;2,45613000
40,47178577;2,45613000
40,48202577;2,63618900
40,49226577;2,63618900
40,50250577;2,81563800
40,51274577;2,81563800
40,52298577;2,81563800
40,53322577;2,81563800
40,54346577;2,81563800
40,55370577;2,99508600
40,56394577;2,99508600
40,57418577;2,81563800
40,58442577;2,81563800
40,59466577;3,17453500
40,60490577;3,17453500
40,61514577;3,17453500
40,62538577;3,17453500
40,63562577;3,17453500
40,64586577;3,35398400
40,65610577;3,53404300
40,66634577;3,53404300
40,67658577;3,53404300
40,68682577;3,53404300
40,69706577;3,53404300
40,70730577;3,53404300
40,71754577;3,53404300
40,72778577;3,53404300
40,73802577;3,71349200
40,74826577;3,89294100
40,75850577;3,89294100
40,76874577;3,89294100
40,77898577;3,89294100
40,78922577;3,89294100
40,79946577;3,89294100
40,80970577;3,89294100
40,81994577;4,07239000
40,83018577;4,25183900
40,84042577;4,25183900
40,85066577;4,25183900
40,86090577;4,25183900
40,87114577;4,25183900
40,88138577;4,25183900
40,89162577;4,43189800
40,90186577;4,43189800
40,91210577;4,61134700
40,92234577;4,61134700
40,93258577;4,61134700
40,94282577;4,61134700
40,95306577;4,79079600
40,96330577;4,79079600
40,97354577;4,97024400
40,98378577;4,97024400
40,99402577;4,97024400
41,00426577;4,97024400
41,01450577;4,97024400
41,02474577;4,97024400
41,03498577;5,14969300
41,04522577;5,14969300
41,05546577;5,14969300
41,06570577;5,14969300
41,07594577;5,32975200
41,08618577;5,32975200
41,09642577;5,32975200
41,10666577;5,32975200
41,11690577;5,32975200
41,12714577;5,50920200
41,13738577;5,50920200
41,14762577;5,68865000
41,15786576;5,68865000
41,16810576;5,68865000
41,17834576;5,68865000
41,18858576;5,68865000
41,19882576;5,68865000
41,20906576;5,86809900
41,21930576;5,86809900
41,22954576;6,04754800
41,23978576;6,04754800
41,25002576;6,04754800
41,26026576;6,04754800
41,27050576;6,04754800
41,28074576;6,04754800
41,29098576;6,22760700
41,30122576;6,22760700
41,31146576;6,40705600
41,32170576;6,40705600
41,33194576;6,40705600
41,34218576;6,40705600
41,35242576;6,58650500
41,36266576;6,76595400
41,37290576;6,76595400
41,38314576;6,76595400
41,39338576;6,76595400
41,40362576;6,76595400
41,41386576;6,94540200
41,42410576;6,94540200
41,43434576;7,12546200
41,44458576;7,12546200
41,45482576;7,12546200
41,46506576;7,12546200
41,47530576;7,30491100
41,48554576;7,30491100
41,49578576;7,48435900
41,50602576;7,48435900
41,51626576;7,48435900
41,52650576;7,48435900
41,53674576;7,48435900
41,54698576;7,66380800
41,55722576;7,66380800
41,56746576;7,84325700
41,57770576;7,84325700
41,58794576;7,84325700
41,59818576;7,84325700
41,60842576;7,84325700
41,61866576;7,84325700
41,62890576;8,02331600
41,63914576;8,02331600
41,64938576;8,20276500
41,65962576;8,20276500
41,66986576;8,20276500
41,68010576;8,20276500
41,69034576;8,20276500
41,70058576;8,20276500
41,71082576;8,38221400
41,72106576;8,38221400
41,73130576;8,38221400
41,74154576;8,56166300
41,75178576;8,56166300
41,76202576;8,56166300
41,77226576;8,56166300
41,78250576;8,56166300
41,79274576;8,74111200
41,80298576;8,56166300
41,81322576;8,92117000
41,82346576;8,92117000
41,83370576;8,92117000
41,84394576;8,92117000
41,85418576;8,92117000
41,86442576;9,10061900
41,87466576;9,10061900
41,88490576;9,10061900
41,89514576;9,28006800
41,90538576;9,28006800
41,91562576;9,28006800
41,92586576;9,28006800
41,93610576;9,28006800
41,94634576;9,28006800
41,95658576;9,28006800
41,96682576;9,28006800
41,97706576;9,28006800
41,98730576;9,45951700
41,99754576;9,28006800
42,00778576;9,45951700
42,01802576;9,45951700
42,02826576;9,63896600
42,03850576;9,63896600
42,04874576;9,63896600
42,05898576;9,63896600
42,06922576;9,63896600
42,07946576;9,63896600
42,08970576;9,63896600
42,09994576;9,63896600
42,11018576;9,63896600
42,12042576;9,63896600
42,13066576;9,63896600
42,14090576;9,81902500
42,15114576;9,81902500
42,16138576;9,81902500
42,17162576;9,81902500
42,18186576;9,81902500
42,19210576;9,81902500
42,20234576;9,81902500
42,21258576;9,99847400
42,22282576;9,81902500
42,23306576;9,99847400
42,24330576;9,99847400
42,25354576;9,99847400
42,26378576;9,99847400
42,27402576;9,99847400
42,28426576;9,99847400
42,29450576;9,99847400
42,30474576;10,17792000
42,31498576;10,17792000
42,32522576;10,35737000
42,33546576;10,35737000
42,34570576;10,35737000
42,35594576;10,35737000
42,36618576;10,53682000
42,37642576;10,35737000
42,38666576;10,53682000
42,39690576;10,71688000
42,40714576;10,53682000
42,41738576;10,71688000
42,42762576;10,71688000
42,43786576;10,71688000
42,44810576;10,71688000
42,45834576;10,71688000
42,46858576;10,89633000
42,47882576;10,89633000
42,48906576;10,89633000
42,49930576;10,89633000
42,50954576;10,89633000
42,51978576;10,89633000
42,53002576;11,07578000
42,54026576;11,07578000
42,55050576;11,07578000
42,56074576;11,07578000
42,57098576;11,07578000
42,58122576;11,25523000
42,59146576;11,07578000
42,60170576;11,25523000
42,61194576;11,25523000
42,62218576;11,25523000
42,63242576;11,25523000
42,64266576;11,25523000
42,65290576;11,43529000
42,66314576;11,43529000
42,67338576;11,43529000
42,68362576;11,43529000
42,69386576;11,43529000
42,70410576;11,43529000
42,71434576;11,43529000
42,72458576;11,43529000
42,73482576;11,43529000
42,74506576;11,43529000
42,75530576;11,61473000
42,76554576;11,43529000
42,77578576;11,61473000
42,78602576;11,43529000
42,79626575;11,61473000
42,80650575;11,61473000
42,81674575;11,79418000
42,82698575;11,79418000
42,83722575;11,61473000
42,84746575;11,79418000
42,85770575;11,79418000
42,86794575;11,79418000
42,87818575;11,79418000
42,88842575;11,79418000
42,89866575;11,79418000
42,90890575;11,79418000
42,91914575;11,79418000
42,92938575;11,79418000
42,93962575;11,79418000
42,94986575;11,79418000
42,96010575;11,79418000
42,97034575;11,79418000
42,98058575;11,79418000
42,99082575;11,79418000
43,00106575;11,79418000
43,01130575;11,79418000
43,02154575;11,79418000
43,03178575;11,97363000
43,04202575;11,97363000
43,05226575;12,15308000
43,06250575;11,97363000
43,07274575;12,15308000
43,08298575;11,97363000
43,09322575;11,97363000
43,10346575;11,97363000
43,11370575;12,15308000
43,12394575;11,97363000
43,13418575;12,15308000
43,14442575;12,15308000
43,15466575;12,15308000
43,16490575;12,15308000
43,17514575;12,15308000
43,18538575;12,15308000
43,19562575;12,15308000
43,20586575;12,15308000
43,21610575;12,15308000
43,22634575;12,15308000
43,23658575;12,15308000
43,24682575;12,15308000
43,25706575;12,15308000
43,26730575;12,15308000
43,27754575;12,15308000
43,28778575;12,15308000
43,29802575;12,15308000
43,30826575;12,15308000
43,31850575;12,15308000
43,32874575;12,15308000
43,33898575;12,15308000
43,34922575;12,15308000
43,35946575;12,15308000
43,36970575;12,15308000
43,37994575;12,15308000
43,39018575;12,15308000
43,40042575;12,15308000
43,41066575;12,15308000
43,42090575;12,15308000
43,43114575;12,15308000
43,44138575;12,15308000
43,45162575;12,15308000
43,46186575;12,15308000
43,47210575;12,15308000
43,48234575;12,15308000
43,49258575;12,15308000
43,50282575;12,15308000
43,51306575;12,15308000
43,52330575;12,15308000
43,53354575;12,15308000
43,54378575;12,15308000
43,55402575;12,15308000
43,56426575;12,15308000
43,57450575;12,15308000
43,58474575;12,15308000
43,59498575;12,15308000
43,60522575;12,15308000
43,61546575;12,15308000
43,62570575;12,15308000
43,63594575;12,15308000
43,64618575;12,15308000
43,65642575;12,15308000
43,66666575;12,15308000
43,67690575;12,15308000
43,68714575;12,15308000
43,69738575;12,15308000
43,70762575;12,15308000
43,71786575;12,15308000
43,72810575;12,15308000
43,73834575;12,15308000
43,74858575;12,15308000
43,75882575;12,15308000
43,76906575;12,15308000
43,77930575;12,15308000
43,78954575;12,15308000
43,79978575;12,15308000
43,81002575;12,15308000
43,82026575;12,15308000
43,83050575;12,15308000
43,84074575;12,15308000
43,85098575;12,15308000
43,86122575;12,33314000
43,87146575;12,15308000
43,88170575;12,15308000
43,89194575;12,15308000
43,90218575;12,15308000
43,91242575;12,15308000
43,92266575;12,15308000
43,93290575;12,15308000
43,94314575;12,15308000
43,95338575;12,15308000
43,96362575;12,15308000
43,97386575;12,33314000
43,98410575;12,15308000
43,99434575;12,15308000
44,00458575;12,15308000
44,01482575;12,15308000
44,02506575;12,15308000
44,03530575;12,15308000
44,04554575;12,15308000
44,05578575;12,15308000
44,06602575;12,15308000
44,07626575;12,15308000
44,08650575;12,15308000
44,09674575;12,15308000
44,10698575;12,33314000
44,11722575;12,15308000
44,12746575;12,15308000
44,13770575;12,15308000
44,14794575;12,33314000
44,15818575;12,33314000
44,16842575;12,15308000
44,17866575;12,15308000
44,18890575;12,33314000
44,19914575;12,33314000
44,20938575;12,33314000
44,21962575;12,15308000
44,22986575;12,33314000
44,24010575;12,33314000
44,25034575;12,15308000
44,26058575;12,33314000
44,27082575;12,15308000
44,28106575;12,15308000
44,29130575;12,33314000
44,30154575;12,33314000
44,31178575;12,15308000
44,32202575;12,15308000
44,33226575;12,51259000
44,34250575;12,33314000
44,35274575;12,15308000
44,36298575;12,15308000
44,37322575;12,15308000
44,38346575;12,15308000
44,39370575;12,15308000
44,40394575;12,15308000
44,41418575;12,15308000
44,42442575;12,15308000
44,43466575;12,15308000
44,44490574;12,15308000
44,45514574;12,15308000
44,46538574;12,15308000
44,47562574;12,15308000
44,48586574;12,15308000
44,49610574;12,15308000
44,50634574;12,15308000
44,51658574;12,15308000
44,52682574;12,15308000
44,53706574;12,15308000
44,54730574;12,15308000
44,55754574;12,15308000
44,56778574;12,15308000
44,57802574;12,15308000
44,58826574;11,97363000
44,59850574;12,15308000
44,60874574;11,97363000
44,61898574;11,97363000
44,62922574;12,15308000
44,63946574;12,15308000
44,64970574;12,15308000
44,65994574;12,15308000
44,67018574;11,79418000
44,68042574;11,79418000
44,69066574;11,97363000
44,70090574;11,79418000
44,71114574;11,79418000
44,72138574;11,79418000
44,73162574;11,97363000
44,74186574;12,15308000
44,75210574;11,79418000
44,76234574;11,79418000
44,77258574;11,79418000
44,78282574;11,79418000
44,79306574;11,79418000
44,80330574;11,79418000
44,81354574;11,79418000
44,82378574;11,79418000
44,83402574;11,79418000
44,84426574;11,79418000
44,85450574;11,79418000
44,86474574;11,61473000
44,87498574;11,43529000
44,88522574;11,43529000
44,89546574;11,61473000
44,90570574;11,43529000
44,91594574;11,43529000
44,92618574;11,61473000
44,93642574;11,79418000
44,94666574;11,79418000
44,95690574;11,43529000
44,96714574;11,43529000
44,97738574;11,43529000
44,98762574;11,43529000
44,99786574;11,43529000
45,00810574;11,43529000
45,01834574;11,43529000
45,02858574;11,43529000
45,03882574;11,43529000
45,04906574;11,43529000
45,05930574;11,43529000
45,06954574;11,43529000
45,07978574;11,43529000
45,09002574;11,43529000
45,10026574;11,43529000
45,11050574;11,43529000
45,12074574;11,43529000
45,13098574;11,43529000
45,14122574;11,43529000
45,15146574;11,43529000
45,16170574;11,43529000
45,17194574;11,43529000
45,18218574;11,25523000
45,19242574;11,43529000
45,20266574;11,43529000
45,21290574;11,43529000
45,22314574;11,43529000
45,23338574;11,43529000
45,24362574;11,43529000
45,25386574;11,43529000
45,26410574;11,43529000
45,27434574;11,25523000
45,28458574;11,07578000
45,29482574;11,07578000
45,30506574;11,25523000
45,31530574;11,07578000
45,32554574;11,07578000
45,33578574;11,25523000
45,34602574;11,07578000
45,35626574;11,07578000
45,36650574;11,07578000
45,37674574;11,07578000
45,38698574;10,89633000
45,39722574;10,89633000
45,40746574;11,07578000
45,41770574;11,07578000
45,42794574;11,07578000
45,43818574;11,07578000
45,44842574;11,07578000
45,45866574;10,89633000
45,46890574;10,71688000
45,47914574;10,71688000
45,48938574;10,53682000
45,49962574;10,71688000
45,50986574;10,71688000
45,52010574;10,53682000
45,53034574;10,53682000
45,54058574;10,71688000
45,55082574;10,71688000
45,56106574;10,53682000
45,57130574;10,35737000
45,58154574;10,35737000
45,59178574;10,35737000
45,60202574;10,35737000
45,61226574;10,35737000
45,62250574;10,35737000
45,63274574;10,35737000
45,64298574;10,35737000
45,65322574;10,35737000
45,66346574;10,17792000
45,67370574;9,99847400
45,68394574;9,99847400
45,69418574;9,99847400
45,70442574;9,99847400
45,71466574;9,99847400
45,72490574;9,99847400
45,73514574;9,99847400
45,74538574;9,99847400
45,75562574;9,99847400
45,76586574;9,99847400
45,77610574;9,81902500
45,78634574;9,81902500
45,79658574;9,81902500
45,80682574;9,81902500
45,81706574;9,81902500
45,82730574;9,63896600
45,83754574;9,81902500
45,84778574;9,81902500
45,85802574;9,63896600
45,86826574;9,63896600
45,87850574;9,45951700
45,88874574;9,28006800
45,89898574;9,28006800
45,90922574;9,45951700
45,91946574;9,45951700
45,92970574;9,45951700
45,93994574;9,45951700
45,95018574;9,28006800
45,96042574;9,28006800
45,97066574;9,28006800
45,98090574;9,10061900
45,99114574;9,10061900
46,00138574;9,28006800
46,01162574;9,28006800
46,02186574;9,28006800
46,03210574;9,10061900
46,04234574;9,28006800
46,05258574;9,10061900
46,06282574;9,10061900
46,07306574;8,92117000
46,08330574;8,92117000
46,09354573;8,92117000
46,10378573;8,92117000
46,11402573;8,92117000
46,12426573;8,92117000
46,13450573;8,92117000
46,14474573;8,74111200
46,15498573;8,74111200
46,16522573;8,56166300
46,17546573;8,56166300
46,18570573;8,56166300
46,19594573;8,56166300
46,20618573;8,56166300
46,21642573;8,56166300
46,22666573;8,38221400
46,23690573;8,20276500
46,24714573;8,20276500
46,25738573;8,20276500
46,26762573;8,02331600
46,27786573;8,02331600
46,28810573;8,02331600
46,29834573;7,84325700
46,30858573;7,84325700
46,31882573;7,84325700
46,32906573;7,84325700
46,33930573;7,84325700
46,34954573;7,66380800
46,35978573;7,66380800
46,37002573;7,48435900
46,38026573;7,48435900
46,39050573;7,48435900
46,40074573;7,48435900
46,41098573;7,48435900
46,42122573;7,48435900
46,43146573;7,30491100
46,44170573;7,30491100
46,45194573;7,12546200
46,46218573;7,12546200
46,47242573;7,12546200
46,48266573;6,94540200
46,49290573;6,76595400
46,50314573;6,76595400
46,51338573;6,76595400
46,52362573;6,76595400
46,53386573;6,58650500
46,54410573;6,76595400
46,55434573;6,76595400
46,56458573;6,76595400
46,57482573;6,58650500
46,58506573;6,40705600
46,59530573;6,40705600
46,60554573;6,40705600
46,61578573;6,40705600
46,62602573;6,40705600
46,63626573;6,40705600
46,64650573;6,40705600
46,65674573;6,40705600
46,66698573;6,22760700
46,67722573;6,04754800
46,68746573;6,04754800
46,69770573;6,04754800
46,70794573;6,04754800
46,71818573;6,04754800
46,72842573;6,04754800
46,73866573;6,04754800
46,74890573;6,04754800
46,75914573;6,04754800
46,76938573;5,68865000
46,77962573;5,68865000
46,78986573;5,32975200
46,80010573;5,50920200
46,81034573;5,50920200
46,82058573;5,50920200
46,83082573;5,50920200
46,84106573;5,50920200
46,85130573;5,50920200
46,86154573;5,32975200
46,87178573;5,14969300
46,88202573;4,97024400
46,89226573;4,79079600
46,90250573;4,79079600
46,91274573;4,97024400
46,92298573;4,79079600
46,93322573;4,97024400
46,94346573;4,97024400
46,95370573;4,97024400
46,96394573;4,79079600
46,97418573;4,61134700
46,98442573;4,25183900
46,99466573;4,25183900
47,00490573;4,25183900
47,01514573;4,25183900
47,02538573;4,25183900
47,03562573;4,25183900
47,04586573;4,25183900
47,05610573;4,25183900
47,06634573;4,25183900
47,07658573;3,89294100
47,08682573;3,71349200
47,09706573;3,53404300
47,10730573;3,71349200
47,11754573;3,71349200
47,12778573;3,71349200
47,13802573;3,71349200
47,14826573;3,71349200
47,15850573;3,71349200
47,16874573;3,53404300
47,17898573;3,17453500
47,18922573;3,17453500
47,19946573;2,99508600
47,20970573;3,17453500
47,21994573;3,17453500
47,23018573;3,17453500
47,24042573;2,99508600
47,25066573;3,17453500
47,26090573;3,17453500
47,27114573;2,81563800
47,28138573;2,81563800
47,29162573;2,45613000
47,30186573;2,45613000
47,31210573;2,45613000
47,32234573;2,45613000
47,33258573;2,45613000
47,34282573;2,45613000
47,35306573;2,45613000
47,36330573;2,45613000
47,37354573;2,09723200
47,38378573;1,91778300
47,39402573;1,73833400
47,40426573;1,73833400
47,41450573;1,91778300
47,42474573;1,91778300
47,43498573;1,73833400
47,44522573;1,91778300
47,45546573;1,73833400
47,46570573;1,73833400
47,47594573;1,37882600
47,48618573;1,37882600
47,49642573;1,19937700
47,50666573;1,19937700
47,51690573;1,01992900
47,52714573;1,19937700
47,53738573;1,19937700
47,54762573;1,19937700
47,55786573;1,01992900
47,56810573;1,01992900
47,57834573;0,66042050
47,58858573;0,66042050
47,59882573;0,48097170
47,60906573;0,66042050
47,61930573;0,66042050
47,62954573;0,66042050
47,63978573;0,66042050
47,65002573;0,66042050
47,66026573;0,66042050
47,67050573;0,48097170
47,68074573;0,30152290
47,69098573;0,12207400
47,70122573;-0,05737480
47,71146573;-0,05737480
47,72170573;-0,05737480
47,73194572;0,30152290
47,74218572;0,30152290
47,75242572;0,12207400
47,76266572;-0,05737480
47,77290572;-0,05737480
47,78314572;-0,41627250
47,79338572;-0,41627250
47,80362572;-0,59572130
47,81386572;-0,41627250
47,82410572;-0,41627250
47,83434572;-0,41627250
47,84458572;-0,41627250
47,85482572;-0,41627250
47,86506572;-0,59572130
47,87530572;-0,77517010
47,88554572;-0,95522930
47,89578572;-1,13467800
47,90602572;-1,13467800
47,91626572;-1,13467800
47,92650572;-1,13467800
47,93674572;-1,13467800
47,94698572;-1,13467800
47,95722572;-1,13467800
47,96746572;-1,49357600
47,97770572;-1,49357600
47,98794572;-1,67302500
47,99818572;-1,85308400
48,00842572;-1,85308400
48,01866572;-1,85308400
48,02890572;-1,85308400
48,03914572;-1,85308400
48,04938572;-1,85308400
48,05962572;-1,85308400
48,06986572;-2,03253300
48,08010572;-2,21198200
48,09034572;-2,21198200
48,10058572;-2,39143000
48,11082572;-2,39143000
48,12106572;-2,39143000
48,13130572;-2,39143000
48,14154572;-2,39143000
48,15178572;-2,39143000
48,16202572;-2,57087900
48,17226572;-2,57087900
48,18250572;-2,93038700
48,19274572;-2,93038700
48,20298572;-2,93038700
48,21322572;-2,93038700
48,22346572;-2,93038700
48,23370572;-2,93038700
48,24394572;-2,93038700
48,25418572;-2,93038700
48,26442572;-3,10983600
48,27466572;-3,10983600
48,28490572;-3,28928500
48,29514572;-3,64879300
48,30538572;-3,64879300
48,31562572;-3,46873400
48,32586572;-3,46873400
48,33610572;-3,46873400
48,34634572;-3,46873400
48,35658572;-3,46873400
48,36682572;-3,64879300
48,37706572;-3,64879300
48,38730572;-3,82824200
48,39754572;-4,00769000
48,40778572;-4,00769000
48,41802572;-3,82824200
48,42826572;-4,00769000
48,43850572;-4,00769000
48,44874572;-4,00769000
48,45898572;-4,00769000
48,46922572;-4,00769000
48,47946572;-4,36658800
48,48970572;-4,36658800
48,49994572;-4,36658800
48,51018572;-4,54664800
48,52042572;-4,36658800
48,53066572;-4,36658800
48,54090572;-4,36658800
48,55114572;-4,54664800
48,56138572;-4,54664800
48,57162572;-4,72609600
48,58186572;-4,90554500
48,59210572;-5,08499400
48,60234572;-5,08499400
48,61258572;-5,08499400
48,62282572;-5,08499400
48,63306572;-5,08499400
48,64330572;-5,08499400
48,65354572;-5,08499400
48,66378572;-5,08499400
48,67402572;-5,26444300
48,68426572;-5,44450200
48,69450572;-5,44450200
48,70474572;-5,44450200
48,71498572;-5,44450200
48,72522572;-5,44450200
48,73546572;-5,44450200
48,74570572;-5,44450200
48,75594572;-5,44450200
48,76618572;-5,62395100
48,77642572;-5,80340000
48,78666572;-5,80340000
48,79690572;-5,98284900
48,80714572;-5,80340000
48,81738572;-5,80340000
48,82762572;-5,80340000
48,83786572;-5,80340000
48,84810572;-5,80340000
48,85834572;-5,98284900
48,86858572;-5,80340000
48,87882572;-5,80340000
48,88906572;-5,80340000
48,89930572;-5,98284900
48,90954572;-5,80340000
48,91978572;-5,80340000
48,93002572;-5,80340000
48,94026572;-5,98284900
48,95050572;-5,80340000
48,96074572;-5,80340000
48,97098572;-5,98284900
48,98122572;-5,80340000
48,99146572;-5,98284900
49,00170572;-5,98284900
49,01194572;-5,80340000
49,02218572;-5,80340000
49,03242572;-5,80340000
49,04266572;-5,80340000
49,05290572;-5,80340000
49,06314572;-5,80340000
49,07338572;-5,80340000
49,08362572;-5,80340000
49,09386572;-5,98284900
49,10410572;-5,80340000
49,11434572;-5,80340000
49,12458572;-5,80340000
49,13482572;-5,98284900
49,14506572;-5,80340000
49,15530572;-5,80340000
49,16554572;-5,80340000
49,17578572;-5,80340000
49,18602572;-5,80340000
49,19626572;-5,80340000
49,20650572;-5,80340000
49,21674572;-5,80340000
49,22698572;-5,80340000
49,23722572;-5,80340000
49,24746572;-5,80340000
49,25770572;-5,80340000
49,26794572;-5,80340000
49,27818572;-5,98284900
49,28842572;-5,80340000
49,29866572;-5,80340000
49,30890572;-5,80340000
49,31914572;-5,80340000
49,32938572;-5,80340000
49,33962572;-5,80340000
49,34986572;-5,80340000
49,36010572;-5,80340000
49,37034572;-5,80340000
49,38058571;-5,80340000
49,39082571;-5,80340000
49,40106571;-5,98284900
49,41130571;-5,80340000
49,42154571;-5,80340000
49,43178571;-5,80340000
49,44202571;-5,80340000
49,45226571;-5,80340000
49,46250571;-5,80340000
49,47274571;-5,80340000
49,48298571;-5,80340000
49,49322571;-5,80340000
49,50346571;-5,80340000
49,51370571;-5,80340000
49,52394571;-5,80340000
49,53418571;-5,80340000
49,54442571;-5,80340000
49,55466571;-5,80340000
49,56490571;-5,80340000
49,57514571;-5,80340000
49,58538571;-5,80340000
49,59562571;-5,80340000
49,60586571;-5,80340000
49,61610571;-5,80340000
49,62634571;-5,80340000
49,63658571;-5,80340000
49,64682571;-5,80340000
49,65706571;-5,80340000
49,66730571;-5,80340000
49,67754571;-5,80340000
49,68778571;-5,80340000
49,69802571;-5,80340000
49,70826571;-5,80340000
49,71850571;-5,80340000
49,72874571;-5,80340000
49,73898571;-5,80340000
49,74922571;-5,80340000
49,75946571;-5,80340000
49,76970571;-5,80340000
49,77994571;-5,80340000
49,79018571;-5,80340000
49,80042571;-5,80340000
49,81066571;-5,80340000
49,82090571;-5,80340000
49,83114571;-5,80340000
49,84138571;-5,80340000
49,85162571;-5,80340000
49,86186571;-5,80340000
49,87210571;-5,80340000
49,88234571;-5,80340000
49,89258571;-5,80340000
49,90282571;-5,80340000
49,91306571;-5,80340000
49,92330571;-5,80340000
49,93354571;-5,80340000
49,94378571;-5,80340000
49,95402571;-5,80340000
49,96426571;-5,80340000
49,97450571;-5,80340000
49,98474571;-5,80340000
49,99498571;-5,80340000
50,00522571;-5,80340000
