Tiempo;Canal A
(ms);(V)

-50,02521351;-5,80340000
-50,01497351;-5,80340000
-50,00473351;-5,80340000
-49,99449351;-5,80340000
-49,98425351;-5,80340000
-49,97401351;-5,80340000
-49,96377351;-5,80340000
-49,95353351;-5,80340000
-49,94329351;-5,80340000
-49,93305351;-5,80340000
-49,92281351;-5,80340000
-49,91257351;-5,80340000
-49,90233351;-5,80340000
-49,89209351;-5,80340000
-49,88185351;-5,80340000
-49,87161351;-5,80340000
-49,86137351;-5,80340000
-49,85113351;-5,80340000
-49,84089351;-5,80340000
-49,83065351;-5,80340000
-49,82041351;-5,80340000
-49,81017351;-5,80340000
-49,79993351;-5,80340000
-49,78969351;-5,80340000
-49,77945351;-5,80340000
-49,76921351;-5,80340000
-49,75897351;-5,80340000
-49,74873351;-5,80340000
-49,73849351;-5,80340000
-49,72825351;-5,80340000
-49,71801351;-5,80340000
-49,70777351;-5,80340000
-49,69753351;-5,80340000
-49,68729351;-5,80340000
-49,67705351;-5,80340000
-49,66681351;-5,80340000
-49,65657351;-5,80340000
-49,64633351;-5,80340000
-49,63609351;-5,80340000
-49,62585351;-5,80340000
-49,61561351;-5,80340000
-49,60537351;-5,80340000
-49,59513351;-5,80340000
-49,58489351;-5,80340000
-49,57465351;-5,80340000
-49,56441351;-5,80340000
-49,55417351;-5,80340000
-49,54393351;-5,80340000
-49,53369351;-5,80340000
-49,52345351;-5,80340000
-49,51321351;-5,80340000
-49,50297351;-5,80340000
-49,49273351;-5,80340000
-49,48249351;-5,80340000
-49,47225351;-5,80340000
-49,46201351;-5,80340000
-49,45177351;-5,80340000
-49,44153351;-5,80340000
-49,43129351;-5,80340000
-49,42105351;-5,80340000
-49,41081351;-5,80340000
-49,40057351;-5,80340000
-49,39033351;-5,80340000
-49,38009351;-5,80340000
-49,36985351;-5,80340000
-49,35961351;-5,80340000
-49,34937351;-5,80340000
-49,33913351;-5,80340000
-49,32889351;-5,80340000
-49,31865351;-5,80340000
-49,30841351;-5,80340000
-49,29817351;-5,80340000
-49,28793351;-5,80340000
-49,27769351;-5,80340000
-49,26745351;-5,80340000
-49,25721351;-5,80340000
-49,24697351;-5,80340000
-49,23673351;-5,80340000
-49,22649351;-5,80340000
-49,21625351;-5,80340000
-49,20601351;-5,80340000
-49,19577351;-5,80340000
-49,18553351;-5,80340000
-49,17529351;-5,80340000
-49,16505352;-5,80340000
-49,15481352;-5,80340000
-49,14457352;-5,80340000
-49,13433352;-5,80340000
-49,12409352;-5,80340000
-49,11385352;-5,80340000
-49,10361352;-5,80340000
-49,09337352;-5,80340000
-49,08313352;-5,80340000
-49,07289352;-5,80340000
-49,06265352;-5,80340000
-49,05241352;-5,80340000
-49,04217352;-5,80340000
-49,03193352;-5,80340000
-49,02169352;-5,80340000
-49,01145352;-5,80340000
-49,00121352;-5,80340000
-48,99097352;-5,80340000
-48,98073352;-5,80340000
-48,97049352;-5,80340000
-48,96025352;-5,80340000
-48,95001352;-5,80340000
-48,93977352;-5,80340000
-48,92953352;-5,80340000
-48,91929352;-5,80340000
-48,90905352;-5,80340000
-48,89881352;-5,80340000
-48,88857352;-5,80340000
-48,87833352;-5,80340000
-48,86809352;-5,80340000
-48,85785352;-5,80340000
-48,84761352;-5,80340000
-48,83737352;-5,80340000
-48,82713352;-5,80340000
-48,81689352;-5,80340000
-48,80665352;-5,80340000
-48,79641352;-5,80340000
-48,78617352;-5,80340000
-48,77593352;-5,80340000
-48,76569352;-5,80340000
-48,75545352;-5,80340000
-48,74521352;-5,80340000
-48,73497352;-5,80340000
-48,72473352;-5,80340000
-48,71449352;-5,80340000
-48,70425352;-5,80340000
-48,69401352;-5,80340000
-48,68377352;-5,80340000
-48,67353352;-5,80340000
-48,66329352;-5,80340000
-48,65305352;-5,80340000
-48,64281352;-5,80340000
-48,63257352;-5,80340000
-48,62233352;-5,80340000
-48,61209352;-5,80340000
-48,60185352;-5,80340000
-48,59161352;-5,80340000
-48,58137352;-5,80340000
-48,57113352;-5,80340000
-48,56089352;-5,80340000
-48,55065352;-5,80340000
-48,54041352;-5,80340000
-48,53017352;-5,80340000
-48,51993352;-5,80340000
-48,50969352;-5,80340000
-48,49945352;-5,80340000
-48,48921352;-5,80340000
-48,47897352;-5,80340000
-48,46873352;-5,80340000
-48,45849352;-5,80340000
-48,44825352;-5,80340000
-48,43801352;-5,80340000
-48,42777352;-5,80340000
-48,41753352;-5,80340000
-48,40729352;-5,80340000
-48,39705352;-5,80340000
-48,38681352;-5,80340000
-48,37657352;-5,80340000
-48,36633352;-5,80340000
-48,35609352;-5,80340000
-48,34585352;-5,80340000
-48,33561352;-5,80340000
-48,32537352;-5,80340000
-48,31513352;-5,80340000
-48,30489352;-5,80340000
-48,29465352;-5,80340000
-48,28441352;-5,80340000
-48,27417352;-5,80340000
-48,26393352;-5,80340000
-48,25369352;-5,80340000
-48,24345352;-5,80340000
-48,23321352;-5,80340000
-48,22297352;-5,80340000
-48,21273352;-5,80340000
-48,20249352;-5,80340000
-48,19225352;-5,80340000
-48,18201352;-5,80340000
-48,17177352;-5,80340000
-48,16153352;-5,80340000
-48,15129352;-5,80340000
-48,14105352;-5,80340000
-48,13081352;-5,80340000
-48,12057352;-5,80340000
-48,11033352;-5,80340000
-48,10009352;-5,80340000
-48,08985352;-5,80340000
-48,07961352;-5,80340000
-48,06937352;-5,80340000
-48,05913352;-5,80340000
-48,04889352;-5,80340000
-48,03865352;-5,80340000
-48,02841352;-5,80340000
-48,01817352;-5,80340000
-48,00793352;-5,80340000
-47,99769352;-5,80340000
-47,98745352;-5,80340000
-47,97721352;-5,80340000
-47,96697352;-5,80340000
-47,95673352;-5,80340000
-47,94649352;-5,80340000
-47,93625352;-5,80340000
-47,92601352;-5,80340000
-47,91577352;-5,80340000
-47,90553352;-5,80340000
-47,89529352;-5,80340000
-47,88505352;-5,80340000
-47,87481352;-5,80340000
-47,86457352;-5,80340000
-47,85433352;-5,80340000
-47,84409352;-5,80340000
-47,83385352;-5,80340000
-47,82361352;-5,80340000
-47,81337352;-5,80340000
-47,80313352;-5,80340000
-47,79289352;-5,80340000
-47,78265352;-5,80340000
-47,77241352;-5,80340000
-47,76217352;-5,80340000
-47,75193352;-5,80340000
-47,74169352;-5,80340000
-47,73145352;-5,80340000
-47,72121352;-5,80340000
-47,71097352;-5,80340000
-47,70073352;-5,80340000
-47,69049352;-5,80340000
-47,68025352;-5,80340000
-47,67001352;-5,80340000
-47,65977352;-5,80340000
-47,64953352;-5,80340000
-47,63929352;-5,62395100
-47,62905352;-5,80340000
-47,61881352;-5,80340000
-47,60857352;-5,80340000
-47,59833352;-5,80340000
-47,58809352;-5,80340000
-47,57785352;-5,80340000
-47,56761352;-5,80340000
-47,55737352;-5,80340000
-47,54713352;-5,80340000
-47,53689352;-5,62395100
-47,52665352;-5,80340000
-47,51641353;-5,80340000
-47,50617353;-5,80340000
-47,49593353;-5,80340000
-47,48569353;-5,80340000
-47,47545353;-5,80340000
-47,46521353;-5,80340000
-47,45497353;-5,80340000
-47,44473353;-5,80340000
-47,43449353;-5,80340000
-47,42425353;-5,80340000
-47,41401353;-5,80340000
-47,40377353;-5,80340000
-47,39353353;-5,62395100
-47,38329353;-5,80340000
-47,37305353;-5,80340000
-47,36281353;-5,80340000
-47,35257353;-5,80340000
-47,34233353;-5,80340000
-47,33209353;-5,80340000
-47,32185353;-5,80340000
-47,31161353;-5,80340000
-47,30137353;-5,80340000
-47,29113353;-5,80340000
-47,28089353;-5,80340000
-47,27065353;-5,80340000
-47,26041353;-5,80340000
-47,25017353;-5,80340000
-47,23993353;-5,80340000
-47,22969353;-5,62395100
-47,21945353;-5,80340000
-47,20921353;-5,80340000
-47,19897353;-5,80340000
-47,18873353;-5,62395100
-47,17849353;-5,80340000
-47,16825353;-5,80340000
-47,15801353;-5,80340000
-47,14777353;-5,62395100
-47,13753353;-5,80340000
-47,12729353;-5,80340000
-47,11705353;-5,80340000
-47,10681353;-5,80340000
-47,09657353;-5,80340000
-47,08633353;-5,80340000
-47,07609353;-5,62395100
-47,06585353;-5,80340000
-47,05561353;-5,62395100
-47,04537353;-5,80340000
-47,03513353;-5,80340000
-47,02489353;-5,80340000
-47,01465353;-5,80340000
-47,00441353;-5,80340000
-46,99417353;-5,62395100
-46,98393353;-5,62395100
-46,97369353;-5,62395100
-46,96345353;-5,80340000
-46,95321353;-5,62395100
-46,94297353;-5,80340000
-46,93273353;-5,80340000
-46,92249353;-5,80340000
-46,91225353;-5,80340000
-46,90201353;-5,62395100
-46,89177353;-5,62395100
-46,88153353;-5,62395100
-46,87129353;-5,62395100
-46,86105353;-5,80340000
-46,85081353;-5,80340000
-46,84057353;-5,80340000
-46,83033353;-5,80340000
-46,82009353;-5,62395100
-46,80985353;-5,62395100
-46,79961353;-5,80340000
-46,78937353;-5,80340000
-46,77913353;-5,80340000
-46,76889353;-5,62395100
-46,75865353;-5,80340000
-46,74841353;-5,62395100
-46,73817353;-5,62395100
-46,72793353;-5,62395100
-46,71769353;-5,62395100
-46,70745353;-5,80340000
-46,69721353;-5,62395100
-46,68697353;-5,80340000
-46,67673353;-5,80340000
-46,66649353;-5,44450200
-46,65625353;-5,62395100
-46,64601353;-5,80340000
-46,63577353;-5,80340000
-46,62553353;-5,62395100
-46,61529353;-5,80340000
-46,60505353;-5,80340000
-46,59481353;-5,62395100
-46,58457353;-5,80340000
-46,57433353;-5,80340000
-46,56409353;-5,62395100
-46,55385353;-5,80340000
-46,54361353;-5,80340000
-46,53337353;-5,62395100
-46,52313353;-5,80340000
-46,51289353;-5,80340000
-46,50265353;-5,62395100
-46,49241353;-5,62395100
-46,48217353;-5,62395100
-46,47193353;-5,80340000
-46,46169353;-5,62395100
-46,45145353;-5,80340000
-46,44121353;-5,80340000
-46,43097353;-5,80340000
-46,42073353;-5,62395100
-46,41049353;-5,62395100
-46,40025353;-5,62395100
-46,39001353;-5,62395100
-46,37977353;-5,62395100
-46,36953353;-5,80340000
-46,35929353;-5,62395100
-46,34905353;-5,62395100
-46,33881353;-5,62395100
-46,32857353;-5,62395100
-46,31833353;-5,62395100
-46,30809353;-5,62395100
-46,29785353;-5,80340000
-46,28761353;-5,62395100
-46,27737353;-5,62395100
-46,26713353;-5,62395100
-46,25689353;-5,44450200
-46,24665353;-5,62395100
-46,23641353;-5,44450200
-46,22617353;-5,62395100
-46,21593353;-5,80340000
-46,20569353;-5,44450200
-46,19545353;-5,80340000
-46,18521353;-5,80340000
-46,17497353;-5,62395100
-46,16473353;-5,62395100
-46,15449353;-5,80340000
-46,14425353;-5,80340000
-46,13401353;-5,44450200
-46,12377353;-5,62395100
-46,11353353;-5,62395100
-46,10329353;-5,62395100
-46,09305353;-5,62395100
-46,08281353;-5,62395100
-46,07257353;-5,62395100
-46,06233353;-5,62395100
-46,05209353;-5,62395100
-46,04185353;-5,62395100
-46,03161353;-5,62395100
-46,02137353;-5,62395100
-46,01113353;-5,62395100
-46,00089353;-5,62395100
-45,99065353;-5,62395100
-45,98041353;-5,44450200
-45,97017353;-5,80340000
-45,95993353;-5,44450200
-45,94969353;-5,62395100
-45,93945353;-5,62395100
-45,92921353;-5,62395100
-45,91897353;-5,44450200
-45,90873353;-5,80340000
-45,89849353;-5,44450200
-45,88825353;-5,62395100
-45,87801354;-5,62395100
-45,86777354;-5,62395100
-45,85753354;-5,62395100
-45,84729354;-5,62395100
-45,83705354;-5,62395100
-45,82681354;-5,62395100
-45,81657354;-5,44450200
-45,80633354;-5,44450200
-45,79609354;-5,62395100
-45,78585354;-5,80340000
-45,77561354;-5,62395100
-45,76537354;-5,44450200
-45,75513354;-5,44450200
-45,74489354;-5,62395100
-45,73465354;-5,62395100
-45,72441354;-5,44450200
-45,71417354;-5,62395100
-45,70393354;-5,62395100
-45,69369354;-5,44450200
-45,68345354;-5,62395100
-45,67321354;-5,62395100
-45,66297354;-5,62395100
-45,65273354;-5,80340000
-45,64249354;-5,62395100
-45,63225354;-5,80340000
-45,62201354;-5,62395100
-45,61177354;-5,80340000
-45,60153354;-5,62395100
-45,59129354;-5,44450200
-45,58105354;-5,62395100
-45,57081354;-5,62395100
-45,56057354;-5,44450200
-45,55033354;-5,44450200
-45,54009354;-5,62395100
-45,52985354;-5,62395100
-45,51961354;-5,62395100
-45,50937354;-5,44450200
-45,49913354;-5,44450200
-45,48889354;-5,62395100
-45,47865354;-5,44450200
-45,46841354;-5,62395100
-45,45817354;-5,44450200
-45,44793354;-5,44450200
-45,43769354;-5,44450200
-45,42745354;-5,44450200
-45,41721354;-5,62395100
-45,40697354;-5,62395100
-45,39673354;-5,62395100
-45,38649354;-5,62395100
-45,37625354;-5,44450200
-45,36601354;-5,44450200
-45,35577354;-5,62395100
-45,34553354;-5,44450200
-45,33529354;-5,44450200
-45,32505354;-5,44450200
-45,31481354;-5,44450200
-45,30457354;-5,44450200
-45,29433354;-5,62395100
-45,28409354;-5,62395100
-45,27385354;-5,62395100
-45,26361354;-5,44450200
-45,25337354;-5,44450200
-45,24313354;-5,44450200
-45,23289354;-5,44450200
-45,22265354;-5,80340000
-45,21241354;-5,62395100
-45,20217354;-5,62395100
-45,19193354;-5,62395100
-45,18169354;-5,44450200
-45,17145354;-5,44450200
-45,16121354;-5,44450200
-45,15097354;-5,44450200
-45,14073354;-5,62395100
-45,13049354;-5,44450200
-45,12025354;-5,44450200
-45,11001354;-5,62395100
-45,09977354;-5,44450200
-45,08953354;-5,44450200
-45,07929354;-5,44450200
-45,06905354;-5,44450200
-45,05881354;-5,44450200
-45,04857354;-5,44450200
-45,03833354;-5,44450200
-45,02809354;-5,62395100
-45,01785354;-5,44450200
-45,00761354;-5,44450200
-44,99737354;-5,44450200
-44,98713354;-5,44450200
-44,97689354;-5,44450200
-44,96665354;-5,44450200
-44,95641354;-5,44450200
-44,94617354;-5,44450200
-44,93593354;-5,44450200
-44,92569354;-5,44450200
-44,91545354;-5,44450200
-44,90521354;-5,62395100
-44,89497354;-5,44450200
-44,88473354;-5,44450200
-44,87449354;-5,44450200
-44,86425354;-5,44450200
-44,85401354;-5,44450200
-44,84377354;-5,62395100
-44,83353354;-5,44450200
-44,82329354;-5,44450200
-44,81305354;-5,44450200
-44,80281354;-5,44450200
-44,79257354;-5,62395100
-44,78233354;-5,44450200
-44,77209354;-5,44450200
-44,76185354;-5,62395100
-44,75161354;-5,44450200
-44,74137354;-5,44450200
-44,73113354;-5,44450200
-44,72089354;-5,44450200
-44,71065354;-5,44450200
-44,70041354;-5,44450200
-44,69017354;-5,44450200
-44,67993354;-5,44450200
-44,66969354;-5,44450200
-44,65945354;-5,44450200
-44,64921354;-5,44450200
-44,63897354;-5,44450200
-44,62873354;-5,44450200
-44,61849354;-5,44450200
-44,60825354;-5,44450200
-44,59801354;-5,44450200
-44,58777354;-5,44450200
-44,57753354;-5,44450200
-44,56729354;-5,44450200
-44,55705354;-5,44450200
-44,54681354;-5,44450200
-44,53657354;-5,44450200
-44,52633354;-5,44450200
-44,51609354;-5,44450200
-44,50585354;-5,44450200
-44,49561354;-5,44450200
-44,48537354;-5,44450200
-44,47513354;-5,44450200
-44,46489354;-5,44450200
-44,45465354;-5,44450200
-44,44441354;-5,44450200
-44,43417354;-5,44450200
-44,42393354;-5,44450200
-44,41369354;-5,44450200
-44,40345354;-5,44450200
-44,39321354;-5,44450200
-44,38297354;-5,44450200
-44,37273354;-5,44450200
-44,36249354;-5,44450200
-44,35225354;-5,44450200
-44,34201354;-5,44450200
-44,33177354;-5,44450200
-44,32153354;-5,44450200
-44,31129354;-5,44450200
-44,30105354;-5,44450200
-44,29081354;-5,44450200
-44,28057354;-5,44450200
-44,27033354;-5,44450200
-44,26009354;-5,44450200
-44,24985354;-5,44450200
-44,23961354;-5,44450200
-44,22937355;-5,44450200
-44,21913355;-5,44450200
-44,20889355;-5,44450200
-44,19865355;-5,44450200
-44,18841355;-5,44450200
-44,17817355;-5,44450200
-44,16793355;-5,44450200
-44,15769355;-5,44450200
-44,14745355;-5,44450200
-44,13721355;-5,44450200
-44,12697355;-5,44450200
-44,11673355;-5,44450200
-44,10649355;-5,44450200
-44,09625355;-5,44450200
-44,08601355;-5,44450200
-44,07577355;-5,44450200
-44,06553355;-5,44450200
-44,05529355;-5,44450200
-44,04505355;-5,44450200
-44,03481355;-5,44450200
-44,02457355;-5,44450200
-44,01433355;-5,44450200
-44,00409355;-5,44450200
-43,99385355;-5,44450200
-43,98361355;-5,44450200
-43,97337355;-5,44450200
-43,96313355;-5,44450200
-43,95289355;-5,44450200
-43,94265355;-5,44450200
-43,93241355;-5,44450200
-43,92217355;-5,44450200
-43,91193355;-5,44450200
-43,90169355;-5,44450200
-43,89145355;-5,44450200
-43,88121355;-5,44450200
-43,87097355;-5,44450200
-43,86073355;-5,44450200
-43,85049355;-5,44450200
-43,84025355;-5,44450200
-43,83001355;-5,44450200
-43,81977355;-5,44450200
-43,80953355;-5,44450200
-43,79929355;-5,44450200
-43,78905355;-5,44450200
-43,77881355;-5,44450200
-43,76857355;-5,44450200
-43,75833355;-5,44450200
-43,74809355;-5,44450200
-43,73785355;-5,44450200
-43,72761355;-5,44450200
-43,71737355;-5,44450200
-43,70713355;-5,44450200
-43,69689355;-5,44450200
-43,68665355;-5,44450200
-43,67641355;-5,44450200
-43,66617355;-5,44450200
-43,65593355;-5,44450200
-43,64569355;-5,44450200
-43,63545355;-5,44450200
-43,62521355;-5,44450200
-43,61497355;-5,44450200
-43,60473355;-5,44450200
-43,59449355;-5,44450200
-43,58425355;-5,44450200
-43,57401355;-5,44450200
-43,56377355;-5,44450200
-43,55353355;-5,44450200
-43,54329355;-5,44450200
-43,53305355;-5,44450200
-43,52281355;-5,44450200
-43,51257355;-5,44450200
-43,50233355;-5,44450200
-43,49209355;-5,44450200
-43,48185355;-5,44450200
-43,47161355;-5,44450200
-43,46137355;-5,44450200
-43,45113355;-5,44450200
-43,44089355;-5,44450200
-43,43065355;-5,44450200
-43,42041355;-5,44450200
-43,41017355;-5,44450200
-43,39993355;-5,44450200
-43,38969355;-5,44450200
-43,37945355;-5,44450200
-43,36921355;-5,44450200
-43,35897355;-5,44450200
-43,34873355;-5,44450200
-43,33849355;-5,44450200
-43,32825355;-5,44450200
-43,31801355;-5,44450200
-43,30777355;-5,44450200
-43,29753355;-5,44450200
-43,28729355;-5,44450200
-43,27705355;-5,44450200
-43,26681355;-5,44450200
-43,25657355;-5,44450200
-43,24633355;-5,44450200
-43,23609355;-5,44450200
-43,22585355;-5,44450200
-43,21561355;-5,44450200
-43,20537355;-5,44450200
-43,19513355;-5,44450200
-43,18489355;-5,44450200
-43,17465355;-5,44450200
-43,16441355;-5,44450200
-43,15417355;-5,44450200
-43,14393355;-5,44450200
-43,13369355;-5,44450200
-43,12345355;-5,44450200
-43,11321355;-5,44450200
-43,10297355;-5,44450200
-43,09273355;-5,44450200
-43,08249355;-5,44450200
-43,07225355;-5,44450200
-43,06201355;-5,44450200
-43,05177355;-5,44450200
-43,04153355;-5,44450200
-43,03129355;-5,44450200
-43,02105355;-5,44450200
-43,01081355;-5,44450200
-43,00057355;-5,44450200
-42,99033355;-5,44450200
-42,98009355;-5,44450200
-42,96985355;-5,44450200
-42,95961355;-5,44450200
-42,94937355;-5,44450200
-42,93913355;-5,44450200
-42,92889355;-5,44450200
-42,91865355;-5,44450200
-42,90841355;-5,44450200
-42,89817355;-5,44450200
-42,88793355;-5,44450200
-42,87769355;-5,44450200
-42,86745355;-5,44450200
-42,85721355;-5,44450200
-42,84697355;-5,44450200
-42,83673355;-5,44450200
-42,82649355;-5,44450200
-42,81625355;-5,44450200
-42,80601355;-5,44450200
-42,79577355;-5,44450200
-42,78553355;-5,44450200
-42,77529355;-5,44450200
-42,76505355;-5,44450200
-42,75481355;-5,44450200
-42,74457355;-5,44450200
-42,73433355;-5,44450200
-42,72409355;-5,44450200
-42,71385355;-5,44450200
-42,70361355;-5,44450200
-42,69337355;-5,44450200
-42,68313355;-5,44450200
-42,67289355;-5,44450200
-42,66265355;-5,44450200
-42,65241355;-5,44450200
-42,64217355;-5,44450200
-42,63193355;-5,44450200
-42,62169355;-5,44450200
-42,61145355;-5,44450200
-42,60121355;-5,44450200
-42,59097355;-5,44450200
-42,58073356;-5,44450200
-42,57049356;-5,44450200
-42,56025356;-5,44450200
-42,55001356;-5,44450200
-42,53977356;-5,44450200
-42,52953356;-5,44450200
-42,51929356;-5,44450200
-42,50905356;-5,44450200
-42,49881356;-5,44450200
-42,48857356;-5,44450200
-42,47833356;-5,44450200
-42,46809356;-5,44450200
-42,45785356;-5,44450200
-42,44761356;-5,44450200
-42,43737356;-5,44450200
-42,42713356;-5,44450200
-42,41689356;-5,44450200
-42,40665356;-5,44450200
-42,39641356;-5,44450200
-42,38617356;-5,44450200
-42,37593356;-5,44450200
-42,36569356;-5,44450200
-42,35545356;-5,44450200
-42,34521356;-5,44450200
-42,33497356;-5,44450200
-42,32473356;-5,44450200
-42,31449356;-5,44450200
-42,30425356;-5,44450200
-42,29401356;-5,44450200
-42,28377356;-5,44450200
-42,27353356;-5,44450200
-42,26329356;-5,44450200
-42,25305356;-5,44450200
-42,24281356;-5,44450200
-42,23257356;-5,44450200
-42,22233356;-5,44450200
-42,21209356;-5,44450200
-42,20185356;-5,44450200
-42,19161356;-5,44450200
-42,18137356;-5,44450200
-42,17113356;-5,44450200
-42,16089356;-5,44450200
-42,15065356;-5,44450200
-42,14041356;-5,44450200
-42,13017356;-5,44450200
-42,11993356;-5,44450200
-42,10969356;-5,44450200
-42,09945356;-5,44450200
-42,08921356;-5,44450200
-42,07897356;-5,44450200
-42,06873356;-5,44450200
-42,05849356;-5,44450200
-42,04825356;-5,44450200
-42,03801356;-5,44450200
-42,02777356;-5,44450200
-42,01753356;-5,44450200
-42,00729356;-5,44450200
-41,99705356;-5,44450200
-41,98681356;-5,44450200
-41,97657356;-5,44450200
-41,96633356;-5,44450200
-41,95609356;-5,44450200
-41,94585356;-5,44450200
-41,93561356;-5,44450200
-41,92537356;-5,44450200
-41,91513356;-5,44450200
-41,90489356;-5,44450200
-41,89465356;-5,44450200
-41,88441356;-5,44450200
-41,87417356;-5,44450200
-41,86393356;-5,44450200
-41,85369356;-5,44450200
-41,84345356;-5,44450200
-41,83321356;-5,44450200
-41,82297356;-5,44450200
-41,81273356;-5,44450200
-41,80249356;-5,44450200
-41,79225356;-5,44450200
-41,78201356;-5,44450200
-41,77177356;-5,44450200
-41,76153356;-5,44450200
-41,75129356;-5,44450200
-41,74105356;-5,44450200
-41,73081356;-5,44450200
-41,72057356;-5,44450200
-41,71033356;-5,44450200
-41,70009356;-5,44450200
-41,68985356;-5,44450200
-41,67961356;-5,44450200
-41,66937356;-5,44450200
-41,65913356;-5,44450200
-41,64889356;-5,44450200
-41,63865356;-5,44450200
-41,62841356;-5,26444300
-41,61817356;-5,44450200
-41,60793356;-5,44450200
-41,59769356;-5,44450200
-41,58745356;-5,44450200
-41,57721356;-5,26444300
-41,56697356;-5,44450200
-41,55673356;-5,44450200
-41,54649356;-5,26444300
-41,53625356;-5,44450200
-41,52601356;-5,44450200
-41,51577356;-5,44450200
-41,50553356;-5,44450200
-41,49529356;-5,44450200
-41,48505356;-5,26444300
-41,47481356;-5,44450200
-41,46457356;-5,44450200
-41,45433356;-5,44450200
-41,44409356;-5,26444300
-41,43385356;-5,44450200
-41,42361356;-5,44450200
-41,41337356;-5,26444300
-41,40313356;-5,44450200
-41,39289356;-5,26444300
-41,38265356;-5,26444300
-41,37241356;-5,44450200
-41,36217356;-5,26444300
-41,35193356;-5,44450200
-41,34169356;-5,44450200
-41,33145356;-5,44450200
-41,32121356;-5,44450200
-41,31097356;-5,44450200
-41,30073356;-5,44450200
-41,29049356;-5,44450200
-41,28025356;-5,44450200
-41,27001356;-5,44450200
-41,25977356;-5,44450200
-41,24953356;-5,44450200
-41,23929356;-5,44450200
-41,22905356;-5,44450200
-41,21881356;-5,44450200
-41,20857356;-5,44450200
-41,19833356;-5,26444300
-41,18809356;-5,44450200
-41,17785356;-5,26444300
-41,16761356;-5,44450200
-41,15737356;-5,26444300
-41,14713356;-5,44450200
-41,13689356;-5,26444300
-41,12665356;-5,44450200
-41,11641356;-5,44450200
-41,10617356;-5,44450200
-41,09593356;-5,26444300
-41,08569356;-5,26444300
-41,07545356;-5,44450200
-41,06521356;-5,44450200
-41,05497356;-5,44450200
-41,04473356;-5,44450200
-41,03449356;-5,44450200
-41,02425356;-5,26444300
-41,01401356;-5,44450200
-41,00377356;-5,26444300
-40,99353356;-5,44450200
-40,98329356;-5,26444300
-40,97305356;-5,44450200
-40,96281356;-5,26444300
-40,95257356;-5,44450200
-40,94233356;-5,26444300
-40,93209357;-5,08499400
-40,92185357;-5,08499400
-40,91161357;-5,08499400
-40,90137357;-5,08499400
-40,89113357;-5,08499400
-40,88089357;-5,08499400
-40,87065357;-5,08499400
-40,86041357;-5,08499400
-40,85017357;-4,90554500
-40,83993357;-4,72609600
-40,82969357;-4,72609600
-40,81945357;-4,54664800
-40,80921357;-4,54664800
-40,79897357;-4,54664800
-40,78873357;-4,54664800
-40,77849357;-4,36658800
-40,76825357;-4,36658800
-40,75801357;-4,36658800
-40,74777357;-4,36658800
-40,73753357;-4,18714000
-40,72729357;-4,00769000
-40,71705357;-4,00769000
-40,70681357;-4,00769000
-40,69657357;-4,00769000
-40,68633357;-4,00769000
-40,67609357;-4,00769000
-40,66585357;-4,00769000
-40,65561357;-3,82824200
-40,64537357;-3,64879300
-40,63513357;-3,64879300
-40,62489357;-3,46873400
-40,61465357;-3,46873400
-40,60441357;-3,64879300
-40,59417357;-3,64879300
-40,58393357;-3,46873400
-40,57369357;-3,46873400
-40,56345357;-3,28928500
-40,55321357;-3,28928500
-40,54297357;-3,28928500
-40,53273357;-3,10983600
-40,52249357;-2,93038700
-40,51225357;-2,93038700
-40,50201357;-2,93038700
-40,49177357;-2,93038700
-40,48153357;-2,93038700
-40,47129357;-2,93038700
-40,46105357;-2,93038700
-40,45081357;-2,93038700
-40,44057357;-2,57087900
-40,43033357;-2,57087900
-40,42009357;-2,39143000
-40,40985357;-2,57087900
-40,39961357;-2,57087900
-40,38937357;-2,57087900
-40,37913357;-2,39143000
-40,36889357;-2,39143000
-40,35865357;-2,21198200
-40,34841357;-2,21198200
-40,33817357;-2,21198200
-40,32793357;-2,03253300
-40,31769357;-2,03253300
-40,30745357;-2,03253300
-40,29721357;-2,21198200
-40,28697357;-2,03253300
-40,27673357;-1,85308400
-40,26649357;-1,85308400
-40,25625357;-1,67302500
-40,24601357;-1,67302500
-40,23577357;-1,49357600
-40,22553357;-1,49357600
-40,21529357;-1,49357600
-40,20505357;-1,49357600
-40,19481357;-1,49357600
-40,18457357;-1,49357600
-40,17433357;-1,49357600
-40,16409357;-1,13467800
-40,15385357;-1,13467800
-40,14361357;-1,13467800
-40,13337357;-1,13467800
-40,12313357;-0,95522930
-40,11289357;-0,77517010
-40,10265357;-0,95522930
-40,09241357;-0,95522930
-40,08217357;-0,77517010
-40,07193357;-0,77517010
-40,06169357;-0,77517010
-40,05145357;-0,77517010
-40,04121357;-0,59572130
-40,03097357;-0,41627250
-40,02073357;-0,41627250
-40,01049357;-0,41627250
-40,00025357;-0,41627250
-39,99001357;-0,41627250
-39,97977357;-0,41627250
-39,96953357;-0,23682360
-39,95929357;-0,23682360
-39,94905357;-0,05737480
-39,93881357;-0,05737480
-39,92857357;-0,05737480
-39,91833357;0,12207400
-39,90809357;-0,05737480
-39,89785357;-0,05737480
-39,88761357;0,12207400
-39,87737357;0,30152290
-39,86713357;0,30152290
-39,85689357;0,30152290
-39,84665357;0,48097170
-39,83641357;0,48097170
-39,82617357;0,66042050
-39,81593357;0,66042050
-39,80569357;0,66042050
-39,79545357;0,66042050
-39,78521357;0,84047970
-39,77497357;0,84047970
-39,76473357;0,84047970
-39,75449357;0,84047970
-39,74425357;1,01992900
-39,73401357;1,01992900
-39,72377357;1,19937700
-39,71353357;1,37882600
-39,70329357;1,19937700
-39,69305357;1,37882600
-39,68281357;1,37882600
-39,67257357;1,37882600
-39,66233357;1,37882600
-39,65209357;1,55827500
-39,64185357;1,73833400
-39,63161357;1,73833400
-39,62137357;1,73833400
-39,61113357;1,73833400
-39,60089357;1,73833400
-39,59065357;1,73833400
-39,58041357;1,91778300
-39,57017357;2,09723200
-39,55993357;1,91778300
-39,54969357;2,09723200
-39,53945357;2,09723200
-39,52921357;2,09723200
-39,51897357;2,09723200
-39,50873357;2,27668100
-39,49849357;2,27668100
-39,48825357;2,45613000
-39,47801357;2,45613000
-39,46777357;2,45613000
-39,45753357;2,45613000
-39,44729357;2,63618900
-39,43705357;2,63618900
-39,42681357;2,63618900
-39,41657357;2,63618900
-39,40633357;2,81563800
-39,39609357;2,81563800
-39,38585357;2,81563800
-39,37561357;2,81563800
-39,36537357;2,81563800
-39,35513357;2,81563800
-39,34489357;2,99508600
-39,33465357;3,17453500
-39,32441357;3,17453500
-39,31417357;3,17453500
-39,30393357;3,17453500
-39,29369358;3,17453500
-39,28345358;3,17453500
-39,27321358;3,17453500
-39,26297358;3,35398400
-39,25273358;3,35398400
-39,24249358;3,53404300
-39,23225358;3,53404300
-39,22201358;3,53404300
-39,21177358;3,53404300
-39,20153358;3,53404300
-39,19129358;3,53404300
-39,18105358;3,53404300
-39,17081358;3,71349200
-39,16057358;3,71349200
-39,15033358;3,89294100
-39,14009358;3,89294100
-39,12985358;3,89294100
-39,11961358;3,89294100
-39,10937358;4,07239000
-39,09913358;4,07239000
-39,08889358;4,07239000
-39,07865358;4,07239000
-39,06841358;4,25183900
-39,05817358;4,25183900
-39,04793358;4,25183900
-39,03769358;4,43189800
-39,02745358;4,43189800
-39,01721358;4,61134700
-39,00697358;4,61134700
-38,99673358;4,61134700
-38,98649358;4,61134700
-38,97625358;4,61134700
-38,96601358;4,61134700
-38,95577358;4,79079600
-38,94553358;4,79079600
-38,93529358;4,97024400
-38,92505358;4,97024400
-38,91481358;4,97024400
-38,90457358;4,97024400
-38,89433358;4,97024400
-38,88409358;4,97024400
-38,87385358;5,14969300
-38,86361358;5,14969300
-38,85337358;5,32975200
-38,84313358;5,32975200
-38,83289358;5,32975200
-38,82265358;5,32975200
-38,81241358;5,50920200
-38,80217358;5,50920200
-38,79193358;5,50920200
-38,78169358;5,50920200
-38,77145358;5,50920200
-38,76121358;5,50920200
-38,75097358;5,68865000
-38,74073358;5,68865000
-38,73049358;5,68865000
-38,72025358;5,86809900
-38,71001358;5,68865000
-38,69977358;5,86809900
-38,68953358;6,04754800
-38,67929358;6,04754800
-38,66905358;6,04754800
-38,65881358;6,04754800
-38,64857358;6,22760700
-38,63833358;6,22760700
-38,62809358;6,40705600
-38,61785358;6,40705600
-38,60761358;6,40705600
-38,59737358;6,40705600
-38,58713358;6,40705600
-38,57689358;6,40705600
-38,56665358;6,40705600
-38,55641358;6,58650500
-38,54617358;6,58650500
-38,53593358;6,76595400
-38,52569358;6,76595400
-38,51545358;6,94540200
-38,50521358;6,94540200
-38,49497358;7,12546200
-38,48473358;7,12546200
-38,47449358;7,12546200
-38,46425358;7,12546200
-38,45401358;7,12546200
-38,44377358;7,12546200
-38,43353358;7,48435900
-38,42329358;7,48435900
-38,41305358;7,48435900
-38,40281358;7,48435900
-38,39257358;7,48435900
-38,38233358;7,48435900
-38,37209358;7,66380800
-38,36185358;7,66380800
-38,35161358;7,66380800
-38,34137358;7,84325700
-38,33113358;7,84325700
-38,32089358;7,84325700
-38,31065358;7,84325700
-38,30041358;8,02331600
-38,29017358;8,02331600
-38,27993358;8,02331600
-38,26969358;8,20276500
-38,25945358;8,20276500
-38,24921358;8,20276500
-38,23897358;8,20276500
-38,22873358;8,38221400
-38,21849358;8,38221400
-38,20825358;8,38221400
-38,19801358;8,38221400
-38,18777358;8,38221400
-38,17753358;8,56166300
-38,16729358;8,56166300
-38,15705358;8,56166300
-38,14681358;8,56166300
-38,13657358;8,56166300
-38,12633358;8,74111200
-38,11609358;8,92117000
-38,10585358;8,92117000
-38,09561358;8,92117000
-38,08537358;8,92117000
-38,07513358;8,92117000
-38,06489358;8,92117000
-38,05465358;8,92117000
-38,04441358;9,10061900
-38,03417358;9,10061900
-38,02393358;9,10061900
-38,01369358;9,10061900
-38,00345358;9,28006800
-37,99321358;9,28006800
-37,98297358;9,28006800
-37,97273358;9,28006800
-37,96249358;9,28006800
-37,95225358;9,28006800
-37,94201358;9,28006800
-37,93177358;9,28006800
-37,92153358;9,45951700
-37,91129358;9,45951700
-37,90105358;9,45951700
-37,89081358;9,45951700
-37,88057358;9,45951700
-37,87033358;9,45951700
-37,86009358;9,63896600
-37,84985358;9,63896600
-37,83961358;9,63896600
-37,82937358;9,63896600
-37,81913358;9,63896600
-37,80889358;9,63896600
-37,79865358;9,63896600
-37,78841358;9,63896600
-37,77817358;9,63896600
-37,76793358;9,81902500
-37,75769358;9,81902500
-37,74745358;9,81902500
-37,73721358;9,81902500
-37,72697358;9,99847400
-37,71673358;9,99847400
-37,70649358;9,99847400
-37,69625358;9,99847400
-37,68601358;9,99847400
-37,67577358;9,99847400
-37,66553358;9,99847400
-37,65529358;9,99847400
-37,64505359;10,17792000
-37,63481359;10,35737000
-37,62457359;10,35737000
-37,61433359;10,35737000
-37,60409359;10,35737000
-37,59385359;10,35737000
-37,58361359;10,35737000
-37,57337359;10,35737000
-37,56313359;10,35737000
-37,55289359;10,53682000
-37,54265359;10,53682000
-37,53241359;10,71688000
-37,52217359;10,71688000
-37,51193359;10,71688000
-37,50169359;10,71688000
-37,49145359;10,71688000
-37,48121359;10,71688000
-37,47097359;10,71688000
-37,46073359;10,71688000
-37,45049359;10,71688000
-37,44025359;10,89633000
-37,43001359;11,07578000
-37,41977359;11,07578000
-37,40953359;10,89633000
-37,39929359;11,07578000
-37,38905359;11,07578000
-37,37881359;10,89633000
-37,36857359;11,07578000
-37,35833359;11,07578000
-37,34809359;11,07578000
-37,33785359;11,25523000
-37,32761359;11,25523000
-37,31737359;11,25523000
-37,30713359;11,25523000
-37,29689359;11,25523000
-37,28665359;11,25523000
-37,27641359;11,25523000
-37,26617359;11,25523000
-37,25593359;11,25523000
-37,24569359;11,43529000
-37,23545359;11,43529000
-37,22521359;11,43529000
-37,21497359;11,43529000
-37,20473359;11,43529000
-37,19449359;11,43529000
-37,18425359;11,43529000
-37,17401359;11,43529000
-37,16377359;11,43529000
-37,15353359;11,43529000
-37,14329359;11,43529000
-37,13305359;11,43529000
-37,12281359;11,61473000
-37,11257359;11,61473000
-37,10233359;11,79418000
-37,09209359;11,61473000
-37,08185359;11,61473000
-37,07161359;11,79418000
-37,06137359;11,79418000
-37,05113359;11,79418000
-37,04089359;11,79418000
-37,03065359;11,79418000
-37,02041359;11,79418000
-37,01017359;11,79418000
-36,99993359;11,79418000
-36,98969359;11,79418000
-36,97945359;11,79418000
-36,96921359;11,79418000
-36,95897359;11,79418000
-36,94873359;11,79418000
-36,93849359;11,79418000
-36,92825359;11,97363000
-36,91801359;11,97363000
-36,90777359;11,97363000
-36,89753359;11,97363000
-36,88729359;11,97363000
-36,87705359;11,97363000
-36,86681359;12,15308000
-36,85657359;11,97363000
-36,84633359;12,15308000
-36,83609359;12,15308000
-36,82585359;12,15308000
-36,81561359;12,15308000
-36,80537359;11,97363000
-36,79513359;11,97363000
-36,78489359;12,15308000
-36,77465359;11,97363000
-36,76441359;12,15308000
-36,75417359;12,15308000
-36,74393359;12,15308000
-36,73369359;12,15308000
-36,72345359;12,15308000
-36,71321359;12,15308000
-36,70297359;12,15308000
-36,69273359;12,15308000
-36,68249359;12,15308000
-36,67225359;12,15308000
-36,66201359;12,15308000
-36,65177359;12,15308000
-36,64153359;12,15308000
-36,63129359;12,15308000
-36,62105359;12,15308000
-36,61081359;12,15308000
-36,60057359;12,15308000
-36,59033359;12,15308000
-36,58009359;12,15308000
-36,56985359;12,15308000
-36,55961359;12,15308000
-36,54937359;12,15308000
-36,53913359;12,15308000
-36,52889359;12,15308000
-36,51865359;12,15308000
-36,50841359;12,15308000
-36,49817359;12,15308000
-36,48793359;12,15308000
-36,47769359;12,15308000
-36,46745359;12,15308000
-36,45721359;12,15308000
-36,44697359;12,15308000
-36,43673359;12,15308000
-36,42649359;12,15308000
-36,41625359;12,15308000
-36,40601359;12,15308000
-36,39577359;12,15308000
-36,38553359;12,15308000
-36,37529359;12,15308000
-36,36505359;12,15308000
-36,35481359;12,15308000
-36,34457359;12,15308000
-36,33433359;12,15308000
-36,32409359;12,15308000
-36,31385359;12,15308000
-36,30361359;12,15308000
-36,29337359;12,15308000
-36,28313359;12,15308000
-36,27289359;12,15308000
-36,26265359;12,15308000
-36,25241359;12,15308000
-36,24217359;12,15308000
-36,23193359;12,15308000
-36,22169359;12,15308000
-36,21145359;12,15308000
-36,20121359;12,15308000
-36,19097359;12,15308000
-36,18073359;12,15308000
-36,17049359;12,15308000
-36,16025359;12,15308000
-36,15001359;12,15308000
-36,13977359;12,15308000
-36,12953359;12,15308000
-36,11929359;12,15308000
-36,10905359;12,15308000
-36,09881359;12,15308000
-36,08857359;12,15308000
-36,07833359;12,33314000
-36,06809359;12,15308000
-36,05785359;12,15308000
-36,04761359;12,33314000
-36,03737359;12,15308000
-36,02713359;12,15308000
-36,01689359;12,33314000
-36,00665359;12,33314000
-35,99641360;12,15308000
-35,98617360;12,15308000
-35,97593360;12,15308000
-35,96569360;12,15308000
-35,95545360;12,15308000
-35,94521360;12,15308000
-35,93497360;12,33314000
-35,92473360;12,15308000
-35,91449360;12,33314000
-35,90425360;12,33314000
-35,89401360;12,15308000
-35,88377360;12,15308000
-35,87353360;12,15308000
-35,86329360;12,15308000
-35,85305360;12,15308000
-35,84281360;12,33314000
-35,83257360;12,15308000
-35,82233360;12,33314000
-35,81209360;12,33314000
-35,80185360;12,15308000
-35,79161360;12,33314000
-35,78137360;12,33314000
-35,77113360;12,15308000
-35,76089360;12,15308000
-35,75065360;12,33314000
-35,74041360;12,33314000
-35,73017360;12,33314000
-35,71993360;12,33314000
-35,70969360;12,15308000
-35,69945360;12,33314000
-35,68921360;12,51259000
-35,67897360;12,15308000
-35,66873360;12,15308000
-35,65849360;12,15308000
-35,64825360;12,33314000
-35,63801360;12,33314000
-35,62777360;12,33314000
-35,61753360;12,15308000
-35,60729360;12,15308000
-35,59705360;12,15308000
-35,58681360;12,33314000
-35,57657360;12,15308000
-35,56633360;12,15308000
-35,55609360;12,15308000
-35,54585360;12,15308000
-35,53561360;12,15308000
-35,52537360;12,15308000
-35,51513360;12,15308000
-35,50489360;12,15308000
-35,49465360;12,15308000
-35,48441360;12,15308000
-35,47417360;12,15308000
-35,46393360;12,15308000
-35,45369360;12,15308000
-35,44345360;12,33314000
-35,43321360;12,15308000
-35,42297360;12,15308000
-35,41273360;12,15308000
-35,40249360;12,15308000
-35,39225360;12,15308000
-35,38201360;12,15308000
-35,37177360;12,15308000
-35,36153360;12,15308000
-35,35129360;12,15308000
-35,34105360;12,15308000
-35,33081360;12,15308000
-35,32057360;12,15308000
-35,31033360;12,15308000
-35,30009360;11,97363000
-35,28985360;11,97363000
-35,27961360;12,15308000
-35,26937360;12,15308000
-35,25913360;11,97363000
-35,24889360;12,15308000
-35,23865360;11,97363000
-35,22841360;11,97363000
-35,21817360;11,79418000
-35,20793360;11,79418000
-35,19769360;11,79418000
-35,18745360;11,79418000
-35,17721360;11,79418000
-35,16697360;11,79418000
-35,15673360;11,79418000
-35,14649360;11,97363000
-35,13625360;11,79418000
-35,12601360;11,79418000
-35,11577360;11,79418000
-35,10553360;11,79418000
-35,09529360;11,61473000
-35,08505360;11,61473000
-35,07481360;11,61473000
-35,06457360;11,79418000
-35,05433360;11,79418000
-35,04409360;11,79418000
-35,03385360;11,79418000
-35,02361360;11,61473000
-35,01337360;11,61473000
-35,00313360;11,43529000
-34,99289360;11,43529000
-34,98265360;11,43529000
-34,97241360;11,43529000
-34,96217360;11,43529000
-34,95193360;11,61473000
-34,94169360;11,79418000
-34,93145360;11,61473000
-34,92121360;11,43529000
-34,91097360;11,43529000
-34,90073360;11,43529000
-34,89049360;11,43529000
-34,88025360;11,43529000
-34,87001360;11,43529000
-34,85977360;11,43529000
-34,84953360;11,43529000
-34,83929360;11,43529000
-34,82905360;11,43529000
-34,81881360;11,43529000
-34,80857360;11,43529000
-34,79833360;11,43529000
-34,78809360;11,43529000
-34,77785360;11,43529000
-34,76761360;11,43529000
-34,75737360;11,43529000
-34,74713360;11,43529000
-34,73689360;11,43529000
-34,72665360;11,43529000
-34,71641360;11,43529000
-34,70617360;11,25523000
-34,69593360;11,25523000
-34,68569360;11,25523000
-34,67545360;11,25523000
-34,66521360;11,43529000
-34,65497360;11,25523000
-34,64473360;11,43529000
-34,63449360;11,43529000
-34,62425360;11,43529000
-34,61401360;11,25523000
-34,60377360;11,07578000
-34,59353360;11,07578000
-34,58329360;11,07578000
-34,57305360;11,07578000
-34,56281360;11,07578000
-34,55257360;11,07578000
-34,54233360;11,07578000
-34,53209360;11,07578000
-34,52185360;11,07578000
-34,51161360;10,71688000
-34,50137360;10,71688000
-34,49113360;10,71688000
-34,48089360;10,71688000
-34,47065360;10,71688000
-34,46041360;10,71688000
-34,45017360;10,71688000
-34,43993360;10,71688000
-34,42969360;10,71688000
-34,41945360;10,71688000
-34,40921360;10,53682000
-34,39897360;10,35737000
-34,38873360;10,35737000
-34,37849360;10,35737000
-34,36825360;10,53682000
-34,35801361;10,35737000
-34,34777361;10,53682000
-34,33753361;10,53682000
-34,32729361;10,35737000
-34,31705361;10,35737000
-34,30681361;10,35737000
-34,29657361;9,99847400
-34,28633361;9,99847400
-34,27609361;10,35737000
-34,26585361;10,17792000
-34,25561361;10,17792000
-34,24537361;10,35737000
-34,23513361;10,17792000
-34,22489361;10,17792000
-34,21465361;10,17792000
-34,20441361;9,99847400
-34,19417361;9,99847400
-34,18393361;9,99847400
-34,17369361;9,99847400
-34,16345361;9,99847400
-34,15321361;9,99847400
-34,14297361;9,99847400
-34,13273361;9,99847400
-34,12249361;9,81902500
-34,11225361;9,81902500
-34,10201361;9,63896600
-34,09177361;9,63896600
-34,08153361;9,63896600
-34,07129361;9,63896600
-34,06105361;9,63896600
-34,05081361;9,63896600
-34,04057361;9,63896600
-34,03033361;9,63896600
-34,02009361;9,63896600
-34,00985361;9,45951700
-33,99961361;9,28006800
-33,98937361;9,28006800
-33,97913361;9,28006800
-33,96889361;9,28006800
-33,95865361;9,45951700
-33,94841361;9,28006800
-33,93817361;9,28006800
-33,92793361;9,28006800
-33,91769361;9,28006800
-33,90745361;9,10061900
-33,89721361;9,10061900
-33,88697361;9,10061900
-33,87673361;9,10061900
-33,86649361;9,10061900
-33,85625361;8,92117000
-33,84601361;9,10061900
-33,83577361;8,92117000
-33,82553361;8,92117000
-33,81529361;8,92117000
-33,80505361;8,92117000
-33,79481361;8,74111200
-33,78457361;8,56166300
-33,77433361;8,74111200
-33,76409361;8,56166300
-33,75385361;8,56166300
-33,74361361;8,56166300
-33,73337361;8,56166300
-33,72313361;8,56166300
-33,71289361;8,38221400
-33,70265361;8,38221400
-33,69241361;8,20276500
-33,68217361;8,20276500
-33,67193361;8,20276500
-33,66169361;8,20276500
-33,65145361;8,02331600
-33,64121361;8,02331600
-33,63097361;8,02331600
-33,62073361;7,84325700
-33,61049361;7,84325700
-33,60025361;7,66380800
-33,59001361;7,66380800
-33,57977361;7,66380800
-33,56953361;7,66380800
-33,55929361;7,66380800
-33,54905361;7,48435900
-33,53881361;7,48435900
-33,52857361;7,48435900
-33,51833361;7,48435900
-33,50809361;7,48435900
-33,49785361;7,30491100
-33,48761361;7,12546200
-33,47737361;7,12546200
-33,46713361;7,30491100
-33,45689361;7,12546200
-33,44665361;7,12546200
-33,43641361;7,30491100
-33,42617361;7,12546200
-33,41593361;7,12546200
-33,40569361;7,12546200
-33,39545361;6,76595400
-33,38521361;6,76595400
-33,37497361;6,76595400
-33,36473361;6,76595400
-33,35449361;6,76595400
-33,34425361;6,76595400
-33,33401361;6,76595400
-33,32377361;6,76595400
-33,31353361;6,40705600
-33,30329361;6,40705600
-33,29305361;6,22760700
-33,28281361;6,22760700
-33,27257361;6,22760700
-33,26233361;6,40705600
-33,25209361;6,22760700
-33,24185361;6,22760700
-33,23161361;6,22760700
-33,22137361;6,04754800
-33,21113361;6,04754800
-33,20089361;6,04754800
-33,19065361;5,68865000
-33,18041361;5,68865000
-33,17017361;5,68865000
-33,15993361;5,68865000
-33,14969361;5,68865000
-33,13945361;5,68865000
-33,12921361;5,68865000
-33,11897361;5,68865000
-33,10873361;5,50920200
-33,09849361;5,32975200
-33,08825361;4,97024400
-33,07801361;4,97024400
-33,06777361;5,14969300
-33,05753361;4,97024400
-33,04729361;4,97024400
-33,03705361;5,14969300
-33,02681361;5,14969300
-33,01657361;4,97024400
-33,00633361;4,97024400
-32,99609361;4,61134700
-32,98585361;4,61134700
-32,97561361;4,43189800
-32,96537361;4,61134700
-32,95513361;4,61134700
-32,94489361;4,61134700
-32,93465361;4,61134700
-32,92441361;4,61134700
-32,91417361;4,25183900
-32,90393361;4,25183900
-32,89369361;4,07239000
-32,88345361;3,89294100
-32,87321361;3,89294100
-32,86297361;3,89294100
-32,85273361;3,89294100
-32,84249361;3,89294100
-32,83225361;3,89294100
-32,82201361;3,89294100
-32,81177361;3,71349200
-32,80153361;3,53404300
-32,79129361;3,53404300
-32,78105361;3,35398400
-32,77081361;3,35398400
-32,76057361;3,53404300
-32,75033361;3,53404300
-32,74009361;3,53404300
-32,72985361;3,53404300
-32,71961361;3,53404300
-32,70937362;3,35398400
-32,69913362;3,17453500
-32,68889362;2,81563800
-32,67865362;2,81563800
-32,66841362;2,81563800
-32,65817362;2,99508600
-32,64793362;2,81563800
-32,63769362;2,81563800
-32,62745362;2,81563800
-32,61721362;2,81563800
-32,60697362;2,63618900
-32,59673362;2,45613000
-32,58649362;2,09723200
-32,57625362;2,09723200
-32,56601362;2,09723200
-32,55577362;2,09723200
-32,54553362;2,09723200
-32,53529362;2,09723200
-32,52505362;2,27668100
-32,51481362;2,09723200
-32,50457362;1,91778300
-32,49433362;1,73833400
-32,48409362;1,37882600
-32,47385362;1,37882600
-32,46361362;1,37882600
-32,45337362;1,37882600
-32,44313362;1,55827500
-32,43289362;1,37882600
-32,42265362;1,37882600
-32,41241362;1,37882600
-32,40217362;1,01992900
-32,39193362;0,84047970
-32,38169362;0,84047970
-32,37145362;0,66042050
-32,36121362;0,84047970
-32,35097362;1,01992900
-32,34073362;0,84047970
-32,33049362;0,84047970
-32,32025362;0,84047970
-32,31001362;0,66042050
-32,29977362;0,66042050
-32,28953362;0,30152290
-32,27929362;0,30152290
-32,26905362;0,30152290
-32,25881362;0,30152290
-32,24857362;0,48097170
-32,23833362;0,48097170
-32,22809362;0,48097170
-32,21785362;0,30152290
-32,20761362;0,30152290
-32,19737362;-0,05737480
-32,18713362;-0,05737480
-32,17689362;-0,05737480
-32,16665362;-0,05737480
-32,15641362;-0,05737480
-32,14617362;-0,05737480
-32,13593362;-0,05737480
-32,12569362;-0,05737480
-32,11545362;-0,05737480
-32,10521362;-0,41627250
-32,09497362;-0,59572130
-32,08473362;-0,77517010
-32,07449362;-0,77517010
-32,06425362;-0,77517010
-32,05401362;-0,77517010
-32,04377362;-0,77517010
-32,03353362;-0,77517010
-32,02329362;-0,77517010
-32,01305362;-0,95522930
-32,00281362;-1,13467800
-31,99257362;-1,31412700
-31,98233362;-1,49357600
-31,97209362;-1,49357600
-31,96185362;-1,49357600
-31,95161362;-1,49357600
-31,94137362;-1,49357600
-31,93113362;-1,49357600
-31,92089362;-1,49357600
-31,91065362;-1,49357600
-31,90041362;-1,85308400
-31,89017362;-2,03253300
-31,87993362;-2,21198200
-31,86969362;-2,21198200
-31,85945362;-2,21198200
-31,84921362;-2,03253300
-31,83897362;-2,03253300
-31,82873362;-2,21198200
-31,81849362;-2,21198200
-31,80825362;-2,21198200
-31,79801362;-2,57087900
-31,78777362;-2,57087900
-31,77753362;-2,57087900
-31,76729362;-2,57087900
-31,75705362;-2,75093800
-31,74681362;-2,75093800
-31,73657362;-2,57087900
-31,72633362;-2,75093800
-31,71609362;-2,93038700
-31,70585362;-2,93038700
-31,69561362;-3,10983600
-31,68537362;-3,28928500
-31,67513362;-3,28928500
-31,66489362;-3,28928500
-31,65465362;-3,28928500
-31,64441362;-3,28928500
-31,63417362;-3,28928500
-31,62393362;-3,28928500
-31,61369362;-3,28928500
-31,60345362;-3,46873400
-31,59321362;-3,64879300
-31,58297362;-3,64879300
-31,57273362;-3,64879300
-31,56249362;-3,64879300
-31,55225362;-3,64879300
-31,54201362;-3,64879300
-31,53177362;-3,64879300
-31,52153362;-3,64879300
-31,51129362;-4,00769000
-31,50105362;-4,00769000
-31,49081362;-4,00769000
-31,48057362;-4,36658800
-31,47033362;-4,36658800
-31,46009362;-4,18714000
-31,44985362;-4,18714000
-31,43961362;-4,00769000
-31,42937362;-4,36658800
-31,41913362;-4,36658800
-31,40889362;-4,36658800
-31,39865362;-4,54664800
-31,38841362;-4,72609600
-31,37817362;-4,72609600
-31,36793362;-4,54664800
-31,35769362;-4,72609600
-31,34745362;-4,54664800
-31,33721362;-4,72609600
-31,32697362;-4,72609600
-31,31673362;-4,72609600
-31,30649362;-4,90554500
-31,29625362;-5,08499400
-31,28601362;-5,08499400
-31,27577362;-5,08499400
-31,26553362;-5,08499400
-31,25529362;-5,08499400
-31,24505362;-5,08499400
-31,23481362;-5,08499400
-31,22457362;-5,08499400
-31,21433362;-5,44450200
-31,20409362;-5,44450200
-31,19385362;-5,44450200
-31,18361362;-5,80340000
-31,17337362;-5,62395100
-31,16313362;-5,44450200
-31,15289362;-5,44450200
-31,14265362;-5,62395100
-31,13241362;-5,62395100
-31,12217362;-5,80340000
-31,11193362;-5,80340000
-31,10169362;-5,98284900
-31,09145362;-5,98284900
-31,08121362;-5,98284900
-31,07097362;-5,80340000
-31,06073363;-5,80340000
-31,05049363;-5,80340000
-31,04025363;-5,98284900
-31,03001363;-5,80340000
-31,01977363;-5,98284900
-31,00953363;-5,98284900
-30,99929363;-5,80340000
-30,98905363;-5,80340000
-30,97881363;-5,80340000
-30,96857363;-5,80340000
-30,95833363;-5,80340000
-30,94809363;-5,80340000
-30,93785363;-5,80340000
-30,92761363;-5,80340000
-30,91737363;-5,80340000
-30,90713363;-5,80340000
-30,89689363;-5,80340000
-30,88665363;-5,80340000
-30,87641363;-5,98284900
-30,86617363;-5,80340000
-30,85593363;-5,80340000
-30,84569363;-5,80340000
-30,83545363;-5,80340000
-30,82521363;-5,80340000
-30,81497363;-5,80340000
-30,80473363;-5,98284900
-30,79449363;-5,80340000
-30,78425363;-5,80340000
-30,77401363;-5,80340000
-30,76377363;-5,80340000
-30,75353363;-5,80340000
-30,74329363;-5,80340000
-30,73305363;-5,80340000
-30,72281363;-5,80340000
-30,71257363;-5,80340000
-30,70233363;-5,80340000
-30,69209363;-5,98284900
-30,68185363;-5,80340000
-30,67161363;-5,80340000
-30,66137363;-5,80340000
-30,65113363;-5,80340000
-30,64089363;-5,80340000
-30,63065363;-5,80340000
-30,62041363;-5,80340000
-30,61017363;-5,80340000
-30,59993363;-5,80340000
-30,58969363;-5,98284900
-30,57945363;-5,80340000
-30,56921363;-5,80340000
-30,55897363;-5,80340000
-30,54873363;-5,80340000
-30,53849363;-5,80340000
-30,52825363;-5,80340000
-30,51801363;-5,80340000
-30,50777363;-5,80340000
-30,49753363;-5,80340000
-30,48729363;-5,80340000
-30,47705363;-5,80340000
-30,46681363;-5,80340000
-30,45657363;-5,80340000
-30,44633363;-5,80340000
-30,43609363;-5,80340000
-30,42585363;-5,80340000
-30,41561363;-5,80340000
-30,40537363;-5,80340000
-30,39513363;-5,80340000
-30,38489363;-5,80340000
-30,37465363;-5,80340000
-30,36441363;-5,80340000
-30,35417363;-5,80340000
-30,34393363;-5,80340000
-30,33369363;-5,80340000
-30,32345363;-5,80340000
-30,31321363;-5,80340000
-30,30297363;-5,80340000
-30,29273363;-5,80340000
-30,28249363;-5,80340000
-30,27225363;-5,80340000
-30,26201363;-5,80340000
-30,25177363;-5,80340000
-30,24153363;-5,80340000
-30,23129363;-5,80340000
-30,22105363;-5,80340000
-30,21081363;-5,80340000
-30,20057363;-5,80340000
-30,19033363;-5,80340000
-30,18009363;-5,80340000
-30,16985363;-5,80340000
-30,15961363;-5,80340000
-30,14937363;-5,80340000
-30,13913363;-5,80340000
-30,12889363;-5,80340000
-30,11865363;-5,80340000
-30,10841363;-5,80340000
-30,09817363;-5,80340000
-30,08793363;-5,80340000
-30,07769363;-5,80340000
-30,06745363;-5,80340000
-30,05721363;-5,80340000
-30,04697363;-5,80340000
-30,03673363;-5,80340000
-30,02649363;-5,80340000
-30,01625363;-5,80340000
-30,00601363;-5,80340000
-29,99577363;-5,80340000
-29,98553363;-5,80340000
-29,97529363;-5,80340000
-29,96505363;-5,80340000
-29,95481363;-5,80340000
-29,94457363;-5,80340000
-29,93433363;-5,80340000
-29,92409363;-5,80340000
-29,91385363;-5,80340000
-29,90361363;-5,80340000
-29,89337363;-5,80340000
-29,88313363;-5,80340000
-29,87289363;-5,80340000
-29,86265363;-5,80340000
-29,85241363;-5,80340000
-29,84217363;-5,80340000
-29,83193363;-5,80340000
-29,82169363;-5,80340000
-29,81145363;-5,80340000
-29,80121363;-5,80340000
-29,79097363;-5,80340000
-29,78073363;-5,80340000
-29,77049363;-5,80340000
-29,76025363;-5,80340000
-29,75001363;-5,80340000
-29,73977363;-5,80340000
-29,72953363;-5,80340000
-29,71929363;-5,80340000
-29,70905363;-5,80340000
-29,69881363;-5,80340000
-29,68857363;-5,80340000
-29,67833363;-5,80340000
-29,66809363;-5,80340000
-29,65785363;-5,80340000
-29,64761363;-5,80340000
-29,63737363;-5,80340000
-29,62713363;-5,80340000
-29,61689363;-5,80340000
-29,60665363;-5,80340000
-29,59641363;-5,80340000
-29,58617363;-5,80340000
-29,57593363;-5,80340000
-29,56569363;-5,80340000
-29,55545363;-5,80340000
-29,54521363;-5,80340000
-29,53497363;-5,80340000
-29,52473363;-5,80340000
-29,51449363;-5,80340000
-29,50425363;-5,80340000
-29,49401363;-5,80340000
-29,48377363;-5,80340000
-29,47353363;-5,80340000
-29,46329363;-5,80340000
-29,45305363;-5,80340000
-29,44281363;-5,80340000
-29,43257363;-5,80340000
-29,42233364;-5,80340000
-29,41209364;-5,80340000
-29,40185364;-5,80340000
-29,39161364;-5,80340000
-29,38137364;-5,80340000
-29,37113364;-5,80340000
-29,36089364;-5,80340000
-29,35065364;-5,80340000
-29,34041364;-5,80340000
-29,33017364;-5,80340000
-29,31993364;-5,80340000
-29,30969364;-5,80340000
-29,29945364;-5,80340000
-29,28921364;-5,80340000
-29,27897364;-5,80340000
-29,26873364;-5,80340000
-29,25849364;-5,80340000
-29,24825364;-5,80340000
-29,23801364;-5,80340000
-29,22777364;-5,80340000
-29,21753364;-5,80340000
-29,20729364;-5,80340000
-29,19705364;-5,80340000
-29,18681364;-5,80340000
-29,17657364;-5,80340000
-29,16633364;-5,80340000
-29,15609364;-5,80340000
-29,14585364;-5,80340000
-29,13561364;-5,80340000
-29,12537364;-5,80340000
-29,11513364;-5,80340000
-29,10489364;-5,80340000
-29,09465364;-5,80340000
-29,08441364;-5,80340000
-29,07417364;-5,80340000
-29,06393364;-5,80340000
-29,05369364;-5,80340000
-29,04345364;-5,80340000
-29,03321364;-5,80340000
-29,02297364;-5,80340000
-29,01273364;-5,80340000
-29,00249364;-5,80340000
-28,99225364;-5,80340000
-28,98201364;-5,80340000
-28,97177364;-5,80340000
-28,96153364;-5,80340000
-28,95129364;-5,80340000
-28,94105364;-5,80340000
-28,93081364;-5,80340000
-28,92057364;-5,80340000
-28,91033364;-5,80340000
-28,90009364;-5,80340000
-28,88985364;-5,80340000
-28,87961364;-5,80340000
-28,86937364;-5,80340000
-28,85913364;-5,80340000
-28,84889364;-5,80340000
-28,83865364;-5,80340000
-28,82841364;-5,80340000
-28,81817364;-5,80340000
-28,80793364;-5,80340000
-28,79769364;-5,80340000
-28,78745364;-5,80340000
-28,77721364;-5,80340000
-28,76697364;-5,80340000
-28,75673364;-5,80340000
-28,74649364;-5,80340000
-28,73625364;-5,80340000
-28,72601364;-5,80340000
-28,71577364;-5,80340000
-28,70553364;-5,80340000
-28,69529364;-5,80340000
-28,68505364;-5,80340000
-28,67481364;-5,80340000
-28,66457364;-5,80340000
-28,65433364;-5,80340000
-28,64409364;-5,80340000
-28,63385364;-5,80340000
-28,62361364;-5,80340000
-28,61337364;-5,80340000
-28,60313364;-5,80340000
-28,59289364;-5,80340000
-28,58265364;-5,80340000
-28,57241364;-5,80340000
-28,56217364;-5,80340000
-28,55193364;-5,80340000
-28,54169364;-5,80340000
-28,53145364;-5,80340000
-28,52121364;-5,80340000
-28,51097364;-5,80340000
-28,50073364;-5,80340000
-28,49049364;-5,80340000
-28,48025364;-5,80340000
-28,47001364;-5,80340000
-28,45977364;-5,80340000
-28,44953364;-5,80340000
-28,43929364;-5,80340000
-28,42905364;-5,80340000
-28,41881364;-5,80340000
-28,40857364;-5,80340000
-28,39833364;-5,80340000
-28,38809364;-5,80340000
-28,37785364;-5,80340000
-28,36761364;-5,80340000
-28,35737364;-5,80340000
-28,34713364;-5,80340000
-28,33689364;-5,80340000
-28,32665364;-5,80340000
-28,31641364;-5,80340000
-28,30617364;-5,80340000
-28,29593364;-5,80340000
-28,28569364;-5,80340000
-28,27545364;-5,80340000
-28,26521364;-5,80340000
-28,25497364;-5,80340000
-28,24473364;-5,80340000
-28,23449364;-5,80340000
-28,22425364;-5,80340000
-28,21401364;-5,80340000
-28,20377364;-5,80340000
-28,19353364;-5,80340000
-28,18329364;-5,80340000
-28,17305364;-5,80340000
-28,16281364;-5,80340000
-28,15257364;-5,80340000
-28,14233364;-5,80340000
-28,13209364;-5,80340000
-28,12185364;-5,80340000
-28,11161364;-5,80340000
-28,10137364;-5,80340000
-28,09113364;-5,80340000
-28,08089364;-5,80340000
-28,07065364;-5,80340000
-28,06041364;-5,80340000
-28,05017364;-5,80340000
-28,03993364;-5,80340000
-28,02969364;-5,62395100
-28,01945364;-5,80340000
-28,00921364;-5,80340000
-27,99897364;-5,80340000
-27,98873364;-5,80340000
-27,97849364;-5,80340000
-27,96825364;-5,80340000
-27,95801364;-5,80340000
-27,94777364;-5,80340000
-27,93753364;-5,80340000
-27,92729364;-5,80340000
-27,91705364;-5,80340000
-27,90681364;-5,80340000
-27,89657364;-5,80340000
-27,88633364;-5,80340000
-27,87609364;-5,80340000
-27,86585364;-5,80340000
-27,85561364;-5,80340000
-27,84537364;-5,80340000
-27,83513364;-5,80340000
-27,82489364;-5,62395100
-27,81465364;-5,80340000
-27,80441364;-5,80340000
-27,79417364;-5,80340000
-27,78393364;-5,80340000
-27,77369365;-5,80340000
-27,76345365;-5,80340000
-27,75321365;-5,80340000
-27,74297365;-5,80340000
-27,73273365;-5,80340000
-27,72249365;-5,80340000
-27,71225365;-5,80340000
-27,70201365;-5,80340000
-27,69177365;-5,80340000
-27,68153365;-5,80340000
-27,67129365;-5,80340000
-27,66105365;-5,80340000
-27,65081365;-5,80340000
-27,64057365;-5,80340000
-27,63033365;-5,80340000
-27,62009365;-5,80340000
-27,60985365;-5,80340000
-27,59961365;-5,80340000
-27,58937365;-5,80340000
-27,57913365;-5,80340000
-27,56889365;-5,80340000
-27,55865365;-5,80340000
-27,54841365;-5,80340000
-27,53817365;-5,62395100
-27,52793365;-5,80340000
-27,51769365;-5,80340000
-27,50745365;-5,80340000
-27,49721365;-5,80340000
-27,48697365;-5,80340000
-27,47673365;-5,80340000
-27,46649365;-5,80340000
-27,45625365;-5,80340000
-27,44601365;-5,80340000
-27,43577365;-5,80340000
-27,42553365;-5,80340000
-27,41529365;-5,80340000
-27,40505365;-5,80340000
-27,39481365;-5,62395100
-27,38457365;-5,80340000
-27,37433365;-5,80340000
-27,36409365;-5,80340000
-27,35385365;-5,80340000
-27,34361365;-5,80340000
-27,33337365;-5,80340000
-27,32313365;-5,80340000
-27,31289365;-5,80340000
-27,30265365;-5,80340000
-27,29241365;-5,80340000
-27,28217365;-5,62395100
-27,27193365;-5,80340000
-27,26169365;-5,80340000
-27,25145365;-5,80340000
-27,24121365;-5,80340000
-27,23097365;-5,80340000
-27,22073365;-5,80340000
-27,21049365;-5,80340000
-27,20025365;-5,80340000
-27,19001365;-5,62395100
-27,17977365;-5,80340000
-27,16953365;-5,80340000
-27,15929365;-5,80340000
-27,14905365;-5,80340000
-27,13881365;-5,80340000
-27,12857365;-5,80340000
-27,11833365;-5,80340000
-27,10809365;-5,62395100
-27,09785365;-5,80340000
-27,08761365;-5,80340000
-27,07737365;-5,62395100
-27,06713365;-5,62395100
-27,05689365;-5,62395100
-27,04665365;-5,80340000
-27,03641365;-5,80340000
-27,02617365;-5,62395100
-27,01593365;-5,80340000
-27,00569365;-5,80340000
-26,99545365;-5,80340000
-26,98521365;-5,80340000
-26,97497365;-5,80340000
-26,96473365;-5,62395100
-26,95449365;-5,62395100
-26,94425365;-5,80340000
-26,93401365;-5,80340000
-26,92377365;-5,62395100
-26,91353365;-5,80340000
-26,90329365;-5,62395100
-26,89305365;-5,80340000
-26,88281365;-5,80340000
-26,87257365;-5,62395100
-26,86233365;-5,80340000
-26,85209365;-5,62395100
-26,84185365;-5,80340000
-26,83161365;-5,62395100
-26,82137365;-5,62395100
-26,81113365;-5,80340000
-26,80089365;-5,80340000
-26,79065365;-5,62395100
-26,78041365;-5,80340000
-26,77017365;-5,62395100
-26,75993365;-5,80340000
-26,74969365;-5,80340000
-26,73945365;-5,62395100
-26,72921365;-5,62395100
-26,71897365;-5,80340000
-26,70873365;-5,62395100
-26,69849365;-5,62395100
-26,68825365;-5,62395100
-26,67801365;-5,80340000
-26,66777365;-5,62395100
-26,65753365;-5,62395100
-26,64729365;-5,80340000
-26,63705365;-5,44450200
-26,62681365;-5,80340000
-26,61657365;-5,80340000
-26,60633365;-5,62395100
-26,59609365;-5,62395100
-26,58585365;-5,62395100
-26,57561365;-5,80340000
-26,56537365;-5,62395100
-26,55513365;-5,62395100
-26,54489365;-5,62395100
-26,53465365;-5,80340000
-26,52441365;-5,80340000
-26,51417365;-5,80340000
-26,50393365;-5,62395100
-26,49369365;-5,62395100
-26,48345365;-5,62395100
-26,47321365;-5,80340000
-26,46297365;-5,62395100
-26,45273365;-5,62395100
-26,44249365;-5,80340000
-26,43225365;-5,62395100
-26,42201365;-5,62395100
-26,41177365;-5,62395100
-26,40153365;-5,62395100
-26,39129365;-5,80340000
-26,38105365;-5,80340000
-26,37081365;-5,62395100
-26,36057365;-5,80340000
-26,35033365;-5,62395100
-26,34009365;-5,80340000
-26,32985365;-5,62395100
-26,31961365;-5,62395100
-26,30937365;-5,62395100
-26,29913365;-5,62395100
-26,28889365;-5,62395100
-26,27865365;-5,62395100
-26,26841365;-5,62395100
-26,25817365;-5,62395100
-26,24793365;-5,62395100
-26,23769365;-5,80340000
-26,22745365;-5,80340000
-26,21721365;-5,62395100
-26,20697365;-5,62395100
-26,19673365;-5,62395100
-26,18649365;-5,80340000
-26,17625365;-5,62395100
-26,16601365;-5,62395100
-26,15577365;-5,62395100
-26,14553365;-5,44450200
-26,13529365;-5,62395100
-26,12505366;-5,62395100
-26,11481366;-5,62395100
-26,10457366;-5,62395100
-26,09433366;-5,62395100
-26,08409366;-5,80340000
-26,07385366;-5,80340000
-26,06361366;-5,80340000
-26,05337366;-5,80340000
-26,04313366;-5,62395100
-26,03289366;-5,62395100
-26,02265366;-5,62395100
-26,01241366;-5,62395100
-26,00217366;-5,62395100
-25,99193366;-5,80340000
-25,98169366;-5,44450200
-25,97145366;-5,62395100
-25,96121366;-5,62395100
-25,95097366;-5,80340000
-25,94073366;-5,44450200
-25,93049366;-5,62395100
-25,92025366;-5,44450200
-25,91001366;-5,44450200
-25,89977366;-5,80340000
-25,88953366;-5,62395100
-25,87929366;-5,62395100
-25,86905366;-5,62395100
-25,85881366;-5,44450200
-25,84857366;-5,62395100
-25,83833366;-5,62395100
-25,82809366;-5,44450200
-25,81785366;-5,80340000
-25,80761366;-5,62395100
-25,79737366;-5,62395100
-25,78713366;-5,62395100
-25,77689366;-5,62395100
-25,76665366;-5,62395100
-25,75641366;-5,62395100
-25,74617366;-5,62395100
-25,73593366;-5,62395100
-25,72569366;-5,44450200
-25,71545366;-5,44450200
-25,70521366;-5,62395100
-25,69497366;-5,62395100
-25,68473366;-5,62395100
-25,67449366;-5,62395100
-25,66425366;-5,62395100
-25,65401366;-5,44450200
-25,64377366;-5,62395100
-25,63353366;-5,62395100
-25,62329366;-5,62395100
-25,61305366;-5,62395100
-25,60281366;-5,44450200
-25,59257366;-5,62395100
-25,58233366;-5,62395100
-25,57209366;-5,44450200
-25,56185366;-5,44450200
-25,55161366;-5,44450200
-25,54137366;-5,44450200
-25,53113366;-5,44450200
-25,52089366;-5,44450200
-25,51065366;-5,62395100
-25,50041366;-5,44450200
-25,49017366;-5,44450200
-25,47993366;-5,62395100
-25,46969366;-5,44450200
-25,45945366;-5,44450200
-25,44921366;-5,62395100
-25,43897366;-5,44450200
-25,42873366;-5,44450200
-25,41849366;-5,62395100
-25,40825366;-5,62395100
-25,39801366;-5,62395100
-25,38777366;-5,62395100
-25,37753366;-5,44450200
-25,36729366;-5,44450200
-25,35705366;-5,44450200
-25,34681366;-5,44450200
-25,33657366;-5,62395100
-25,32633366;-5,44450200
-25,31609366;-5,44450200
-25,30585366;-5,44450200
-25,29561366;-5,44450200
-25,28537366;-5,62395100
-25,27513366;-5,44450200
-25,26489366;-5,44450200
-25,25465366;-5,62395100
-25,24441366;-5,44450200
-25,23417366;-5,44450200
-25,22393366;-5,62395100
-25,21369366;-5,44450200
-25,20345366;-5,62395100
-25,19321366;-5,62395100
-25,18297366;-5,44450200
-25,17273366;-5,62395100
-25,16249366;-5,44450200
-25,15225366;-5,44450200
-25,14201366;-5,44450200
-25,13177366;-5,44450200
-25,12153366;-5,44450200
-25,11129366;-5,44450200
-25,10105366;-5,44450200
-25,09081366;-5,44450200
-25,08057366;-5,44450200
-25,07033366;-5,44450200
-25,06009366;-5,44450200
-25,04985366;-5,44450200
-25,03961366;-5,44450200
-25,02937366;-5,44450200
-25,01913366;-5,44450200
-25,00889366;-5,44450200
-24,99865366;-5,44450200
-24,98841366;-5,44450200
-24,97817366;-5,44450200
-24,96793366;-5,44450200
-24,95769366;-5,62395100
-24,94745366;-5,44450200
-24,93721366;-5,44450200
-24,92697366;-5,44450200
-24,91673366;-5,62395100
-24,90649366;-5,44450200
-24,89625366;-5,62395100
-24,88601366;-5,44450200
-24,87577366;-5,44450200
-24,86553366;-5,44450200
-24,85529366;-5,44450200
-24,84505366;-5,44450200
-24,83481366;-5,44450200
-24,82457366;-5,44450200
-24,81433366;-5,44450200
-24,80409366;-5,62395100
-24,79385366;-5,44450200
-24,78361366;-5,44450200
-24,77337366;-5,44450200
-24,76313366;-5,44450200
-24,75289366;-5,44450200
-24,74265366;-5,44450200
-24,73241366;-5,44450200
-24,72217366;-5,44450200
-24,71193366;-5,44450200
-24,70169366;-5,44450200
-24,69145366;-5,44450200
-24,68121366;-5,44450200
-24,67097366;-5,44450200
-24,66073366;-5,44450200
-24,65049366;-5,44450200
-24,64025366;-5,62395100
-24,63001366;-5,44450200
-24,61977366;-5,44450200
-24,60953366;-5,44450200
-24,59929366;-5,44450200
-24,58905366;-5,44450200
-24,57881366;-5,44450200
-24,56857366;-5,44450200
-24,55833366;-5,44450200
-24,54809366;-5,44450200
-24,53785366;-5,44450200
-24,52761366;-5,44450200
-24,51737366;-5,44450200
-24,50713366;-5,44450200
-24,49689366;-5,44450200
-24,48665367;-5,44450200
-24,47641367;-5,44450200
-24,46617367;-5,44450200
-24,45593367;-5,44450200
-24,44569367;-5,44450200
-24,43545367;-5,44450200
-24,42521367;-5,44450200
-24,41497367;-5,44450200
-24,40473367;-5,44450200
-24,39449367;-5,44450200
-24,38425367;-5,44450200
-24,37401367;-5,44450200
-24,36377367;-5,44450200
-24,35353367;-5,44450200
-24,34329367;-5,44450200
-24,33305367;-5,44450200
-24,32281367;-5,44450200
-24,31257367;-5,44450200
-24,30233367;-5,44450200
-24,29209367;-5,44450200
-24,28185367;-5,44450200
-24,27161367;-5,44450200
-24,26137367;-5,44450200
-24,25113367;-5,44450200
-24,24089367;-5,44450200
-24,23065367;-5,44450200
-24,22041367;-5,62395100
-24,21017367;-5,44450200
-24,19993367;-5,44450200
-24,18969367;-5,44450200
-24,17945367;-5,44450200
-24,16921367;-5,44450200
-24,15897367;-5,44450200
-24,14873367;-5,44450200
-24,13849367;-5,44450200
-24,12825367;-5,44450200
-24,11801367;-5,44450200
-24,10777367;-5,44450200
-24,09753367;-5,44450200
-24,08729367;-5,44450200
-24,07705367;-5,44450200
-24,06681367;-5,44450200
-24,05657367;-5,44450200
-24,04633367;-5,44450200
-24,03609367;-5,44450200
-24,02585367;-5,44450200
-24,01561367;-5,44450200
-24,00537367;-5,44450200
-23,99513367;-5,44450200
-23,98489367;-5,44450200
-23,97465367;-5,44450200
-23,96441367;-5,44450200
-23,95417367;-5,44450200
-23,94393367;-5,44450200
-23,93369367;-5,44450200
-23,92345367;-5,44450200
-23,91321367;-5,44450200
-23,90297367;-5,44450200
-23,89273367;-5,44450200
-23,88249367;-5,44450200
-23,87225367;-5,44450200
-23,86201367;-5,44450200
-23,85177367;-5,44450200
-23,84153367;-5,44450200
-23,83129367;-5,44450200
-23,82105367;-5,44450200
-23,81081367;-5,44450200
-23,80057367;-5,44450200
-23,79033367;-5,44450200
-23,78009367;-5,44450200
-23,76985367;-5,44450200
-23,75961367;-5,44450200
-23,74937367;-5,44450200
-23,73913367;-5,44450200
-23,72889367;-5,44450200
-23,71865367;-5,44450200
-23,70841367;-5,44450200
-23,69817367;-5,44450200
-23,68793367;-5,44450200
-23,67769367;-5,44450200
-23,66745367;-5,44450200
-23,65721367;-5,44450200
-23,64697367;-5,44450200
-23,63673367;-5,44450200
-23,62649367;-5,44450200
-23,61625367;-5,44450200
-23,60601367;-5,44450200
-23,59577367;-5,44450200
-23,58553367;-5,44450200
-23,57529367;-5,44450200
-23,56505367;-5,44450200
-23,55481367;-5,44450200
-23,54457367;-5,44450200
-23,53433367;-5,44450200
-23,52409367;-5,44450200
-23,51385367;-5,44450200
-23,50361367;-5,44450200
-23,49337367;-5,44450200
-23,48313367;-5,44450200
-23,47289367;-5,44450200
-23,46265367;-5,44450200
-23,45241367;-5,44450200
-23,44217367;-5,44450200
-23,43193367;-5,44450200
-23,42169367;-5,44450200
-23,41145367;-5,44450200
-23,40121367;-5,44450200
-23,39097367;-5,44450200
-23,38073367;-5,44450200
-23,37049367;-5,44450200
-23,36025367;-5,44450200
-23,35001367;-5,44450200
-23,33977367;-5,44450200
-23,32953367;-5,44450200
-23,31929367;-5,44450200
-23,30905367;-5,44450200
-23,29881367;-5,44450200
-23,28857367;-5,44450200
-23,27833367;-5,44450200
-23,26809367;-5,44450200
-23,25785367;-5,44450200
-23,24761367;-5,44450200
-23,23737367;-5,44450200
-23,22713367;-5,44450200
-23,21689367;-5,44450200
-23,20665367;-5,44450200
-23,19641367;-5,44450200
-23,18617367;-5,44450200
-23,17593367;-5,44450200
-23,16569367;-5,44450200
-23,15545367;-5,44450200
-23,14521367;-5,44450200
-23,13497367;-5,44450200
-23,12473367;-5,44450200
-23,11449367;-5,44450200
-23,10425367;-5,44450200
-23,09401367;-5,44450200
-23,08377367;-5,44450200
-23,07353367;-5,44450200
-23,06329367;-5,44450200
-23,05305367;-5,44450200
-23,04281367;-5,44450200
-23,03257367;-5,44450200
-23,02233367;-5,44450200
-23,01209367;-5,44450200
-23,00185367;-5,44450200
-22,99161367;-5,44450200
-22,98137367;-5,44450200
-22,97113367;-5,44450200
-22,96089367;-5,44450200
-22,95065367;-5,44450200
-22,94041367;-5,44450200
-22,93017367;-5,44450200
-22,91993367;-5,44450200
-22,90969367;-5,44450200
-22,89945367;-5,44450200
-22,88921367;-5,44450200
-22,87897367;-5,44450200
-22,86873367;-5,44450200
-22,85849367;-5,44450200
-22,84825367;-5,44450200
-22,83801368;-5,44450200
-22,82777368;-5,44450200
-22,81753368;-5,44450200
-22,80729368;-5,44450200
-22,79705368;-5,44450200
-22,78681368;-5,44450200
-22,77657368;-5,44450200
-22,76633368;-5,44450200
-22,75609368;-5,44450200
-22,74585368;-5,44450200
-22,73561368;-5,44450200
-22,72537368;-5,44450200
-22,71513368;-5,44450200
-22,70489368;-5,44450200
-22,69465368;-5,44450200
-22,68441368;-5,44450200
-22,67417368;-5,44450200
-22,66393368;-5,44450200
-22,65369368;-5,44450200
-22,64345368;-5,44450200
-22,63321368;-5,44450200
-22,62297368;-5,44450200
-22,61273368;-5,44450200
-22,60249368;-5,44450200
-22,59225368;-5,44450200
-22,58201368;-5,44450200
-22,57177368;-5,44450200
-22,56153368;-5,44450200
-22,55129368;-5,44450200
-22,54105368;-5,44450200
-22,53081368;-5,44450200
-22,52057368;-5,44450200
-22,51033368;-5,44450200
-22,50009368;-5,44450200
-22,48985368;-5,44450200
-22,47961368;-5,44450200
-22,46937368;-5,44450200
-22,45913368;-5,44450200
-22,44889368;-5,44450200
-22,43865368;-5,44450200
-22,42841368;-5,44450200
-22,41817368;-5,44450200
-22,40793368;-5,44450200
-22,39769368;-5,44450200
-22,38745368;-5,44450200
-22,37721368;-5,44450200
-22,36697368;-5,44450200
-22,35673368;-5,44450200
-22,34649368;-5,44450200
-22,33625368;-5,44450200
-22,32601368;-5,44450200
-22,31577368;-5,44450200
-22,30553368;-5,44450200
-22,29529368;-5,44450200
-22,28505368;-5,44450200
-22,27481368;-5,44450200
-22,26457368;-5,44450200
-22,25433368;-5,44450200
-22,24409368;-5,44450200
-22,23385368;-5,44450200
-22,22361368;-5,44450200
-22,21337368;-5,44450200
-22,20313368;-5,44450200
-22,19289368;-5,44450200
-22,18265368;-5,44450200
-22,17241368;-5,44450200
-22,16217368;-5,44450200
-22,15193368;-5,44450200
-22,14169368;-5,44450200
-22,13145368;-5,44450200
-22,12121368;-5,44450200
-22,11097368;-5,44450200
-22,10073368;-5,44450200
-22,09049368;-5,44450200
-22,08025368;-5,44450200
-22,07001368;-5,44450200
-22,05977368;-5,44450200
-22,04953368;-5,44450200
-22,03929368;-5,44450200
-22,02905368;-5,44450200
-22,01881368;-5,44450200
-22,00857368;-5,44450200
-21,99833368;-5,44450200
-21,98809368;-5,44450200
-21,97785368;-5,44450200
-21,96761368;-5,26444300
-21,95737368;-5,44450200
-21,94713368;-5,44450200
-21,93689368;-5,44450200
-21,92665368;-5,44450200
-21,91641368;-5,44450200
-21,90617368;-5,44450200
-21,89593368;-5,44450200
-21,88569368;-5,44450200
-21,87545368;-5,44450200
-21,86521368;-5,44450200
-21,85497368;-5,44450200
-21,84473368;-5,26444300
-21,83449368;-5,44450200
-21,82425368;-5,44450200
-21,81401368;-5,44450200
-21,80377368;-5,44450200
-21,79353368;-5,44450200
-21,78329368;-5,44450200
-21,77305368;-5,44450200
-21,76281368;-5,44450200
-21,75257368;-5,44450200
-21,74233368;-5,44450200
-21,73209368;-5,44450200
-21,72185368;-5,44450200
-21,71161368;-5,44450200
-21,70137368;-5,44450200
-21,69113368;-5,44450200
-21,68089368;-5,44450200
-21,67065368;-5,44450200
-21,66041368;-5,44450200
-21,65017368;-5,44450200
-21,63993368;-5,44450200
-21,62969368;-5,44450200
-21,61945368;-5,44450200
-21,60921368;-5,44450200
-21,59897368;-5,44450200
-21,58873368;-5,44450200
-21,57849368;-5,44450200
-21,56825368;-5,26444300
-21,55801368;-5,44450200
-21,54777368;-5,44450200
-21,53753368;-5,44450200
-21,52729368;-5,44450200
-21,51705368;-5,44450200
-21,50681368;-5,44450200
-21,49657368;-5,44450200
-21,48633368;-5,26444300
-21,47609368;-5,44450200
-21,46585368;-5,44450200
-21,45561368;-5,44450200
-21,44537368;-5,44450200
-21,43513368;-5,44450200
-21,42489368;-5,44450200
-21,41465368;-5,44450200
-21,40441368;-5,44450200
-21,39417368;-5,44450200
-21,38393368;-5,44450200
-21,37369368;-5,44450200
-21,36345368;-5,44450200
-21,35321368;-5,44450200
-21,34297368;-5,44450200
-21,33273368;-5,44450200
-21,32249368;-5,44450200
-21,31225368;-5,44450200
-21,30201368;-5,44450200
-21,29177368;-5,44450200
-21,28153368;-5,26444300
-21,27129368;-5,26444300
-21,26105368;-5,44450200
-21,25081368;-5,44450200
-21,24057368;-5,26444300
-21,23033368;-5,44450200
-21,22009368;-5,44450200
-21,20985368;-5,44450200
-21,19961368;-5,44450200
-21,18937369;-5,44450200
-21,17913369;-5,44450200
-21,16889369;-5,44450200
-21,15865369;-5,26444300
-21,14841369;-5,44450200
-21,13817369;-5,44450200
-21,12793369;-5,44450200
-21,11769369;-5,44450200
-21,10745369;-5,44450200
-21,09721369;-5,44450200
-21,08697369;-5,26444300
-21,07673369;-5,44450200
-21,06649369;-5,26444300
-21,05625369;-5,26444300
-21,04601369;-5,44450200
-21,03577369;-5,44450200
-21,02553369;-5,44450200
-21,01529369;-5,44450200
-21,00505369;-5,26444300
-20,99481369;-5,44450200
-20,98457369;-5,26444300
-20,97433369;-5,26444300
-20,96409369;-5,08499400
-20,95385369;-5,08499400
-20,94361369;-5,08499400
-20,93337369;-5,08499400
-20,92313369;-5,08499400
-20,91289369;-5,08499400
-20,90265369;-5,08499400
-20,89241369;-5,08499400
-20,88217369;-4,90554500
-20,87193369;-4,90554500
-20,86169369;-4,72609600
-20,85145369;-4,54664800
-20,84121369;-4,72609600
-20,83097369;-4,72609600
-20,82073369;-4,54664800
-20,81049369;-4,72609600
-20,80025369;-4,54664800
-20,79001369;-4,54664800
-20,77977369;-4,36658800
-20,76953369;-4,36658800
-20,75929369;-4,00769000
-20,74905369;-4,00769000
-20,73881369;-4,00769000
-20,72857369;-4,18714000
-20,71833369;-4,00769000
-20,70809369;-4,00769000
-20,69785369;-4,00769000
-20,68761369;-4,00769000
-20,67737369;-3,82824200
-20,66713369;-3,82824200
-20,65689369;-3,64879300
-20,64665369;-3,64879300
-20,63641369;-3,64879300
-20,62617369;-3,64879300
-20,61593369;-3,64879300
-20,60569369;-3,64879300
-20,59545369;-3,46873400
-20,58521369;-3,46873400
-20,57497369;-3,28928500
-20,56473369;-3,28928500
-20,55449369;-3,10983600
-20,54425369;-3,10983600
-20,53401369;-3,10983600
-20,52377369;-3,10983600
-20,51353369;-3,10983600
-20,50329369;-2,93038700
-20,49305369;-2,93038700
-20,48281369;-2,93038700
-20,47257369;-2,57087900
-20,46233369;-2,57087900
-20,45209369;-2,57087900
-20,44185369;-2,57087900
-20,43161369;-2,57087900
-20,42137369;-2,57087900
-20,41113369;-2,57087900
-20,40089369;-2,57087900
-20,39065369;-2,39143000
-20,38041369;-2,21198200
-20,37017369;-2,21198200
-20,35993369;-2,21198200
-20,34969369;-2,21198200
-20,33945369;-2,21198200
-20,32921369;-1,85308400
-20,31897369;-2,03253300
-20,30873369;-2,03253300
-20,29849369;-1,85308400
-20,28825369;-1,85308400
-20,27801369;-1,85308400
-20,26777369;-1,85308400
-20,25753369;-1,67302500
-20,24729369;-1,67302500
-20,23705369;-1,67302500
-20,22681369;-1,67302500
-20,21657369;-1,49357600
-20,20633369;-1,49357600
-20,19609369;-1,49357600
-20,18585369;-1,49357600
-20,17561369;-1,49357600
-20,16537369;-1,13467800
-20,15513369;-1,13467800
-20,14489369;-1,13467800
-20,13465369;-1,13467800
-20,12441369;-1,13467800
-20,11417369;-1,13467800
-20,10393369;-0,95522930
-20,09369369;-0,95522930
-20,08345369;-0,77517010
-20,07321369;-0,77517010
-20,06297369;-0,77517010
-20,05273369;-0,59572130
-20,04249369;-0,59572130
-20,03225369;-0,59572130
-20,02201369;-0,41627250
-20,01177369;-0,41627250
-20,00153369;-0,41627250
-19,99129369;-0,41627250
-19,98105369;-0,05737480
-19,97081369;-0,05737480
-19,96057369;-0,05737480
-19,95033369;-0,05737480
-19,94009369;0,12207400
-19,92985369;0,12207400
-19,91961369;0,12207400
-19,90937369;0,12207400
-19,89913369;0,30152290
-19,88889369;0,30152290
-19,87865369;0,30152290
-19,86841369;0,30152290
-19,85817369;0,66042050
-19,84793369;0,66042050
-19,83769369;0,66042050
-19,82745369;0,66042050
-19,81721369;0,66042050
-19,80697369;0,66042050
-19,79673369;0,66042050
-19,78649369;0,84047970
-19,77625369;1,01992900
-19,76601369;1,01992900
-19,75577369;1,01992900
-19,74553369;1,19937700
-19,73529369;1,19937700
-19,72505369;1,19937700
-19,71481369;1,19937700
-19,70457369;1,37882600
-19,69433369;1,37882600
-19,68409369;1,37882600
-19,67385369;1,37882600
-19,66361369;1,73833400
-19,65337369;1,73833400
-19,64313369;1,73833400
-19,63289369;1,73833400
-19,62265369;1,73833400
-19,61241369;1,73833400
-19,60217369;1,73833400
-19,59193369;1,91778300
-19,58169369;1,91778300
-19,57145369;2,09723200
-19,56121369;2,09723200
-19,55097370;2,09723200
-19,54073370;2,09723200
-19,53049370;2,09723200
-19,52025370;2,27668100
-19,51001370;2,27668100
-19,49977370;2,45613000
-19,48953370;2,45613000
-19,47929370;2,45613000
-19,46905370;2,45613000
-19,45881370;2,63618900
-19,44857370;2,63618900
-19,43833370;2,63618900
-19,42809370;2,63618900
-19,41785370;2,81563800
-19,40761370;2,81563800
-19,39737370;2,81563800
-19,38713370;2,81563800
-19,37689370;2,81563800
-19,36665370;2,99508600
-19,35641370;3,17453500
-19,34617370;3,17453500
-19,33593370;3,17453500
-19,32569370;3,17453500
-19,31545370;3,17453500
-19,30521370;3,17453500
-19,29497370;3,17453500
-19,28473370;3,35398400
-19,27449370;3,35398400
-19,26425370;3,53404300
-19,25401370;3,53404300
-19,24377370;3,53404300
-19,23353370;3,53404300
-19,22329370;3,53404300
-19,21305370;3,53404300
-19,20281370;3,53404300
-19,19257370;3,71349200
-19,18233370;3,71349200
-19,17209370;3,89294100
-19,16185370;3,89294100
-19,15161370;3,89294100
-19,14137370;3,89294100
-19,13113370;3,89294100
-19,12089370;3,89294100
-19,11065370;4,07239000
-19,10041370;4,07239000
-19,09017370;4,25183900
-19,07993370;4,25183900
-19,06969370;4,25183900
-19,05945370;4,25183900
-19,04921370;4,25183900
-19,03897370;4,43189800
-19,02873370;4,61134700
-19,01849370;4,61134700
-19,00825370;4,61134700
-18,99801370;4,61134700
-18,98777370;4,61134700
-18,97753370;4,79079600
-18,96729370;4,97024400
-18,95705370;4,79079600
-18,94681370;4,97024400
-18,93657370;4,97024400
-18,92633370;4,97024400
-18,91609370;4,97024400
-18,90585370;5,14969300
-18,89561370;5,14969300
-18,88537370;5,14969300
-18,87513370;5,14969300
-18,86489370;5,32975200
-18,85465370;5,32975200
-18,84441370;5,32975200
-18,83417370;5,32975200
-18,82393370;5,32975200
-18,81369370;5,32975200
-18,80345370;5,50920200
-18,79321370;5,50920200
-18,78297370;5,68865000
-18,77273370;5,68865000
-18,76249370;5,68865000
-18,75225370;5,68865000
-18,74201370;5,68865000
-18,73177370;5,68865000
-18,72153370;5,68865000
-18,71129370;5,86809900
-18,70105370;6,04754800
-18,69081370;6,04754800
-18,68057370;6,04754800
-18,67033370;6,04754800
-18,66009370;6,04754800
-18,64985370;6,04754800
-18,63961370;6,22760700
-18,62937370;6,22760700
-18,61913370;6,40705600
-18,60889370;6,40705600
-18,59865370;6,40705600
-18,58841370;6,40705600
-18,57817370;6,40705600
-18,56793370;6,58650500
-18,55769370;6,76595400
-18,54745370;6,76595400
-18,53721370;6,76595400
-18,52697370;6,76595400
-18,51673370;6,94540200
-18,50649370;7,12546200
-18,49625370;7,12546200
-18,48601370;7,12546200
-18,47577370;7,12546200
-18,46553370;7,12546200
-18,45529370;7,30491100
-18,44505370;7,48435900
-18,43481370;7,48435900
-18,42457370;7,48435900
-18,41433370;7,48435900
-18,40409370;7,48435900
-18,39385370;7,48435900
-18,38361370;7,66380800
-18,37337370;7,66380800
-18,36313370;7,84325700
-18,35289370;7,84325700
-18,34265370;7,84325700
-18,33241370;7,84325700
-18,32217370;7,84325700
-18,31193370;7,84325700
-18,30169370;8,02331600
-18,29145370;8,02331600
-18,28121370;8,20276500
-18,27097370;8,20276500
-18,26073370;8,20276500
-18,25049370;8,20276500
-18,24025370;8,38221400
-18,23001370;8,38221400
-18,21977370;8,20276500
-18,20953370;8,38221400
-18,19929370;8,38221400
-18,18905370;8,56166300
-18,17881370;8,56166300
-18,16857370;8,56166300
-18,15833370;8,56166300
-18,14809370;8,56166300
-18,13785370;8,74111200
-18,12761370;8,74111200
-18,11737370;8,74111200
-18,10713370;8,92117000
-18,09689370;8,92117000
-18,08665370;8,92117000
-18,07641370;8,92117000
-18,06617370;8,92117000
-18,05593370;9,10061900
-18,04569370;8,92117000
-18,03545370;9,10061900
-18,02521370;9,10061900
-18,01497370;9,10061900
-18,00473370;9,10061900
-17,99449370;9,28006800
-17,98425370;9,28006800
-17,97401370;9,28006800
-17,96377370;9,28006800
-17,95353370;9,28006800
-17,94329370;9,28006800
-17,93305370;9,28006800
-17,92281370;9,45951700
-17,91257370;9,45951700
-17,90233371;9,63896600
-17,89209371;9,63896600
-17,88185371;9,63896600
-17,87161371;9,63896600
-17,86137371;9,63896600
-17,85113371;9,63896600
-17,84089371;9,81902500
-17,83065371;9,63896600
-17,82041371;9,81902500
-17,81017371;9,81902500
-17,79993371;9,81902500
-17,78969371;9,81902500
-17,77945371;9,99847400
-17,76921371;9,99847400
-17,75897371;9,99847400
-17,74873371;9,99847400
-17,73849371;9,99847400
-17,72825371;9,99847400
-17,71801371;9,99847400
-17,70777371;9,99847400
-17,69753371;10,17792000
-17,68729371;10,17792000
-17,67705371;10,35737000
-17,66681371;10,17792000
-17,65657371;10,35737000
-17,64633371;10,35737000
-17,63609371;10,35737000
-17,62585371;10,35737000
-17,61561371;10,35737000
-17,60537371;10,35737000
-17,59513371;10,35737000
-17,58489371;10,35737000
-17,57465371;10,35737000
-17,56441371;10,53682000
-17,55417371;10,53682000
-17,54393371;10,53682000
-17,53369371;10,53682000
-17,52345371;10,53682000
-17,51321371;10,53682000
-17,50297371;10,71688000
-17,49273371;10,71688000
-17,48249371;10,71688000
-17,47225371;10,71688000
-17,46201371;10,71688000
-17,45177371;10,71688000
-17,44153371;10,71688000
-17,43129371;10,71688000
-17,42105371;10,71688000
-17,41081371;10,71688000
-17,40057371;10,89633000
-17,39033371;10,89633000
-17,38009371;10,89633000
-17,36985371;11,07578000
-17,35961371;11,07578000
-17,34937371;11,07578000
-17,33913371;11,07578000
-17,32889371;11,07578000
-17,31865371;11,07578000
-17,30841371;11,07578000
-17,29817371;11,07578000
-17,28793371;11,25523000
-17,27769371;11,25523000
-17,26745371;11,43529000
-17,25721371;11,25523000
-17,24697371;11,25523000
-17,23673371;11,25523000
-17,22649371;11,43529000
-17,21625371;11,43529000
-17,20601371;11,43529000
-17,19577371;11,43529000
-17,18553371;11,43529000
-17,17529371;11,43529000
-17,16505371;11,43529000
-17,15481371;11,61473000
-17,14457371;11,43529000
-17,13433371;11,61473000
-17,12409371;11,61473000
-17,11385371;11,61473000
-17,10361371;11,61473000
-17,09337371;11,79418000
-17,08313371;11,79418000
-17,07289371;11,79418000
-17,06265371;11,79418000
-17,05241371;11,79418000
-17,04217371;11,79418000
-17,03193371;11,79418000
-17,02169371;11,79418000
-17,01145371;11,79418000
-17,00121371;11,79418000
-16,99097371;11,79418000
-16,98073371;11,79418000
-16,97049371;11,79418000
-16,96025371;11,97363000
-16,95001371;11,97363000
-16,93977371;11,79418000
-16,92953371;11,97363000
-16,91929371;11,97363000
-16,90905371;11,97363000
-16,89881371;11,97363000
-16,88857371;11,97363000
-16,87833371;11,97363000
-16,86809371;11,97363000
-16,85785371;12,15308000
-16,84761371;12,15308000
-16,83737371;11,97363000
-16,82713371;11,97363000
-16,81689371;11,97363000
-16,80665371;11,97363000
-16,79641371;12,15308000
-16,78617371;11,97363000
-16,77593371;11,97363000
-16,76569371;12,15308000
-16,75545371;12,15308000
-16,74521371;12,15308000
-16,73497371;11,97363000
-16,72473371;12,15308000
-16,71449371;12,15308000
-16,70425371;12,15308000
-16,69401371;12,15308000
-16,68377371;12,15308000
-16,67353371;12,15308000
-16,66329371;12,15308000
-16,65305371;12,15308000
-16,64281371;12,15308000
-16,63257371;12,15308000
-16,62233371;12,15308000
-16,61209371;12,15308000
-16,60185371;12,15308000
-16,59161371;12,15308000
-16,58137371;12,15308000
-16,57113371;12,15308000
-16,56089371;12,15308000
-16,55065371;12,15308000
-16,54041371;12,15308000
-16,53017371;12,15308000
-16,51993371;12,15308000
-16,50969371;12,15308000
-16,49945371;12,15308000
-16,48921371;12,15308000
-16,47897371;12,15308000
-16,46873371;12,15308000
-16,45849371;12,15308000
-16,44825371;12,15308000
-16,43801371;12,15308000
-16,42777371;12,15308000
-16,41753371;12,15308000
-16,40729371;12,15308000
-16,39705371;12,15308000
-16,38681371;12,15308000
-16,37657371;12,15308000
-16,36633371;12,15308000
-16,35609371;12,15308000
-16,34585371;12,15308000
-16,33561371;12,15308000
-16,32537371;12,15308000
-16,31513371;12,15308000
-16,30489371;12,15308000
-16,29465371;12,15308000
-16,28441371;12,15308000
-16,27417371;12,15308000
-16,26393371;12,33314000
-16,25369372;12,33314000
-16,24345372;12,15308000
-16,23321372;12,15308000
-16,22297372;12,15308000
-16,21273372;12,15308000
-16,20249372;12,15308000
-16,19225372;12,15308000
-16,18201372;12,15308000
-16,17177372;12,15308000
-16,16153372;12,15308000
-16,15129372;12,33314000
-16,14105372;12,15308000
-16,13081372;12,15308000
-16,12057372;12,15308000
-16,11033372;12,15308000
-16,10009372;12,15308000
-16,08985372;12,15308000
-16,07961372;12,33314000
-16,06937372;12,15308000
-16,05913372;12,15308000
-16,04889372;12,15308000
-16,03865372;12,15308000
-16,02841372;12,15308000
-16,01817372;12,33314000
-16,00793372;12,15308000
-15,99769372;12,15308000
-15,98745372;12,15308000
-15,97721372;12,15308000
-15,96697372;12,15308000
-15,95673372;12,15308000
-15,94649372;12,15308000
-15,93625372;12,15308000
-15,92601372;12,15308000
-15,91577372;12,15308000
-15,90553372;12,15308000
-15,89529372;12,15308000
-15,88505372;12,33314000
-15,87481372;12,15308000
-15,86457372;12,33314000
-15,85433372;12,33314000
-15,84409372;12,15308000
-15,83385372;12,15308000
-15,82361372;12,33314000
-15,81337372;12,33314000
-15,80313372;12,33314000
-15,79289372;12,15308000
-15,78265372;12,15308000
-15,77241372;12,15308000
-15,76217372;12,33314000
-15,75193372;12,15308000
-15,74169372;12,15308000
-15,73145372;12,15308000
-15,72121372;12,33314000
-15,71097372;12,15308000
-15,70073372;12,15308000
-15,69049372;12,33314000
-15,68025372;12,33314000
-15,67001372;12,15308000
-15,65977372;12,15308000
-15,64953372;12,15308000
-15,63929372;12,15308000
-15,62905372;12,15308000
-15,61881372;12,15308000
-15,60857372;12,15308000
-15,59833372;12,15308000
-15,58809372;12,33314000
-15,57785372;12,33314000
-15,56761372;12,15308000
-15,55737372;12,33314000
-15,54713372;12,15308000
-15,53689372;12,15308000
-15,52665372;12,15308000
-15,51641372;12,15308000
-15,50617372;12,15308000
-15,49593372;12,15308000
-15,48569372;12,15308000
-15,47545372;12,15308000
-15,46521372;12,15308000
-15,45497372;12,15308000
-15,44473372;12,15308000
-15,43449372;12,15308000
-15,42425372;12,15308000
-15,41401372;12,15308000
-15,40377372;12,15308000
-15,39353372;12,15308000
-15,38329372;12,15308000
-15,37305372;12,15308000
-15,36281372;12,15308000
-15,35257372;12,15308000
-15,34233372;12,15308000
-15,33209372;12,15308000
-15,32185372;12,15308000
-15,31161372;12,15308000
-15,30137372;11,97363000
-15,29113372;11,97363000
-15,28089372;12,15308000
-15,27065372;11,97363000
-15,26041372;11,97363000
-15,25017372;11,97363000
-15,23993372;11,79418000
-15,22969372;11,79418000
-15,21945372;11,79418000
-15,20921372;11,79418000
-15,19897372;11,79418000
-15,18873372;11,79418000
-15,17849372;11,79418000
-15,16825372;11,79418000
-15,15801372;11,79418000
-15,14777372;11,79418000
-15,13753372;11,61473000
-15,12729372;11,61473000
-15,11705372;11,79418000
-15,10681372;11,61473000
-15,09657372;11,61473000
-15,08633372;11,61473000
-15,07609372;11,79418000
-15,06585372;11,61473000
-15,05561372;11,79418000
-15,04537372;11,43529000
-15,03513372;11,43529000
-15,02489372;11,43529000
-15,01465372;11,61473000
-15,00441372;11,43529000
-14,99417372;11,61473000
-14,98393372;11,43529000
-14,97369372;11,79418000
-14,96345372;11,61473000
-14,95321372;11,43529000
-14,94297372;11,43529000
-14,93273372;11,43529000
-14,92249372;11,43529000
-14,91225372;11,43529000
-14,90201372;11,43529000
-14,89177372;11,43529000
-14,88153372;11,61473000
-14,87129372;11,79418000
-14,86105372;11,61473000
-14,85081372;11,61473000
-14,84057372;11,43529000
-14,83033372;11,43529000
-14,82009372;11,43529000
-14,80985372;11,43529000
-14,79961372;11,43529000
-14,78937372;11,43529000
-14,77913372;11,43529000
-14,76889372;11,61473000
-14,75865372;11,43529000
-14,74841372;11,43529000
-14,73817372;11,43529000
-14,72793372;11,43529000
-14,71769372;11,43529000
-14,70745372;11,43529000
-14,69721372;11,43529000
-14,68697372;11,43529000
-14,67673372;11,43529000
-14,66649372;11,43529000
-14,65625372;11,43529000
-14,64601372;11,25523000
-14,63577372;11,07578000
-14,62553372;11,07578000
-14,61529373;11,25523000
-14,60505373;11,07578000
-14,59481373;11,07578000
-14,58457373;11,07578000
-14,57433373;11,25523000
-14,56409373;11,07578000
-14,55385373;11,07578000
-14,54361373;11,07578000
-14,53337373;10,71688000
-14,52313373;10,89633000
-14,51289373;10,89633000
-14,50265373;10,89633000
-14,49241373;10,89633000
-14,48217373;11,07578000
-14,47193373;10,89633000
-14,46169373;10,89633000
-14,45145373;10,71688000
-14,44121373;10,71688000
-14,43097373;10,71688000
-14,42073373;10,71688000
-14,41049373;10,71688000
-14,40025373;10,53682000
-14,39001373;10,71688000
-14,37977373;10,71688000
-14,36953373;10,71688000
-14,35929373;10,53682000
-14,34905373;10,35737000
-14,33881373;10,35737000
-14,32857373;10,35737000
-14,31833373;10,35737000
-14,30809373;10,35737000
-14,29785373;10,35737000
-14,28761373;10,35737000
-14,27737373;10,35737000
-14,26713373;10,35737000
-14,25689373;10,17792000
-14,24665373;9,99847400
-14,23641373;9,99847400
-14,22617373;9,99847400
-14,21593373;9,99847400
-14,20569373;9,99847400
-14,19545373;9,99847400
-14,18521373;9,99847400
-14,17497373;9,99847400
-14,16473373;9,99847400
-14,15449373;9,99847400
-14,14425373;9,81902500
-14,13401373;9,63896600
-14,12377373;9,63896600
-14,11353373;9,63896600
-14,10329373;9,81902500
-14,09305373;9,63896600
-14,08281373;9,81902500
-14,07257373;9,81902500
-14,06233373;9,63896600
-14,05209373;9,63896600
-14,04185373;9,45951700
-14,03161373;9,28006800
-14,02137373;9,28006800
-14,01113373;9,28006800
-14,00089373;9,28006800
-13,99065373;9,28006800
-13,98041373;9,28006800
-13,97017373;9,28006800
-13,95993373;9,28006800
-13,94969373;9,28006800
-13,93945373;8,92117000
-13,92921373;8,92117000
-13,91897373;8,92117000
-13,90873373;9,10061900
-13,89849373;8,92117000
-13,88825373;9,10061900
-13,87801373;9,10061900
-13,86777373;8,92117000
-13,85753373;8,92117000
-13,84729373;8,92117000
-13,83705373;8,56166300
-13,82681373;8,56166300
-13,81657373;8,56166300
-13,80633373;8,56166300
-13,79609373;8,56166300
-13,78585373;8,56166300
-13,77561373;8,56166300
-13,76537373;8,56166300
-13,75513373;8,56166300
-13,74489373;8,56166300
-13,73465373;8,20276500
-13,72441373;8,20276500
-13,71417373;8,20276500
-13,70393373;8,20276500
-13,69369373;8,20276500
-13,68345373;8,38221400
-13,67321373;8,20276500
-13,66297373;8,20276500
-13,65273373;8,20276500
-13,64249373;7,84325700
-13,63225373;7,84325700
-13,62201373;7,84325700
-13,61177373;7,84325700
-13,60153373;7,84325700
-13,59129373;7,84325700
-13,58105373;7,84325700
-13,57081373;7,84325700
-13,56057373;7,84325700
-13,55033373;7,66380800
-13,54009373;7,48435900
-13,52985373;7,30491100
-13,51961373;7,48435900
-13,50937373;7,48435900
-13,49913373;7,48435900
-13,48889373;7,48435900
-13,47865373;7,48435900
-13,46841373;7,48435900
-13,45817373;7,48435900
-13,44793373;7,12546200
-13,43769373;6,94540200
-13,42745373;6,76595400
-13,41721373;6,76595400
-13,40697373;6,76595400
-13,39673373;6,76595400
-13,38649373;6,76595400
-13,37625373;6,76595400
-13,36601373;6,94540200
-13,35577373;6,76595400
-13,34553373;6,58650500
-13,33529373;6,40705600
-13,32505373;6,40705600
-13,31481373;6,40705600
-13,30457373;6,40705600
-13,29433373;6,40705600
-13,28409373;6,40705600
-13,27385373;6,40705600
-13,26361373;6,40705600
-13,25337373;6,22760700
-13,24313373;6,04754800
-13,23289373;5,86809900
-13,22265373;5,68865000
-13,21241373;5,68865000
-13,20217373;5,68865000
-13,19193373;6,04754800
-13,18169373;5,86809900
-13,17145373;5,86809900
-13,16121373;5,86809900
-13,15097373;5,68865000
-13,14073373;5,50920200
-13,13049373;5,32975200
-13,12025373;5,32975200
-13,11001373;5,32975200
-13,09977373;5,32975200
-13,08953373;5,32975200
-13,07929373;5,32975200
-13,06905373;5,32975200
-13,05881373;5,32975200
-13,04857373;5,14969300
-13,03833373;4,97024400
-13,02809373;4,61134700
-13,01785373;4,61134700
-13,00761373;4,61134700
-12,99737373;4,97024400
-12,98713373;4,79079600
-12,97689373;4,79079600
-12,96665374;4,79079600
-12,95641374;4,61134700
-12,94617374;4,61134700
-12,93593374;4,25183900
-12,92569374;4,07239000
-12,91545374;4,07239000
-12,90521374;4,07239000
-12,89497374;4,25183900
-12,88473374;4,25183900
-12,87449374;4,07239000
-12,86425374;4,07239000
-12,85401374;4,07239000
-12,84377374;3,89294100
-12,83353374;3,53404300
-12,82329374;3,53404300
-12,81305374;3,53404300
-12,80281374;3,53404300
-12,79257374;3,53404300
-12,78233374;3,53404300
-12,77209374;3,53404300
-12,76185374;3,53404300
-12,75161374;3,35398400
-12,74137374;3,17453500
-12,73113374;2,99508600
-12,72089374;2,81563800
-12,71065374;2,81563800
-12,70041374;3,17453500
-12,69017374;2,99508600
-12,67993374;2,99508600
-12,66969374;2,81563800
-12,65945374;2,81563800
-12,64921374;2,81563800
-12,63897374;2,81563800
-12,62873374;2,45613000
-12,61849374;2,45613000
-12,60825374;2,45613000
-12,59801374;2,45613000
-12,58777374;2,45613000
-12,57753374;2,45613000
-12,56729374;2,45613000
-12,55705374;2,27668100
-12,54681374;2,09723200
-12,53657374;1,91778300
-12,52633374;1,73833400
-12,51609374;1,73833400
-12,50585374;1,73833400
-12,49561374;1,73833400
-12,48537374;1,73833400
-12,47513374;1,73833400
-12,46489374;1,73833400
-12,45465374;1,55827500
-12,44441374;1,37882600
-12,43417374;1,19937700
-12,42393374;1,01992900
-12,41369374;1,01992900
-12,40345374;1,01992900
-12,39321374;1,01992900
-12,38297374;1,01992900
-12,37273374;1,01992900
-12,36249374;1,01992900
-12,35225374;0,84047970
-12,34201374;0,66042050
-12,33177374;0,66042050
-12,32153374;0,48097170
-12,31129374;0,48097170
-12,30105374;0,48097170
-12,29081374;0,66042050
-12,28057374;0,66042050
-12,27033374;0,48097170
-12,26009374;0,48097170
-12,24985374;0,30152290
-12,23961374;0,30152290
-12,22937374;0,12207400
-12,21913374;-0,05737480
-12,20889374;0,12207400
-12,19865374;-0,05737480
-12,18841374;-0,05737480
-12,17817374;-0,05737480
-12,16793374;-0,05737480
-12,15769374;-0,05737480
-12,14745374;-0,23682360
-12,13721374;-0,41627250
-12,12697374;-0,41627250
-12,11673374;-0,41627250
-12,10649374;-0,41627250
-12,09625374;-0,41627250
-12,08601374;-0,59572130
-12,07577374;-0,77517010
-12,06553374;-0,77517010
-12,05529374;-0,77517010
-12,04505374;-0,95522930
-12,03481374;-1,13467800
-12,02457374;-1,13467800
-12,01433374;-1,13467800
-12,00409374;-1,13467800
-11,99385374;-1,13467800
-11,98361374;-1,49357600
-11,97337374;-1,49357600
-11,96313374;-1,49357600
-11,95289374;-1,49357600
-11,94265374;-1,67302500
-11,93241374;-1,85308400
-11,92217374;-1,85308400
-11,91193374;-2,03253300
-11,90169374;-1,85308400
-11,89145374;-1,85308400
-11,88121374;-2,03253300
-11,87097374;-2,21198200
-11,86073374;-2,21198200
-11,85049374;-2,21198200
-11,84025374;-2,21198200
-11,83001374;-2,57087900
-11,81977374;-2,57087900
-11,80953374;-2,39143000
-11,79929374;-2,39143000
-11,78905374;-2,57087900
-11,77881374;-2,57087900
-11,76857374;-2,57087900
-11,75833374;-2,57087900
-11,74809374;-2,57087900
-11,73785374;-2,93038700
-11,72761374;-2,93038700
-11,71737374;-2,93038700
-11,70713374;-2,93038700
-11,69689374;-2,93038700
-11,68665374;-2,93038700
-11,67641374;-2,93038700
-11,66617374;-3,10983600
-11,65593374;-3,10983600
-11,64569374;-3,28928500
-11,63545374;-3,28928500
-11,62521374;-3,64879300
-11,61497374;-3,46873400
-11,60473374;-3,46873400
-11,59449374;-3,64879300
-11,58425374;-3,46873400
-11,57401374;-3,64879300
-11,56377374;-3,64879300
-11,55353374;-3,64879300
-11,54329374;-3,64879300
-11,53305374;-3,82824200
-11,52281374;-4,00769000
-11,51257374;-4,00769000
-11,50233374;-4,00769000
-11,49209374;-4,00769000
-11,48185374;-4,00769000
-11,47161374;-4,00769000
-11,46137374;-4,00769000
-11,45113374;-4,00769000
-11,44089374;-4,18714000
-11,43065374;-4,36658800
-11,42041374;-4,36658800
-11,41017374;-4,36658800
-11,39993374;-4,36658800
-11,38969374;-4,36658800
-11,37945374;-4,36658800
-11,36921374;-4,36658800
-11,35897374;-4,54664800
-11,34873374;-4,72609600
-11,33849374;-4,72609600
-11,32825374;-4,90554500
-11,31801375;-5,08499400
-11,30777375;-4,90554500
-11,29753375;-5,08499400
-11,28729375;-5,08499400
-11,27705375;-5,08499400
-11,26681375;-5,08499400
-11,25657375;-5,08499400
-11,24633375;-5,08499400
-11,23609375;-5,44450200
-11,22585375;-5,44450200
-11,21561375;-5,44450200
-11,20537375;-5,44450200
-11,19513375;-5,44450200
-11,18489375;-5,44450200
-11,17465375;-5,44450200
-11,16441375;-5,44450200
-11,15417375;-5,62395100
-11,14393375;-5,80340000
-11,13369375;-5,80340000
-11,12345375;-5,80340000
-11,11321375;-5,80340000
-11,10297375;-5,80340000
-11,09273375;-5,80340000
-11,08249375;-5,80340000
-11,07225375;-5,80340000
-11,06201375;-5,80340000
-11,05177375;-5,80340000
-11,04153375;-5,80340000
-11,03129375;-5,98284900
-11,02105375;-5,98284900
-11,01081375;-5,98284900
-11,00057375;-5,80340000
-10,99033375;-5,80340000
-10,98009375;-5,80340000
-10,96985375;-5,80340000
-10,95961375;-5,98284900
-10,94937375;-5,80340000
-10,93913375;-5,80340000
-10,92889375;-5,98284900
-10,91865375;-5,80340000
-10,90841375;-5,80340000
-10,89817375;-5,80340000
-10,88793375;-5,98284900
-10,87769375;-5,80340000
-10,86745375;-5,98284900
-10,85721375;-5,80340000
-10,84697375;-5,80340000
-10,83673375;-5,80340000
-10,82649375;-5,98284900
-10,81625375;-5,80340000
-10,80601375;-5,98284900
-10,79577375;-5,80340000
-10,78553375;-5,80340000
-10,77529375;-5,80340000
-10,76505375;-5,80340000
-10,75481375;-5,80340000
-10,74457375;-5,98284900
-10,73433375;-5,80340000
-10,72409375;-5,98284900
-10,71385375;-5,80340000
-10,70361375;-5,80340000
-10,69337375;-5,80340000
-10,68313375;-5,80340000
-10,67289375;-5,80340000
-10,66265375;-5,80340000
-10,65241375;-5,80340000
-10,64217375;-5,80340000
-10,63193375;-5,80340000
-10,62169375;-5,80340000
-10,61145375;-5,80340000
-10,60121375;-5,80340000
-10,59097375;-5,80340000
-10,58073375;-5,80340000
-10,57049375;-5,80340000
-10,56025375;-5,80340000
-10,55001375;-5,80340000
-10,53977375;-5,80340000
-10,52953375;-5,80340000
-10,51929375;-5,80340000
-10,50905375;-5,80340000
-10,49881375;-5,80340000
-10,48857375;-5,80340000
-10,47833375;-5,80340000
-10,46809375;-5,80340000
-10,45785375;-5,80340000
-10,44761375;-5,80340000
-10,43737375;-5,80340000
-10,42713375;-5,80340000
-10,41689375;-5,80340000
-10,40665375;-5,80340000
-10,39641375;-5,80340000
-10,38617375;-5,80340000
-10,37593375;-5,80340000
-10,36569375;-5,80340000
-10,35545375;-5,80340000
-10,34521375;-5,80340000
-10,33497375;-5,80340000
-10,32473375;-5,80340000
-10,31449375;-5,80340000
-10,30425375;-5,80340000
-10,29401375;-5,80340000
-10,28377375;-5,80340000
-10,27353375;-5,80340000
-10,26329375;-5,80340000
-10,25305375;-5,80340000
-10,24281375;-5,80340000
-10,23257375;-5,80340000
-10,22233375;-5,80340000
-10,21209375;-5,80340000
-10,20185375;-5,80340000
-10,19161375;-5,80340000
-10,18137375;-5,80340000
-10,17113375;-5,80340000
-10,16089375;-5,80340000
-10,15065375;-5,80340000
-10,14041375;-5,80340000
-10,13017375;-5,80340000
-10,11993375;-5,80340000
-10,10969375;-5,80340000
-10,09945375;-5,80340000
-10,08921375;-5,80340000
-10,07897375;-5,80340000
-10,06873375;-5,80340000
-10,05849375;-5,80340000
-10,04825375;-5,80340000
-10,03801375;-5,80340000
-10,02777375;-5,80340000
-10,01753375;-5,80340000
-10,00729375;-5,80340000
-9,99705375;-5,80340000
-9,98681375;-5,80340000
-9,97657375;-5,80340000
-9,96633375;-5,80340000
-9,95609375;-5,80340000
-9,94585375;-5,80340000
-9,93561375;-5,80340000
-9,92537375;-5,80340000
-9,91513375;-5,80340000
-9,90489375;-5,80340000
-9,89465375;-5,80340000
-9,88441375;-5,80340000
-9,87417375;-5,80340000
-9,86393375;-5,80340000
-9,85369375;-5,80340000
-9,84345375;-5,80340000
-9,83321375;-5,80340000
-9,82297375;-5,80340000
-9,81273375;-5,80340000
-9,80249375;-5,80340000
-9,79225375;-5,80340000
-9,78201375;-5,80340000
-9,77177375;-5,80340000
-9,76153375;-5,80340000
-9,75129375;-5,80340000
-9,74105375;-5,80340000
-9,73081375;-5,80340000
-9,72057375;-5,80340000
-9,71033375;-5,80340000
-9,70009375;-5,80340000
-9,68985375;-5,80340000
-9,67961375;-5,80340000
-9,66937376;-5,80340000
-9,65913376;-5,80340000
-9,64889376;-5,80340000
-9,63865376;-5,80340000
-9,62841376;-5,80340000
-9,61817376;-5,80340000
-9,60793376;-5,80340000
-9,59769376;-5,80340000
-9,58745376;-5,80340000
-9,57721376;-5,80340000
-9,56697376;-5,80340000
-9,55673376;-5,80340000
-9,54649376;-5,80340000
-9,53625376;-5,80340000
-9,52601376;-5,80340000
-9,51577376;-5,80340000
-9,50553376;-5,80340000
-9,49529376;-5,80340000
-9,48505376;-5,80340000
-9,47481376;-5,80340000
-9,46457376;-5,80340000
-9,45433376;-5,80340000
-9,44409376;-5,80340000
-9,43385376;-5,80340000
-9,42361376;-5,80340000
-9,41337376;-5,80340000
-9,40313376;-5,80340000
-9,39289376;-5,80340000
-9,38265376;-5,80340000
-9,37241376;-5,80340000
-9,36217376;-5,80340000
-9,35193376;-5,80340000
-9,34169376;-5,80340000
-9,33145376;-5,80340000
-9,32121376;-5,80340000
-9,31097376;-5,80340000
-9,30073376;-5,80340000
-9,29049376;-5,80340000
-9,28025376;-5,80340000
-9,27001376;-5,80340000
-9,25977376;-5,80340000
-9,24953376;-5,80340000
-9,23929376;-5,80340000
-9,22905376;-5,80340000
-9,21881376;-5,80340000
-9,20857376;-5,80340000
-9,19833376;-5,80340000
-9,18809376;-5,80340000
-9,17785376;-5,80340000
-9,16761376;-5,80340000
-9,15737376;-5,80340000
-9,14713376;-5,80340000
-9,13689376;-5,80340000
-9,12665376;-5,80340000
-9,11641376;-5,80340000
-9,10617376;-5,80340000
-9,09593376;-5,80340000
-9,08569376;-5,80340000
-9,07545376;-5,80340000
-9,06521376;-5,80340000
-9,05497376;-5,80340000
-9,04473376;-5,80340000
-9,03449376;-5,80340000
-9,02425376;-5,80340000
-9,01401376;-5,80340000
-9,00377376;-5,80340000
-8,99353376;-5,80340000
-8,98329376;-5,80340000
-8,97305376;-5,80340000
-8,96281376;-5,80340000
-8,95257376;-5,80340000
-8,94233376;-5,80340000
-8,93209376;-5,80340000
-8,92185376;-5,80340000
-8,91161376;-5,80340000
-8,90137376;-5,80340000
-8,89113376;-5,80340000
-8,88089376;-5,80340000
-8,87065376;-5,80340000
-8,86041376;-5,80340000
-8,85017376;-5,80340000
-8,83993376;-5,80340000
-8,82969376;-5,80340000
-8,81945376;-5,80340000
-8,80921376;-5,80340000
-8,79897376;-5,80340000
-8,78873376;-5,80340000
-8,77849376;-5,80340000
-8,76825376;-5,80340000
-8,75801376;-5,80340000
-8,74777376;-5,80340000
-8,73753376;-5,80340000
-8,72729376;-5,80340000
-8,71705376;-5,80340000
-8,70681376;-5,80340000
-8,69657376;-5,80340000
-8,68633376;-5,80340000
-8,67609376;-5,80340000
-8,66585376;-5,80340000
-8,65561376;-5,80340000
-8,64537376;-5,80340000
-8,63513376;-5,80340000
-8,62489376;-5,80340000
-8,61465376;-5,80340000
-8,60441376;-5,80340000
-8,59417376;-5,80340000
-8,58393376;-5,80340000
-8,57369376;-5,80340000
-8,56345376;-5,80340000
-8,55321376;-5,80340000
-8,54297376;-5,80340000
-8,53273376;-5,80340000
-8,52249376;-5,80340000
-8,51225376;-5,80340000
-8,50201376;-5,80340000
-8,49177376;-5,80340000
-8,48153376;-5,80340000
-8,47129376;-5,80340000
-8,46105376;-5,80340000
-8,45081376;-5,80340000
-8,44057376;-5,80340000
-8,43033376;-5,80340000
-8,42009376;-5,80340000
-8,40985376;-5,80340000
-8,39961376;-5,80340000
-8,38937376;-5,80340000
-8,37913376;-5,80340000
-8,36889376;-5,80340000
-8,35865376;-5,80340000
-8,34841376;-5,80340000
-8,33817376;-5,80340000
-8,32793376;-5,80340000
-8,31769376;-5,80340000
-8,30745376;-5,80340000
-8,29721376;-5,80340000
-8,28697376;-5,80340000
-8,27673376;-5,80340000
-8,26649376;-5,80340000
-8,25625376;-5,80340000
-8,24601376;-5,80340000
-8,23577376;-5,80340000
-8,22553376;-5,80340000
-8,21529376;-5,80340000
-8,20505376;-5,80340000
-8,19481376;-5,80340000
-8,18457376;-5,80340000
-8,17433376;-5,80340000
-8,16409376;-5,80340000
-8,15385376;-5,80340000
-8,14361376;-5,80340000
-8,13337376;-5,80340000
-8,12313376;-5,80340000
-8,11289376;-5,80340000
-8,10265376;-5,80340000
-8,09241376;-5,80340000
-8,08217376;-5,80340000
-8,07193376;-5,80340000
-8,06169376;-5,80340000
-8,05145376;-5,80340000
-8,04121376;-5,80340000
-8,03097377;-5,80340000
-8,02073377;-5,80340000
-8,01049377;-5,80340000
-8,00025377;-5,80340000
-7,99001377;-5,80340000
-7,97977377;-5,80340000
-7,96953377;-5,80340000
-7,95929377;-5,80340000
-7,94905377;-5,80340000
-7,93881377;-5,80340000
-7,92857377;-5,80340000
-7,91833377;-5,80340000
-7,90809377;-5,80340000
-7,89785377;-5,80340000
-7,88761377;-5,80340000
-7,87737377;-5,80340000
-7,86713377;-5,80340000
-7,85689377;-5,80340000
-7,84665377;-5,80340000
-7,83641377;-5,80340000
-7,82617377;-5,80340000
-7,81593377;-5,80340000
-7,80569377;-5,80340000
-7,79545377;-5,80340000
-7,78521377;-5,80340000
-7,77497377;-5,80340000
-7,76473377;-5,80340000
-7,75449377;-5,80340000
-7,74425377;-5,80340000
-7,73401377;-5,80340000
-7,72377377;-5,80340000
-7,71353377;-5,80340000
-7,70329377;-5,80340000
-7,69305377;-5,80340000
-7,68281377;-5,80340000
-7,67257377;-5,80340000
-7,66233377;-5,62395100
-7,65209377;-5,80340000
-7,64185377;-5,80340000
-7,63161377;-5,80340000
-7,62137377;-5,80340000
-7,61113377;-5,80340000
-7,60089377;-5,80340000
-7,59065377;-5,80340000
-7,58041377;-5,80340000
-7,57017377;-5,80340000
-7,55993377;-5,80340000
-7,54969377;-5,80340000
-7,53945377;-5,80340000
-7,52921377;-5,80340000
-7,51897377;-5,80340000
-7,50873377;-5,80340000
-7,49849377;-5,80340000
-7,48825377;-5,80340000
-7,47801377;-5,80340000
-7,46777377;-5,80340000
-7,45753377;-5,80340000
-7,44729377;-5,80340000
-7,43705377;-5,80340000
-7,42681377;-5,80340000
-7,41657377;-5,80340000
-7,40633377;-5,80340000
-7,39609377;-5,80340000
-7,38585377;-5,80340000
-7,37561377;-5,80340000
-7,36537377;-5,80340000
-7,35513377;-5,80340000
-7,34489377;-5,80340000
-7,33465377;-5,80340000
-7,32441377;-5,80340000
-7,31417377;-5,62395100
-7,30393377;-5,80340000
-7,29369377;-5,80340000
-7,28345377;-5,80340000
-7,27321377;-5,80340000
-7,26297377;-5,80340000
-7,25273377;-5,62395100
-7,24249377;-5,62395100
-7,23225377;-5,62395100
-7,22201377;-5,80340000
-7,21177377;-5,80340000
-7,20153377;-5,80340000
-7,19129377;-5,62395100
-7,18105377;-5,80340000
-7,17081377;-5,80340000
-7,16057377;-5,80340000
-7,15033377;-5,80340000
-7,14009377;-5,62395100
-7,12985377;-5,80340000
-7,11961377;-5,80340000
-7,10937377;-5,80340000
-7,09913377;-5,80340000
-7,08889377;-5,80340000
-7,07865377;-5,62395100
-7,06841377;-5,80340000
-7,05817377;-5,62395100
-7,04793377;-5,80340000
-7,03769377;-5,80340000
-7,02745377;-5,62395100
-7,01721377;-5,80340000
-7,00697377;-5,80340000
-6,99673377;-5,62395100
-6,98649377;-5,80340000
-6,97625377;-5,80340000
-6,96601377;-5,62395100
-6,95577377;-5,62395100
-6,94553377;-5,80340000
-6,93529377;-5,62395100
-6,92505377;-5,80340000
-6,91481377;-5,80340000
-6,90457377;-5,62395100
-6,89433377;-5,62395100
-6,88409377;-5,80340000
-6,87385377;-5,80340000
-6,86361377;-5,80340000
-6,85337377;-5,62395100
-6,84313377;-5,62395100
-6,83289377;-5,62395100
-6,82265377;-5,80340000
-6,81241377;-5,80340000
-6,80217377;-5,62395100
-6,79193377;-5,80340000
-6,78169377;-5,80340000
-6,77145377;-5,80340000
-6,76121377;-5,62395100
-6,75097377;-5,80340000
-6,74073377;-5,62395100
-6,73049377;-5,62395100
-6,72025377;-5,62395100
-6,71001377;-5,62395100
-6,69977377;-5,62395100
-6,68953377;-5,62395100
-6,67929377;-5,62395100
-6,66905377;-5,62395100
-6,65881377;-5,62395100
-6,64857377;-5,80340000
-6,63833377;-5,62395100
-6,62809377;-5,62395100
-6,61785377;-5,62395100
-6,60761377;-5,62395100
-6,59737377;-5,62395100
-6,58713377;-5,62395100
-6,57689377;-5,80340000
-6,56665377;-5,80340000
-6,55641377;-5,62395100
-6,54617377;-5,80340000
-6,53593377;-5,80340000
-6,52569377;-5,80340000
-6,51545377;-5,62395100
-6,50521377;-5,62395100
-6,49497377;-5,44450200
-6,48473377;-5,80340000
-6,47449377;-5,62395100
-6,46425377;-5,80340000
-6,45401377;-5,62395100
-6,44377377;-5,62395100
-6,43353377;-5,80340000
-6,42329377;-5,62395100
-6,41305377;-5,62395100
-6,40281377;-5,62395100
-6,39257377;-5,80340000
-6,38233378;-5,62395100
-6,37209378;-5,62395100
-6,36185378;-5,62395100
-6,35161378;-5,80340000
-6,34137378;-5,80340000
-6,33113378;-5,62395100
-6,32089378;-5,62395100
-6,31065378;-5,62395100
-6,30041378;-5,62395100
-6,29017378;-5,62395100
-6,27993378;-5,62395100
-6,26969378;-5,62395100
-6,25945378;-5,80340000
-6,24921378;-5,62395100
-6,23897378;-5,80340000
-6,22873378;-5,80340000
-6,21849378;-5,80340000
-6,20825378;-5,80340000
-6,19801378;-5,62395100
-6,18777378;-5,62395100
-6,17753378;-5,62395100
-6,16729378;-5,62395100
-6,15705378;-5,62395100
-6,14681378;-5,62395100
-6,13657378;-5,62395100
-6,12633378;-5,44450200
-6,11609378;-5,62395100
-6,10585378;-5,62395100
-6,09561378;-5,62395100
-6,08537378;-5,62395100
-6,07513378;-5,80340000
-6,06489378;-5,62395100
-6,05465378;-5,62395100
-6,04441378;-5,62395100
-6,03417378;-5,62395100
-6,02393378;-5,62395100
-6,01369378;-5,62395100
-6,00345378;-5,62395100
-5,99321378;-5,62395100
-5,98297378;-5,62395100
-5,97273378;-5,80340000
-5,96249378;-5,62395100
-5,95225378;-5,62395100
-5,94201378;-5,62395100
-5,93177378;-5,62395100
-5,92153378;-5,62395100
-5,91129378;-5,62395100
-5,90105378;-5,62395100
-5,89081378;-5,62395100
-5,88057378;-5,62395100
-5,87033378;-5,80340000
-5,86009378;-5,44450200
-5,84985378;-5,62395100
-5,83961378;-5,62395100
-5,82937378;-5,62395100
-5,81913378;-5,62395100
-5,80889378;-5,62395100
-5,79865378;-5,44450200
-5,78841378;-5,62395100
-5,77817378;-5,44450200
-5,76793378;-5,44450200
-5,75769378;-5,62395100
-5,74745378;-5,62395100
-5,73721378;-5,80340000
-5,72697378;-5,44450200
-5,71673378;-5,62395100
-5,70649378;-5,62395100
-5,69625378;-5,62395100
-5,68601378;-5,62395100
-5,67577378;-5,44450200
-5,66553378;-5,44450200
-5,65529378;-5,62395100
-5,64505378;-5,62395100
-5,63481378;-5,62395100
-5,62457378;-5,62395100
-5,61433378;-5,44450200
-5,60409378;-5,62395100
-5,59385378;-5,62395100
-5,58361378;-5,44450200
-5,57337378;-5,44450200
-5,56313378;-5,44450200
-5,55289378;-5,44450200
-5,54265378;-5,44450200
-5,53241378;-5,44450200
-5,52217378;-5,62395100
-5,51193378;-5,62395100
-5,50169378;-5,44450200
-5,49145378;-5,44450200
-5,48121378;-5,62395100
-5,47097378;-5,44450200
-5,46073378;-5,44450200
-5,45049378;-5,62395100
-5,44025378;-5,44450200
-5,43001378;-5,44450200
-5,41977378;-5,44450200
-5,40953378;-5,44450200
-5,39929378;-5,62395100
-5,38905378;-5,44450200
-5,37881378;-5,44450200
-5,36857378;-5,44450200
-5,35833378;-5,44450200
-5,34809378;-5,44450200
-5,33785378;-5,62395100
-5,32761378;-5,62395100
-5,31737378;-5,62395100
-5,30713378;-5,44450200
-5,29689378;-5,62395100
-5,28665378;-5,44450200
-5,27641378;-5,44450200
-5,26617378;-5,62395100
-5,25593378;-5,44450200
-5,24569378;-5,62395100
-5,23545378;-5,44450200
-5,22521378;-5,44450200
-5,21497378;-5,44450200
-5,20473378;-5,44450200
-5,19449378;-5,44450200
-5,18425378;-5,44450200
-5,17401378;-5,44450200
-5,16377378;-5,62395100
-5,15353378;-5,44450200
-5,14329378;-5,44450200
-5,13305378;-5,44450200
-5,12281378;-5,44450200
-5,11257378;-5,44450200
-5,10233378;-5,44450200
-5,09209378;-5,62395100
-5,08185378;-5,44450200
-5,07161378;-5,44450200
-5,06137378;-5,44450200
-5,05113378;-5,44450200
-5,04089378;-5,44450200
-5,03065378;-5,44450200
-5,02041378;-5,44450200
-5,01017378;-5,44450200
-4,99993378;-5,44450200
-4,98969378;-5,44450200
-4,97945378;-5,62395100
-4,96921378;-5,44450200
-4,95897378;-5,44450200
-4,94873378;-5,44450200
-4,93849378;-5,44450200
-4,92825378;-5,44450200
-4,91801378;-5,44450200
-4,90777378;-5,62395100
-4,89753378;-5,44450200
-4,88729378;-5,44450200
-4,87705378;-5,44450200
-4,86681378;-5,44450200
-4,85657378;-5,44450200
-4,84633378;-5,44450200
-4,83609378;-5,44450200
-4,82585378;-5,44450200
-4,81561378;-5,44450200
-4,80537378;-5,62395100
-4,79513378;-5,44450200
-4,78489378;-5,44450200
-4,77465378;-5,44450200
-4,76441378;-5,62395100
-4,75417378;-5,44450200
-4,74393378;-5,44450200
-4,73369379;-5,44450200
-4,72345379;-5,44450200
-4,71321379;-5,44450200
-4,70297379;-5,44450200
-4,69273379;-5,44450200
-4,68249379;-5,44450200
-4,67225379;-5,44450200
-4,66201379;-5,44450200
-4,65177379;-5,44450200
-4,64153379;-5,44450200
-4,63129379;-5,44450200
-4,62105379;-5,44450200
-4,61081379;-5,44450200
-4,60057379;-5,44450200
-4,59033379;-5,44450200
-4,58009379;-5,62395100
-4,56985379;-5,44450200
-4,55961379;-5,44450200
-4,54937379;-5,44450200
-4,53913379;-5,44450200
-4,52889379;-5,44450200
-4,51865379;-5,44450200
-4,50841379;-5,44450200
-4,49817379;-5,44450200
-4,48793379;-5,44450200
-4,47769379;-5,44450200
-4,46745379;-5,44450200
-4,45721379;-5,44450200
-4,44697379;-5,44450200
-4,43673379;-5,44450200
-4,42649379;-5,44450200
-4,41625379;-5,44450200
-4,40601379;-5,44450200
-4,39577379;-5,44450200
-4,38553379;-5,44450200
-4,37529379;-5,44450200
-4,36505379;-5,44450200
-4,35481379;-5,44450200
-4,34457379;-5,44450200
-4,33433379;-5,44450200
-4,32409379;-5,44450200
-4,31385379;-5,44450200
-4,30361379;-5,44450200
-4,29337379;-5,44450200
-4,28313379;-5,44450200
-4,27289379;-5,44450200
-4,26265379;-5,44450200
-4,25241379;-5,44450200
-4,24217379;-5,44450200
-4,23193379;-5,44450200
-4,22169379;-5,44450200
-4,21145379;-5,44450200
-4,20121379;-5,44450200
-4,19097379;-5,44450200
-4,18073379;-5,44450200
-4,17049379;-5,44450200
-4,16025379;-5,44450200
-4,15001379;-5,44450200
-4,13977379;-5,44450200
-4,12953379;-5,44450200
-4,11929379;-5,44450200
-4,10905379;-5,44450200
-4,09881379;-5,44450200
-4,08857379;-5,44450200
-4,07833379;-5,44450200
-4,06809379;-5,44450200
-4,05785379;-5,44450200
-4,04761379;-5,44450200
-4,03737379;-5,44450200
-4,02713379;-5,44450200
-4,01689379;-5,44450200
-4,00665379;-5,44450200
-3,99641379;-5,44450200
-3,98617379;-5,44450200
-3,97593379;-5,44450200
-3,96569379;-5,44450200
-3,95545379;-5,44450200
-3,94521379;-5,44450200
-3,93497379;-5,44450200
-3,92473379;-5,44450200
-3,91449379;-5,44450200
-3,90425379;-5,44450200
-3,89401379;-5,44450200
-3,88377379;-5,44450200
-3,87353379;-5,44450200
-3,86329379;-5,44450200
-3,85305379;-5,44450200
-3,84281379;-5,44450200
-3,83257379;-5,44450200
-3,82233379;-5,44450200
-3,81209379;-5,44450200
-3,80185379;-5,44450200
-3,79161379;-5,44450200
-3,78137379;-5,44450200
-3,77113379;-5,44450200
-3,76089379;-5,44450200
-3,75065379;-5,44450200
-3,74041379;-5,44450200
-3,73017379;-5,44450200
-3,71993379;-5,44450200
-3,70969379;-5,44450200
-3,69945379;-5,44450200
-3,68921379;-5,44450200
-3,67897379;-5,44450200
-3,66873379;-5,44450200
-3,65849379;-5,44450200
-3,64825379;-5,44450200
-3,63801379;-5,44450200
-3,62777379;-5,44450200
-3,61753379;-5,44450200
-3,60729379;-5,44450200
-3,59705379;-5,44450200
-3,58681379;-5,44450200
-3,57657379;-5,44450200
-3,56633379;-5,44450200
-3,55609379;-5,44450200
-3,54585379;-5,44450200
-3,53561379;-5,44450200
-3,52537379;-5,44450200
-3,51513379;-5,44450200
-3,50489379;-5,44450200
-3,49465379;-5,44450200
-3,48441379;-5,44450200
-3,47417379;-5,44450200
-3,46393379;-5,44450200
-3,45369379;-5,44450200
-3,44345379;-5,44450200
-3,43321379;-5,44450200
-3,42297379;-5,44450200
-3,41273379;-5,44450200
-3,40249379;-5,44450200
-3,39225379;-5,44450200
-3,38201379;-5,44450200
-3,37177379;-5,44450200
-3,36153379;-5,44450200
-3,35129379;-5,44450200
-3,34105379;-5,44450200
-3,33081379;-5,44450200
-3,32057379;-5,44450200
-3,31033379;-5,44450200
-3,30009379;-5,44450200
-3,28985379;-5,44450200
-3,27961379;-5,44450200
-3,26937379;-5,44450200
-3,25913379;-5,44450200
-3,24889379;-5,44450200
-3,23865379;-5,44450200
-3,22841379;-5,44450200
-3,21817379;-5,44450200
-3,20793379;-5,44450200
-3,19769379;-5,44450200
-3,18745379;-5,44450200
-3,17721379;-5,44450200
-3,16697379;-5,44450200
-3,15673379;-5,44450200
-3,14649379;-5,44450200
-3,13625379;-5,44450200
-3,12601379;-5,44450200
-3,11577379;-5,44450200
-3,10553379;-5,44450200
-3,09529380;-5,44450200
-3,08505380;-5,44450200
-3,07481380;-5,44450200
-3,06457380;-5,44450200
-3,05433380;-5,44450200
-3,04409380;-5,44450200
-3,03385380;-5,44450200
-3,02361380;-5,44450200
-3,01337380;-5,44450200
-3,00313380;-5,44450200
-2,99289380;-5,44450200
-2,98265380;-5,44450200
-2,97241380;-5,44450200
-2,96217380;-5,44450200
-2,95193380;-5,44450200
-2,94169380;-5,44450200
-2,93145380;-5,44450200
-2,92121380;-5,44450200
-2,91097380;-5,44450200
-2,90073380;-5,44450200
-2,89049380;-5,44450200
-2,88025380;-5,44450200
-2,87001380;-5,44450200
-2,85977380;-5,44450200
-2,84953380;-5,44450200
-2,83929380;-5,44450200
-2,82905380;-5,44450200
-2,81881380;-5,44450200
-2,80857380;-5,44450200
-2,79833380;-5,44450200
-2,78809380;-5,44450200
-2,77785380;-5,44450200
-2,76761380;-5,44450200
-2,75737380;-5,44450200
-2,74713380;-5,44450200
-2,73689380;-5,44450200
-2,72665380;-5,44450200
-2,71641380;-5,44450200
-2,70617380;-5,44450200
-2,69593380;-5,44450200
-2,68569380;-5,44450200
-2,67545380;-5,44450200
-2,66521380;-5,44450200
-2,65497380;-5,44450200
-2,64473380;-5,44450200
-2,63449380;-5,44450200
-2,62425380;-5,44450200
-2,61401380;-5,44450200
-2,60377380;-5,44450200
-2,59353380;-5,44450200
-2,58329380;-5,44450200
-2,57305380;-5,44450200
-2,56281380;-5,44450200
-2,55257380;-5,44450200
-2,54233380;-5,44450200
-2,53209380;-5,44450200
-2,52185380;-5,44450200
-2,51161380;-5,44450200
-2,50137380;-5,44450200
-2,49113380;-5,44450200
-2,48089380;-5,44450200
-2,47065380;-5,44450200
-2,46041380;-5,44450200
-2,45017380;-5,44450200
-2,43993380;-5,44450200
-2,42969380;-5,44450200
-2,41945380;-5,44450200
-2,40921380;-5,44450200
-2,39897380;-5,44450200
-2,38873380;-5,44450200
-2,37849380;-5,44450200
-2,36825380;-5,44450200
-2,35801380;-5,44450200
-2,34777380;-5,44450200
-2,33753380;-5,44450200
-2,32729380;-5,44450200
-2,31705380;-5,44450200
-2,30681380;-5,44450200
-2,29657380;-5,44450200
-2,28633380;-5,44450200
-2,27609380;-5,44450200
-2,26585380;-5,44450200
-2,25561380;-5,44450200
-2,24537380;-5,44450200
-2,23513380;-5,44450200
-2,22489380;-5,44450200
-2,21465380;-5,44450200
-2,20441380;-5,44450200
-2,19417380;-5,44450200
-2,18393380;-5,44450200
-2,17369380;-5,44450200
-2,16345380;-5,44450200
-2,15321380;-5,44450200
-2,14297380;-5,44450200
-2,13273380;-5,44450200
-2,12249380;-5,44450200
-2,11225380;-5,44450200
-2,10201380;-5,44450200
-2,09177380;-5,44450200
-2,08153380;-5,44450200
-2,07129380;-5,44450200
-2,06105380;-5,44450200
-2,05081380;-5,44450200
-2,04057380;-5,44450200
-2,03033380;-5,44450200
-2,02009380;-5,44450200
-2,00985380;-5,44450200
-1,99961380;-5,44450200
-1,98937380;-5,44450200
-1,97913380;-5,44450200
-1,96889380;-5,44450200
-1,95865380;-5,44450200
-1,94841380;-5,44450200
-1,93817380;-5,44450200
-1,92793380;-5,44450200
-1,91769380;-5,44450200
-1,90745380;-5,44450200
-1,89721380;-5,44450200
-1,88697380;-5,44450200
-1,87673380;-5,44450200
-1,86649380;-5,44450200
-1,85625380;-5,44450200
-1,84601380;-5,44450200
-1,83577380;-5,44450200
-1,82553380;-5,44450200
-1,81529380;-5,44450200
-1,80505380;-5,44450200
-1,79481380;-5,44450200
-1,78457380;-5,44450200
-1,77433380;-5,44450200
-1,76409380;-5,44450200
-1,75385380;-5,44450200
-1,74361380;-5,44450200
-1,73337380;-5,44450200
-1,72313380;-5,44450200
-1,71289380;-5,44450200
-1,70265380;-5,44450200
-1,69241380;-5,44450200
-1,68217380;-5,44450200
-1,67193380;-5,44450200
-1,66169380;-5,44450200
-1,65145380;-5,44450200
-1,64121380;-5,26444300
-1,63097380;-5,44450200
-1,62073380;-5,44450200
-1,61049380;-5,44450200
-1,60025380;-5,26444300
-1,59001380;-5,26444300
-1,57977380;-5,44450200
-1,56953380;-5,44450200
-1,55929380;-5,44450200
-1,54905380;-5,44450200
-1,53881380;-5,44450200
-1,52857380;-5,44450200
-1,51833380;-5,44450200
-1,50809380;-5,44450200
-1,49785380;-5,26444300
-1,48761380;-5,26444300
-1,47737380;-5,44450200
-1,46713380;-5,26444300
-1,45689380;-5,44450200
-1,44665381;-5,26444300
-1,43641381;-5,44450200
-1,42617381;-5,44450200
-1,41593381;-5,44450200
-1,40569381;-5,44450200
-1,39545381;-5,44450200
-1,38521381;-5,44450200
-1,37497381;-5,44450200
-1,36473381;-5,26444300
-1,35449381;-5,44450200
-1,34425381;-5,44450200
-1,33401381;-5,44450200
-1,32377381;-5,26444300
-1,31353381;-5,26444300
-1,30329381;-5,26444300
-1,29305381;-5,44450200
-1,28281381;-5,44450200
-1,27257381;-5,26444300
-1,26233381;-5,44450200
-1,25209381;-5,44450200
-1,24185381;-5,44450200
-1,23161381;-5,26444300
-1,22137381;-5,44450200
-1,21113381;-5,44450200
-1,20089381;-5,26444300
-1,19065381;-5,44450200
-1,18041381;-5,44450200
-1,17017381;-5,44450200
-1,15993381;-5,44450200
-1,14969381;-5,26444300
-1,13945381;-5,44450200
-1,12921381;-5,44450200
-1,11897381;-5,44450200
-1,10873381;-5,44450200
-1,09849381;-5,44450200
-1,08825381;-5,44450200
-1,07801381;-5,44450200
-1,06777381;-5,44450200
-1,05753381;-5,44450200
-1,04729381;-5,26444300
-1,03705381;-5,26444300
-1,02681381;-5,44450200
-1,01657381;-5,26444300
-1,00633381;-5,26444300
-0,99609381;-5,26444300
-0,98585381;-5,26444300
-0,97561381;-5,26444300
-0,96537381;-5,26444300
-0,95513381;-5,08499400
-0,94489381;-5,08499400
-0,93465381;-5,08499400
-0,92441381;-5,08499400
-0,91417381;-5,08499400
-0,90393381;-4,90554500
-0,89369381;-4,90554500
-0,88345381;-4,72609600
-0,87321381;-4,90554500
-0,86297381;-4,72609600
-0,85273381;-4,72609600
-0,84249381;-4,72609600
-0,83225381;-4,72609600
-0,82201381;-4,54664800
-0,81177381;-4,36658800
-0,80153381;-4,36658800
-0,79129381;-4,36658800
-0,78105381;-4,36658800
-0,77081381;-4,36658800
-0,76057381;-4,18714000
-0,75033381;-4,18714000
-0,74009381;-4,18714000
-0,72985381;-4,18714000
-0,71961381;-4,00769000
-0,70937381;-4,00769000
-0,69913381;-3,82824200
-0,68889381;-3,64879300
-0,67865381;-3,82824200
-0,66841381;-3,82824200
-0,65817381;-3,64879300
-0,64793381;-3,64879300
-0,63769381;-3,64879300
-0,62745381;-3,64879300
-0,61721381;-3,64879300
-0,60697381;-3,46873400
-0,59673381;-3,28928500
-0,58649381;-3,28928500
-0,57625381;-3,28928500
-0,56601381;-3,28928500
-0,55577381;-3,28928500
-0,54553381;-3,28928500
-0,53529381;-3,10983600
-0,52505381;-3,10983600
-0,51481381;-2,93038700
-0,50457381;-2,93038700
-0,49433381;-2,93038700
-0,48409381;-2,93038700
-0,47385381;-2,75093800
-0,46361381;-2,75093800
-0,45337381;-2,75093800
-0,44313381;-2,57087900
-0,43289381;-2,57087900
-0,42265381;-2,57087900
-0,41241381;-2,57087900
-0,40217381;-2,39143000
-0,39193381;-2,21198200
-0,38169381;-2,21198200
-0,37145381;-2,21198200
-0,36121381;-2,21198200
-0,35097381;-2,21198200
-0,34073381;-2,21198200
-0,33049381;-2,21198200
-0,32025381;-2,03253300
-0,31001381;-1,85308400
-0,29977381;-1,85308400
-0,28953381;-1,85308400
-0,27929381;-1,67302500
-0,26905381;-1,67302500
-0,25881381;-1,49357600
-0,24857381;-1,67302500
-0,23833381;-1,49357600
-0,22809381;-1,49357600
-0,21785381;-1,49357600
-0,20761381;-1,49357600
-0,19737381;-1,13467800
-0,18713381;-1,13467800
-0,17689381;-1,13467800
-0,16665381;-1,13467800
-0,15641381;-1,13467800
-0,14617381;-1,13467800
-0,13593381;-0,95522930
-0,12569381;-0,95522930
-0,11545381;-0,77517010
-0,10521381;-0,77517010
-0,09497381;-0,77517010
-0,08473381;-0,59572130
-0,07449381;-0,59572130
-0,06425381;-0,59572130
-0,05401381;-0,59572130
-0,04377381;-0,59572130
-0,03353381;-0,41627250
-0,02329381;-0,41627250
-0,01305381;-0,41627250
-0,00281381;-0,23682360
0,00742619;-0,05737480
0,01766619;-0,05737480
0,02790619;-0,05737480
0,03814619;-0,05737480
0,04838619;-0,05737480
0,05862619;-0,05737480
0,06886619;-0,05737480
0,07910619;0,30152290
0,08934619;0,30152290
0,09958619;0,30152290
0,10982619;0,30152290
0,12006619;0,48097170
0,13030619;0,30152290
0,14054619;0,30152290
0,15078619;0,66042050
0,16102619;0,66042050
0,17126619;0,66042050
0,18150619;0,66042050
0,19174619;0,66042050
0,20198618;0,84047970
0,21222618;1,01992900
0,22246618;1,01992900
0,23270618;1,01992900
0,24294618;1,01992900
0,25318618;1,01992900
0,26342618;1,19937700
0,27366618;1,19937700
0,28390618;1,37882600
0,29414618;1,37882600
0,30438618;1,37882600
0,31462618;1,37882600
0,32486618;1,37882600
0,33510618;1,37882600
0,34534618;1,37882600
0,35558618;1,73833400
0,36582618;1,73833400
0,37606618;1,73833400
0,38630618;1,73833400
0,39654618;1,91778300
0,40678618;1,91778300
0,41702618;1,91778300
0,42726618;2,09723200
0,43750618;2,09723200
0,44774618;2,09723200
0,45798618;2,09723200
0,46822618;2,09723200
0,47846618;2,27668100
0,48870618;2,45613000
0,49894618;2,45613000
0,50918618;2,45613000
0,51942618;2,45613000
0,52966618;2,45613000
0,53990618;2,63618900
0,55014618;2,63618900
0,56038618;2,81563800
0,57062618;2,81563800
0,58086618;2,81563800
0,59110618;2,81563800
0,60134618;2,81563800
0,61158618;2,81563800
0,62182618;2,81563800
0,63206618;2,99508600
0,64230618;3,17453500
0,65254618;3,17453500
0,66278618;3,17453500
0,67302618;3,17453500
0,68326618;3,17453500
0,69350618;3,35398400
0,70374618;3,35398400
0,71398618;3,35398400
0,72422618;3,35398400
0,73446618;3,35398400
0,74470618;3,35398400
0,75494618;3,35398400
0,76518618;3,35398400
0,77542618;3,53404300
0,78566618;3,53404300
0,79590618;3,53404300
0,80614618;3,53404300
0,81638618;3,71349200
0,82662618;3,71349200
0,83686618;3,71349200
0,84710618;3,89294100
0,85734618;3,89294100
0,86758618;3,89294100
0,87782618;3,89294100
0,88806618;4,07239000
0,89830618;4,25183900
0,90854618;4,25183900
0,91878618;4,25183900
0,92902618;4,25183900
0,93926618;4,25183900
0,94950618;4,43189800
0,95974618;4,61134700
0,96998618;4,61134700
0,98022618;4,61134700
0,99046618;4,61134700
1,00070618;4,79079600
1,01094618;4,79079600
1,02118618;4,97024400
1,03142618;4,97024400
1,04166618;4,97024400
1,05190618;4,97024400
1,06214618;4,97024400
1,07238618;5,14969300
1,08262618;5,14969300
1,09286618;5,14969300
1,10310618;5,32975200
1,11334618;5,32975200
1,12358618;5,32975200
1,13382618;5,32975200
1,14406618;5,32975200
1,15430618;5,32975200
1,16454618;5,32975200
1,17478618;5,50920200
1,18502618;5,50920200
1,19526618;5,68865000
1,20550618;5,68865000
1,21574618;5,68865000
1,22598618;5,68865000
1,23622618;5,68865000
1,24646618;5,68865000
1,25670618;5,68865000
1,26694618;5,68865000
1,27718618;5,86809900
1,28742618;6,04754800
1,29766618;6,04754800
1,30790618;6,04754800
1,31814618;6,04754800
1,32838618;6,04754800
1,33862618;6,22760700
1,34886618;6,22760700
1,35910618;6,22760700
1,36934618;6,22760700
1,37958618;6,40705600
1,38982618;6,40705600
1,40006618;6,40705600
1,41030618;6,40705600
1,42054618;6,58650500
1,43078618;6,58650500
1,44102618;6,76595400
1,45126618;6,76595400
1,46150618;6,76595400
1,47174618;6,76595400
1,48198618;6,94540200
1,49222618;7,12546200
1,50246618;7,12546200
1,51270618;7,12546200
1,52294618;7,12546200
1,53318618;7,12546200
1,54342618;7,12546200
1,55366618;7,30491100
1,56390618;7,48435900
1,57414618;7,48435900
1,58438618;7,48435900
1,59462618;7,66380800
1,60486618;7,48435900
1,61510618;7,66380800
1,62534618;7,66380800
1,63558618;7,84325700
1,64582618;7,84325700
1,65606618;7,84325700
1,66630618;7,84325700
1,67654618;7,84325700
1,68678618;8,02331600
1,69702618;8,20276500
1,70726618;8,20276500
1,71750618;8,20276500
1,72774618;8,20276500
1,73798618;8,20276500
1,74822618;8,38221400
1,75846618;8,38221400
1,76870618;8,38221400
1,77894618;8,38221400
1,78918618;8,38221400
1,79942618;8,56166300
1,80966618;8,56166300
1,81990618;8,56166300
1,83014618;8,56166300
1,84038617;8,56166300
1,85062617;8,56166300
1,86086617;8,92117000
1,87110617;8,74111200
1,88134617;8,92117000
1,89158617;8,92117000
1,90182617;8,92117000
1,91206617;8,92117000
1,92230617;8,92117000
1,93254617;8,92117000
1,94278617;9,10061900
1,95302617;9,10061900
1,96326617;9,10061900
1,97350617;9,28006800
1,98374617;9,28006800
1,99398617;9,28006800
2,00422617;9,28006800
2,01446617;9,28006800
2,02470617;9,28006800
2,03494617;9,28006800
2,04518617;9,28006800
2,05542617;9,28006800
2,06566617;9,45951700
2,07590617;9,63896600
2,08614617;9,63896600
2,09638617;9,63896600
2,10662617;9,63896600
2,11686617;9,63896600
2,12710617;9,63896600
2,13734617;9,63896600
2,14758617;9,63896600
2,15782617;9,63896600
2,16806617;9,81902500
2,17830617;9,81902500
2,18854617;9,99847400
2,19878617;9,99847400
2,20902617;9,99847400
2,21926617;9,99847400
2,22950617;9,99847400
2,23974617;9,99847400
2,24998617;9,99847400
2,26022617;9,99847400
2,27046617;9,99847400
2,28070617;9,99847400
2,29094617;9,99847400
2,30118617;10,17792000
2,31142617;10,17792000
2,32166617;10,35737000
2,33190617;10,17792000
2,34214617;10,17792000
2,35238617;10,35737000
2,36262617;10,35737000
2,37286617;10,35737000
2,38310617;10,35737000
2,39334617;10,35737000
2,40358617;10,35737000
2,41382617;10,35737000
2,42406617;10,53682000
2,43430617;10,53682000
2,44454617;10,53682000
2,45478617;10,53682000
2,46502617;10,53682000
2,47526617;10,71688000
2,48550617;10,71688000
2,49574617;10,71688000
2,50598617;10,71688000
2,51622617;10,71688000
2,52646617;10,71688000
2,53670617;10,71688000
2,54694617;10,89633000
2,55718617;10,71688000
2,56742617;10,89633000
2,57766617;10,89633000
2,58790617;10,89633000
2,59814617;11,07578000
2,60838617;10,89633000
2,61862617;11,07578000
2,62886617;11,07578000
2,63910617;11,07578000
2,64934617;11,07578000
2,65958617;11,07578000
2,66982617;11,07578000
2,68006617;11,07578000
2,69030617;11,25523000
2,70054617;11,25523000
2,71078617;11,25523000
2,72102617;11,25523000
2,73126617;11,25523000
2,74150617;11,25523000
2,75174617;11,43529000
2,76198617;11,43529000
2,77222617;11,43529000
2,78246617;11,43529000
2,79270617;11,43529000
2,80294617;11,43529000
2,81318617;11,43529000
2,82342617;11,43529000
2,83366617;11,43529000
2,84390617;11,43529000
2,85414617;11,43529000
2,86438617;11,61473000
2,87462617;11,43529000
2,88486617;11,61473000
2,89510617;11,61473000
2,90534617;11,79418000
2,91558617;11,79418000
2,92582617;11,79418000
2,93606617;11,79418000
2,94630617;11,79418000
2,95654617;11,79418000
2,96678617;11,79418000
2,97702617;11,79418000
2,98726617;11,79418000
2,99750617;11,79418000
3,00774617;11,79418000
3,01798617;11,79418000
3,02822617;11,79418000
3,03846617;11,79418000
3,04870617;11,79418000
3,05894617;11,97363000
3,06918617;11,97363000
3,07942617;11,97363000
3,08966617;11,97363000
3,09990617;12,15308000
3,11014617;11,97363000
3,12038617;12,15308000
3,13062617;11,97363000
3,14086617;11,97363000
3,15110617;11,97363000
3,16134617;11,97363000
3,17158617;11,97363000
3,18182617;11,97363000
3,19206617;12,15308000
3,20230617;12,15308000
3,21254617;12,15308000
3,22278617;12,15308000
3,23302617;12,15308000
3,24326617;12,15308000
3,25350617;12,15308000
3,26374617;12,15308000
3,27398617;12,15308000
3,28422617;12,15308000
3,29446617;12,15308000
3,30470617;12,15308000
3,31494617;12,15308000
3,32518617;12,15308000
3,33542617;12,15308000
3,34566617;12,15308000
3,35590617;12,15308000
3,36614617;12,15308000
3,37638617;12,15308000
3,38662617;12,15308000
3,39686617;12,15308000
3,40710617;12,15308000
3,41734617;12,15308000
3,42758617;12,15308000
3,43782617;12,15308000
3,44806617;12,15308000
3,45830617;12,15308000
3,46854617;12,15308000
3,47878617;12,15308000
3,48902616;12,15308000
3,49926616;12,15308000
3,50950616;12,15308000
3,51974616;12,15308000
3,52998616;12,15308000
3,54022616;12,15308000
3,55046616;12,15308000
3,56070616;12,15308000
3,57094616;12,15308000
3,58118616;12,15308000
3,59142616;12,15308000
3,60166616;12,15308000
3,61190616;12,15308000
3,62214616;12,15308000
3,63238616;12,15308000
3,64262616;12,15308000
3,65286616;12,15308000
3,66310616;12,15308000
3,67334616;12,15308000
3,68358616;12,15308000
3,69382616;12,15308000
3,70406616;12,15308000
3,71430616;12,15308000
3,72454616;12,15308000
3,73478616;12,15308000
3,74502616;12,15308000
3,75526616;12,15308000
3,76550616;12,15308000
3,77574616;12,15308000
3,78598616;12,15308000
3,79622616;12,15308000
3,80646616;12,15308000
3,81670616;12,15308000
3,82694616;12,15308000
3,83718616;12,15308000
3,84742616;12,15308000
3,85766616;12,15308000
3,86790616;12,15308000
3,87814616;12,15308000
3,88838616;12,15308000
3,89862616;12,33314000
3,90886616;12,15308000
3,91910616;12,15308000
3,92934616;12,15308000
3,93958616;12,15308000
3,94982616;12,15308000
3,96006616;12,15308000
3,97030616;12,15308000
3,98054616;12,15308000
3,99078616;12,15308000
4,00102616;12,15308000
4,01126616;12,15308000
4,02150616;12,15308000
4,03174616;12,15308000
4,04198616;12,33314000
4,05222616;12,15308000
4,06246616;12,15308000
4,07270616;12,15308000
4,08294616;12,15308000
4,09318616;12,15308000
4,10342616;12,15308000
4,11366616;12,33314000
4,12390616;12,15308000
4,13414616;12,15308000
4,14438616;12,15308000
4,15462616;12,15308000
4,16486616;12,15308000
4,17510616;12,15308000
4,18534616;12,15308000
4,19558616;12,33314000
4,20582616;12,15308000
4,21606616;12,15308000
4,22630616;12,33314000
4,23654616;12,33314000
4,24678616;12,33314000
4,25702616;12,15308000
4,26726616;12,33314000
4,27750616;12,33314000
4,28774616;12,33314000
4,29798616;12,33314000
4,30822616;12,33314000
4,31846616;12,33314000
4,32870616;12,33314000
4,33894616;12,33314000
4,34918616;12,33314000
4,35942616;12,15308000
4,36966616;12,33314000
4,37990616;12,33314000
4,39014616;12,33314000
4,40038616;12,33314000
4,41062616;12,33314000
4,42086616;12,15308000
4,43110616;12,33314000
4,44134616;12,33314000
4,45158616;12,15308000
4,46182616;12,33314000
4,47206616;12,15308000
4,48230616;12,33314000
4,49254616;12,33314000
4,50278616;12,15308000
4,51302616;12,15308000
4,52326616;12,15308000
4,53350616;12,15308000
4,54374616;12,15308000
4,55398616;12,15308000
4,56422616;12,15308000
4,57446616;12,15308000
4,58470616;12,15308000
4,59494616;12,15308000
4,60518616;12,15308000
4,61542616;11,97363000
4,62566616;12,15308000
4,63590616;12,15308000
4,64614616;12,15308000
4,65638616;11,97363000
4,66662616;11,97363000
4,67686616;11,97363000
4,68710616;12,15308000
4,69734616;12,15308000
4,70758616;11,79418000
4,71782616;11,79418000
4,72806616;11,79418000
4,73830616;12,15308000
4,74854616;11,97363000
4,75878616;11,79418000
4,76902616;11,79418000
4,77926616;11,79418000
4,78950616;11,79418000
4,79974616;11,79418000
4,80998616;11,79418000
4,82022616;11,61473000
4,83046616;11,79418000
4,84070616;11,79418000
4,85094616;11,61473000
4,86118616;11,61473000
4,87142616;11,61473000
4,88166616;11,79418000
4,89190616;11,79418000
4,90214616;11,79418000
4,91238616;11,61473000
4,92262616;11,43529000
4,93286616;11,61473000
4,94310616;11,61473000
4,95334616;11,43529000
4,96358616;11,43529000
4,97382616;11,43529000
4,98406616;11,61473000
4,99430616;11,61473000
5,00454616;11,43529000
5,01478616;11,43529000
5,02502616;11,43529000
5,03526616;11,43529000
5,04550616;11,43529000
5,05574616;11,43529000
5,06598616;11,43529000
5,07622616;11,43529000
5,08646616;11,61473000
5,09670616;11,43529000
5,10694616;11,43529000
5,11718616;11,43529000
5,12742616;11,43529000
5,13766615;11,43529000
5,14790615;11,43529000
5,15814615;11,43529000
5,16838615;11,43529000
5,17862615;11,43529000
5,18886615;11,43529000
5,19910615;11,43529000
5,20934615;11,43529000
5,21958615;11,43529000
5,22982615;11,43529000
5,24006615;11,43529000
5,25030615;11,43529000
5,26054615;11,25523000
5,27078615;11,43529000
5,28102615;11,43529000
5,29126615;11,43529000
5,30150615;11,43529000
5,31174615;11,43529000
5,32198615;11,07578000
5,33222615;11,25523000
5,34246615;11,25523000
5,35270615;11,25523000
5,36294615;11,07578000
5,37318615;11,25523000
5,38342615;11,25523000
5,39366615;11,25523000
5,40390615;11,25523000
5,41414615;11,07578000
5,42438615;11,07578000
5,43462615;11,07578000
5,44486615;11,07578000
5,45510615;11,07578000
5,46534615;10,89633000
5,47558615;11,07578000
5,48582615;11,07578000
5,49606615;10,89633000
5,50630615;10,89633000
5,51654615;10,71688000
5,52678615;10,71688000
5,53702615;10,71688000
5,54726615;10,71688000
5,55750615;10,71688000
5,56774615;10,71688000
5,57798615;10,71688000
5,58822615;10,71688000
5,59846615;10,71688000
5,60870615;10,53682000
5,61894615;10,53682000
5,62918615;10,35737000
5,63942615;10,35737000
5,64966615;10,35737000
5,65990615;10,35737000
5,67014615;10,35737000
5,68038615;10,35737000
5,69062615;10,35737000
5,70086615;10,35737000
5,71110615;10,17792000
5,72134615;9,99847400
5,73158615;9,99847400
5,74182615;9,99847400
5,75206615;9,99847400
5,76230615;9,99847400
5,77254615;9,99847400
5,78278615;9,99847400
5,79302615;9,99847400
5,80326615;9,99847400
5,81350615;9,99847400
5,82374615;9,81902500
5,83398615;9,81902500
5,84422615;9,63896600
5,85446615;9,63896600
5,86470615;9,81902500
5,87494615;9,81902500
5,88518615;9,63896600
5,89542615;9,63896600
5,90566615;9,63896600
5,91590615;9,63896600
5,92614615;9,45951700
5,93638615;9,45951700
5,94662615;9,28006800
5,95686615;9,45951700
5,96710615;9,45951700
5,97734615;9,45951700
5,98758615;9,45951700
5,99782615;9,45951700
6,00806615;9,28006800
6,01830615;9,28006800
6,02854615;9,28006800
6,03878615;9,10061900
6,04902615;9,10061900
6,05926615;9,28006800
6,06950615;9,28006800
6,07974615;9,28006800
6,08998615;9,28006800
6,10022615;9,10061900
6,11046615;9,10061900
6,12070615;8,92117000
6,13094615;8,92117000
6,14118615;8,74111200
6,15142615;8,74111200
6,16166615;8,92117000
6,17190615;8,92117000
6,18214615;8,92117000
6,19238615;8,92117000
6,20262615;8,56166300
6,21286615;8,56166300
6,22310615;8,56166300
6,23334615;8,38221400
6,24358615;8,38221400
6,25382615;8,38221400
6,26406615;8,38221400
6,27430615;8,38221400
6,28454615;8,38221400
6,29478615;8,38221400
6,30502615;8,38221400
6,31526615;8,20276500
6,32550615;8,02331600
6,33574615;7,84325700
6,34598615;8,02331600
6,35622615;8,02331600
6,36646615;7,84325700
6,37670615;7,84325700
6,38694615;7,84325700
6,39718615;7,84325700
6,40742615;7,84325700
6,41766615;7,84325700
6,42790615;7,48435900
6,43814615;7,48435900
6,44838615;7,48435900
6,45862615;7,48435900
6,46886615;7,48435900
6,47910615;7,48435900
6,48934615;7,48435900
6,49958615;7,48435900
6,50982615;7,48435900
6,52006615;7,12546200
6,53030615;7,12546200
6,54054615;6,94540200
6,55078615;6,76595400
6,56102615;6,94540200
6,57126615;7,12546200
6,58150615;7,12546200
6,59174615;7,12546200
6,60198615;7,12546200
6,61222615;6,94540200
6,62246615;6,76595400
6,63270615;6,40705600
6,64294615;6,40705600
6,65318615;6,40705600
6,66342615;6,40705600
6,67366615;6,40705600
6,68390615;6,58650500
6,69414615;6,40705600
6,70438615;6,40705600
6,71462615;6,40705600
6,72486615;6,22760700
6,73510615;6,04754800
6,74534615;5,86809900
6,75558615;6,04754800
6,76582615;6,04754800
6,77606614;6,04754800
6,78630614;6,04754800
6,79654614;6,04754800
6,80678614;6,04754800
6,81702614;5,68865000
6,82726614;5,50920200
6,83750614;5,32975200
6,84774614;5,32975200
6,85798614;5,32975200
6,86822614;5,50920200
6,87846614;5,50920200
6,88870614;5,50920200
6,89894614;5,32975200
6,90918614;5,32975200
6,91942614;5,14969300
6,92966614;4,97024400
6,93990614;4,61134700
6,95014614;4,61134700
6,96038614;4,79079600
6,97062614;4,97024400
6,98086614;4,97024400
6,99110614;4,97024400
7,00134614;4,79079600
7,01158614;4,61134700
7,02182614;4,43189800
7,03206614;4,25183900
7,04230614;4,25183900
7,05254614;4,25183900
7,06278614;4,25183900
7,07302614;4,25183900
7,08326614;4,25183900
7,09350614;4,25183900
7,10374614;4,25183900
7,11398614;4,07239000
7,12422614;3,89294100
7,13446614;3,53404300
7,14470614;3,53404300
7,15494614;3,71349200
7,16518614;3,89294100
7,17542614;3,71349200
7,18566614;3,89294100
7,19590614;3,71349200
7,20614614;3,53404300
7,21638614;3,53404300
7,22662614;3,17453500
7,23686614;3,17453500
7,24710614;3,17453500
7,25734614;3,17453500
7,26758614;3,17453500
7,27782614;3,17453500
7,28806614;3,17453500
7,29830614;3,17453500
7,30854614;2,99508600
7,31878614;2,81563800
7,32902614;2,63618900
7,33926614;2,45613000
7,34950614;2,45613000
7,35974614;2,63618900
7,36998614;2,63618900
7,38022614;2,45613000
7,39046614;2,63618900
7,40070614;2,45613000
7,41094614;2,45613000
7,42118614;2,09723200
7,43142614;1,91778300
7,44166614;1,91778300
7,45190614;1,73833400
7,46214614;1,91778300
7,47238614;1,91778300
7,48262614;1,73833400
7,49286614;1,91778300
7,50310614;1,73833400
7,51334614;1,73833400
7,52358614;1,37882600
7,53382614;1,19937700
7,54406614;1,19937700
7,55430614;1,19937700
7,56454614;1,19937700
7,57478614;1,37882600
7,58502614;1,37882600
7,59526614;1,19937700
7,60550614;1,19937700
7,61574614;1,01992900
7,62598614;0,66042050
7,63622614;0,66042050
7,64646614;0,66042050
7,65670614;0,66042050
7,66694614;0,66042050
7,67718614;0,66042050
7,68742614;0,66042050
7,69766614;0,66042050
7,70790614;0,66042050
7,71814614;0,30152290
7,72838614;0,30152290
7,73862614;-0,05737480
7,74886614;0,12207400
7,75910614;0,30152290
7,76934614;0,30152290
7,77958614;0,30152290
7,78982614;0,12207400
7,80006614;0,12207400
7,81030614;-0,05737480
7,82054614;-0,05737480
7,83078614;-0,41627250
7,84102614;-0,41627250
7,85126614;-0,41627250
7,86150614;-0,41627250
7,87174614;-0,41627250
7,88198614;-0,41627250
7,89222614;-0,41627250
7,90246614;-0,41627250
7,91270614;-0,59572130
7,92294614;-0,77517010
7,93318614;-0,95522930
7,94342614;-0,95522930
7,95366614;-1,13467800
7,96390614;-1,13467800
7,97414614;-1,13467800
7,98438614;-1,13467800
7,99462614;-1,13467800
8,00486614;-1,13467800
8,01510614;-1,31412700
8,02534614;-1,49357600
8,03558614;-1,67302500
8,04582614;-1,67302500
8,05606614;-1,67302500
8,06630614;-1,67302500
8,07654614;-1,67302500
8,08678614;-1,67302500
8,09702614;-1,85308400
8,10726614;-1,85308400
8,11750614;-2,21198200
8,12774614;-2,21198200
8,13798614;-2,39143000
8,14822614;-2,21198200
8,15846614;-2,21198200
8,16870614;-2,21198200
8,17894614;-2,21198200
8,18918614;-2,39143000
8,19942614;-2,39143000
8,20966614;-2,57087900
8,21990614;-2,57087900
8,23014614;-2,93038700
8,24038614;-2,93038700
8,25062614;-2,93038700
8,26086614;-2,93038700
8,27110614;-2,93038700
8,28134614;-2,93038700
8,29158614;-2,93038700
8,30182614;-2,93038700
8,31206614;-3,10983600
8,32230614;-3,28928500
8,33254614;-3,46873400
8,34278614;-3,46873400
8,35302614;-3,46873400
8,36326614;-3,46873400
8,37350614;-3,46873400
8,38374614;-3,46873400
8,39398614;-3,46873400
8,40422614;-3,64879300
8,41446614;-3,64879300
8,42470613;-3,82824200
8,43494613;-4,00769000
8,44518613;-4,00769000
8,45542613;-3,82824200
8,46566613;-3,82824200
8,47590613;-3,82824200
8,48614613;-3,82824200
8,49638613;-4,00769000
8,50662613;-4,00769000
8,51686613;-4,00769000
8,52710613;-4,36658800
8,53734613;-4,36658800
8,54758613;-4,36658800
8,55782613;-4,36658800
8,56806613;-4,36658800
8,57830613;-4,36658800
8,58854613;-4,36658800
8,59878613;-4,36658800
8,60902613;-4,54664800
8,61926613;-4,72609600
8,62950613;-4,90554500
8,63974613;-5,08499400
8,64998613;-4,90554500
8,66022613;-4,90554500
8,67046613;-5,08499400
8,68070613;-4,90554500
8,69094613;-5,08499400
8,70118613;-5,08499400
8,71142613;-5,08499400
8,72166613;-5,08499400
8,73190613;-5,44450200
8,74214613;-5,44450200
8,75238613;-5,44450200
8,76262613;-5,44450200
8,77286613;-5,44450200
8,78310613;-5,44450200
8,79334613;-5,44450200
8,80358613;-5,44450200
8,81382613;-5,62395100
8,82406613;-5,80340000
8,83430613;-5,80340000
8,84454613;-5,80340000
8,85478613;-5,80340000
8,86502613;-5,80340000
8,87526613;-5,80340000
8,88550613;-5,80340000
8,89574613;-5,80340000
8,90598613;-5,80340000
8,91622613;-5,98284900
8,92646613;-5,80340000
8,93670613;-5,98284900
8,94694613;-5,80340000
8,95718613;-5,98284900
8,96742613;-5,80340000
8,97766613;-5,80340000
8,98790613;-5,98284900
8,99814613;-5,98284900
9,00838613;-5,98284900
9,01862613;-5,80340000
9,02886613;-5,98284900
9,03910613;-5,80340000
9,04934613;-5,80340000
9,05958613;-5,98284900
9,06982613;-5,98284900
9,08006613;-5,80340000
9,09030613;-5,98284900
9,10054613;-5,80340000
9,11078613;-5,80340000
9,12102613;-5,80340000
9,13126613;-5,80340000
9,14150613;-5,80340000
9,15174613;-5,98284900
9,16198613;-5,80340000
9,17222613;-5,80340000
9,18246613;-5,80340000
9,19270613;-5,80340000
9,20294613;-5,80340000
9,21318613;-5,80340000
9,22342613;-5,80340000
9,23366613;-5,98284900
9,24390613;-5,80340000
9,25414613;-5,80340000
9,26438613;-5,80340000
9,27462613;-5,80340000
9,28486613;-5,80340000
9,29510613;-5,98284900
9,30534613;-5,80340000
9,31558613;-5,80340000
9,32582613;-5,80340000
9,33606613;-5,80340000
9,34630613;-5,80340000
9,35654613;-5,80340000
9,36678613;-5,80340000
9,37702613;-5,80340000
9,38726613;-5,80340000
9,39750613;-5,98284900
9,40774613;-5,80340000
9,41798613;-5,80340000
9,42822613;-5,80340000
9,43846613;-5,80340000
9,44870613;-5,80340000
9,45894613;-5,80340000
9,46918613;-5,80340000
9,47942613;-5,80340000
9,48966613;-5,80340000
9,49990613;-5,80340000
9,51014613;-5,80340000
9,52038613;-5,80340000
9,53062613;-5,80340000
9,54086613;-5,80340000
9,55110613;-5,80340000
9,56134613;-5,80340000
9,57158613;-5,80340000
9,58182613;-5,80340000
9,59206613;-5,80340000
9,60230613;-5,80340000
9,61254613;-5,80340000
9,62278613;-5,80340000
9,63302613;-5,80340000
9,64326613;-5,80340000
9,65350613;-5,80340000
9,66374613;-5,80340000
9,67398613;-5,80340000
9,68422613;-5,80340000
9,69446613;-5,80340000
9,70470613;-5,80340000
9,71494613;-5,80340000
9,72518613;-5,80340000
9,73542613;-5,80340000
9,74566613;-5,80340000
9,75590613;-5,80340000
9,76614613;-5,80340000
9,77638613;-5,80340000
9,78662613;-5,80340000
9,79686613;-5,80340000
9,80710613;-5,80340000
9,81734613;-5,80340000
9,82758613;-5,80340000
9,83782613;-5,80340000
9,84806613;-5,80340000
9,85830613;-5,80340000
9,86854613;-5,80340000
9,87878613;-5,80340000
9,88902613;-5,80340000
9,89926613;-5,80340000
9,90950613;-5,80340000
9,91974613;-5,80340000
9,92998613;-5,80340000
9,94022613;-5,80340000
9,95046613;-5,80340000
9,96070613;-5,80340000
9,97094613;-5,80340000
9,98118613;-5,80340000
9,99142613;-5,80340000
10,00166613;-5,80340000
10,01190613;-5,80340000
10,02214613;-5,80340000
10,03238613;-5,80340000
10,04262613;-5,80340000
10,05286613;-5,80340000
10,06310613;-5,80340000
10,07334612;-5,80340000
10,08358612;-5,80340000
10,09382612;-5,80340000
10,10406612;-5,80340000
10,11430612;-5,80340000
10,12454612;-5,80340000
10,13478612;-5,80340000
10,14502612;-5,80340000
10,15526612;-5,80340000
10,16550612;-5,80340000
10,17574612;-5,80340000
10,18598612;-5,80340000
10,19622612;-5,80340000
10,20646612;-5,80340000
10,21670612;-5,80340000
10,22694612;-5,80340000
10,23718612;-5,80340000
10,24742612;-5,80340000
10,25766612;-5,80340000
10,26790612;-5,80340000
10,27814612;-5,80340000
10,28838612;-5,80340000
10,29862612;-5,80340000
10,30886612;-5,80340000
10,31910612;-5,80340000
10,32934612;-5,80340000
10,33958612;-5,80340000
10,34982612;-5,80340000
10,36006612;-5,80340000
10,37030612;-5,80340000
10,38054612;-5,80340000
10,39078612;-5,80340000
10,40102612;-5,80340000
10,41126612;-5,80340000
10,42150612;-5,80340000
10,43174612;-5,80340000
10,44198612;-5,80340000
10,45222612;-5,80340000
10,46246612;-5,80340000
10,47270612;-5,80340000
10,48294612;-5,80340000
10,49318612;-5,80340000
10,50342612;-5,80340000
10,51366612;-5,80340000
10,52390612;-5,80340000
10,53414612;-5,80340000
10,54438612;-5,80340000
10,55462612;-5,80340000
10,56486612;-5,80340000
10,57510612;-5,80340000
10,58534612;-5,80340000
10,59558612;-5,80340000
10,60582612;-5,80340000
10,61606612;-5,80340000
10,62630612;-5,80340000
10,63654612;-5,80340000
10,64678612;-5,80340000
10,65702612;-5,80340000
10,66726612;-5,80340000
10,67750612;-5,80340000
10,68774612;-5,80340000
10,69798612;-5,80340000
10,70822612;-5,80340000
10,71846612;-5,80340000
10,72870612;-5,80340000
10,73894612;-5,80340000
10,74918612;-5,80340000
10,75942612;-5,80340000
10,76966612;-5,80340000
10,77990612;-5,80340000
10,79014612;-5,80340000
10,80038612;-5,80340000
10,81062612;-5,80340000
10,82086612;-5,80340000
10,83110612;-5,80340000
10,84134612;-5,80340000
10,85158612;-5,80340000
10,86182612;-5,80340000
10,87206612;-5,80340000
10,88230612;-5,80340000
10,89254612;-5,80340000
10,90278612;-5,80340000
10,91302612;-5,80340000
10,92326612;-5,80340000
10,93350612;-5,80340000
10,94374612;-5,80340000
10,95398612;-5,80340000
10,96422612;-5,80340000
10,97446612;-5,80340000
10,98470612;-5,80340000
10,99494612;-5,80340000
11,00518612;-5,80340000
11,01542612;-5,80340000
11,02566612;-5,80340000
11,03590612;-5,80340000
11,04614612;-5,80340000
11,05638612;-5,80340000
11,06662612;-5,80340000
11,07686612;-5,80340000
11,08710612;-5,80340000
11,09734612;-5,80340000
11,10758612;-5,80340000
11,11782612;-5,80340000
11,12806612;-5,80340000
11,13830612;-5,80340000
11,14854612;-5,80340000
11,15878612;-5,80340000
11,16902612;-5,80340000
11,17926612;-5,80340000
11,18950612;-5,80340000
11,19974612;-5,80340000
11,20998612;-5,80340000
11,22022612;-5,80340000
11,23046612;-5,80340000
11,24070612;-5,80340000
11,25094612;-5,80340000
11,26118612;-5,80340000
11,27142612;-5,80340000
11,28166612;-5,80340000
11,29190612;-5,80340000
11,30214612;-5,80340000
11,31238612;-5,80340000
11,32262612;-5,80340000
11,33286612;-5,80340000
11,34310612;-5,80340000
11,35334612;-5,80340000
11,36358612;-5,80340000
11,37382612;-5,80340000
11,38406612;-5,80340000
11,39430612;-5,80340000
11,40454612;-5,80340000
11,41478612;-5,80340000
11,42502612;-5,80340000
11,43526612;-5,80340000
11,44550612;-5,80340000
11,45574612;-5,80340000
11,46598612;-5,80340000
11,47622612;-5,80340000
11,48646612;-5,80340000
11,49670612;-5,80340000
11,50694612;-5,80340000
11,51718612;-5,80340000
11,52742612;-5,80340000
11,53766612;-5,80340000
11,54790612;-5,80340000
11,55814612;-5,80340000
11,56838612;-5,80340000
11,57862612;-5,80340000
11,58886612;-5,80340000
11,59910612;-5,80340000
11,60934612;-5,80340000
11,61958612;-5,80340000
11,62982612;-5,80340000
11,64006612;-5,80340000
11,65030612;-5,80340000
11,66054612;-5,80340000
11,67078612;-5,80340000
11,68102612;-5,80340000
11,69126612;-5,80340000
11,70150612;-5,80340000
11,71174611;-5,80340000
11,72198611;-5,80340000
11,73222611;-5,80340000
11,74246611;-5,80340000
11,75270611;-5,80340000
11,76294611;-5,80340000
11,77318611;-5,80340000
11,78342611;-5,80340000
11,79366611;-5,80340000
11,80390611;-5,80340000
11,81414611;-5,80340000
11,82438611;-5,80340000
11,83462611;-5,80340000
11,84486611;-5,80340000
11,85510611;-5,80340000
11,86534611;-5,80340000
11,87558611;-5,80340000
11,88582611;-5,80340000
11,89606611;-5,80340000
11,90630611;-5,80340000
11,91654611;-5,80340000
11,92678611;-5,80340000
11,93702611;-5,80340000
11,94726611;-5,80340000
11,95750611;-5,80340000
11,96774611;-5,80340000
11,97798611;-5,80340000
11,98822611;-5,80340000
11,99846611;-5,80340000
12,00870611;-5,80340000
12,01894611;-5,80340000
12,02918611;-5,80340000
12,03942611;-5,80340000
12,04966611;-5,80340000
12,05990611;-5,80340000
12,07014611;-5,80340000
12,08038611;-5,80340000
12,09062611;-5,62395100
12,10086611;-5,80340000
12,11110611;-5,80340000
12,12134611;-5,80340000
12,13158611;-5,80340000
12,14182611;-5,80340000
12,15206611;-5,80340000
12,16230611;-5,80340000
12,17254611;-5,80340000
12,18278611;-5,80340000
12,19302611;-5,80340000
12,20326611;-5,80340000
12,21350611;-5,80340000
12,22374611;-5,80340000
12,23398611;-5,80340000
12,24422611;-5,80340000
12,25446611;-5,80340000
12,26470611;-5,80340000
12,27494611;-5,80340000
12,28518611;-5,80340000
12,29542611;-5,80340000
12,30566611;-5,80340000
12,31590611;-5,80340000
12,32614611;-5,80340000
12,33638611;-5,80340000
12,34662611;-5,80340000
12,35686611;-5,80340000
12,36710611;-5,80340000
12,37734611;-5,62395100
12,38758611;-5,80340000
12,39782611;-5,80340000
12,40806611;-5,80340000
12,41830611;-5,80340000
12,42854611;-5,80340000
12,43878611;-5,80340000
12,44902611;-5,80340000
12,45926611;-5,80340000
12,46950611;-5,62395100
12,47974611;-5,80340000
12,48998611;-5,80340000
12,50022611;-5,80340000
12,51046611;-5,80340000
12,52070611;-5,80340000
12,53094611;-5,80340000
12,54118611;-5,80340000
12,55142611;-5,80340000
12,56166611;-5,80340000
12,57190611;-5,80340000
12,58214611;-5,80340000
12,59238611;-5,80340000
12,60262611;-5,80340000
12,61286611;-5,80340000
12,62310611;-5,80340000
12,63334611;-5,80340000
12,64358611;-5,80340000
12,65382611;-5,80340000
12,66406611;-5,80340000
12,67430611;-5,62395100
12,68454611;-5,80340000
12,69478611;-5,80340000
12,70502611;-5,80340000
12,71526611;-5,80340000
12,72550611;-5,80340000
12,73574611;-5,80340000
12,74598611;-5,80340000
12,75622611;-5,80340000
12,76646611;-5,80340000
12,77670611;-5,80340000
12,78694611;-5,80340000
12,79718611;-5,80340000
12,80742611;-5,80340000
12,81766611;-5,80340000
12,82790611;-5,62395100
12,83814611;-5,80340000
12,84838611;-5,62395100
12,85862611;-5,80340000
12,86886611;-5,80340000
12,87910611;-5,80340000
12,88934611;-5,80340000
12,89958611;-5,80340000
12,90982611;-5,80340000
12,92006611;-5,80340000
12,93030611;-5,62395100
12,94054611;-5,62395100
12,95078611;-5,80340000
12,96102611;-5,62395100
12,97126611;-5,62395100
12,98150611;-5,80340000
12,99174611;-5,80340000
13,00198611;-5,80340000
13,01222611;-5,80340000
13,02246611;-5,80340000
13,03270611;-5,80340000
13,04294611;-5,80340000
13,05318611;-5,80340000
13,06342611;-5,62395100
13,07366611;-5,80340000
13,08390611;-5,80340000
13,09414611;-5,80340000
13,10438611;-5,62395100
13,11462611;-5,62395100
13,12486611;-5,62395100
13,13510611;-5,80340000
13,14534611;-5,80340000
13,15558611;-5,80340000
13,16582611;-5,62395100
13,17606611;-5,80340000
13,18630611;-5,62395100
13,19654611;-5,80340000
13,20678611;-5,62395100
13,21702611;-5,80340000
13,22726611;-5,80340000
13,23750611;-5,62395100
13,24774611;-5,80340000
13,25798611;-5,80340000
13,26822611;-5,80340000
13,27846611;-5,62395100
13,28870611;-5,44450200
13,29894611;-5,62395100
13,30918611;-5,80340000
13,31942611;-5,62395100
13,32966611;-5,80340000
13,33990611;-5,62395100
13,35014611;-5,62395100
13,36038610;-5,62395100
13,37062610;-5,62395100
13,38086610;-5,62395100
13,39110610;-5,80340000
13,40134610;-5,62395100
13,41158610;-5,80340000
13,42182610;-5,62395100
13,43206610;-5,62395100
13,44230610;-5,62395100
13,45254610;-5,62395100
13,46278610;-5,80340000
13,47302610;-5,80340000
13,48326610;-5,80340000
13,49350610;-5,62395100
13,50374610;-5,62395100
13,51398610;-5,62395100
13,52422610;-5,80340000
13,53446610;-5,62395100
13,54470610;-5,62395100
13,55494610;-5,62395100
13,56518610;-5,62395100
13,57542610;-5,80340000
13,58566610;-5,62395100
13,59590610;-5,80340000
13,60614610;-5,62395100
13,61638610;-5,80340000
13,62662610;-5,62395100
13,63686610;-5,80340000
13,64710610;-5,80340000
13,65734610;-5,80340000
13,66758610;-5,62395100
13,67782610;-5,80340000
13,68806610;-5,80340000
13,69830610;-5,62395100
13,70854610;-5,80340000
13,71878610;-5,62395100
13,72902610;-5,80340000
13,73926610;-5,62395100
13,74950610;-5,80340000
13,75974610;-5,62395100
13,76998610;-5,62395100
13,78022610;-5,62395100
13,79046610;-5,62395100
13,80070610;-5,44450200
13,81094610;-5,62395100
13,82118610;-5,80340000
13,83142610;-5,44450200
13,84166610;-5,62395100
13,85190610;-5,80340000
13,86214610;-5,62395100
13,87238610;-5,62395100
13,88262610;-5,62395100
13,89286610;-5,62395100
13,90310610;-5,62395100
13,91334610;-5,80340000
13,92358610;-5,44450200
13,93382610;-5,62395100
13,94406610;-5,44450200
13,95430610;-5,44450200
13,96454610;-5,80340000
13,97478610;-5,62395100
13,98502610;-5,80340000
13,99526610;-5,62395100
14,00550610;-5,62395100
14,01574610;-5,44450200
14,02598610;-5,62395100
14,03622610;-5,80340000
14,04646610;-5,44450200
14,05670610;-5,62395100
14,06694610;-5,62395100
14,07718610;-5,44450200
14,08742610;-5,44450200
14,09766610;-5,62395100
14,10790610;-5,62395100
14,11814610;-5,62395100
14,12838610;-5,62395100
14,13862610;-5,44450200
14,14886610;-5,62395100
14,15910610;-5,44450200
14,16934610;-5,62395100
14,17958610;-5,62395100
14,18982610;-5,44450200
14,20006610;-5,44450200
14,21030610;-5,44450200
14,22054610;-5,62395100
14,23078610;-5,44450200
14,24102610;-5,62395100
14,25126610;-5,44450200
14,26150610;-5,62395100
14,27174610;-5,62395100
14,28198610;-5,44450200
14,29222610;-5,62395100
14,30246610;-5,62395100
14,31270610;-5,62395100
14,32294610;-5,44450200
14,33318610;-5,62395100
14,34342610;-5,62395100
14,35366610;-5,62395100
14,36390610;-5,62395100
14,37414610;-5,44450200
14,38438610;-5,44450200
14,39462610;-5,44450200
14,40486610;-5,44450200
14,41510610;-5,62395100
14,42534610;-5,62395100
14,43558610;-5,44450200
14,44582610;-5,44450200
14,45606610;-5,62395100
14,46630610;-5,44450200
14,47654610;-5,62395100
14,48678610;-5,62395100
14,49702610;-5,62395100
14,50726610;-5,44450200
14,51750610;-5,62395100
14,52774610;-5,62395100
14,53798610;-5,62395100
14,54822610;-5,44450200
14,55846610;-5,44450200
14,56870610;-5,44450200
14,57894610;-5,44450200
14,58918610;-5,44450200
14,59942610;-5,44450200
14,60966610;-5,44450200
14,61990610;-5,44450200
14,63014610;-5,44450200
14,64038610;-5,44450200
14,65062610;-5,44450200
14,66086610;-5,44450200
14,67110610;-5,44450200
14,68134610;-5,44450200
14,69158610;-5,44450200
14,70182610;-5,44450200
14,71206610;-5,44450200
14,72230610;-5,44450200
14,73254610;-5,44450200
14,74278610;-5,44450200
14,75302610;-5,44450200
14,76326610;-5,62395100
14,77350610;-5,44450200
14,78374610;-5,62395100
14,79398610;-5,44450200
14,80422610;-5,44450200
14,81446610;-5,62395100
14,82470610;-5,44450200
14,83494610;-5,44450200
14,84518610;-5,44450200
14,85542610;-5,62395100
14,86566610;-5,44450200
14,87590610;-5,44450200
14,88614610;-5,44450200
14,89638610;-5,44450200
14,90662610;-5,44450200
14,91686610;-5,44450200
14,92710610;-5,44450200
14,93734610;-5,44450200
14,94758610;-5,44450200
14,95782610;-5,44450200
14,96806610;-5,44450200
14,97830610;-5,44450200
14,98854610;-5,44450200
14,99878610;-5,44450200
15,00902609;-5,62395100
15,01926609;-5,62395100
15,02950609;-5,44450200
15,03974609;-5,44450200
15,04998609;-5,44450200
15,06022609;-5,62395100
15,07046609;-5,62395100
15,08070609;-5,62395100
15,09094609;-5,44450200
15,10118609;-5,44450200
15,11142609;-5,44450200
15,12166609;-5,44450200
15,13190609;-5,44450200
15,14214609;-5,44450200
15,15238609;-5,44450200
15,16262609;-5,44450200
15,17286609;-5,44450200
15,18310609;-5,44450200
15,19334609;-5,44450200
15,20358609;-5,44450200
15,21382609;-5,44450200
15,22406609;-5,44450200
15,23430609;-5,44450200
15,24454609;-5,44450200
15,25478609;-5,44450200
15,26502609;-5,44450200
15,27526609;-5,62395100
15,28550609;-5,44450200
15,29574609;-5,44450200
15,30598609;-5,44450200
15,31622609;-5,44450200
15,32646609;-5,44450200
15,33670609;-5,44450200
15,34694609;-5,44450200
15,35718609;-5,44450200
15,36742609;-5,44450200
15,37766609;-5,44450200
15,38790609;-5,44450200
15,39814609;-5,44450200
15,40838609;-5,44450200
15,41862609;-5,44450200
15,42886609;-5,44450200
15,43910609;-5,44450200
15,44934609;-5,44450200
15,45958609;-5,44450200
15,46982609;-5,44450200
15,48006609;-5,44450200
15,49030609;-5,44450200
15,50054609;-5,44450200
15,51078609;-5,44450200
15,52102609;-5,44450200
15,53126609;-5,44450200
15,54150609;-5,44450200
15,55174609;-5,44450200
15,56198609;-5,44450200
15,57222609;-5,44450200
15,58246609;-5,44450200
15,59270609;-5,44450200
15,60294609;-5,44450200
15,61318609;-5,44450200
15,62342609;-5,44450200
15,63366609;-5,44450200
15,64390609;-5,44450200
15,65414609;-5,44450200
15,66438609;-5,44450200
15,67462609;-5,44450200
15,68486609;-5,44450200
15,69510609;-5,44450200
15,70534609;-5,44450200
15,71558609;-5,44450200
15,72582609;-5,44450200
15,73606609;-5,44450200
15,74630609;-5,44450200
15,75654609;-5,44450200
15,76678609;-5,44450200
15,77702609;-5,44450200
15,78726609;-5,44450200
15,79750609;-5,44450200
15,80774609;-5,44450200
15,81798609;-5,44450200
15,82822609;-5,44450200
15,83846609;-5,44450200
15,84870609;-5,44450200
15,85894609;-5,44450200
15,86918609;-5,44450200
15,87942609;-5,44450200
15,88966609;-5,44450200
15,89990609;-5,44450200
15,91014609;-5,44450200
15,92038609;-5,44450200
15,93062609;-5,44450200
15,94086609;-5,44450200
15,95110609;-5,44450200
15,96134609;-5,44450200
15,97158609;-5,44450200
15,98182609;-5,44450200
15,99206609;-5,44450200
16,00230609;-5,44450200
16,01254609;-5,44450200
16,02278609;-5,44450200
16,03302609;-5,44450200
16,04326609;-5,44450200
16,05350609;-5,44450200
16,06374609;-5,44450200
16,07398609;-5,44450200
16,08422609;-5,44450200
16,09446609;-5,44450200
16,10470609;-5,44450200
16,11494609;-5,44450200
16,12518609;-5,44450200
16,13542609;-5,44450200
16,14566609;-5,44450200
16,15590609;-5,44450200
16,16614609;-5,44450200
16,17638609;-5,44450200
16,18662609;-5,44450200
16,19686609;-5,44450200
16,20710609;-5,44450200
16,21734609;-5,44450200
16,22758609;-5,44450200
16,23782609;-5,44450200
16,24806609;-5,44450200
16,25830609;-5,44450200
16,26854609;-5,44450200
16,27878609;-5,44450200
16,28902609;-5,44450200
16,29926609;-5,44450200
16,30950609;-5,44450200
16,31974609;-5,44450200
16,32998609;-5,44450200
16,34022609;-5,44450200
16,35046609;-5,44450200
16,36070609;-5,44450200
16,37094609;-5,44450200
16,38118609;-5,44450200
16,39142609;-5,44450200
16,40166609;-5,44450200
16,41190609;-5,44450200
16,42214609;-5,44450200
16,43238609;-5,44450200
16,44262609;-5,44450200
16,45286609;-5,44450200
16,46310609;-5,44450200
16,47334609;-5,44450200
16,48358609;-5,44450200
16,49382609;-5,44450200
16,50406609;-5,44450200
16,51430609;-5,44450200
16,52454609;-5,44450200
16,53478609;-5,44450200
16,54502609;-5,44450200
16,55526609;-5,44450200
16,56550609;-5,44450200
16,57574609;-5,44450200
16,58598609;-5,44450200
16,59622609;-5,44450200
16,60646609;-5,44450200
16,61670609;-5,44450200
16,62694609;-5,44450200
16,63718609;-5,44450200
16,64742609;-5,44450200
16,65766608;-5,44450200
16,66790608;-5,44450200
16,67814608;-5,44450200
16,68838608;-5,44450200
16,69862608;-5,44450200
16,70886608;-5,44450200
16,71910608;-5,44450200
16,72934608;-5,44450200
16,73958608;-5,44450200
16,74982608;-5,44450200
16,76006608;-5,44450200
16,77030608;-5,44450200
16,78054608;-5,44450200
16,79078608;-5,44450200
16,80102608;-5,44450200
16,81126608;-5,44450200
16,82150608;-5,44450200
16,83174608;-5,44450200
16,84198608;-5,44450200
16,85222608;-5,44450200
16,86246608;-5,44450200
16,87270608;-5,44450200
16,88294608;-5,44450200
16,89318608;-5,44450200
16,90342608;-5,44450200
16,91366608;-5,44450200
16,92390608;-5,44450200
16,93414608;-5,44450200
16,94438608;-5,44450200
16,95462608;-5,44450200
16,96486608;-5,44450200
16,97510608;-5,44450200
16,98534608;-5,44450200
16,99558608;-5,44450200
17,00582608;-5,44450200
17,01606608;-5,44450200
17,02630608;-5,44450200
17,03654608;-5,44450200
17,04678608;-5,44450200
17,05702608;-5,44450200
17,06726608;-5,44450200
17,07750608;-5,44450200
17,08774608;-5,44450200
17,09798608;-5,44450200
17,10822608;-5,44450200
17,11846608;-5,44450200
17,12870608;-5,44450200
17,13894608;-5,44450200
17,14918608;-5,44450200
17,15942608;-5,44450200
17,16966608;-5,44450200
17,17990608;-5,44450200
17,19014608;-5,44450200
17,20038608;-5,44450200
17,21062608;-5,44450200
17,22086608;-5,44450200
17,23110608;-5,44450200
17,24134608;-5,44450200
17,25158608;-5,44450200
17,26182608;-5,44450200
17,27206608;-5,44450200
17,28230608;-5,44450200
17,29254608;-5,44450200
17,30278608;-5,44450200
17,31302608;-5,44450200
17,32326608;-5,44450200
17,33350608;-5,44450200
17,34374608;-5,44450200
17,35398608;-5,44450200
17,36422608;-5,44450200
17,37446608;-5,44450200
17,38470608;-5,44450200
17,39494608;-5,44450200
17,40518608;-5,44450200
17,41542608;-5,44450200
17,42566608;-5,44450200
17,43590608;-5,44450200
17,44614608;-5,44450200
17,45638608;-5,44450200
17,46662608;-5,44450200
17,47686608;-5,44450200
17,48710608;-5,44450200
17,49734608;-5,26444300
17,50758608;-5,44450200
17,51782608;-5,44450200
17,52806608;-5,44450200
17,53830608;-5,44450200
17,54854608;-5,44450200
17,55878608;-5,44450200
17,56902608;-5,44450200
17,57926608;-5,44450200
17,58950608;-5,44450200
17,59974608;-5,44450200
17,60998608;-5,44450200
17,62022608;-5,44450200
17,63046608;-5,44450200
17,64070608;-5,44450200
17,65094608;-5,44450200
17,66118608;-5,44450200
17,67142608;-5,44450200
17,68166608;-5,44450200
17,69190608;-5,44450200
17,70214608;-5,44450200
17,71238608;-5,44450200
17,72262608;-5,44450200
17,73286608;-5,44450200
17,74310608;-5,44450200
17,75334608;-5,44450200
17,76358608;-5,44450200
17,77382608;-5,44450200
17,78406608;-5,44450200
17,79430608;-5,44450200
17,80454608;-5,44450200
17,81478608;-5,44450200
17,82502608;-5,44450200
17,83526608;-5,44450200
17,84550608;-5,44450200
17,85574608;-5,44450200
17,86598608;-5,44450200
17,87622608;-5,44450200
17,88646608;-5,44450200
17,89670608;-5,44450200
17,90694608;-5,44450200
17,91718608;-5,44450200
17,92742608;-5,44450200
17,93766608;-5,44450200
17,94790608;-5,44450200
17,95814608;-5,44450200
17,96838608;-5,44450200
17,97862608;-5,44450200
17,98886608;-5,44450200
17,99910608;-5,44450200
18,00934608;-5,44450200
18,01958608;-5,44450200
18,02982608;-5,44450200
18,04006608;-5,44450200
18,05030608;-5,44450200
18,06054608;-5,44450200
18,07078608;-5,44450200
18,08102608;-5,44450200
18,09126608;-5,44450200
18,10150608;-5,44450200
18,11174608;-5,44450200
18,12198608;-5,44450200
18,13222608;-5,44450200
18,14246608;-5,44450200
18,15270608;-5,44450200
18,16294608;-5,44450200
18,17318608;-5,44450200
18,18342608;-5,44450200
18,19366608;-5,44450200
18,20390608;-5,44450200
18,21414608;-5,44450200
18,22438608;-5,44450200
18,23462608;-5,44450200
18,24486608;-5,44450200
18,25510608;-5,44450200
18,26534608;-5,44450200
18,27558608;-5,44450200
18,28582608;-5,26444300
18,29606607;-5,44450200
18,30630607;-5,44450200
18,31654607;-5,44450200
18,32678607;-5,44450200
18,33702607;-5,44450200
18,34726607;-5,44450200
18,35750607;-5,44450200
18,36774607;-5,44450200
18,37798607;-5,44450200
18,38822607;-5,26444300
18,39846607;-5,44450200
18,40870607;-5,44450200
18,41894607;-5,44450200
18,42918607;-5,44450200
18,43942607;-5,44450200
18,44966607;-5,44450200
18,45990607;-5,44450200
18,47014607;-5,44450200
18,48038607;-5,44450200
18,49062607;-5,44450200
18,50086607;-5,44450200
18,51110607;-5,26444300
18,52134607;-5,44450200
18,53158607;-5,26444300
18,54182607;-5,44450200
18,55206607;-5,44450200
18,56230607;-5,44450200
18,57254607;-5,44450200
18,58278607;-5,44450200
18,59302607;-5,44450200
18,60326607;-5,44450200
18,61350607;-5,26444300
18,62374607;-5,44450200
18,63398607;-5,44450200
18,64422607;-5,26444300
18,65446607;-5,26444300
18,66470607;-5,44450200
18,67494607;-5,44450200
18,68518607;-5,26444300
18,69542607;-5,44450200
18,70566607;-5,44450200
18,71590607;-5,44450200
18,72614607;-5,26444300
18,73638607;-5,44450200
18,74662607;-5,26444300
18,75686607;-5,44450200
18,76710607;-5,26444300
18,77734607;-5,44450200
18,78758607;-5,26444300
18,79782607;-5,44450200
18,80806607;-5,44450200
18,81830607;-5,44450200
18,82854607;-5,44450200
18,83878607;-5,44450200
18,84902607;-5,44450200
18,85926607;-5,44450200
18,86950607;-5,26444300
18,87974607;-5,44450200
18,88998607;-5,44450200
18,90022607;-5,44450200
18,91046607;-5,26444300
18,92070607;-5,26444300
18,93094607;-5,44450200
18,94118607;-5,44450200
18,95142607;-5,44450200
18,96166607;-5,26444300
18,97190607;-5,26444300
18,98214607;-5,44450200
18,99238607;-5,26444300
19,00262607;-5,44450200
19,01286607;-5,44450200
19,02310607;-5,26444300
19,03334607;-5,08499400
19,04358607;-5,08499400
19,05382607;-5,08499400
19,06406607;-5,08499400
19,07430607;-4,90554500
19,08454607;-5,08499400
19,09478607;-5,08499400
19,10502607;-4,90554500
19,11526607;-4,90554500
19,12550607;-4,90554500
19,13574607;-4,72609600
19,14598607;-4,54664800
19,15622607;-4,54664800
19,16646607;-4,36658800
19,17670607;-4,36658800
19,18694607;-4,36658800
19,19718607;-4,36658800
19,20742607;-4,36658800
19,21766607;-4,18714000
19,22790607;-4,36658800
19,23814607;-4,00769000
19,24838607;-4,00769000
19,25862607;-4,00769000
19,26886607;-4,00769000
19,27910607;-4,00769000
19,28934607;-4,00769000
19,29958607;-3,82824200
19,30982607;-3,82824200
19,32006607;-3,82824200
19,33030607;-3,64879300
19,34054607;-3,64879300
19,35078607;-3,64879300
19,36102607;-3,46873400
19,37126607;-3,28928500
19,38150607;-3,28928500
19,39174607;-3,46873400
19,40198607;-3,28928500
19,41222607;-3,28928500
19,42246607;-3,28928500
19,43270607;-3,28928500
19,44294607;-3,10983600
19,45318607;-3,10983600
19,46342607;-2,93038700
19,47366607;-2,93038700
19,48390607;-2,93038700
19,49414607;-2,93038700
19,50438607;-2,93038700
19,51462607;-2,93038700
19,52486607;-2,93038700
19,53510607;-2,75093800
19,54534607;-2,57087900
19,55558607;-2,57087900
19,56582607;-2,39143000
19,57606607;-2,39143000
19,58630607;-2,57087900
19,59654607;-2,57087900
19,60678607;-2,21198200
19,61702607;-2,21198200
19,62726607;-2,21198200
19,63750607;-2,21198200
19,64774607;-2,21198200
19,65798607;-2,03253300
19,66822607;-1,85308400
19,67846607;-1,85308400
19,68870607;-1,85308400
19,69894607;-1,85308400
19,70918607;-1,67302500
19,71942607;-1,67302500
19,72966607;-1,67302500
19,73990607;-1,49357600
19,75014607;-1,49357600
19,76038607;-1,49357600
19,77062607;-1,49357600
19,78086607;-1,31412700
19,79110607;-1,31412700
19,80134607;-1,13467800
19,81158607;-1,13467800
19,82182607;-1,13467800
19,83206607;-1,13467800
19,84230607;-1,13467800
19,85254607;-0,77517010
19,86278607;-0,77517010
19,87302607;-0,77517010
19,88326607;-0,77517010
19,89350607;-0,77517010
19,90374607;-0,77517010
19,91398607;-0,77517010
19,92422607;-0,77517010
19,93446607;-0,59572130
19,94470606;-0,41627250
19,95494606;-0,41627250
19,96518606;-0,23682360
19,97542606;-0,23682360
19,98566606;-0,23682360
19,99590606;-0,05737480
20,00614606;-0,05737480
20,01638606;-0,05737480
20,02662606;-0,05737480
20,03686606;-0,05737480
20,04710606;0,12207400
20,05734606;0,12207400
20,06758606;0,30152290
20,07782606;0,30152290
20,08806606;0,30152290
20,09830606;0,30152290
20,10854606;0,48097170
20,11878606;0,48097170
20,12902606;0,48097170
20,13926606;0,66042050
20,14950606;0,66042050
20,15974606;0,66042050
20,16998606;0,66042050
20,18022606;0,84047970
20,19046606;0,84047970
20,20070606;0,84047970
20,21094606;1,01992900
20,22118606;0,84047970
20,23142606;1,01992900
20,24166606;1,19937700
20,25190606;1,37882600
20,26214606;1,37882600
20,27238606;1,37882600
20,28262606;1,37882600
20,29286606;1,37882600
20,30310606;1,37882600
20,31334606;1,37882600
20,32358606;1,37882600
20,33382606;1,73833400
20,34406606;1,73833400
20,35430606;1,73833400
20,36454606;1,73833400
20,37478606;1,91778300
20,38502606;1,73833400
20,39526606;1,91778300
20,40550606;2,09723200
20,41574606;2,09723200
20,42598606;2,09723200
20,43622606;2,09723200
20,44646606;2,27668100
20,45670606;2,27668100
20,46694606;2,27668100
20,47718606;2,45613000
20,48742606;2,45613000
20,49766606;2,45613000
20,50790606;2,45613000
20,51814606;2,45613000
20,52838606;2,63618900
20,53862606;2,63618900
20,54886606;2,81563800
20,55910606;2,81563800
20,56934606;2,81563800
20,57958606;2,81563800
20,58982606;2,81563800
20,60006606;2,81563800
20,61030606;2,81563800
20,62054606;2,81563800
20,63078606;3,17453500
20,64102606;3,17453500
20,65126606;3,17453500
20,66150606;3,17453500
20,67174606;3,17453500
20,68198606;3,35398400
20,69222606;3,35398400
20,70246606;3,35398400
20,71270606;3,35398400
20,72294606;3,53404300
20,73318606;3,53404300
20,74342606;3,53404300
20,75366606;3,53404300
20,76390606;3,53404300
20,77414606;3,71349200
20,78438606;3,71349200
20,79462606;3,89294100
20,80486606;3,89294100
20,81510606;3,89294100
20,82534606;3,89294100
20,83558606;3,89294100
20,84582606;3,89294100
20,85606606;4,07239000
20,86630606;4,07239000
20,87654606;4,25183900
20,88678606;4,25183900
20,89702606;4,25183900
20,90726606;4,25183900
20,91750606;4,25183900
20,92774606;4,43189800
20,93798606;4,61134700
20,94822606;4,61134700
20,95846606;4,61134700
20,96870606;4,79079600
20,97894606;4,61134700
20,98918606;4,79079600
20,99942606;4,61134700
21,00966606;4,79079600
21,01990606;4,97024400
21,03014606;4,97024400
21,04038606;4,97024400
21,05062606;4,97024400
21,06086606;4,97024400
21,07110606;5,14969300
21,08134606;5,14969300
21,09158606;5,32975200
21,10182606;5,32975200
21,11206606;5,32975200
21,12230606;5,32975200
21,13254606;5,32975200
21,14278606;5,50920200
21,15302606;5,50920200
21,16326606;5,50920200
21,17350606;5,50920200
21,18374606;5,50920200
21,19398606;5,68865000
21,20422606;5,68865000
21,21446606;5,68865000
21,22470606;5,68865000
21,23494606;5,68865000
21,24518606;5,68865000
21,25542606;5,86809900
21,26566606;6,04754800
21,27590606;6,04754800
21,28614606;6,04754800
21,29638606;6,04754800
21,30662606;6,04754800
21,31686606;6,04754800
21,32710606;6,22760700
21,33734606;6,22760700
21,34758606;6,40705600
21,35782606;6,40705600
21,36806606;6,40705600
21,37830606;6,40705600
21,38854606;6,40705600
21,39878606;6,40705600
21,40902606;6,40705600
21,41926606;6,76595400
21,42950606;6,76595400
21,43974606;6,76595400
21,44998606;6,76595400
21,46022606;6,94540200
21,47046606;7,12546200
21,48070606;7,12546200
21,49094606;7,12546200
21,50118606;7,12546200
21,51142606;7,12546200
21,52166606;7,30491100
21,53190606;7,48435900
21,54214606;7,48435900
21,55238606;7,48435900
21,56262606;7,48435900
21,57286606;7,48435900
21,58310606;7,66380800
21,59334605;7,66380800
21,60358605;7,84325700
21,61382605;7,84325700
21,62406605;7,84325700
21,63430605;7,84325700
21,64454605;7,84325700
21,65478605;7,84325700
21,66502605;7,84325700
21,67526605;8,02331600
21,68550605;8,20276500
21,69574605;8,20276500
21,70598605;8,20276500
21,71622605;8,20276500
21,72646605;8,20276500
21,73670605;8,20276500
21,74694605;8,20276500
21,75718605;8,20276500
21,76742605;8,38221400
21,77766605;8,38221400
21,78790605;8,38221400
21,79814605;8,38221400
21,80838605;8,38221400
21,81862605;8,56166300
21,82886605;8,56166300
21,83910605;8,56166300
21,84934605;8,56166300
21,85958605;8,56166300
21,86982605;8,74111200
21,88006605;8,74111200
21,89030605;8,56166300
21,90054605;8,92117000
21,91078605;8,92117000
21,92102605;8,92117000
21,93126605;8,92117000
21,94150605;8,92117000
21,95174605;9,10061900
21,96198605;9,28006800
21,97222605;9,10061900
21,98246605;9,28006800
21,99270605;9,28006800
22,00294605;9,28006800
22,01318605;9,28006800
22,02342605;9,28006800
22,03366605;9,45951700
22,04390605;9,45951700
22,05414605;9,63896600
22,06438605;9,63896600
22,07462605;9,63896600
22,08486605;9,63896600
22,09510605;9,63896600
22,10534605;9,81902500
22,11558605;9,63896600
22,12582605;9,81902500
22,13606605;9,81902500
22,14630605;9,99847400
22,15654605;9,99847400
22,16678605;9,99847400
22,17702605;9,99847400
22,18726605;9,99847400
22,19750605;9,99847400
22,20774605;9,99847400
22,21798605;9,99847400
22,22822605;9,99847400
22,23846605;9,99847400
22,24870605;10,35737000
22,25894605;10,17792000
22,26918605;10,35737000
22,27942605;10,35737000
22,28966605;10,17792000
22,29990605;10,35737000
22,31014605;10,35737000
22,32038605;10,35737000
22,33062605;10,35737000
22,34086605;10,35737000
22,35110605;10,35737000
22,36134605;10,35737000
22,37158605;10,35737000
22,38182605;10,35737000
22,39206605;10,53682000
22,40230605;10,35737000
22,41254605;10,53682000
22,42278605;10,53682000
22,43302605;10,53682000
22,44326605;10,53682000
22,45350605;10,53682000
22,46374605;10,71688000
22,47398605;10,71688000
22,48422605;10,71688000
22,49446605;10,71688000
22,50470605;10,71688000
22,51494605;10,71688000
22,52518605;10,71688000
22,53542605;10,71688000
22,54566605;10,71688000
22,55590605;10,71688000
22,56614605;10,89633000
22,57638605;10,89633000
22,58662605;10,89633000
22,59686605;11,07578000
22,60710605;10,89633000
22,61734605;10,89633000
22,62758605;11,07578000
22,63782605;11,07578000
22,64806605;11,07578000
22,65830605;11,07578000
22,66854605;11,07578000
22,67878605;11,07578000
22,68902605;11,25523000
22,69926605;11,07578000
22,70950605;11,07578000
22,71974605;11,25523000
22,72998605;11,25523000
22,74022605;11,43529000
22,75046605;11,43529000
22,76070605;11,43529000
22,77094605;11,43529000
22,78118605;11,43529000
22,79142605;11,43529000
22,80166605;11,43529000
22,81190605;11,43529000
22,82214605;11,43529000
22,83238605;11,43529000
22,84262605;11,43529000
22,85286605;11,43529000
22,86310605;11,61473000
22,87334605;11,61473000
22,88358605;11,79418000
22,89382605;11,61473000
22,90406605;11,79418000
22,91430605;11,79418000
22,92454605;11,79418000
22,93478605;11,79418000
22,94502605;11,79418000
22,95526605;11,79418000
22,96550605;11,79418000
22,97574605;11,79418000
22,98598605;11,79418000
22,99622605;11,79418000
23,00646605;11,79418000
23,01670605;11,79418000
23,02694605;11,79418000
23,03718605;11,79418000
23,04742605;11,79418000
23,05766605;11,79418000
23,06790605;11,97363000
23,07814605;11,97363000
23,08838605;11,79418000
23,09862605;11,97363000
23,10886605;11,97363000
23,11910605;11,79418000
23,12934605;11,97363000
23,13958605;11,97363000
23,14982605;11,97363000
23,16006605;12,15308000
23,17030605;11,97363000
23,18054605;11,97363000
23,19078605;12,15308000
23,20102605;12,15308000
23,21126605;12,15308000
23,22150605;12,15308000
23,23174604;12,15308000
23,24198604;12,15308000
23,25222604;12,15308000
23,26246604;12,15308000
23,27270604;12,15308000
23,28294604;12,15308000
23,29318604;12,15308000
23,30342604;12,15308000
23,31366604;12,15308000
23,32390604;12,15308000
23,33414604;12,15308000
23,34438604;12,15308000
23,35462604;12,15308000
23,36486604;12,15308000
23,37510604;12,15308000
23,38534604;12,15308000
23,39558604;12,15308000
23,40582604;12,15308000
23,41606604;12,15308000
23,42630604;12,15308000
23,43654604;12,15308000
23,44678604;12,15308000
23,45702604;12,15308000
23,46726604;12,15308000
23,47750604;12,15308000
23,48774604;12,15308000
23,49798604;12,15308000
23,50822604;12,15308000
23,51846604;12,15308000
23,52870604;12,15308000
23,53894604;12,15308000
23,54918604;12,15308000
23,55942604;12,15308000
23,56966604;12,15308000
23,57990604;12,15308000
23,59014604;12,15308000
23,60038604;12,15308000
23,61062604;12,15308000
23,62086604;12,15308000
23,63110604;12,15308000
23,64134604;12,15308000
23,65158604;12,15308000
23,66182604;12,15308000
23,67206604;12,15308000
23,68230604;12,33314000
23,69254604;12,15308000
23,70278604;12,15308000
23,71302604;12,15308000
23,72326604;12,15308000
23,73350604;12,15308000
23,74374604;12,15308000
23,75398604;12,15308000
23,76422604;12,15308000
23,77446604;12,15308000
23,78470604;12,15308000
23,79494604;12,15308000
23,80518604;12,15308000
23,81542604;12,15308000
23,82566604;12,15308000
23,83590604;12,15308000
23,84614604;12,15308000
23,85638604;12,15308000
23,86662604;12,15308000
23,87686604;12,15308000
23,88710604;12,15308000
23,89734604;12,15308000
23,90758604;12,15308000
23,91782604;12,15308000
23,92806604;12,15308000
23,93830604;12,15308000
23,94854604;12,33314000
23,95878604;12,15308000
23,96902604;12,15308000
23,97926604;12,33314000
23,98950604;12,15308000
23,99974604;12,15308000
24,00998604;12,15308000
24,02022604;12,15308000
24,03046604;12,15308000
24,04070604;12,15308000
24,05094604;12,33314000
24,06118604;12,15308000
24,07142604;12,15308000
24,08166604;12,15308000
24,09190604;12,15308000
24,10214604;12,15308000
24,11238604;12,15308000
24,12262604;12,15308000
24,13286604;12,33314000
24,14310604;12,33314000
24,15334604;12,15308000
24,16358604;12,33314000
24,17382604;12,33314000
24,18406604;12,15308000
24,19430604;12,15308000
24,20454604;12,15308000
24,21478604;12,15308000
24,22502604;12,15308000
24,23526604;12,33314000
24,24550604;12,33314000
24,25574604;12,33314000
24,26598604;12,15308000
24,27622604;12,15308000
24,28646604;12,15308000
24,29670604;12,15308000
24,30694604;12,33314000
24,31718604;12,15308000
24,32742604;12,33314000
24,33766604;12,33314000
24,34790604;12,33314000
24,35814604;12,33314000
24,36838604;12,15308000
24,37862604;12,15308000
24,38886604;12,33314000
24,39910604;12,33314000
24,40934604;12,33314000
24,41958604;12,15308000
24,42982604;12,15308000
24,44006604;12,33314000
24,45030604;12,33314000
24,46054604;12,15308000
24,47078604;12,15308000
24,48102604;12,15308000
24,49126604;12,15308000
24,50150604;12,15308000
24,51174604;12,15308000
24,52198604;12,15308000
24,53222604;12,15308000
24,54246604;12,15308000
24,55270604;12,15308000
24,56294604;12,15308000
24,57318604;12,15308000
24,58342604;12,15308000
24,59366604;12,15308000
24,60390604;12,15308000
24,61414604;12,15308000
24,62438604;12,15308000
24,63462604;12,15308000
24,64486604;12,15308000
24,65510604;12,15308000
24,66534604;12,15308000
24,67558604;12,15308000
24,68582604;11,79418000
24,69606604;11,97363000
24,70630604;11,97363000
24,71654604;11,97363000
24,72678604;11,97363000
24,73702604;11,97363000
24,74726604;11,97363000
24,75750604;11,97363000
24,76774604;11,97363000
24,77798604;11,79418000
24,78822604;11,79418000
24,79846604;11,79418000
24,80870604;11,79418000
24,81894604;11,79418000
24,82918604;11,79418000
24,83942604;11,79418000
24,84966604;11,79418000
24,85990604;11,79418000
24,87014604;11,79418000
24,88038603;11,43529000
24,89062603;11,43529000
24,90086603;11,61473000
24,91110603;11,61473000
24,92134603;11,61473000
24,93158603;11,61473000
24,94182603;11,79418000
24,95206603;11,79418000
24,96230603;11,79418000
24,97254603;11,43529000
24,98278603;11,43529000
24,99302603;11,43529000
25,00326603;11,43529000
25,01350603;11,43529000
25,02374603;11,43529000
25,03398603;11,43529000
25,04422603;11,43529000
25,05446603;11,61473000
25,06470603;11,61473000
25,07494603;11,43529000
25,08518603;11,43529000
25,09542603;11,43529000
25,10566603;11,43529000
25,11590603;11,43529000
25,12614603;11,43529000
25,13638603;11,43529000
25,14662603;11,43529000
25,15686603;11,43529000
25,16710603;11,43529000
25,17734603;11,43529000
25,18758603;11,43529000
25,19782603;11,43529000
25,20806603;11,43529000
25,21830603;11,43529000
25,22854603;11,43529000
25,23878603;11,43529000
25,24902603;11,43529000
25,25926603;11,43529000
25,26950603;11,43529000
25,27974603;11,25523000
25,28998603;11,25523000
25,30022603;11,25523000
25,31046603;11,25523000
25,32070603;11,25523000
25,33094603;11,25523000
25,34118603;11,25523000
25,35142603;11,43529000
25,36166603;11,25523000
25,37190603;11,25523000
25,38214603;11,07578000
25,39238603;11,07578000
25,40262603;11,07578000
25,41286603;11,07578000
25,42310603;11,07578000
25,43334603;11,07578000
25,44358603;11,07578000
25,45382603;11,07578000
25,46406603;11,07578000
25,47430603;10,89633000
25,48454603;10,71688000
25,49478603;10,71688000
25,50502603;10,89633000
25,51526603;10,71688000
25,52550603;10,71688000
25,53574603;10,89633000
25,54598603;10,71688000
25,55622603;10,71688000
25,56646603;10,71688000
25,57670603;10,71688000
25,58694603;10,53682000
25,59718603;10,53682000
25,60742603;10,53682000
25,61766603;10,53682000
25,62790603;10,35737000
25,63814603;10,35737000
25,64838603;10,35737000
25,65862603;10,35737000
25,66886603;10,35737000
25,67910603;10,17792000
25,68934603;9,99847400
25,69958603;10,17792000
25,70982603;9,99847400
25,72006603;9,99847400
25,73030603;9,99847400
25,74054603;9,99847400
25,75078603;9,99847400
25,76102603;9,99847400
25,77126603;9,99847400
25,78150603;9,99847400
25,79174603;9,81902500
25,80198603;9,81902500
25,81222603;9,81902500
25,82246603;9,63896600
25,83270603;9,63896600
25,84294603;9,63896600
25,85318603;9,63896600
25,86342603;9,63896600
25,87366603;9,63896600
25,88390603;9,45951700
25,89414603;9,45951700
25,90438603;9,45951700
25,91462603;9,45951700
25,92486603;9,28006800
25,93510603;9,28006800
25,94534603;9,45951700
25,95558603;9,45951700
25,96582603;9,45951700
25,97606603;9,28006800
25,98630603;9,28006800
25,99654603;9,28006800
26,00678603;9,28006800
26,01702603;9,28006800
26,02726603;9,28006800
26,03750603;9,28006800
26,04774603;9,28006800
26,05798603;9,28006800
26,06822603;9,28006800
26,07846603;9,10061900
26,08870603;8,92117000
26,09894603;8,92117000
26,10918603;8,92117000
26,11942603;8,92117000
26,12966603;8,92117000
26,13990603;8,92117000
26,15014603;8,92117000
26,16038603;8,92117000
26,17062603;8,92117000
26,18086603;8,74111200
26,19110603;8,56166300
26,20134603;8,56166300
26,21158603;8,56166300
26,22182603;8,56166300
26,23206603;8,56166300
26,24230603;8,56166300
26,25254603;8,56166300
26,26278603;8,56166300
26,27302603;8,38221400
26,28326603;8,20276500
26,29350603;8,02331600
26,30374603;8,02331600
26,31398603;8,20276500
26,32422603;8,20276500
26,33446603;8,02331600
26,34470603;8,02331600
26,35494603;8,20276500
26,36518603;8,02331600
26,37542603;7,84325700
26,38566603;7,84325700
26,39590603;7,66380800
26,40614603;7,48435900
26,41638603;7,66380800
26,42662603;7,48435900
26,43686603;7,48435900
26,44710603;7,66380800
26,45734603;7,66380800
26,46758603;7,48435900
26,47782603;7,48435900
26,48806603;7,30491100
26,49830603;7,12546200
26,50854603;7,12546200
26,51878603;7,12546200
26,52902602;7,12546200
26,53926602;7,12546200
26,54950602;7,12546200
26,55974602;7,12546200
26,56998602;7,12546200
26,58022602;6,94540200
26,59046602;6,76595400
26,60070602;6,58650500
26,61094602;6,58650500
26,62118602;6,58650500
26,63142602;6,58650500
26,64166602;6,58650500
26,65190602;6,58650500
26,66214602;6,58650500
26,67238602;6,40705600
26,68262602;6,40705600
26,69286602;6,22760700
26,70310602;6,04754800
26,71334602;6,04754800
26,72358602;6,04754800
26,73382602;6,22760700
26,74406602;6,04754800
26,75430602;6,22760700
26,76454602;6,04754800
26,77478602;6,04754800
26,78502602;5,86809900
26,79526602;5,68865000
26,80550602;5,50920200
26,81574602;5,50920200
26,82598602;5,50920200
26,83622602;5,68865000
26,84646602;5,68865000
26,85670602;5,68865000
26,86694602;5,50920200
26,87718602;5,32975200
26,88742602;5,14969300
26,89766602;4,97024400
26,90790602;4,97024400
26,91814602;4,97024400
26,92838602;4,97024400
26,93862602;4,97024400
26,94886602;4,97024400
26,95910602;4,97024400
26,96934602;4,97024400
26,97958602;4,79079600
26,98982602;4,61134700
27,00006602;4,25183900
27,01030602;4,25183900
27,02054602;4,25183900
27,03078602;4,43189800
27,04102602;4,43189800
27,05126602;4,61134700
27,06150602;4,25183900
27,07174602;4,25183900
27,08198602;4,07239000
27,09222602;3,89294100
27,10246602;3,89294100
27,11270602;3,71349200
27,12294602;3,71349200
27,13318602;3,89294100
27,14342602;3,89294100
27,15366602;3,89294100
27,16390602;3,89294100
27,17414602;3,71349200
27,18438602;3,53404300
27,19462602;3,35398400
27,20486602;3,17453500
27,21510602;3,17453500
27,22534602;3,17453500
27,23558602;3,17453500
27,24582602;3,35398400
27,25606602;3,35398400
27,26630602;3,17453500
27,27654602;3,17453500
27,28678602;2,99508600
27,29702602;2,63618900
27,30726602;2,63618900
27,31750602;2,63618900
27,32774602;2,81563800
27,33798602;2,81563800
27,34822602;2,81563800
27,35846602;2,81563800
27,36870602;2,63618900
27,37894602;2,45613000
27,38918602;2,27668100
27,39942602;2,09723200
27,40966602;2,09723200
27,41990602;2,09723200
27,43014602;2,09723200
27,44038602;2,09723200
27,45062602;2,09723200
27,46086602;2,09723200
27,47110602;1,91778300
27,48134602;1,73833400
27,49158602;1,37882600
27,50182602;1,37882600
27,51206602;1,37882600
27,52230602;1,37882600
27,53254602;1,37882600
27,54278602;1,37882600
27,55302602;1,37882600
27,56326602;1,37882600
27,57350602;1,19937700
27,58374602;1,01992900
27,59398602;0,84047970
27,60422602;0,66042050
27,61446602;0,66042050
27,62470602;0,66042050
27,63494602;0,84047970
27,64518602;0,84047970
27,65542602;0,66042050
27,66566602;0,66042050
27,67590602;0,66042050
27,68614602;0,48097170
27,69638602;0,30152290
27,70662602;0,30152290
27,71686602;0,30152290
27,72710602;0,30152290
27,73734602;0,48097170
27,74758602;0,30152290
27,75782602;0,30152290
27,76806602;0,30152290
27,77830602;0,12207400
27,78854602;-0,05737480
27,79878602;-0,41627250
27,80902602;-0,41627250
27,81926602;-0,23682360
27,82950602;-0,23682360
27,83974602;-0,05737480
27,84998602;-0,05737480
27,86022602;-0,23682360
27,87046602;-0,41627250
27,88070602;-0,41627250
27,89094602;-0,77517010
27,90118602;-0,77517010
27,91142602;-0,95522930
27,92166602;-0,77517010
27,93190602;-0,77517010
27,94214602;-0,77517010
27,95238602;-0,77517010
27,96262602;-0,95522930
27,97286602;-1,13467800
27,98310602;-1,31412700
27,99334602;-1,49357600
28,00358602;-1,49357600
28,01382602;-1,49357600
28,02406602;-1,49357600
28,03430602;-1,49357600
28,04454602;-1,49357600
28,05478602;-1,67302500
28,06502602;-1,67302500
28,07526602;-1,85308400
28,08550602;-2,03253300
28,09574602;-2,21198200
28,10598602;-2,21198200
28,11622602;-2,21198200
28,12646602;-2,21198200
28,13670602;-2,21198200
28,14694602;-2,21198200
28,15718602;-2,21198200
28,16742601;-2,39143000
28,17766601;-2,57087900
28,18790601;-2,57087900
28,19814601;-2,93038700
28,20838601;-2,93038700
28,21862601;-2,93038700
28,22886601;-2,93038700
28,23910601;-2,75093800
28,24934601;-2,75093800
28,25958601;-2,93038700
28,26982601;-2,93038700
28,28006601;-3,10983600
28,29030601;-3,28928500
28,30054601;-3,28928500
28,31078601;-3,28928500
28,32102601;-3,28928500
28,33126601;-3,28928500
28,34150601;-3,28928500
28,35174601;-3,28928500
28,36198601;-3,28928500
28,37222601;-3,46873400
28,38246601;-3,64879300
28,39270601;-3,64879300
28,40294601;-3,82824200
28,41318601;-3,64879300
28,42342601;-3,64879300
28,43366601;-3,64879300
28,44390601;-3,64879300
28,45414601;-3,64879300
28,46438601;-3,82824200
28,47462601;-3,82824200
28,48486601;-4,00769000
28,49510601;-4,18714000
28,50534601;-4,36658800
28,51558601;-4,36658800
28,52582601;-4,18714000
28,53606601;-4,18714000
28,54630601;-4,18714000
28,55654601;-4,36658800
28,56678601;-4,36658800
28,57702601;-4,36658800
28,58726601;-4,72609600
28,59750601;-4,72609600
28,60774601;-4,72609600
28,61798601;-4,72609600
28,62822601;-4,72609600
28,63846601;-4,72609600
28,64870601;-4,72609600
28,65894601;-4,90554500
28,66918601;-4,90554500
28,67942601;-5,08499400
28,68966601;-5,08499400
28,69990601;-5,26444300
28,71014601;-5,44450200
28,72038601;-5,08499400
28,73062601;-5,26444300
28,74086601;-5,26444300
28,75110601;-5,26444300
28,76134601;-5,44450200
28,77158601;-5,44450200
28,78182601;-5,44450200
28,79206601;-5,80340000
28,80230601;-5,80340000
28,81254601;-5,80340000
28,82278601;-5,80340000
28,83302601;-5,80340000
28,84326601;-5,80340000
28,85350601;-5,80340000
28,86374601;-5,80340000
28,87398601;-5,98284900
28,88422601;-5,98284900
28,89446601;-5,80340000
28,90470601;-5,80340000
28,91494601;-5,98284900
28,92518601;-5,80340000
28,93542601;-5,80340000
28,94566601;-5,80340000
28,95590601;-5,98284900
28,96614601;-5,80340000
28,97638601;-5,98284900
28,98662601;-5,98284900
28,99686601;-5,80340000
29,00710601;-5,98284900
29,01734601;-5,80340000
29,02758601;-5,80340000
29,03782601;-5,80340000
29,04806601;-5,80340000
29,05830601;-5,80340000
29,06854601;-5,80340000
29,07878601;-5,98284900
29,08902601;-5,80340000
29,09926601;-5,80340000
29,10950601;-5,80340000
29,11974601;-5,80340000
29,12998601;-5,80340000
29,14022601;-5,80340000
29,15046601;-5,80340000
29,16070601;-5,80340000
29,17094601;-5,80340000
29,18118601;-5,80340000
29,19142601;-5,80340000
29,20166601;-5,80340000
29,21190601;-5,98284900
29,22214601;-5,80340000
29,23238601;-5,80340000
29,24262601;-5,80340000
29,25286601;-5,80340000
29,26310601;-5,80340000
29,27334601;-5,80340000
29,28358601;-5,80340000
29,29382601;-5,80340000
29,30406601;-5,80340000
29,31430601;-5,80340000
29,32454601;-5,80340000
29,33478601;-5,80340000
29,34502601;-5,80340000
29,35526601;-5,80340000
29,36550601;-5,80340000
29,37574601;-5,80340000
29,38598601;-5,80340000
29,39622601;-5,98284900
29,40646601;-5,80340000
29,41670601;-5,80340000
29,42694601;-5,80340000
29,43718601;-5,80340000
29,44742601;-5,80340000
29,45766601;-5,80340000
29,46790601;-5,80340000
29,47814601;-5,80340000
29,48838601;-5,80340000
29,49862601;-5,80340000
29,50886601;-5,80340000
29,51910601;-5,80340000
29,52934601;-5,80340000
29,53958601;-5,80340000
29,54982601;-5,80340000
29,56006601;-5,80340000
29,57030601;-5,80340000
29,58054601;-5,80340000
29,59078601;-5,80340000
29,60102601;-5,80340000
29,61126601;-5,80340000
29,62150601;-5,80340000
29,63174601;-5,80340000
29,64198601;-5,80340000
29,65222601;-5,80340000
29,66246601;-5,80340000
29,67270601;-5,80340000
29,68294601;-5,80340000
29,69318601;-5,80340000
29,70342601;-5,80340000
29,71366601;-5,80340000
29,72390601;-5,80340000
29,73414601;-5,80340000
29,74438601;-5,80340000
29,75462601;-5,80340000
29,76486601;-5,80340000
29,77510601;-5,80340000
29,78534601;-5,80340000
29,79558601;-5,80340000
29,80582601;-5,80340000
29,81606600;-5,80340000
29,82630600;-5,80340000
29,83654600;-5,80340000
29,84678600;-5,80340000
29,85702600;-5,80340000
29,86726600;-5,80340000
29,87750600;-5,80340000
29,88774600;-5,80340000
29,89798600;-5,80340000
29,90822600;-5,80340000
29,91846600;-5,80340000
29,92870600;-5,80340000
29,93894600;-5,80340000
29,94918600;-5,80340000
29,95942600;-5,80340000
29,96966600;-5,80340000
29,97990600;-5,80340000
29,99014600;-5,80340000
30,00038600;-5,80340000
30,01062600;-5,80340000
30,02086600;-5,80340000
30,03110600;-5,80340000
30,04134600;-5,80340000
30,05158600;-5,80340000
30,06182600;-5,80340000
30,07206600;-5,80340000
30,08230600;-5,80340000
30,09254600;-5,80340000
30,10278600;-5,80340000
30,11302600;-5,80340000
30,12326600;-5,80340000
30,13350600;-5,80340000
30,14374600;-5,80340000
30,15398600;-5,80340000
30,16422600;-5,80340000
30,17446600;-5,80340000
30,18470600;-5,80340000
30,19494600;-5,80340000
30,20518600;-5,80340000
30,21542600;-5,80340000
30,22566600;-5,80340000
30,23590600;-5,80340000
30,24614600;-5,80340000
30,25638600;-5,80340000
30,26662600;-5,80340000
30,27686600;-5,80340000
30,28710600;-5,80340000
30,29734600;-5,80340000
30,30758600;-5,80340000
30,31782600;-5,80340000
30,32806600;-5,80340000
30,33830600;-5,80340000
30,34854600;-5,80340000
30,35878600;-5,80340000
30,36902600;-5,80340000
30,37926600;-5,80340000
30,38950600;-5,80340000
30,39974600;-5,80340000
30,40998600;-5,80340000
30,42022600;-5,80340000
30,43046600;-5,80340000
30,44070600;-5,80340000
30,45094600;-5,80340000
30,46118600;-5,80340000
30,47142600;-5,80340000
30,48166600;-5,80340000
30,49190600;-5,80340000
30,50214600;-5,80340000
30,51238600;-5,80340000
30,52262600;-5,80340000
30,53286600;-5,80340000
30,54310600;-5,80340000
30,55334600;-5,80340000
30,56358600;-5,80340000
30,57382600;-5,80340000
30,58406600;-5,80340000
30,59430600;-5,80340000
30,60454600;-5,80340000
30,61478600;-5,80340000
30,62502600;-5,80340000
30,63526600;-5,80340000
30,64550600;-5,80340000
30,65574600;-5,80340000
30,66598600;-5,80340000
30,67622600;-5,80340000
30,68646600;-5,80340000
30,69670600;-5,80340000
30,70694600;-5,80340000
30,71718600;-5,80340000
30,72742600;-5,80340000
30,73766600;-5,80340000
30,74790600;-5,80340000
30,75814600;-5,80340000
30,76838600;-5,80340000
30,77862600;-5,80340000
30,78886600;-5,80340000
30,79910600;-5,80340000
30,80934600;-5,80340000
30,81958600;-5,80340000
30,82982600;-5,80340000
30,84006600;-5,80340000
30,85030600;-5,80340000
30,86054600;-5,80340000
30,87078600;-5,80340000
30,88102600;-5,80340000
30,89126600;-5,80340000
30,90150600;-5,80340000
30,91174600;-5,80340000
30,92198600;-5,80340000
30,93222600;-5,80340000
30,94246600;-5,80340000
30,95270600;-5,80340000
30,96294600;-5,80340000
30,97318600;-5,80340000
30,98342600;-5,80340000
30,99366600;-5,80340000
31,00390600;-5,80340000
31,01414600;-5,80340000
31,02438600;-5,80340000
31,03462600;-5,80340000
31,04486600;-5,80340000
31,05510600;-5,80340000
31,06534600;-5,80340000
31,07558600;-5,80340000
31,08582600;-5,80340000
31,09606600;-5,80340000
31,10630600;-5,80340000
31,11654600;-5,80340000
31,12678600;-5,80340000
31,13702600;-5,80340000
31,14726600;-5,80340000
31,15750600;-5,80340000
31,16774600;-5,80340000
31,17798600;-5,80340000
31,18822600;-5,80340000
31,19846600;-5,80340000
31,20870600;-5,80340000
31,21894600;-5,80340000
31,22918600;-5,80340000
31,23942600;-5,80340000
31,24966600;-5,80340000
31,25990600;-5,80340000
31,27014600;-5,80340000
31,28038600;-5,80340000
31,29062600;-5,80340000
31,30086600;-5,80340000
31,31110600;-5,80340000
31,32134600;-5,80340000
31,33158600;-5,80340000
31,34182600;-5,80340000
31,35206600;-5,80340000
31,36230600;-5,80340000
31,37254600;-5,80340000
31,38278600;-5,80340000
31,39302600;-5,80340000
31,40326600;-5,80340000
31,41350600;-5,80340000
31,42374600;-5,80340000
31,43398600;-5,80340000
31,44422600;-5,80340000
31,45446600;-5,80340000
31,46470599;-5,80340000
31,47494599;-5,80340000
31,48518599;-5,80340000
31,49542599;-5,80340000
31,50566599;-5,80340000
31,51590599;-5,80340000
31,52614599;-5,80340000
31,53638599;-5,80340000
31,54662599;-5,80340000
31,55686599;-5,80340000
31,56710599;-5,80340000
31,57734599;-5,80340000
31,58758599;-5,80340000
31,59782599;-5,80340000
31,60806599;-5,80340000
31,61830599;-5,80340000
31,62854599;-5,80340000
31,63878599;-5,80340000
31,64902599;-5,80340000
31,65926599;-5,80340000
31,66950599;-5,80340000
31,67974599;-5,80340000
31,68998599;-5,80340000
31,70022599;-5,80340000
31,71046599;-5,80340000
31,72070599;-5,80340000
31,73094599;-5,80340000
31,74118599;-5,80340000
31,75142599;-5,80340000
31,76166599;-5,80340000
31,77190599;-5,80340000
31,78214599;-5,80340000
31,79238599;-5,80340000
31,80262599;-5,80340000
31,81286599;-5,80340000
31,82310599;-5,80340000
31,83334599;-5,80340000
31,84358599;-5,80340000
31,85382599;-5,80340000
31,86406599;-5,80340000
31,87430599;-5,80340000
31,88454599;-5,80340000
31,89478599;-5,80340000
31,90502599;-5,80340000
31,91526599;-5,80340000
31,92550599;-5,80340000
31,93574599;-5,80340000
31,94598599;-5,80340000
31,95622599;-5,80340000
31,96646599;-5,80340000
31,97670599;-5,80340000
31,98694599;-5,80340000
31,99718599;-5,80340000
32,00742599;-5,80340000
32,01766599;-5,80340000
32,02790599;-5,80340000
32,03814599;-5,80340000
32,04838599;-5,80340000
32,05862599;-5,80340000
32,06886599;-5,80340000
32,07910599;-5,80340000
32,08934599;-5,80340000
32,09958599;-5,80340000
32,10982599;-5,80340000
32,12006599;-5,80340000
32,13030599;-5,80340000
32,14054599;-5,80340000
32,15078599;-5,80340000
32,16102599;-5,80340000
32,17126599;-5,80340000
32,18150599;-5,80340000
32,19174599;-5,80340000
32,20198599;-5,80340000
32,21222599;-5,80340000
32,22246599;-5,80340000
32,23270599;-5,80340000
32,24294599;-5,80340000
32,25318599;-5,80340000
32,26342599;-5,80340000
32,27366599;-5,80340000
32,28390599;-5,80340000
32,29414599;-5,80340000
32,30438599;-5,80340000
32,31462599;-5,80340000
32,32486599;-5,80340000
32,33510599;-5,80340000
32,34534599;-5,80340000
32,35558599;-5,80340000
32,36582599;-5,80340000
32,37606599;-5,80340000
32,38630599;-5,80340000
32,39654599;-5,80340000
32,40678599;-5,80340000
32,41702599;-5,80340000
32,42726599;-5,80340000
32,43750599;-5,80340000
32,44774599;-5,80340000
32,45798599;-5,80340000
32,46822599;-5,80340000
32,47846599;-5,80340000
32,48870599;-5,80340000
32,49894599;-5,80340000
32,50918599;-5,80340000
32,51942599;-5,80340000
32,52966599;-5,80340000
32,53990599;-5,80340000
32,55014599;-5,80340000
32,56038599;-5,80340000
32,57062599;-5,80340000
32,58086599;-5,80340000
32,59110599;-5,80340000
32,60134599;-5,80340000
32,61158599;-5,80340000
32,62182599;-5,80340000
32,63206599;-5,80340000
32,64230599;-5,80340000
32,65254599;-5,80340000
32,66278599;-5,80340000
32,67302599;-5,62395100
32,68326599;-5,80340000
32,69350599;-5,62395100
32,70374599;-5,80340000
32,71398599;-5,80340000
32,72422599;-5,80340000
32,73446599;-5,80340000
32,74470599;-5,80340000
32,75494599;-5,62395100
32,76518599;-5,80340000
32,77542599;-5,62395100
32,78566599;-5,80340000
32,79590599;-5,80340000
32,80614599;-5,80340000
32,81638599;-5,62395100
32,82662599;-5,80340000
32,83686599;-5,80340000
32,84710599;-5,80340000
32,85734599;-5,80340000
32,86758599;-5,62395100
32,87782599;-5,80340000
32,88806599;-5,62395100
32,89830599;-5,80340000
32,90854599;-5,62395100
32,91878599;-5,62395100
32,92902599;-5,80340000
32,93926599;-5,80340000
32,94950599;-5,80340000
32,95974599;-5,80340000
32,96998599;-5,80340000
32,98022599;-5,62395100
32,99046599;-5,80340000
33,00070599;-5,80340000
33,01094599;-5,80340000
33,02118599;-5,62395100
33,03142599;-5,62395100
33,04166599;-5,80340000
33,05190599;-5,80340000
33,06214599;-5,80340000
33,07238599;-5,80340000
33,08262599;-5,80340000
33,09286599;-5,62395100
33,10310598;-5,80340000
33,11334598;-5,80340000
33,12358598;-5,62395100
33,13382598;-5,62395100
33,14406598;-5,80340000
33,15430598;-5,80340000
33,16454598;-5,80340000
33,17478598;-5,80340000
33,18502598;-5,80340000
33,19526598;-5,62395100
33,20550598;-5,80340000
33,21574598;-5,62395100
33,22598598;-5,80340000
33,23622598;-5,80340000
33,24646598;-5,62395100
33,25670598;-5,62395100
33,26694598;-5,62395100
33,27718598;-5,80340000
33,28742598;-5,80340000
33,29766598;-5,80340000
33,30790598;-5,62395100
33,31814598;-5,80340000
33,32838598;-5,80340000
33,33862598;-5,80340000
33,34886598;-5,80340000
33,35910598;-5,80340000
33,36934598;-5,62395100
33,37958598;-5,80340000
33,38982598;-5,62395100
33,40006598;-5,62395100
33,41030598;-5,80340000
33,42054598;-5,62395100
33,43078598;-5,62395100
33,44102598;-5,62395100
33,45126598;-5,62395100
33,46150598;-5,62395100
33,47174598;-5,62395100
33,48198598;-5,62395100
33,49222598;-5,62395100
33,50246598;-5,62395100
33,51270598;-5,62395100
33,52294598;-5,62395100
33,53318598;-5,80340000
33,54342598;-5,80340000
33,55366598;-5,62395100
33,56390598;-5,62395100
33,57414598;-5,62395100
33,58438598;-5,62395100
33,59462598;-5,62395100
33,60486598;-5,62395100
33,61510598;-5,80340000
33,62534598;-5,62395100
33,63558598;-5,62395100
33,64582598;-5,62395100
33,65606598;-5,62395100
33,66630598;-5,62395100
33,67654598;-5,62395100
33,68678598;-5,62395100
33,69702598;-5,62395100
33,70726598;-5,62395100
33,71750598;-5,62395100
33,72774598;-5,62395100
33,73798598;-5,62395100
33,74822598;-5,62395100
33,75846598;-5,62395100
33,76870598;-5,44450200
33,77894598;-5,62395100
33,78918598;-5,62395100
33,79942598;-5,62395100
33,80966598;-5,62395100
33,81990598;-5,62395100
33,83014598;-5,62395100
33,84038598;-5,62395100
33,85062598;-5,62395100
33,86086598;-5,62395100
33,87110598;-5,44450200
33,88134598;-5,62395100
33,89158598;-5,44450200
33,90182598;-5,44450200
33,91206598;-5,62395100
33,92230598;-5,62395100
33,93254598;-5,44450200
33,94278598;-5,62395100
33,95302598;-5,62395100
33,96326598;-5,62395100
33,97350598;-5,62395100
33,98374598;-5,62395100
33,99398598;-5,80340000
34,00422598;-5,62395100
34,01446598;-5,62395100
34,02470598;-5,62395100
34,03494598;-5,62395100
34,04518598;-5,44450200
34,05542598;-5,80340000
34,06566598;-5,44450200
34,07590598;-5,62395100
34,08614598;-5,62395100
34,09638598;-5,62395100
34,10662598;-5,62395100
34,11686598;-5,62395100
34,12710598;-5,62395100
34,13734598;-5,44450200
34,14758598;-5,44450200
34,15782598;-5,62395100
34,16806598;-5,62395100
34,17830598;-5,44450200
34,18854598;-5,62395100
34,19878598;-5,62395100
34,20902598;-5,62395100
34,21926598;-5,62395100
34,22950598;-5,62395100
34,23974598;-5,62395100
34,24998598;-5,44450200
34,26022598;-5,44450200
34,27046598;-5,80340000
34,28070598;-5,62395100
34,29094598;-5,44450200
34,30118598;-5,44450200
34,31142598;-5,44450200
34,32166598;-5,62395100
34,33190598;-5,44450200
34,34214598;-5,44450200
34,35238598;-5,62395100
34,36262598;-5,62395100
34,37286598;-5,44450200
34,38310598;-5,44450200
34,39334598;-5,44450200
34,40358598;-5,62395100
34,41382598;-5,44450200
34,42406598;-5,44450200
34,43430598;-5,44450200
34,44454598;-5,44450200
34,45478598;-5,62395100
34,46502598;-5,44450200
34,47526598;-5,62395100
34,48550598;-5,44450200
34,49574598;-5,44450200
34,50598598;-5,44450200
34,51622598;-5,62395100
34,52646598;-5,44450200
34,53670598;-5,44450200
34,54694598;-5,62395100
34,55718598;-5,62395100
34,56742598;-5,44450200
34,57766598;-5,44450200
34,58790598;-5,62395100
34,59814598;-5,62395100
34,60838598;-5,44450200
34,61862598;-5,62395100
34,62886598;-5,62395100
34,63910598;-5,44450200
34,64934598;-5,44450200
34,65958598;-5,62395100
34,66982598;-5,44450200
34,68006598;-5,44450200
34,69030598;-5,44450200
34,70054598;-5,44450200
34,71078598;-5,44450200
34,72102598;-5,44450200
34,73126598;-5,44450200
34,74150598;-5,44450200
34,75174597;-5,44450200
34,76198597;-5,62395100
34,77222597;-5,62395100
34,78246597;-5,62395100
34,79270597;-5,62395100
34,80294597;-5,62395100
34,81318597;-5,44450200
34,82342597;-5,44450200
34,83366597;-5,44450200
34,84390597;-5,44450200
34,85414597;-5,62395100
34,86438597;-5,44450200
34,87462597;-5,44450200
34,88486597;-5,44450200
34,89510597;-5,44450200
34,90534597;-5,62395100
34,91558597;-5,62395100
34,92582597;-5,44450200
34,93606597;-5,44450200
34,94630597;-5,62395100
34,95654597;-5,44450200
34,96678597;-5,44450200
34,97702597;-5,44450200
34,98726597;-5,44450200
34,99750597;-5,44450200
35,00774597;-5,44450200
35,01798597;-5,44450200
35,02822597;-5,44450200
35,03846597;-5,44450200
35,04870597;-5,44450200
35,05894597;-5,44450200
35,06918597;-5,44450200
35,07942597;-5,44450200
35,08966597;-5,44450200
35,09990597;-5,44450200
35,11014597;-5,44450200
35,12038597;-5,44450200
35,13062597;-5,44450200
35,14086597;-5,44450200
35,15110597;-5,44450200
35,16134597;-5,44450200
35,17158597;-5,44450200
35,18182597;-5,44450200
35,19206597;-5,44450200
35,20230597;-5,44450200
35,21254597;-5,44450200
35,22278597;-5,44450200
35,23302597;-5,44450200
35,24326597;-5,62395100
35,25350597;-5,44450200
35,26374597;-5,44450200
35,27398597;-5,44450200
35,28422597;-5,44450200
35,29446597;-5,44450200
35,30470597;-5,44450200
35,31494597;-5,44450200
35,32518597;-5,44450200
35,33542597;-5,44450200
35,34566597;-5,44450200
35,35590597;-5,44450200
35,36614597;-5,44450200
35,37638597;-5,44450200
35,38662597;-5,44450200
35,39686597;-5,44450200
35,40710597;-5,44450200
35,41734597;-5,44450200
35,42758597;-5,44450200
35,43782597;-5,44450200
35,44806597;-5,44450200
35,45830597;-5,44450200
35,46854597;-5,44450200
35,47878597;-5,44450200
35,48902597;-5,44450200
35,49926597;-5,44450200
35,50950597;-5,44450200
35,51974597;-5,44450200
35,52998597;-5,44450200
35,54022597;-5,44450200
35,55046597;-5,44450200
35,56070597;-5,44450200
35,57094597;-5,44450200
35,58118597;-5,44450200
35,59142597;-5,44450200
35,60166597;-5,44450200
35,61190597;-5,44450200
35,62214597;-5,44450200
35,63238597;-5,44450200
35,64262597;-5,44450200
35,65286597;-5,44450200
35,66310597;-5,44450200
35,67334597;-5,44450200
35,68358597;-5,44450200
35,69382597;-5,44450200
35,70406597;-5,44450200
35,71430597;-5,44450200
35,72454597;-5,44450200
35,73478597;-5,44450200
35,74502597;-5,44450200
35,75526597;-5,44450200
35,76550597;-5,44450200
35,77574597;-5,62395100
35,78598597;-5,44450200
35,79622597;-5,44450200
35,80646597;-5,44450200
35,81670597;-5,44450200
35,82694597;-5,44450200
35,83718597;-5,44450200
35,84742597;-5,44450200
35,85766597;-5,44450200
35,86790597;-5,44450200
35,87814597;-5,44450200
35,88838597;-5,44450200
35,89862597;-5,44450200
35,90886597;-5,44450200
35,91910597;-5,44450200
35,92934597;-5,44450200
35,93958597;-5,44450200
35,94982597;-5,44450200
35,96006597;-5,44450200
35,97030597;-5,44450200
35,98054597;-5,44450200
35,99078597;-5,44450200
36,00102597;-5,44450200
36,01126597;-5,44450200
36,02150597;-5,44450200
36,03174597;-5,44450200
36,04198597;-5,44450200
36,05222597;-5,44450200
36,06246597;-5,44450200
36,07270597;-5,44450200
36,08294597;-5,44450200
36,09318597;-5,44450200
36,10342597;-5,44450200
36,11366597;-5,44450200
36,12390597;-5,44450200
36,13414597;-5,44450200
36,14438597;-5,44450200
36,15462597;-5,44450200
36,16486597;-5,44450200
36,17510597;-5,44450200
36,18534597;-5,44450200
36,19558597;-5,44450200
36,20582597;-5,44450200
36,21606597;-5,44450200
36,22630597;-5,44450200
36,23654597;-5,44450200
36,24678597;-5,44450200
36,25702597;-5,44450200
36,26726597;-5,44450200
36,27750597;-5,44450200
36,28774597;-5,44450200
36,29798597;-5,44450200
36,30822597;-5,44450200
36,31846597;-5,44450200
36,32870597;-5,44450200
36,33894597;-5,44450200
36,34918597;-5,44450200
36,35942597;-5,44450200
36,36966597;-5,44450200
36,37990597;-5,44450200
36,39014597;-5,44450200
36,40038596;-5,44450200
36,41062596;-5,44450200
36,42086596;-5,44450200
36,43110596;-5,44450200
36,44134596;-5,44450200
36,45158596;-5,44450200
36,46182596;-5,44450200
36,47206596;-5,44450200
36,48230596;-5,44450200
36,49254596;-5,44450200
36,50278596;-5,44450200
36,51302596;-5,44450200
36,52326596;-5,44450200
36,53350596;-5,44450200
36,54374596;-5,44450200
36,55398596;-5,44450200
36,56422596;-5,44450200
36,57446596;-5,44450200
36,58470596;-5,44450200
36,59494596;-5,44450200
36,60518596;-5,44450200
36,61542596;-5,44450200
36,62566596;-5,44450200
36,63590596;-5,44450200
36,64614596;-5,44450200
36,65638596;-5,44450200
36,66662596;-5,44450200
36,67686596;-5,44450200
36,68710596;-5,44450200
36,69734596;-5,44450200
36,70758596;-5,44450200
36,71782596;-5,44450200
36,72806596;-5,44450200
36,73830596;-5,44450200
36,74854596;-5,44450200
36,75878596;-5,44450200
36,76902596;-5,44450200
36,77926596;-5,44450200
36,78950596;-5,44450200
36,79974596;-5,44450200
36,80998596;-5,44450200
36,82022596;-5,44450200
36,83046596;-5,44450200
36,84070596;-5,44450200
36,85094596;-5,44450200
36,86118596;-5,44450200
36,87142596;-5,44450200
36,88166596;-5,44450200
36,89190596;-5,44450200
36,90214596;-5,44450200
36,91238596;-5,44450200
36,92262596;-5,44450200
36,93286596;-5,44450200
36,94310596;-5,44450200
36,95334596;-5,44450200
36,96358596;-5,44450200
36,97382596;-5,44450200
36,98406596;-5,44450200
36,99430596;-5,44450200
37,00454596;-5,44450200
37,01478596;-5,44450200
37,02502596;-5,44450200
37,03526596;-5,44450200
37,04550596;-5,44450200
37,05574596;-5,44450200
37,06598596;-5,44450200
37,07622596;-5,44450200
37,08646596;-5,44450200
37,09670596;-5,44450200
37,10694596;-5,44450200
37,11718596;-5,44450200
37,12742596;-5,44450200
37,13766596;-5,44450200
37,14790596;-5,44450200
37,15814596;-5,44450200
37,16838596;-5,44450200
37,17862596;-5,44450200
37,18886596;-5,44450200
37,19910596;-5,44450200
37,20934596;-5,44450200
37,21958596;-5,44450200
37,22982596;-5,44450200
37,24006596;-5,44450200
37,25030596;-5,44450200
37,26054596;-5,44450200
37,27078596;-5,44450200
37,28102596;-5,44450200
37,29126596;-5,44450200
37,30150596;-5,44450200
37,31174596;-5,44450200
37,32198596;-5,44450200
37,33222596;-5,44450200
37,34246596;-5,44450200
37,35270596;-5,44450200
37,36294596;-5,44450200
37,37318596;-5,44450200
37,38342596;-5,44450200
37,39366596;-5,44450200
37,40390596;-5,44450200
37,41414596;-5,44450200
37,42438596;-5,44450200
37,43462596;-5,44450200
37,44486596;-5,44450200
37,45510596;-5,44450200
37,46534596;-5,44450200
37,47558596;-5,44450200
37,48582596;-5,44450200
37,49606596;-5,44450200
37,50630596;-5,44450200
37,51654596;-5,44450200
37,52678596;-5,44450200
37,53702596;-5,44450200
37,54726596;-5,44450200
37,55750596;-5,44450200
37,56774596;-5,44450200
37,57798596;-5,44450200
37,58822596;-5,44450200
37,59846596;-5,44450200
37,60870596;-5,44450200
37,61894596;-5,44450200
37,62918596;-5,44450200
37,63942596;-5,44450200
37,64966596;-5,44450200
37,65990596;-5,44450200
37,67014596;-5,44450200
37,68038596;-5,44450200
37,69062596;-5,44450200
37,70086596;-5,44450200
37,71110596;-5,44450200
37,72134596;-5,44450200
37,73158596;-5,44450200
37,74182596;-5,44450200
37,75206596;-5,44450200
37,76230596;-5,44450200
37,77254596;-5,44450200
37,78278596;-5,44450200
37,79302596;-5,44450200
37,80326596;-5,44450200
37,81350596;-5,44450200
37,82374596;-5,44450200
37,83398596;-5,44450200
37,84422596;-5,44450200
37,85446596;-5,44450200
37,86470596;-5,44450200
37,87494596;-5,44450200
37,88518596;-5,44450200
37,89542596;-5,44450200
37,90566596;-5,44450200
37,91590596;-5,44450200
37,92614596;-5,44450200
37,93638596;-5,44450200
37,94662596;-5,44450200
37,95686596;-5,44450200
37,96710596;-5,44450200
37,97734596;-5,44450200
37,98758596;-5,44450200
37,99782596;-5,44450200
38,00806596;-5,44450200
38,01830596;-5,44450200
38,02854596;-5,44450200
38,03878595;-5,44450200
38,04902595;-5,44450200
38,05926595;-5,44450200
38,06950595;-5,44450200
38,07974595;-5,44450200
38,08998595;-5,44450200
38,10022595;-5,44450200
38,11046595;-5,44450200
38,12070595;-5,44450200
38,13094595;-5,44450200
38,14118595;-5,44450200
38,15142595;-5,44450200
38,16166595;-5,44450200
38,17190595;-5,44450200
38,18214595;-5,44450200
38,19238595;-5,44450200
38,20262595;-5,44450200
38,21286595;-5,44450200
38,22310595;-5,44450200
38,23334595;-5,44450200
38,24358595;-5,44450200
38,25382595;-5,44450200
38,26406595;-5,44450200
38,27430595;-5,44450200
38,28454595;-5,44450200
38,29478595;-5,44450200
38,30502595;-5,44450200
38,31526595;-5,44450200
38,32550595;-5,26444300
38,33574595;-5,44450200
38,34598595;-5,44450200
38,35622595;-5,44450200
38,36646595;-5,44450200
38,37670595;-5,44450200
38,38694595;-5,44450200
38,39718595;-5,44450200
38,40742595;-5,44450200
38,41766595;-5,44450200
38,42790595;-5,44450200
38,43814595;-5,44450200
38,44838595;-5,26444300
38,45862595;-5,44450200
38,46886595;-5,44450200
38,47910595;-5,44450200
38,48934595;-5,44450200
38,49958595;-5,44450200
38,50982595;-5,44450200
38,52006595;-5,44450200
38,53030595;-5,44450200
38,54054595;-5,44450200
38,55078595;-5,44450200
38,56102595;-5,44450200
38,57126595;-5,44450200
38,58150595;-5,44450200
38,59174595;-5,44450200
38,60198595;-5,44450200
38,61222595;-5,44450200
38,62246595;-5,44450200
38,63270595;-5,26444300
38,64294595;-5,44450200
38,65318595;-5,44450200
38,66342595;-5,26444300
38,67366595;-5,44450200
38,68390595;-5,26444300
38,69414595;-5,26444300
38,70438595;-5,44450200
38,71462595;-5,26444300
38,72486595;-5,44450200
38,73510595;-5,26444300
38,74534595;-5,44450200
38,75558595;-5,44450200
38,76582595;-5,44450200
38,77606595;-5,26444300
38,78630595;-5,44450200
38,79654595;-5,44450200
38,80678595;-5,44450200
38,81702595;-5,26444300
38,82726595;-5,26444300
38,83750595;-5,44450200
38,84774595;-5,44450200
38,85798595;-5,44450200
38,86822595;-5,26444300
38,87846595;-5,26444300
38,88870595;-5,44450200
38,89894595;-5,44450200
38,90918595;-5,44450200
38,91942595;-5,26444300
38,92966595;-5,44450200
38,93990595;-5,44450200
38,95014595;-5,44450200
38,96038595;-5,26444300
38,97062595;-5,44450200
38,98086595;-5,44450200
38,99110595;-5,44450200
39,00134595;-5,26444300
39,01158595;-5,26444300
39,02182595;-5,08499400
39,03206595;-5,08499400
39,04230595;-5,08499400
39,05254595;-5,08499400
39,06278595;-5,08499400
39,07302595;-5,08499400
39,08326595;-5,08499400
39,09350595;-4,90554500
39,10374595;-4,72609600
39,11398595;-4,72609600
39,12422595;-4,54664800
39,13446595;-4,72609600
39,14470595;-4,54664800
39,15494595;-4,54664800
39,16518595;-4,36658800
39,17542595;-4,36658800
39,18566595;-4,36658800
39,19590595;-4,36658800
39,20614595;-4,18714000
39,21638595;-4,00769000
39,22662595;-4,00769000
39,23686595;-4,00769000
39,24710595;-4,00769000
39,25734595;-4,00769000
39,26758595;-4,00769000
39,27782595;-3,82824200
39,28806595;-3,82824200
39,29830595;-3,64879300
39,30854595;-3,64879300
39,31878595;-3,64879300
39,32902595;-3,64879300
39,33926595;-3,64879300
39,34950595;-3,64879300
39,35974595;-3,46873400
39,36998595;-3,46873400
39,38022595;-3,28928500
39,39046595;-3,28928500
39,40070595;-3,28928500
39,41094595;-3,28928500
39,42118595;-3,10983600
39,43142595;-3,10983600
39,44166595;-3,10983600
39,45190595;-3,10983600
39,46214595;-2,93038700
39,47238595;-2,93038700
39,48262595;-2,93038700
39,49286595;-2,93038700
39,50310595;-2,93038700
39,51334595;-2,93038700
39,52358595;-2,75093800
39,53382595;-2,57087900
39,54406595;-2,57087900
39,55430595;-2,57087900
39,56454595;-2,57087900
39,57478595;-2,57087900
39,58502595;-2,57087900
39,59526595;-2,57087900
39,60550595;-2,39143000
39,61574595;-2,21198200
39,62598595;-2,21198200
39,63622595;-2,03253300
39,64646595;-2,21198200
39,65670595;-2,21198200
39,66694595;-2,03253300
39,67718595;-2,03253300
39,68742594;-1,85308400
39,69766594;-1,85308400
39,70790594;-1,67302500
39,71814594;-1,49357600
39,72838594;-1,49357600
39,73862594;-1,49357600
39,74886594;-1,49357600
39,75910594;-1,49357600
39,76934594;-1,49357600
39,77958594;-1,31412700
39,78982594;-1,31412700
39,80006594;-1,13467800
39,81030594;-1,13467800
39,82054594;-0,95522930
39,83078594;-0,77517010
39,84102594;-0,77517010
39,85126594;-0,77517010
39,86150594;-0,77517010
39,87174594;-0,77517010
39,88198594;-0,77517010
39,89222594;-0,77517010
39,90246594;-0,41627250
39,91270594;-0,41627250
39,92294594;-0,41627250
39,93318594;-0,41627250
39,94342594;-0,41627250
39,95366594;-0,41627250
39,96390594;-0,41627250
39,97414594;-0,41627250
39,98438594;-0,05737480
39,99462594;-0,05737480
40,00486594;-0,05737480
40,01510594;-0,05737480
40,02534594;0,12207400
40,03558594;0,30152290
40,04582594;0,30152290
40,05606594;0,12207400
40,06630594;0,30152290
40,07654594;0,30152290
40,08678594;0,30152290
40,09702594;0,30152290
40,10726594;0,48097170
40,11750594;0,48097170
40,12774594;0,66042050
40,13798594;0,66042050
40,14822594;0,66042050
40,15846594;0,66042050
40,16870594;0,66042050
40,17894594;0,66042050
40,18918594;0,84047970
40,19942594;1,01992900
40,20966594;1,01992900
40,21990594;1,01992900
40,23014594;1,19937700
40,24038594;1,37882600
40,25062594;1,19937700
40,26086594;1,37882600
40,27110594;1,37882600
40,28134594;1,37882600
40,29158594;1,37882600
40,30182594;1,37882600
40,31206594;1,55827500
40,32230594;1,73833400
40,33254594;1,73833400
40,34278594;1,73833400
40,35302594;1,73833400
40,36326594;1,73833400
40,37350594;1,73833400
40,38374594;1,91778300
40,39398594;1,73833400
40,40422594;2,09723200
40,41446594;2,09723200
40,42470594;2,09723200
40,43494594;2,09723200
40,44518594;2,27668100
40,45542594;2,09723200
40,46566594;2,27668100
40,47590594;2,45613000
40,48614594;2,45613000
40,49638594;2,45613000
40,50662594;2,45613000
40,51686594;2,63618900
40,52710594;2,81563800
40,53734594;2,81563800
40,54758594;2,81563800
40,55782594;2,81563800
40,56806594;2,81563800
40,57830594;2,81563800
40,58854594;2,81563800
40,59878594;2,99508600
40,60902594;3,17453500
40,61926594;3,17453500
40,62950594;3,17453500
40,63974594;3,17453500
40,64998594;3,17453500
40,66022594;3,17453500
40,67046594;3,17453500
40,68070594;3,35398400
40,69094594;3,35398400
40,70118594;3,35398400
40,71142594;3,53404300
40,72166594;3,53404300
40,73190594;3,53404300
40,74214594;3,53404300
40,75238594;3,53404300
40,76262594;3,71349200
40,77286594;3,71349200
40,78310594;3,71349200
40,79334594;3,71349200
40,80358594;3,89294100
40,81382594;3,89294100
40,82406594;3,89294100
40,83430594;3,89294100
40,84454594;3,89294100
40,85478594;4,07239000
40,86502594;4,07239000
40,87526594;4,25183900
40,88550594;4,25183900
40,89574594;4,25183900
40,90598594;4,25183900
40,91622594;4,25183900
40,92646594;4,43189800
40,93670594;4,61134700
40,94694594;4,61134700
40,95718594;4,61134700
40,96742594;4,61134700
40,97766594;4,79079600
40,98790594;4,61134700
40,99814594;4,79079600
41,00838594;4,97024400
41,01862594;4,97024400
41,02886594;4,97024400
41,03910594;4,97024400
41,04934594;4,97024400
41,05958594;4,97024400
41,06982594;5,14969300
41,08006594;5,14969300
41,09030594;5,32975200
41,10054594;5,32975200
41,11078594;5,32975200
41,12102594;5,32975200
41,13126594;5,32975200
41,14150594;5,50920200
41,15174594;5,50920200
41,16198594;5,50920200
41,17222594;5,68865000
41,18246594;5,68865000
41,19270594;5,68865000
41,20294594;5,68865000
41,21318594;5,68865000
41,22342594;5,68865000
41,23366594;5,86809900
41,24390594;5,68865000
41,25414594;6,04754800
41,26438594;6,04754800
41,27462594;6,04754800
41,28486594;6,04754800
41,29510594;6,04754800
41,30534594;6,04754800
41,31558594;6,22760700
41,32582594;6,22760700
41,33606593;6,40705600
41,34630593;6,40705600
41,35654593;6,40705600
41,36678593;6,40705600
41,37702593;6,40705600
41,38726593;6,58650500
41,39750593;6,58650500
41,40774593;6,76595400
41,41798593;6,76595400
41,42822593;6,76595400
41,43846593;6,94540200
41,44870593;6,76595400
41,45894593;6,94540200
41,46918593;7,12546200
41,47942593;7,12546200
41,48966593;7,12546200
41,49990593;7,12546200
41,51014593;7,12546200
41,52038593;7,48435900
41,53062593;7,48435900
41,54086593;7,48435900
41,55110593;7,48435900
41,56134593;7,48435900
41,57158593;7,48435900
41,58182593;7,48435900
41,59206593;7,66380800
41,60230593;7,66380800
41,61254593;7,84325700
41,62278593;7,84325700
41,63302593;7,84325700
41,64326593;7,84325700
41,65350593;7,84325700
41,66374593;8,02331600
41,67398593;7,84325700
41,68422593;8,02331600
41,69446593;8,20276500
41,70470593;8,20276500
41,71494593;8,20276500
41,72518593;8,20276500
41,73542593;8,38221400
41,74566593;8,38221400
41,75590593;8,38221400
41,76614593;8,38221400
41,77638593;8,56166300
41,78662593;8,56166300
41,79686593;8,56166300
41,80710593;8,56166300
41,81734593;8,56166300
41,82758593;8,56166300
41,83782593;8,74111200
41,84806593;8,74111200
41,85830593;8,92117000
41,86854593;8,92117000
41,87878593;8,92117000
41,88902593;8,92117000
41,89926593;8,92117000
41,90950593;9,10061900
41,91974593;9,10061900
41,92998593;9,28006800
41,94022593;9,28006800
41,95046593;9,10061900
41,96070593;9,28006800
41,97094593;9,28006800
41,98118593;9,28006800
41,99142593;9,28006800
42,00166593;9,28006800
42,01190593;9,28006800
42,02214593;9,63896600
42,03238593;9,63896600
42,04262593;9,63896600
42,05286593;9,45951700
42,06310593;9,63896600
42,07334593;9,63896600
42,08358593;9,63896600
42,09382593;9,63896600
42,10406593;9,63896600
42,11430593;9,81902500
42,12454593;9,81902500
42,13478593;9,81902500
42,14502593;9,81902500
42,15526593;9,81902500
42,16550593;9,81902500
42,17574593;9,81902500
42,18598593;9,99847400
42,19622593;9,99847400
42,20646593;9,99847400
42,21670593;9,99847400
42,22694593;9,99847400
42,23718593;9,99847400
42,24742593;9,99847400
42,25766593;9,99847400
42,26790593;9,99847400
42,27814593;9,99847400
42,28838593;10,35737000
42,29862593;10,17792000
42,30886593;10,35737000
42,31910593;10,35737000
42,32934593;10,35737000
42,33958593;10,35737000
42,34982593;10,35737000
42,36006593;10,35737000
42,37030593;10,35737000
42,38054593;10,35737000
42,39078593;10,35737000
42,40102593;10,35737000
42,41126593;10,53682000
42,42150593;10,53682000
42,43174593;10,53682000
42,44198593;10,71688000
42,45222593;10,71688000
42,46246593;10,71688000
42,47270593;10,71688000
42,48294593;10,71688000
42,49318593;10,71688000
42,50342593;10,71688000
42,51366593;10,71688000
42,52390593;10,71688000
42,53414593;10,89633000
42,54438593;10,89633000
42,55462593;11,07578000
42,56486593;10,89633000
42,57510593;11,07578000
42,58534593;11,07578000
42,59558593;11,07578000
42,60582593;11,07578000
42,61606593;11,07578000
42,62630593;11,25523000
42,63654593;11,25523000
42,64678593;11,07578000
42,65702593;11,25523000
42,66726593;11,25523000
42,67750593;11,25523000
42,68774593;11,25523000
42,69798593;11,25523000
42,70822593;11,25523000
42,71846593;11,43529000
42,72870593;11,43529000
42,73894593;11,43529000
42,74918593;11,43529000
42,75942593;11,43529000
42,76966593;11,43529000
42,77990593;11,43529000
42,79014593;11,43529000
42,80038593;11,43529000
42,81062593;11,43529000
42,82086593;11,43529000
42,83110593;11,43529000
42,84134593;11,43529000
42,85158593;11,43529000
42,86182593;11,43529000
42,87206593;11,43529000
42,88230593;11,43529000
42,89254593;11,43529000
42,90278593;11,61473000
42,91302593;11,79418000
42,92326593;11,79418000
42,93350593;11,79418000
42,94374593;11,79418000
42,95398593;11,79418000
42,96422593;11,79418000
42,97446592;11,79418000
42,98470592;11,79418000
42,99494592;11,79418000
43,00518592;11,79418000
43,01542592;11,97363000
43,02566592;11,97363000
43,03590592;11,79418000
43,04614592;11,97363000
43,05638592;11,97363000
43,06662592;11,97363000
43,07686592;11,97363000
43,08710592;11,97363000
43,09734592;11,97363000
43,10758592;11,97363000
43,11782592;12,15308000
43,12806592;12,15308000
43,13830592;12,15308000
43,14854592;11,97363000
43,15878592;12,15308000
43,16902592;12,15308000
43,17926592;12,15308000
43,18950592;12,15308000
43,19974592;12,15308000
43,20998592;12,15308000
43,22022592;12,15308000
43,23046592;12,15308000
43,24070592;12,15308000
43,25094592;12,15308000
43,26118592;12,15308000
43,27142592;12,15308000
43,28166592;12,15308000
43,29190592;12,15308000
43,30214592;12,15308000
43,31238592;12,15308000
43,32262592;12,15308000
43,33286592;12,15308000
43,34310592;12,15308000
43,35334592;12,15308000
43,36358592;12,15308000
43,37382592;12,15308000
43,38406592;12,15308000
43,39430592;12,15308000
43,40454592;12,15308000
43,41478592;12,15308000
43,42502592;12,15308000
43,43526592;12,15308000
43,44550592;12,15308000
43,45574592;12,15308000
43,46598592;12,15308000
43,47622592;12,15308000
43,48646592;12,15308000
43,49670592;12,15308000
43,50694592;12,15308000
43,51718592;12,15308000
43,52742592;12,15308000
43,53766592;12,15308000
43,54790592;12,15308000
43,55814592;12,15308000
43,56838592;12,15308000
43,57862592;12,15308000
43,58886592;12,15308000
43,59910592;12,15308000
43,60934592;12,15308000
43,61958592;12,15308000
43,62982592;12,15308000
43,64006592;12,15308000
43,65030592;12,15308000
43,66054592;12,15308000
43,67078592;12,15308000
43,68102592;12,15308000
43,69126592;12,15308000
43,70150592;12,15308000
43,71174592;12,15308000
43,72198592;12,15308000
43,73222592;12,15308000
43,74246592;12,15308000
43,75270592;12,15308000
43,76294592;12,15308000
43,77318592;12,15308000
43,78342592;12,15308000
43,79366592;12,15308000
43,80390592;12,15308000
43,81414592;12,33314000
43,82438592;12,15308000
43,83462592;12,15308000
43,84486592;12,15308000
43,85510592;12,15308000
43,86534592;12,15308000
43,87558592;12,15308000
43,88582592;12,15308000
43,89606592;12,15308000
43,90630592;12,15308000
43,91654592;12,33314000
43,92678592;12,15308000
43,93702592;12,33314000
43,94726592;12,15308000
43,95750592;12,15308000
43,96774592;12,15308000
43,97798592;12,15308000
43,98822592;12,15308000
43,99846592;12,15308000
44,00870592;12,15308000
44,01894592;12,15308000
44,02918592;12,15308000
44,03942592;12,15308000
44,04966592;12,15308000
44,05990592;12,15308000
44,07014592;12,15308000
44,08038592;12,15308000
44,09062592;12,15308000
44,10086592;12,15308000
44,11110592;12,15308000
44,12134592;12,15308000
44,13158592;12,15308000
44,14182592;12,15308000
44,15206592;12,33314000
44,16230592;12,33314000
44,17254592;12,15308000
44,18278592;12,15308000
44,19302592;12,15308000
44,20326592;12,33314000
44,21350592;12,33314000
44,22374592;12,33314000
44,23398592;12,15308000
44,24422592;12,15308000
44,25446592;12,15308000
44,26470592;12,33314000
44,27494592;12,15308000
44,28518592;12,15308000
44,29542592;12,15308000
44,30566592;12,33314000
44,31590592;12,15308000
44,32614592;12,33314000
44,33638592;12,15308000
44,34662592;12,15308000
44,35686592;12,15308000
44,36710592;12,33314000
44,37734592;12,15308000
44,38758592;12,15308000
44,39782592;12,15308000
44,40806592;12,15308000
44,41830592;12,33314000
44,42854592;12,33314000
44,43878592;12,15308000
44,44902592;12,15308000
44,45926592;12,15308000
44,46950592;12,33314000
44,47974592;12,15308000
44,48998592;12,15308000
44,50022592;12,15308000
44,51046592;12,33314000
44,52070592;12,15308000
44,53094592;12,15308000
44,54118592;12,15308000
44,55142592;12,15308000
44,56166592;12,15308000
44,57190592;12,15308000
44,58214592;12,15308000
44,59238592;12,15308000
44,60262592;12,15308000
44,61286592;12,15308000
44,62310591;12,15308000
44,63334591;12,15308000
44,64358591;11,97363000
44,65382591;11,97363000
44,66406591;11,97363000
44,67430591;11,97363000
44,68454591;11,97363000
44,69478591;11,97363000
44,70502591;11,97363000
44,71526591;12,15308000
44,72550591;11,97363000
44,73574591;11,97363000
44,74598591;11,79418000
44,75622591;11,79418000
44,76646591;11,79418000
44,77670591;11,79418000
44,78694591;11,79418000
44,79718591;11,79418000
44,80742591;11,79418000
44,81766591;11,79418000
44,82790591;11,79418000
44,83814591;11,79418000
44,84838591;11,61473000
44,85862591;11,61473000
44,86886591;11,79418000
44,87910591;11,43529000
44,88934591;11,61473000
44,89958591;11,79418000
44,90982591;11,79418000
44,92006591;11,79418000
44,93030591;11,61473000
44,94054591;11,43529000
44,95078591;11,43529000
44,96102591;11,43529000
44,97126591;11,43529000
44,98150591;11,43529000
44,99174591;11,43529000
45,00198591;11,61473000
45,01222591;11,61473000
45,02246591;11,61473000
45,03270591;11,61473000
45,04294591;11,43529000
45,05318591;11,43529000
45,06342591;11,43529000
45,07366591;11,43529000
45,08390591;11,43529000
45,09414591;11,43529000
45,10438591;11,79418000
45,11462591;11,79418000
45,12486591;11,61473000
45,13510591;11,43529000
45,14534591;11,43529000
45,15558591;11,43529000
45,16582591;11,43529000
45,17606591;11,43529000
45,18630591;11,43529000
45,19654591;11,43529000
45,20678591;11,43529000
45,21702591;11,43529000
45,22726591;11,43529000
45,23750591;11,43529000
45,24774591;11,43529000
45,25798591;11,43529000
45,26822591;11,43529000
45,27846591;11,43529000
45,28870591;11,43529000
45,29894591;11,43529000
45,30918591;11,43529000
45,31942591;11,43529000
45,32966591;11,43529000
45,33990591;11,25523000
45,35014591;11,07578000
45,36038591;11,07578000
45,37062591;11,07578000
45,38086591;11,07578000
45,39110591;11,07578000
45,40134591;11,07578000
45,41158591;11,25523000
45,42182591;11,07578000
45,43206591;11,07578000
45,44230591;10,89633000
45,45254591;10,71688000
45,46278591;10,71688000
45,47302591;10,71688000
45,48326591;10,71688000
45,49350591;10,71688000
45,50374591;10,89633000
45,51398591;10,71688000
45,52422591;10,71688000
45,53446591;10,71688000
45,54470591;10,53682000
45,55494591;10,53682000
45,56518591;10,35737000
45,57542591;10,53682000
45,58566591;10,53682000
45,59590591;10,53682000
45,60614591;10,53682000
45,61638591;10,53682000
45,62662591;10,53682000
45,63686591;10,35737000
45,64710591;10,17792000
45,65734591;10,17792000
45,66758591;10,35737000
45,67782591;10,35737000
45,68806591;10,35737000
45,69830591;10,35737000
45,70854591;10,35737000
45,71878591;10,35737000
45,72902591;10,17792000
45,73926591;9,99847400
45,74950591;9,99847400
45,75974591;9,99847400
45,76998591;9,99847400
45,78022591;9,99847400
45,79046591;9,99847400
45,80070591;9,99847400
45,81094591;9,99847400
45,82118591;9,99847400
45,83142591;9,81902500
45,84166591;9,63896600
45,85190591;9,63896600
45,86214591;9,63896600
45,87238591;9,63896600
45,88262591;9,63896600
45,89286591;9,63896600
45,90310591;9,63896600
45,91334591;9,63896600
45,92358591;9,63896600
45,93382591;9,63896600
45,94406591;9,28006800
45,95430591;9,28006800
45,96454591;9,28006800
45,97478591;9,28006800
45,98502591;9,28006800
45,99526591;9,28006800
46,00550591;9,28006800
46,01574591;9,28006800
46,02598591;9,28006800
46,03622591;9,28006800
46,04646591;8,92117000
46,05670591;8,92117000
46,06694591;8,92117000
46,07718591;8,92117000
46,08742591;8,92117000
46,09766591;8,92117000
46,10790591;8,92117000
46,11814591;8,92117000
46,12838591;8,92117000
46,13862591;8,92117000
46,14886591;8,56166300
46,15910591;8,56166300
46,16934591;8,56166300
46,17958591;8,56166300
46,18982591;8,56166300
46,20006591;8,56166300
46,21030591;8,56166300
46,22054591;8,56166300
46,23078591;8,56166300
46,24102591;8,38221400
46,25126591;8,20276500
46,26150591;8,20276500
46,27174590;8,20276500
46,28198590;8,20276500
46,29222590;8,20276500
46,30246590;8,20276500
46,31270590;8,20276500
46,32294590;8,20276500
46,33318590;8,02331600
46,34342590;7,84325700
46,35366590;7,84325700
46,36390590;7,66380800
46,37414590;7,84325700
46,38438590;7,84325700
46,39462590;7,66380800
46,40486590;7,84325700
46,41510590;7,84325700
46,42534590;7,66380800
46,43558590;7,48435900
46,44582590;7,48435900
46,45606590;7,12546200
46,46630590;7,30491100
46,47654590;7,30491100
46,48678590;7,48435900
46,49702590;7,48435900
46,50726590;7,30491100
46,51750590;7,48435900
46,52774590;7,30491100
46,53798590;7,12546200
46,54822590;6,94540200
46,55846590;6,76595400
46,56870590;6,76595400
46,57894590;6,76595400
46,58918590;6,76595400
46,59942590;6,76595400
46,60966590;6,76595400
46,61990590;6,76595400
46,63014590;6,76595400
46,64038590;6,40705600
46,65062590;6,40705600
46,66086590;6,04754800
46,67110590;6,04754800
46,68134590;6,40705600
46,69158590;6,40705600
46,70182590;6,40705600
46,71206590;6,22760700
46,72230590;6,22760700
46,73254590;6,04754800
46,74278590;6,04754800
46,75302590;5,68865000
46,76326590;5,68865000
46,77350590;5,68865000
46,78374590;5,68865000
46,79398590;5,68865000
46,80422590;5,68865000
46,81446590;5,68865000
46,82470590;5,68865000
46,83494590;5,68865000
46,84518590;5,32975200
46,85542590;5,32975200
46,86566590;5,14969300
46,87590590;5,14969300
46,88614590;5,14969300
46,89638590;5,32975200
46,90662590;5,32975200
46,91686590;5,32975200
46,92710590;5,14969300
46,93734590;4,97024400
46,94758590;4,97024400
46,95782590;4,61134700
46,96806590;4,61134700
46,97830590;4,61134700
46,98854590;4,61134700
46,99878590;4,61134700
47,00902590;4,79079600
47,01926590;4,61134700
47,02950590;4,61134700
47,03974590;4,43189800
47,04998590;4,25183900
47,06022590;4,07239000
47,07046590;4,07239000
47,08070590;4,07239000
47,09094590;4,25183900
47,10118590;4,07239000
47,11142590;4,07239000
47,12166590;3,89294100
47,13190590;3,89294100
47,14214590;3,71349200
47,15238590;3,53404300
47,16262590;3,53404300
47,17286590;3,53404300
47,18310590;3,53404300
47,19334590;3,53404300
47,20358590;3,53404300
47,21382590;3,35398400
47,22406590;3,35398400
47,23430590;3,17453500
47,24454590;2,99508600
47,25478590;2,81563800
47,26502590;2,81563800
47,27526590;2,81563800
47,28550590;2,81563800
47,29574590;2,81563800
47,30598590;2,81563800
47,31622590;2,63618900
47,32646590;2,45613000
47,33670590;2,45613000
47,34694590;2,45613000
47,35718590;2,45613000
47,36742590;2,45613000
47,37766590;2,27668100
47,38790590;2,09723200
47,39814590;2,09723200
47,40838590;2,09723200
47,41862590;2,09723200
47,42886590;1,91778300
47,43910590;1,91778300
47,44934590;1,73833400
47,45958590;1,55827500
47,46982590;1,37882600
47,48006590;1,37882600
47,49030590;1,37882600
47,50054590;1,37882600
47,51078590;1,37882600
47,52102590;1,37882600
47,53126590;1,37882600
47,54150590;1,19937700
47,55174590;1,01992900
47,56198590;0,84047970
47,57222590;0,84047970
47,58246590;1,01992900
47,59270590;1,01992900
47,60294590;0,84047970
47,61318590;1,01992900
47,62342590;1,01992900
47,63366590;0,84047970
47,64390590;0,66042050
47,65414590;0,66042050
47,66438590;0,48097170
47,67462590;0,66042050
47,68486590;0,66042050
47,69510590;0,48097170
47,70534590;0,48097170
47,71558590;0,48097170
47,72582590;0,48097170
47,73606590;0,48097170
47,74630590;0,30152290
47,75654590;-0,05737480
47,76678590;-0,05737480
47,77702590;-0,05737480
47,78726590;-0,05737480
47,79750590;-0,05737480
47,80774590;-0,05737480
47,81798590;-0,05737480
47,82822590;-0,05737480
47,83846590;-0,23682360
47,84870590;-0,41627250
47,85894590;-0,59572130
47,86918590;-0,77517010
47,87942590;-0,59572130
47,88966590;-0,77517010
47,89990590;-0,77517010
47,91014590;-0,77517010
47,92038589;-0,77517010
47,93062589;-0,77517010
47,94086589;-0,95522930
47,95110589;-1,13467800
47,96134589;-1,49357600
47,97158589;-1,31412700
47,98182589;-1,31412700
47,99206589;-1,49357600
48,00230589;-1,49357600
48,01254589;-1,49357600
48,02278589;-1,49357600
48,03302589;-1,49357600
48,04326589;-1,67302500
48,05350589;-1,85308400
48,06374589;-2,03253300
48,07398589;-2,03253300
48,08422589;-2,03253300
48,09446589;-2,03253300
48,10470589;-2,21198200
48,11494589;-2,03253300
48,12518589;-2,21198200
48,13542589;-2,21198200
48,14566589;-2,39143000
48,15590589;-2,57087900
48,16614589;-2,57087900
48,17638589;-2,57087900
48,18662589;-2,57087900
48,19686589;-2,75093800
48,20710589;-2,57087900
48,21734589;-2,75093800
48,22758589;-2,57087900
48,23782589;-2,93038700
48,24806589;-2,93038700
48,25830589;-3,28928500
48,26854589;-3,10983600
48,27878589;-3,10983600
48,28902589;-3,28928500
48,29926589;-3,10983600
48,30950589;-3,10983600
48,31974589;-3,10983600
48,32998589;-3,28928500
48,34022589;-3,28928500
48,35046589;-3,46873400
48,36070589;-3,64879300
48,37094589;-3,64879300
48,38118589;-3,64879300
48,39142589;-3,64879300
48,40166589;-3,64879300
48,41190589;-3,64879300
48,42214589;-3,64879300
48,43238589;-3,82824200
48,44262589;-3,82824200
48,45286589;-4,00769000
48,46310589;-4,00769000
48,47334589;-4,00769000
48,48358589;-4,00769000
48,49382589;-4,00769000
48,50406589;-4,00769000
48,51430589;-4,00769000
48,52454589;-4,00769000
48,53478589;-4,18714000
48,54502589;-4,36658800
48,55526589;-4,54664800
48,56550589;-4,54664800
48,57574589;-4,54664800
48,58598589;-4,54664800
48,59622589;-4,72609600
48,60646589;-4,72609600
48,61670589;-4,72609600
48,62694589;-4,72609600
48,63718589;-4,72609600
48,64742589;-5,08499400
48,65766589;-5,08499400
48,66790589;-5,08499400
48,67814589;-5,08499400
48,68838589;-5,08499400
48,69862589;-5,08499400
48,70886589;-5,08499400
48,71910589;-5,08499400
48,72934589;-5,26444300
48,73958589;-5,44450200
48,74982589;-5,44450200
48,76006589;-5,62395100
48,77030589;-5,80340000
48,78054589;-5,62395100
48,79078589;-5,80340000
48,80102589;-5,62395100
48,81126589;-5,62395100
48,82150589;-5,80340000
48,83174589;-5,80340000
48,84198589;-5,80340000
48,85222589;-5,98284900
48,86246589;-5,80340000
48,87270589;-5,80340000
48,88294589;-5,80340000
48,89318589;-5,80340000
48,90342589;-5,98284900
48,91366589;-5,80340000
48,92390589;-5,80340000
48,93414589;-5,98284900
48,94438589;-5,80340000
48,95462589;-5,80340000
48,96486589;-5,80340000
48,97510589;-5,80340000
48,98534589;-5,80340000
48,99558589;-5,80340000
49,00582589;-5,80340000
49,01606589;-5,80340000
49,02630589;-5,98284900
49,03654589;-5,98284900
49,04678589;-5,80340000
49,05702589;-5,80340000
49,06726589;-5,80340000
49,07750589;-5,80340000
49,08774589;-5,80340000
49,09798589;-5,98284900
49,10822589;-5,80340000
49,11846589;-5,80340000
49,12870589;-5,80340000
49,13894589;-5,80340000
49,14918589;-5,80340000
49,15942589;-5,98284900
49,16966589;-5,80340000
49,17990589;-5,80340000
49,19014589;-5,80340000
49,20038589;-5,80340000
49,21062589;-5,80340000
49,22086589;-5,80340000
49,23110589;-5,80340000
49,24134589;-5,80340000
49,25158589;-5,80340000
49,26182589;-5,80340000
49,27206589;-5,80340000
49,28230589;-5,80340000
49,29254589;-5,80340000
49,30278589;-5,80340000
49,31302589;-5,80340000
49,32326589;-5,98284900
49,33350589;-5,80340000
49,34374589;-5,80340000
49,35398589;-5,80340000
49,36422589;-5,80340000
49,37446589;-5,80340000
49,38470589;-5,80340000
49,39494589;-5,80340000
49,40518589;-5,80340000
49,41542589;-5,80340000
49,42566589;-5,80340000
49,43590589;-5,80340000
49,44614589;-5,80340000
49,45638589;-5,80340000
49,46662589;-5,80340000
49,47686589;-5,80340000
49,48710589;-5,80340000
49,49734589;-5,80340000
49,50758589;-5,80340000
49,51782589;-5,80340000
49,52806589;-5,80340000
49,53830589;-5,80340000
49,54854589;-5,80340000
49,55878588;-5,80340000
49,56902588;-5,80340000
49,57926588;-5,80340000
49,58950588;-5,80340000
49,59974588;-5,80340000
49,60998588;-5,80340000
49,62022588;-5,80340000
49,63046588;-5,80340000
49,64070588;-5,80340000
49,65094588;-5,80340000
49,66118588;-5,80340000
49,67142588;-5,80340000
49,68166588;-5,80340000
49,69190588;-5,80340000
49,70214588;-5,80340000
49,71238588;-5,80340000
49,72262588;-5,80340000
49,73286588;-5,80340000
49,74310588;-5,80340000
49,75334588;-5,80340000
49,76358588;-5,80340000
49,77382588;-5,80340000
49,78406588;-5,80340000
49,79430588;-5,80340000
49,80454588;-5,80340000
49,81478588;-5,80340000
49,82502588;-5,80340000
49,83526588;-5,80340000
49,84550588;-5,80340000
49,85574588;-5,80340000
49,86598588;-5,80340000
49,87622588;-5,80340000
49,88646588;-5,80340000
49,89670588;-5,80340000
49,90694588;-5,80340000
49,91718588;-5,80340000
49,92742588;-5,80340000
49,93766588;-5,80340000
49,94790588;-5,80340000
49,95814588;-5,80340000
49,96838588;-5,80340000
49,97862588;-5,80340000
49,98886588;-5,80340000
49,99910588;-5,80340000
50,00934588;-5,80340000
