Tiempo;Canal A
(ms);(V)

-50,03196746;-5,80340000
-50,02172746;-5,80340000
-50,01148746;-5,80340000
-50,00124746;-5,80340000
-49,99100746;-5,80340000
-49,98076746;-5,80340000
-49,97052746;-5,80340000
-49,96028746;-5,80340000
-49,95004746;-5,80340000
-49,93980746;-5,80340000
-49,92956746;-5,80340000
-49,91932746;-5,80340000
-49,90908746;-5,80340000
-49,89884746;-5,80340000
-49,88860746;-5,80340000
-49,87836746;-5,80340000
-49,86812746;-5,80340000
-49,85788746;-5,80340000
-49,84764746;-5,80340000
-49,83740746;-5,80340000
-49,82716746;-5,80340000
-49,81692746;-5,80340000
-49,80668746;-5,80340000
-49,79644746;-5,80340000
-49,78620746;-5,80340000
-49,77596746;-5,80340000
-49,76572746;-5,80340000
-49,75548746;-5,80340000
-49,74524746;-5,80340000
-49,73500746;-5,80340000
-49,72476746;-5,80340000
-49,71452746;-5,80340000
-49,70428746;-5,80340000
-49,69404746;-5,80340000
-49,68380746;-5,80340000
-49,67356746;-5,80340000
-49,66332746;-5,80340000
-49,65308746;-5,80340000
-49,64284746;-5,80340000
-49,63260746;-5,80340000
-49,62236746;-5,80340000
-49,61212746;-5,80340000
-49,60188746;-5,80340000
-49,59164746;-5,80340000
-49,58140746;-5,80340000
-49,57116746;-5,80340000
-49,56092746;-5,80340000
-49,55068746;-5,80340000
-49,54044746;-5,80340000
-49,53020746;-5,80340000
-49,51996746;-5,80340000
-49,50972746;-5,80340000
-49,49948746;-5,80340000
-49,48924746;-5,80340000
-49,47900746;-5,80340000
-49,46876746;-5,80340000
-49,45852746;-5,80340000
-49,44828746;-5,80340000
-49,43804746;-5,80340000
-49,42780746;-5,80340000
-49,41756746;-5,80340000
-49,40732746;-5,80340000
-49,39708746;-5,80340000
-49,38684747;-5,80340000
-49,37660747;-5,80340000
-49,36636747;-5,80340000
-49,35612747;-5,80340000
-49,34588747;-5,80340000
-49,33564747;-5,80340000
-49,32540747;-5,80340000
-49,31516747;-5,80340000
-49,30492747;-5,80340000
-49,29468747;-5,80340000
-49,28444747;-5,80340000
-49,27420747;-5,80340000
-49,26396747;-5,80340000
-49,25372747;-5,80340000
-49,24348747;-5,80340000
-49,23324747;-5,80340000
-49,22300747;-5,80340000
-49,21276747;-5,80340000
-49,20252747;-5,80340000
-49,19228747;-5,80340000
-49,18204747;-5,80340000
-49,17180747;-5,80340000
-49,16156747;-5,80340000
-49,15132747;-5,80340000
-49,14108747;-5,80340000
-49,13084747;-5,80340000
-49,12060747;-5,80340000
-49,11036747;-5,80340000
-49,10012747;-5,80340000
-49,08988747;-5,80340000
-49,07964747;-5,80340000
-49,06940747;-5,80340000
-49,05916747;-5,80340000
-49,04892747;-5,80340000
-49,03868747;-5,80340000
-49,02844747;-5,80340000
-49,01820747;-5,80340000
-49,00796747;-5,80340000
-48,99772747;-5,80340000
-48,98748747;-5,80340000
-48,97724747;-5,80340000
-48,96700747;-5,80340000
-48,95676747;-5,80340000
-48,94652747;-5,80340000
-48,93628747;-5,80340000
-48,92604747;-5,80340000
-48,91580747;-5,80340000
-48,90556747;-5,80340000
-48,89532747;-5,80340000
-48,88508747;-5,80340000
-48,87484747;-5,80340000
-48,86460747;-5,80340000
-48,85436747;-5,80340000
-48,84412747;-5,80340000
-48,83388747;-5,80340000
-48,82364747;-5,80340000
-48,81340747;-5,80340000
-48,80316747;-5,80340000
-48,79292747;-5,80340000
-48,78268747;-5,80340000
-48,77244747;-5,80340000
-48,76220747;-5,80340000
-48,75196747;-5,80340000
-48,74172747;-5,80340000
-48,73148747;-5,80340000
-48,72124747;-5,80340000
-48,71100747;-5,80340000
-48,70076747;-5,80340000
-48,69052747;-5,80340000
-48,68028747;-5,80340000
-48,67004747;-5,80340000
-48,65980747;-5,80340000
-48,64956747;-5,80340000
-48,63932747;-5,80340000
-48,62908747;-5,80340000
-48,61884747;-5,80340000
-48,60860747;-5,80340000
-48,59836747;-5,80340000
-48,58812747;-5,80340000
-48,57788747;-5,80340000
-48,56764747;-5,80340000
-48,55740747;-5,80340000
-48,54716747;-5,80340000
-48,53692747;-5,80340000
-48,52668747;-5,80340000
-48,51644747;-5,80340000
-48,50620747;-5,80340000
-48,49596747;-5,80340000
-48,48572747;-5,80340000
-48,47548747;-5,80340000
-48,46524747;-5,80340000
-48,45500747;-5,80340000
-48,44476747;-5,80340000
-48,43452747;-5,80340000
-48,42428747;-5,80340000
-48,41404747;-5,80340000
-48,40380747;-5,80340000
-48,39356747;-5,80340000
-48,38332747;-5,80340000
-48,37308747;-5,80340000
-48,36284747;-5,80340000
-48,35260747;-5,80340000
-48,34236747;-5,80340000
-48,33212747;-5,80340000
-48,32188747;-5,80340000
-48,31164747;-5,80340000
-48,30140747;-5,80340000
-48,29116747;-5,80340000
-48,28092747;-5,80340000
-48,27068747;-5,80340000
-48,26044747;-5,80340000
-48,25020747;-5,80340000
-48,23996747;-5,80340000
-48,22972747;-5,80340000
-48,21948747;-5,80340000
-48,20924747;-5,80340000
-48,19900747;-5,80340000
-48,18876747;-5,80340000
-48,17852747;-5,80340000
-48,16828747;-5,80340000
-48,15804747;-5,80340000
-48,14780747;-5,80340000
-48,13756747;-5,80340000
-48,12732747;-5,80340000
-48,11708747;-5,80340000
-48,10684747;-5,80340000
-48,09660747;-5,80340000
-48,08636747;-5,80340000
-48,07612747;-5,80340000
-48,06588747;-5,80340000
-48,05564747;-5,80340000
-48,04540747;-5,80340000
-48,03516747;-5,80340000
-48,02492747;-5,80340000
-48,01468747;-5,80340000
-48,00444747;-5,80340000
-47,99420747;-5,80340000
-47,98396747;-5,80340000
-47,97372747;-5,80340000
-47,96348747;-5,80340000
-47,95324747;-5,80340000
-47,94300747;-5,80340000
-47,93276747;-5,80340000
-47,92252747;-5,80340000
-47,91228747;-5,80340000
-47,90204747;-5,80340000
-47,89180747;-5,80340000
-47,88156747;-5,80340000
-47,87132747;-5,80340000
-47,86108747;-5,80340000
-47,85084747;-5,80340000
-47,84060747;-5,80340000
-47,83036747;-5,80340000
-47,82012747;-5,80340000
-47,80988747;-5,80340000
-47,79964747;-5,80340000
-47,78940747;-5,80340000
-47,77916747;-5,80340000
-47,76892747;-5,80340000
-47,75868747;-5,80340000
-47,74844747;-5,80340000
-47,73820748;-5,80340000
-47,72796748;-5,80340000
-47,71772748;-5,80340000
-47,70748748;-5,80340000
-47,69724748;-5,80340000
-47,68700748;-5,80340000
-47,67676748;-5,80340000
-47,66652748;-5,80340000
-47,65628748;-5,62395100
-47,64604748;-5,80340000
-47,63580748;-5,80340000
-47,62556748;-5,80340000
-47,61532748;-5,80340000
-47,60508748;-5,80340000
-47,59484748;-5,80340000
-47,58460748;-5,80340000
-47,57436748;-5,80340000
-47,56412748;-5,80340000
-47,55388748;-5,80340000
-47,54364748;-5,80340000
-47,53340748;-5,80340000
-47,52316748;-5,80340000
-47,51292748;-5,80340000
-47,50268748;-5,80340000
-47,49244748;-5,80340000
-47,48220748;-5,80340000
-47,47196748;-5,80340000
-47,46172748;-5,80340000
-47,45148748;-5,80340000
-47,44124748;-5,80340000
-47,43100748;-5,80340000
-47,42076748;-5,80340000
-47,41052748;-5,80340000
-47,40028748;-5,80340000
-47,39004748;-5,62395100
-47,37980748;-5,80340000
-47,36956748;-5,80340000
-47,35932748;-5,80340000
-47,34908748;-5,80340000
-47,33884748;-5,62395100
-47,32860748;-5,80340000
-47,31836748;-5,80340000
-47,30812748;-5,80340000
-47,29788748;-5,80340000
-47,28764748;-5,80340000
-47,27740748;-5,80340000
-47,26716748;-5,80340000
-47,25692748;-5,80340000
-47,24668748;-5,80340000
-47,23644748;-5,80340000
-47,22620748;-5,80340000
-47,21596748;-5,62395100
-47,20572748;-5,80340000
-47,19548748;-5,62395100
-47,18524748;-5,62395100
-47,17500748;-5,80340000
-47,16476748;-5,80340000
-47,15452748;-5,80340000
-47,14428748;-5,62395100
-47,13404748;-5,80340000
-47,12380748;-5,80340000
-47,11356748;-5,80340000
-47,10332748;-5,80340000
-47,09308748;-5,62395100
-47,08284748;-5,62395100
-47,07260748;-5,62395100
-47,06236748;-5,80340000
-47,05212748;-5,62395100
-47,04188748;-5,80340000
-47,03164748;-5,62395100
-47,02140748;-5,62395100
-47,01116748;-5,62395100
-47,00092748;-5,80340000
-46,99068748;-5,62395100
-46,98044748;-5,80340000
-46,97020748;-5,62395100
-46,95996748;-5,80340000
-46,94972748;-5,62395100
-46,93948748;-5,80340000
-46,92924748;-5,80340000
-46,91900748;-5,62395100
-46,90876748;-5,62395100
-46,89852748;-5,62395100
-46,88828748;-5,80340000
-46,87804748;-5,62395100
-46,86780748;-5,80340000
-46,85756748;-5,62395100
-46,84732748;-5,80340000
-46,83708748;-5,80340000
-46,82684748;-5,62395100
-46,81660748;-5,62395100
-46,80636748;-5,62395100
-46,79612748;-5,80340000
-46,78588748;-5,80340000
-46,77564748;-5,80340000
-46,76540748;-5,62395100
-46,75516748;-5,62395100
-46,74492748;-5,80340000
-46,73468748;-5,62395100
-46,72444748;-5,80340000
-46,71420748;-5,62395100
-46,70396748;-5,80340000
-46,69372748;-5,62395100
-46,68348748;-5,62395100
-46,67324748;-5,62395100
-46,66300748;-5,80340000
-46,65276748;-5,80340000
-46,64252748;-5,62395100
-46,63228748;-5,62395100
-46,62204748;-5,80340000
-46,61180748;-5,62395100
-46,60156748;-5,80340000
-46,59132748;-5,80340000
-46,58108748;-5,80340000
-46,57084748;-5,62395100
-46,56060748;-5,62395100
-46,55036748;-5,62395100
-46,54012748;-5,80340000
-46,52988748;-5,62395100
-46,51964748;-5,62395100
-46,50940748;-5,80340000
-46,49916748;-5,62395100
-46,48892748;-5,80340000
-46,47868748;-5,62395100
-46,46844748;-5,80340000
-46,45820748;-5,80340000
-46,44796748;-5,62395100
-46,43772748;-5,62395100
-46,42748748;-5,62395100
-46,41724748;-5,62395100
-46,40700748;-5,80340000
-46,39676748;-5,62395100
-46,38652748;-5,80340000
-46,37628748;-5,62395100
-46,36604748;-5,62395100
-46,35580748;-5,62395100
-46,34556748;-5,62395100
-46,33532748;-5,62395100
-46,32508748;-5,62395100
-46,31484748;-5,62395100
-46,30460748;-5,62395100
-46,29436748;-5,62395100
-46,28412748;-5,44450200
-46,27388748;-5,62395100
-46,26364748;-5,62395100
-46,25340748;-5,62395100
-46,24316748;-5,62395100
-46,23292748;-5,80340000
-46,22268748;-5,62395100
-46,21244748;-5,80340000
-46,20220748;-5,62395100
-46,19196748;-5,62395100
-46,18172748;-5,80340000
-46,17148748;-5,62395100
-46,16124748;-5,80340000
-46,15100748;-5,80340000
-46,14076748;-5,62395100
-46,13052748;-5,80340000
-46,12028748;-5,80340000
-46,11004748;-5,62395100
-46,09980749;-5,62395100
-46,08956749;-5,62395100
-46,07932749;-5,44450200
-46,06908749;-5,62395100
-46,05884749;-5,44450200
-46,04860749;-5,80340000
-46,03836749;-5,62395100
-46,02812749;-5,62395100
-46,01788749;-5,44450200
-46,00764749;-5,44450200
-45,99740749;-5,44450200
-45,98716749;-5,44450200
-45,97692749;-5,80340000
-45,96668749;-5,80340000
-45,95644749;-5,44450200
-45,94620749;-5,62395100
-45,93596749;-5,62395100
-45,92572749;-5,62395100
-45,91548749;-5,44450200
-45,90524749;-5,62395100
-45,89500749;-5,44450200
-45,88476749;-5,62395100
-45,87452749;-5,62395100
-45,86428749;-5,62395100
-45,85404749;-5,44450200
-45,84380749;-5,44450200
-45,83356749;-5,44450200
-45,82332749;-5,62395100
-45,81308749;-5,44450200
-45,80284749;-5,44450200
-45,79260749;-5,62395100
-45,78236749;-5,62395100
-45,77212749;-5,62395100
-45,76188749;-5,62395100
-45,75164749;-5,62395100
-45,74140749;-5,62395100
-45,73116749;-5,62395100
-45,72092749;-5,62395100
-45,71068749;-5,62395100
-45,70044749;-5,80340000
-45,69020749;-5,62395100
-45,67996749;-5,44450200
-45,66972749;-5,62395100
-45,65948749;-5,62395100
-45,64924749;-5,44450200
-45,63900749;-5,62395100
-45,62876749;-5,62395100
-45,61852749;-5,44450200
-45,60828749;-5,44450200
-45,59804749;-5,62395100
-45,58780749;-5,44450200
-45,57756749;-5,62395100
-45,56732749;-5,44450200
-45,55708749;-5,44450200
-45,54684749;-5,62395100
-45,53660749;-5,44450200
-45,52636749;-5,62395100
-45,51612749;-5,62395100
-45,50588749;-5,44450200
-45,49564749;-5,44450200
-45,48540749;-5,62395100
-45,47516749;-5,44450200
-45,46492749;-5,62395100
-45,45468749;-5,44450200
-45,44444749;-5,62395100
-45,43420749;-5,62395100
-45,42396749;-5,44450200
-45,41372749;-5,44450200
-45,40348749;-5,62395100
-45,39324749;-5,44450200
-45,38300749;-5,62395100
-45,37276749;-5,44450200
-45,36252749;-5,44450200
-45,35228749;-5,62395100
-45,34204749;-5,62395100
-45,33180749;-5,62395100
-45,32156749;-5,44450200
-45,31132749;-5,44450200
-45,30108749;-5,44450200
-45,29084749;-5,44450200
-45,28060749;-5,62395100
-45,27036749;-5,44450200
-45,26012749;-5,44450200
-45,24988749;-5,44450200
-45,23964749;-5,44450200
-45,22940749;-5,44450200
-45,21916749;-5,62395100
-45,20892749;-5,62395100
-45,19868749;-5,62395100
-45,18844749;-5,62395100
-45,17820749;-5,44450200
-45,16796749;-5,44450200
-45,15772749;-5,44450200
-45,14748749;-5,44450200
-45,13724749;-5,44450200
-45,12700749;-5,44450200
-45,11676749;-5,44450200
-45,10652749;-5,44450200
-45,09628749;-5,62395100
-45,08604749;-5,44450200
-45,07580749;-5,44450200
-45,06556749;-5,62395100
-45,05532749;-5,44450200
-45,04508749;-5,44450200
-45,03484749;-5,62395100
-45,02460749;-5,44450200
-45,01436749;-5,44450200
-45,00412749;-5,44450200
-44,99388749;-5,44450200
-44,98364749;-5,44450200
-44,97340749;-5,44450200
-44,96316749;-5,44450200
-44,95292749;-5,44450200
-44,94268749;-5,44450200
-44,93244749;-5,44450200
-44,92220749;-5,44450200
-44,91196749;-5,44450200
-44,90172749;-5,44450200
-44,89148749;-5,44450200
-44,88124749;-5,44450200
-44,87100749;-5,44450200
-44,86076749;-5,44450200
-44,85052749;-5,44450200
-44,84028749;-5,44450200
-44,83004749;-5,44450200
-44,81980749;-5,44450200
-44,80956749;-5,44450200
-44,79932749;-5,44450200
-44,78908749;-5,44450200
-44,77884749;-5,44450200
-44,76860749;-5,44450200
-44,75836749;-5,44450200
-44,74812749;-5,44450200
-44,73788749;-5,44450200
-44,72764749;-5,44450200
-44,71740749;-5,44450200
-44,70716749;-5,44450200
-44,69692749;-5,44450200
-44,68668749;-5,44450200
-44,67644749;-5,44450200
-44,66620749;-5,44450200
-44,65596749;-5,44450200
-44,64572749;-5,44450200
-44,63548749;-5,44450200
-44,62524749;-5,44450200
-44,61500749;-5,44450200
-44,60476749;-5,44450200
-44,59452749;-5,44450200
-44,58428749;-5,44450200
-44,57404749;-5,44450200
-44,56380749;-5,44450200
-44,55356749;-5,44450200
-44,54332749;-5,62395100
-44,53308749;-5,44450200
-44,52284749;-5,44450200
-44,51260749;-5,44450200
-44,50236749;-5,44450200
-44,49212749;-5,44450200
-44,48188749;-5,44450200
-44,47164749;-5,44450200
-44,46140749;-5,44450200
-44,45116750;-5,44450200
-44,44092750;-5,44450200
-44,43068750;-5,44450200
-44,42044750;-5,44450200
-44,41020750;-5,44450200
-44,39996750;-5,44450200
-44,38972750;-5,44450200
-44,37948750;-5,44450200
-44,36924750;-5,44450200
-44,35900750;-5,44450200
-44,34876750;-5,44450200
-44,33852750;-5,44450200
-44,32828750;-5,44450200
-44,31804750;-5,44450200
-44,30780750;-5,44450200
-44,29756750;-5,44450200
-44,28732750;-5,44450200
-44,27708750;-5,44450200
-44,26684750;-5,44450200
-44,25660750;-5,44450200
-44,24636750;-5,44450200
-44,23612750;-5,44450200
-44,22588750;-5,44450200
-44,21564750;-5,44450200
-44,20540750;-5,44450200
-44,19516750;-5,44450200
-44,18492750;-5,44450200
-44,17468750;-5,44450200
-44,16444750;-5,44450200
-44,15420750;-5,44450200
-44,14396750;-5,44450200
-44,13372750;-5,44450200
-44,12348750;-5,44450200
-44,11324750;-5,44450200
-44,10300750;-5,44450200
-44,09276750;-5,44450200
-44,08252750;-5,44450200
-44,07228750;-5,44450200
-44,06204750;-5,44450200
-44,05180750;-5,44450200
-44,04156750;-5,44450200
-44,03132750;-5,44450200
-44,02108750;-5,44450200
-44,01084750;-5,44450200
-44,00060750;-5,44450200
-43,99036750;-5,44450200
-43,98012750;-5,44450200
-43,96988750;-5,44450200
-43,95964750;-5,44450200
-43,94940750;-5,44450200
-43,93916750;-5,44450200
-43,92892750;-5,44450200
-43,91868750;-5,44450200
-43,90844750;-5,44450200
-43,89820750;-5,44450200
-43,88796750;-5,44450200
-43,87772750;-5,44450200
-43,86748750;-5,44450200
-43,85724750;-5,44450200
-43,84700750;-5,44450200
-43,83676750;-5,44450200
-43,82652750;-5,44450200
-43,81628750;-5,44450200
-43,80604750;-5,44450200
-43,79580750;-5,44450200
-43,78556750;-5,44450200
-43,77532750;-5,44450200
-43,76508750;-5,44450200
-43,75484750;-5,44450200
-43,74460750;-5,44450200
-43,73436750;-5,44450200
-43,72412750;-5,44450200
-43,71388750;-5,44450200
-43,70364750;-5,44450200
-43,69340750;-5,44450200
-43,68316750;-5,44450200
-43,67292750;-5,44450200
-43,66268750;-5,44450200
-43,65244750;-5,44450200
-43,64220750;-5,44450200
-43,63196750;-5,44450200
-43,62172750;-5,44450200
-43,61148750;-5,44450200
-43,60124750;-5,44450200
-43,59100750;-5,44450200
-43,58076750;-5,44450200
-43,57052750;-5,44450200
-43,56028750;-5,44450200
-43,55004750;-5,44450200
-43,53980750;-5,44450200
-43,52956750;-5,44450200
-43,51932750;-5,44450200
-43,50908750;-5,44450200
-43,49884750;-5,44450200
-43,48860750;-5,44450200
-43,47836750;-5,44450200
-43,46812750;-5,44450200
-43,45788750;-5,44450200
-43,44764750;-5,44450200
-43,43740750;-5,44450200
-43,42716750;-5,44450200
-43,41692750;-5,44450200
-43,40668750;-5,44450200
-43,39644750;-5,44450200
-43,38620750;-5,44450200
-43,37596750;-5,44450200
-43,36572750;-5,44450200
-43,35548750;-5,44450200
-43,34524750;-5,44450200
-43,33500750;-5,44450200
-43,32476750;-5,44450200
-43,31452750;-5,44450200
-43,30428750;-5,44450200
-43,29404750;-5,44450200
-43,28380750;-5,44450200
-43,27356750;-5,44450200
-43,26332750;-5,44450200
-43,25308750;-5,44450200
-43,24284750;-5,44450200
-43,23260750;-5,44450200
-43,22236750;-5,44450200
-43,21212750;-5,44450200
-43,20188750;-5,44450200
-43,19164750;-5,44450200
-43,18140750;-5,44450200
-43,17116750;-5,44450200
-43,16092750;-5,44450200
-43,15068750;-5,44450200
-43,14044750;-5,44450200
-43,13020750;-5,44450200
-43,11996750;-5,44450200
-43,10972750;-5,44450200
-43,09948750;-5,44450200
-43,08924750;-5,44450200
-43,07900750;-5,44450200
-43,06876750;-5,44450200
-43,05852750;-5,44450200
-43,04828750;-5,44450200
-43,03804750;-5,44450200
-43,02780750;-5,44450200
-43,01756750;-5,44450200
-43,00732750;-5,44450200
-42,99708750;-5,44450200
-42,98684750;-5,44450200
-42,97660750;-5,44450200
-42,96636750;-5,44450200
-42,95612750;-5,44450200
-42,94588750;-5,44450200
-42,93564750;-5,44450200
-42,92540750;-5,44450200
-42,91516750;-5,44450200
-42,90492750;-5,44450200
-42,89468750;-5,44450200
-42,88444750;-5,44450200
-42,87420750;-5,44450200
-42,86396750;-5,44450200
-42,85372750;-5,44450200
-42,84348750;-5,44450200
-42,83324750;-5,44450200
-42,82300750;-5,44450200
-42,81276750;-5,44450200
-42,80252751;-5,44450200
-42,79228751;-5,44450200
-42,78204751;-5,44450200
-42,77180751;-5,44450200
-42,76156751;-5,44450200
-42,75132751;-5,44450200
-42,74108751;-5,44450200
-42,73084751;-5,44450200
-42,72060751;-5,44450200
-42,71036751;-5,44450200
-42,70012751;-5,44450200
-42,68988751;-5,44450200
-42,67964751;-5,44450200
-42,66940751;-5,44450200
-42,65916751;-5,44450200
-42,64892751;-5,44450200
-42,63868751;-5,44450200
-42,62844751;-5,44450200
-42,61820751;-5,44450200
-42,60796751;-5,44450200
-42,59772751;-5,44450200
-42,58748751;-5,44450200
-42,57724751;-5,44450200
-42,56700751;-5,44450200
-42,55676751;-5,44450200
-42,54652751;-5,44450200
-42,53628751;-5,44450200
-42,52604751;-5,44450200
-42,51580751;-5,44450200
-42,50556751;-5,44450200
-42,49532751;-5,44450200
-42,48508751;-5,44450200
-42,47484751;-5,44450200
-42,46460751;-5,44450200
-42,45436751;-5,44450200
-42,44412751;-5,44450200
-42,43388751;-5,44450200
-42,42364751;-5,44450200
-42,41340751;-5,44450200
-42,40316751;-5,44450200
-42,39292751;-5,44450200
-42,38268751;-5,44450200
-42,37244751;-5,44450200
-42,36220751;-5,44450200
-42,35196751;-5,44450200
-42,34172751;-5,44450200
-42,33148751;-5,44450200
-42,32124751;-5,44450200
-42,31100751;-5,44450200
-42,30076751;-5,44450200
-42,29052751;-5,44450200
-42,28028751;-5,44450200
-42,27004751;-5,44450200
-42,25980751;-5,44450200
-42,24956751;-5,44450200
-42,23932751;-5,44450200
-42,22908751;-5,44450200
-42,21884751;-5,44450200
-42,20860751;-5,44450200
-42,19836751;-5,44450200
-42,18812751;-5,44450200
-42,17788751;-5,44450200
-42,16764751;-5,44450200
-42,15740751;-5,44450200
-42,14716751;-5,44450200
-42,13692751;-5,44450200
-42,12668751;-5,44450200
-42,11644751;-5,44450200
-42,10620751;-5,44450200
-42,09596751;-5,44450200
-42,08572751;-5,44450200
-42,07548751;-5,44450200
-42,06524751;-5,44450200
-42,05500751;-5,44450200
-42,04476751;-5,44450200
-42,03452751;-5,44450200
-42,02428751;-5,44450200
-42,01404751;-5,44450200
-42,00380751;-5,44450200
-41,99356751;-5,44450200
-41,98332751;-5,44450200
-41,97308751;-5,44450200
-41,96284751;-5,44450200
-41,95260751;-5,44450200
-41,94236751;-5,26444300
-41,93212751;-5,44450200
-41,92188751;-5,44450200
-41,91164751;-5,44450200
-41,90140751;-5,44450200
-41,89116751;-5,44450200
-41,88092751;-5,44450200
-41,87068751;-5,44450200
-41,86044751;-5,44450200
-41,85020751;-5,44450200
-41,83996751;-5,44450200
-41,82972751;-5,44450200
-41,81948751;-5,44450200
-41,80924751;-5,44450200
-41,79900751;-5,44450200
-41,78876751;-5,44450200
-41,77852751;-5,44450200
-41,76828751;-5,26444300
-41,75804751;-5,44450200
-41,74780751;-5,44450200
-41,73756751;-5,44450200
-41,72732751;-5,44450200
-41,71708751;-5,44450200
-41,70684751;-5,44450200
-41,69660751;-5,44450200
-41,68636751;-5,44450200
-41,67612751;-5,44450200
-41,66588751;-5,44450200
-41,65564751;-5,44450200
-41,64540751;-5,44450200
-41,63516751;-5,44450200
-41,62492751;-5,26444300
-41,61468751;-5,44450200
-41,60444751;-5,44450200
-41,59420751;-5,26444300
-41,58396751;-5,26444300
-41,57372751;-5,44450200
-41,56348751;-5,44450200
-41,55324751;-5,44450200
-41,54300751;-5,44450200
-41,53276751;-5,44450200
-41,52252751;-5,44450200
-41,51228751;-5,26444300
-41,50204751;-5,44450200
-41,49180751;-5,44450200
-41,48156751;-5,44450200
-41,47132751;-5,44450200
-41,46108751;-5,44450200
-41,45084751;-5,44450200
-41,44060751;-5,44450200
-41,43036751;-5,44450200
-41,42012751;-5,44450200
-41,40988751;-5,44450200
-41,39964751;-5,26444300
-41,38940751;-5,44450200
-41,37916751;-5,44450200
-41,36892751;-5,44450200
-41,35868751;-5,26444300
-41,34844751;-5,44450200
-41,33820751;-5,44450200
-41,32796751;-5,26444300
-41,31772751;-5,44450200
-41,30748751;-5,44450200
-41,29724751;-5,44450200
-41,28700751;-5,44450200
-41,27676751;-5,26444300
-41,26652751;-5,44450200
-41,25628751;-5,44450200
-41,24604751;-5,44450200
-41,23580751;-5,26444300
-41,22556751;-5,26444300
-41,21532751;-5,44450200
-41,20508751;-5,44450200
-41,19484751;-5,26444300
-41,18460751;-5,44450200
-41,17436751;-5,26444300
-41,16412752;-5,44450200
-41,15388752;-5,26444300
-41,14364752;-5,44450200
-41,13340752;-5,44450200
-41,12316752;-5,44450200
-41,11292752;-5,44450200
-41,10268752;-5,26444300
-41,09244752;-5,44450200
-41,08220752;-5,44450200
-41,07196752;-5,44450200
-41,06172752;-5,44450200
-41,05148752;-5,26444300
-41,04124752;-5,26444300
-41,03100752;-5,26444300
-41,02076752;-5,44450200
-41,01052752;-5,26444300
-41,00028752;-5,44450200
-40,99004752;-5,44450200
-40,97980752;-5,44450200
-40,96956752;-5,44450200
-40,95932752;-5,26444300
-40,94908752;-5,26444300
-40,93884752;-5,08499400
-40,92860752;-5,08499400
-40,91836752;-5,08499400
-40,90812752;-5,08499400
-40,89788752;-5,08499400
-40,88764752;-5,08499400
-40,87740752;-4,90554500
-40,86716752;-5,08499400
-40,85692752;-4,90554500
-40,84668752;-4,72609600
-40,83644752;-4,72609600
-40,82620752;-4,54664800
-40,81596752;-4,36658800
-40,80572752;-4,54664800
-40,79548752;-4,54664800
-40,78524752;-4,54664800
-40,77500752;-4,36658800
-40,76476752;-4,36658800
-40,75452752;-4,36658800
-40,74428752;-4,36658800
-40,73404752;-4,00769000
-40,72380752;-4,00769000
-40,71356752;-4,00769000
-40,70332752;-4,00769000
-40,69308752;-4,00769000
-40,68284752;-4,00769000
-40,67260752;-4,00769000
-40,66236752;-4,00769000
-40,65212752;-3,82824200
-40,64188752;-3,64879300
-40,63164752;-3,64879300
-40,62140752;-3,46873400
-40,61116752;-3,46873400
-40,60092752;-3,46873400
-40,59068752;-3,64879300
-40,58044752;-3,46873400
-40,57020752;-3,28928500
-40,55996752;-3,28928500
-40,54972752;-3,28928500
-40,53948752;-3,28928500
-40,52924752;-3,10983600
-40,51900752;-2,93038700
-40,50876752;-2,93038700
-40,49852752;-3,10983600
-40,48828752;-2,93038700
-40,47804752;-2,93038700
-40,46780752;-2,93038700
-40,45756752;-2,93038700
-40,44732752;-2,93038700
-40,43708752;-2,57087900
-40,42684752;-2,57087900
-40,41660752;-2,57087900
-40,40636752;-2,57087900
-40,39612752;-2,57087900
-40,38588752;-2,39143000
-40,37564752;-2,39143000
-40,36540752;-2,39143000
-40,35516752;-2,21198200
-40,34492752;-2,21198200
-40,33468752;-2,21198200
-40,32444752;-2,03253300
-40,31420752;-2,03253300
-40,30396752;-2,03253300
-40,29372752;-2,03253300
-40,28348752;-1,85308400
-40,27324752;-1,85308400
-40,26300752;-1,85308400
-40,25276752;-1,85308400
-40,24252752;-1,67302500
-40,23228752;-1,49357600
-40,22204752;-1,49357600
-40,21180752;-1,49357600
-40,20156752;-1,49357600
-40,19132752;-1,49357600
-40,18108752;-1,49357600
-40,17084752;-1,31412700
-40,16060752;-1,13467800
-40,15036752;-1,13467800
-40,14012752;-1,13467800
-40,12988752;-0,95522930
-40,11964752;-0,95522930
-40,10940752;-0,95522930
-40,09916752;-0,95522930
-40,08892752;-0,77517010
-40,07868752;-0,77517010
-40,06844752;-0,77517010
-40,05820752;-0,77517010
-40,04796752;-0,77517010
-40,03772752;-0,59572130
-40,02748752;-0,41627250
-40,01724752;-0,41627250
-40,00700752;-0,41627250
-39,99676752;-0,41627250
-39,98652752;-0,23682360
-39,97628752;-0,41627250
-39,96604752;-0,23682360
-39,95580752;-0,23682360
-39,94556752;-0,05737480
-39,93532752;-0,05737480
-39,92508752;-0,05737480
-39,91484752;0,12207400
-39,90460752;0,12207400
-39,89436752;0,12207400
-39,88412752;0,30152290
-39,87388752;0,30152290
-39,86364752;0,30152290
-39,85340752;0,30152290
-39,84316752;0,48097170
-39,83292752;0,66042050
-39,82268752;0,66042050
-39,81244752;0,66042050
-39,80220752;0,66042050
-39,79196752;0,66042050
-39,78172752;0,66042050
-39,77148752;0,66042050
-39,76124752;0,66042050
-39,75100752;0,84047970
-39,74076752;1,01992900
-39,73052752;1,19937700
-39,72028752;1,19937700
-39,71004752;1,19937700
-39,69980752;1,37882600
-39,68956752;1,37882600
-39,67932752;1,37882600
-39,66908752;1,37882600
-39,65884752;1,37882600
-39,64860752;1,55827500
-39,63836752;1,55827500
-39,62812752;1,73833400
-39,61788752;1,73833400
-39,60764752;1,73833400
-39,59740752;1,73833400
-39,58716752;1,91778300
-39,57692752;1,91778300
-39,56668752;1,91778300
-39,55644752;2,09723200
-39,54620752;2,09723200
-39,53596752;2,09723200
-39,52572752;2,09723200
-39,51548753;2,09723200
-39,50524753;2,27668100
-39,49500753;2,27668100
-39,48476753;2,45613000
-39,47452753;2,45613000
-39,46428753;2,45613000
-39,45404753;2,45613000
-39,44380753;2,63618900
-39,43356753;2,63618900
-39,42332753;2,63618900
-39,41308753;2,81563800
-39,40284753;2,81563800
-39,39260753;2,81563800
-39,38236753;2,81563800
-39,37212753;2,81563800
-39,36188753;2,81563800
-39,35164753;2,81563800
-39,34140753;2,99508600
-39,33116753;2,99508600
-39,32092753;3,17453500
-39,31068753;3,17453500
-39,30044753;3,17453500
-39,29020753;3,17453500
-39,27996753;3,17453500
-39,26972753;3,17453500
-39,25948753;3,17453500
-39,24924753;3,17453500
-39,23900753;3,53404300
-39,22876753;3,53404300
-39,21852753;3,53404300
-39,20828753;3,53404300
-39,19804753;3,53404300
-39,18780753;3,53404300
-39,17756753;3,71349200
-39,16732753;3,71349200
-39,15708753;3,71349200
-39,14684753;3,89294100
-39,13660753;3,89294100
-39,12636753;3,89294100
-39,11612753;3,89294100
-39,10588753;4,07239000
-39,09564753;4,07239000
-39,08540753;4,25183900
-39,07516753;4,25183900
-39,06492753;4,25183900
-39,05468753;4,25183900
-39,04444753;4,43189800
-39,03420753;4,61134700
-39,02396753;4,61134700
-39,01372753;4,61134700
-39,00348753;4,61134700
-38,99324753;4,79079600
-38,98300753;4,61134700
-38,97276753;4,79079600
-38,96252753;4,79079600
-38,95228753;4,97024400
-38,94204753;4,97024400
-38,93180753;4,97024400
-38,92156753;4,97024400
-38,91132753;4,97024400
-38,90108753;5,14969300
-38,89084753;5,14969300
-38,88060753;5,14969300
-38,87036753;5,32975200
-38,86012753;5,32975200
-38,84988753;5,32975200
-38,83964753;5,32975200
-38,82940753;5,32975200
-38,81916753;5,50920200
-38,80892753;5,50920200
-38,79868753;5,50920200
-38,78844753;5,50920200
-38,77820753;5,68865000
-38,76796753;5,68865000
-38,75772753;5,68865000
-38,74748753;5,68865000
-38,73724753;5,68865000
-38,72700753;5,68865000
-38,71676753;5,68865000
-38,70652753;5,86809900
-38,69628753;6,04754800
-38,68604753;6,04754800
-38,67580753;6,04754800
-38,66556753;6,04754800
-38,65532753;6,04754800
-38,64508753;6,04754800
-38,63484753;6,22760700
-38,62460753;6,22760700
-38,61436753;6,22760700
-38,60412753;6,40705600
-38,59388753;6,40705600
-38,58364753;6,40705600
-38,57340753;6,40705600
-38,56316753;6,40705600
-38,55292753;6,58650500
-38,54268753;6,76595400
-38,53244753;6,76595400
-38,52220753;6,76595400
-38,51196753;6,76595400
-38,50172753;6,76595400
-38,49148753;6,94540200
-38,48124753;6,94540200
-38,47100753;7,12546200
-38,46076753;7,12546200
-38,45052753;7,12546200
-38,44028753;7,12546200
-38,43004753;7,30491100
-38,41980753;7,48435900
-38,40956753;7,48435900
-38,39932753;7,48435900
-38,38908753;7,48435900
-38,37884753;7,48435900
-38,36860753;7,48435900
-38,35836753;7,84325700
-38,34812753;7,84325700
-38,33788753;7,84325700
-38,32764753;7,84325700
-38,31740753;7,84325700
-38,30716753;7,84325700
-38,29692753;8,02331600
-38,28668753;8,20276500
-38,27644753;8,20276500
-38,26620753;8,20276500
-38,25596753;8,20276500
-38,24572753;8,20276500
-38,23548753;8,38221400
-38,22524753;8,38221400
-38,21500753;8,56166300
-38,20476753;8,56166300
-38,19452753;8,56166300
-38,18428753;8,56166300
-38,17404753;8,56166300
-38,16380753;8,56166300
-38,15356753;8,56166300
-38,14332753;8,74111200
-38,13308753;8,56166300
-38,12284753;8,56166300
-38,11260753;8,74111200
-38,10236753;8,92117000
-38,09212753;8,92117000
-38,08188753;8,92117000
-38,07164753;8,92117000
-38,06140753;8,92117000
-38,05116753;8,92117000
-38,04092753;8,92117000
-38,03068753;8,92117000
-38,02044753;8,92117000
-38,01020753;8,92117000
-37,99996753;8,92117000
-37,98972753;9,10061900
-37,97948753;9,10061900
-37,96924753;9,10061900
-37,95900753;9,10061900
-37,94876753;9,28006800
-37,93852753;9,28006800
-37,92828753;9,28006800
-37,91804753;9,28006800
-37,90780753;9,28006800
-37,89756753;9,28006800
-37,88732753;9,45951700
-37,87708753;9,28006800
-37,86684754;9,45951700
-37,85660754;9,45951700
-37,84636754;9,63896600
-37,83612754;9,63896600
-37,82588754;9,63896600
-37,81564754;9,81902500
-37,80540754;9,81902500
-37,79516754;9,81902500
-37,78492754;9,81902500
-37,77468754;9,99847400
-37,76444754;9,99847400
-37,75420754;9,99847400
-37,74396754;9,99847400
-37,73372754;9,99847400
-37,72348754;10,17792000
-37,71324754;9,99847400
-37,70300754;10,17792000
-37,69276754;10,17792000
-37,68252754;10,35737000
-37,67228754;10,35737000
-37,66204754;10,35737000
-37,65180754;10,35737000
-37,64156754;10,35737000
-37,63132754;10,35737000
-37,62108754;10,53682000
-37,61084754;10,35737000
-37,60060754;10,35737000
-37,59036754;10,35737000
-37,58012754;10,53682000
-37,56988754;10,53682000
-37,55964754;10,53682000
-37,54940754;10,53682000
-37,53916754;10,71688000
-37,52892754;10,71688000
-37,51868754;10,71688000
-37,50844754;10,71688000
-37,49820754;10,71688000
-37,48796754;10,71688000
-37,47772754;10,71688000
-37,46748754;10,71688000
-37,45724754;10,71688000
-37,44700754;10,71688000
-37,43676754;10,89633000
-37,42652754;10,89633000
-37,41628754;10,89633000
-37,40604754;10,89633000
-37,39580754;10,89633000
-37,38556754;10,89633000
-37,37532754;10,89633000
-37,36508754;10,89633000
-37,35484754;11,07578000
-37,34460754;11,07578000
-37,33436754;11,07578000
-37,32412754;11,07578000
-37,31388754;11,07578000
-37,30364754;11,07578000
-37,29340754;11,07578000
-37,28316754;11,07578000
-37,27292754;11,25523000
-37,26268754;11,25523000
-37,25244754;11,25523000
-37,24220754;11,25523000
-37,23196754;11,43529000
-37,22172754;11,43529000
-37,21148754;11,43529000
-37,20124754;11,43529000
-37,19100754;11,43529000
-37,18076754;11,43529000
-37,17052754;11,43529000
-37,16028754;11,43529000
-37,15004754;11,43529000
-37,13980754;11,43529000
-37,12956754;11,61473000
-37,11932754;11,61473000
-37,10908754;11,61473000
-37,09884754;11,61473000
-37,08860754;11,43529000
-37,07836754;11,61473000
-37,06812754;11,79418000
-37,05788754;11,79418000
-37,04764754;11,79418000
-37,03740754;11,79418000
-37,02716754;11,79418000
-37,01692754;11,79418000
-37,00668754;11,79418000
-36,99644754;11,79418000
-36,98620754;11,79418000
-36,97596754;11,79418000
-36,96572754;11,79418000
-36,95548754;11,79418000
-36,94524754;11,79418000
-36,93500754;11,97363000
-36,92476754;11,79418000
-36,91452754;11,97363000
-36,90428754;11,97363000
-36,89404754;11,79418000
-36,88380754;11,79418000
-36,87356754;11,97363000
-36,86332754;11,97363000
-36,85308754;11,97363000
-36,84284754;11,97363000
-36,83260754;12,15308000
-36,82236754;11,97363000
-36,81212754;11,97363000
-36,80188754;11,97363000
-36,79164754;12,15308000
-36,78140754;11,97363000
-36,77116754;11,97363000
-36,76092754;12,15308000
-36,75068754;11,97363000
-36,74044754;11,97363000
-36,73020754;12,15308000
-36,71996754;12,15308000
-36,70972754;12,15308000
-36,69948754;12,15308000
-36,68924754;12,15308000
-36,67900754;12,15308000
-36,66876754;12,15308000
-36,65852754;12,15308000
-36,64828754;12,15308000
-36,63804754;12,15308000
-36,62780754;12,15308000
-36,61756754;12,15308000
-36,60732754;12,15308000
-36,59708754;12,15308000
-36,58684754;12,15308000
-36,57660754;12,15308000
-36,56636754;12,15308000
-36,55612754;12,15308000
-36,54588754;12,15308000
-36,53564754;12,15308000
-36,52540754;12,15308000
-36,51516754;12,15308000
-36,50492754;12,15308000
-36,49468754;12,15308000
-36,48444754;12,15308000
-36,47420754;12,15308000
-36,46396754;12,15308000
-36,45372754;12,15308000
-36,44348754;12,15308000
-36,43324754;12,15308000
-36,42300754;12,15308000
-36,41276754;12,15308000
-36,40252754;12,15308000
-36,39228754;12,15308000
-36,38204754;12,15308000
-36,37180754;12,15308000
-36,36156754;12,15308000
-36,35132754;12,15308000
-36,34108754;12,15308000
-36,33084754;12,15308000
-36,32060754;12,15308000
-36,31036754;12,15308000
-36,30012754;12,15308000
-36,28988754;12,15308000
-36,27964754;12,15308000
-36,26940754;12,15308000
-36,25916754;12,15308000
-36,24892754;12,15308000
-36,23868754;12,15308000
-36,22844754;12,15308000
-36,21820755;12,15308000
-36,20796755;12,15308000
-36,19772755;12,15308000
-36,18748755;12,15308000
-36,17724755;12,15308000
-36,16700755;12,15308000
-36,15676755;12,15308000
-36,14652755;12,15308000
-36,13628755;12,15308000
-36,12604755;12,15308000
-36,11580755;12,15308000
-36,10556755;12,15308000
-36,09532755;12,15308000
-36,08508755;12,15308000
-36,07484755;12,15308000
-36,06460755;12,15308000
-36,05436755;12,15308000
-36,04412755;12,15308000
-36,03388755;12,15308000
-36,02364755;12,15308000
-36,01340755;12,15308000
-36,00316755;12,15308000
-35,99292755;12,15308000
-35,98268755;12,15308000
-35,97244755;12,15308000
-35,96220755;12,15308000
-35,95196755;12,15308000
-35,94172755;12,15308000
-35,93148755;12,33314000
-35,92124755;12,33314000
-35,91100755;12,15308000
-35,90076755;12,15308000
-35,89052755;12,15308000
-35,88028755;12,15308000
-35,87004755;12,15308000
-35,85980755;12,15308000
-35,84956755;12,15308000
-35,83932755;12,15308000
-35,82908755;12,33314000
-35,81884755;12,15308000
-35,80860755;12,15308000
-35,79836755;12,15308000
-35,78812755;12,33314000
-35,77788755;12,15308000
-35,76764755;12,15308000
-35,75740755;12,15308000
-35,74716755;12,33314000
-35,73692755;12,33314000
-35,72668755;12,33314000
-35,71644755;12,15308000
-35,70620755;12,33314000
-35,69596755;12,33314000
-35,68572755;12,33314000
-35,67548755;12,15308000
-35,66524755;12,15308000
-35,65500755;12,33314000
-35,64476755;12,33314000
-35,63452755;12,15308000
-35,62428755;12,15308000
-35,61404755;12,15308000
-35,60380755;12,15308000
-35,59356755;12,33314000
-35,58332755;12,15308000
-35,57308755;12,15308000
-35,56284755;12,15308000
-35,55260755;12,15308000
-35,54236755;12,15308000
-35,53212755;12,33314000
-35,52188755;12,15308000
-35,51164755;12,15308000
-35,50140755;12,15308000
-35,49116755;12,15308000
-35,48092755;12,15308000
-35,47068755;12,15308000
-35,46044755;12,15308000
-35,45020755;12,15308000
-35,43996755;12,15308000
-35,42972755;12,15308000
-35,41948755;12,15308000
-35,40924755;12,15308000
-35,39900755;12,15308000
-35,38876755;12,15308000
-35,37852755;12,15308000
-35,36828755;12,15308000
-35,35804755;12,15308000
-35,34780755;12,15308000
-35,33756755;12,15308000
-35,32732755;12,15308000
-35,31708755;12,15308000
-35,30684755;11,97363000
-35,29660755;11,97363000
-35,28636755;12,15308000
-35,27612755;11,97363000
-35,26588755;11,97363000
-35,25564755;11,97363000
-35,24540755;11,97363000
-35,23516755;11,97363000
-35,22492755;11,97363000
-35,21468755;11,79418000
-35,20444755;11,79418000
-35,19420755;11,79418000
-35,18396755;11,79418000
-35,17372755;11,79418000
-35,16348755;11,79418000
-35,15324755;11,79418000
-35,14300755;11,79418000
-35,13276755;11,79418000
-35,12252755;11,79418000
-35,11228755;11,61473000
-35,10204755;11,43529000
-35,09180755;11,43529000
-35,08156755;11,43529000
-35,07132755;11,43529000
-35,06108755;11,43529000
-35,05084755;11,79418000
-35,04060755;11,79418000
-35,03036755;11,61473000
-35,02012755;11,61473000
-35,00988755;11,43529000
-34,99964755;11,43529000
-34,98940755;11,43529000
-34,97916755;11,43529000
-34,96892755;11,43529000
-34,95868755;11,43529000
-34,94844755;11,43529000
-34,93820755;11,61473000
-34,92796755;11,61473000
-34,91772755;11,43529000
-34,90748755;11,43529000
-34,89724755;11,43529000
-34,88700755;11,43529000
-34,87676755;11,43529000
-34,86652755;11,43529000
-34,85628755;11,43529000
-34,84604755;11,61473000
-34,83580755;11,43529000
-34,82556755;11,61473000
-34,81532755;11,43529000
-34,80508755;11,43529000
-34,79484755;11,43529000
-34,78460755;11,43529000
-34,77436755;11,43529000
-34,76412755;11,43529000
-34,75388755;11,43529000
-34,74364755;11,43529000
-34,73340755;11,43529000
-34,72316755;11,43529000
-34,71292755;11,43529000
-34,70268755;11,25523000
-34,69244755;11,25523000
-34,68220755;11,43529000
-34,67196755;11,43529000
-34,66172755;11,25523000
-34,65148755;11,43529000
-34,64124755;11,43529000
-34,63100755;11,43529000
-34,62076755;11,25523000
-34,61052755;11,07578000
-34,60028755;11,07578000
-34,59004755;11,07578000
-34,57980756;11,07578000
-34,56956756;11,07578000
-34,55932756;11,07578000
-34,54908756;11,07578000
-34,53884756;11,07578000
-34,52860756;11,07578000
-34,51836756;11,07578000
-34,50812756;10,89633000
-34,49788756;10,71688000
-34,48764756;10,89633000
-34,47740756;10,89633000
-34,46716756;10,89633000
-34,45692756;10,71688000
-34,44668756;10,89633000
-34,43644756;10,89633000
-34,42620756;10,71688000
-34,41596756;10,71688000
-34,40572756;10,53682000
-34,39548756;10,53682000
-34,38524756;10,53682000
-34,37500756;10,71688000
-34,36476756;10,53682000
-34,35452756;10,53682000
-34,34428756;10,53682000
-34,33404756;10,53682000
-34,32380756;10,53682000
-34,31356756;10,35737000
-34,30332756;10,17792000
-34,29308756;10,17792000
-34,28284756;10,35737000
-34,27260756;10,35737000
-34,26236756;10,35737000
-34,25212756;10,35737000
-34,24188756;10,35737000
-34,23164756;10,17792000
-34,22140756;9,99847400
-34,21116756;9,99847400
-34,20092756;9,99847400
-34,19068756;9,99847400
-34,18044756;9,99847400
-34,17020756;9,99847400
-34,15996756;9,81902500
-34,14972756;9,99847400
-34,13948756;9,99847400
-34,12924756;9,81902500
-34,11900756;9,81902500
-34,10876756;9,63896600
-34,09852756;9,63896600
-34,08828756;9,81902500
-34,07804756;9,63896600
-34,06780756;9,63896600
-34,05756756;9,63896600
-34,04732756;9,63896600
-34,03708756;9,63896600
-34,02684756;9,45951700
-34,01660756;9,45951700
-34,00636756;9,45951700
-33,99612756;9,28006800
-33,98588756;9,28006800
-33,97564756;9,28006800
-33,96540756;9,28006800
-33,95516756;9,10061900
-33,94492756;9,28006800
-33,93468756;9,28006800
-33,92444756;9,28006800
-33,91420756;9,10061900
-33,90396756;9,10061900
-33,89372756;9,10061900
-33,88348756;8,92117000
-33,87324756;9,10061900
-33,86300756;8,92117000
-33,85276756;8,92117000
-33,84252756;8,92117000
-33,83228756;8,92117000
-33,82204756;8,92117000
-33,81180756;8,56166300
-33,80156756;8,56166300
-33,79132756;8,56166300
-33,78108756;8,56166300
-33,77084756;8,56166300
-33,76060756;8,56166300
-33,75036756;8,38221400
-33,74012756;8,56166300
-33,72988756;8,56166300
-33,71964756;8,38221400
-33,70940756;8,38221400
-33,69916756;8,20276500
-33,68892756;8,20276500
-33,67868756;8,20276500
-33,66844756;8,20276500
-33,65820756;8,20276500
-33,64796756;8,20276500
-33,63772756;8,20276500
-33,62748756;8,20276500
-33,61724756;8,02331600
-33,60700756;7,84325700
-33,59676756;7,84325700
-33,58652756;7,66380800
-33,57628756;7,84325700
-33,56604756;7,84325700
-33,55580756;7,66380800
-33,54556756;7,66380800
-33,53532756;7,84325700
-33,52508756;7,66380800
-33,51484756;7,66380800
-33,50460756;7,48435900
-33,49436756;7,12546200
-33,48412756;7,30491100
-33,47388756;7,30491100
-33,46364756;7,30491100
-33,45340756;7,12546200
-33,44316756;7,30491100
-33,43292756;7,12546200
-33,42268756;7,12546200
-33,41244756;7,12546200
-33,40220756;6,94540200
-33,39196756;6,76595400
-33,38172756;6,76595400
-33,37148756;6,76595400
-33,36124756;6,76595400
-33,35100756;6,76595400
-33,34076756;6,76595400
-33,33052756;6,76595400
-33,32028756;6,58650500
-33,31004756;6,40705600
-33,29980756;6,40705600
-33,28956756;6,22760700
-33,27932756;6,22760700
-33,26908756;6,22760700
-33,25884756;6,22760700
-33,24860756;6,22760700
-33,23836756;6,22760700
-33,22812756;6,04754800
-33,21788756;6,04754800
-33,20764756;6,04754800
-33,19740756;5,68865000
-33,18716756;5,68865000
-33,17692756;5,68865000
-33,16668756;5,68865000
-33,15644756;5,68865000
-33,14620756;5,68865000
-33,13596756;5,68865000
-33,12572756;5,68865000
-33,11548756;5,68865000
-33,10524756;5,32975200
-33,09500756;5,32975200
-33,08476756;4,97024400
-33,07452756;4,97024400
-33,06428756;5,14969300
-33,05404756;5,14969300
-33,04380756;5,14969300
-33,03356756;5,14969300
-33,02332756;4,97024400
-33,01308756;4,97024400
-33,00284756;4,61134700
-32,99260756;4,61134700
-32,98236756;4,61134700
-32,97212756;4,43189800
-32,96188756;4,61134700
-32,95164756;4,61134700
-32,94140756;4,61134700
-32,93116757;4,61134700
-32,92092757;4,61134700
-32,91068757;4,25183900
-32,90044757;4,25183900
-32,89020757;3,89294100
-32,87996757;3,89294100
-32,86972757;3,89294100
-32,85948757;3,89294100
-32,84924757;4,07239000
-32,83900757;4,07239000
-32,82876757;4,07239000
-32,81852757;3,89294100
-32,80828757;3,89294100
-32,79804757;3,53404300
-32,78780757;3,35398400
-32,77756757;3,35398400
-32,76732757;3,53404300
-32,75708757;3,53404300
-32,74684757;3,53404300
-32,73660757;3,53404300
-32,72636757;3,53404300
-32,71612757;3,35398400
-32,70588757;3,17453500
-32,69564757;2,81563800
-32,68540757;2,81563800
-32,67516757;2,81563800
-32,66492757;2,81563800
-32,65468757;2,81563800
-32,64444757;2,81563800
-32,63420757;2,81563800
-32,62396757;2,81563800
-32,61372757;2,81563800
-32,60348757;2,45613000
-32,59324757;2,27668100
-32,58300757;2,09723200
-32,57276757;2,09723200
-32,56252757;2,27668100
-32,55228757;2,27668100
-32,54204757;2,09723200
-32,53180757;2,27668100
-32,52156757;2,09723200
-32,51132757;2,09723200
-32,50108757;1,73833400
-32,49084757;1,55827500
-32,48060757;1,37882600
-32,47036757;1,73833400
-32,46012757;1,55827500
-32,44988757;1,55827500
-32,43964757;1,55827500
-32,42940757;1,55827500
-32,41916757;1,37882600
-32,40892757;1,37882600
-32,39868757;1,01992900
-32,38844757;0,84047970
-32,37820757;0,84047970
-32,36796757;0,84047970
-32,35772757;0,84047970
-32,34748757;0,84047970
-32,33724757;0,84047970
-32,32700757;0,66042050
-32,31676757;0,66042050
-32,30652757;0,66042050
-32,29628757;0,30152290
-32,28604757;0,30152290
-32,27580757;0,30152290
-32,26556757;0,30152290
-32,25532757;0,30152290
-32,24508757;0,30152290
-32,23484757;0,48097170
-32,22460757;0,48097170
-32,21436757;0,30152290
-32,20412757;-0,05737480
-32,19388757;-0,05737480
-32,18364757;-0,23682360
-32,17340757;-0,05737480
-32,16316757;-0,05737480
-32,15292757;-0,05737480
-32,14268757;-0,05737480
-32,13244757;-0,05737480
-32,12220757;-0,05737480
-32,11196757;-0,41627250
-32,10172757;-0,41627250
-32,09148757;-0,77517010
-32,08124757;-0,77517010
-32,07100757;-0,77517010
-32,06076757;-0,59572130
-32,05052757;-0,77517010
-32,04028757;-0,59572130
-32,03004757;-0,77517010
-32,01980757;-0,77517010
-32,00956757;-0,95522930
-31,99932757;-1,13467800
-31,98908757;-1,31412700
-31,97884757;-1,49357600
-31,96860757;-1,31412700
-31,95836757;-1,49357600
-31,94812757;-1,31412700
-31,93788757;-1,31412700
-31,92764757;-1,49357600
-31,91740757;-1,49357600
-31,90716757;-1,67302500
-31,89692757;-1,85308400
-31,88668757;-2,03253300
-31,87644757;-2,21198200
-31,86620757;-2,21198200
-31,85596757;-2,03253300
-31,84572757;-2,03253300
-31,83548757;-2,03253300
-31,82524757;-2,21198200
-31,81500757;-2,21198200
-31,80476757;-2,39143000
-31,79452757;-2,57087900
-31,78428757;-2,57087900
-31,77404757;-2,57087900
-31,76380757;-2,57087900
-31,75356757;-2,57087900
-31,74332757;-2,57087900
-31,73308757;-2,57087900
-31,72284757;-2,75093800
-31,71260757;-2,93038700
-31,70236757;-2,93038700
-31,69212757;-3,28928500
-31,68188757;-3,28928500
-31,67164757;-3,28928500
-31,66140757;-3,28928500
-31,65116757;-3,10983600
-31,64092757;-3,10983600
-31,63068757;-3,28928500
-31,62044757;-3,28928500
-31,61020757;-3,28928500
-31,59996757;-3,64879300
-31,58972757;-3,64879300
-31,57948757;-3,82824200
-31,56924757;-3,64879300
-31,55900757;-3,64879300
-31,54876757;-3,64879300
-31,53852757;-3,64879300
-31,52828757;-3,64879300
-31,51804757;-3,82824200
-31,50780757;-4,00769000
-31,49756757;-4,00769000
-31,48732757;-4,00769000
-31,47708757;-4,36658800
-31,46684757;-4,18714000
-31,45660757;-4,00769000
-31,44636757;-4,00769000
-31,43612757;-4,00769000
-31,42588757;-4,36658800
-31,41564757;-4,36658800
-31,40540757;-4,36658800
-31,39516757;-4,54664800
-31,38492757;-4,72609600
-31,37468757;-4,72609600
-31,36444757;-4,72609600
-31,35420757;-4,72609600
-31,34396757;-4,54664800
-31,33372757;-4,72609600
-31,32348757;-4,72609600
-31,31324757;-4,90554500
-31,30300757;-4,90554500
-31,29276757;-5,08499400
-31,28252758;-5,08499400
-31,27228758;-5,08499400
-31,26204758;-5,08499400
-31,25180758;-5,08499400
-31,24156758;-5,08499400
-31,23132758;-5,08499400
-31,22108758;-5,26444300
-31,21084758;-5,44450200
-31,20060758;-5,44450200
-31,19036758;-5,62395100
-31,18012758;-5,62395100
-31,16988758;-5,62395100
-31,15964758;-5,62395100
-31,14940758;-5,44450200
-31,13916758;-5,62395100
-31,12892758;-5,62395100
-31,11868758;-5,80340000
-31,10844758;-5,80340000
-31,09820758;-5,98284900
-31,08796758;-5,80340000
-31,07772758;-5,80340000
-31,06748758;-5,80340000
-31,05724758;-5,98284900
-31,04700758;-5,80340000
-31,03676758;-5,80340000
-31,02652758;-5,80340000
-31,01628758;-5,98284900
-31,00604758;-5,80340000
-30,99580758;-5,80340000
-30,98556758;-5,80340000
-30,97532758;-5,80340000
-30,96508758;-5,98284900
-30,95484758;-5,98284900
-30,94460758;-5,80340000
-30,93436758;-5,80340000
-30,92412758;-5,80340000
-30,91388758;-5,80340000
-30,90364758;-5,98284900
-30,89340758;-5,80340000
-30,88316758;-5,80340000
-30,87292758;-5,80340000
-30,86268758;-5,80340000
-30,85244758;-5,80340000
-30,84220758;-5,80340000
-30,83196758;-5,98284900
-30,82172758;-5,80340000
-30,81148758;-5,80340000
-30,80124758;-5,80340000
-30,79100758;-5,80340000
-30,78076758;-5,98284900
-30,77052758;-5,80340000
-30,76028758;-5,80340000
-30,75004758;-5,80340000
-30,73980758;-5,80340000
-30,72956758;-5,80340000
-30,71932758;-5,80340000
-30,70908758;-5,80340000
-30,69884758;-5,80340000
-30,68860758;-5,80340000
-30,67836758;-5,80340000
-30,66812758;-5,80340000
-30,65788758;-5,80340000
-30,64764758;-5,80340000
-30,63740758;-5,80340000
-30,62716758;-5,80340000
-30,61692758;-5,80340000
-30,60668758;-5,80340000
-30,59644758;-5,80340000
-30,58620758;-5,80340000
-30,57596758;-5,80340000
-30,56572758;-5,80340000
-30,55548758;-5,80340000
-30,54524758;-5,80340000
-30,53500758;-5,80340000
-30,52476758;-5,80340000
-30,51452758;-5,80340000
-30,50428758;-5,80340000
-30,49404758;-5,80340000
-30,48380758;-5,80340000
-30,47356758;-5,80340000
-30,46332758;-5,80340000
-30,45308758;-5,80340000
-30,44284758;-5,80340000
-30,43260758;-5,80340000
-30,42236758;-5,80340000
-30,41212758;-5,80340000
-30,40188758;-5,80340000
-30,39164758;-5,80340000
-30,38140758;-5,80340000
-30,37116758;-5,80340000
-30,36092758;-5,80340000
-30,35068758;-5,80340000
-30,34044758;-5,80340000
-30,33020758;-5,80340000
-30,31996758;-5,80340000
-30,30972758;-5,80340000
-30,29948758;-5,80340000
-30,28924758;-5,80340000
-30,27900758;-5,80340000
-30,26876758;-5,80340000
-30,25852758;-5,80340000
-30,24828758;-5,80340000
-30,23804758;-5,80340000
-30,22780758;-5,80340000
-30,21756758;-5,80340000
-30,20732758;-5,80340000
-30,19708758;-5,80340000
-30,18684758;-5,80340000
-30,17660758;-5,80340000
-30,16636758;-5,80340000
-30,15612758;-5,80340000
-30,14588758;-5,80340000
-30,13564758;-5,80340000
-30,12540758;-5,80340000
-30,11516758;-5,80340000
-30,10492758;-5,80340000
-30,09468758;-5,80340000
-30,08444758;-5,80340000
-30,07420758;-5,80340000
-30,06396758;-5,80340000
-30,05372758;-5,80340000
-30,04348758;-5,80340000
-30,03324758;-5,80340000
-30,02300758;-5,80340000
-30,01276758;-5,80340000
-30,00252758;-5,80340000
-29,99228758;-5,80340000
-29,98204758;-5,80340000
-29,97180758;-5,80340000
-29,96156758;-5,80340000
-29,95132758;-5,80340000
-29,94108758;-5,80340000
-29,93084758;-5,80340000
-29,92060758;-5,80340000
-29,91036758;-5,80340000
-29,90012758;-5,80340000
-29,88988758;-5,80340000
-29,87964758;-5,80340000
-29,86940758;-5,80340000
-29,85916758;-5,80340000
-29,84892758;-5,80340000
-29,83868758;-5,80340000
-29,82844758;-5,80340000
-29,81820758;-5,80340000
-29,80796758;-5,80340000
-29,79772758;-5,80340000
-29,78748758;-5,80340000
-29,77724758;-5,80340000
-29,76700758;-5,80340000
-29,75676758;-5,80340000
-29,74652758;-5,80340000
-29,73628758;-5,80340000
-29,72604758;-5,80340000
-29,71580758;-5,80340000
-29,70556758;-5,80340000
-29,69532758;-5,80340000
-29,68508758;-5,80340000
-29,67484758;-5,80340000
-29,66460758;-5,80340000
-29,65436758;-5,80340000
-29,64412759;-5,80340000
-29,63388759;-5,80340000
-29,62364759;-5,80340000
-29,61340759;-5,80340000
-29,60316759;-5,80340000
-29,59292759;-5,80340000
-29,58268759;-5,80340000
-29,57244759;-5,80340000
-29,56220759;-5,80340000
-29,55196759;-5,80340000
-29,54172759;-5,80340000
-29,53148759;-5,80340000
-29,52124759;-5,80340000
-29,51100759;-5,80340000
-29,50076759;-5,80340000
-29,49052759;-5,80340000
-29,48028759;-5,80340000
-29,47004759;-5,80340000
-29,45980759;-5,80340000
-29,44956759;-5,80340000
-29,43932759;-5,80340000
-29,42908759;-5,80340000
-29,41884759;-5,80340000
-29,40860759;-5,80340000
-29,39836759;-5,80340000
-29,38812759;-5,80340000
-29,37788759;-5,80340000
-29,36764759;-5,80340000
-29,35740759;-5,80340000
-29,34716759;-5,80340000
-29,33692759;-5,80340000
-29,32668759;-5,80340000
-29,31644759;-5,80340000
-29,30620759;-5,80340000
-29,29596759;-5,80340000
-29,28572759;-5,80340000
-29,27548759;-5,80340000
-29,26524759;-5,80340000
-29,25500759;-5,80340000
-29,24476759;-5,80340000
-29,23452759;-5,80340000
-29,22428759;-5,80340000
-29,21404759;-5,80340000
-29,20380759;-5,80340000
-29,19356759;-5,80340000
-29,18332759;-5,80340000
-29,17308759;-5,80340000
-29,16284759;-5,80340000
-29,15260759;-5,80340000
-29,14236759;-5,80340000
-29,13212759;-5,80340000
-29,12188759;-5,80340000
-29,11164759;-5,80340000
-29,10140759;-5,80340000
-29,09116759;-5,80340000
-29,08092759;-5,80340000
-29,07068759;-5,80340000
-29,06044759;-5,80340000
-29,05020759;-5,80340000
-29,03996759;-5,80340000
-29,02972759;-5,80340000
-29,01948759;-5,80340000
-29,00924759;-5,80340000
-28,99900759;-5,80340000
-28,98876759;-5,80340000
-28,97852759;-5,80340000
-28,96828759;-5,80340000
-28,95804759;-5,80340000
-28,94780759;-5,80340000
-28,93756759;-5,80340000
-28,92732759;-5,80340000
-28,91708759;-5,80340000
-28,90684759;-5,80340000
-28,89660759;-5,80340000
-28,88636759;-5,80340000
-28,87612759;-5,80340000
-28,86588759;-5,80340000
-28,85564759;-5,80340000
-28,84540759;-5,80340000
-28,83516759;-5,80340000
-28,82492759;-5,80340000
-28,81468759;-5,80340000
-28,80444759;-5,80340000
-28,79420759;-5,80340000
-28,78396759;-5,80340000
-28,77372759;-5,80340000
-28,76348759;-5,80340000
-28,75324759;-5,80340000
-28,74300759;-5,80340000
-28,73276759;-5,80340000
-28,72252759;-5,80340000
-28,71228759;-5,80340000
-28,70204759;-5,80340000
-28,69180759;-5,80340000
-28,68156759;-5,80340000
-28,67132759;-5,80340000
-28,66108759;-5,80340000
-28,65084759;-5,80340000
-28,64060759;-5,80340000
-28,63036759;-5,80340000
-28,62012759;-5,80340000
-28,60988759;-5,80340000
-28,59964759;-5,80340000
-28,58940759;-5,80340000
-28,57916759;-5,80340000
-28,56892759;-5,80340000
-28,55868759;-5,80340000
-28,54844759;-5,80340000
-28,53820759;-5,80340000
-28,52796759;-5,80340000
-28,51772759;-5,80340000
-28,50748759;-5,80340000
-28,49724759;-5,80340000
-28,48700759;-5,80340000
-28,47676759;-5,80340000
-28,46652759;-5,80340000
-28,45628759;-5,80340000
-28,44604759;-5,80340000
-28,43580759;-5,80340000
-28,42556759;-5,80340000
-28,41532759;-5,80340000
-28,40508759;-5,80340000
-28,39484759;-5,80340000
-28,38460759;-5,80340000
-28,37436759;-5,80340000
-28,36412759;-5,80340000
-28,35388759;-5,80340000
-28,34364759;-5,80340000
-28,33340759;-5,80340000
-28,32316759;-5,80340000
-28,31292759;-5,80340000
-28,30268759;-5,80340000
-28,29244759;-5,80340000
-28,28220759;-5,80340000
-28,27196759;-5,80340000
-28,26172759;-5,80340000
-28,25148759;-5,80340000
-28,24124759;-5,80340000
-28,23100759;-5,80340000
-28,22076759;-5,80340000
-28,21052759;-5,80340000
-28,20028759;-5,80340000
-28,19004759;-5,80340000
-28,17980759;-5,80340000
-28,16956759;-5,80340000
-28,15932759;-5,80340000
-28,14908759;-5,80340000
-28,13884759;-5,80340000
-28,12860759;-5,80340000
-28,11836759;-5,80340000
-28,10812759;-5,80340000
-28,09788759;-5,80340000
-28,08764759;-5,80340000
-28,07740759;-5,80340000
-28,06716759;-5,80340000
-28,05692759;-5,80340000
-28,04668759;-5,80340000
-28,03644759;-5,80340000
-28,02620759;-5,80340000
-28,01596759;-5,80340000
-28,00572759;-5,80340000
-27,99548760;-5,80340000
-27,98524760;-5,80340000
-27,97500760;-5,80340000
-27,96476760;-5,80340000
-27,95452760;-5,80340000
-27,94428760;-5,80340000
-27,93404760;-5,80340000
-27,92380760;-5,80340000
-27,91356760;-5,80340000
-27,90332760;-5,80340000
-27,89308760;-5,80340000
-27,88284760;-5,80340000
-27,87260760;-5,80340000
-27,86236760;-5,80340000
-27,85212760;-5,80340000
-27,84188760;-5,80340000
-27,83164760;-5,80340000
-27,82140760;-5,80340000
-27,81116760;-5,80340000
-27,80092760;-5,80340000
-27,79068760;-5,80340000
-27,78044760;-5,80340000
-27,77020760;-5,80340000
-27,75996760;-5,80340000
-27,74972760;-5,80340000
-27,73948760;-5,80340000
-27,72924760;-5,80340000
-27,71900760;-5,80340000
-27,70876760;-5,80340000
-27,69852760;-5,80340000
-27,68828760;-5,80340000
-27,67804760;-5,80340000
-27,66780760;-5,80340000
-27,65756760;-5,80340000
-27,64732760;-5,80340000
-27,63708760;-5,80340000
-27,62684760;-5,80340000
-27,61660760;-5,80340000
-27,60636760;-5,80340000
-27,59612760;-5,80340000
-27,58588760;-5,80340000
-27,57564760;-5,62395100
-27,56540760;-5,80340000
-27,55516760;-5,80340000
-27,54492760;-5,80340000
-27,53468760;-5,80340000
-27,52444760;-5,80340000
-27,51420760;-5,80340000
-27,50396760;-5,80340000
-27,49372760;-5,80340000
-27,48348760;-5,80340000
-27,47324760;-5,80340000
-27,46300760;-5,44450200
-27,45276760;-5,80340000
-27,44252760;-5,80340000
-27,43228760;-5,80340000
-27,42204760;-5,80340000
-27,41180760;-5,44450200
-27,40156760;-5,80340000
-27,39132760;-5,80340000
-27,38108760;-5,80340000
-27,37084760;-5,80340000
-27,36060760;-5,62395100
-27,35036760;-5,80340000
-27,34012760;-5,80340000
-27,32988760;-5,62395100
-27,31964760;-5,80340000
-27,30940760;-5,80340000
-27,29916760;-5,80340000
-27,28892760;-5,80340000
-27,27868760;-5,62395100
-27,26844760;-5,80340000
-27,25820760;-5,80340000
-27,24796760;-5,62395100
-27,23772760;-5,80340000
-27,22748760;-5,80340000
-27,21724760;-5,80340000
-27,20700760;-5,80340000
-27,19676760;-5,62395100
-27,18652760;-5,62395100
-27,17628760;-5,80340000
-27,16604760;-5,80340000
-27,15580760;-5,80340000
-27,14556760;-5,80340000
-27,13532760;-5,80340000
-27,12508760;-5,80340000
-27,11484760;-5,80340000
-27,10460760;-5,80340000
-27,09436760;-5,80340000
-27,08412760;-5,80340000
-27,07388760;-5,80340000
-27,06364760;-5,80340000
-27,05340760;-5,62395100
-27,04316760;-5,80340000
-27,03292760;-5,62395100
-27,02268760;-5,80340000
-27,01244760;-5,80340000
-27,00220760;-5,80340000
-26,99196760;-5,62395100
-26,98172760;-5,80340000
-26,97148760;-5,80340000
-26,96124760;-5,80340000
-26,95100760;-5,62395100
-26,94076760;-5,44450200
-26,93052760;-5,80340000
-26,92028760;-5,62395100
-26,91004760;-5,62395100
-26,89980760;-5,80340000
-26,88956760;-5,62395100
-26,87932760;-5,80340000
-26,86908760;-5,80340000
-26,85884760;-5,80340000
-26,84860760;-5,80340000
-26,83836760;-5,80340000
-26,82812760;-5,80340000
-26,81788760;-5,80340000
-26,80764760;-5,62395100
-26,79740760;-5,44450200
-26,78716760;-5,80340000
-26,77692760;-5,62395100
-26,76668760;-5,80340000
-26,75644760;-5,62395100
-26,74620760;-5,80340000
-26,73596760;-5,80340000
-26,72572760;-5,80340000
-26,71548760;-5,62395100
-26,70524760;-5,80340000
-26,69500760;-5,62395100
-26,68476760;-5,62395100
-26,67452760;-5,62395100
-26,66428760;-5,62395100
-26,65404760;-5,62395100
-26,64380760;-5,62395100
-26,63356760;-5,80340000
-26,62332760;-5,62395100
-26,61308760;-5,62395100
-26,60284760;-5,62395100
-26,59260760;-5,62395100
-26,58236760;-5,62395100
-26,57212760;-5,62395100
-26,56188760;-5,80340000
-26,55164760;-5,80340000
-26,54140760;-5,62395100
-26,53116760;-5,80340000
-26,52092760;-5,62395100
-26,51068760;-5,62395100
-26,50044760;-5,80340000
-26,49020760;-5,80340000
-26,47996760;-5,62395100
-26,46972760;-5,80340000
-26,45948760;-5,62395100
-26,44924760;-5,62395100
-26,43900760;-5,80340000
-26,42876760;-5,80340000
-26,41852760;-5,80340000
-26,40828760;-5,62395100
-26,39804760;-5,62395100
-26,38780760;-5,62395100
-26,37756760;-5,62395100
-26,36732760;-5,44450200
-26,35708760;-5,80340000
-26,34684761;-5,62395100
-26,33660761;-5,62395100
-26,32636761;-5,62395100
-26,31612761;-5,62395100
-26,30588761;-5,62395100
-26,29564761;-5,62395100
-26,28540761;-5,62395100
-26,27516761;-5,62395100
-26,26492761;-5,62395100
-26,25468761;-5,62395100
-26,24444761;-5,62395100
-26,23420761;-5,62395100
-26,22396761;-5,62395100
-26,21372761;-5,62395100
-26,20348761;-5,62395100
-26,19324761;-5,62395100
-26,18300761;-5,80340000
-26,17276761;-5,80340000
-26,16252761;-5,80340000
-26,15228761;-5,62395100
-26,14204761;-5,62395100
-26,13180761;-5,44450200
-26,12156761;-5,62395100
-26,11132761;-5,62395100
-26,10108761;-5,62395100
-26,09084761;-5,62395100
-26,08060761;-5,62395100
-26,07036761;-5,44450200
-26,06012761;-5,80340000
-26,04988761;-5,62395100
-26,03964761;-5,44450200
-26,02940761;-5,62395100
-26,01916761;-5,62395100
-26,00892761;-5,62395100
-25,99868761;-5,62395100
-25,98844761;-5,62395100
-25,97820761;-5,62395100
-25,96796761;-5,80340000
-25,95772761;-5,62395100
-25,94748761;-5,62395100
-25,93724761;-5,44450200
-25,92700761;-5,62395100
-25,91676761;-5,62395100
-25,90652761;-5,62395100
-25,89628761;-5,62395100
-25,88604761;-5,44450200
-25,87580761;-5,62395100
-25,86556761;-5,44450200
-25,85532761;-5,44450200
-25,84508761;-5,62395100
-25,83484761;-5,62395100
-25,82460761;-5,44450200
-25,81436761;-5,62395100
-25,80412761;-5,62395100
-25,79388761;-5,44450200
-25,78364761;-5,44450200
-25,77340761;-5,44450200
-25,76316761;-5,44450200
-25,75292761;-5,44450200
-25,74268761;-5,44450200
-25,73244761;-5,62395100
-25,72220761;-5,62395100
-25,71196761;-5,62395100
-25,70172761;-5,62395100
-25,69148761;-5,62395100
-25,68124761;-5,44450200
-25,67100761;-5,62395100
-25,66076761;-5,44450200
-25,65052761;-5,44450200
-25,64028761;-5,62395100
-25,63004761;-5,62395100
-25,61980761;-5,44450200
-25,60956761;-5,44450200
-25,59932761;-5,62395100
-25,58908761;-5,44450200
-25,57884761;-5,62395100
-25,56860761;-5,44450200
-25,55836761;-5,62395100
-25,54812761;-5,62395100
-25,53788761;-5,62395100
-25,52764761;-5,62395100
-25,51740761;-5,62395100
-25,50716761;-5,44450200
-25,49692761;-5,62395100
-25,48668761;-5,62395100
-25,47644761;-5,44450200
-25,46620761;-5,44450200
-25,45596761;-5,44450200
-25,44572761;-5,44450200
-25,43548761;-5,44450200
-25,42524761;-5,62395100
-25,41500761;-5,44450200
-25,40476761;-5,44450200
-25,39452761;-5,44450200
-25,38428761;-5,44450200
-25,37404761;-5,44450200
-25,36380761;-5,62395100
-25,35356761;-5,62395100
-25,34332761;-5,62395100
-25,33308761;-5,62395100
-25,32284761;-5,44450200
-25,31260761;-5,44450200
-25,30236761;-5,44450200
-25,29212761;-5,44450200
-25,28188761;-5,44450200
-25,27164761;-5,44450200
-25,26140761;-5,62395100
-25,25116761;-5,62395100
-25,24092761;-5,62395100
-25,23068761;-5,44450200
-25,22044761;-5,44450200
-25,21020761;-5,44450200
-25,19996761;-5,44450200
-25,18972761;-5,44450200
-25,17948761;-5,62395100
-25,16924761;-5,44450200
-25,15900761;-5,44450200
-25,14876761;-5,44450200
-25,13852761;-5,62395100
-25,12828761;-5,44450200
-25,11804761;-5,44450200
-25,10780761;-5,44450200
-25,09756761;-5,62395100
-25,08732761;-5,44450200
-25,07708761;-5,44450200
-25,06684761;-5,44450200
-25,05660761;-5,62395100
-25,04636761;-5,44450200
-25,03612761;-5,62395100
-25,02588761;-5,44450200
-25,01564761;-5,44450200
-25,00540761;-5,44450200
-24,99516761;-5,44450200
-24,98492761;-5,44450200
-24,97468761;-5,44450200
-24,96444761;-5,44450200
-24,95420761;-5,44450200
-24,94396761;-5,44450200
-24,93372761;-5,44450200
-24,92348761;-5,44450200
-24,91324761;-5,44450200
-24,90300761;-5,44450200
-24,89276761;-5,44450200
-24,88252761;-5,44450200
-24,87228761;-5,44450200
-24,86204761;-5,44450200
-24,85180761;-5,44450200
-24,84156761;-5,44450200
-24,83132761;-5,44450200
-24,82108761;-5,44450200
-24,81084761;-5,44450200
-24,80060761;-5,44450200
-24,79036761;-5,44450200
-24,78012761;-5,44450200
-24,76988761;-5,44450200
-24,75964761;-5,44450200
-24,74940761;-5,44450200
-24,73916761;-5,44450200
-24,72892761;-5,44450200
-24,71868761;-5,62395100
-24,70844762;-5,44450200
-24,69820762;-5,44450200
-24,68796762;-5,44450200
-24,67772762;-5,44450200
-24,66748762;-5,44450200
-24,65724762;-5,62395100
-24,64700762;-5,44450200
-24,63676762;-5,44450200
-24,62652762;-5,44450200
-24,61628762;-5,44450200
-24,60604762;-5,44450200
-24,59580762;-5,44450200
-24,58556762;-5,44450200
-24,57532762;-5,44450200
-24,56508762;-5,44450200
-24,55484762;-5,44450200
-24,54460762;-5,44450200
-24,53436762;-5,44450200
-24,52412762;-5,44450200
-24,51388762;-5,44450200
-24,50364762;-5,44450200
-24,49340762;-5,44450200
-24,48316762;-5,44450200
-24,47292762;-5,44450200
-24,46268762;-5,44450200
-24,45244762;-5,44450200
-24,44220762;-5,44450200
-24,43196762;-5,44450200
-24,42172762;-5,44450200
-24,41148762;-5,44450200
-24,40124762;-5,44450200
-24,39100762;-5,44450200
-24,38076762;-5,44450200
-24,37052762;-5,44450200
-24,36028762;-5,44450200
-24,35004762;-5,44450200
-24,33980762;-5,44450200
-24,32956762;-5,44450200
-24,31932762;-5,44450200
-24,30908762;-5,44450200
-24,29884762;-5,44450200
-24,28860762;-5,44450200
-24,27836762;-5,44450200
-24,26812762;-5,44450200
-24,25788762;-5,44450200
-24,24764762;-5,44450200
-24,23740762;-5,44450200
-24,22716762;-5,44450200
-24,21692762;-5,44450200
-24,20668762;-5,44450200
-24,19644762;-5,44450200
-24,18620762;-5,44450200
-24,17596762;-5,44450200
-24,16572762;-5,44450200
-24,15548762;-5,44450200
-24,14524762;-5,44450200
-24,13500762;-5,44450200
-24,12476762;-5,44450200
-24,11452762;-5,44450200
-24,10428762;-5,44450200
-24,09404762;-5,44450200
-24,08380762;-5,44450200
-24,07356762;-5,44450200
-24,06332762;-5,44450200
-24,05308762;-5,44450200
-24,04284762;-5,44450200
-24,03260762;-5,44450200
-24,02236762;-5,44450200
-24,01212762;-5,44450200
-24,00188762;-5,44450200
-23,99164762;-5,44450200
-23,98140762;-5,44450200
-23,97116762;-5,44450200
-23,96092762;-5,44450200
-23,95068762;-5,44450200
-23,94044762;-5,44450200
-23,93020762;-5,44450200
-23,91996762;-5,44450200
-23,90972762;-5,44450200
-23,89948762;-5,44450200
-23,88924762;-5,44450200
-23,87900762;-5,44450200
-23,86876762;-5,44450200
-23,85852762;-5,44450200
-23,84828762;-5,44450200
-23,83804762;-5,44450200
-23,82780762;-5,44450200
-23,81756762;-5,44450200
-23,80732762;-5,44450200
-23,79708762;-5,44450200
-23,78684762;-5,44450200
-23,77660762;-5,44450200
-23,76636762;-5,44450200
-23,75612762;-5,44450200
-23,74588762;-5,44450200
-23,73564762;-5,44450200
-23,72540762;-5,44450200
-23,71516762;-5,44450200
-23,70492762;-5,44450200
-23,69468762;-5,44450200
-23,68444762;-5,44450200
-23,67420762;-5,44450200
-23,66396762;-5,44450200
-23,65372762;-5,44450200
-23,64348762;-5,44450200
-23,63324762;-5,44450200
-23,62300762;-5,44450200
-23,61276762;-5,44450200
-23,60252762;-5,44450200
-23,59228762;-5,44450200
-23,58204762;-5,44450200
-23,57180762;-5,44450200
-23,56156762;-5,44450200
-23,55132762;-5,44450200
-23,54108762;-5,44450200
-23,53084762;-5,44450200
-23,52060762;-5,44450200
-23,51036762;-5,44450200
-23,50012762;-5,44450200
-23,48988762;-5,44450200
-23,47964762;-5,44450200
-23,46940762;-5,44450200
-23,45916762;-5,44450200
-23,44892762;-5,44450200
-23,43868762;-5,44450200
-23,42844762;-5,44450200
-23,41820762;-5,44450200
-23,40796762;-5,44450200
-23,39772762;-5,44450200
-23,38748762;-5,44450200
-23,37724762;-5,44450200
-23,36700762;-5,44450200
-23,35676762;-5,44450200
-23,34652762;-5,44450200
-23,33628762;-5,44450200
-23,32604762;-5,44450200
-23,31580762;-5,44450200
-23,30556762;-5,44450200
-23,29532762;-5,44450200
-23,28508762;-5,44450200
-23,27484762;-5,44450200
-23,26460762;-5,44450200
-23,25436762;-5,44450200
-23,24412762;-5,44450200
-23,23388762;-5,44450200
-23,22364762;-5,44450200
-23,21340762;-5,44450200
-23,20316762;-5,44450200
-23,19292762;-5,44450200
-23,18268762;-5,44450200
-23,17244762;-5,44450200
-23,16220762;-5,44450200
-23,15196762;-5,44450200
-23,14172762;-5,44450200
-23,13148762;-5,44450200
-23,12124762;-5,44450200
-23,11100762;-5,44450200
-23,10076762;-5,44450200
-23,09052762;-5,44450200
-23,08028762;-5,44450200
-23,07004762;-5,44450200
-23,05980763;-5,44450200
-23,04956763;-5,44450200
-23,03932763;-5,44450200
-23,02908763;-5,44450200
-23,01884763;-5,44450200
-23,00860763;-5,44450200
-22,99836763;-5,44450200
-22,98812763;-5,44450200
-22,97788763;-5,44450200
-22,96764763;-5,44450200
-22,95740763;-5,44450200
-22,94716763;-5,44450200
-22,93692763;-5,44450200
-22,92668763;-5,44450200
-22,91644763;-5,44450200
-22,90620763;-5,44450200
-22,89596763;-5,44450200
-22,88572763;-5,44450200
-22,87548763;-5,44450200
-22,86524763;-5,44450200
-22,85500763;-5,44450200
-22,84476763;-5,44450200
-22,83452763;-5,44450200
-22,82428763;-5,44450200
-22,81404763;-5,44450200
-22,80380763;-5,44450200
-22,79356763;-5,44450200
-22,78332763;-5,44450200
-22,77308763;-5,44450200
-22,76284763;-5,44450200
-22,75260763;-5,44450200
-22,74236763;-5,44450200
-22,73212763;-5,44450200
-22,72188763;-5,44450200
-22,71164763;-5,44450200
-22,70140763;-5,44450200
-22,69116763;-5,44450200
-22,68092763;-5,44450200
-22,67068763;-5,44450200
-22,66044763;-5,44450200
-22,65020763;-5,44450200
-22,63996763;-5,44450200
-22,62972763;-5,44450200
-22,61948763;-5,44450200
-22,60924763;-5,44450200
-22,59900763;-5,44450200
-22,58876763;-5,44450200
-22,57852763;-5,44450200
-22,56828763;-5,44450200
-22,55804763;-5,44450200
-22,54780763;-5,44450200
-22,53756763;-5,44450200
-22,52732763;-5,44450200
-22,51708763;-5,44450200
-22,50684763;-5,44450200
-22,49660763;-5,44450200
-22,48636763;-5,44450200
-22,47612763;-5,44450200
-22,46588763;-5,44450200
-22,45564763;-5,44450200
-22,44540763;-5,44450200
-22,43516763;-5,44450200
-22,42492763;-5,26444300
-22,41468763;-5,44450200
-22,40444763;-5,44450200
-22,39420763;-5,44450200
-22,38396763;-5,44450200
-22,37372763;-5,44450200
-22,36348763;-5,44450200
-22,35324763;-5,44450200
-22,34300763;-5,44450200
-22,33276763;-5,44450200
-22,32252763;-5,44450200
-22,31228763;-5,44450200
-22,30204763;-5,44450200
-22,29180763;-5,44450200
-22,28156763;-5,44450200
-22,27132763;-5,44450200
-22,26108763;-5,44450200
-22,25084763;-5,44450200
-22,24060763;-5,44450200
-22,23036763;-5,44450200
-22,22012763;-5,44450200
-22,20988763;-5,44450200
-22,19964763;-5,44450200
-22,18940763;-5,44450200
-22,17916763;-5,44450200
-22,16892763;-5,44450200
-22,15868763;-5,44450200
-22,14844763;-5,44450200
-22,13820763;-5,44450200
-22,12796763;-5,44450200
-22,11772763;-5,44450200
-22,10748763;-5,44450200
-22,09724763;-5,44450200
-22,08700763;-5,44450200
-22,07676763;-5,44450200
-22,06652763;-5,44450200
-22,05628763;-5,44450200
-22,04604763;-5,44450200
-22,03580763;-5,44450200
-22,02556763;-5,44450200
-22,01532763;-5,44450200
-22,00508763;-5,44450200
-21,99484763;-5,44450200
-21,98460763;-5,44450200
-21,97436763;-5,44450200
-21,96412763;-5,44450200
-21,95388763;-5,44450200
-21,94364763;-5,44450200
-21,93340763;-5,44450200
-21,92316763;-5,44450200
-21,91292763;-5,44450200
-21,90268763;-5,44450200
-21,89244763;-5,44450200
-21,88220763;-5,44450200
-21,87196763;-5,44450200
-21,86172763;-5,44450200
-21,85148763;-5,44450200
-21,84124763;-5,44450200
-21,83100763;-5,44450200
-21,82076763;-5,26444300
-21,81052763;-5,44450200
-21,80028763;-5,44450200
-21,79004763;-5,44450200
-21,77980763;-5,44450200
-21,76956763;-5,44450200
-21,75932763;-5,44450200
-21,74908763;-5,44450200
-21,73884763;-5,44450200
-21,72860763;-5,44450200
-21,71836763;-5,44450200
-21,70812763;-5,44450200
-21,69788763;-5,44450200
-21,68764763;-5,44450200
-21,67740763;-5,26444300
-21,66716763;-5,26444300
-21,65692763;-5,26444300
-21,64668763;-5,44450200
-21,63644763;-5,44450200
-21,62620763;-5,44450200
-21,61596763;-5,44450200
-21,60572763;-5,44450200
-21,59548763;-5,44450200
-21,58524763;-5,44450200
-21,57500763;-5,44450200
-21,56476763;-5,44450200
-21,55452763;-5,44450200
-21,54428763;-5,44450200
-21,53404763;-5,26444300
-21,52380763;-5,44450200
-21,51356763;-5,26444300
-21,50332763;-5,26444300
-21,49308763;-5,44450200
-21,48284763;-5,44450200
-21,47260763;-5,44450200
-21,46236763;-5,44450200
-21,45212763;-5,44450200
-21,44188763;-5,44450200
-21,43164763;-5,44450200
-21,42140763;-5,26444300
-21,41116764;-5,44450200
-21,40092764;-5,44450200
-21,39068764;-5,26444300
-21,38044764;-5,44450200
-21,37020764;-5,44450200
-21,35996764;-5,26444300
-21,34972764;-5,44450200
-21,33948764;-5,44450200
-21,32924764;-5,26444300
-21,31900764;-5,26444300
-21,30876764;-5,26444300
-21,29852764;-5,44450200
-21,28828764;-5,44450200
-21,27804764;-5,26444300
-21,26780764;-5,26444300
-21,25756764;-5,44450200
-21,24732764;-5,44450200
-21,23708764;-5,26444300
-21,22684764;-5,44450200
-21,21660764;-5,26444300
-21,20636764;-5,44450200
-21,19612764;-5,26444300
-21,18588764;-5,44450200
-21,17564764;-5,26444300
-21,16540764;-5,44450200
-21,15516764;-5,44450200
-21,14492764;-5,44450200
-21,13468764;-5,26444300
-21,12444764;-5,44450200
-21,11420764;-5,26444300
-21,10396764;-5,44450200
-21,09372764;-5,26444300
-21,08348764;-5,26444300
-21,07324764;-5,44450200
-21,06300764;-5,26444300
-21,05276764;-5,44450200
-21,04252764;-5,44450200
-21,03228764;-5,26444300
-21,02204764;-5,44450200
-21,01180764;-5,26444300
-21,00156764;-5,44450200
-20,99132764;-5,26444300
-20,98108764;-5,26444300
-20,97084764;-5,26444300
-20,96060764;-5,08499400
-20,95036764;-5,08499400
-20,94012764;-5,08499400
-20,92988764;-5,08499400
-20,91964764;-5,08499400
-20,90940764;-5,08499400
-20,89916764;-5,08499400
-20,88892764;-5,08499400
-20,87868764;-5,08499400
-20,86844764;-4,72609600
-20,85820764;-4,72609600
-20,84796764;-4,54664800
-20,83772764;-4,72609600
-20,82748764;-4,72609600
-20,81724764;-4,72609600
-20,80700764;-4,54664800
-20,79676764;-4,54664800
-20,78652764;-4,36658800
-20,77628764;-4,36658800
-20,76604764;-4,00769000
-20,75580764;-4,00769000
-20,74556764;-4,00769000
-20,73532764;-4,18714000
-20,72508764;-4,00769000
-20,71484764;-4,00769000
-20,70460764;-4,00769000
-20,69436764;-4,00769000
-20,68412764;-3,82824200
-20,67388764;-3,64879300
-20,66364764;-3,64879300
-20,65340764;-3,64879300
-20,64316764;-3,64879300
-20,63292764;-3,64879300
-20,62268764;-3,64879300
-20,61244764;-3,64879300
-20,60220764;-3,46873400
-20,59196764;-3,46873400
-20,58172764;-3,28928500
-20,57148764;-3,28928500
-20,56124764;-3,10983600
-20,55100764;-3,10983600
-20,54076764;-3,10983600
-20,53052764;-3,10983600
-20,52028764;-2,93038700
-20,51004764;-2,93038700
-20,49980764;-2,93038700
-20,48956764;-2,93038700
-20,47932764;-2,93038700
-20,46908764;-2,93038700
-20,45884764;-2,75093800
-20,44860764;-2,57087900
-20,43836764;-2,57087900
-20,42812764;-2,57087900
-20,41788764;-2,57087900
-20,40764764;-2,57087900
-20,39740764;-2,39143000
-20,38716764;-2,39143000
-20,37692764;-2,21198200
-20,36668764;-2,21198200
-20,35644764;-2,21198200
-20,34620764;-2,21198200
-20,33596764;-2,21198200
-20,32572764;-2,21198200
-20,31548764;-2,21198200
-20,30524764;-2,21198200
-20,29500764;-2,03253300
-20,28476764;-1,85308400
-20,27452764;-1,85308400
-20,26428764;-1,85308400
-20,25404764;-1,85308400
-20,24380764;-1,67302500
-20,23356764;-1,67302500
-20,22332764;-1,49357600
-20,21308764;-1,49357600
-20,20284764;-1,49357600
-20,19260764;-1,49357600
-20,18236764;-1,49357600
-20,17212764;-1,31412700
-20,16188764;-1,13467800
-20,15164764;-1,13467800
-20,14140764;-1,13467800
-20,13116764;-1,13467800
-20,12092764;-1,13467800
-20,11068764;-0,95522930
-20,10044764;-0,77517010
-20,09020764;-0,77517010
-20,07996764;-0,77517010
-20,06972764;-0,77517010
-20,05948764;-0,41627250
-20,04924764;-0,41627250
-20,03900764;-0,41627250
-20,02876764;-0,41627250
-20,01852764;-0,41627250
-20,00828764;-0,41627250
-19,99804764;-0,23682360
-19,98780764;-0,23682360
-19,97756764;-0,05737480
-19,96732764;-0,05737480
-19,95708764;-0,05737480
-19,94684764;0,12207400
-19,93660764;0,30152290
-19,92636764;0,12207400
-19,91612764;0,12207400
-19,90588764;0,12207400
-19,89564764;0,30152290
-19,88540764;0,48097170
-19,87516764;0,48097170
-19,86492764;0,48097170
-19,85468764;0,66042050
-19,84444764;0,66042050
-19,83420764;0,66042050
-19,82396764;0,66042050
-19,81372764;0,66042050
-19,80348764;0,66042050
-19,79324764;0,66042050
-19,78300764;0,84047970
-19,77276765;1,01992900
-19,76252765;1,01992900
-19,75228765;1,01992900
-19,74204765;1,19937700
-19,73180765;1,19937700
-19,72156765;1,19937700
-19,71132765;1,19937700
-19,70108765;1,37882600
-19,69084765;1,37882600
-19,68060765;1,37882600
-19,67036765;1,37882600
-19,66012765;1,73833400
-19,64988765;1,73833400
-19,63964765;1,55827500
-19,62940765;1,73833400
-19,61916765;1,73833400
-19,60892765;1,73833400
-19,59868765;1,73833400
-19,58844765;1,91778300
-19,57820765;2,09723200
-19,56796765;2,09723200
-19,55772765;2,09723200
-19,54748765;2,09723200
-19,53724765;2,09723200
-19,52700765;2,09723200
-19,51676765;2,27668100
-19,50652765;2,27668100
-19,49628765;2,27668100
-19,48604765;2,45613000
-19,47580765;2,45613000
-19,46556765;2,45613000
-19,45532765;2,63618900
-19,44508765;2,63618900
-19,43484765;2,63618900
-19,42460765;2,81563800
-19,41436765;2,81563800
-19,40412765;2,81563800
-19,39388765;2,81563800
-19,38364765;2,81563800
-19,37340765;2,99508600
-19,36316765;3,17453500
-19,35292765;2,81563800
-19,34268765;3,17453500
-19,33244765;3,17453500
-19,32220765;3,17453500
-19,31196765;3,17453500
-19,30172765;3,17453500
-19,29148765;3,17453500
-19,28124765;3,17453500
-19,27100765;3,35398400
-19,26076765;3,35398400
-19,25052765;3,53404300
-19,24028765;3,53404300
-19,23004765;3,53404300
-19,21980765;3,53404300
-19,20956765;3,53404300
-19,19932765;3,71349200
-19,18908765;3,71349200
-19,17884765;3,71349200
-19,16860765;3,89294100
-19,15836765;3,89294100
-19,14812765;3,89294100
-19,13788765;3,89294100
-19,12764765;3,89294100
-19,11740765;3,89294100
-19,10716765;4,07239000
-19,09692765;4,07239000
-19,08668765;4,25183900
-19,07644765;4,25183900
-19,06620765;4,25183900
-19,05596765;4,25183900
-19,04572765;4,25183900
-19,03548765;4,61134700
-19,02524765;4,61134700
-19,01500765;4,61134700
-19,00476765;4,61134700
-18,99452765;4,61134700
-18,98428765;4,79079600
-18,97404765;4,79079600
-18,96380765;4,97024400
-18,95356765;4,97024400
-18,94332765;4,97024400
-18,93308765;4,97024400
-18,92284765;4,97024400
-18,91260765;4,97024400
-18,90236765;5,14969300
-18,89212765;5,14969300
-18,88188765;5,32975200
-18,87164765;5,32975200
-18,86140765;5,32975200
-18,85116765;5,32975200
-18,84092765;5,32975200
-18,83068765;5,32975200
-18,82044765;5,32975200
-18,81020765;5,50920200
-18,79996765;5,50920200
-18,78972765;5,68865000
-18,77948765;5,68865000
-18,76924765;5,68865000
-18,75900765;5,68865000
-18,74876765;5,68865000
-18,73852765;5,68865000
-18,72828765;5,86809900
-18,71804765;5,68865000
-18,70780765;5,86809900
-18,69756765;6,04754800
-18,68732765;6,04754800
-18,67708765;6,04754800
-18,66684765;6,22760700
-18,65660765;6,04754800
-18,64636765;6,22760700
-18,63612765;6,22760700
-18,62588765;6,40705600
-18,61564765;6,40705600
-18,60540765;6,40705600
-18,59516765;6,40705600
-18,58492765;6,58650500
-18,57468765;6,58650500
-18,56444765;6,76595400
-18,55420765;6,76595400
-18,54396765;6,76595400
-18,53372765;6,76595400
-18,52348765;6,76595400
-18,51324765;6,94540200
-18,50300765;7,12546200
-18,49276765;7,12546200
-18,48252765;7,12546200
-18,47228765;7,12546200
-18,46204765;7,30491100
-18,45180765;7,30491100
-18,44156765;7,48435900
-18,43132765;7,48435900
-18,42108765;7,48435900
-18,41084765;7,48435900
-18,40060765;7,48435900
-18,39036765;7,48435900
-18,38012765;7,66380800
-18,36988765;7,84325700
-18,35964765;7,84325700
-18,34940765;7,84325700
-18,33916765;7,84325700
-18,32892765;7,84325700
-18,31868765;7,84325700
-18,30844765;7,84325700
-18,29820765;8,02331600
-18,28796765;8,20276500
-18,27772765;8,20276500
-18,26748765;8,20276500
-18,25724765;8,20276500
-18,24700765;8,20276500
-18,23676765;8,20276500
-18,22652765;8,38221400
-18,21628765;8,38221400
-18,20604765;8,38221400
-18,19580765;8,38221400
-18,18556765;8,56166300
-18,17532765;8,56166300
-18,16508765;8,56166300
-18,15484765;8,56166300
-18,14460765;8,56166300
-18,13436765;8,56166300
-18,12412766;8,56166300
-18,11388766;8,92117000
-18,10364766;8,92117000
-18,09340766;8,92117000
-18,08316766;8,92117000
-18,07292766;8,92117000
-18,06268766;9,10061900
-18,05244766;9,10061900
-18,04220766;9,10061900
-18,03196766;9,10061900
-18,02172766;9,28006800
-18,01148766;9,28006800
-18,00124766;9,28006800
-17,99100766;9,28006800
-17,98076766;9,28006800
-17,97052766;9,28006800
-17,96028766;9,28006800
-17,95004766;9,45951700
-17,93980766;9,45951700
-17,92956766;9,45951700
-17,91932766;9,63896600
-17,90908766;9,63896600
-17,89884766;9,63896600
-17,88860766;9,63896600
-17,87836766;9,63896600
-17,86812766;9,63896600
-17,85788766;9,63896600
-17,84764766;9,63896600
-17,83740766;9,63896600
-17,82716766;9,81902500
-17,81692766;9,81902500
-17,80668766;9,99847400
-17,79644766;9,99847400
-17,78620766;9,99847400
-17,77596766;9,99847400
-17,76572766;9,99847400
-17,75548766;9,99847400
-17,74524766;9,99847400
-17,73500766;9,99847400
-17,72476766;9,99847400
-17,71452766;9,99847400
-17,70428766;9,99847400
-17,69404766;9,99847400
-17,68380766;10,17792000
-17,67356766;10,35737000
-17,66332766;10,35737000
-17,65308766;10,35737000
-17,64284766;10,35737000
-17,63260766;10,35737000
-17,62236766;10,35737000
-17,61212766;10,35737000
-17,60188766;10,35737000
-17,59164766;10,35737000
-17,58140766;10,35737000
-17,57116766;10,35737000
-17,56092766;10,53682000
-17,55068766;10,53682000
-17,54044766;10,53682000
-17,53020766;10,53682000
-17,51996766;10,53682000
-17,50972766;10,71688000
-17,49948766;10,71688000
-17,48924766;10,71688000
-17,47900766;10,71688000
-17,46876766;10,71688000
-17,45852766;10,71688000
-17,44828766;10,71688000
-17,43804766;10,71688000
-17,42780766;10,71688000
-17,41756766;10,89633000
-17,40732766;10,89633000
-17,39708766;10,89633000
-17,38684766;10,89633000
-17,37660766;11,07578000
-17,36636766;11,07578000
-17,35612766;11,07578000
-17,34588766;11,07578000
-17,33564766;11,07578000
-17,32540766;11,07578000
-17,31516766;11,07578000
-17,30492766;11,25523000
-17,29468766;11,25523000
-17,28444766;11,25523000
-17,27420766;11,25523000
-17,26396766;11,43529000
-17,25372766;11,43529000
-17,24348766;11,43529000
-17,23324766;11,43529000
-17,22300766;11,43529000
-17,21276766;11,43529000
-17,20252766;11,43529000
-17,19228766;11,43529000
-17,18204766;11,43529000
-17,17180766;11,43529000
-17,16156766;11,43529000
-17,15132766;11,43529000
-17,14108766;11,43529000
-17,13084766;11,61473000
-17,12060766;11,61473000
-17,11036766;11,61473000
-17,10012766;11,61473000
-17,08988766;11,79418000
-17,07964766;11,79418000
-17,06940766;11,79418000
-17,05916766;11,79418000
-17,04892766;11,79418000
-17,03868766;11,79418000
-17,02844766;11,79418000
-17,01820766;11,79418000
-17,00796766;11,79418000
-16,99772766;11,79418000
-16,98748766;11,79418000
-16,97724766;11,79418000
-16,96700766;11,79418000
-16,95676766;11,79418000
-16,94652766;11,97363000
-16,93628766;11,79418000
-16,92604766;11,79418000
-16,91580766;11,79418000
-16,90556766;11,79418000
-16,89532766;11,97363000
-16,88508766;11,97363000
-16,87484766;11,97363000
-16,86460766;11,97363000
-16,85436766;11,97363000
-16,84412766;12,15308000
-16,83388766;11,97363000
-16,82364766;11,97363000
-16,81340766;12,15308000
-16,80316766;12,15308000
-16,79292766;11,97363000
-16,78268766;12,15308000
-16,77244766;12,15308000
-16,76220766;12,15308000
-16,75196766;12,15308000
-16,74172766;12,15308000
-16,73148766;12,15308000
-16,72124766;12,15308000
-16,71100766;12,15308000
-16,70076766;12,15308000
-16,69052766;12,15308000
-16,68028766;12,15308000
-16,67004766;12,15308000
-16,65980766;12,15308000
-16,64956766;12,15308000
-16,63932766;12,15308000
-16,62908766;12,15308000
-16,61884766;12,15308000
-16,60860766;12,15308000
-16,59836766;12,15308000
-16,58812766;12,15308000
-16,57788766;12,15308000
-16,56764766;12,15308000
-16,55740766;12,15308000
-16,54716766;12,15308000
-16,53692766;12,15308000
-16,52668766;12,15308000
-16,51644766;12,15308000
-16,50620766;12,15308000
-16,49596766;12,15308000
-16,48572766;12,15308000
-16,47548767;12,15308000
-16,46524767;12,15308000
-16,45500767;12,15308000
-16,44476767;12,15308000
-16,43452767;12,15308000
-16,42428767;12,15308000
-16,41404767;12,15308000
-16,40380767;12,15308000
-16,39356767;12,15308000
-16,38332767;12,15308000
-16,37308767;12,33314000
-16,36284767;12,33314000
-16,35260767;12,33314000
-16,34236767;12,15308000
-16,33212767;12,15308000
-16,32188767;12,15308000
-16,31164767;12,15308000
-16,30140767;12,15308000
-16,29116767;12,15308000
-16,28092767;12,33314000
-16,27068767;12,15308000
-16,26044767;12,15308000
-16,25020767;12,15308000
-16,23996767;12,15308000
-16,22972767;12,15308000
-16,21948767;12,15308000
-16,20924767;12,15308000
-16,19900767;12,15308000
-16,18876767;12,33314000
-16,17852767;12,15308000
-16,16828767;12,33314000
-16,15804767;12,33314000
-16,14780767;12,33314000
-16,13756767;12,33314000
-16,12732767;12,15308000
-16,11708767;12,15308000
-16,10684767;12,15308000
-16,09660767;12,15308000
-16,08636767;12,15308000
-16,07612767;12,15308000
-16,06588767;12,33314000
-16,05564767;12,33314000
-16,04540767;12,15308000
-16,03516767;12,15308000
-16,02492767;12,15308000
-16,01468767;12,15308000
-16,00444767;12,15308000
-15,99420767;12,33314000
-15,98396767;12,15308000
-15,97372767;12,15308000
-15,96348767;12,15308000
-15,95324767;12,33314000
-15,94300767;12,15308000
-15,93276767;12,15308000
-15,92252767;12,15308000
-15,91228767;12,15308000
-15,90204767;12,15308000
-15,89180767;12,15308000
-15,88156767;12,15308000
-15,87132767;12,15308000
-15,86108767;12,15308000
-15,85084767;12,15308000
-15,84060767;12,15308000
-15,83036767;12,15308000
-15,82012767;12,15308000
-15,80988767;12,15308000
-15,79964767;12,15308000
-15,78940767;12,15308000
-15,77916767;12,33314000
-15,76892767;12,15308000
-15,75868767;12,33314000
-15,74844767;12,15308000
-15,73820767;12,15308000
-15,72796767;12,15308000
-15,71772767;12,33314000
-15,70748767;12,15308000
-15,69724767;12,15308000
-15,68700767;12,15308000
-15,67676767;12,15308000
-15,66652767;12,15308000
-15,65628767;12,33314000
-15,64604767;12,15308000
-15,63580767;12,15308000
-15,62556767;12,15308000
-15,61532767;12,33314000
-15,60508767;12,15308000
-15,59484767;12,15308000
-15,58460767;12,15308000
-15,57436767;12,15308000
-15,56412767;12,15308000
-15,55388767;12,15308000
-15,54364767;12,15308000
-15,53340767;12,15308000
-15,52316767;12,15308000
-15,51292767;12,15308000
-15,50268767;12,15308000
-15,49244767;12,15308000
-15,48220767;12,15308000
-15,47196767;12,15308000
-15,46172767;12,15308000
-15,45148767;12,15308000
-15,44124767;12,15308000
-15,43100767;12,15308000
-15,42076767;12,15308000
-15,41052767;12,15308000
-15,40028767;12,15308000
-15,39004767;12,15308000
-15,37980767;12,15308000
-15,36956767;12,15308000
-15,35932767;12,15308000
-15,34908767;12,15308000
-15,33884767;11,97363000
-15,32860767;12,15308000
-15,31836767;12,15308000
-15,30812767;11,97363000
-15,29788767;11,97363000
-15,28764767;12,15308000
-15,27740767;12,15308000
-15,26716767;12,15308000
-15,25692767;12,15308000
-15,24668767;11,97363000
-15,23644767;11,79418000
-15,22620767;11,79418000
-15,21596767;11,79418000
-15,20572767;11,79418000
-15,19548767;11,97363000
-15,18524767;11,79418000
-15,17500767;11,97363000
-15,16476767;11,79418000
-15,15452767;11,79418000
-15,14428767;11,79418000
-15,13404767;11,79418000
-15,12380767;11,79418000
-15,11356767;11,79418000
-15,10332767;11,61473000
-15,09308767;11,43529000
-15,08284767;11,79418000
-15,07260767;11,79418000
-15,06236767;11,79418000
-15,05212767;11,43529000
-15,04188767;11,43529000
-15,03164767;11,43529000
-15,02140767;11,43529000
-15,01116767;11,43529000
-15,00092767;11,43529000
-14,99068767;11,61473000
-14,98044767;11,79418000
-14,97020767;11,79418000
-14,95996767;11,61473000
-14,94972767;11,43529000
-14,93948767;11,43529000
-14,92924767;11,43529000
-14,91900767;11,43529000
-14,90876767;11,43529000
-14,89852767;11,43529000
-14,88828767;11,43529000
-14,87804767;11,79418000
-14,86780767;11,61473000
-14,85756767;11,43529000
-14,84732767;11,43529000
-14,83708768;11,43529000
-14,82684768;11,43529000
-14,81660768;11,43529000
-14,80636768;11,43529000
-14,79612768;11,43529000
-14,78588768;11,43529000
-14,77564768;11,43529000
-14,76540768;11,43529000
-14,75516768;11,43529000
-14,74492768;11,43529000
-14,73468768;11,25523000
-14,72444768;11,43529000
-14,71420768;11,43529000
-14,70396768;11,43529000
-14,69372768;11,43529000
-14,68348768;11,43529000
-14,67324768;11,43529000
-14,66300768;11,43529000
-14,65276768;11,25523000
-14,64252768;11,25523000
-14,63228768;11,25523000
-14,62204768;11,25523000
-14,61180768;11,07578000
-14,60156768;11,25523000
-14,59132768;11,07578000
-14,58108768;11,25523000
-14,57084768;11,07578000
-14,56060768;11,07578000
-14,55036768;11,07578000
-14,54012768;10,89633000
-14,52988768;10,71688000
-14,51964768;10,89633000
-14,50940768;10,89633000
-14,49916768;10,89633000
-14,48892768;10,89633000
-14,47868768;10,89633000
-14,46844768;10,89633000
-14,45820768;10,71688000
-14,44796768;10,71688000
-14,43772768;10,53682000
-14,42748768;10,53682000
-14,41724768;10,53682000
-14,40700768;10,53682000
-14,39676768;10,53682000
-14,38652768;10,53682000
-14,37628768;10,71688000
-14,36604768;10,71688000
-14,35580768;10,35737000
-14,34556768;10,35737000
-14,33532768;10,17792000
-14,32508768;10,35737000
-14,31484768;10,35737000
-14,30460768;10,35737000
-14,29436768;10,35737000
-14,28412768;10,35737000
-14,27388768;10,35737000
-14,26364768;10,35737000
-14,25340768;10,17792000
-14,24316768;9,99847400
-14,23292768;9,99847400
-14,22268768;9,99847400
-14,21244768;9,99847400
-14,20220768;9,99847400
-14,19196768;9,99847400
-14,18172768;9,99847400
-14,17148768;9,99847400
-14,16124768;9,99847400
-14,15100768;9,99847400
-14,14076768;9,63896600
-14,13052768;9,63896600
-14,12028768;9,63896600
-14,11004768;9,63896600
-14,09980768;9,63896600
-14,08956768;9,63896600
-14,07932768;9,63896600
-14,06908768;9,63896600
-14,05884768;9,63896600
-14,04860768;9,63896600
-14,03836768;9,28006800
-14,02812768;9,28006800
-14,01788768;9,28006800
-14,00764768;9,28006800
-13,99740768;9,28006800
-13,98716768;9,28006800
-13,97692768;9,28006800
-13,96668768;9,28006800
-13,95644768;9,28006800
-13,94620768;9,28006800
-13,93596768;9,10061900
-13,92572768;8,92117000
-13,91548768;8,92117000
-13,90524768;8,92117000
-13,89500768;8,92117000
-13,88476768;8,92117000
-13,87452768;9,10061900
-13,86428768;8,92117000
-13,85404768;8,92117000
-13,84380768;8,74111200
-13,83356768;8,56166300
-13,82332768;8,56166300
-13,81308768;8,56166300
-13,80284768;8,56166300
-13,79260768;8,56166300
-13,78236768;8,74111200
-13,77212768;8,56166300
-13,76188768;8,56166300
-13,75164768;8,56166300
-13,74140768;8,38221400
-13,73116768;8,20276500
-13,72092768;8,20276500
-13,71068768;8,20276500
-13,70044768;8,20276500
-13,69020768;8,20276500
-13,67996768;8,38221400
-13,66972768;8,20276500
-13,65948768;8,20276500
-13,64924768;8,02331600
-13,63900768;7,84325700
-13,62876768;7,84325700
-13,61852768;7,84325700
-13,60828768;7,84325700
-13,59804768;7,84325700
-13,58780768;7,84325700
-13,57756768;7,84325700
-13,56732768;7,84325700
-13,55708768;7,84325700
-13,54684768;7,66380800
-13,53660768;7,48435900
-13,52636768;7,30491100
-13,51612768;7,30491100
-13,50588768;7,48435900
-13,49564768;7,48435900
-13,48540768;7,48435900
-13,47516768;7,48435900
-13,46492768;7,48435900
-13,45468768;7,30491100
-13,44444768;7,12546200
-13,43420768;6,94540200
-13,42396768;6,94540200
-13,41372768;6,94540200
-13,40348768;7,12546200
-13,39324768;6,94540200
-13,38300768;6,94540200
-13,37276768;6,94540200
-13,36252768;6,94540200
-13,35228768;6,76595400
-13,34204768;6,58650500
-13,33180768;6,40705600
-13,32156768;6,40705600
-13,31132768;6,40705600
-13,30108768;6,40705600
-13,29084768;6,40705600
-13,28060768;6,40705600
-13,27036768;6,40705600
-13,26012768;6,40705600
-13,24988768;6,04754800
-13,23964768;6,04754800
-13,22940768;5,68865000
-13,21916768;5,68865000
-13,20892768;5,68865000
-13,19868768;5,68865000
-13,18844769;5,68865000
-13,17820769;6,04754800
-13,16796769;5,68865000
-13,15772769;5,68865000
-13,14748769;5,68865000
-13,13724769;5,32975200
-13,12700769;5,14969300
-13,11676769;5,14969300
-13,10652769;5,32975200
-13,09628769;5,32975200
-13,08604769;5,32975200
-13,07580769;5,32975200
-13,06556769;5,32975200
-13,05532769;5,14969300
-13,04508769;4,97024400
-13,03484769;4,79079600
-13,02460769;4,61134700
-13,01436769;4,61134700
-13,00412769;4,79079600
-12,99388769;4,79079600
-12,98364769;4,61134700
-12,97340769;4,79079600
-12,96316769;4,61134700
-12,95292769;4,61134700
-12,94268769;4,43189800
-12,93244769;4,25183900
-12,92220769;4,07239000
-12,91196769;4,07239000
-12,90172769;4,25183900
-12,89148769;4,25183900
-12,88124769;4,25183900
-12,87100769;4,25183900
-12,86076769;4,07239000
-12,85052769;3,89294100
-12,84028769;3,71349200
-12,83004769;3,53404300
-12,81980769;3,53404300
-12,80956769;3,53404300
-12,79932769;3,53404300
-12,78908769;3,53404300
-12,77884769;3,53404300
-12,76860769;3,53404300
-12,75836769;3,53404300
-12,74812769;3,35398400
-12,73788769;3,17453500
-12,72764769;2,81563800
-12,71740769;2,81563800
-12,70716769;3,17453500
-12,69692769;3,17453500
-12,68668769;3,17453500
-12,67644769;2,99508600
-12,66620769;2,99508600
-12,65596769;2,81563800
-12,64572769;2,81563800
-12,63548769;2,63618900
-12,62524769;2,45613000
-12,61500769;2,45613000
-12,60476769;2,45613000
-12,59452769;2,45613000
-12,58428769;2,45613000
-12,57404769;2,45613000
-12,56380769;2,27668100
-12,55356769;2,09723200
-12,54332769;2,09723200
-12,53308769;1,91778300
-12,52284769;1,73833400
-12,51260769;1,73833400
-12,50236769;1,73833400
-12,49212769;1,73833400
-12,48188769;1,73833400
-12,47164769;1,55827500
-12,46140769;1,37882600
-12,45116769;1,37882600
-12,44092769;1,19937700
-12,43068769;1,19937700
-12,42044769;1,01992900
-12,41020769;1,01992900
-12,39996769;1,01992900
-12,38972769;1,01992900
-12,37948769;0,84047970
-12,36924769;0,66042050
-12,35900769;0,66042050
-12,34876769;0,66042050
-12,33852769;0,66042050
-12,32828769;0,66042050
-12,31804769;0,66042050
-12,30780769;0,66042050
-12,29756769;0,48097170
-12,28732769;0,30152290
-12,27708769;0,30152290
-12,26684769;0,30152290
-12,25660769;0,30152290
-12,24636769;0,30152290
-12,23612769;-0,05737480
-12,22588769;-0,05737480
-12,21564769;-0,05737480
-12,20540769;-0,05737480
-12,19516769;-0,05737480
-12,18492769;-0,05737480
-12,17468769;-0,05737480
-12,16444769;-0,05737480
-12,15420769;-0,05737480
-12,14396769;-0,23682360
-12,13372769;-0,41627250
-12,12348769;-0,41627250
-12,11324769;-0,41627250
-12,10300769;-0,59572130
-12,09276769;-0,41627250
-12,08252769;-0,59572130
-12,07228769;-0,59572130
-12,06204769;-0,59572130
-12,05180769;-0,77517010
-12,04156769;-0,77517010
-12,03132769;-1,13467800
-12,02108769;-1,13467800
-12,01084769;-1,13467800
-12,00060769;-1,13467800
-11,99036769;-1,13467800
-11,98012769;-1,13467800
-11,96988769;-1,13467800
-11,95964769;-1,13467800
-11,94940769;-1,49357600
-11,93916769;-1,49357600
-11,92892769;-1,85308400
-11,91868769;-1,85308400
-11,90844769;-1,85308400
-11,89820769;-1,85308400
-11,88796769;-1,85308400
-11,87772769;-1,85308400
-11,86748769;-2,03253300
-11,85724769;-2,21198200
-11,84700769;-2,21198200
-11,83676769;-2,39143000
-11,82652769;-2,57087900
-11,81628769;-2,57087900
-11,80604769;-2,57087900
-11,79580769;-2,57087900
-11,78556769;-2,57087900
-11,77532769;-2,57087900
-11,76508769;-2,57087900
-11,75484769;-2,57087900
-11,74460769;-2,75093800
-11,73436769;-2,93038700
-11,72412769;-2,93038700
-11,71388769;-2,93038700
-11,70364769;-2,93038700
-11,69340769;-3,10983600
-11,68316769;-2,93038700
-11,67292769;-3,10983600
-11,66268769;-2,93038700
-11,65244769;-3,10983600
-11,64220769;-3,28928500
-11,63196769;-3,46873400
-11,62172769;-3,64879300
-11,61148769;-3,64879300
-11,60124769;-3,46873400
-11,59100769;-3,64879300
-11,58076769;-3,64879300
-11,57052769;-3,64879300
-11,56028769;-3,64879300
-11,55004769;-3,64879300
-11,53980770;-3,82824200
-11,52956770;-4,00769000
-11,51932770;-4,00769000
-11,50908770;-4,00769000
-11,49884770;-4,00769000
-11,48860770;-4,00769000
-11,47836770;-4,00769000
-11,46812770;-4,00769000
-11,45788770;-4,00769000
-11,44764770;-4,18714000
-11,43740770;-4,36658800
-11,42716770;-4,54664800
-11,41692770;-4,54664800
-11,40668770;-4,36658800
-11,39644770;-4,54664800
-11,38620770;-4,54664800
-11,37596770;-4,54664800
-11,36572770;-4,54664800
-11,35548770;-4,72609600
-11,34524770;-4,72609600
-11,33500770;-4,90554500
-11,32476770;-5,08499400
-11,31452770;-5,08499400
-11,30428770;-5,08499400
-11,29404770;-5,08499400
-11,28380770;-5,08499400
-11,27356770;-5,08499400
-11,26332770;-5,08499400
-11,25308770;-5,08499400
-11,24284770;-5,26444300
-11,23260770;-5,44450200
-11,22236770;-5,44450200
-11,21212770;-5,44450200
-11,20188770;-5,44450200
-11,19164770;-5,44450200
-11,18140770;-5,44450200
-11,17116770;-5,44450200
-11,16092770;-5,62395100
-11,15068770;-5,80340000
-11,14044770;-5,80340000
-11,13020770;-5,80340000
-11,11996770;-5,80340000
-11,10972770;-5,80340000
-11,09948770;-5,80340000
-11,08924770;-5,98284900
-11,07900770;-5,98284900
-11,06876770;-5,80340000
-11,05852770;-5,98284900
-11,04828770;-5,98284900
-11,03804770;-5,98284900
-11,02780770;-5,98284900
-11,01756770;-5,98284900
-11,00732770;-5,80340000
-10,99708770;-5,80340000
-10,98684770;-5,98284900
-10,97660770;-5,80340000
-10,96636770;-5,98284900
-10,95612770;-5,80340000
-10,94588770;-5,98284900
-10,93564770;-5,80340000
-10,92540770;-5,80340000
-10,91516770;-5,80340000
-10,90492770;-5,80340000
-10,89468770;-5,80340000
-10,88444770;-5,80340000
-10,87420770;-5,98284900
-10,86396770;-5,80340000
-10,85372770;-5,80340000
-10,84348770;-5,98284900
-10,83324770;-5,80340000
-10,82300770;-5,80340000
-10,81276770;-5,80340000
-10,80252770;-5,80340000
-10,79228770;-5,80340000
-10,78204770;-5,80340000
-10,77180770;-5,80340000
-10,76156770;-5,80340000
-10,75132770;-5,80340000
-10,74108770;-5,80340000
-10,73084770;-5,80340000
-10,72060770;-5,80340000
-10,71036770;-5,80340000
-10,70012770;-5,80340000
-10,68988770;-5,80340000
-10,67964770;-5,80340000
-10,66940770;-5,80340000
-10,65916770;-5,80340000
-10,64892770;-5,80340000
-10,63868770;-5,80340000
-10,62844770;-5,80340000
-10,61820770;-5,80340000
-10,60796770;-5,80340000
-10,59772770;-5,80340000
-10,58748770;-5,80340000
-10,57724770;-5,80340000
-10,56700770;-5,80340000
-10,55676770;-5,80340000
-10,54652770;-5,80340000
-10,53628770;-5,80340000
-10,52604770;-5,80340000
-10,51580770;-5,80340000
-10,50556770;-5,80340000
-10,49532770;-5,80340000
-10,48508770;-5,80340000
-10,47484770;-5,80340000
-10,46460770;-5,80340000
-10,45436770;-5,80340000
-10,44412770;-5,80340000
-10,43388770;-5,80340000
-10,42364770;-5,80340000
-10,41340770;-5,80340000
-10,40316770;-5,80340000
-10,39292770;-5,80340000
-10,38268770;-5,80340000
-10,37244770;-5,80340000
-10,36220770;-5,80340000
-10,35196770;-5,80340000
-10,34172770;-5,80340000
-10,33148770;-5,80340000
-10,32124770;-5,80340000
-10,31100770;-5,80340000
-10,30076770;-5,80340000
-10,29052770;-5,80340000
-10,28028770;-5,80340000
-10,27004770;-5,80340000
-10,25980770;-5,80340000
-10,24956770;-5,80340000
-10,23932770;-5,80340000
-10,22908770;-5,80340000
-10,21884770;-5,80340000
-10,20860770;-5,80340000
-10,19836770;-5,80340000
-10,18812770;-5,80340000
-10,17788770;-5,80340000
-10,16764770;-5,80340000
-10,15740770;-5,80340000
-10,14716770;-5,80340000
-10,13692770;-5,80340000
-10,12668770;-5,80340000
-10,11644770;-5,80340000
-10,10620770;-5,80340000
-10,09596770;-5,80340000
-10,08572770;-5,80340000
-10,07548770;-5,80340000
-10,06524770;-5,80340000
-10,05500770;-5,80340000
-10,04476770;-5,80340000
-10,03452770;-5,80340000
-10,02428770;-5,80340000
-10,01404770;-5,80340000
-10,00380770;-5,80340000
-9,99356770;-5,80340000
-9,98332770;-5,80340000
-9,97308770;-5,80340000
-9,96284770;-5,80340000
-9,95260770;-5,80340000
-9,94236770;-5,80340000
-9,93212770;-5,80340000
-9,92188770;-5,80340000
-9,91164770;-5,80340000
-9,90140771;-5,80340000
-9,89116771;-5,80340000
-9,88092771;-5,80340000
-9,87068771;-5,80340000
-9,86044771;-5,80340000
-9,85020771;-5,80340000
-9,83996771;-5,80340000
-9,82972771;-5,80340000
-9,81948771;-5,80340000
-9,80924771;-5,80340000
-9,79900771;-5,80340000
-9,78876771;-5,80340000
-9,77852771;-5,80340000
-9,76828771;-5,80340000
-9,75804771;-5,80340000
-9,74780771;-5,80340000
-9,73756771;-5,80340000
-9,72732771;-5,80340000
-9,71708771;-5,80340000
-9,70684771;-5,80340000
-9,69660771;-5,80340000
-9,68636771;-5,80340000
-9,67612771;-5,80340000
-9,66588771;-5,80340000
-9,65564771;-5,80340000
-9,64540771;-5,80340000
-9,63516771;-5,80340000
-9,62492771;-5,80340000
-9,61468771;-5,80340000
-9,60444771;-5,80340000
-9,59420771;-5,80340000
-9,58396771;-5,80340000
-9,57372771;-5,80340000
-9,56348771;-5,80340000
-9,55324771;-5,80340000
-9,54300771;-5,80340000
-9,53276771;-5,80340000
-9,52252771;-5,80340000
-9,51228771;-5,80340000
-9,50204771;-5,80340000
-9,49180771;-5,80340000
-9,48156771;-5,80340000
-9,47132771;-5,80340000
-9,46108771;-5,80340000
-9,45084771;-5,80340000
-9,44060771;-5,80340000
-9,43036771;-5,80340000
-9,42012771;-5,80340000
-9,40988771;-5,80340000
-9,39964771;-5,80340000
-9,38940771;-5,80340000
-9,37916771;-5,80340000
-9,36892771;-5,80340000
-9,35868771;-5,80340000
-9,34844771;-5,80340000
-9,33820771;-5,80340000
-9,32796771;-5,80340000
-9,31772771;-5,80340000
-9,30748771;-5,80340000
-9,29724771;-5,80340000
-9,28700771;-5,80340000
-9,27676771;-5,80340000
-9,26652771;-5,80340000
-9,25628771;-5,80340000
-9,24604771;-5,80340000
-9,23580771;-5,80340000
-9,22556771;-5,80340000
-9,21532771;-5,80340000
-9,20508771;-5,80340000
-9,19484771;-5,80340000
-9,18460771;-5,80340000
-9,17436771;-5,80340000
-9,16412771;-5,80340000
-9,15388771;-5,80340000
-9,14364771;-5,80340000
-9,13340771;-5,80340000
-9,12316771;-5,80340000
-9,11292771;-5,80340000
-9,10268771;-5,80340000
-9,09244771;-5,80340000
-9,08220771;-5,80340000
-9,07196771;-5,80340000
-9,06172771;-5,80340000
-9,05148771;-5,80340000
-9,04124771;-5,80340000
-9,03100771;-5,80340000
-9,02076771;-5,80340000
-9,01052771;-5,80340000
-9,00028771;-5,80340000
-8,99004771;-5,80340000
-8,97980771;-5,80340000
-8,96956771;-5,80340000
-8,95932771;-5,80340000
-8,94908771;-5,80340000
-8,93884771;-5,80340000
-8,92860771;-5,80340000
-8,91836771;-5,80340000
-8,90812771;-5,80340000
-8,89788771;-5,80340000
-8,88764771;-5,80340000
-8,87740771;-5,80340000
-8,86716771;-5,80340000
-8,85692771;-5,80340000
-8,84668771;-5,80340000
-8,83644771;-5,80340000
-8,82620771;-5,80340000
-8,81596771;-5,80340000
-8,80572771;-5,80340000
-8,79548771;-5,80340000
-8,78524771;-5,80340000
-8,77500771;-5,80340000
-8,76476771;-5,80340000
-8,75452771;-5,80340000
-8,74428771;-5,80340000
-8,73404771;-5,80340000
-8,72380771;-5,80340000
-8,71356771;-5,80340000
-8,70332771;-5,80340000
-8,69308771;-5,80340000
-8,68284771;-5,80340000
-8,67260771;-5,80340000
-8,66236771;-5,80340000
-8,65212771;-5,80340000
-8,64188771;-5,80340000
-8,63164771;-5,80340000
-8,62140771;-5,80340000
-8,61116771;-5,80340000
-8,60092771;-5,80340000
-8,59068771;-5,80340000
-8,58044771;-5,80340000
-8,57020771;-5,80340000
-8,55996771;-5,80340000
-8,54972771;-5,80340000
-8,53948771;-5,80340000
-8,52924771;-5,80340000
-8,51900771;-5,80340000
-8,50876771;-5,80340000
-8,49852771;-5,80340000
-8,48828771;-5,80340000
-8,47804771;-5,80340000
-8,46780771;-5,80340000
-8,45756771;-5,80340000
-8,44732771;-5,80340000
-8,43708771;-5,80340000
-8,42684771;-5,80340000
-8,41660771;-5,80340000
-8,40636771;-5,80340000
-8,39612771;-5,80340000
-8,38588771;-5,80340000
-8,37564771;-5,80340000
-8,36540771;-5,80340000
-8,35516771;-5,80340000
-8,34492771;-5,80340000
-8,33468771;-5,80340000
-8,32444771;-5,80340000
-8,31420771;-5,80340000
-8,30396771;-5,80340000
-8,29372771;-5,80340000
-8,28348771;-5,80340000
-8,27324771;-5,80340000
-8,26300771;-5,80340000
-8,25276772;-5,80340000
-8,24252772;-5,80340000
-8,23228772;-5,80340000
-8,22204772;-5,80340000
-8,21180772;-5,80340000
-8,20156772;-5,62395100
-8,19132772;-5,80340000
-8,18108772;-5,80340000
-8,17084772;-5,80340000
-8,16060772;-5,80340000
-8,15036772;-5,80340000
-8,14012772;-5,80340000
-8,12988772;-5,80340000
-8,11964772;-5,80340000
-8,10940772;-5,80340000
-8,09916772;-5,80340000
-8,08892772;-5,80340000
-8,07868772;-5,80340000
-8,06844772;-5,80340000
-8,05820772;-5,80340000
-8,04796772;-5,80340000
-8,03772772;-5,80340000
-8,02748772;-5,80340000
-8,01724772;-5,80340000
-8,00700772;-5,80340000
-7,99676772;-5,80340000
-7,98652772;-5,80340000
-7,97628772;-5,80340000
-7,96604772;-5,80340000
-7,95580772;-5,80340000
-7,94556772;-5,80340000
-7,93532772;-5,80340000
-7,92508772;-5,80340000
-7,91484772;-5,80340000
-7,90460772;-5,80340000
-7,89436772;-5,80340000
-7,88412772;-5,80340000
-7,87388772;-5,80340000
-7,86364772;-5,80340000
-7,85340772;-5,80340000
-7,84316772;-5,80340000
-7,83292772;-5,80340000
-7,82268772;-5,80340000
-7,81244772;-5,80340000
-7,80220772;-5,80340000
-7,79196772;-5,80340000
-7,78172772;-5,62395100
-7,77148772;-5,80340000
-7,76124772;-5,80340000
-7,75100772;-5,80340000
-7,74076772;-5,80340000
-7,73052772;-5,62395100
-7,72028772;-5,80340000
-7,71004772;-5,80340000
-7,69980772;-5,80340000
-7,68956772;-5,80340000
-7,67932772;-5,80340000
-7,66908772;-5,80340000
-7,65884772;-5,80340000
-7,64860772;-5,80340000
-7,63836772;-5,80340000
-7,62812772;-5,80340000
-7,61788772;-5,80340000
-7,60764772;-5,80340000
-7,59740772;-5,80340000
-7,58716772;-5,80340000
-7,57692772;-5,80340000
-7,56668772;-5,80340000
-7,55644772;-5,62395100
-7,54620772;-5,80340000
-7,53596772;-5,80340000
-7,52572772;-5,80340000
-7,51548772;-5,80340000
-7,50524772;-5,80340000
-7,49500772;-5,80340000
-7,48476772;-5,62395100
-7,47452772;-5,80340000
-7,46428772;-5,80340000
-7,45404772;-5,80340000
-7,44380772;-5,80340000
-7,43356772;-5,80340000
-7,42332772;-5,80340000
-7,41308772;-5,80340000
-7,40284772;-5,80340000
-7,39260772;-5,80340000
-7,38236772;-5,80340000
-7,37212772;-5,62395100
-7,36188772;-5,62395100
-7,35164772;-5,80340000
-7,34140772;-5,80340000
-7,33116772;-5,62395100
-7,32092772;-5,80340000
-7,31068772;-5,80340000
-7,30044772;-5,80340000
-7,29020772;-5,80340000
-7,27996772;-5,80340000
-7,26972772;-5,62395100
-7,25948772;-5,62395100
-7,24924772;-5,62395100
-7,23900772;-5,80340000
-7,22876772;-5,80340000
-7,21852772;-5,80340000
-7,20828772;-5,80340000
-7,19804772;-5,62395100
-7,18780772;-5,80340000
-7,17756772;-5,80340000
-7,16732772;-5,80340000
-7,15708772;-5,80340000
-7,14684772;-5,62395100
-7,13660772;-5,80340000
-7,12636772;-5,62395100
-7,11612772;-5,80340000
-7,10588772;-5,80340000
-7,09564772;-5,80340000
-7,08540772;-5,62395100
-7,07516772;-5,80340000
-7,06492772;-5,80340000
-7,05468772;-5,80340000
-7,04444772;-5,80340000
-7,03420772;-5,80340000
-7,02396772;-5,62395100
-7,01372772;-5,80340000
-7,00348772;-5,80340000
-6,99324772;-5,80340000
-6,98300772;-5,80340000
-6,97276772;-5,62395100
-6,96252772;-5,80340000
-6,95228772;-5,80340000
-6,94204772;-5,62395100
-6,93180772;-5,80340000
-6,92156772;-5,80340000
-6,91132772;-5,80340000
-6,90108772;-5,80340000
-6,89084772;-5,80340000
-6,88060772;-5,80340000
-6,87036772;-5,80340000
-6,86012772;-5,80340000
-6,84988772;-5,62395100
-6,83964772;-5,80340000
-6,82940772;-5,80340000
-6,81916772;-5,80340000
-6,80892772;-5,80340000
-6,79868772;-5,62395100
-6,78844772;-5,80340000
-6,77820772;-5,80340000
-6,76796772;-5,62395100
-6,75772772;-5,80340000
-6,74748772;-5,80340000
-6,73724772;-5,80340000
-6,72700772;-5,80340000
-6,71676772;-5,62395100
-6,70652772;-5,80340000
-6,69628772;-5,80340000
-6,68604772;-5,80340000
-6,67580772;-5,80340000
-6,66556772;-5,62395100
-6,65532772;-5,62395100
-6,64508772;-5,80340000
-6,63484772;-5,80340000
-6,62460772;-5,80340000
-6,61436772;-5,62395100
-6,60412773;-5,62395100
-6,59388773;-5,62395100
-6,58364773;-5,62395100
-6,57340773;-5,80340000
-6,56316773;-5,80340000
-6,55292773;-5,80340000
-6,54268773;-5,62395100
-6,53244773;-5,62395100
-6,52220773;-5,44450200
-6,51196773;-5,44450200
-6,50172773;-5,44450200
-6,49148773;-5,62395100
-6,48124773;-5,62395100
-6,47100773;-5,62395100
-6,46076773;-5,80340000
-6,45052773;-5,80340000
-6,44028773;-5,62395100
-6,43004773;-5,44450200
-6,41980773;-5,62395100
-6,40956773;-5,44450200
-6,39932773;-5,62395100
-6,38908773;-5,62395100
-6,37884773;-5,62395100
-6,36860773;-5,62395100
-6,35836773;-5,44450200
-6,34812773;-5,62395100
-6,33788773;-5,62395100
-6,32764773;-5,44450200
-6,31740773;-5,62395100
-6,30716773;-5,62395100
-6,29692773;-5,62395100
-6,28668773;-5,62395100
-6,27644773;-5,62395100
-6,26620773;-5,62395100
-6,25596773;-5,62395100
-6,24572773;-5,62395100
-6,23548773;-5,62395100
-6,22524773;-5,62395100
-6,21500773;-5,62395100
-6,20476773;-5,62395100
-6,19452773;-5,62395100
-6,18428773;-5,62395100
-6,17404773;-5,80340000
-6,16380773;-5,44450200
-6,15356773;-5,62395100
-6,14332773;-5,62395100
-6,13308773;-5,62395100
-6,12284773;-5,80340000
-6,11260773;-5,44450200
-6,10236773;-5,44450200
-6,09212773;-5,62395100
-6,08188773;-5,62395100
-6,07164773;-5,62395100
-6,06140773;-5,62395100
-6,05116773;-5,62395100
-6,04092773;-5,44450200
-6,03068773;-5,62395100
-6,02044773;-5,62395100
-6,01020773;-5,62395100
-5,99996773;-5,62395100
-5,98972773;-5,62395100
-5,97948773;-5,44450200
-5,96924773;-5,62395100
-5,95900773;-5,62395100
-5,94876773;-5,62395100
-5,93852773;-5,62395100
-5,92828773;-5,62395100
-5,91804773;-5,44450200
-5,90780773;-5,62395100
-5,89756773;-5,80340000
-5,88732773;-5,44450200
-5,87708773;-5,44450200
-5,86684773;-5,62395100
-5,85660773;-5,62395100
-5,84636773;-5,62395100
-5,83612773;-5,44450200
-5,82588773;-5,62395100
-5,81564773;-5,44450200
-5,80540773;-5,62395100
-5,79516773;-5,44450200
-5,78492773;-5,62395100
-5,77468773;-5,62395100
-5,76444773;-5,44450200
-5,75420773;-5,62395100
-5,74396773;-5,62395100
-5,73372773;-5,44450200
-5,72348773;-5,62395100
-5,71324773;-5,62395100
-5,70300773;-5,44450200
-5,69276773;-5,44450200
-5,68252773;-5,62395100
-5,67228773;-5,62395100
-5,66204773;-5,44450200
-5,65180773;-5,44450200
-5,64156773;-5,62395100
-5,63132773;-5,62395100
-5,62108773;-5,62395100
-5,61084773;-5,44450200
-5,60060773;-5,44450200
-5,59036773;-5,44450200
-5,58012773;-5,44450200
-5,56988773;-5,44450200
-5,55964773;-5,44450200
-5,54940773;-5,44450200
-5,53916773;-5,44450200
-5,52892773;-5,62395100
-5,51868773;-5,62395100
-5,50844773;-5,44450200
-5,49820773;-5,44450200
-5,48796773;-5,44450200
-5,47772773;-5,62395100
-5,46748773;-5,44450200
-5,45724773;-5,44450200
-5,44700773;-5,80340000
-5,43676773;-5,44450200
-5,42652773;-5,44450200
-5,41628773;-5,62395100
-5,40604773;-5,62395100
-5,39580773;-5,44450200
-5,38556773;-5,44450200
-5,37532773;-5,44450200
-5,36508773;-5,44450200
-5,35484773;-5,44450200
-5,34460773;-5,44450200
-5,33436773;-5,44450200
-5,32412773;-5,44450200
-5,31388773;-5,44450200
-5,30364773;-5,44450200
-5,29340773;-5,44450200
-5,28316773;-5,44450200
-5,27292773;-5,44450200
-5,26268773;-5,44450200
-5,25244773;-5,62395100
-5,24220773;-5,44450200
-5,23196773;-5,44450200
-5,22172773;-5,44450200
-5,21148773;-5,44450200
-5,20124773;-5,44450200
-5,19100773;-5,62395100
-5,18076773;-5,44450200
-5,17052773;-5,44450200
-5,16028773;-5,44450200
-5,15004773;-5,44450200
-5,13980773;-5,44450200
-5,12956773;-5,44450200
-5,11932773;-5,44450200
-5,10908773;-5,44450200
-5,09884773;-5,44450200
-5,08860773;-5,44450200
-5,07836773;-5,62395100
-5,06812773;-5,44450200
-5,05788773;-5,44450200
-5,04764773;-5,62395100
-5,03740773;-5,62395100
-5,02716773;-5,44450200
-5,01692773;-5,44450200
-5,00668773;-5,44450200
-4,99644773;-5,44450200
-4,98620773;-5,44450200
-4,97596773;-5,44450200
-4,96572773;-5,44450200
-4,95548774;-5,62395100
-4,94524774;-5,44450200
-4,93500774;-5,44450200
-4,92476774;-5,44450200
-4,91452774;-5,44450200
-4,90428774;-5,44450200
-4,89404774;-5,44450200
-4,88380774;-5,44450200
-4,87356774;-5,44450200
-4,86332774;-5,44450200
-4,85308774;-5,44450200
-4,84284774;-5,44450200
-4,83260774;-5,44450200
-4,82236774;-5,44450200
-4,81212774;-5,44450200
-4,80188774;-5,44450200
-4,79164774;-5,44450200
-4,78140774;-5,44450200
-4,77116774;-5,44450200
-4,76092774;-5,44450200
-4,75068774;-5,44450200
-4,74044774;-5,44450200
-4,73020774;-5,44450200
-4,71996774;-5,44450200
-4,70972774;-5,44450200
-4,69948774;-5,44450200
-4,68924774;-5,44450200
-4,67900774;-5,44450200
-4,66876774;-5,44450200
-4,65852774;-5,44450200
-4,64828774;-5,44450200
-4,63804774;-5,44450200
-4,62780774;-5,44450200
-4,61756774;-5,44450200
-4,60732774;-5,44450200
-4,59708774;-5,44450200
-4,58684774;-5,44450200
-4,57660774;-5,44450200
-4,56636774;-5,44450200
-4,55612774;-5,44450200
-4,54588774;-5,44450200
-4,53564774;-5,44450200
-4,52540774;-5,44450200
-4,51516774;-5,44450200
-4,50492774;-5,44450200
-4,49468774;-5,44450200
-4,48444774;-5,44450200
-4,47420774;-5,44450200
-4,46396774;-5,44450200
-4,45372774;-5,44450200
-4,44348774;-5,44450200
-4,43324774;-5,44450200
-4,42300774;-5,44450200
-4,41276774;-5,44450200
-4,40252774;-5,44450200
-4,39228774;-5,44450200
-4,38204774;-5,44450200
-4,37180774;-5,44450200
-4,36156774;-5,44450200
-4,35132774;-5,44450200
-4,34108774;-5,44450200
-4,33084774;-5,44450200
-4,32060774;-5,44450200
-4,31036774;-5,44450200
-4,30012774;-5,44450200
-4,28988774;-5,44450200
-4,27964774;-5,44450200
-4,26940774;-5,44450200
-4,25916774;-5,44450200
-4,24892774;-5,44450200
-4,23868774;-5,44450200
-4,22844774;-5,44450200
-4,21820774;-5,44450200
-4,20796774;-5,44450200
-4,19772774;-5,44450200
-4,18748774;-5,44450200
-4,17724774;-5,44450200
-4,16700774;-5,44450200
-4,15676774;-5,44450200
-4,14652774;-5,44450200
-4,13628774;-5,44450200
-4,12604774;-5,44450200
-4,11580774;-5,44450200
-4,10556774;-5,44450200
-4,09532774;-5,44450200
-4,08508774;-5,44450200
-4,07484774;-5,44450200
-4,06460774;-5,44450200
-4,05436774;-5,44450200
-4,04412774;-5,44450200
-4,03388774;-5,44450200
-4,02364774;-5,44450200
-4,01340774;-5,44450200
-4,00316774;-5,44450200
-3,99292774;-5,44450200
-3,98268774;-5,44450200
-3,97244774;-5,44450200
-3,96220774;-5,44450200
-3,95196774;-5,44450200
-3,94172774;-5,44450200
-3,93148774;-5,44450200
-3,92124774;-5,44450200
-3,91100774;-5,44450200
-3,90076774;-5,44450200
-3,89052774;-5,44450200
-3,88028774;-5,44450200
-3,87004774;-5,44450200
-3,85980774;-5,44450200
-3,84956774;-5,44450200
-3,83932774;-5,44450200
-3,82908774;-5,44450200
-3,81884774;-5,44450200
-3,80860774;-5,44450200
-3,79836774;-5,44450200
-3,78812774;-5,44450200
-3,77788774;-5,44450200
-3,76764774;-5,44450200
-3,75740774;-5,44450200
-3,74716774;-5,44450200
-3,73692774;-5,44450200
-3,72668774;-5,44450200
-3,71644774;-5,44450200
-3,70620774;-5,44450200
-3,69596774;-5,44450200
-3,68572774;-5,44450200
-3,67548774;-5,44450200
-3,66524774;-5,44450200
-3,65500774;-5,44450200
-3,64476774;-5,44450200
-3,63452774;-5,44450200
-3,62428774;-5,44450200
-3,61404774;-5,44450200
-3,60380774;-5,44450200
-3,59356774;-5,44450200
-3,58332774;-5,44450200
-3,57308774;-5,44450200
-3,56284774;-5,44450200
-3,55260774;-5,44450200
-3,54236774;-5,44450200
-3,53212774;-5,44450200
-3,52188774;-5,44450200
-3,51164774;-5,44450200
-3,50140774;-5,44450200
-3,49116774;-5,44450200
-3,48092774;-5,44450200
-3,47068774;-5,44450200
-3,46044774;-5,44450200
-3,45020774;-5,44450200
-3,43996774;-5,44450200
-3,42972774;-5,44450200
-3,41948774;-5,44450200
-3,40924774;-5,44450200
-3,39900774;-5,44450200
-3,38876774;-5,44450200
-3,37852774;-5,44450200
-3,36828774;-5,44450200
-3,35804774;-5,44450200
-3,34780774;-5,44450200
-3,33756774;-5,44450200
-3,32732774;-5,44450200
-3,31708775;-5,44450200
-3,30684775;-5,44450200
-3,29660775;-5,44450200
-3,28636775;-5,44450200
-3,27612775;-5,44450200
-3,26588775;-5,44450200
-3,25564775;-5,44450200
-3,24540775;-5,44450200
-3,23516775;-5,44450200
-3,22492775;-5,44450200
-3,21468775;-5,44450200
-3,20444775;-5,44450200
-3,19420775;-5,44450200
-3,18396775;-5,44450200
-3,17372775;-5,44450200
-3,16348775;-5,44450200
-3,15324775;-5,44450200
-3,14300775;-5,44450200
-3,13276775;-5,44450200
-3,12252775;-5,44450200
-3,11228775;-5,44450200
-3,10204775;-5,44450200
-3,09180775;-5,44450200
-3,08156775;-5,44450200
-3,07132775;-5,44450200
-3,06108775;-5,44450200
-3,05084775;-5,44450200
-3,04060775;-5,44450200
-3,03036775;-5,44450200
-3,02012775;-5,44450200
-3,00988775;-5,44450200
-2,99964775;-5,44450200
-2,98940775;-5,44450200
-2,97916775;-5,44450200
-2,96892775;-5,44450200
-2,95868775;-5,44450200
-2,94844775;-5,44450200
-2,93820775;-5,44450200
-2,92796775;-5,44450200
-2,91772775;-5,44450200
-2,90748775;-5,44450200
-2,89724775;-5,44450200
-2,88700775;-5,44450200
-2,87676775;-5,44450200
-2,86652775;-5,44450200
-2,85628775;-5,44450200
-2,84604775;-5,44450200
-2,83580775;-5,44450200
-2,82556775;-5,44450200
-2,81532775;-5,44450200
-2,80508775;-5,44450200
-2,79484775;-5,44450200
-2,78460775;-5,44450200
-2,77436775;-5,44450200
-2,76412775;-5,44450200
-2,75388775;-5,44450200
-2,74364775;-5,44450200
-2,73340775;-5,44450200
-2,72316775;-5,44450200
-2,71292775;-5,44450200
-2,70268775;-5,44450200
-2,69244775;-5,44450200
-2,68220775;-5,44450200
-2,67196775;-5,44450200
-2,66172775;-5,44450200
-2,65148775;-5,44450200
-2,64124775;-5,44450200
-2,63100775;-5,44450200
-2,62076775;-5,44450200
-2,61052775;-5,44450200
-2,60028775;-5,44450200
-2,59004775;-5,44450200
-2,57980775;-5,44450200
-2,56956775;-5,44450200
-2,55932775;-5,44450200
-2,54908775;-5,44450200
-2,53884775;-5,44450200
-2,52860775;-5,44450200
-2,51836775;-5,44450200
-2,50812775;-5,44450200
-2,49788775;-5,44450200
-2,48764775;-5,44450200
-2,47740775;-5,44450200
-2,46716775;-5,44450200
-2,45692775;-5,44450200
-2,44668775;-5,44450200
-2,43644775;-5,44450200
-2,42620775;-5,44450200
-2,41596775;-5,44450200
-2,40572775;-5,44450200
-2,39548775;-5,44450200
-2,38524775;-5,44450200
-2,37500775;-5,44450200
-2,36476775;-5,26444300
-2,35452775;-5,44450200
-2,34428775;-5,44450200
-2,33404775;-5,44450200
-2,32380775;-5,44450200
-2,31356775;-5,44450200
-2,30332775;-5,44450200
-2,29308775;-5,44450200
-2,28284775;-5,44450200
-2,27260775;-5,44450200
-2,26236775;-5,44450200
-2,25212775;-5,44450200
-2,24188775;-5,26444300
-2,23164775;-5,44450200
-2,22140775;-5,44450200
-2,21116775;-5,44450200
-2,20092775;-5,44450200
-2,19068775;-5,44450200
-2,18044775;-5,26444300
-2,17020775;-5,44450200
-2,15996775;-5,44450200
-2,14972775;-5,44450200
-2,13948775;-5,44450200
-2,12924775;-5,44450200
-2,11900775;-5,44450200
-2,10876775;-5,44450200
-2,09852775;-5,44450200
-2,08828775;-5,44450200
-2,07804775;-5,44450200
-2,06780775;-5,44450200
-2,05756775;-5,44450200
-2,04732775;-5,44450200
-2,03708775;-5,44450200
-2,02684775;-5,44450200
-2,01660775;-5,44450200
-2,00636775;-5,44450200
-1,99612775;-5,44450200
-1,98588775;-5,44450200
-1,97564775;-5,44450200
-1,96540775;-5,44450200
-1,95516775;-5,44450200
-1,94492775;-5,44450200
-1,93468775;-5,44450200
-1,92444775;-5,44450200
-1,91420775;-5,44450200
-1,90396775;-5,44450200
-1,89372775;-5,44450200
-1,88348775;-5,44450200
-1,87324775;-5,44450200
-1,86300775;-5,44450200
-1,85276775;-5,44450200
-1,84252775;-5,44450200
-1,83228775;-5,44450200
-1,82204775;-5,44450200
-1,81180775;-5,44450200
-1,80156775;-5,44450200
-1,79132775;-5,44450200
-1,78108775;-5,26444300
-1,77084775;-5,44450200
-1,76060775;-5,44450200
-1,75036775;-5,44450200
-1,74012775;-5,44450200
-1,72988775;-5,44450200
-1,71964775;-5,44450200
-1,70940775;-5,44450200
-1,69916775;-5,44450200
-1,68892775;-5,44450200
-1,67868775;-5,44450200
-1,66844776;-5,44450200
-1,65820776;-5,44450200
-1,64796776;-5,44450200
-1,63772776;-5,26444300
-1,62748776;-5,26444300
-1,61724776;-5,26444300
-1,60700776;-5,44450200
-1,59676776;-5,44450200
-1,58652776;-5,44450200
-1,57628776;-5,44450200
-1,56604776;-5,44450200
-1,55580776;-5,44450200
-1,54556776;-5,44450200
-1,53532776;-5,26444300
-1,52508776;-5,44450200
-1,51484776;-5,44450200
-1,50460776;-5,44450200
-1,49436776;-5,44450200
-1,48412776;-5,44450200
-1,47388776;-5,44450200
-1,46364776;-5,44450200
-1,45340776;-5,44450200
-1,44316776;-5,44450200
-1,43292776;-5,44450200
-1,42268776;-5,44450200
-1,41244776;-5,44450200
-1,40220776;-5,44450200
-1,39196776;-5,26444300
-1,38172776;-5,44450200
-1,37148776;-5,44450200
-1,36124776;-5,26444300
-1,35100776;-5,44450200
-1,34076776;-5,26444300
-1,33052776;-5,44450200
-1,32028776;-5,44450200
-1,31004776;-5,44450200
-1,29980776;-5,44450200
-1,28956776;-5,44450200
-1,27932776;-5,44450200
-1,26908776;-5,44450200
-1,25884776;-5,26444300
-1,24860776;-5,26444300
-1,23836776;-5,44450200
-1,22812776;-5,44450200
-1,21788776;-5,26444300
-1,20764776;-5,26444300
-1,19740776;-5,44450200
-1,18716776;-5,26444300
-1,17692776;-5,44450200
-1,16668776;-5,44450200
-1,15644776;-5,26444300
-1,14620776;-5,44450200
-1,13596776;-5,26444300
-1,12572776;-5,44450200
-1,11548776;-5,44450200
-1,10524776;-5,44450200
-1,09500776;-5,44450200
-1,08476776;-5,26444300
-1,07452776;-5,26444300
-1,06428776;-5,26444300
-1,05404776;-5,26444300
-1,04380776;-5,44450200
-1,03356776;-5,26444300
-1,02332776;-5,26444300
-1,01308776;-5,44450200
-1,00284776;-5,26444300
-0,99260776;-5,26444300
-0,98236776;-5,26444300
-0,97212776;-5,26444300
-0,96188776;-5,26444300
-0,95164776;-5,08499400
-0,94140776;-5,08499400
-0,93116776;-5,08499400
-0,92092776;-5,08499400
-0,91068776;-5,08499400
-0,90044776;-4,90554500
-0,89020776;-4,72609600
-0,87996776;-4,72609600
-0,86972776;-4,72609600
-0,85948776;-4,72609600
-0,84924776;-4,72609600
-0,83900776;-4,72609600
-0,82876776;-4,54664800
-0,81852776;-4,54664800
-0,80828776;-4,36658800
-0,79804776;-4,36658800
-0,78780776;-4,36658800
-0,77756776;-4,36658800
-0,76732776;-4,36658800
-0,75708776;-4,36658800
-0,74684776;-4,00769000
-0,73660776;-4,00769000
-0,72636776;-4,00769000
-0,71612776;-4,00769000
-0,70588776;-3,82824200
-0,69564776;-3,82824200
-0,68540776;-3,64879300
-0,67516776;-3,64879300
-0,66492776;-3,64879300
-0,65468776;-3,64879300
-0,64444776;-3,64879300
-0,63420776;-3,64879300
-0,62396776;-3,64879300
-0,61372776;-3,46873400
-0,60348776;-3,28928500
-0,59324776;-3,28928500
-0,58300776;-3,28928500
-0,57276776;-3,28928500
-0,56252776;-3,28928500
-0,55228776;-3,10983600
-0,54204776;-3,10983600
-0,53180776;-3,10983600
-0,52156776;-2,93038700
-0,51132776;-2,93038700
-0,50108776;-2,75093800
-0,49084776;-2,75093800
-0,48060776;-2,93038700
-0,47036776;-2,75093800
-0,46012776;-2,75093800
-0,44988776;-2,57087900
-0,43964776;-2,57087900
-0,42940776;-2,57087900
-0,41916776;-2,57087900
-0,40892776;-2,39143000
-0,39868776;-2,21198200
-0,38844776;-2,21198200
-0,37820776;-2,21198200
-0,36796776;-2,21198200
-0,35772776;-2,21198200
-0,34748776;-2,21198200
-0,33724776;-2,21198200
-0,32700776;-1,85308400
-0,31676776;-1,85308400
-0,30652776;-1,85308400
-0,29628776;-1,67302500
-0,28604776;-1,67302500
-0,27580776;-1,67302500
-0,26556776;-1,49357600
-0,25532776;-1,67302500
-0,24508776;-1,49357600
-0,23484776;-1,49357600
-0,22460776;-1,49357600
-0,21436776;-1,49357600
-0,20412776;-1,13467800
-0,19388776;-1,13467800
-0,18364776;-1,13467800
-0,17340776;-1,13467800
-0,16316776;-1,13467800
-0,15292776;-0,95522930
-0,14268776;-1,13467800
-0,13244776;-0,95522930
-0,12220776;-0,77517010
-0,11196776;-0,77517010
-0,10172776;-0,77517010
-0,09148776;-0,77517010
-0,08124776;-0,59572130
-0,07100776;-0,59572130
-0,06076776;-0,59572130
-0,05052776;-0,41627250
-0,04028776;-0,59572130
-0,03004776;-0,41627250
-0,01980777;-0,41627250
-0,00956777;-0,23682360
0,00067223;-0,05737480
0,01091223;-0,05737480
0,02115223;-0,05737480
0,03139223;-0,05737480
0,04163223;-0,05737480
0,05187223;-0,05737480
0,06211223;-0,05737480
0,07235223;-0,05737480
0,08259223;0,30152290
0,09283223;0,30152290
0,10307223;0,30152290
0,11331223;0,48097170
0,12355223;0,30152290
0,13379223;0,48097170
0,14403223;0,48097170
0,15427223;0,66042050
0,16451223;0,66042050
0,17475223;0,66042050
0,18499223;0,66042050
0,19523223;0,84047970
0,20547223;0,84047970
0,21571223;0,84047970
0,22595223;1,01992900
0,23619223;1,01992900
0,24643223;1,01992900
0,25667223;1,01992900
0,26691223;1,19937700
0,27715223;1,37882600
0,28739223;1,37882600
0,29763223;1,37882600
0,30787223;1,37882600
0,31811223;1,55827500
0,32835223;1,73833400
0,33859223;1,55827500
0,34883223;1,73833400
0,35907223;1,73833400
0,36931223;1,73833400
0,37955223;1,91778300
0,38979223;1,91778300
0,40003223;2,09723200
0,41027223;2,09723200
0,42051223;2,09723200
0,43075223;2,09723200
0,44099223;2,09723200
0,45123223;2,27668100
0,46147223;2,27668100
0,47171223;2,27668100
0,48195223;2,45613000
0,49219223;2,45613000
0,50243223;2,45613000
0,51267223;2,45613000
0,52291223;2,63618900
0,53315223;2,63618900
0,54339223;2,63618900
0,55363223;2,81563800
0,56387223;2,63618900
0,57411223;2,81563800
0,58435223;2,81563800
0,59459223;2,81563800
0,60483223;2,81563800
0,61507223;2,81563800
0,62531223;2,81563800
0,63555223;2,81563800
0,64579223;2,99508600
0,65603223;2,81563800
0,66627223;2,99508600
0,67651223;2,99508600
0,68675223;3,17453500
0,69699223;3,17453500
0,70723223;3,17453500
0,71747223;3,17453500
0,72771223;3,17453500
0,73795223;3,17453500
0,74819223;3,53404300
0,75843223;3,35398400
0,76867223;3,53404300
0,77891223;3,53404300
0,78915223;3,53404300
0,79939223;3,71349200
0,80963223;3,71349200
0,81987223;3,89294100
0,83011223;3,89294100
0,84035223;3,89294100
0,85059223;3,89294100
0,86083223;4,07239000
0,87107223;4,25183900
0,88131223;4,25183900
0,89155223;4,25183900
0,90179223;4,25183900
0,91203223;4,25183900
0,92227223;4,25183900
0,93251223;4,43189800
0,94275223;4,61134700
0,95299223;4,61134700
0,96323223;4,61134700
0,97347223;4,79079600
0,98371223;4,79079600
0,99395223;4,97024400
1,00419223;4,97024400
1,01443223;4,97024400
1,02467223;4,97024400
1,03491223;4,97024400
1,04515223;4,97024400
1,05539223;4,97024400
1,06563223;4,97024400
1,07587223;5,14969300
1,08611223;5,14969300
1,09635223;5,32975200
1,10659223;5,32975200
1,11683223;5,32975200
1,12707223;5,32975200
1,13731223;5,32975200
1,14755223;5,32975200
1,15779223;5,32975200
1,16803223;5,50920200
1,17827223;5,50920200
1,18851223;5,50920200
1,19875223;5,68865000
1,20899223;5,68865000
1,21923223;5,68865000
1,22947223;5,68865000
1,23971223;5,68865000
1,24995223;5,68865000
1,26019223;5,68865000
1,27043223;5,68865000
1,28067223;5,86809900
1,29091223;6,04754800
1,30115223;6,04754800
1,31139223;6,04754800
1,32163223;6,04754800
1,33187223;6,04754800
1,34211223;6,04754800
1,35235223;6,22760700
1,36259223;6,40705600
1,37283223;6,40705600
1,38307223;6,40705600
1,39331223;6,40705600
1,40355223;6,40705600
1,41379223;6,58650500
1,42403223;6,58650500
1,43427223;6,76595400
1,44451223;6,76595400
1,45475223;6,76595400
1,46499223;6,94540200
1,47523223;6,94540200
1,48547223;6,94540200
1,49571223;7,12546200
1,50595223;7,12546200
1,51619223;7,12546200
1,52643223;7,12546200
1,53667223;7,12546200
1,54691223;7,48435900
1,55715223;7,48435900
1,56739223;7,48435900
1,57763223;7,48435900
1,58787223;7,66380800
1,59811223;7,66380800
1,60835223;7,66380800
1,61859222;7,84325700
1,62883222;7,84325700
1,63907222;7,84325700
1,64931222;7,84325700
1,65955222;7,84325700
1,66979222;7,84325700
1,68003222;8,02331600
1,69027222;8,20276500
1,70051222;8,20276500
1,71075222;8,20276500
1,72099222;8,20276500
1,73123222;8,20276500
1,74147222;8,20276500
1,75171222;8,20276500
1,76195222;8,38221400
1,77219222;8,38221400
1,78243222;8,56166300
1,79267222;8,56166300
1,80291222;8,56166300
1,81315222;8,56166300
1,82339222;8,56166300
1,83363222;8,56166300
1,84387222;8,56166300
1,85411222;8,56166300
1,86435222;8,74111200
1,87459222;8,74111200
1,88483222;8,92117000
1,89507222;8,92117000
1,90531222;8,92117000
1,91555222;8,92117000
1,92579222;8,92117000
1,93603222;9,10061900
1,94627222;9,10061900
1,95651222;9,10061900
1,96675222;9,10061900
1,97699222;9,10061900
1,98723222;9,28006800
1,99747222;9,28006800
2,00771222;9,28006800
2,01795222;9,28006800
2,02819222;9,28006800
2,03843222;9,28006800
2,04867222;9,28006800
2,05891222;9,45951700
2,06915222;9,45951700
2,07939222;9,63896600
2,08963222;9,63896600
2,09987222;9,63896600
2,11011222;9,63896600
2,12035222;9,63896600
2,13059222;9,63896600
2,14083222;9,63896600
2,15107222;9,81902500
2,16131222;9,81902500
2,17155222;9,81902500
2,18179222;9,99847400
2,19203222;9,99847400
2,20227222;9,99847400
2,21251222;9,99847400
2,22275222;9,99847400
2,23299222;9,99847400
2,24323222;9,99847400
2,25347222;9,99847400
2,26371222;9,99847400
2,27395222;9,99847400
2,28419222;10,17792000
2,29443222;10,35737000
2,30467222;10,35737000
2,31491222;10,35737000
2,32515222;10,35737000
2,33539222;10,35737000
2,34563222;10,35737000
2,35587222;10,35737000
2,36611222;10,35737000
2,37635222;10,35737000
2,38659222;10,35737000
2,39683222;10,35737000
2,40707222;10,53682000
2,41731222;10,35737000
2,42755222;10,53682000
2,43779222;10,53682000
2,44803222;10,53682000
2,45827222;10,71688000
2,46851222;10,53682000
2,47875222;10,71688000
2,48899222;10,71688000
2,49923222;10,71688000
2,50947222;10,71688000
2,51971222;10,71688000
2,52995222;10,71688000
2,54019222;10,71688000
2,55043222;10,71688000
2,56067222;10,71688000
2,57091222;10,89633000
2,58115222;10,89633000
2,59139222;10,89633000
2,60163222;11,07578000
2,61187222;11,07578000
2,62211222;11,07578000
2,63235222;11,07578000
2,64259222;11,07578000
2,65283222;11,07578000
2,66307222;11,07578000
2,67331222;11,07578000
2,68355222;11,07578000
2,69379222;11,25523000
2,70403222;11,25523000
2,71427222;11,25523000
2,72451222;11,25523000
2,73475222;11,25523000
2,74499222;11,25523000
2,75523222;11,43529000
2,76547222;11,43529000
2,77571222;11,43529000
2,78595222;11,43529000
2,79619222;11,43529000
2,80643222;11,43529000
2,81667222;11,43529000
2,82691222;11,43529000
2,83715222;11,43529000
2,84739222;11,43529000
2,85763222;11,43529000
2,86787222;11,61473000
2,87811222;11,61473000
2,88835222;11,61473000
2,89859222;11,79418000
2,90883222;11,79418000
2,91907222;11,79418000
2,92931222;11,79418000
2,93955222;11,79418000
2,94979222;11,79418000
2,96003222;11,79418000
2,97027222;11,79418000
2,98051222;11,79418000
2,99075222;11,79418000
3,00099222;11,79418000
3,01123222;11,79418000
3,02147222;11,79418000
3,03171222;11,97363000
3,04195222;11,79418000
3,05219222;11,79418000
3,06243222;11,79418000
3,07267222;11,79418000
3,08291222;11,97363000
3,09315222;11,97363000
3,10339222;12,15308000
3,11363222;11,97363000
3,12387222;11,97363000
3,13411222;12,15308000
3,14435222;12,15308000
3,15459222;11,97363000
3,16483222;12,15308000
3,17507222;12,15308000
3,18531222;12,15308000
3,19555222;12,15308000
3,20579222;12,15308000
3,21603222;12,15308000
3,22627222;12,15308000
3,23651222;12,15308000
3,24675222;12,15308000
3,25699222;12,15308000
3,26723221;12,15308000
3,27747221;12,15308000
3,28771221;12,15308000
3,29795221;12,15308000
3,30819221;12,15308000
3,31843221;12,15308000
3,32867221;12,15308000
3,33891221;12,15308000
3,34915221;12,15308000
3,35939221;12,15308000
3,36963221;12,15308000
3,37987221;12,15308000
3,39011221;12,15308000
3,40035221;12,15308000
3,41059221;12,15308000
3,42083221;12,15308000
3,43107221;12,15308000
3,44131221;12,15308000
3,45155221;12,15308000
3,46179221;12,15308000
3,47203221;12,15308000
3,48227221;12,33314000
3,49251221;12,15308000
3,50275221;12,15308000
3,51299221;12,15308000
3,52323221;12,15308000
3,53347221;12,15308000
3,54371221;12,15308000
3,55395221;12,15308000
3,56419221;12,15308000
3,57443221;12,15308000
3,58467221;12,15308000
3,59491221;12,15308000
3,60515221;12,15308000
3,61539221;12,15308000
3,62563221;12,15308000
3,63587221;12,15308000
3,64611221;12,15308000
3,65635221;12,15308000
3,66659221;12,15308000
3,67683221;12,15308000
3,68707221;12,15308000
3,69731221;12,15308000
3,70755221;12,15308000
3,71779221;12,15308000
3,72803221;12,15308000
3,73827221;12,15308000
3,74851221;12,15308000
3,75875221;12,15308000
3,76899221;12,15308000
3,77923221;12,15308000
3,78947221;12,15308000
3,79971221;12,15308000
3,80995221;12,15308000
3,82019221;12,15308000
3,83043221;12,15308000
3,84067221;12,33314000
3,85091221;12,15308000
3,86115221;12,15308000
3,87139221;12,15308000
3,88163221;12,15308000
3,89187221;12,15308000
3,90211221;12,15308000
3,91235221;12,33314000
3,92259221;12,15308000
3,93283221;12,15308000
3,94307221;12,15308000
3,95331221;12,15308000
3,96355221;12,15308000
3,97379221;12,33314000
3,98403221;12,15308000
3,99427221;12,15308000
4,00451221;12,15308000
4,01475221;12,33314000
4,02499221;12,15308000
4,03523221;12,15308000
4,04547221;12,15308000
4,05571221;12,15308000
4,06595221;12,15308000
4,07619221;12,15308000
4,08643221;12,15308000
4,09667221;12,33314000
4,10691221;12,15308000
4,11715221;12,15308000
4,12739221;12,15308000
4,13763221;12,33314000
4,14787221;12,33314000
4,15811221;12,33314000
4,16835221;12,33314000
4,17859221;12,33314000
4,18883221;12,33314000
4,19907221;12,33314000
4,20931221;12,33314000
4,21955221;12,15308000
4,22979221;12,33314000
4,24003221;12,33314000
4,25027221;12,15308000
4,26051221;12,33314000
4,27075221;12,33314000
4,28099221;12,33314000
4,29123221;12,33314000
4,30147221;12,15308000
4,31171221;12,15308000
4,32195221;12,15308000
4,33219221;12,15308000
4,34243221;12,33314000
4,35267221;12,15308000
4,36291221;12,15308000
4,37315221;12,15308000
4,38339221;12,33314000
4,39363221;12,33314000
4,40387221;12,15308000
4,41411221;12,15308000
4,42435221;12,15308000
4,43459221;12,33314000
4,44483221;12,15308000
4,45507221;12,15308000
4,46531221;12,15308000
4,47555221;12,15308000
4,48579221;12,15308000
4,49603221;12,15308000
4,50627221;12,15308000
4,51651221;12,15308000
4,52675221;12,15308000
4,53699221;12,15308000
4,54723221;12,15308000
4,55747221;12,15308000
4,56771221;12,15308000
4,57795221;12,15308000
4,58819221;12,15308000
4,59843221;12,15308000
4,60867221;12,15308000
4,61891221;11,97363000
4,62915221;11,97363000
4,63939221;12,15308000
4,64963221;11,97363000
4,65987221;11,79418000
4,67011221;11,97363000
4,68035221;12,15308000
4,69059221;11,97363000
4,70083221;11,97363000
4,71107221;11,79418000
4,72131221;11,79418000
4,73155221;11,79418000
4,74179221;11,97363000
4,75203221;11,79418000
4,76227221;11,79418000
4,77251221;11,79418000
4,78275221;11,97363000
4,79299221;11,79418000
4,80323221;11,79418000
4,81347221;11,79418000
4,82371221;11,79418000
4,83395221;11,79418000
4,84419221;11,79418000
4,85443221;11,43529000
4,86467221;11,43529000
4,87491221;11,61473000
4,88515221;11,79418000
4,89539221;11,79418000
4,90563221;11,61473000
4,91587220;11,43529000
4,92611220;11,43529000
4,93635220;11,61473000
4,94659220;11,43529000
4,95683220;11,43529000
4,96707220;11,43529000
4,97731220;11,61473000
4,98755220;11,61473000
4,99779220;11,43529000
5,00803220;11,43529000
5,01827220;11,43529000
5,02851220;11,43529000
5,03875220;11,43529000
5,04899220;11,43529000
5,05923220;11,43529000
5,06947220;11,43529000
5,07971220;11,43529000
5,08995220;11,61473000
5,10019220;11,43529000
5,11043220;11,43529000
5,12067220;11,43529000
5,13091220;11,43529000
5,14115220;11,43529000
5,15139220;11,43529000
5,16163220;11,43529000
5,17187220;11,43529000
5,18211220;11,43529000
5,19235220;11,43529000
5,20259220;11,43529000
5,21283220;11,43529000
5,22307220;11,43529000
5,23331220;11,43529000
5,24355220;11,43529000
5,25379220;11,43529000
5,26403220;11,43529000
5,27427220;11,43529000
5,28451220;11,43529000
5,29475220;11,43529000
5,30499220;11,43529000
5,31523220;11,43529000
5,32547220;11,25523000
5,33571220;11,25523000
5,34595220;11,25523000
5,35619220;11,25523000
5,36643220;11,25523000
5,37667220;11,25523000
5,38691220;11,43529000
5,39715220;11,25523000
5,40739220;11,07578000
5,41763220;11,07578000
5,42787220;11,07578000
5,43811220;11,07578000
5,44835220;11,07578000
5,45859220;11,07578000
5,46883220;11,07578000
5,47907220;11,07578000
5,48931220;11,07578000
5,49955220;11,07578000
5,50979220;10,89633000
5,52003220;10,71688000
5,53027220;10,71688000
5,54051220;10,71688000
5,55075220;10,71688000
5,56099220;10,71688000
5,57123220;10,71688000
5,58147220;10,71688000
5,59171220;10,71688000
5,60195220;10,53682000
5,61219220;10,53682000
5,62243220;10,35737000
5,63267220;10,35737000
5,64291220;10,35737000
5,65315220;10,35737000
5,66339220;10,35737000
5,67363220;10,35737000
5,68387220;10,35737000
5,69411220;10,35737000
5,70435220;10,35737000
5,71459220;10,17792000
5,72483220;9,99847400
5,73507220;9,99847400
5,74531220;9,99847400
5,75555220;9,99847400
5,76579220;9,99847400
5,77603220;9,99847400
5,78627220;9,99847400
5,79651220;9,99847400
5,80675220;9,99847400
5,81699220;9,81902500
5,82723220;9,63896600
5,83747220;9,63896600
5,84771220;9,81902500
5,85795220;9,63896600
5,86819220;9,63896600
5,87843220;9,81902500
5,88867220;9,81902500
5,89891220;9,63896600
5,90915220;9,63896600
5,91939220;9,45951700
5,92963220;9,28006800
5,93987220;9,28006800
5,95011220;9,28006800
5,96035220;9,28006800
5,97059220;9,28006800
5,98083220;9,45951700
5,99107220;9,45951700
6,00131220;9,28006800
6,01155220;9,28006800
6,02179220;9,28006800
6,03203220;9,10061900
6,04227220;9,10061900
6,05251220;9,10061900
6,06275220;9,10061900
6,07299220;9,10061900
6,08323220;9,28006800
6,09347220;9,10061900
6,10371220;9,10061900
6,11395220;8,92117000
6,12419220;8,74111200
6,13443220;8,56166300
6,14467220;8,56166300
6,15491220;8,74111200
6,16515220;8,56166300
6,17539220;8,74111200
6,18563220;8,92117000
6,19587220;8,74111200
6,20611220;8,56166300
6,21635220;8,56166300
6,22659220;8,38221400
6,23683220;8,20276500
6,24707220;8,38221400
6,25731220;8,20276500
6,26755220;8,38221400
6,27779220;8,38221400
6,28803220;8,38221400
6,29827220;8,38221400
6,30851220;8,20276500
6,31875220;8,20276500
6,32899220;7,84325700
6,33923220;7,84325700
6,34947220;7,84325700
6,35971220;7,84325700
6,36995220;7,84325700
6,38019220;7,84325700
6,39043220;7,84325700
6,40067220;7,84325700
6,41091220;7,84325700
6,42115220;7,66380800
6,43139220;7,48435900
6,44163220;7,48435900
6,45187220;7,48435900
6,46211220;7,48435900
6,47235220;7,48435900
6,48259220;7,48435900
6,49283220;7,48435900
6,50307220;7,48435900
6,51331220;7,30491100
6,52355220;7,12546200
6,53379220;6,94540200
6,54403220;7,12546200
6,55427219;7,12546200
6,56451219;7,12546200
6,57475219;7,12546200
6,58499219;7,12546200
6,59523219;7,12546200
6,60547219;6,94540200
6,61571219;6,76595400
6,62595219;6,58650500
6,63619219;6,40705600
6,64643219;6,40705600
6,65667219;6,58650500
6,66691219;6,40705600
6,67715219;6,40705600
6,68739219;6,40705600
6,69763219;6,40705600
6,70787219;6,40705600
6,71811219;6,22760700
6,72835219;6,04754800
6,73859219;6,04754800
6,74883219;6,04754800
6,75907219;6,04754800
6,76931219;6,04754800
6,77955219;6,04754800
6,78979219;6,04754800
6,80003219;6,04754800
6,81027219;5,86809900
6,82051219;5,68865000
6,83075219;5,50920200
6,84099219;5,32975200
6,85123219;5,32975200
6,86147219;5,50920200
6,87171219;5,50920200
6,88195219;5,50920200
6,89219219;5,50920200
6,90243219;5,32975200
6,91267219;5,32975200
6,92291219;4,97024400
6,93315219;4,79079600
6,94339219;4,79079600
6,95363219;4,79079600
6,96387219;4,79079600
6,97411219;4,79079600
6,98435219;4,79079600
6,99459219;4,97024400
7,00483219;4,61134700
7,01507219;4,61134700
7,02531219;4,25183900
7,03555219;4,25183900
7,04579219;4,25183900
7,05603219;4,25183900
7,06627219;4,25183900
7,07651219;4,25183900
7,08675219;4,25183900
7,09699219;4,25183900
7,10723219;4,25183900
7,11747219;3,89294100
7,12771219;3,71349200
7,13795219;3,53404300
7,14819219;3,53404300
7,15843219;3,71349200
7,16867219;3,89294100
7,17891219;3,71349200
7,18915219;3,71349200
7,19939219;3,71349200
7,20963219;3,53404300
7,21987219;3,53404300
7,23011219;3,17453500
7,24035219;3,17453500
7,25059219;3,17453500
7,26083219;3,17453500
7,27107219;3,17453500
7,28131219;3,17453500
7,29155219;3,17453500
7,30179219;3,17453500
7,31203219;2,99508600
7,32227219;2,81563800
7,33251219;2,45613000
7,34275219;2,45613000
7,35299219;2,63618900
7,36323219;2,63618900
7,37347219;2,63618900
7,38371219;2,63618900
7,39395219;2,45613000
7,40419219;2,45613000
7,41443219;2,27668100
7,42467219;2,09723200
7,43491219;1,73833400
7,44515219;1,73833400
7,45539219;1,91778300
7,46563219;1,91778300
7,47587219;1,91778300
7,48611219;1,91778300
7,49635219;1,91778300
7,50659219;1,73833400
7,51683219;1,37882600
7,52707219;1,37882600
7,53731219;1,01992900
7,54755219;1,19937700
7,55779219;1,19937700
7,56803219;1,19937700
7,57827219;1,19937700
7,58851219;1,19937700
7,59875219;1,19937700
7,60899219;1,01992900
7,61923219;0,84047970
7,62947219;0,66042050
7,63971219;0,48097170
7,64995219;0,66042050
7,66019219;0,66042050
7,67043219;0,66042050
7,68067219;0,66042050
7,69091219;0,66042050
7,70115219;0,66042050
7,71139219;0,48097170
7,72163219;0,30152290
7,73187219;-0,05737480
7,74211219;-0,05737480
7,75235219;0,30152290
7,76259219;0,30152290
7,77283219;0,12207400
7,78307219;0,30152290
7,79331219;0,12207400
7,80355219;-0,05737480
7,81379219;-0,05737480
7,82403219;-0,23682360
7,83427219;-0,41627250
7,84451219;-0,41627250
7,85475219;-0,41627250
7,86499219;-0,41627250
7,87523219;-0,41627250
7,88547219;-0,41627250
7,89571219;-0,41627250
7,90595219;-0,59572130
7,91619219;-0,77517010
7,92643219;-0,95522930
7,93667219;-0,95522930
7,94691219;-1,13467800
7,95715219;-0,95522930
7,96739219;-0,95522930
7,97763219;-1,13467800
7,98787219;-1,13467800
7,99811219;-1,13467800
8,00835219;-1,31412700
8,01859219;-1,49357600
8,02883219;-1,49357600
8,03907219;-1,67302500
8,04931219;-1,67302500
8,05955219;-1,67302500
8,06979219;-1,67302500
8,08003219;-1,67302500
8,09027219;-1,67302500
8,10051219;-1,85308400
8,11075219;-2,03253300
8,12099219;-2,21198200
8,13123219;-2,21198200
8,14147219;-2,39143000
8,15171219;-2,21198200
8,16195219;-2,39143000
8,17219219;-2,39143000
8,18243219;-2,39143000
8,19267219;-2,39143000
8,20291218;-2,39143000
8,21315218;-2,57087900
8,22339218;-2,93038700
8,23363218;-2,93038700
8,24387218;-2,93038700
8,25411218;-2,93038700
8,26435218;-2,93038700
8,27459218;-2,93038700
8,28483218;-2,93038700
8,29507218;-2,93038700
8,30531218;-3,10983600
8,31555218;-3,10983600
8,32579218;-3,28928500
8,33603218;-3,46873400
8,34627218;-3,46873400
8,35651218;-3,28928500
8,36675218;-3,46873400
8,37699218;-3,46873400
8,38723218;-3,46873400
8,39747218;-3,46873400
8,40771218;-3,64879300
8,41795218;-3,64879300
8,42819218;-4,00769000
8,43843218;-4,00769000
8,44867218;-4,00769000
8,45891218;-3,82824200
8,46915218;-3,82824200
8,47939218;-4,00769000
8,48963218;-4,00769000
8,49987218;-4,00769000
8,51011218;-4,00769000
8,52035218;-4,18714000
8,53059218;-4,36658800
8,54083218;-4,36658800
8,55107218;-4,36658800
8,56131218;-4,36658800
8,57155218;-4,36658800
8,58179218;-4,36658800
8,59203218;-4,36658800
8,60227218;-4,54664800
8,61251218;-4,54664800
8,62275218;-4,72609600
8,63299218;-5,08499400
8,64323218;-5,08499400
8,65347218;-4,90554500
8,66371218;-4,90554500
8,67395218;-4,90554500
8,68419218;-5,08499400
8,69443218;-5,08499400
8,70467218;-5,08499400
8,71491218;-5,08499400
8,72515218;-5,26444300
8,73539218;-5,44450200
8,74563218;-5,44450200
8,75587218;-5,26444300
8,76611218;-5,44450200
8,77635218;-5,44450200
8,78659218;-5,44450200
8,79683218;-5,44450200
8,80707218;-5,44450200
8,81731218;-5,80340000
8,82755218;-5,80340000
8,83779218;-5,80340000
8,84803218;-5,80340000
8,85827218;-5,80340000
8,86851218;-5,80340000
8,87875218;-5,80340000
8,88899218;-5,80340000
8,89923218;-5,80340000
8,90947218;-5,80340000
8,91971218;-5,98284900
8,92995218;-5,98284900
8,94019218;-5,80340000
8,95043218;-5,80340000
8,96067218;-5,80340000
8,97091218;-5,80340000
8,98115218;-5,80340000
8,99139218;-5,80340000
9,00163218;-5,80340000
9,01187218;-5,80340000
9,02211218;-5,80340000
9,03235218;-5,80340000
9,04259218;-5,98284900
9,05283218;-5,98284900
9,06307218;-5,80340000
9,07331218;-5,80340000
9,08355218;-5,80340000
9,09379218;-5,80340000
9,10403218;-5,80340000
9,11427218;-5,98284900
9,12451218;-5,80340000
9,13475218;-5,80340000
9,14499218;-5,80340000
9,15523218;-5,80340000
9,16547218;-5,80340000
9,17571218;-5,80340000
9,18595218;-5,80340000
9,19619218;-5,80340000
9,20643218;-5,80340000
9,21667218;-5,80340000
9,22691218;-5,80340000
9,23715218;-5,80340000
9,24739218;-5,80340000
9,25763218;-5,80340000
9,26787218;-5,80340000
9,27811218;-5,80340000
9,28835218;-5,80340000
9,29859218;-5,80340000
9,30883218;-5,80340000
9,31907218;-5,80340000
9,32931218;-5,80340000
9,33955218;-5,80340000
9,34979218;-5,80340000
9,36003218;-5,80340000
9,37027218;-5,80340000
9,38051218;-5,80340000
9,39075218;-5,80340000
9,40099218;-5,80340000
9,41123218;-5,98284900
9,42147218;-5,80340000
9,43171218;-5,80340000
9,44195218;-5,80340000
9,45219218;-5,80340000
9,46243218;-5,80340000
9,47267218;-5,80340000
9,48291218;-5,80340000
9,49315218;-5,80340000
9,50339218;-5,80340000
9,51363218;-5,80340000
9,52387218;-5,80340000
9,53411218;-5,80340000
9,54435218;-5,80340000
9,55459218;-5,80340000
9,56483218;-5,80340000
9,57507218;-5,80340000
9,58531218;-5,80340000
9,59555218;-5,80340000
9,60579218;-5,80340000
9,61603218;-5,80340000
9,62627218;-5,80340000
9,63651218;-5,80340000
9,64675218;-5,80340000
9,65699218;-5,80340000
9,66723218;-5,80340000
9,67747218;-5,80340000
9,68771218;-5,80340000
9,69795218;-5,80340000
9,70819218;-5,80340000
9,71843218;-5,80340000
9,72867218;-5,80340000
9,73891218;-5,80340000
9,74915218;-5,80340000
9,75939218;-5,80340000
9,76963218;-5,80340000
9,77987218;-5,80340000
9,79011218;-5,80340000
9,80035218;-5,80340000
9,81059218;-5,80340000
9,82083218;-5,80340000
9,83107218;-5,80340000
9,84131218;-5,80340000
9,85155217;-5,80340000
9,86179217;-5,80340000
9,87203217;-5,80340000
9,88227217;-5,80340000
9,89251217;-5,80340000
9,90275217;-5,80340000
9,91299217;-5,80340000
9,92323217;-5,80340000
9,93347217;-5,80340000
9,94371217;-5,80340000
9,95395217;-5,80340000
9,96419217;-5,80340000
9,97443217;-5,80340000
9,98467217;-5,80340000
9,99491217;-5,80340000
10,00515217;-5,80340000
10,01539217;-5,80340000
10,02563217;-5,80340000
10,03587217;-5,80340000
10,04611217;-5,80340000
10,05635217;-5,80340000
10,06659217;-5,80340000
10,07683217;-5,80340000
10,08707217;-5,80340000
10,09731217;-5,80340000
10,10755217;-5,80340000
10,11779217;-5,80340000
10,12803217;-5,80340000
10,13827217;-5,80340000
10,14851217;-5,80340000
10,15875217;-5,80340000
10,16899217;-5,80340000
10,17923217;-5,80340000
10,18947217;-5,80340000
10,19971217;-5,80340000
10,20995217;-5,80340000
10,22019217;-5,80340000
10,23043217;-5,80340000
10,24067217;-5,80340000
10,25091217;-5,80340000
10,26115217;-5,80340000
10,27139217;-5,80340000
10,28163217;-5,80340000
10,29187217;-5,80340000
10,30211217;-5,80340000
10,31235217;-5,80340000
10,32259217;-5,80340000
10,33283217;-5,80340000
10,34307217;-5,80340000
10,35331217;-5,80340000
10,36355217;-5,80340000
10,37379217;-5,80340000
10,38403217;-5,80340000
10,39427217;-5,80340000
10,40451217;-5,80340000
10,41475217;-5,80340000
10,42499217;-5,80340000
10,43523217;-5,80340000
10,44547217;-5,80340000
10,45571217;-5,80340000
10,46595217;-5,80340000
10,47619217;-5,80340000
10,48643217;-5,80340000
10,49667217;-5,80340000
10,50691217;-5,80340000
10,51715217;-5,80340000
10,52739217;-5,80340000
10,53763217;-5,80340000
10,54787217;-5,80340000
10,55811217;-5,80340000
10,56835217;-5,80340000
10,57859217;-5,80340000
10,58883217;-5,80340000
10,59907217;-5,80340000
10,60931217;-5,80340000
10,61955217;-5,80340000
10,62979217;-5,80340000
10,64003217;-5,80340000
10,65027217;-5,80340000
10,66051217;-5,80340000
10,67075217;-5,80340000
10,68099217;-5,80340000
10,69123217;-5,80340000
10,70147217;-5,80340000
10,71171217;-5,80340000
10,72195217;-5,80340000
10,73219217;-5,80340000
10,74243217;-5,80340000
10,75267217;-5,80340000
10,76291217;-5,80340000
10,77315217;-5,80340000
10,78339217;-5,80340000
10,79363217;-5,80340000
10,80387217;-5,80340000
10,81411217;-5,80340000
10,82435217;-5,80340000
10,83459217;-5,80340000
10,84483217;-5,80340000
10,85507217;-5,80340000
10,86531217;-5,80340000
10,87555217;-5,80340000
10,88579217;-5,80340000
10,89603217;-5,80340000
10,90627217;-5,80340000
10,91651217;-5,80340000
10,92675217;-5,80340000
10,93699217;-5,80340000
10,94723217;-5,80340000
10,95747217;-5,80340000
10,96771217;-5,80340000
10,97795217;-5,80340000
10,98819217;-5,80340000
10,99843217;-5,80340000
11,00867217;-5,80340000
11,01891217;-5,80340000
11,02915217;-5,80340000
11,03939217;-5,80340000
11,04963217;-5,80340000
11,05987217;-5,80340000
11,07011217;-5,80340000
11,08035217;-5,80340000
11,09059217;-5,80340000
11,10083217;-5,80340000
11,11107217;-5,80340000
11,12131217;-5,80340000
11,13155217;-5,80340000
11,14179217;-5,80340000
11,15203217;-5,80340000
11,16227217;-5,80340000
11,17251217;-5,80340000
11,18275217;-5,80340000
11,19299217;-5,80340000
11,20323217;-5,80340000
11,21347217;-5,80340000
11,22371217;-5,80340000
11,23395217;-5,80340000
11,24419217;-5,80340000
11,25443217;-5,80340000
11,26467217;-5,80340000
11,27491217;-5,80340000
11,28515217;-5,80340000
11,29539217;-5,80340000
11,30563217;-5,80340000
11,31587217;-5,80340000
11,32611217;-5,80340000
11,33635217;-5,80340000
11,34659217;-5,80340000
11,35683217;-5,80340000
11,36707217;-5,80340000
11,37731217;-5,80340000
11,38755217;-5,80340000
11,39779217;-5,80340000
11,40803217;-5,80340000
11,41827217;-5,80340000
11,42851217;-5,80340000
11,43875217;-5,80340000
11,44899217;-5,80340000
11,45923217;-5,80340000
11,46947217;-5,80340000
11,47971217;-5,80340000
11,48995216;-5,80340000
11,50019216;-5,80340000
11,51043216;-5,80340000
11,52067216;-5,80340000
11,53091216;-5,80340000
11,54115216;-5,80340000
11,55139216;-5,80340000
11,56163216;-5,80340000
11,57187216;-5,80340000
11,58211216;-5,80340000
11,59235216;-5,80340000
11,60259216;-5,80340000
11,61283216;-5,80340000
11,62307216;-5,80340000
11,63331216;-5,80340000
11,64355216;-5,80340000
11,65379216;-5,80340000
11,66403216;-5,80340000
11,67427216;-5,80340000
11,68451216;-5,80340000
11,69475216;-5,80340000
11,70499216;-5,80340000
11,71523216;-5,80340000
11,72547216;-5,80340000
11,73571216;-5,80340000
11,74595216;-5,80340000
11,75619216;-5,80340000
11,76643216;-5,80340000
11,77667216;-5,80340000
11,78691216;-5,80340000
11,79715216;-5,80340000
11,80739216;-5,80340000
11,81763216;-5,80340000
11,82787216;-5,80340000
11,83811216;-5,80340000
11,84835216;-5,80340000
11,85859216;-5,80340000
11,86883216;-5,80340000
11,87907216;-5,80340000
11,88931216;-5,80340000
11,89955216;-5,80340000
11,90979216;-5,80340000
11,92003216;-5,80340000
11,93027216;-5,80340000
11,94051216;-5,80340000
11,95075216;-5,80340000
11,96099216;-5,80340000
11,97123216;-5,80340000
11,98147216;-5,80340000
11,99171216;-5,80340000
12,00195216;-5,80340000
12,01219216;-5,80340000
12,02243216;-5,80340000
12,03267216;-5,80340000
12,04291216;-5,80340000
12,05315216;-5,80340000
12,06339216;-5,80340000
12,07363216;-5,80340000
12,08387216;-5,80340000
12,09411216;-5,80340000
12,10435216;-5,80340000
12,11459216;-5,80340000
12,12483216;-5,80340000
12,13507216;-5,80340000
12,14531216;-5,80340000
12,15555216;-5,80340000
12,16579216;-5,80340000
12,17603216;-5,80340000
12,18627216;-5,80340000
12,19651216;-5,80340000
12,20675216;-5,80340000
12,21699216;-5,80340000
12,22723216;-5,80340000
12,23747216;-5,80340000
12,24771216;-5,80340000
12,25795216;-5,62395100
12,26819216;-5,80340000
12,27843216;-5,80340000
12,28867216;-5,80340000
12,29891216;-5,80340000
12,30915216;-5,80340000
12,31939216;-5,80340000
12,32963216;-5,80340000
12,33987216;-5,80340000
12,35011216;-5,80340000
12,36035216;-5,80340000
12,37059216;-5,80340000
12,38083216;-5,80340000
12,39107216;-5,80340000
12,40131216;-5,80340000
12,41155216;-5,80340000
12,42179216;-5,80340000
12,43203216;-5,80340000
12,44227216;-5,80340000
12,45251216;-5,80340000
12,46275216;-5,80340000
12,47299216;-5,80340000
12,48323216;-5,80340000
12,49347216;-5,80340000
12,50371216;-5,80340000
12,51395216;-5,80340000
12,52419216;-5,80340000
12,53443216;-5,80340000
12,54467216;-5,80340000
12,55491216;-5,80340000
12,56515216;-5,80340000
12,57539216;-5,80340000
12,58563216;-5,80340000
12,59587216;-5,80340000
12,60611216;-5,80340000
12,61635216;-5,80340000
12,62659216;-5,80340000
12,63683216;-5,62395100
12,64707216;-5,80340000
12,65731216;-5,80340000
12,66755216;-5,80340000
12,67779216;-5,62395100
12,68803216;-5,62395100
12,69827216;-5,62395100
12,70851216;-5,80340000
12,71875216;-5,80340000
12,72899216;-5,80340000
12,73923216;-5,80340000
12,74947216;-5,80340000
12,75971216;-5,80340000
12,76995216;-5,62395100
12,78019216;-5,62395100
12,79043216;-5,80340000
12,80067216;-5,80340000
12,81091216;-5,80340000
12,82115216;-5,80340000
12,83139216;-5,80340000
12,84163216;-5,80340000
12,85187216;-5,80340000
12,86211216;-5,62395100
12,87235216;-5,62395100
12,88259216;-5,80340000
12,89283216;-5,80340000
12,90307216;-5,80340000
12,91331216;-5,62395100
12,92355216;-5,62395100
12,93379216;-5,80340000
12,94403216;-5,80340000
12,95427216;-5,62395100
12,96451216;-5,80340000
12,97475216;-5,62395100
12,98499216;-5,80340000
12,99523216;-5,80340000
13,00547216;-5,80340000
13,01571216;-5,62395100
13,02595216;-5,80340000
13,03619216;-5,80340000
13,04643216;-5,62395100
13,05667216;-5,80340000
13,06691216;-5,62395100
13,07715216;-5,62395100
13,08739216;-5,62395100
13,09763216;-5,62395100
13,10787216;-5,80340000
13,11811216;-5,80340000
13,12835216;-5,80340000
13,13859215;-5,62395100
13,14883215;-5,80340000
13,15907215;-5,44450200
13,16931215;-5,80340000
13,17955215;-5,62395100
13,18979215;-5,62395100
13,20003215;-5,62395100
13,21027215;-5,62395100
13,22051215;-5,62395100
13,23075215;-5,62395100
13,24099215;-5,62395100
13,25123215;-5,62395100
13,26147215;-5,80340000
13,27171215;-5,62395100
13,28195215;-5,80340000
13,29219215;-5,80340000
13,30243215;-5,62395100
13,31267215;-5,62395100
13,32291215;-5,62395100
13,33315215;-5,62395100
13,34339215;-5,44450200
13,35363215;-5,80340000
13,36387215;-5,62395100
13,37411215;-5,80340000
13,38435215;-5,80340000
13,39459215;-5,80340000
13,40483215;-5,44450200
13,41507215;-5,62395100
13,42531215;-5,62395100
13,43555215;-5,80340000
13,44579215;-5,62395100
13,45603215;-5,62395100
13,46627215;-5,62395100
13,47651215;-5,62395100
13,48675215;-5,62395100
13,49699215;-5,62395100
13,50723215;-5,80340000
13,51747215;-5,62395100
13,52771215;-5,80340000
13,53795215;-5,62395100
13,54819215;-5,62395100
13,55843215;-5,62395100
13,56867215;-5,80340000
13,57891215;-5,62395100
13,58915215;-5,62395100
13,59939215;-5,80340000
13,60963215;-5,62395100
13,61987215;-5,62395100
13,63011215;-5,62395100
13,64035215;-5,62395100
13,65059215;-5,80340000
13,66083215;-5,80340000
13,67107215;-5,62395100
13,68131215;-5,80340000
13,69155215;-5,62395100
13,70179215;-5,62395100
13,71203215;-5,62395100
13,72227215;-5,80340000
13,73251215;-5,62395100
13,74275215;-5,62395100
13,75299215;-5,62395100
13,76323215;-5,62395100
13,77347215;-5,62395100
13,78371215;-5,62395100
13,79395215;-5,62395100
13,80419215;-5,62395100
13,81443215;-5,62395100
13,82467215;-5,80340000
13,83491215;-5,62395100
13,84515215;-5,62395100
13,85539215;-5,62395100
13,86563215;-5,62395100
13,87587215;-5,44450200
13,88611215;-5,62395100
13,89635215;-5,62395100
13,90659215;-5,62395100
13,91683215;-5,62395100
13,92707215;-5,62395100
13,93731215;-5,62395100
13,94755215;-5,62395100
13,95779215;-5,62395100
13,96803215;-5,62395100
13,97827215;-5,44450200
13,98851215;-5,62395100
13,99875215;-5,80340000
14,00899215;-5,62395100
14,01923215;-5,44450200
14,02947215;-5,62395100
14,03971215;-5,44450200
14,04995215;-5,44450200
14,06019215;-5,80340000
14,07043215;-5,62395100
14,08067215;-5,44450200
14,09091215;-5,62395100
14,10115215;-5,62395100
14,11139215;-5,44450200
14,12163215;-5,44450200
14,13187215;-5,44450200
14,14211215;-5,62395100
14,15235215;-5,44450200
14,16259215;-5,62395100
14,17283215;-5,44450200
14,18307215;-5,44450200
14,19331215;-5,62395100
14,20355215;-5,62395100
14,21379215;-5,44450200
14,22403215;-5,62395100
14,23427215;-5,62395100
14,24451215;-5,44450200
14,25475215;-5,62395100
14,26499215;-5,62395100
14,27523215;-5,44450200
14,28547215;-5,44450200
14,29571215;-5,62395100
14,30595215;-5,44450200
14,31619215;-5,62395100
14,32643215;-5,44450200
14,33667215;-5,44450200
14,34691215;-5,62395100
14,35715215;-5,44450200
14,36739215;-5,62395100
14,37763215;-5,62395100
14,38787215;-5,44450200
14,39811215;-5,44450200
14,40835215;-5,62395100
14,41859215;-5,62395100
14,42883215;-5,44450200
14,43907215;-5,44450200
14,44931215;-5,44450200
14,45955215;-5,44450200
14,46979215;-5,62395100
14,48003215;-5,44450200
14,49027215;-5,44450200
14,50051215;-5,44450200
14,51075215;-5,44450200
14,52099215;-5,62395100
14,53123215;-5,62395100
14,54147215;-5,62395100
14,55171215;-5,62395100
14,56195215;-5,62395100
14,57219215;-5,62395100
14,58243215;-5,44450200
14,59267215;-5,44450200
14,60291215;-5,62395100
14,61315215;-5,44450200
14,62339215;-5,44450200
14,63363215;-5,44450200
14,64387215;-5,44450200
14,65411215;-5,44450200
14,66435215;-5,44450200
14,67459215;-5,44450200
14,68483215;-5,44450200
14,69507215;-5,44450200
14,70531215;-5,44450200
14,71555215;-5,44450200
14,72579215;-5,44450200
14,73603215;-5,44450200
14,74627215;-5,44450200
14,75651215;-5,44450200
14,76675215;-5,44450200
14,77699215;-5,44450200
14,78723214;-5,62395100
14,79747214;-5,44450200
14,80771214;-5,44450200
14,81795214;-5,44450200
14,82819214;-5,44450200
14,83843214;-5,44450200
14,84867214;-5,44450200
14,85891214;-5,44450200
14,86915214;-5,44450200
14,87939214;-5,44450200
14,88963214;-5,44450200
14,89987214;-5,44450200
14,91011214;-5,44450200
14,92035214;-5,44450200
14,93059214;-5,44450200
14,94083214;-5,44450200
14,95107214;-5,44450200
14,96131214;-5,44450200
14,97155214;-5,44450200
14,98179214;-5,44450200
14,99203214;-5,44450200
15,00227214;-5,44450200
15,01251214;-5,44450200
15,02275214;-5,44450200
15,03299214;-5,44450200
15,04323214;-5,44450200
15,05347214;-5,44450200
15,06371214;-5,44450200
15,07395214;-5,44450200
15,08419214;-5,44450200
15,09443214;-5,44450200
15,10467214;-5,44450200
15,11491214;-5,44450200
15,12515214;-5,44450200
15,13539214;-5,44450200
15,14563214;-5,44450200
15,15587214;-5,44450200
15,16611214;-5,44450200
15,17635214;-5,44450200
15,18659214;-5,44450200
15,19683214;-5,44450200
15,20707214;-5,44450200
15,21731214;-5,44450200
15,22755214;-5,44450200
15,23779214;-5,44450200
15,24803214;-5,44450200
15,25827214;-5,44450200
15,26851214;-5,44450200
15,27875214;-5,44450200
15,28899214;-5,44450200
15,29923214;-5,44450200
15,30947214;-5,44450200
15,31971214;-5,44450200
15,32995214;-5,44450200
15,34019214;-5,44450200
15,35043214;-5,44450200
15,36067214;-5,44450200
15,37091214;-5,44450200
15,38115214;-5,44450200
15,39139214;-5,44450200
15,40163214;-5,44450200
15,41187214;-5,44450200
15,42211214;-5,44450200
15,43235214;-5,44450200
15,44259214;-5,44450200
15,45283214;-5,44450200
15,46307214;-5,44450200
15,47331214;-5,44450200
15,48355214;-5,44450200
15,49379214;-5,44450200
15,50403214;-5,44450200
15,51427214;-5,44450200
15,52451214;-5,44450200
15,53475214;-5,44450200
15,54499214;-5,44450200
15,55523214;-5,44450200
15,56547214;-5,44450200
15,57571214;-5,44450200
15,58595214;-5,44450200
15,59619214;-5,44450200
15,60643214;-5,44450200
15,61667214;-5,44450200
15,62691214;-5,44450200
15,63715214;-5,44450200
15,64739214;-5,44450200
15,65763214;-5,44450200
15,66787214;-5,44450200
15,67811214;-5,44450200
15,68835214;-5,44450200
15,69859214;-5,44450200
15,70883214;-5,44450200
15,71907214;-5,44450200
15,72931214;-5,44450200
15,73955214;-5,44450200
15,74979214;-5,44450200
15,76003214;-5,44450200
15,77027214;-5,44450200
15,78051214;-5,44450200
15,79075214;-5,44450200
15,80099214;-5,44450200
15,81123214;-5,44450200
15,82147214;-5,44450200
15,83171214;-5,44450200
15,84195214;-5,44450200
15,85219214;-5,44450200
15,86243214;-5,44450200
15,87267214;-5,44450200
15,88291214;-5,44450200
15,89315214;-5,44450200
15,90339214;-5,44450200
15,91363214;-5,44450200
15,92387214;-5,44450200
15,93411214;-5,44450200
15,94435214;-5,44450200
15,95459214;-5,44450200
15,96483214;-5,44450200
15,97507214;-5,44450200
15,98531214;-5,44450200
15,99555214;-5,44450200
16,00579214;-5,44450200
16,01603214;-5,44450200
16,02627214;-5,44450200
16,03651214;-5,44450200
16,04675214;-5,44450200
16,05699214;-5,44450200
16,06723214;-5,44450200
16,07747214;-5,44450200
16,08771214;-5,44450200
16,09795214;-5,44450200
16,10819214;-5,44450200
16,11843214;-5,44450200
16,12867214;-5,44450200
16,13891214;-5,44450200
16,14915214;-5,44450200
16,15939214;-5,44450200
16,16963214;-5,44450200
16,17987214;-5,44450200
16,19011214;-5,44450200
16,20035214;-5,44450200
16,21059214;-5,44450200
16,22083214;-5,44450200
16,23107214;-5,44450200
16,24131214;-5,44450200
16,25155214;-5,44450200
16,26179214;-5,44450200
16,27203214;-5,44450200
16,28227214;-5,44450200
16,29251214;-5,44450200
16,30275214;-5,44450200
16,31299214;-5,44450200
16,32323214;-5,44450200
16,33347214;-5,44450200
16,34371214;-5,44450200
16,35395214;-5,44450200
16,36419214;-5,44450200
16,37443214;-5,44450200
16,38467214;-5,44450200
16,39491214;-5,44450200
16,40515214;-5,44450200
16,41539214;-5,44450200
16,42563213;-5,44450200
16,43587213;-5,44450200
16,44611213;-5,44450200
16,45635213;-5,44450200
16,46659213;-5,44450200
16,47683213;-5,44450200
16,48707213;-5,44450200
16,49731213;-5,44450200
16,50755213;-5,44450200
16,51779213;-5,44450200
16,52803213;-5,44450200
16,53827213;-5,44450200
16,54851213;-5,44450200
16,55875213;-5,44450200
16,56899213;-5,44450200
16,57923213;-5,44450200
16,58947213;-5,44450200
16,59971213;-5,44450200
16,60995213;-5,44450200
16,62019213;-5,44450200
16,63043213;-5,44450200
16,64067213;-5,44450200
16,65091213;-5,44450200
16,66115213;-5,44450200
16,67139213;-5,44450200
16,68163213;-5,44450200
16,69187213;-5,44450200
16,70211213;-5,44450200
16,71235213;-5,44450200
16,72259213;-5,44450200
16,73283213;-5,44450200
16,74307213;-5,44450200
16,75331213;-5,44450200
16,76355213;-5,44450200
16,77379213;-5,44450200
16,78403213;-5,44450200
16,79427213;-5,44450200
16,80451213;-5,44450200
16,81475213;-5,44450200
16,82499213;-5,44450200
16,83523213;-5,44450200
16,84547213;-5,44450200
16,85571213;-5,44450200
16,86595213;-5,44450200
16,87619213;-5,44450200
16,88643213;-5,44450200
16,89667213;-5,44450200
16,90691213;-5,44450200
16,91715213;-5,44450200
16,92739213;-5,44450200
16,93763213;-5,44450200
16,94787213;-5,44450200
16,95811213;-5,44450200
16,96835213;-5,44450200
16,97859213;-5,44450200
16,98883213;-5,44450200
16,99907213;-5,44450200
17,00931213;-5,44450200
17,01955213;-5,44450200
17,02979213;-5,44450200
17,04003213;-5,44450200
17,05027213;-5,44450200
17,06051213;-5,44450200
17,07075213;-5,44450200
17,08099213;-5,44450200
17,09123213;-5,44450200
17,10147213;-5,44450200
17,11171213;-5,44450200
17,12195213;-5,44450200
17,13219213;-5,44450200
17,14243213;-5,44450200
17,15267213;-5,44450200
17,16291213;-5,44450200
17,17315213;-5,44450200
17,18339213;-5,44450200
17,19363213;-5,44450200
17,20387213;-5,44450200
17,21411213;-5,44450200
17,22435213;-5,44450200
17,23459213;-5,44450200
17,24483213;-5,44450200
17,25507213;-5,44450200
17,26531213;-5,44450200
17,27555213;-5,44450200
17,28579213;-5,44450200
17,29603213;-5,44450200
17,30627213;-5,44450200
17,31651213;-5,44450200
17,32675213;-5,44450200
17,33699213;-5,44450200
17,34723213;-5,44450200
17,35747213;-5,44450200
17,36771213;-5,44450200
17,37795213;-5,44450200
17,38819213;-5,44450200
17,39843213;-5,44450200
17,40867213;-5,44450200
17,41891213;-5,44450200
17,42915213;-5,44450200
17,43939213;-5,44450200
17,44963213;-5,44450200
17,45987213;-5,44450200
17,47011213;-5,44450200
17,48035213;-5,44450200
17,49059213;-5,44450200
17,50083213;-5,44450200
17,51107213;-5,44450200
17,52131213;-5,44450200
17,53155213;-5,44450200
17,54179213;-5,44450200
17,55203213;-5,44450200
17,56227213;-5,44450200
17,57251213;-5,44450200
17,58275213;-5,44450200
17,59299213;-5,44450200
17,60323213;-5,44450200
17,61347213;-5,44450200
17,62371213;-5,44450200
17,63395213;-5,44450200
17,64419213;-5,44450200
17,65443213;-5,44450200
17,66467213;-5,44450200
17,67491213;-5,44450200
17,68515213;-5,44450200
17,69539213;-5,44450200
17,70563213;-5,44450200
17,71587213;-5,44450200
17,72611213;-5,44450200
17,73635213;-5,44450200
17,74659213;-5,44450200
17,75683213;-5,44450200
17,76707213;-5,44450200
17,77731213;-5,44450200
17,78755213;-5,44450200
17,79779213;-5,44450200
17,80803213;-5,44450200
17,81827213;-5,44450200
17,82851213;-5,44450200
17,83875213;-5,44450200
17,84899213;-5,44450200
17,85923213;-5,44450200
17,86947213;-5,44450200
17,87971213;-5,44450200
17,88995213;-5,44450200
17,90019213;-5,44450200
17,91043213;-5,44450200
17,92067213;-5,44450200
17,93091213;-5,44450200
17,94115213;-5,44450200
17,95139213;-5,44450200
17,96163213;-5,44450200
17,97187213;-5,44450200
17,98211213;-5,44450200
17,99235213;-5,44450200
18,00259213;-5,44450200
18,01283213;-5,44450200
18,02307213;-5,44450200
18,03331213;-5,44450200
18,04355213;-5,44450200
18,05379213;-5,44450200
18,06403213;-5,44450200
18,07427212;-5,44450200
18,08451212;-5,44450200
18,09475212;-5,44450200
18,10499212;-5,44450200
18,11523212;-5,44450200
18,12547212;-5,44450200
18,13571212;-5,44450200
18,14595212;-5,44450200
18,15619212;-5,44450200
18,16643212;-5,44450200
18,17667212;-5,44450200
18,18691212;-5,26444300
18,19715212;-5,44450200
18,20739212;-5,44450200
18,21763212;-5,44450200
18,22787212;-5,44450200
18,23811212;-5,44450200
18,24835212;-5,44450200
18,25859212;-5,44450200
18,26883212;-5,44450200
18,27907212;-5,44450200
18,28931212;-5,26444300
18,29955212;-5,44450200
18,30979212;-5,44450200
18,32003212;-5,44450200
18,33027212;-5,44450200
18,34051212;-5,44450200
18,35075212;-5,44450200
18,36099212;-5,26444300
18,37123212;-5,44450200
18,38147212;-5,44450200
18,39171212;-5,44450200
18,40195212;-5,44450200
18,41219212;-5,44450200
18,42243212;-5,44450200
18,43267212;-5,44450200
18,44291212;-5,44450200
18,45315212;-5,44450200
18,46339212;-5,44450200
18,47363212;-5,44450200
18,48387212;-5,44450200
18,49411212;-5,44450200
18,50435212;-5,44450200
18,51459212;-5,26444300
18,52483212;-5,44450200
18,53507212;-5,26444300
18,54531212;-5,44450200
18,55555212;-5,44450200
18,56579212;-5,44450200
18,57603212;-5,26444300
18,58627212;-5,44450200
18,59651212;-5,26444300
18,60675212;-5,44450200
18,61699212;-5,44450200
18,62723212;-5,44450200
18,63747212;-5,44450200
18,64771212;-5,26444300
18,65795212;-5,26444300
18,66819212;-5,44450200
18,67843212;-5,26444300
18,68867212;-5,44450200
18,69891212;-5,44450200
18,70915212;-5,26444300
18,71939212;-5,44450200
18,72963212;-5,44450200
18,73987212;-5,44450200
18,75011212;-5,26444300
18,76035212;-5,26444300
18,77059212;-5,44450200
18,78083212;-5,44450200
18,79107212;-5,44450200
18,80131212;-5,26444300
18,81155212;-5,26444300
18,82179212;-5,26444300
18,83203212;-5,44450200
18,84227212;-5,26444300
18,85251212;-5,44450200
18,86275212;-5,26444300
18,87299212;-5,26444300
18,88323212;-5,26444300
18,89347212;-5,44450200
18,90371212;-5,44450200
18,91395212;-5,44450200
18,92419212;-5,44450200
18,93443212;-5,44450200
18,94467212;-5,26444300
18,95491212;-5,44450200
18,96515212;-5,26444300
18,97539212;-5,26444300
18,98563212;-5,26444300
18,99587212;-5,26444300
19,00611212;-5,26444300
19,01635212;-5,26444300
19,02659212;-5,08499400
19,03683212;-5,08499400
19,04707212;-5,08499400
19,05731212;-5,08499400
19,06755212;-4,90554500
19,07779212;-4,90554500
19,08803212;-5,08499400
19,09827212;-4,90554500
19,10851212;-4,90554500
19,11875212;-4,72609600
19,12899212;-4,72609600
19,13923212;-4,72609600
19,14947212;-4,54664800
19,15971212;-4,36658800
19,16995212;-4,36658800
19,18019212;-4,36658800
19,19043212;-4,36658800
19,20067212;-4,36658800
19,21091212;-4,36658800
19,22115212;-4,36658800
19,23139212;-4,18714000
19,24163212;-4,00769000
19,25187212;-4,00769000
19,26211212;-4,00769000
19,27235212;-4,00769000
19,28259212;-3,82824200
19,29283212;-3,82824200
19,30307212;-3,82824200
19,31331212;-3,64879300
19,32355212;-3,82824200
19,33379212;-3,64879300
19,34403212;-3,64879300
19,35427212;-3,64879300
19,36451212;-3,46873400
19,37475212;-3,28928500
19,38499212;-3,46873400
19,39523212;-3,28928500
19,40547212;-3,28928500
19,41571212;-3,28928500
19,42595212;-3,10983600
19,43619212;-3,10983600
19,44643212;-2,93038700
19,45667212;-2,93038700
19,46691212;-2,93038700
19,47715212;-2,93038700
19,48739212;-2,93038700
19,49763212;-2,93038700
19,50787212;-2,57087900
19,51811212;-2,57087900
19,52835212;-2,75093800
19,53859212;-2,57087900
19,54883212;-2,57087900
19,55907212;-2,39143000
19,56931212;-2,39143000
19,57955212;-2,39143000
19,58979212;-2,39143000
19,60003212;-2,21198200
19,61027212;-2,21198200
19,62051212;-2,21198200
19,63075212;-2,21198200
19,64099212;-2,21198200
19,65123212;-2,03253300
19,66147212;-1,85308400
19,67171212;-1,85308400
19,68195212;-1,85308400
19,69219212;-1,85308400
19,70243212;-1,67302500
19,71267212;-1,85308400
19,72291211;-1,67302500
19,73315211;-1,67302500
19,74339211;-1,49357600
19,75363211;-1,49357600
19,76387211;-1,49357600
19,77411211;-1,49357600
19,78435211;-1,31412700
19,79459211;-1,13467800
19,80483211;-1,13467800
19,81507211;-1,13467800
19,82531211;-1,13467800
19,83555211;-1,13467800
19,84579211;-1,13467800
19,85603211;-0,77517010
19,86627211;-0,77517010
19,87651211;-0,77517010
19,88675211;-0,77517010
19,89699211;-0,77517010
19,90723211;-0,77517010
19,91747211;-0,77517010
19,92771211;-0,59572130
19,93795211;-0,59572130
19,94819211;-0,41627250
19,95843211;-0,41627250
19,96867211;-0,23682360
19,97891211;-0,23682360
19,98915211;-0,23682360
19,99939211;-0,05737480
20,00963211;-0,05737480
20,01987211;-0,05737480
20,03011211;-0,05737480
20,04035211;-0,05737480
20,05059211;0,12207400
20,06083211;0,12207400
20,07107211;0,30152290
20,08131211;0,30152290
20,09155211;0,30152290
20,10179211;0,30152290
20,11203211;0,30152290
20,12227211;0,48097170
20,13251211;0,48097170
20,14275211;0,66042050
20,15299211;0,66042050
20,16323211;0,66042050
20,17347211;0,66042050
20,18371211;0,66042050
20,19395211;0,84047970
20,20419211;0,84047970
20,21443211;1,01992900
20,22467211;1,01992900
20,23491211;1,19937700
20,24515211;1,19937700
20,25539211;1,19937700
20,26563211;1,37882600
20,27587211;1,37882600
20,28611211;1,37882600
20,29635211;1,37882600
20,30659211;1,37882600
20,31683211;1,37882600
20,32707211;1,55827500
20,33731211;1,73833400
20,34755211;1,73833400
20,35779211;1,73833400
20,36803211;1,91778300
20,37827211;1,91778300
20,38851211;2,09723200
20,39875211;2,09723200
20,40899211;2,09723200
20,41923211;2,09723200
20,42947211;2,09723200
20,43971211;2,27668100
20,44995211;2,27668100
20,46019211;2,27668100
20,47043211;2,45613000
20,48067211;2,45613000
20,49091211;2,45613000
20,50115211;2,63618900
20,51139211;2,45613000
20,52163211;2,63618900
20,53187211;2,63618900
20,54211211;2,81563800
20,55235211;2,81563800
20,56259211;2,81563800
20,57283211;2,81563800
20,58307211;2,99508600
20,59331211;2,81563800
20,60355211;2,81563800
20,61379211;2,81563800
20,62403211;3,17453500
20,63427211;3,17453500
20,64451211;3,17453500
20,65475211;3,17453500
20,66499211;3,17453500
20,67523211;3,35398400
20,68547211;3,35398400
20,69571211;3,35398400
20,70595211;3,35398400
20,71619211;3,53404300
20,72643211;3,53404300
20,73667211;3,53404300
20,74691211;3,53404300
20,75715211;3,53404300
20,76739211;3,71349200
20,77763211;3,71349200
20,78787211;3,71349200
20,79811211;3,71349200
20,80835211;3,89294100
20,81859211;3,89294100
20,82883211;3,89294100
20,83907211;3,89294100
20,84931211;4,07239000
20,85955211;4,25183900
20,86979211;4,25183900
20,88003211;4,25183900
20,89027211;4,25183900
20,90051211;4,25183900
20,91075211;4,25183900
20,92099211;4,25183900
20,93123211;4,61134700
20,94147211;4,61134700
20,95171211;4,61134700
20,96195211;4,61134700
20,97219211;4,61134700
20,98243211;4,79079600
20,99267211;4,61134700
21,00291211;4,79079600
21,01315211;4,79079600
21,02339211;4,97024400
21,03363211;4,97024400
21,04387211;4,97024400
21,05411211;4,97024400
21,06435211;5,14969300
21,07459211;5,14969300
21,08483211;5,14969300
21,09507211;5,14969300
21,10531211;5,14969300
21,11555211;5,32975200
21,12579211;5,32975200
21,13603211;5,32975200
21,14627211;5,50920200
21,15651211;5,50920200
21,16675211;5,50920200
21,17699211;5,50920200
21,18723211;5,50920200
21,19747211;5,68865000
21,20771211;5,68865000
21,21795211;5,68865000
21,22819211;5,68865000
21,23843211;5,86809900
21,24867211;5,68865000
21,25891211;6,04754800
21,26915211;6,04754800
21,27939211;6,04754800
21,28963211;6,04754800
21,29987211;6,04754800
21,31011211;6,04754800
21,32035211;6,22760700
21,33059211;6,22760700
21,34083211;6,40705600
21,35107211;6,40705600
21,36131211;6,40705600
21,37155210;6,40705600
21,38179210;6,40705600
21,39203210;6,58650500
21,40227210;6,58650500
21,41251210;6,76595400
21,42275210;6,76595400
21,43299210;6,76595400
21,44323210;6,76595400
21,45347210;6,94540200
21,46371210;7,12546200
21,47395210;7,12546200
21,48419210;7,12546200
21,49443210;7,12546200
21,50467210;7,30491100
21,51491210;7,30491100
21,52515210;7,48435900
21,53539210;7,48435900
21,54563210;7,48435900
21,55587210;7,48435900
21,56611210;7,48435900
21,57635210;7,48435900
21,58659210;7,48435900
21,59683210;7,48435900
21,60707210;7,66380800
21,61731210;7,66380800
21,62755210;7,66380800
21,63779210;7,84325700
21,64803210;7,84325700
21,65827210;7,84325700
21,66851210;7,84325700
21,67875210;7,84325700
21,68899210;7,84325700
21,69923210;7,84325700
21,70947210;8,02331600
21,71971210;8,20276500
21,72995210;8,20276500
21,74019210;8,20276500
21,75043210;8,20276500
21,76067210;8,38221400
21,77091210;8,38221400
21,78115210;8,56166300
21,79139210;8,56166300
21,80163210;8,56166300
21,81187210;8,56166300
21,82211210;8,56166300
21,83235210;8,56166300
21,84259210;8,92117000
21,85283210;8,92117000
21,86307210;8,92117000
21,87331210;8,92117000
21,88355210;8,92117000
21,89379210;8,92117000
21,90403210;8,92117000
21,91427210;9,10061900
21,92451210;9,28006800
21,93475210;9,28006800
21,94499210;9,28006800
21,95523210;9,28006800
21,96547210;9,28006800
21,97571210;9,28006800
21,98595210;9,28006800
21,99619210;9,28006800
22,00643210;9,28006800
22,01667210;9,63896600
22,02691210;9,63896600
22,03715210;9,63896600
22,04739210;9,63896600
22,05763210;9,63896600
22,06787210;9,63896600
22,07811210;9,81902500
22,08835210;9,63896600
22,09859210;9,63896600
22,10883210;9,81902500
22,11907210;9,81902500
22,12931210;9,99847400
22,13955210;9,99847400
22,14979210;9,99847400
22,16003210;9,99847400
22,17027210;9,99847400
22,18051210;9,99847400
22,19075210;9,99847400
22,20099210;9,99847400
22,21123210;9,99847400
22,22147210;9,99847400
22,23171210;9,99847400
22,24195210;9,99847400
22,25219210;10,17792000
22,26243210;9,99847400
22,27267210;10,17792000
22,28291210;10,17792000
22,29315210;10,17792000
22,30339210;10,17792000
22,31363210;10,17792000
22,32387210;10,35737000
22,33411210;10,35737000
22,34435210;10,35737000
22,35459210;10,35737000
22,36483210;10,35737000
22,37507210;10,35737000
22,38531210;10,35737000
22,39555210;10,53682000
22,40579210;10,35737000
22,41603210;10,53682000
22,42627210;10,53682000
22,43651210;10,53682000
22,44675210;10,53682000
22,45699210;10,71688000
22,46723210;10,71688000
22,47747210;10,71688000
22,48771210;10,71688000
22,49795210;10,71688000
22,50819210;10,71688000
22,51843210;10,71688000
22,52867210;10,71688000
22,53891210;10,71688000
22,54915210;10,89633000
22,55939210;10,89633000
22,56963210;10,89633000
22,57987210;11,07578000
22,59011210;10,89633000
22,60035210;10,89633000
22,61059210;11,07578000
22,62083210;10,89633000
22,63107210;11,07578000
22,64131210;11,07578000
22,65155210;11,07578000
22,66179210;11,07578000
22,67203210;11,25523000
22,68227210;11,07578000
22,69251210;11,25523000
22,70275210;11,07578000
22,71299210;11,25523000
22,72323210;11,25523000
22,73347210;11,25523000
22,74371210;11,43529000
22,75395210;11,43529000
22,76419210;11,43529000
22,77443210;11,43529000
22,78467210;11,43529000
22,79491210;11,43529000
22,80515210;11,43529000
22,81539210;11,43529000
22,82563210;11,43529000
22,83587210;11,43529000
22,84611210;11,43529000
22,85635210;11,43529000
22,86659210;11,61473000
22,87683210;11,61473000
22,88707210;11,61473000
22,89731210;11,61473000
22,90755210;11,61473000
22,91779210;11,79418000
22,92803210;11,79418000
22,93827210;11,79418000
22,94851210;11,79418000
22,95875210;11,79418000
22,96899210;11,79418000
22,97923210;11,79418000
22,98947210;11,79418000
22,99971210;11,79418000
23,00995209;11,79418000
23,02019209;11,79418000
23,03043209;11,97363000
23,04067209;11,79418000
23,05091209;11,97363000
23,06115209;11,97363000
23,07139209;11,97363000
23,08163209;11,97363000
23,09187209;11,97363000
23,10211209;11,97363000
23,11235209;11,97363000
23,12259209;11,97363000
23,13283209;11,97363000
23,14307209;12,15308000
23,15331209;12,15308000
23,16355209;12,15308000
23,17379209;12,15308000
23,18403209;12,15308000
23,19427209;12,15308000
23,20451209;12,15308000
23,21475209;12,15308000
23,22499209;12,15308000
23,23523209;12,15308000
23,24547209;12,15308000
23,25571209;12,15308000
23,26595209;12,15308000
23,27619209;12,15308000
23,28643209;12,15308000
23,29667209;12,15308000
23,30691209;12,15308000
23,31715209;12,15308000
23,32739209;12,15308000
23,33763209;12,15308000
23,34787209;12,15308000
23,35811209;12,15308000
23,36835209;12,15308000
23,37859209;12,15308000
23,38883209;12,15308000
23,39907209;12,15308000
23,40931209;12,15308000
23,41955209;12,15308000
23,42979209;12,15308000
23,44003209;12,15308000
23,45027209;12,15308000
23,46051209;12,15308000
23,47075209;12,15308000
23,48099209;12,15308000
23,49123209;12,15308000
23,50147209;12,15308000
23,51171209;12,15308000
23,52195209;12,15308000
23,53219209;12,15308000
23,54243209;12,15308000
23,55267209;12,15308000
23,56291209;12,15308000
23,57315209;12,15308000
23,58339209;12,15308000
23,59363209;12,15308000
23,60387209;12,15308000
23,61411209;12,15308000
23,62435209;12,15308000
23,63459209;12,15308000
23,64483209;12,15308000
23,65507209;12,33314000
23,66531209;12,15308000
23,67555209;12,15308000
23,68579209;12,15308000
23,69603209;12,15308000
23,70627209;12,15308000
23,71651209;12,15308000
23,72675209;12,15308000
23,73699209;12,15308000
23,74723209;12,15308000
23,75747209;12,15308000
23,76771209;12,33314000
23,77795209;12,15308000
23,78819209;12,15308000
23,79843209;12,15308000
23,80867209;12,15308000
23,81891209;12,15308000
23,82915209;12,15308000
23,83939209;12,15308000
23,84963209;12,33314000
23,85987209;12,15308000
23,87011209;12,33314000
23,88035209;12,15308000
23,89059209;12,33314000
23,90083209;12,15308000
23,91107209;12,15308000
23,92131209;12,15308000
23,93155209;12,15308000
23,94179209;12,15308000
23,95203209;12,33314000
23,96227209;12,33314000
23,97251209;12,15308000
23,98275209;12,33314000
23,99299209;12,33314000
24,00323209;12,15308000
24,01347209;12,15308000
24,02371209;12,15308000
24,03395209;12,15308000
24,04419209;12,15308000
24,05443209;12,33314000
24,06467209;12,33314000
24,07491209;12,15308000
24,08515209;12,15308000
24,09539209;12,15308000
24,10563209;12,15308000
24,11587209;12,15308000
24,12611209;12,15308000
24,13635209;12,15308000
24,14659209;12,15308000
24,15683209;12,33314000
24,16707209;12,15308000
24,17731209;12,15308000
24,18755209;12,15308000
24,19779209;12,33314000
24,20803209;12,15308000
24,21827209;12,33314000
24,22851209;12,33314000
24,23875209;12,33314000
24,24899209;12,33314000
24,25923209;12,15308000
24,26947209;12,15308000
24,27971209;12,15308000
24,28995209;12,33314000
24,30019209;12,33314000
24,31043209;12,15308000
24,32067209;12,15308000
24,33091209;12,33314000
24,34115209;12,15308000
24,35139209;12,33314000
24,36163209;12,15308000
24,37187209;12,15308000
24,38211209;12,15308000
24,39235209;12,15308000
24,40259209;12,33314000
24,41283209;12,15308000
24,42307209;12,15308000
24,43331209;12,15308000
24,44355209;12,15308000
24,45379209;12,15308000
24,46403209;12,15308000
24,47427209;12,15308000
24,48451209;12,15308000
24,49475209;12,15308000
24,50499209;12,15308000
24,51523209;12,15308000
24,52547209;12,15308000
24,53571209;12,15308000
24,54595209;12,15308000
24,55619209;12,15308000
24,56643209;12,15308000
24,57667209;12,15308000
24,58691209;12,15308000
24,59715209;12,15308000
24,60739209;12,15308000
24,61763209;12,15308000
24,62787209;12,15308000
24,63811209;12,15308000
24,64835209;12,15308000
24,65859208;12,15308000
24,66883208;12,15308000
24,67907208;11,97363000
24,68931208;11,97363000
24,69955208;11,97363000
24,70979208;11,97363000
24,72003208;11,97363000
24,73027208;11,79418000
24,74051208;11,79418000
24,75075208;11,79418000
24,76099208;11,79418000
24,77123208;11,79418000
24,78147208;11,79418000
24,79171208;11,79418000
24,80195208;11,79418000
24,81219208;11,79418000
24,82243208;11,79418000
24,83267208;11,79418000
24,84291208;11,79418000
24,85315208;11,79418000
24,86339208;11,79418000
24,87363208;11,61473000
24,88387208;11,43529000
24,89411208;11,43529000
24,90435208;11,43529000
24,91459208;11,43529000
24,92483208;11,43529000
24,93507208;11,43529000
24,94531208;11,43529000
24,95555208;11,61473000
24,96579208;11,61473000
24,97603208;11,43529000
24,98627208;11,43529000
24,99651208;11,43529000
25,00675208;11,43529000
25,01699208;11,43529000
25,02723208;11,43529000
25,03747208;11,61473000
25,04771208;11,61473000
25,05795208;11,61473000
25,06819208;11,61473000
25,07843208;11,43529000
25,08867208;11,43529000
25,09891208;11,43529000
25,10915208;11,43529000
25,11939208;11,61473000
25,12963208;11,43529000
25,13987208;11,79418000
25,15011208;11,61473000
25,16035208;11,61473000
25,17059208;11,43529000
25,18083208;11,43529000
25,19107208;11,43529000
25,20131208;11,43529000
25,21155208;11,43529000
25,22179208;11,43529000
25,23203208;11,43529000
25,24227208;11,43529000
25,25251208;11,43529000
25,26275208;11,43529000
25,27299208;11,43529000
25,28323208;11,25523000
25,29347208;11,25523000
25,30371208;11,43529000
25,31395208;11,43529000
25,32419208;11,43529000
25,33443208;11,43529000
25,34467208;11,43529000
25,35491208;11,25523000
25,36515208;11,25523000
25,37539208;11,07578000
25,38563208;11,07578000
25,39587208;11,07578000
25,40611208;11,07578000
25,41635208;11,07578000
25,42659208;11,07578000
25,43683208;11,07578000
25,44707208;11,07578000
25,45731208;11,07578000
25,46755208;10,89633000
25,47779208;10,71688000
25,48803208;10,71688000
25,49827208;10,71688000
25,50851208;10,71688000
25,51875208;10,71688000
25,52899208;10,71688000
25,53923208;10,71688000
25,54947208;10,71688000
25,55971208;10,71688000
25,56995208;10,53682000
25,58019208;10,35737000
25,59043208;10,35737000
25,60067208;10,53682000
25,61091208;10,35737000
25,62115208;10,35737000
25,63139208;10,35737000
25,64163208;10,35737000
25,65187208;10,35737000
25,66211208;10,17792000
25,67235208;10,17792000
25,68259208;9,99847400
25,69283208;9,99847400
25,70307208;9,99847400
25,71331208;9,99847400
25,72355208;9,99847400
25,73379208;9,99847400
25,74403208;9,99847400
25,75427208;9,99847400
25,76451208;9,99847400
25,77475208;9,99847400
25,78499208;9,81902500
25,79523208;9,81902500
25,80547208;9,81902500
25,81571208;9,81902500
25,82595208;9,81902500
25,83619208;9,99847400
25,84643208;9,99847400
25,85667208;9,81902500
25,86691208;9,81902500
25,87715208;9,63896600
25,88739208;9,45951700
25,89763208;9,63896600
25,90787208;9,63896600
25,91811208;9,63896600
25,92835208;9,45951700
25,93859208;9,63896600
25,94883208;9,63896600
25,95907208;9,63896600
25,96931208;9,45951700
25,97955208;9,28006800
25,98979208;9,28006800
26,00003208;9,28006800
26,01027208;9,28006800
26,02051208;9,28006800
26,03075208;9,28006800
26,04099208;9,28006800
26,05123208;9,28006800
26,06147208;9,28006800
26,07171208;9,10061900
26,08195208;9,10061900
26,09219208;8,92117000
26,10243208;8,92117000
26,11267208;8,92117000
26,12291208;8,92117000
26,13315208;8,92117000
26,14339208;8,92117000
26,15363208;8,92117000
26,16387208;8,92117000
26,17411208;8,92117000
26,18435208;8,56166300
26,19459208;8,56166300
26,20483208;8,56166300
26,21507208;8,56166300
26,22531208;8,56166300
26,23555208;8,38221400
26,24579208;8,56166300
26,25603208;8,56166300
26,26627208;8,38221400
26,27651208;8,38221400
26,28675208;8,20276500
26,29699208;8,02331600
26,30723207;8,02331600
26,31747207;8,02331600
26,32771207;8,02331600
26,33795207;7,84325700
26,34819207;8,02331600
26,35843207;7,84325700
26,36867207;7,84325700
26,37891207;7,84325700
26,38915207;7,66380800
26,39939207;7,48435900
26,40963207;7,48435900
26,41987207;7,66380800
26,43011207;7,48435900
26,44035207;7,48435900
26,45059207;7,66380800
26,46083207;7,48435900
26,47107207;7,48435900
26,48131207;7,30491100
26,49155207;7,12546200
26,50179207;7,12546200
26,51203207;7,12546200
26,52227207;7,12546200
26,53251207;7,12546200
26,54275207;7,12546200
26,55299207;7,12546200
26,56323207;7,12546200
26,57347207;6,76595400
26,58371207;6,76595400
26,59395207;6,58650500
26,60419207;6,40705600
26,61443207;6,58650500
26,62467207;6,40705600
26,63491207;6,58650500
26,64515207;6,58650500
26,65539207;6,58650500
26,66563207;6,40705600
26,67587207;6,40705600
26,68611207;6,22760700
26,69635207;6,04754800
26,70659207;6,04754800
26,71683207;6,04754800
26,72707207;6,22760700
26,73731207;6,04754800
26,74755207;6,04754800
26,75779207;6,04754800
26,76803207;6,04754800
26,77827207;5,68865000
26,78851207;5,68865000
26,79875207;5,50920200
26,80899207;5,50920200
26,81923207;5,50920200
26,82947207;5,68865000
26,83971207;5,50920200
26,84995207;5,68865000
26,86019207;5,68865000
26,87043207;5,32975200
26,88067207;5,32975200
26,89091207;4,97024400
26,90115207;4,97024400
26,91139207;4,97024400
26,92163207;4,97024400
26,93187207;4,97024400
26,94211207;4,97024400
26,95235207;4,97024400
26,96259207;4,97024400
26,97283207;4,79079600
26,98307207;4,61134700
26,99331207;4,43189800
27,00355207;4,25183900
27,01379207;4,25183900
27,02403207;4,43189800
27,03427207;4,61134700
27,04451207;4,25183900
27,05475207;4,43189800
27,06499207;4,25183900
27,07523207;4,25183900
27,08547207;4,07239000
27,09571207;3,89294100
27,10595207;3,71349200
27,11619207;3,71349200
27,12643207;3,71349200
27,13667207;3,89294100
27,14691207;3,89294100
27,15715207;3,89294100
27,16739207;3,71349200
27,17763207;3,53404300
27,18787207;3,53404300
27,19811207;3,17453500
27,20835207;3,17453500
27,21859207;3,17453500
27,22883207;3,17453500
27,23907207;3,35398400
27,24931207;3,35398400
27,25955207;3,35398400
27,26979207;3,17453500
27,28003207;2,99508600
27,29027207;2,81563800
27,30051207;2,63618900
27,31075207;2,63618900
27,32099207;2,81563800
27,33123207;2,63618900
27,34147207;2,81563800
27,35171207;2,81563800
27,36195207;2,81563800
27,37219207;2,63618900
27,38243207;2,45613000
27,39267207;2,09723200
27,40291207;2,09723200
27,41315207;2,09723200
27,42339207;2,09723200
27,43363207;2,09723200
27,44387207;2,09723200
27,45411207;2,09723200
27,46435207;2,09723200
27,47459207;1,73833400
27,48483207;1,73833400
27,49507207;1,37882600
27,50531207;1,37882600
27,51555207;1,37882600
27,52579207;1,37882600
27,53603207;1,37882600
27,54627207;1,37882600
27,55651207;1,37882600
27,56675207;1,37882600
27,57699207;1,19937700
27,58723207;0,84047970
27,59747207;0,66042050
27,60771207;0,66042050
27,61795207;0,66042050
27,62819207;0,84047970
27,63843207;0,66042050
27,64867207;0,84047970
27,65891207;0,66042050
27,66915207;0,66042050
27,67939207;0,66042050
27,68963207;0,30152290
27,69987207;0,30152290
27,71011207;0,30152290
27,72035207;0,30152290
27,73059207;0,30152290
27,74083207;0,30152290
27,75107207;0,30152290
27,76131207;0,30152290
27,77155207;0,12207400
27,78179207;-0,05737480
27,79203207;-0,23682360
27,80227207;-0,41627250
27,81251207;-0,41627250
27,82275207;-0,41627250
27,83299207;-0,23682360
27,84323207;-0,23682360
27,85347207;-0,23682360
27,86371207;-0,41627250
27,87395207;-0,41627250
27,88419207;-0,77517010
27,89443207;-0,77517010
27,90467207;-0,95522930
27,91491207;-0,77517010
27,92515207;-0,77517010
27,93539207;-0,77517010
27,94563206;-0,77517010
27,95587206;-0,95522930
27,96611206;-0,95522930
27,97635206;-1,13467800
27,98659206;-1,31412700
27,99683206;-1,49357600
28,00707206;-1,49357600
28,01731206;-1,49357600
28,02755206;-1,49357600
28,03779206;-1,49357600
28,04803206;-1,49357600
28,05827206;-1,49357600
28,06851206;-1,67302500
28,07875206;-1,85308400
28,08899206;-2,21198200
28,09923206;-2,21198200
28,10947206;-2,21198200
28,11971206;-2,21198200
28,12995206;-2,21198200
28,14019206;-2,21198200
28,15043206;-2,21198200
28,16067206;-2,21198200
28,17091206;-2,39143000
28,18115206;-2,57087900
28,19139206;-2,75093800
28,20163206;-2,93038700
28,21187206;-2,75093800
28,22211206;-2,93038700
28,23235206;-2,93038700
28,24259206;-2,75093800
28,25283206;-2,93038700
28,26307206;-2,93038700
28,27331206;-2,93038700
28,28355206;-3,10983600
28,29379206;-3,28928500
28,30403206;-3,28928500
28,31427206;-3,28928500
28,32451206;-3,28928500
28,33475206;-3,28928500
28,34499206;-3,28928500
28,35523206;-3,28928500
28,36547206;-3,46873400
28,37571206;-3,64879300
28,38595206;-3,64879300
28,39619206;-3,82824200
28,40643206;-3,82824200
28,41667206;-3,64879300
28,42691206;-3,64879300
28,43715206;-3,64879300
28,44739206;-3,82824200
28,45763206;-3,82824200
28,46787206;-3,82824200
28,47811206;-4,00769000
28,48835206;-4,18714000
28,49859206;-4,36658800
28,50883206;-4,36658800
28,51907206;-4,36658800
28,52931206;-4,36658800
28,53955206;-4,36658800
28,54979206;-4,36658800
28,56003206;-4,36658800
28,57027206;-4,36658800
28,58051206;-4,72609600
28,59075206;-4,72609600
28,60099206;-4,90554500
28,61123206;-4,90554500
28,62147206;-4,90554500
28,63171206;-4,72609600
28,64195206;-4,72609600
28,65219206;-4,72609600
28,66243206;-4,90554500
28,67267206;-5,08499400
28,68291206;-5,08499400
28,69315206;-5,26444300
28,70339206;-5,44450200
28,71363206;-5,26444300
28,72387206;-5,26444300
28,73411206;-5,26444300
28,74435206;-5,26444300
28,75459206;-5,26444300
28,76483206;-5,44450200
28,77507206;-5,44450200
28,78531206;-5,80340000
28,79555206;-5,80340000
28,80579206;-5,80340000
28,81603206;-5,80340000
28,82627206;-5,80340000
28,83651206;-5,80340000
28,84675206;-5,80340000
28,85699206;-5,80340000
28,86723206;-5,80340000
28,87747206;-5,98284900
28,88771206;-5,80340000
28,89795206;-5,80340000
28,90819206;-5,80340000
28,91843206;-5,80340000
28,92867206;-5,80340000
28,93891206;-5,80340000
28,94915206;-5,80340000
28,95939206;-5,80340000
28,96963206;-5,80340000
28,97987206;-5,80340000
28,99011206;-5,98284900
29,00035206;-5,80340000
29,01059206;-5,98284900
29,02083206;-5,80340000
29,03107206;-5,98284900
29,04131206;-5,80340000
29,05155206;-5,80340000
29,06179206;-5,80340000
29,07203206;-5,80340000
29,08227206;-5,80340000
29,09251206;-5,80340000
29,10275206;-5,80340000
29,11299206;-5,80340000
29,12323206;-5,80340000
29,13347206;-5,98284900
29,14371206;-5,80340000
29,15395206;-5,80340000
29,16419206;-5,80340000
29,17443206;-5,80340000
29,18467206;-5,80340000
29,19491206;-5,80340000
29,20515206;-5,80340000
29,21539206;-5,80340000
29,22563206;-5,80340000
29,23587206;-5,80340000
29,24611206;-5,80340000
29,25635206;-5,80340000
29,26659206;-5,80340000
29,27683206;-5,80340000
29,28707206;-5,98284900
29,29731206;-5,80340000
29,30755206;-5,80340000
29,31779206;-5,80340000
29,32803206;-5,80340000
29,33827206;-5,80340000
29,34851206;-5,80340000
29,35875206;-5,80340000
29,36899206;-5,80340000
29,37923206;-5,80340000
29,38947206;-5,80340000
29,39971206;-5,80340000
29,40995206;-5,80340000
29,42019206;-5,98284900
29,43043206;-5,80340000
29,44067206;-5,80340000
29,45091206;-5,80340000
29,46115206;-5,80340000
29,47139206;-5,80340000
29,48163206;-5,80340000
29,49187206;-5,80340000
29,50211206;-5,80340000
29,51235206;-5,80340000
29,52259206;-5,80340000
29,53283206;-5,80340000
29,54307206;-5,80340000
29,55331206;-5,80340000
29,56355206;-5,80340000
29,57379206;-5,80340000
29,58403206;-5,80340000
29,59427205;-5,80340000
29,60451205;-5,80340000
29,61475205;-5,80340000
29,62499205;-5,80340000
29,63523205;-5,80340000
29,64547205;-5,80340000
29,65571205;-5,80340000
29,66595205;-5,80340000
29,67619205;-5,80340000
29,68643205;-5,80340000
29,69667205;-5,80340000
29,70691205;-5,80340000
29,71715205;-5,80340000
29,72739205;-5,80340000
29,73763205;-5,80340000
29,74787205;-5,80340000
29,75811205;-5,80340000
29,76835205;-5,80340000
29,77859205;-5,80340000
29,78883205;-5,80340000
29,79907205;-5,80340000
29,80931205;-5,80340000
29,81955205;-5,80340000
29,82979205;-5,80340000
29,84003205;-5,80340000
29,85027205;-5,80340000
29,86051205;-5,80340000
29,87075205;-5,80340000
29,88099205;-5,80340000
29,89123205;-5,80340000
29,90147205;-5,80340000
29,91171205;-5,80340000
29,92195205;-5,80340000
29,93219205;-5,80340000
29,94243205;-5,80340000
29,95267205;-5,80340000
29,96291205;-5,80340000
29,97315205;-5,80340000
29,98339205;-5,80340000
29,99363205;-5,80340000
30,00387205;-5,80340000
30,01411205;-5,80340000
30,02435205;-5,80340000
30,03459205;-5,80340000
30,04483205;-5,80340000
30,05507205;-5,80340000
30,06531205;-5,80340000
30,07555205;-5,80340000
30,08579205;-5,80340000
30,09603205;-5,80340000
30,10627205;-5,80340000
30,11651205;-5,80340000
30,12675205;-5,80340000
30,13699205;-5,80340000
30,14723205;-5,80340000
30,15747205;-5,80340000
30,16771205;-5,80340000
30,17795205;-5,80340000
30,18819205;-5,80340000
30,19843205;-5,80340000
30,20867205;-5,80340000
30,21891205;-5,80340000
30,22915205;-5,80340000
30,23939205;-5,80340000
30,24963205;-5,80340000
30,25987205;-5,80340000
30,27011205;-5,80340000
30,28035205;-5,80340000
30,29059205;-5,80340000
30,30083205;-5,80340000
30,31107205;-5,80340000
30,32131205;-5,80340000
30,33155205;-5,80340000
30,34179205;-5,80340000
30,35203205;-5,80340000
30,36227205;-5,80340000
30,37251205;-5,80340000
30,38275205;-5,80340000
30,39299205;-5,80340000
30,40323205;-5,80340000
30,41347205;-5,80340000
30,42371205;-5,80340000
30,43395205;-5,80340000
30,44419205;-5,80340000
30,45443205;-5,80340000
30,46467205;-5,80340000
30,47491205;-5,80340000
30,48515205;-5,80340000
30,49539205;-5,80340000
30,50563205;-5,80340000
30,51587205;-5,80340000
30,52611205;-5,80340000
30,53635205;-5,80340000
30,54659205;-5,80340000
30,55683205;-5,80340000
30,56707205;-5,80340000
30,57731205;-5,80340000
30,58755205;-5,80340000
30,59779205;-5,80340000
30,60803205;-5,80340000
30,61827205;-5,80340000
30,62851205;-5,80340000
30,63875205;-5,80340000
30,64899205;-5,80340000
30,65923205;-5,80340000
30,66947205;-5,80340000
30,67971205;-5,80340000
30,68995205;-5,80340000
30,70019205;-5,80340000
30,71043205;-5,80340000
30,72067205;-5,80340000
30,73091205;-5,80340000
30,74115205;-5,80340000
30,75139205;-5,80340000
30,76163205;-5,80340000
30,77187205;-5,80340000
30,78211205;-5,80340000
30,79235205;-5,80340000
30,80259205;-5,80340000
30,81283205;-5,80340000
30,82307205;-5,80340000
30,83331205;-5,80340000
30,84355205;-5,80340000
30,85379205;-5,80340000
30,86403205;-5,80340000
30,87427205;-5,80340000
30,88451205;-5,80340000
30,89475205;-5,80340000
30,90499205;-5,80340000
30,91523205;-5,80340000
30,92547205;-5,80340000
30,93571205;-5,80340000
30,94595205;-5,80340000
30,95619205;-5,80340000
30,96643205;-5,80340000
30,97667205;-5,80340000
30,98691205;-5,80340000
30,99715205;-5,80340000
31,00739205;-5,80340000
31,01763205;-5,80340000
31,02787205;-5,80340000
31,03811205;-5,80340000
31,04835205;-5,80340000
31,05859205;-5,80340000
31,06883205;-5,80340000
31,07907205;-5,80340000
31,08931205;-5,80340000
31,09955205;-5,80340000
31,10979205;-5,80340000
31,12003205;-5,80340000
31,13027205;-5,80340000
31,14051205;-5,80340000
31,15075205;-5,80340000
31,16099205;-5,80340000
31,17123205;-5,80340000
31,18147205;-5,80340000
31,19171205;-5,80340000
31,20195205;-5,80340000
31,21219205;-5,80340000
31,22243205;-5,80340000
31,23267205;-5,80340000
31,24291204;-5,80340000
31,25315204;-5,80340000
31,26339204;-5,80340000
31,27363204;-5,80340000
31,28387204;-5,80340000
31,29411204;-5,80340000
31,30435204;-5,80340000
31,31459204;-5,80340000
31,32483204;-5,80340000
31,33507204;-5,80340000
31,34531204;-5,80340000
31,35555204;-5,80340000
31,36579204;-5,80340000
31,37603204;-5,80340000
31,38627204;-5,80340000
31,39651204;-5,80340000
31,40675204;-5,80340000
31,41699204;-5,80340000
31,42723204;-5,80340000
31,43747204;-5,80340000
31,44771204;-5,80340000
31,45795204;-5,80340000
31,46819204;-5,80340000
31,47843204;-5,80340000
31,48867204;-5,80340000
31,49891204;-5,80340000
31,50915204;-5,80340000
31,51939204;-5,80340000
31,52963204;-5,80340000
31,53987204;-5,80340000
31,55011204;-5,80340000
31,56035204;-5,80340000
31,57059204;-5,80340000
31,58083204;-5,80340000
31,59107204;-5,80340000
31,60131204;-5,80340000
31,61155204;-5,80340000
31,62179204;-5,80340000
31,63203204;-5,80340000
31,64227204;-5,80340000
31,65251204;-5,80340000
31,66275204;-5,80340000
31,67299204;-5,80340000
31,68323204;-5,80340000
31,69347204;-5,80340000
31,70371204;-5,80340000
31,71395204;-5,80340000
31,72419204;-5,80340000
31,73443204;-5,80340000
31,74467204;-5,80340000
31,75491204;-5,80340000
31,76515204;-5,80340000
31,77539204;-5,80340000
31,78563204;-5,80340000
31,79587204;-5,80340000
31,80611204;-5,80340000
31,81635204;-5,80340000
31,82659204;-5,80340000
31,83683204;-5,80340000
31,84707204;-5,80340000
31,85731204;-5,80340000
31,86755204;-5,80340000
31,87779204;-5,80340000
31,88803204;-5,80340000
31,89827204;-5,80340000
31,90851204;-5,80340000
31,91875204;-5,80340000
31,92899204;-5,80340000
31,93923204;-5,80340000
31,94947204;-5,80340000
31,95971204;-5,80340000
31,96995204;-5,80340000
31,98019204;-5,80340000
31,99043204;-5,80340000
32,00067204;-5,80340000
32,01091204;-5,80340000
32,02115204;-5,80340000
32,03139204;-5,80340000
32,04163204;-5,80340000
32,05187204;-5,80340000
32,06211204;-5,80340000
32,07235204;-5,80340000
32,08259204;-5,62395100
32,09283204;-5,80340000
32,10307204;-5,80340000
32,11331204;-5,80340000
32,12355204;-5,80340000
32,13379204;-5,80340000
32,14403204;-5,80340000
32,15427204;-5,80340000
32,16451204;-5,80340000
32,17475204;-5,80340000
32,18499204;-5,80340000
32,19523204;-5,80340000
32,20547204;-5,80340000
32,21571204;-5,80340000
32,22595204;-5,80340000
32,23619204;-5,80340000
32,24643204;-5,80340000
32,25667204;-5,80340000
32,26691204;-5,80340000
32,27715204;-5,80340000
32,28739204;-5,80340000
32,29763204;-5,80340000
32,30787204;-5,80340000
32,31811204;-5,80340000
32,32835204;-5,80340000
32,33859204;-5,80340000
32,34883204;-5,80340000
32,35907204;-5,80340000
32,36931204;-5,80340000
32,37955204;-5,80340000
32,38979204;-5,80340000
32,40003204;-5,80340000
32,41027204;-5,80340000
32,42051204;-5,80340000
32,43075204;-5,80340000
32,44099204;-5,80340000
32,45123204;-5,80340000
32,46147204;-5,80340000
32,47171204;-5,80340000
32,48195204;-5,80340000
32,49219204;-5,62395100
32,50243204;-5,80340000
32,51267204;-5,80340000
32,52291204;-5,80340000
32,53315204;-5,80340000
32,54339204;-5,62395100
32,55363204;-5,80340000
32,56387204;-5,80340000
32,57411204;-5,80340000
32,58435204;-5,80340000
32,59459204;-5,80340000
32,60483204;-5,80340000
32,61507204;-5,80340000
32,62531204;-5,80340000
32,63555204;-5,62395100
32,64579204;-5,80340000
32,65603204;-5,80340000
32,66627204;-5,80340000
32,67651204;-5,80340000
32,68675204;-5,62395100
32,69699204;-5,80340000
32,70723204;-5,80340000
32,71747204;-5,80340000
32,72771204;-5,62395100
32,73795204;-5,80340000
32,74819204;-5,80340000
32,75843204;-5,80340000
32,76867204;-5,62395100
32,77891204;-5,80340000
32,78915204;-5,80340000
32,79939204;-5,80340000
32,80963204;-5,62395100
32,81987204;-5,62395100
32,83011204;-5,80340000
32,84035204;-5,80340000
32,85059204;-5,80340000
32,86083204;-5,62395100
32,87107204;-5,80340000
32,88131203;-5,80340000
32,89155203;-5,62395100
32,90179203;-5,80340000
32,91203203;-5,80340000
32,92227203;-5,80340000
32,93251203;-5,80340000
32,94275203;-5,80340000
32,95299203;-5,80340000
32,96323203;-5,62395100
32,97347203;-5,80340000
32,98371203;-5,62395100
32,99395203;-5,80340000
33,00419203;-5,80340000
33,01443203;-5,80340000
33,02467203;-5,62395100
33,03491203;-5,80340000
33,04515203;-5,80340000
33,05539203;-5,80340000
33,06563203;-5,80340000
33,07587203;-5,80340000
33,08611203;-5,62395100
33,09635203;-5,62395100
33,10659203;-5,80340000
33,11683203;-5,80340000
33,12707203;-5,62395100
33,13731203;-5,80340000
33,14755203;-5,80340000
33,15779203;-5,80340000
33,16803203;-5,80340000
33,17827203;-5,80340000
33,18851203;-5,80340000
33,19875203;-5,80340000
33,20899203;-5,44450200
33,21923203;-5,80340000
33,22947203;-5,62395100
33,23971203;-5,62395100
33,24995203;-5,80340000
33,26019203;-5,62395100
33,27043203;-5,62395100
33,28067203;-5,62395100
33,29091203;-5,62395100
33,30115203;-5,62395100
33,31139203;-5,62395100
33,32163203;-5,62395100
33,33187203;-5,80340000
33,34211203;-5,62395100
33,35235203;-5,62395100
33,36259203;-5,80340000
33,37283203;-5,62395100
33,38307203;-5,62395100
33,39331203;-5,62395100
33,40355203;-5,62395100
33,41379203;-5,62395100
33,42403203;-5,62395100
33,43427203;-5,80340000
33,44451203;-5,62395100
33,45475203;-5,62395100
33,46499203;-5,80340000
33,47523203;-5,80340000
33,48547203;-5,62395100
33,49571203;-5,62395100
33,50595203;-5,62395100
33,51619203;-5,62395100
33,52643203;-5,62395100
33,53667203;-5,62395100
33,54691203;-5,62395100
33,55715203;-5,44450200
33,56739203;-5,62395100
33,57763203;-5,62395100
33,58787203;-5,44450200
33,59811203;-5,62395100
33,60835203;-5,62395100
33,61859203;-5,62395100
33,62883203;-5,80340000
33,63907203;-5,62395100
33,64931203;-5,62395100
33,65955203;-5,62395100
33,66979203;-5,62395100
33,68003203;-5,80340000
33,69027203;-5,62395100
33,70051203;-5,44450200
33,71075203;-5,62395100
33,72099203;-5,62395100
33,73123203;-5,44450200
33,74147203;-5,62395100
33,75171203;-5,80340000
33,76195203;-5,62395100
33,77219203;-5,62395100
33,78243203;-5,44450200
33,79267203;-5,62395100
33,80291203;-5,44450200
33,81315203;-5,62395100
33,82339203;-5,62395100
33,83363203;-5,80340000
33,84387203;-5,62395100
33,85411203;-5,62395100
33,86435203;-5,62395100
33,87459203;-5,62395100
33,88483203;-5,62395100
33,89507203;-5,62395100
33,90531203;-5,62395100
33,91555203;-5,44450200
33,92579203;-5,62395100
33,93603203;-5,62395100
33,94627203;-5,62395100
33,95651203;-5,62395100
33,96675203;-5,62395100
33,97699203;-5,62395100
33,98723203;-5,44450200
33,99747203;-5,80340000
34,00771203;-5,44450200
34,01795203;-5,44450200
34,02819203;-5,62395100
34,03843203;-5,62395100
34,04867203;-5,62395100
34,05891203;-5,62395100
34,06915203;-5,62395100
34,07939203;-5,80340000
34,08963203;-5,44450200
34,09987203;-5,62395100
34,11011203;-5,62395100
34,12035203;-5,62395100
34,13059203;-5,44450200
34,14083203;-5,62395100
34,15107203;-5,44450200
34,16131203;-5,62395100
34,17155203;-5,44450200
34,18179203;-5,44450200
34,19203203;-5,44450200
34,20227203;-5,62395100
34,21251203;-5,44450200
34,22275203;-5,44450200
34,23299203;-5,62395100
34,24323203;-5,44450200
34,25347203;-5,62395100
34,26371203;-5,62395100
34,27395203;-5,62395100
34,28419203;-5,44450200
34,29443203;-5,62395100
34,30467203;-5,44450200
34,31491203;-5,62395100
34,32515203;-5,44450200
34,33539203;-5,62395100
34,34563203;-5,44450200
34,35587203;-5,62395100
34,36611203;-5,62395100
34,37635203;-5,44450200
34,38659203;-5,44450200
34,39683203;-5,44450200
34,40707203;-5,62395100
34,41731203;-5,44450200
34,42755203;-5,44450200
34,43779203;-5,44450200
34,44803203;-5,44450200
34,45827203;-5,62395100
34,46851203;-5,44450200
34,47875203;-5,44450200
34,48899203;-5,44450200
34,49923203;-5,44450200
34,50947203;-5,44450200
34,51971203;-5,44450200
34,52995202;-5,44450200
34,54019202;-5,62395100
34,55043202;-5,62395100
34,56067202;-5,62395100
34,57091202;-5,62395100
34,58115202;-5,44450200
34,59139202;-5,44450200
34,60163202;-5,62395100
34,61187202;-5,62395100
34,62211202;-5,62395100
34,63235202;-5,44450200
34,64259202;-5,44450200
34,65283202;-5,62395100
34,66307202;-5,44450200
34,67331202;-5,62395100
34,68355202;-5,44450200
34,69379202;-5,44450200
34,70403202;-5,44450200
34,71427202;-5,44450200
34,72451202;-5,44450200
34,73475202;-5,44450200
34,74499202;-5,44450200
34,75523202;-5,62395100
34,76547202;-5,44450200
34,77571202;-5,44450200
34,78595202;-5,44450200
34,79619202;-5,44450200
34,80643202;-5,44450200
34,81667202;-5,62395100
34,82691202;-5,44450200
34,83715202;-5,44450200
34,84739202;-5,44450200
34,85763202;-5,44450200
34,86787202;-5,44450200
34,87811202;-5,44450200
34,88835202;-5,44450200
34,89859202;-5,44450200
34,90883202;-5,44450200
34,91907202;-5,44450200
34,92931202;-5,44450200
34,93955202;-5,62395100
34,94979202;-5,44450200
34,96003202;-5,44450200
34,97027202;-5,62395100
34,98051202;-5,44450200
34,99075202;-5,44450200
35,00099202;-5,44450200
35,01123202;-5,62395100
35,02147202;-5,44450200
35,03171202;-5,44450200
35,04195202;-5,44450200
35,05219202;-5,44450200
35,06243202;-5,44450200
35,07267202;-5,44450200
35,08291202;-5,44450200
35,09315202;-5,44450200
35,10339202;-5,44450200
35,11363202;-5,44450200
35,12387202;-5,44450200
35,13411202;-5,44450200
35,14435202;-5,44450200
35,15459202;-5,44450200
35,16483202;-5,44450200
35,17507202;-5,44450200
35,18531202;-5,44450200
35,19555202;-5,44450200
35,20579202;-5,44450200
35,21603202;-5,44450200
35,22627202;-5,44450200
35,23651202;-5,44450200
35,24675202;-5,44450200
35,25699202;-5,44450200
35,26723202;-5,44450200
35,27747202;-5,44450200
35,28771202;-5,44450200
35,29795202;-5,44450200
35,30819202;-5,44450200
35,31843202;-5,44450200
35,32867202;-5,44450200
35,33891202;-5,44450200
35,34915202;-5,44450200
35,35939202;-5,44450200
35,36963202;-5,44450200
35,37987202;-5,44450200
35,39011202;-5,44450200
35,40035202;-5,44450200
35,41059202;-5,44450200
35,42083202;-5,44450200
35,43107202;-5,44450200
35,44131202;-5,44450200
35,45155202;-5,44450200
35,46179202;-5,44450200
35,47203202;-5,44450200
35,48227202;-5,44450200
35,49251202;-5,44450200
35,50275202;-5,44450200
35,51299202;-5,44450200
35,52323202;-5,44450200
35,53347202;-5,44450200
35,54371202;-5,44450200
35,55395202;-5,44450200
35,56419202;-5,44450200
35,57443202;-5,44450200
35,58467202;-5,44450200
35,59491202;-5,44450200
35,60515202;-5,44450200
35,61539202;-5,44450200
35,62563202;-5,44450200
35,63587202;-5,44450200
35,64611202;-5,44450200
35,65635202;-5,44450200
35,66659202;-5,44450200
35,67683202;-5,44450200
35,68707202;-5,44450200
35,69731202;-5,44450200
35,70755202;-5,44450200
35,71779202;-5,44450200
35,72803202;-5,44450200
35,73827202;-5,44450200
35,74851202;-5,44450200
35,75875202;-5,44450200
35,76899202;-5,44450200
35,77923202;-5,44450200
35,78947202;-5,44450200
35,79971202;-5,44450200
35,80995202;-5,44450200
35,82019202;-5,44450200
35,83043202;-5,44450200
35,84067202;-5,44450200
35,85091202;-5,44450200
35,86115202;-5,44450200
35,87139202;-5,44450200
35,88163202;-5,44450200
35,89187202;-5,44450200
35,90211202;-5,44450200
35,91235202;-5,44450200
35,92259202;-5,44450200
35,93283202;-5,44450200
35,94307202;-5,44450200
35,95331202;-5,44450200
35,96355202;-5,44450200
35,97379202;-5,44450200
35,98403202;-5,44450200
35,99427202;-5,44450200
36,00451202;-5,44450200
36,01475202;-5,44450200
36,02499202;-5,44450200
36,03523202;-5,44450200
36,04547202;-5,44450200
36,05571202;-5,44450200
36,06595202;-5,44450200
36,07619202;-5,44450200
36,08643202;-5,44450200
36,09667202;-5,44450200
36,10691202;-5,44450200
36,11715202;-5,44450200
36,12739202;-5,44450200
36,13763202;-5,44450200
36,14787202;-5,44450200
36,15811202;-5,44450200
36,16835202;-5,44450200
36,17859201;-5,44450200
36,18883201;-5,44450200
36,19907201;-5,44450200
36,20931201;-5,44450200
36,21955201;-5,44450200
36,22979201;-5,44450200
36,24003201;-5,44450200
36,25027201;-5,44450200
36,26051201;-5,44450200
36,27075201;-5,44450200
36,28099201;-5,44450200
36,29123201;-5,44450200
36,30147201;-5,44450200
36,31171201;-5,44450200
36,32195201;-5,44450200
36,33219201;-5,44450200
36,34243201;-5,44450200
36,35267201;-5,44450200
36,36291201;-5,44450200
36,37315201;-5,44450200
36,38339201;-5,44450200
36,39363201;-5,44450200
36,40387201;-5,44450200
36,41411201;-5,44450200
36,42435201;-5,44450200
36,43459201;-5,44450200
36,44483201;-5,44450200
36,45507201;-5,44450200
36,46531201;-5,44450200
36,47555201;-5,44450200
36,48579201;-5,44450200
36,49603201;-5,44450200
36,50627201;-5,44450200
36,51651201;-5,44450200
36,52675201;-5,44450200
36,53699201;-5,44450200
36,54723201;-5,44450200
36,55747201;-5,44450200
36,56771201;-5,44450200
36,57795201;-5,44450200
36,58819201;-5,44450200
36,59843201;-5,44450200
36,60867201;-5,44450200
36,61891201;-5,44450200
36,62915201;-5,44450200
36,63939201;-5,44450200
36,64963201;-5,44450200
36,65987201;-5,44450200
36,67011201;-5,44450200
36,68035201;-5,44450200
36,69059201;-5,44450200
36,70083201;-5,44450200
36,71107201;-5,44450200
36,72131201;-5,44450200
36,73155201;-5,44450200
36,74179201;-5,44450200
36,75203201;-5,44450200
36,76227201;-5,44450200
36,77251201;-5,44450200
36,78275201;-5,44450200
36,79299201;-5,44450200
36,80323201;-5,44450200
36,81347201;-5,44450200
36,82371201;-5,44450200
36,83395201;-5,44450200
36,84419201;-5,44450200
36,85443201;-5,44450200
36,86467201;-5,44450200
36,87491201;-5,44450200
36,88515201;-5,44450200
36,89539201;-5,44450200
36,90563201;-5,44450200
36,91587201;-5,44450200
36,92611201;-5,44450200
36,93635201;-5,44450200
36,94659201;-5,44450200
36,95683201;-5,44450200
36,96707201;-5,44450200
36,97731201;-5,44450200
36,98755201;-5,44450200
36,99779201;-5,44450200
37,00803201;-5,44450200
37,01827201;-5,44450200
37,02851201;-5,44450200
37,03875201;-5,44450200
37,04899201;-5,44450200
37,05923201;-5,44450200
37,06947201;-5,44450200
37,07971201;-5,44450200
37,08995201;-5,44450200
37,10019201;-5,44450200
37,11043201;-5,44450200
37,12067201;-5,44450200
37,13091201;-5,44450200
37,14115201;-5,44450200
37,15139201;-5,44450200
37,16163201;-5,44450200
37,17187201;-5,44450200
37,18211201;-5,44450200
37,19235201;-5,44450200
37,20259201;-5,44450200
37,21283201;-5,44450200
37,22307201;-5,44450200
37,23331201;-5,44450200
37,24355201;-5,44450200
37,25379201;-5,44450200
37,26403201;-5,44450200
37,27427201;-5,44450200
37,28451201;-5,44450200
37,29475201;-5,44450200
37,30499201;-5,44450200
37,31523201;-5,44450200
37,32547201;-5,44450200
37,33571201;-5,44450200
37,34595201;-5,44450200
37,35619201;-5,44450200
37,36643201;-5,44450200
37,37667201;-5,44450200
37,38691201;-5,44450200
37,39715201;-5,44450200
37,40739201;-5,44450200
37,41763201;-5,44450200
37,42787201;-5,44450200
37,43811201;-5,44450200
37,44835201;-5,44450200
37,45859201;-5,44450200
37,46883201;-5,44450200
37,47907201;-5,44450200
37,48931201;-5,44450200
37,49955201;-5,44450200
37,50979201;-5,44450200
37,52003201;-5,44450200
37,53027201;-5,44450200
37,54051201;-5,44450200
37,55075201;-5,44450200
37,56099201;-5,44450200
37,57123201;-5,44450200
37,58147201;-5,44450200
37,59171201;-5,44450200
37,60195201;-5,44450200
37,61219201;-5,44450200
37,62243201;-5,44450200
37,63267201;-5,44450200
37,64291201;-5,44450200
37,65315201;-5,44450200
37,66339201;-5,44450200
37,67363201;-5,44450200
37,68387201;-5,44450200
37,69411201;-5,44450200
37,70435201;-5,44450200
37,71459201;-5,44450200
37,72483201;-5,44450200
37,73507201;-5,44450200
37,74531201;-5,44450200
37,75555201;-5,44450200
37,76579201;-5,44450200
37,77603201;-5,44450200
37,78627201;-5,44450200
37,79651201;-5,44450200
37,80675201;-5,44450200
37,81699200;-5,44450200
37,82723200;-5,44450200
37,83747200;-5,44450200
37,84771200;-5,44450200
37,85795200;-5,44450200
37,86819200;-5,44450200
37,87843200;-5,44450200
37,88867200;-5,44450200
37,89891200;-5,44450200
37,90915200;-5,44450200
37,91939200;-5,44450200
37,92963200;-5,44450200
37,93987200;-5,44450200
37,95011200;-5,44450200
37,96035200;-5,44450200
37,97059200;-5,44450200
37,98083200;-5,44450200
37,99107200;-5,44450200
38,00131200;-5,44450200
38,01155200;-5,44450200
38,02179200;-5,44450200
38,03203200;-5,44450200
38,04227200;-5,26444300
38,05251200;-5,26444300
38,06275200;-5,44450200
38,07299200;-5,44450200
38,08323200;-5,44450200
38,09347200;-5,44450200
38,10371200;-5,44450200
38,11395200;-5,44450200
38,12419200;-5,44450200
38,13443200;-5,44450200
38,14467200;-5,26444300
38,15491200;-5,44450200
38,16515200;-5,44450200
38,17539200;-5,44450200
38,18563200;-5,44450200
38,19587200;-5,44450200
38,20611200;-5,44450200
38,21635200;-5,44450200
38,22659200;-5,44450200
38,23683200;-5,44450200
38,24707200;-5,44450200
38,25731200;-5,44450200
38,26755200;-5,44450200
38,27779200;-5,44450200
38,28803200;-5,44450200
38,29827200;-5,26444300
38,30851200;-5,44450200
38,31875200;-5,44450200
38,32899200;-5,44450200
38,33923200;-5,26444300
38,34947200;-5,44450200
38,35971200;-5,44450200
38,36995200;-5,26444300
38,38019200;-5,44450200
38,39043200;-5,44450200
38,40067200;-5,44450200
38,41091200;-5,44450200
38,42115200;-5,44450200
38,43139200;-5,26444300
38,44163200;-5,26444300
38,45187200;-5,44450200
38,46211200;-5,26444300
38,47235200;-5,44450200
38,48259200;-5,26444300
38,49283200;-5,44450200
38,50307200;-5,44450200
38,51331200;-5,44450200
38,52355200;-5,44450200
38,53379200;-5,26444300
38,54403200;-5,44450200
38,55427200;-5,26444300
38,56451200;-5,44450200
38,57475200;-5,44450200
38,58499200;-5,44450200
38,59523200;-5,26444300
38,60547200;-5,44450200
38,61571200;-5,44450200
38,62595200;-5,44450200
38,63619200;-5,44450200
38,64643200;-5,26444300
38,65667200;-5,44450200
38,66691200;-5,44450200
38,67715200;-5,26444300
38,68739200;-5,26444300
38,69763200;-5,26444300
38,70787200;-5,26444300
38,71811200;-5,44450200
38,72835200;-5,44450200
38,73859200;-5,44450200
38,74883200;-5,26444300
38,75907200;-5,26444300
38,76931200;-5,26444300
38,77955200;-5,44450200
38,78979200;-5,44450200
38,80003200;-5,44450200
38,81027200;-5,26444300
38,82051200;-5,44450200
38,83075200;-5,44450200
38,84099200;-5,44450200
38,85123200;-5,26444300
38,86147200;-5,26444300
38,87171200;-5,44450200
38,88195200;-5,44450200
38,89219200;-5,26444300
38,90243200;-5,26444300
38,91267200;-5,44450200
38,92291200;-5,26444300
38,93315200;-5,44450200
38,94339200;-5,26444300
38,95363200;-5,26444300
38,96387200;-5,26444300
38,97411200;-5,26444300
38,98435200;-5,26444300
38,99459200;-5,26444300
39,00483200;-5,08499400
39,01507200;-5,08499400
39,02531200;-5,08499400
39,03555200;-5,08499400
39,04579200;-5,08499400
39,05603200;-4,90554500
39,06627200;-5,08499400
39,07651200;-5,08499400
39,08675200;-4,90554500
39,09699200;-4,72609600
39,10723200;-4,72609600
39,11747200;-4,54664800
39,12771200;-4,54664800
39,13795200;-4,54664800
39,14819200;-4,54664800
39,15843200;-4,36658800
39,16867200;-4,36658800
39,17891200;-4,36658800
39,18915200;-4,36658800
39,19939200;-4,36658800
39,20963200;-4,00769000
39,21987200;-4,18714000
39,23011200;-4,00769000
39,24035200;-4,00769000
39,25059200;-4,00769000
39,26083200;-4,00769000
39,27107200;-4,00769000
39,28131200;-3,82824200
39,29155200;-3,82824200
39,30179200;-3,64879300
39,31203200;-3,64879300
39,32227200;-3,64879300
39,33251200;-3,64879300
39,34275200;-3,64879300
39,35299200;-3,64879300
39,36323200;-3,64879300
39,37347200;-3,46873400
39,38371200;-3,46873400
39,39395200;-3,46873400
39,40419200;-3,28928500
39,41443200;-3,28928500
39,42467200;-3,10983600
39,43491200;-2,93038700
39,44515200;-3,10983600
39,45539200;-2,93038700
39,46563199;-2,93038700
39,47587199;-2,93038700
39,48611199;-2,93038700
39,49635199;-2,93038700
39,50659199;-2,75093800
39,51683199;-2,57087900
39,52707199;-2,39143000
39,53731199;-2,57087900
39,54755199;-2,39143000
39,55779199;-2,57087900
39,56803199;-2,39143000
39,57827199;-2,39143000
39,58851199;-2,21198200
39,59875199;-2,21198200
39,60899199;-2,21198200
39,61923199;-2,03253300
39,62947199;-1,85308400
39,63971199;-1,85308400
39,64995199;-1,85308400
39,66019199;-1,85308400
39,67043199;-1,85308400
39,68067199;-1,85308400
39,69091199;-1,67302500
39,70115199;-1,49357600
39,71139199;-1,49357600
39,72163199;-1,49357600
39,73187199;-1,49357600
39,74211199;-1,31412700
39,75235199;-1,49357600
39,76259199;-1,49357600
39,77283199;-1,31412700
39,78307199;-1,13467800
39,79331199;-1,13467800
39,80355199;-1,13467800
39,81379199;-0,95522930
39,82403199;-0,77517010
39,83427199;-0,77517010
39,84451199;-0,77517010
39,85475199;-0,95522930
39,86499199;-0,77517010
39,87523199;-0,77517010
39,88547199;-0,77517010
39,89571199;-0,77517010
39,90595199;-0,59572130
39,91619199;-0,41627250
39,92643199;-0,41627250
39,93667199;-0,41627250
39,94691199;-0,41627250
39,95715199;-0,41627250
39,96739199;-0,23682360
39,97763199;-0,23682360
39,98787199;-0,23682360
39,99811199;-0,05737480
40,00835199;-0,05737480
40,01859199;-0,05737480
40,02883199;0,12207400
40,03907199;0,12207400
40,04931199;0,30152290
40,05955199;0,12207400
40,06979199;0,30152290
40,08003199;0,30152290
40,09027199;0,30152290
40,10051199;0,48097170
40,11075199;0,48097170
40,12099199;0,66042050
40,13123199;0,66042050
40,14147199;0,66042050
40,15171199;0,66042050
40,16195199;0,66042050
40,17219199;0,66042050
40,18243199;0,84047970
40,19267199;1,01992900
40,20291199;1,01992900
40,21315199;1,01992900
40,22339199;1,19937700
40,23363199;1,37882600
40,24387199;1,37882600
40,25411199;1,37882600
40,26435199;1,37882600
40,27459199;1,37882600
40,28483199;1,37882600
40,29507199;1,37882600
40,30531199;1,73833400
40,31555199;1,73833400
40,32579199;1,73833400
40,33603199;1,73833400
40,34627199;1,73833400
40,35651199;1,73833400
40,36675199;1,91778300
40,37699199;1,91778300
40,38723199;2,09723200
40,39747199;2,09723200
40,40771199;2,09723200
40,41795199;2,09723200
40,42819199;2,27668100
40,43843199;2,45613000
40,44867199;2,27668100
40,45891199;2,45613000
40,46915199;2,45613000
40,47939199;2,45613000
40,48963199;2,63618900
40,49987199;2,63618900
40,51011199;2,63618900
40,52035199;2,81563800
40,53059199;2,81563800
40,54083199;2,81563800
40,55107199;2,81563800
40,56131199;2,81563800
40,57155199;2,81563800
40,58179199;2,81563800
40,59203199;2,99508600
40,60227199;3,17453500
40,61251199;3,17453500
40,62275199;3,17453500
40,63299199;3,17453500
40,64323199;3,17453500
40,65347199;3,17453500
40,66371199;3,17453500
40,67395199;3,17453500
40,68419199;3,35398400
40,69443199;3,35398400
40,70467199;3,53404300
40,71491199;3,53404300
40,72515199;3,53404300
40,73539199;3,53404300
40,74563199;3,53404300
40,75587199;3,53404300
40,76611199;3,53404300
40,77635199;3,71349200
40,78659199;3,71349200
40,79683199;3,71349200
40,80707199;3,89294100
40,81731199;3,89294100
40,82755199;3,89294100
40,83779199;3,89294100
40,84803199;4,07239000
40,85827199;4,07239000
40,86851199;4,25183900
40,87875199;4,25183900
40,88899199;4,25183900
40,89923199;4,25183900
40,90947199;4,43189800
40,91971199;4,61134700
40,92995199;4,61134700
40,94019199;4,61134700
40,95043199;4,61134700
40,96067199;4,61134700
40,97091199;4,79079600
40,98115199;4,79079600
40,99139199;4,97024400
41,00163199;4,97024400
41,01187199;4,97024400
41,02211199;4,97024400
41,03235199;4,97024400
41,04259199;4,97024400
41,05283199;5,14969300
41,06307199;5,14969300
41,07331199;5,14969300
41,08355199;5,32975200
41,09379199;5,32975200
41,10403199;5,32975200
41,11427198;5,32975200
41,12451198;5,32975200
41,13475198;5,50920200
41,14499198;5,50920200
41,15523198;5,50920200
41,16547198;5,50920200
41,17571198;5,68865000
41,18595198;5,68865000
41,19619198;5,68865000
41,20643198;5,68865000
41,21667198;5,68865000
41,22691198;5,68865000
41,23715198;5,86809900
41,24739198;5,86809900
41,25763198;5,86809900
41,26787198;6,04754800
41,27811198;6,04754800
41,28835198;6,04754800
41,29859198;6,04754800
41,30883198;6,04754800
41,31907198;6,22760700
41,32931198;6,40705600
41,33955198;6,40705600
41,34979198;6,40705600
41,36003198;6,40705600
41,37027198;6,40705600
41,38051198;6,40705600
41,39075198;6,58650500
41,40099198;6,58650500
41,41123198;6,76595400
41,42147198;6,76595400
41,43171198;6,94540200
41,44195198;6,94540200
41,45219198;6,94540200
41,46243198;6,94540200
41,47267198;7,12546200
41,48291198;7,12546200
41,49315198;7,30491100
41,50339198;7,12546200
41,51363198;7,30491100
41,52387198;7,48435900
41,53411198;7,48435900
41,54435198;7,48435900
41,55459198;7,48435900
41,56483198;7,48435900
41,57507198;7,66380800
41,58531198;7,66380800
41,59555198;7,66380800
41,60579198;7,84325700
41,61603198;7,84325700
41,62627198;7,84325700
41,63651198;8,02331600
41,64675198;7,84325700
41,65699198;8,02331600
41,66723198;8,02331600
41,67747198;8,20276500
41,68771198;8,20276500
41,69795198;8,20276500
41,70819198;8,38221400
41,71843198;8,38221400
41,72867198;8,38221400
41,73891198;8,38221400
41,74915198;8,56166300
41,75939198;8,56166300
41,76963198;8,56166300
41,77987198;8,56166300
41,79011198;8,56166300
41,80035198;8,56166300
41,81059198;8,56166300
41,82083198;8,74111200
41,83107198;8,74111200
41,84131198;8,92117000
41,85155198;8,92117000
41,86179198;8,92117000
41,87203198;8,92117000
41,88227198;8,92117000
41,89251198;8,92117000
41,90275198;9,10061900
41,91299198;9,10061900
41,92323198;9,28006800
41,93347198;9,28006800
41,94371198;9,10061900
41,95395198;9,28006800
41,96419198;9,28006800
41,97443198;9,28006800
41,98467198;9,28006800
41,99491198;9,28006800
42,00515198;9,28006800
42,01539198;9,45951700
42,02563198;9,63896600
42,03587198;9,63896600
42,04611198;9,63896600
42,05635198;9,63896600
42,06659198;9,63896600
42,07683198;9,63896600
42,08707198;9,63896600
42,09731198;9,63896600
42,10755198;9,81902500
42,11779198;9,63896600
42,12803198;9,81902500
42,13827198;9,81902500
42,14851198;9,81902500
42,15875198;9,99847400
42,16899198;9,99847400
42,17923198;9,99847400
42,18947198;9,99847400
42,19971198;9,99847400
42,20995198;9,99847400
42,22019198;9,99847400
42,23043198;9,99847400
42,24067198;9,99847400
42,25091198;9,99847400
42,26115198;9,99847400
42,27139198;10,17792000
42,28163198;10,17792000
42,29187198;10,17792000
42,30211198;10,35737000
42,31235198;10,35737000
42,32259198;10,35737000
42,33283198;10,35737000
42,34307198;10,35737000
42,35331198;10,35737000
42,36355198;10,35737000
42,37379198;10,35737000
42,38403198;10,35737000
42,39427198;10,35737000
42,40451198;10,35737000
42,41475198;10,53682000
42,42499198;10,53682000
42,43523198;10,71688000
42,44547198;10,71688000
42,45571198;10,71688000
42,46595198;10,71688000
42,47619198;10,71688000
42,48643198;10,71688000
42,49667198;10,71688000
42,50691198;10,71688000
42,51715198;10,71688000
42,52739198;10,71688000
42,53763198;10,89633000
42,54787198;10,89633000
42,55811198;10,89633000
42,56835198;11,07578000
42,57859198;11,07578000
42,58883198;11,07578000
42,59907198;11,07578000
42,60931198;11,07578000
42,61955198;11,07578000
42,62979198;11,07578000
42,64003198;11,07578000
42,65027198;11,07578000
42,66051198;11,07578000
42,67075198;11,07578000
42,68099198;11,07578000
42,69123198;11,07578000
42,70147198;11,07578000
42,71171198;11,25523000
42,72195198;11,25523000
42,73219198;11,43529000
42,74243198;11,25523000
42,75267197;11,25523000
42,76291197;11,25523000
42,77315197;11,25523000
42,78339197;11,43529000
42,79363197;11,43529000
42,80387197;11,43529000
42,81411197;11,43529000
42,82435197;11,43529000
42,83459197;11,43529000
42,84483197;11,43529000
42,85507197;11,43529000
42,86531197;11,43529000
42,87555197;11,61473000
42,88579197;11,79418000
42,89603197;11,79418000
42,90627197;11,79418000
42,91651197;11,79418000
42,92675197;11,79418000
42,93699197;11,79418000
42,94723197;11,79418000
42,95747197;11,79418000
42,96771197;11,79418000
42,97795197;11,79418000
42,98819197;11,79418000
42,99843197;11,79418000
43,00867197;11,97363000
43,01891197;11,97363000
43,02915197;11,97363000
43,03939197;11,97363000
43,04963197;11,97363000
43,05987197;11,97363000
43,07011197;12,15308000
43,08035197;12,15308000
43,09059197;11,97363000
43,10083197;12,15308000
43,11107197;12,15308000
43,12131197;12,15308000
43,13155197;12,15308000
43,14179197;12,15308000
43,15203197;12,15308000
43,16227197;12,15308000
43,17251197;12,15308000
43,18275197;12,15308000
43,19299197;12,15308000
43,20323197;12,15308000
43,21347197;12,15308000
43,22371197;12,15308000
43,23395197;12,15308000
43,24419197;12,15308000
43,25443197;12,15308000
43,26467197;12,15308000
43,27491197;12,15308000
43,28515197;12,15308000
43,29539197;12,15308000
43,30563197;12,15308000
43,31587197;12,15308000
43,32611197;12,15308000
43,33635197;12,15308000
43,34659197;12,15308000
43,35683197;12,15308000
43,36707197;12,15308000
43,37731197;12,15308000
43,38755197;12,15308000
43,39779197;12,15308000
43,40803197;12,15308000
43,41827197;12,15308000
43,42851197;12,15308000
43,43875197;12,15308000
43,44899197;12,15308000
43,45923197;12,15308000
43,46947197;12,15308000
43,47971197;12,15308000
43,48995197;12,15308000
43,50019197;12,15308000
43,51043197;12,15308000
43,52067197;12,15308000
43,53091197;12,15308000
43,54115197;12,15308000
43,55139197;12,15308000
43,56163197;12,15308000
43,57187197;12,15308000
43,58211197;12,15308000
43,59235197;12,15308000
43,60259197;12,15308000
43,61283197;12,15308000
43,62307197;12,15308000
43,63331197;12,15308000
43,64355197;12,15308000
43,65379197;12,15308000
43,66403197;12,15308000
43,67427197;12,15308000
43,68451197;12,15308000
43,69475197;12,15308000
43,70499197;12,15308000
43,71523197;12,15308000
43,72547197;12,15308000
43,73571197;12,15308000
43,74595197;12,15308000
43,75619197;12,15308000
43,76643197;12,15308000
43,77667197;12,15308000
43,78691197;12,15308000
43,79715197;12,15308000
43,80739197;12,15308000
43,81763197;12,15308000
43,82787197;12,15308000
43,83811197;12,15308000
43,84835197;12,15308000
43,85859197;12,15308000
43,86883197;12,15308000
43,87907197;12,15308000
43,88931197;12,15308000
43,89955197;12,15308000
43,90979197;12,15308000
43,92003197;12,15308000
43,93027197;12,15308000
43,94051197;12,15308000
43,95075197;12,15308000
43,96099197;12,15308000
43,97123197;12,15308000
43,98147197;12,15308000
43,99171197;12,15308000
44,00195197;12,15308000
44,01219197;12,15308000
44,02243197;12,15308000
44,03267197;12,15308000
44,04291197;12,33314000
44,05315197;12,15308000
44,06339197;12,15308000
44,07363197;12,15308000
44,08387197;12,15308000
44,09411197;12,33314000
44,10435197;12,15308000
44,11459197;12,15308000
44,12483197;12,15308000
44,13507197;12,15308000
44,14531197;12,15308000
44,15555197;12,15308000
44,16579197;12,15308000
44,17603197;12,15308000
44,18627197;12,15308000
44,19651197;12,15308000
44,20675197;12,33314000
44,21699197;12,33314000
44,22723197;12,15308000
44,23747197;12,15308000
44,24771197;12,15308000
44,25795197;12,33314000
44,26819197;12,33314000
44,27843197;12,15308000
44,28867197;12,15308000
44,29891197;12,15308000
44,30915197;12,33314000
44,31939197;12,33314000
44,32963197;12,15308000
44,33987197;12,15308000
44,35011197;12,15308000
44,36035197;12,15308000
44,37059197;12,15308000
44,38083197;12,15308000
44,39107197;12,15308000
44,40131196;12,15308000
44,41155196;12,15308000
44,42179196;12,15308000
44,43203196;12,15308000
44,44227196;12,15308000
44,45251196;12,15308000
44,46275196;12,15308000
44,47299196;12,15308000
44,48323196;12,15308000
44,49347196;12,15308000
44,50371196;12,15308000
44,51395196;12,15308000
44,52419196;12,15308000
44,53443196;12,15308000
44,54467196;12,15308000
44,55491196;12,15308000
44,56515196;12,15308000
44,57539196;12,15308000
44,58563196;11,97363000
44,59587196;12,15308000
44,60611196;12,15308000
44,61635196;12,15308000
44,62659196;12,15308000
44,63683196;12,15308000
44,64707196;11,97363000
44,65731196;11,97363000
44,66755196;11,97363000
44,67779196;11,97363000
44,68803196;11,79418000
44,69827196;11,97363000
44,70851196;12,15308000
44,71875196;11,97363000
44,72899196;11,79418000
44,73923196;11,79418000
44,74947196;11,79418000
44,75971196;11,79418000
44,76995196;11,79418000
44,78019196;11,79418000
44,79043196;11,79418000
44,80067196;11,79418000
44,81091196;11,97363000
44,82115196;11,79418000
44,83139196;11,79418000
44,84163196;11,79418000
44,85187196;11,79418000
44,86211196;11,79418000
44,87235196;11,79418000
44,88259196;11,61473000
44,89283196;11,61473000
44,90307196;11,79418000
44,91331196;11,79418000
44,92355196;11,61473000
44,93379196;11,43529000
44,94403196;11,43529000
44,95427196;11,43529000
44,96451196;11,61473000
44,97475196;11,43529000
44,98499196;11,43529000
44,99523196;11,43529000
45,00547196;11,61473000
45,01571196;11,43529000
45,02595196;11,61473000
45,03619196;11,43529000
45,04643196;11,43529000
45,05667196;11,43529000
45,06691196;11,43529000
45,07715196;11,43529000
45,08739196;11,43529000
45,09763196;11,43529000
45,10787196;11,61473000
45,11811196;11,61473000
45,12835196;11,43529000
45,13859196;11,43529000
45,14883196;11,43529000
45,15907196;11,43529000
45,16931196;11,43529000
45,17955196;11,43529000
45,18979196;11,43529000
45,20003196;11,43529000
45,21027196;11,43529000
45,22051196;11,43529000
45,23075196;11,43529000
45,24099196;11,43529000
45,25123196;11,25523000
45,26147196;11,43529000
45,27171196;11,43529000
45,28195196;11,43529000
45,29219196;11,43529000
45,30243196;11,43529000
45,31267196;11,43529000
45,32291196;11,43529000
45,33315196;11,25523000
45,34339196;11,07578000
45,35363196;11,07578000
45,36387196;11,07578000
45,37411196;11,07578000
45,38435196;11,07578000
45,39459196;11,07578000
45,40483196;11,25523000
45,41507196;11,07578000
45,42531196;11,07578000
45,43555196;11,07578000
45,44579196;10,89633000
45,45603196;10,71688000
45,46627196;10,71688000
45,47651196;10,71688000
45,48675196;10,71688000
45,49699196;10,89633000
45,50723196;10,89633000
45,51747196;10,71688000
45,52771196;10,71688000
45,53795196;10,71688000
45,54819196;10,35737000
45,55843196;10,53682000
45,56867196;10,35737000
45,57891196;10,53682000
45,58915196;10,53682000
45,59939196;10,71688000
45,60963196;10,53682000
45,61987196;10,35737000
45,63011196;10,35737000
45,64035196;10,35737000
45,65059196;10,17792000
45,66083196;10,17792000
45,67107196;10,17792000
45,68131196;10,35737000
45,69155196;10,17792000
45,70179196;10,35737000
45,71203196;10,35737000
45,72227196;9,99847400
45,73251196;9,99847400
45,74275196;9,99847400
45,75299196;9,81902500
45,76323196;9,81902500
45,77347196;9,99847400
45,78371196;9,81902500
45,79395196;9,81902500
45,80419196;9,99847400
45,81443196;9,99847400
45,82467196;9,99847400
45,83491196;9,63896600
45,84515196;9,63896600
45,85539196;9,63896600
45,86563196;9,63896600
45,87587196;9,45951700
45,88611196;9,63896600
45,89635196;9,63896600
45,90659196;9,63896600
45,91683196;9,63896600
45,92707196;9,63896600
45,93731196;9,28006800
45,94755196;9,10061900
45,95779196;9,28006800
45,96803196;9,28006800
45,97827196;9,28006800
45,98851196;9,28006800
45,99875196;9,28006800
46,00899196;9,28006800
46,01923196;9,28006800
46,02947196;9,28006800
46,03971196;9,10061900
46,04995195;8,92117000
46,06019195;8,92117000
46,07043195;8,92117000
46,08067195;8,92117000
46,09091195;8,92117000
46,10115195;8,92117000
46,11139195;8,92117000
46,12163195;8,92117000
46,13187195;8,92117000
46,14211195;8,74111200
46,15235195;8,56166300
46,16259195;8,56166300
46,17283195;8,56166300
46,18307195;8,56166300
46,19331195;8,56166300
46,20355195;8,56166300
46,21379195;8,56166300
46,22403195;8,56166300
46,23427195;8,38221400
46,24451195;8,20276500
46,25475195;8,20276500
46,26499195;8,20276500
46,27523195;8,20276500
46,28547195;8,20276500
46,29571195;8,20276500
46,30595195;8,20276500
46,31619195;8,20276500
46,32643195;8,02331600
46,33667195;7,84325700
46,34691195;7,84325700
46,35715195;7,66380800
46,36739195;7,66380800
46,37763195;7,84325700
46,38787195;7,66380800
46,39811195;7,48435900
46,40835195;7,66380800
46,41859195;7,66380800
46,42883195;7,48435900
46,43907195;7,48435900
46,44931195;7,12546200
46,45955195;7,12546200
46,46979195;7,12546200
46,48003195;7,12546200
46,49027195;7,12546200
46,50051195;7,12546200
46,51075195;7,12546200
46,52099195;7,12546200
46,53123195;7,12546200
46,54147195;6,94540200
46,55171195;6,76595400
46,56195195;6,76595400
46,57219195;6,76595400
46,58243195;6,76595400
46,59267195;6,76595400
46,60291195;6,76595400
46,61315195;6,76595400
46,62339195;6,76595400
46,63363195;6,58650500
46,64387195;6,40705600
46,65411195;6,22760700
46,66435195;6,22760700
46,67459195;6,22760700
46,68483195;6,40705600
46,69507195;6,40705600
46,70531195;6,40705600
46,71555195;6,22760700
46,72579195;6,04754800
46,73603195;6,04754800
46,74627195;6,04754800
46,75651195;5,68865000
46,76675195;5,68865000
46,77699195;5,68865000
46,78723195;5,68865000
46,79747195;5,68865000
46,80771195;5,68865000
46,81795195;5,68865000
46,82819195;5,50920200
46,83843195;5,32975200
46,84867195;5,32975200
46,85891195;5,14969300
46,86915195;5,14969300
46,87939195;5,14969300
46,88963195;5,14969300
46,89987195;5,14969300
46,91011195;5,14969300
46,92035195;4,97024400
46,93059195;4,79079600
46,94083195;4,79079600
46,95107195;4,61134700
46,96131195;4,61134700
46,97155195;4,61134700
46,98179195;4,61134700
46,99203195;4,61134700
47,00227195;4,43189800
47,01251195;4,25183900
47,02275195;4,25183900
47,03299195;4,25183900
47,04323195;4,25183900
47,05347195;4,07239000
47,06371195;4,07239000
47,07395195;3,89294100
47,08419195;3,89294100
47,09443195;3,89294100
47,10467195;3,71349200
47,11491195;3,71349200
47,12515195;3,53404300
47,13539195;3,53404300
47,14563195;3,53404300
47,15587195;3,35398400
47,16611195;3,17453500
47,17635195;3,17453500
47,18659195;3,35398400
47,19683195;3,17453500
47,20707195;3,17453500
47,21731195;3,17453500
47,22755195;3,17453500
47,23779195;3,17453500
47,24803195;2,99508600
47,25827195;2,81563800
47,26851195;2,81563800
47,27875195;2,81563800
47,28899195;2,81563800
47,29923195;2,81563800
47,30947195;2,81563800
47,31971195;2,81563800
47,32995195;2,81563800
47,34019195;2,63618900
47,35043195;2,45613000
47,36067195;2,27668100
47,37091195;2,09723200
47,38115195;2,27668100
47,39139195;2,27668100
47,40163195;2,09723200
47,41187195;2,27668100
47,42211195;2,09723200
47,43235195;2,09723200
47,44259195;1,91778300
47,45283195;1,73833400
47,46307195;1,55827500
47,47331195;1,55827500
47,48355195;1,55827500
47,49379195;1,37882600
47,50403195;1,55827500
47,51427195;1,37882600
47,52451195;1,37882600
47,53475195;1,37882600
47,54499195;1,01992900
47,55523195;1,01992900
47,56547195;0,84047970
47,57571195;0,84047970
47,58595195;1,01992900
47,59619195;1,01992900
47,60643195;1,01992900
47,61667195;0,84047970
47,62691195;1,01992900
47,63715195;0,66042050
47,64739195;0,66042050
47,65763195;0,48097170
47,66787195;0,30152290
47,67811195;0,30152290
47,68835194;0,30152290
47,69859194;0,48097170
47,70883194;0,48097170
47,71907194;0,48097170
47,72931194;0,30152290
47,73955194;0,30152290
47,74979194;0,12207400
47,76003194;-0,05737480
47,77027194;-0,05737480
47,78051194;-0,05737480
47,79075194;-0,05737480
47,80099194;-0,05737480
47,81123194;-0,05737480
47,82147194;-0,05737480
47,83171194;-0,23682360
47,84195194;-0,41627250
47,85219194;-0,59572130
47,86243194;-0,77517010
47,87267194;-0,77517010
47,88291194;-0,77517010
47,89315194;-0,77517010
47,90339194;-0,77517010
47,91363194;-0,77517010
47,92387194;-0,77517010
47,93411194;-0,95522930
47,94435194;-1,13467800
47,95459194;-1,49357600
47,96483194;-1,49357600
47,97507194;-1,49357600
47,98531194;-1,49357600
47,99555194;-1,49357600
48,00579194;-1,49357600
48,01603194;-1,49357600
48,02627194;-1,49357600
48,03651194;-1,49357600
48,04675194;-1,85308400
48,05699194;-2,03253300
48,06723194;-2,21198200
48,07747194;-2,03253300
48,08771194;-2,21198200
48,09795194;-2,21198200
48,10819194;-2,03253300
48,11843194;-2,21198200
48,12867194;-2,21198200
48,13891194;-2,21198200
48,14915194;-2,57087900
48,15939194;-2,57087900
48,16963194;-2,57087900
48,17987194;-2,57087900
48,19011194;-2,57087900
48,20035194;-2,57087900
48,21059194;-2,57087900
48,22083194;-2,93038700
48,23107194;-2,93038700
48,24131194;-2,93038700
48,25155194;-3,10983600
48,26179194;-3,28928500
48,27203194;-3,28928500
48,28227194;-3,28928500
48,29251194;-3,28928500
48,30275194;-3,28928500
48,31299194;-3,28928500
48,32323194;-3,28928500
48,33347194;-3,28928500
48,34371194;-3,46873400
48,35395194;-3,64879300
48,36419194;-3,64879300
48,37443194;-3,64879300
48,38467194;-3,64879300
48,39491194;-3,64879300
48,40515194;-3,64879300
48,41539194;-3,64879300
48,42563194;-3,64879300
48,43587194;-3,82824200
48,44611194;-4,00769000
48,45635194;-4,00769000
48,46659194;-4,00769000
48,47683194;-4,18714000
48,48707194;-4,00769000
48,49731194;-4,00769000
48,50755194;-4,00769000
48,51779194;-4,18714000
48,52803194;-4,18714000
48,53827194;-4,36658800
48,54851194;-4,36658800
48,55875194;-4,72609600
48,56899194;-4,72609600
48,57923194;-4,54664800
48,58947194;-4,72609600
48,59971194;-4,72609600
48,60995194;-4,54664800
48,62019194;-4,72609600
48,63043194;-4,72609600
48,64067194;-4,90554500
48,65091194;-5,08499400
48,66115194;-5,08499400
48,67139194;-5,08499400
48,68163194;-5,26444300
48,69187194;-5,08499400
48,70211194;-5,08499400
48,71235194;-5,08499400
48,72259194;-5,08499400
48,73283194;-5,26444300
48,74307194;-5,44450200
48,75331194;-5,44450200
48,76355194;-5,80340000
48,77379194;-5,62395100
48,78403194;-5,62395100
48,79427194;-5,62395100
48,80451194;-5,62395100
48,81475194;-5,80340000
48,82499194;-5,62395100
48,83523194;-5,80340000
48,84547194;-5,80340000
48,85571194;-5,80340000
48,86595194;-5,80340000
48,87619194;-5,98284900
48,88643194;-5,80340000
48,89667194;-5,80340000
48,90691194;-5,80340000
48,91715194;-5,98284900
48,92739194;-5,80340000
48,93763194;-5,80340000
48,94787194;-5,98284900
48,95811194;-5,80340000
48,96835194;-5,80340000
48,97859194;-5,80340000
48,98883194;-5,80340000
48,99907194;-5,80340000
49,00931194;-5,80340000
49,01955194;-5,80340000
49,02979194;-5,80340000
49,04003194;-5,80340000
49,05027194;-5,80340000
49,06051194;-5,80340000
49,07075194;-5,80340000
49,08099194;-5,80340000
49,09123194;-5,80340000
49,10147194;-5,80340000
49,11171194;-5,80340000
49,12195194;-5,80340000
49,13219194;-5,80340000
49,14243194;-5,80340000
49,15267194;-5,80340000
49,16291194;-5,80340000
49,17315194;-5,80340000
49,18339194;-5,80340000
49,19363194;-5,80340000
49,20387194;-5,98284900
49,21411194;-5,80340000
49,22435194;-5,80340000
49,23459194;-5,80340000
49,24483194;-5,80340000
49,25507194;-5,80340000
49,26531194;-5,80340000
49,27555194;-5,80340000
49,28579194;-5,80340000
49,29603194;-5,80340000
49,30627194;-5,80340000
49,31651194;-5,80340000
49,32675194;-5,80340000
49,33699193;-5,80340000
49,34723193;-5,80340000
49,35747193;-5,80340000
49,36771193;-5,80340000
49,37795193;-5,80340000
49,38819193;-5,80340000
49,39843193;-5,80340000
49,40867193;-5,80340000
49,41891193;-5,80340000
49,42915193;-5,80340000
49,43939193;-5,80340000
49,44963193;-5,80340000
49,45987193;-5,80340000
49,47011193;-5,80340000
49,48035193;-5,80340000
49,49059193;-5,80340000
49,50083193;-5,80340000
49,51107193;-5,80340000
49,52131193;-5,80340000
49,53155193;-5,80340000
49,54179193;-5,80340000
49,55203193;-5,80340000
49,56227193;-5,80340000
49,57251193;-5,80340000
49,58275193;-5,80340000
49,59299193;-5,80340000
49,60323193;-5,80340000
49,61347193;-5,80340000
49,62371193;-5,80340000
49,63395193;-5,80340000
49,64419193;-5,80340000
49,65443193;-5,80340000
49,66467193;-5,80340000
49,67491193;-5,80340000
49,68515193;-5,80340000
49,69539193;-5,80340000
49,70563193;-5,80340000
49,71587193;-5,80340000
49,72611193;-5,80340000
49,73635193;-5,80340000
49,74659193;-5,80340000
49,75683193;-5,80340000
49,76707193;-5,80340000
49,77731193;-5,80340000
49,78755193;-5,80340000
49,79779193;-5,80340000
49,80803193;-5,80340000
49,81827193;-5,80340000
49,82851193;-5,80340000
49,83875193;-5,80340000
49,84899193;-5,80340000
49,85923193;-5,80340000
49,86947193;-5,80340000
49,87971193;-5,80340000
49,88995193;-5,80340000
49,90019193;-5,80340000
49,91043193;-5,80340000
49,92067193;-5,80340000
49,93091193;-5,80340000
49,94115193;-5,80340000
49,95139193;-5,80340000
49,96163193;-5,80340000
49,97187193;-5,80340000
49,98211193;-5,80340000
49,99235193;-5,80340000
50,00259193;-5,80340000
