Tiempo;Canal A
(ms);(V)

-50,02726614;-5,80340000
-50,01702614;-5,80340000
-50,00678614;-5,80340000
-49,99654614;-5,80340000
-49,98630615;-5,80340000
-49,97606615;-5,98284900
-49,96582615;-5,80340000
-49,95558615;-5,80340000
-49,94534615;-5,80340000
-49,93510615;-5,80340000
-49,92486615;-5,80340000
-49,91462615;-5,80340000
-49,90438615;-5,80340000
-49,89414615;-5,80340000
-49,88390615;-5,80340000
-49,87366615;-5,80340000
-49,86342615;-5,80340000
-49,85318615;-5,80340000
-49,84294615;-5,80340000
-49,83270615;-5,80340000
-49,82246615;-5,80340000
-49,81222615;-5,80340000
-49,80198615;-5,80340000
-49,79174615;-5,80340000
-49,78150615;-5,80340000
-49,77126615;-5,80340000
-49,76102615;-5,80340000
-49,75078615;-5,80340000
-49,74054615;-5,80340000
-49,73030615;-5,80340000
-49,72006615;-5,80340000
-49,70982615;-5,80340000
-49,69958615;-5,80340000
-49,68934615;-5,80340000
-49,67910615;-5,80340000
-49,66886615;-5,80340000
-49,65862615;-5,80340000
-49,64838615;-5,80340000
-49,63814615;-5,80340000
-49,62790615;-5,80340000
-49,61766615;-5,80340000
-49,60742615;-5,80340000
-49,59718615;-5,80340000
-49,58694615;-5,80340000
-49,57670615;-5,80340000
-49,56646615;-5,80340000
-49,55622615;-5,80340000
-49,54598615;-5,80340000
-49,53574615;-5,80340000
-49,52550615;-5,80340000
-49,51526615;-5,80340000
-49,50502615;-5,80340000
-49,49478615;-5,80340000
-49,48454615;-5,80340000
-49,47430615;-5,80340000
-49,46406615;-5,80340000
-49,45382615;-5,80340000
-49,44358615;-5,80340000
-49,43334615;-5,80340000
-49,42310615;-5,80340000
-49,41286615;-5,80340000
-49,40262615;-5,80340000
-49,39238615;-5,80340000
-49,38214615;-5,80340000
-49,37190615;-5,80340000
-49,36166615;-5,80340000
-49,35142615;-5,80340000
-49,34118615;-5,80340000
-49,33094615;-5,80340000
-49,32070615;-5,80340000
-49,31046615;-5,80340000
-49,30022615;-5,80340000
-49,28998615;-5,80340000
-49,27974615;-5,80340000
-49,26950615;-5,80340000
-49,25926615;-5,80340000
-49,24902615;-5,80340000
-49,23878615;-5,80340000
-49,22854615;-5,80340000
-49,21830615;-5,80340000
-49,20806615;-5,80340000
-49,19782615;-5,80340000
-49,18758615;-5,80340000
-49,17734615;-5,80340000
-49,16710615;-5,80340000
-49,15686615;-5,80340000
-49,14662615;-5,80340000
-49,13638615;-5,80340000
-49,12614615;-5,80340000
-49,11590615;-5,80340000
-49,10566615;-5,80340000
-49,09542615;-5,80340000
-49,08518615;-5,80340000
-49,07494615;-5,80340000
-49,06470615;-5,80340000
-49,05446615;-5,80340000
-49,04422615;-5,80340000
-49,03398615;-5,80340000
-49,02374615;-5,80340000
-49,01350615;-5,80340000
-49,00326615;-5,80340000
-48,99302615;-5,80340000
-48,98278615;-5,80340000
-48,97254615;-5,80340000
-48,96230615;-5,80340000
-48,95206615;-5,80340000
-48,94182615;-5,80340000
-48,93158615;-5,80340000
-48,92134615;-5,80340000
-48,91110615;-5,80340000
-48,90086615;-5,80340000
-48,89062615;-5,80340000
-48,88038615;-5,80340000
-48,87014615;-5,80340000
-48,85990615;-5,80340000
-48,84966615;-5,80340000
-48,83942615;-5,80340000
-48,82918615;-5,80340000
-48,81894615;-5,80340000
-48,80870615;-5,80340000
-48,79846615;-5,80340000
-48,78822615;-5,80340000
-48,77798615;-5,80340000
-48,76774615;-5,80340000
-48,75750615;-5,80340000
-48,74726615;-5,80340000
-48,73702615;-5,80340000
-48,72678615;-5,80340000
-48,71654615;-5,80340000
-48,70630615;-5,80340000
-48,69606615;-5,80340000
-48,68582615;-5,80340000
-48,67558615;-5,80340000
-48,66534615;-5,80340000
-48,65510615;-5,80340000
-48,64486615;-5,80340000
-48,63462615;-5,80340000
-48,62438615;-5,80340000
-48,61414615;-5,80340000
-48,60390615;-5,80340000
-48,59366615;-5,80340000
-48,58342615;-5,80340000
-48,57318615;-5,80340000
-48,56294615;-5,80340000
-48,55270615;-5,80340000
-48,54246615;-5,80340000
-48,53222615;-5,80340000
-48,52198615;-5,80340000
-48,51174615;-5,80340000
-48,50150615;-5,80340000
-48,49126615;-5,80340000
-48,48102615;-5,80340000
-48,47078615;-5,80340000
-48,46054615;-5,80340000
-48,45030615;-5,80340000
-48,44006615;-5,80340000
-48,42982615;-5,80340000
-48,41958615;-5,80340000
-48,40934615;-5,80340000
-48,39910615;-5,80340000
-48,38886615;-5,80340000
-48,37862615;-5,80340000
-48,36838615;-5,80340000
-48,35814615;-5,80340000
-48,34790615;-5,80340000
-48,33766616;-5,80340000
-48,32742616;-5,80340000
-48,31718616;-5,80340000
-48,30694616;-5,80340000
-48,29670616;-5,62395100
-48,28646616;-5,80340000
-48,27622616;-5,80340000
-48,26598616;-5,80340000
-48,25574616;-5,80340000
-48,24550616;-5,80340000
-48,23526616;-5,80340000
-48,22502616;-5,80340000
-48,21478616;-5,80340000
-48,20454616;-5,80340000
-48,19430616;-5,80340000
-48,18406616;-5,80340000
-48,17382616;-5,80340000
-48,16358616;-5,80340000
-48,15334616;-5,80340000
-48,14310616;-5,80340000
-48,13286616;-5,80340000
-48,12262616;-5,80340000
-48,11238616;-5,80340000
-48,10214616;-5,80340000
-48,09190616;-5,80340000
-48,08166616;-5,80340000
-48,07142616;-5,80340000
-48,06118616;-5,80340000
-48,05094616;-5,80340000
-48,04070616;-5,80340000
-48,03046616;-5,80340000
-48,02022616;-5,80340000
-48,00998616;-5,80340000
-47,99974616;-5,80340000
-47,98950616;-5,80340000
-47,97926616;-5,80340000
-47,96902616;-5,80340000
-47,95878616;-5,80340000
-47,94854616;-5,80340000
-47,93830616;-5,80340000
-47,92806616;-5,80340000
-47,91782616;-5,80340000
-47,90758616;-5,80340000
-47,89734616;-5,80340000
-47,88710616;-5,80340000
-47,87686616;-5,80340000
-47,86662616;-5,80340000
-47,85638616;-5,80340000
-47,84614616;-5,80340000
-47,83590616;-5,80340000
-47,82566616;-5,80340000
-47,81542616;-5,80340000
-47,80518616;-5,80340000
-47,79494616;-5,80340000
-47,78470616;-5,80340000
-47,77446616;-5,80340000
-47,76422616;-5,80340000
-47,75398616;-5,80340000
-47,74374616;-5,80340000
-47,73350616;-5,80340000
-47,72326616;-5,80340000
-47,71302616;-5,80340000
-47,70278616;-5,80340000
-47,69254616;-5,80340000
-47,68230616;-5,80340000
-47,67206616;-5,80340000
-47,66182616;-5,80340000
-47,65158616;-5,80340000
-47,64134616;-5,80340000
-47,63110616;-5,80340000
-47,62086616;-5,80340000
-47,61062616;-5,80340000
-47,60038616;-5,80340000
-47,59014616;-5,80340000
-47,57990616;-5,80340000
-47,56966616;-5,62395100
-47,55942616;-5,80340000
-47,54918616;-5,80340000
-47,53894616;-5,80340000
-47,52870616;-5,80340000
-47,51846616;-5,62395100
-47,50822616;-5,80340000
-47,49798616;-5,80340000
-47,48774616;-5,80340000
-47,47750616;-5,80340000
-47,46726616;-5,80340000
-47,45702616;-5,80340000
-47,44678616;-5,80340000
-47,43654616;-5,80340000
-47,42630616;-5,80340000
-47,41606616;-5,80340000
-47,40582616;-5,80340000
-47,39558616;-5,62395100
-47,38534616;-5,62395100
-47,37510616;-5,80340000
-47,36486616;-5,80340000
-47,35462616;-5,80340000
-47,34438616;-5,80340000
-47,33414616;-5,80340000
-47,32390616;-5,80340000
-47,31366616;-5,80340000
-47,30342616;-5,80340000
-47,29318616;-5,80340000
-47,28294616;-5,80340000
-47,27270616;-5,80340000
-47,26246616;-5,62395100
-47,25222616;-5,80340000
-47,24198616;-5,80340000
-47,23174616;-5,80340000
-47,22150616;-5,80340000
-47,21126616;-5,80340000
-47,20102616;-5,80340000
-47,19078616;-5,80340000
-47,18054616;-5,80340000
-47,17030616;-5,62395100
-47,16006616;-5,80340000
-47,14982616;-5,80340000
-47,13958616;-5,80340000
-47,12934616;-5,80340000
-47,11910616;-5,80340000
-47,10886616;-5,62395100
-47,09862616;-5,80340000
-47,08838616;-5,80340000
-47,07814616;-5,62395100
-47,06790616;-5,80340000
-47,05766616;-5,62395100
-47,04742616;-5,80340000
-47,03718616;-5,80340000
-47,02694616;-5,80340000
-47,01670616;-5,80340000
-47,00646616;-5,80340000
-46,99622616;-5,80340000
-46,98598616;-5,80340000
-46,97574616;-5,62395100
-46,96550616;-5,62395100
-46,95526616;-5,80340000
-46,94502616;-5,80340000
-46,93478616;-5,80340000
-46,92454616;-5,62395100
-46,91430616;-5,62395100
-46,90406616;-5,62395100
-46,89382616;-5,80340000
-46,88358616;-5,62395100
-46,87334616;-5,80340000
-46,86310616;-5,62395100
-46,85286616;-5,62395100
-46,84262616;-5,80340000
-46,83238616;-5,62395100
-46,82214616;-5,44450200
-46,81190616;-5,62395100
-46,80166616;-5,62395100
-46,79142616;-5,62395100
-46,78118616;-5,80340000
-46,77094616;-5,62395100
-46,76070616;-5,80340000
-46,75046616;-5,80340000
-46,74022616;-5,80340000
-46,72998616;-5,62395100
-46,71974616;-5,62395100
-46,70950616;-5,80340000
-46,69926616;-5,62395100
-46,68902617;-5,62395100
-46,67878617;-5,62395100
-46,66854617;-5,80340000
-46,65830617;-5,62395100
-46,64806617;-5,62395100
-46,63782617;-5,62395100
-46,62758617;-5,62395100
-46,61734617;-5,80340000
-46,60710617;-5,80340000
-46,59686617;-5,80340000
-46,58662617;-5,80340000
-46,57638617;-5,80340000
-46,56614617;-5,80340000
-46,55590617;-5,80340000
-46,54566617;-5,44450200
-46,53542617;-5,62395100
-46,52518617;-5,62395100
-46,51494617;-5,62395100
-46,50470617;-5,80340000
-46,49446617;-5,80340000
-46,48422617;-5,62395100
-46,47398617;-5,62395100
-46,46374617;-5,62395100
-46,45350617;-5,62395100
-46,44326617;-5,62395100
-46,43302617;-5,44450200
-46,42278617;-5,62395100
-46,41254617;-5,80340000
-46,40230617;-5,62395100
-46,39206617;-5,62395100
-46,38182617;-5,80340000
-46,37158617;-5,62395100
-46,36134617;-5,80340000
-46,35110617;-5,80340000
-46,34086617;-5,62395100
-46,33062617;-5,80340000
-46,32038617;-5,80340000
-46,31014617;-5,80340000
-46,29990617;-5,80340000
-46,28966617;-5,80340000
-46,27942617;-5,62395100
-46,26918617;-5,62395100
-46,25894617;-5,62395100
-46,24870617;-5,62395100
-46,23846617;-5,80340000
-46,22822617;-5,62395100
-46,21798617;-5,62395100
-46,20774617;-5,80340000
-46,19750617;-5,62395100
-46,18726617;-5,62395100
-46,17702617;-5,62395100
-46,16678617;-5,62395100
-46,15654617;-5,44450200
-46,14630617;-5,62395100
-46,13606617;-5,62395100
-46,12582617;-5,62395100
-46,11558617;-5,80340000
-46,10534617;-5,62395100
-46,09510617;-5,62395100
-46,08486617;-5,62395100
-46,07462617;-5,62395100
-46,06438617;-5,44450200
-46,05414617;-5,44450200
-46,04390617;-5,44450200
-46,03366617;-5,62395100
-46,02342617;-5,62395100
-46,01318617;-5,62395100
-46,00294617;-5,62395100
-45,99270617;-5,80340000
-45,98246617;-5,62395100
-45,97222617;-5,44450200
-45,96198617;-5,62395100
-45,95174617;-5,44450200
-45,94150617;-5,44450200
-45,93126617;-5,62395100
-45,92102617;-5,44450200
-45,91078617;-5,62395100
-45,90054617;-5,62395100
-45,89030617;-5,62395100
-45,88006617;-5,44450200
-45,86982617;-5,62395100
-45,85958617;-5,44450200
-45,84934617;-5,62395100
-45,83910617;-5,62395100
-45,82886617;-5,80340000
-45,81862617;-5,62395100
-45,80838617;-5,62395100
-45,79814617;-5,62395100
-45,78790617;-5,62395100
-45,77766617;-5,44450200
-45,76742617;-5,44450200
-45,75718617;-5,44450200
-45,74694617;-5,44450200
-45,73670617;-5,62395100
-45,72646617;-5,44450200
-45,71622617;-5,62395100
-45,70598617;-5,62395100
-45,69574617;-5,44450200
-45,68550617;-5,62395100
-45,67526617;-5,44450200
-45,66502617;-5,62395100
-45,65478617;-5,62395100
-45,64454617;-5,44450200
-45,63430617;-5,62395100
-45,62406617;-5,62395100
-45,61382617;-5,44450200
-45,60358617;-5,62395100
-45,59334617;-5,44450200
-45,58310617;-5,44450200
-45,57286617;-5,62395100
-45,56262617;-5,44450200
-45,55238617;-5,62395100
-45,54214617;-5,44450200
-45,53190617;-5,44450200
-45,52166617;-5,62395100
-45,51142617;-5,44450200
-45,50118617;-5,44450200
-45,49094617;-5,44450200
-45,48070617;-5,62395100
-45,47046617;-5,44450200
-45,46022617;-5,62395100
-45,44998617;-5,44450200
-45,43974617;-5,44450200
-45,42950617;-5,44450200
-45,41926617;-5,44450200
-45,40902617;-5,62395100
-45,39878617;-5,62395100
-45,38854617;-5,44450200
-45,37830617;-5,62395100
-45,36806617;-5,44450200
-45,35782617;-5,44450200
-45,34758617;-5,62395100
-45,33734617;-5,62395100
-45,32710617;-5,44450200
-45,31686617;-5,44450200
-45,30662617;-5,44450200
-45,29638617;-5,44450200
-45,28614617;-5,44450200
-45,27590617;-5,44450200
-45,26566617;-5,44450200
-45,25542617;-5,44450200
-45,24518617;-5,62395100
-45,23494617;-5,44450200
-45,22470617;-5,44450200
-45,21446617;-5,44450200
-45,20422617;-5,44450200
-45,19398617;-5,44450200
-45,18374617;-5,44450200
-45,17350617;-5,44450200
-45,16326617;-5,44450200
-45,15302617;-5,44450200
-45,14278617;-5,62395100
-45,13254617;-5,44450200
-45,12230617;-5,44450200
-45,11206617;-5,44450200
-45,10182617;-5,44450200
-45,09158617;-5,44450200
-45,08134617;-5,62395100
-45,07110617;-5,44450200
-45,06086617;-5,44450200
-45,05062617;-5,44450200
-45,04038618;-5,44450200
-45,03014618;-5,44450200
-45,01990618;-5,44450200
-45,00966618;-5,44450200
-44,99942618;-5,44450200
-44,98918618;-5,62395100
-44,97894618;-5,44450200
-44,96870618;-5,44450200
-44,95846618;-5,44450200
-44,94822618;-5,44450200
-44,93798618;-5,44450200
-44,92774618;-5,44450200
-44,91750618;-5,44450200
-44,90726618;-5,44450200
-44,89702618;-5,44450200
-44,88678618;-5,44450200
-44,87654618;-5,44450200
-44,86630618;-5,44450200
-44,85606618;-5,44450200
-44,84582618;-5,44450200
-44,83558618;-5,44450200
-44,82534618;-5,44450200
-44,81510618;-5,44450200
-44,80486618;-5,44450200
-44,79462618;-5,44450200
-44,78438618;-5,44450200
-44,77414618;-5,44450200
-44,76390618;-5,44450200
-44,75366618;-5,62395100
-44,74342618;-5,44450200
-44,73318618;-5,44450200
-44,72294618;-5,44450200
-44,71270618;-5,44450200
-44,70246618;-5,44450200
-44,69222618;-5,44450200
-44,68198618;-5,44450200
-44,67174618;-5,44450200
-44,66150618;-5,44450200
-44,65126618;-5,44450200
-44,64102618;-5,44450200
-44,63078618;-5,44450200
-44,62054618;-5,44450200
-44,61030618;-5,44450200
-44,60006618;-5,44450200
-44,58982618;-5,44450200
-44,57958618;-5,44450200
-44,56934618;-5,44450200
-44,55910618;-5,44450200
-44,54886618;-5,44450200
-44,53862618;-5,44450200
-44,52838618;-5,44450200
-44,51814618;-5,44450200
-44,50790618;-5,44450200
-44,49766618;-5,44450200
-44,48742618;-5,44450200
-44,47718618;-5,44450200
-44,46694618;-5,44450200
-44,45670618;-5,44450200
-44,44646618;-5,44450200
-44,43622618;-5,44450200
-44,42598618;-5,44450200
-44,41574618;-5,44450200
-44,40550618;-5,44450200
-44,39526618;-5,44450200
-44,38502618;-5,44450200
-44,37478618;-5,44450200
-44,36454618;-5,44450200
-44,35430618;-5,44450200
-44,34406618;-5,44450200
-44,33382618;-5,44450200
-44,32358618;-5,44450200
-44,31334618;-5,44450200
-44,30310618;-5,44450200
-44,29286618;-5,44450200
-44,28262618;-5,44450200
-44,27238618;-5,44450200
-44,26214618;-5,44450200
-44,25190618;-5,44450200
-44,24166618;-5,44450200
-44,23142618;-5,44450200
-44,22118618;-5,44450200
-44,21094618;-5,44450200
-44,20070618;-5,44450200
-44,19046618;-5,44450200
-44,18022618;-5,44450200
-44,16998618;-5,44450200
-44,15974618;-5,44450200
-44,14950618;-5,44450200
-44,13926618;-5,44450200
-44,12902618;-5,44450200
-44,11878618;-5,44450200
-44,10854618;-5,44450200
-44,09830618;-5,44450200
-44,08806618;-5,44450200
-44,07782618;-5,44450200
-44,06758618;-5,44450200
-44,05734618;-5,44450200
-44,04710618;-5,44450200
-44,03686618;-5,44450200
-44,02662618;-5,44450200
-44,01638618;-5,44450200
-44,00614618;-5,44450200
-43,99590618;-5,44450200
-43,98566618;-5,44450200
-43,97542618;-5,44450200
-43,96518618;-5,44450200
-43,95494618;-5,44450200
-43,94470618;-5,44450200
-43,93446618;-5,44450200
-43,92422618;-5,44450200
-43,91398618;-5,44450200
-43,90374618;-5,44450200
-43,89350618;-5,44450200
-43,88326618;-5,44450200
-43,87302618;-5,44450200
-43,86278618;-5,44450200
-43,85254618;-5,44450200
-43,84230618;-5,44450200
-43,83206618;-5,44450200
-43,82182618;-5,44450200
-43,81158618;-5,44450200
-43,80134618;-5,44450200
-43,79110618;-5,44450200
-43,78086618;-5,44450200
-43,77062618;-5,44450200
-43,76038618;-5,44450200
-43,75014618;-5,44450200
-43,73990618;-5,44450200
-43,72966618;-5,44450200
-43,71942618;-5,44450200
-43,70918618;-5,44450200
-43,69894618;-5,44450200
-43,68870618;-5,44450200
-43,67846618;-5,44450200
-43,66822618;-5,44450200
-43,65798618;-5,44450200
-43,64774618;-5,44450200
-43,63750618;-5,44450200
-43,62726618;-5,44450200
-43,61702618;-5,44450200
-43,60678618;-5,44450200
-43,59654618;-5,44450200
-43,58630618;-5,44450200
-43,57606618;-5,44450200
-43,56582618;-5,44450200
-43,55558618;-5,44450200
-43,54534618;-5,44450200
-43,53510618;-5,44450200
-43,52486618;-5,44450200
-43,51462618;-5,44450200
-43,50438618;-5,44450200
-43,49414618;-5,44450200
-43,48390618;-5,44450200
-43,47366618;-5,44450200
-43,46342618;-5,44450200
-43,45318618;-5,44450200
-43,44294618;-5,44450200
-43,43270618;-5,44450200
-43,42246618;-5,44450200
-43,41222618;-5,44450200
-43,40198619;-5,44450200
-43,39174619;-5,44450200
-43,38150619;-5,44450200
-43,37126619;-5,44450200
-43,36102619;-5,44450200
-43,35078619;-5,44450200
-43,34054619;-5,44450200
-43,33030619;-5,44450200
-43,32006619;-5,44450200
-43,30982619;-5,44450200
-43,29958619;-5,44450200
-43,28934619;-5,44450200
-43,27910619;-5,44450200
-43,26886619;-5,44450200
-43,25862619;-5,44450200
-43,24838619;-5,44450200
-43,23814619;-5,44450200
-43,22790619;-5,44450200
-43,21766619;-5,44450200
-43,20742619;-5,44450200
-43,19718619;-5,44450200
-43,18694619;-5,44450200
-43,17670619;-5,44450200
-43,16646619;-5,44450200
-43,15622619;-5,44450200
-43,14598619;-5,44450200
-43,13574619;-5,44450200
-43,12550619;-5,44450200
-43,11526619;-5,44450200
-43,10502619;-5,44450200
-43,09478619;-5,44450200
-43,08454619;-5,44450200
-43,07430619;-5,44450200
-43,06406619;-5,44450200
-43,05382619;-5,44450200
-43,04358619;-5,44450200
-43,03334619;-5,44450200
-43,02310619;-5,44450200
-43,01286619;-5,44450200
-43,00262619;-5,44450200
-42,99238619;-5,44450200
-42,98214619;-5,44450200
-42,97190619;-5,44450200
-42,96166619;-5,44450200
-42,95142619;-5,44450200
-42,94118619;-5,44450200
-42,93094619;-5,44450200
-42,92070619;-5,44450200
-42,91046619;-5,44450200
-42,90022619;-5,44450200
-42,88998619;-5,44450200
-42,87974619;-5,44450200
-42,86950619;-5,44450200
-42,85926619;-5,44450200
-42,84902619;-5,44450200
-42,83878619;-5,44450200
-42,82854619;-5,44450200
-42,81830619;-5,44450200
-42,80806619;-5,44450200
-42,79782619;-5,44450200
-42,78758619;-5,44450200
-42,77734619;-5,44450200
-42,76710619;-5,44450200
-42,75686619;-5,44450200
-42,74662619;-5,44450200
-42,73638619;-5,44450200
-42,72614619;-5,44450200
-42,71590619;-5,44450200
-42,70566619;-5,44450200
-42,69542619;-5,44450200
-42,68518619;-5,44450200
-42,67494619;-5,44450200
-42,66470619;-5,44450200
-42,65446619;-5,44450200
-42,64422619;-5,44450200
-42,63398619;-5,44450200
-42,62374619;-5,44450200
-42,61350619;-5,44450200
-42,60326619;-5,44450200
-42,59302619;-5,44450200
-42,58278619;-5,44450200
-42,57254619;-5,44450200
-42,56230619;-5,44450200
-42,55206619;-5,44450200
-42,54182619;-5,44450200
-42,53158619;-5,44450200
-42,52134619;-5,44450200
-42,51110619;-5,44450200
-42,50086619;-5,44450200
-42,49062619;-5,44450200
-42,48038619;-5,44450200
-42,47014619;-5,44450200
-42,45990619;-5,44450200
-42,44966619;-5,44450200
-42,43942619;-5,44450200
-42,42918619;-5,44450200
-42,41894619;-5,44450200
-42,40870619;-5,44450200
-42,39846619;-5,44450200
-42,38822619;-5,44450200
-42,37798619;-5,44450200
-42,36774619;-5,44450200
-42,35750619;-5,44450200
-42,34726619;-5,44450200
-42,33702619;-5,44450200
-42,32678619;-5,44450200
-42,31654619;-5,44450200
-42,30630619;-5,44450200
-42,29606619;-5,44450200
-42,28582619;-5,44450200
-42,27558619;-5,44450200
-42,26534619;-5,44450200
-42,25510619;-5,44450200
-42,24486619;-5,44450200
-42,23462619;-5,44450200
-42,22438619;-5,44450200
-42,21414619;-5,44450200
-42,20390619;-5,44450200
-42,19366619;-5,44450200
-42,18342619;-5,44450200
-42,17318619;-5,44450200
-42,16294619;-5,44450200
-42,15270619;-5,44450200
-42,14246619;-5,44450200
-42,13222619;-5,44450200
-42,12198619;-5,26444300
-42,11174619;-5,44450200
-42,10150619;-5,44450200
-42,09126619;-5,44450200
-42,08102619;-5,44450200
-42,07078619;-5,44450200
-42,06054619;-5,44450200
-42,05030619;-5,44450200
-42,04006619;-5,44450200
-42,02982619;-5,44450200
-42,01958619;-5,44450200
-42,00934619;-5,44450200
-41,99910619;-5,44450200
-41,98886619;-5,44450200
-41,97862619;-5,44450200
-41,96838619;-5,44450200
-41,95814619;-5,44450200
-41,94790619;-5,44450200
-41,93766619;-5,44450200
-41,92742619;-5,26444300
-41,91718619;-5,44450200
-41,90694619;-5,44450200
-41,89670619;-5,44450200
-41,88646619;-5,44450200
-41,87622619;-5,44450200
-41,86598619;-5,44450200
-41,85574619;-5,44450200
-41,84550619;-5,44450200
-41,83526619;-5,44450200
-41,82502619;-5,44450200
-41,81478619;-5,44450200
-41,80454619;-5,44450200
-41,79430619;-5,44450200
-41,78406619;-5,44450200
-41,77382619;-5,44450200
-41,76358619;-5,44450200
-41,75334620;-5,44450200
-41,74310620;-5,44450200
-41,73286620;-5,44450200
-41,72262620;-5,26444300
-41,71238620;-5,44450200
-41,70214620;-5,44450200
-41,69190620;-5,44450200
-41,68166620;-5,44450200
-41,67142620;-5,44450200
-41,66118620;-5,44450200
-41,65094620;-5,44450200
-41,64070620;-5,44450200
-41,63046620;-5,44450200
-41,62022620;-5,44450200
-41,60998620;-5,44450200
-41,59974620;-5,26444300
-41,58950620;-5,26444300
-41,57926620;-5,44450200
-41,56902620;-5,26444300
-41,55878620;-5,44450200
-41,54854620;-5,44450200
-41,53830620;-5,44450200
-41,52806620;-5,44450200
-41,51782620;-5,44450200
-41,50758620;-5,44450200
-41,49734620;-5,44450200
-41,48710620;-5,26444300
-41,47686620;-5,44450200
-41,46662620;-5,44450200
-41,45638620;-5,44450200
-41,44614620;-5,44450200
-41,43590620;-5,44450200
-41,42566620;-5,44450200
-41,41542620;-5,26444300
-41,40518620;-5,44450200
-41,39494620;-5,26444300
-41,38470620;-5,44450200
-41,37446620;-5,44450200
-41,36422620;-5,44450200
-41,35398620;-5,44450200
-41,34374620;-5,26444300
-41,33350620;-5,44450200
-41,32326620;-5,44450200
-41,31302620;-5,26444300
-41,30278620;-5,44450200
-41,29254620;-5,26444300
-41,28230620;-5,44450200
-41,27206620;-5,44450200
-41,26182620;-5,44450200
-41,25158620;-5,44450200
-41,24134620;-5,26444300
-41,23110620;-5,26444300
-41,22086620;-5,44450200
-41,21062620;-5,26444300
-41,20038620;-5,44450200
-41,19014620;-5,44450200
-41,17990620;-5,26444300
-41,16966620;-5,26444300
-41,15942620;-5,26444300
-41,14918620;-5,44450200
-41,13894620;-5,26444300
-41,12870620;-5,44450200
-41,11846620;-5,44450200
-41,10822620;-5,44450200
-41,09798620;-5,44450200
-41,08774620;-5,44450200
-41,07750620;-5,44450200
-41,06726620;-5,44450200
-41,05702620;-5,44450200
-41,04678620;-5,26444300
-41,03654620;-5,44450200
-41,02630620;-5,26444300
-41,01606620;-5,26444300
-41,00582620;-5,26444300
-40,99558620;-5,44450200
-40,98534620;-5,26444300
-40,97510620;-5,26444300
-40,96486620;-5,26444300
-40,95462620;-5,26444300
-40,94438620;-5,08499400
-40,93414620;-5,08499400
-40,92390620;-5,08499400
-40,91366620;-5,08499400
-40,90342620;-5,08499400
-40,89318620;-5,08499400
-40,88294620;-4,90554500
-40,87270620;-4,90554500
-40,86246620;-4,90554500
-40,85222620;-4,72609600
-40,84198620;-4,72609600
-40,83174620;-4,54664800
-40,82150620;-4,36658800
-40,81126620;-4,36658800
-40,80102620;-4,36658800
-40,79078620;-4,54664800
-40,78054620;-4,36658800
-40,77030620;-4,36658800
-40,76006620;-4,36658800
-40,74982620;-4,18714000
-40,73958620;-4,18714000
-40,72934620;-4,18714000
-40,71910620;-4,00769000
-40,70886620;-3,82824200
-40,69862620;-4,00769000
-40,68838620;-4,00769000
-40,67814620;-3,82824200
-40,66790620;-3,82824200
-40,65766620;-3,82824200
-40,64742620;-3,64879300
-40,63718620;-3,64879300
-40,62694620;-3,64879300
-40,61670620;-3,46873400
-40,60646620;-3,46873400
-40,59622620;-3,46873400
-40,58598620;-3,46873400
-40,57574620;-3,28928500
-40,56550620;-3,28928500
-40,55526620;-3,28928500
-40,54502620;-3,28928500
-40,53478620;-3,10983600
-40,52454620;-2,93038700
-40,51430620;-2,93038700
-40,50406620;-2,93038700
-40,49382620;-2,93038700
-40,48358620;-2,93038700
-40,47334620;-2,93038700
-40,46310620;-2,93038700
-40,45286620;-2,93038700
-40,44262620;-2,75093800
-40,43238620;-2,57087900
-40,42214620;-2,57087900
-40,41190620;-2,57087900
-40,40166620;-2,57087900
-40,39142620;-2,57087900
-40,38118620;-2,39143000
-40,37094620;-2,39143000
-40,36070620;-2,21198200
-40,35046620;-2,21198200
-40,34022620;-2,21198200
-40,32998620;-2,21198200
-40,31974620;-1,85308400
-40,30950620;-2,03253300
-40,29926620;-1,85308400
-40,28902620;-1,85308400
-40,27878620;-1,85308400
-40,26854620;-1,85308400
-40,25830620;-1,67302500
-40,24806620;-1,49357600
-40,23782620;-1,49357600
-40,22758620;-1,49357600
-40,21734620;-1,49357600
-40,20710620;-1,49357600
-40,19686620;-1,49357600
-40,18662620;-1,49357600
-40,17638620;-1,31412700
-40,16614620;-1,13467800
-40,15590620;-1,13467800
-40,14566620;-1,13467800
-40,13542620;-0,95522930
-40,12518620;-0,95522930
-40,11494620;-0,77517010
-40,10470621;-0,77517010
-40,09446621;-0,77517010
-40,08422621;-0,77517010
-40,07398621;-0,77517010
-40,06374621;-0,77517010
-40,05350621;-0,77517010
-40,04326621;-0,59572130
-40,03302621;-0,41627250
-40,02278621;-0,41627250
-40,01254621;-0,41627250
-40,00230621;-0,41627250
-39,99206621;-0,41627250
-39,98182621;-0,23682360
-39,97158621;-0,23682360
-39,96134621;-0,23682360
-39,95110621;-0,05737480
-39,94086621;-0,05737480
-39,93062621;-0,05737480
-39,92038621;0,12207400
-39,91014621;0,30152290
-39,89990621;0,30152290
-39,88966621;0,30152290
-39,87942621;0,30152290
-39,86918621;0,30152290
-39,85894621;0,30152290
-39,84870621;0,66042050
-39,83846621;0,66042050
-39,82822621;0,66042050
-39,81798621;0,66042050
-39,80774621;0,66042050
-39,79750621;0,66042050
-39,78726621;0,84047970
-39,77702621;0,84047970
-39,76678621;1,01992900
-39,75654621;1,01992900
-39,74630621;1,01992900
-39,73606621;1,19937700
-39,72582621;1,37882600
-39,71558621;1,37882600
-39,70534621;1,37882600
-39,69510621;1,37882600
-39,68486621;1,37882600
-39,67462621;1,37882600
-39,66438621;1,37882600
-39,65414621;1,37882600
-39,64390621;1,73833400
-39,63366621;1,73833400
-39,62342621;1,73833400
-39,61318621;1,73833400
-39,60294621;1,73833400
-39,59270621;1,91778300
-39,58246621;1,91778300
-39,57222621;2,09723200
-39,56198621;1,91778300
-39,55174621;2,09723200
-39,54150621;2,09723200
-39,53126621;2,09723200
-39,52102621;2,27668100
-39,51078621;2,27668100
-39,50054621;2,45613000
-39,49030621;2,45613000
-39,48006621;2,45613000
-39,46982621;2,45613000
-39,45958621;2,45613000
-39,44934621;2,45613000
-39,43910621;2,63618900
-39,42886621;2,81563800
-39,41862621;2,81563800
-39,40838621;2,81563800
-39,39814621;2,81563800
-39,38790621;2,81563800
-39,37766621;2,81563800
-39,36742621;2,81563800
-39,35718621;2,99508600
-39,34694621;2,99508600
-39,33670621;3,17453500
-39,32646621;3,17453500
-39,31622621;3,17453500
-39,30598621;3,17453500
-39,29574621;3,17453500
-39,28550621;3,35398400
-39,27526621;3,35398400
-39,26502621;3,35398400
-39,25478621;3,53404300
-39,24454621;3,53404300
-39,23430621;3,53404300
-39,22406621;3,53404300
-39,21382621;3,53404300
-39,20358621;3,53404300
-39,19334621;3,71349200
-39,18310621;3,71349200
-39,17286621;3,89294100
-39,16262621;3,89294100
-39,15238621;3,89294100
-39,14214621;3,89294100
-39,13190621;3,89294100
-39,12166621;4,07239000
-39,11142621;4,07239000
-39,10118621;4,07239000
-39,09094621;4,07239000
-39,08070621;4,25183900
-39,07046621;4,25183900
-39,06022621;4,25183900
-39,04998621;4,43189800
-39,03974621;4,61134700
-39,02950621;4,61134700
-39,01926621;4,61134700
-39,00902621;4,61134700
-38,99878621;4,79079600
-38,98854621;4,79079600
-38,97830621;4,79079600
-38,96806621;4,97024400
-38,95782621;4,97024400
-38,94758621;4,97024400
-38,93734621;4,97024400
-38,92710621;4,97024400
-38,91686621;4,97024400
-38,90662621;4,97024400
-38,89638621;5,32975200
-38,88614621;5,14969300
-38,87590621;5,14969300
-38,86566621;5,32975200
-38,85542621;5,32975200
-38,84518621;5,32975200
-38,83494621;5,32975200
-38,82470621;5,50920200
-38,81446621;5,50920200
-38,80422621;5,50920200
-38,79398621;5,50920200
-38,78374621;5,50920200
-38,77350621;5,68865000
-38,76326621;5,68865000
-38,75302621;5,68865000
-38,74278621;5,68865000
-38,73254621;5,68865000
-38,72230621;5,68865000
-38,71206621;5,68865000
-38,70182621;5,86809900
-38,69158621;6,04754800
-38,68134621;6,04754800
-38,67110621;6,04754800
-38,66086621;6,04754800
-38,65062621;6,04754800
-38,64038621;6,22760700
-38,63014621;6,22760700
-38,61990621;6,22760700
-38,60966621;6,40705600
-38,59942621;6,40705600
-38,58918621;6,40705600
-38,57894621;6,40705600
-38,56870621;6,40705600
-38,55846621;6,58650500
-38,54822621;6,76595400
-38,53798621;6,76595400
-38,52774621;6,76595400
-38,51750621;6,94540200
-38,50726621;6,94540200
-38,49702621;7,12546200
-38,48678621;7,12546200
-38,47654621;7,12546200
-38,46630622;7,12546200
-38,45606622;7,12546200
-38,44582622;7,30491100
-38,43558622;7,30491100
-38,42534622;7,48435900
-38,41510622;7,48435900
-38,40486622;7,48435900
-38,39462622;7,66380800
-38,38438622;7,66380800
-38,37414622;7,66380800
-38,36390622;7,84325700
-38,35366622;7,84325700
-38,34342622;7,84325700
-38,33318622;7,84325700
-38,32294622;8,02331600
-38,31270622;8,20276500
-38,30246622;8,02331600
-38,29222622;8,20276500
-38,28198622;8,20276500
-38,27174622;8,20276500
-38,26150622;8,20276500
-38,25126622;8,38221400
-38,24102622;8,38221400
-38,23078622;8,38221400
-38,22054622;8,38221400
-38,21030622;8,56166300
-38,20006622;8,56166300
-38,18982622;8,56166300
-38,17958622;8,56166300
-38,16934622;8,56166300
-38,15910622;8,56166300
-38,14886622;8,56166300
-38,13862622;8,74111200
-38,12838622;8,92117000
-38,11814622;8,92117000
-38,10790622;8,74111200
-38,09766622;8,92117000
-38,08742622;8,74111200
-38,07718622;8,74111200
-38,06694622;8,74111200
-38,05670622;8,92117000
-38,04646622;8,92117000
-38,03622622;8,92117000
-38,02598622;8,92117000
-38,01574622;8,92117000
-38,00550622;9,10061900
-37,99526622;9,10061900
-37,98502622;8,92117000
-37,97478622;9,10061900
-37,96454622;9,28006800
-37,95430622;9,28006800
-37,94406622;9,28006800
-37,93382622;9,28006800
-37,92358622;9,45951700
-37,91334622;9,28006800
-37,90310622;9,45951700
-37,89286622;9,45951700
-37,88262622;9,45951700
-37,87238622;9,63896600
-37,86214622;9,63896600
-37,85190622;9,81902500
-37,84166622;9,63896600
-37,83142622;9,81902500
-37,82118622;9,99847400
-37,81094622;9,99847400
-37,80070622;9,99847400
-37,79046622;9,99847400
-37,78022622;9,99847400
-37,76998622;9,99847400
-37,75974622;9,99847400
-37,74950622;9,99847400
-37,73926622;9,99847400
-37,72902622;10,17792000
-37,71878622;10,35737000
-37,70854622;10,35737000
-37,69830622;10,17792000
-37,68806622;10,35737000
-37,67782622;10,35737000
-37,66758622;10,35737000
-37,65734622;10,35737000
-37,64710622;10,35737000
-37,63686622;10,35737000
-37,62662622;10,53682000
-37,61638622;10,53682000
-37,60614622;10,53682000
-37,59590622;10,35737000
-37,58566622;10,53682000
-37,57542622;10,35737000
-37,56518622;10,53682000
-37,55494622;10,53682000
-37,54470622;10,71688000
-37,53446622;10,71688000
-37,52422622;10,71688000
-37,51398622;10,71688000
-37,50374622;10,71688000
-37,49350622;10,71688000
-37,48326622;10,71688000
-37,47302622;10,71688000
-37,46278622;10,71688000
-37,45254622;10,71688000
-37,44230622;10,71688000
-37,43206622;10,89633000
-37,42182622;10,89633000
-37,41158622;10,71688000
-37,40134622;10,89633000
-37,39110622;10,89633000
-37,38086622;10,89633000
-37,37062622;11,07578000
-37,36038622;11,07578000
-37,35014622;11,07578000
-37,33990622;11,07578000
-37,32966622;11,07578000
-37,31942622;11,07578000
-37,30918622;11,25523000
-37,29894622;11,25523000
-37,28870622;11,25523000
-37,27846622;11,25523000
-37,26822622;11,25523000
-37,25798622;11,25523000
-37,24774622;11,43529000
-37,23750622;11,43529000
-37,22726622;11,43529000
-37,21702622;11,43529000
-37,20678622;11,43529000
-37,19654622;11,43529000
-37,18630622;11,43529000
-37,17606622;11,43529000
-37,16582622;11,43529000
-37,15558622;11,43529000
-37,14534622;11,43529000
-37,13510622;11,61473000
-37,12486622;11,61473000
-37,11462622;11,79418000
-37,10438622;11,79418000
-37,09414622;11,61473000
-37,08390622;11,79418000
-37,07366622;11,79418000
-37,06342622;11,79418000
-37,05318622;11,79418000
-37,04294622;11,79418000
-37,03270622;11,79418000
-37,02246622;11,79418000
-37,01222622;11,79418000
-37,00198622;11,79418000
-36,99174622;11,79418000
-36,98150622;11,79418000
-36,97126622;11,79418000
-36,96102622;11,79418000
-36,95078622;11,79418000
-36,94054622;11,97363000
-36,93030622;11,79418000
-36,92006622;11,79418000
-36,90982622;11,97363000
-36,89958622;11,79418000
-36,88934622;11,79418000
-36,87910622;11,79418000
-36,86886622;11,97363000
-36,85862622;11,97363000
-36,84838622;11,97363000
-36,83814622;12,15308000
-36,82790622;12,15308000
-36,81766623;12,15308000
-36,80742623;12,15308000
-36,79718623;12,15308000
-36,78694623;12,15308000
-36,77670623;12,15308000
-36,76646623;12,15308000
-36,75622623;12,15308000
-36,74598623;12,15308000
-36,73574623;12,15308000
-36,72550623;12,15308000
-36,71526623;12,15308000
-36,70502623;12,15308000
-36,69478623;12,15308000
-36,68454623;12,15308000
-36,67430623;12,15308000
-36,66406623;12,15308000
-36,65382623;12,15308000
-36,64358623;12,15308000
-36,63334623;12,15308000
-36,62310623;12,15308000
-36,61286623;12,15308000
-36,60262623;12,15308000
-36,59238623;12,15308000
-36,58214623;12,15308000
-36,57190623;12,15308000
-36,56166623;12,15308000
-36,55142623;12,15308000
-36,54118623;12,15308000
-36,53094623;12,15308000
-36,52070623;12,15308000
-36,51046623;12,15308000
-36,50022623;12,15308000
-36,48998623;12,15308000
-36,47974623;12,15308000
-36,46950623;12,15308000
-36,45926623;12,15308000
-36,44902623;12,15308000
-36,43878623;12,15308000
-36,42854623;12,15308000
-36,41830623;12,15308000
-36,40806623;12,33314000
-36,39782623;12,15308000
-36,38758623;12,15308000
-36,37734623;12,15308000
-36,36710623;12,15308000
-36,35686623;12,15308000
-36,34662623;12,15308000
-36,33638623;12,15308000
-36,32614623;12,15308000
-36,31590623;12,33314000
-36,30566623;12,15308000
-36,29542623;12,15308000
-36,28518623;12,15308000
-36,27494623;12,15308000
-36,26470623;12,15308000
-36,25446623;12,33314000
-36,24422623;12,15308000
-36,23398623;12,15308000
-36,22374623;12,15308000
-36,21350623;12,33314000
-36,20326623;12,15308000
-36,19302623;12,15308000
-36,18278623;12,15308000
-36,17254623;12,33314000
-36,16230623;12,15308000
-36,15206623;12,15308000
-36,14182623;12,15308000
-36,13158623;12,33314000
-36,12134623;12,15308000
-36,11110623;12,33314000
-36,10086623;12,15308000
-36,09062623;12,15308000
-36,08038623;12,15308000
-36,07014623;12,33314000
-36,05990623;12,15308000
-36,04966623;12,15308000
-36,03942623;12,33314000
-36,02918623;12,33314000
-36,01894623;12,15308000
-36,00870623;12,15308000
-35,99846623;12,15308000
-35,98822623;12,15308000
-35,97798623;12,15308000
-35,96774623;12,15308000
-35,95750623;12,33314000
-35,94726623;12,15308000
-35,93702623;12,15308000
-35,92678623;12,15308000
-35,91654623;12,33314000
-35,90630623;12,33314000
-35,89606623;12,15308000
-35,88582623;12,15308000
-35,87558623;12,15308000
-35,86534623;12,33314000
-35,85510623;12,33314000
-35,84486623;12,33314000
-35,83462623;12,15308000
-35,82438623;12,33314000
-35,81414623;12,33314000
-35,80390623;12,15308000
-35,79366623;12,15308000
-35,78342623;12,33314000
-35,77318623;12,15308000
-35,76294623;12,15308000
-35,75270623;12,33314000
-35,74246623;12,33314000
-35,73222623;12,33314000
-35,72198623;12,33314000
-35,71174623;12,15308000
-35,70150623;12,15308000
-35,69126623;12,15308000
-35,68102623;12,33314000
-35,67078623;12,15308000
-35,66054623;12,15308000
-35,65030623;12,33314000
-35,64006623;12,33314000
-35,62982623;12,33314000
-35,61958623;12,33314000
-35,60934623;12,15308000
-35,59910623;12,15308000
-35,58886623;12,15308000
-35,57862623;12,33314000
-35,56838623;12,15308000
-35,55814623;12,33314000
-35,54790623;12,33314000
-35,53766623;12,15308000
-35,52742623;12,33314000
-35,51718623;12,15308000
-35,50694623;12,15308000
-35,49670623;12,15308000
-35,48646623;12,15308000
-35,47622623;12,15308000
-35,46598623;12,15308000
-35,45574623;12,15308000
-35,44550623;12,15308000
-35,43526623;12,15308000
-35,42502623;12,15308000
-35,41478623;12,15308000
-35,40454623;12,15308000
-35,39430623;12,15308000
-35,38406623;12,15308000
-35,37382623;12,15308000
-35,36358623;12,15308000
-35,35334623;12,15308000
-35,34310623;12,15308000
-35,33286623;12,15308000
-35,32262623;12,15308000
-35,31238623;12,15308000
-35,30214623;11,97363000
-35,29190623;11,97363000
-35,28166623;12,15308000
-35,27142623;11,97363000
-35,26118623;11,97363000
-35,25094623;12,15308000
-35,24070623;12,15308000
-35,23046623;12,15308000
-35,22022623;11,97363000
-35,20998623;11,79418000
-35,19974623;11,79418000
-35,18950623;11,79418000
-35,17926623;11,79418000
-35,16902624;11,79418000
-35,15878624;11,79418000
-35,14854624;11,79418000
-35,13830624;11,79418000
-35,12806624;11,79418000
-35,11782624;11,79418000
-35,10758624;11,79418000
-35,09734624;11,61473000
-35,08710624;11,79418000
-35,07686624;11,79418000
-35,06662624;11,79418000
-35,05638624;11,79418000
-35,04614624;11,79418000
-35,03590624;11,79418000
-35,02566624;11,79418000
-35,01542624;11,79418000
-35,00518624;11,61473000
-34,99494624;11,43529000
-34,98470624;11,43529000
-34,97446624;11,43529000
-34,96422624;11,61473000
-34,95398624;11,61473000
-34,94374624;11,61473000
-34,93350624;11,61473000
-34,92326624;11,79418000
-34,91302624;11,43529000
-34,90278624;11,43529000
-34,89254624;11,43529000
-34,88230624;11,43529000
-34,87206624;11,43529000
-34,86182624;11,43529000
-34,85158624;11,43529000
-34,84134624;11,61473000
-34,83110624;11,61473000
-34,82086624;11,43529000
-34,81062624;11,43529000
-34,80038624;11,43529000
-34,79014624;11,43529000
-34,77990624;11,43529000
-34,76966624;11,43529000
-34,75942624;11,43529000
-34,74918624;11,43529000
-34,73894624;11,43529000
-34,72870624;11,43529000
-34,71846624;11,43529000
-34,70822624;11,43529000
-34,69798624;11,25523000
-34,68774624;11,25523000
-34,67750624;11,43529000
-34,66726624;11,43529000
-34,65702624;11,25523000
-34,64678624;11,25523000
-34,63654624;11,43529000
-34,62630624;11,43529000
-34,61606624;11,43529000
-34,60582624;11,25523000
-34,59558624;11,07578000
-34,58534624;11,07578000
-34,57510624;11,25523000
-34,56486624;11,07578000
-34,55462624;11,07578000
-34,54438624;11,07578000
-34,53414624;11,07578000
-34,52390624;11,07578000
-34,51366624;11,07578000
-34,50342624;10,89633000
-34,49318624;10,89633000
-34,48294624;10,89633000
-34,47270624;10,89633000
-34,46246624;10,89633000
-34,45222624;10,89633000
-34,44198624;10,71688000
-34,43174624;10,71688000
-34,42150624;10,71688000
-34,41126624;10,71688000
-34,40102624;10,53682000
-34,39078624;10,71688000
-34,38054624;10,71688000
-34,37030624;10,71688000
-34,36006624;10,71688000
-34,34982624;10,71688000
-34,33958624;10,71688000
-34,32934624;10,71688000
-34,31910624;10,53682000
-34,30886624;10,35737000
-34,29862624;10,35737000
-34,28838624;10,35737000
-34,27814624;10,35737000
-34,26790624;10,35737000
-34,25766624;10,17792000
-34,24742624;10,17792000
-34,23718624;10,17792000
-34,22694624;10,17792000
-34,21670624;9,99847400
-34,20646624;9,99847400
-34,19622624;9,99847400
-34,18598624;9,99847400
-34,17574624;9,99847400
-34,16550624;9,81902500
-34,15526624;9,81902500
-34,14502624;9,81902500
-34,13478624;9,81902500
-34,12454624;9,81902500
-34,11430624;9,63896600
-34,10406624;9,63896600
-34,09382624;9,63896600
-34,08358624;9,63896600
-34,07334624;9,63896600
-34,06310624;9,45951700
-34,05286624;9,45951700
-34,04262624;9,45951700
-34,03238624;9,45951700
-34,02214624;9,28006800
-34,01190624;9,28006800
-34,00166624;9,28006800
-33,99142624;9,28006800
-33,98118624;9,28006800
-33,97094624;9,28006800
-33,96070624;9,28006800
-33,95046624;9,10061900
-33,94022624;9,28006800
-33,92998624;9,28006800
-33,91974624;9,28006800
-33,90950624;9,28006800
-33,89926624;9,10061900
-33,88902624;8,92117000
-33,87878624;8,92117000
-33,86854624;9,10061900
-33,85830624;8,92117000
-33,84806624;8,92117000
-33,83782624;9,10061900
-33,82758624;8,92117000
-33,81734624;8,92117000
-33,80710624;8,92117000
-33,79686624;8,56166300
-33,78662624;8,56166300
-33,77638624;8,56166300
-33,76614624;8,56166300
-33,75590624;8,56166300
-33,74566624;8,56166300
-33,73542624;8,56166300
-33,72518624;8,56166300
-33,71494624;8,56166300
-33,70470624;8,38221400
-33,69446624;8,20276500
-33,68422624;8,20276500
-33,67398624;8,20276500
-33,66374624;8,20276500
-33,65350624;8,20276500
-33,64326624;8,20276500
-33,63302624;8,20276500
-33,62278624;8,20276500
-33,61254624;8,02331600
-33,60230624;7,84325700
-33,59206624;7,66380800
-33,58182624;7,66380800
-33,57158624;7,84325700
-33,56134624;7,84325700
-33,55110624;7,66380800
-33,54086624;7,66380800
-33,53062625;7,66380800
-33,52038625;7,66380800
-33,51014625;7,48435900
-33,49990625;7,48435900
-33,48966625;7,12546200
-33,47942625;7,12546200
-33,46918625;7,30491100
-33,45894625;7,30491100
-33,44870625;7,12546200
-33,43846625;7,12546200
-33,42822625;7,30491100
-33,41798625;7,12546200
-33,40774625;7,12546200
-33,39750625;6,76595400
-33,38726625;6,76595400
-33,37702625;6,76595400
-33,36678625;6,76595400
-33,35654625;6,76595400
-33,34630625;6,76595400
-33,33606625;6,76595400
-33,32582625;6,76595400
-33,31558625;6,58650500
-33,30534625;6,40705600
-33,29510625;6,22760700
-33,28486625;6,22760700
-33,27462625;6,22760700
-33,26438625;6,22760700
-33,25414625;6,22760700
-33,24390625;6,22760700
-33,23366625;6,22760700
-33,22342625;6,22760700
-33,21318625;6,04754800
-33,20294625;6,04754800
-33,19270625;5,68865000
-33,18246625;5,68865000
-33,17222625;5,68865000
-33,16198625;5,68865000
-33,15174625;5,68865000
-33,14150625;5,68865000
-33,13126625;5,68865000
-33,12102625;5,68865000
-33,11078625;5,50920200
-33,10054625;5,32975200
-33,09030625;5,14969300
-33,08006625;4,97024400
-33,06982625;4,97024400
-33,05958625;4,97024400
-33,04934625;4,97024400
-33,03910625;5,14969300
-33,02886625;5,14969300
-33,01862625;4,97024400
-33,00838625;4,97024400
-32,99814625;4,79079600
-32,98790625;4,61134700
-32,97766625;4,43189800
-32,96742625;4,43189800
-32,95718625;4,61134700
-32,94694625;4,61134700
-32,93670625;4,61134700
-32,92646625;4,61134700
-32,91622625;4,43189800
-32,90598625;4,25183900
-32,89574625;4,07239000
-32,88550625;3,89294100
-32,87526625;3,89294100
-32,86502625;3,89294100
-32,85478625;3,89294100
-32,84454625;4,07239000
-32,83430625;4,07239000
-32,82406625;3,89294100
-32,81382625;3,89294100
-32,80358625;3,71349200
-32,79334625;3,53404300
-32,78310625;3,17453500
-32,77286625;3,35398400
-32,76262625;3,35398400
-32,75238625;3,35398400
-32,74214625;3,35398400
-32,73190625;3,53404300
-32,72166625;3,35398400
-32,71142625;3,17453500
-32,70118625;3,17453500
-32,69094625;2,81563800
-32,68070625;2,81563800
-32,67046625;2,81563800
-32,66022625;2,81563800
-32,64998625;2,81563800
-32,63974625;2,81563800
-32,62950625;2,81563800
-32,61926625;2,81563800
-32,60902625;2,63618900
-32,59878625;2,45613000
-32,58854625;2,09723200
-32,57830625;2,09723200
-32,56806625;2,09723200
-32,55782625;2,09723200
-32,54758625;2,09723200
-32,53734625;2,09723200
-32,52710625;2,09723200
-32,51686625;2,09723200
-32,50662625;1,91778300
-32,49638625;1,73833400
-32,48614625;1,37882600
-32,47590625;1,37882600
-32,46566625;1,37882600
-32,45542625;1,55827500
-32,44518625;1,55827500
-32,43494625;1,37882600
-32,42470625;1,37882600
-32,41446625;1,37882600
-32,40422625;1,19937700
-32,39398625;1,01992900
-32,38374625;0,66042050
-32,37350625;0,84047970
-32,36326625;0,84047970
-32,35302625;0,84047970
-32,34278625;1,01992900
-32,33254625;1,01992900
-32,32230625;0,84047970
-32,31206625;0,84047970
-32,30182625;0,66042050
-32,29158625;0,30152290
-32,28134625;0,30152290
-32,27110625;0,30152290
-32,26086625;0,30152290
-32,25062625;0,48097170
-32,24038625;0,48097170
-32,23014625;0,48097170
-32,21990625;0,30152290
-32,20966625;0,30152290
-32,19942625;-0,05737480
-32,18918625;-0,05737480
-32,17894625;-0,23682360
-32,16870625;-0,05737480
-32,15846625;-0,05737480
-32,14822625;-0,05737480
-32,13798625;-0,05737480
-32,12774625;-0,05737480
-32,11750625;-0,23682360
-32,10726625;-0,41627250
-32,09702625;-0,59572130
-32,08678625;-0,77517010
-32,07654625;-0,77517010
-32,06630625;-0,77517010
-32,05606625;-0,77517010
-32,04582625;-0,77517010
-32,03558625;-0,77517010
-32,02534625;-0,77517010
-32,01510625;-0,95522930
-32,00486625;-1,13467800
-31,99462625;-1,49357600
-31,98438625;-1,49357600
-31,97414625;-1,49357600
-31,96390625;-1,49357600
-31,95366625;-1,49357600
-31,94342625;-1,49357600
-31,93318625;-1,49357600
-31,92294625;-1,49357600
-31,91270625;-1,67302500
-31,90246625;-1,85308400
-31,89222625;-2,03253300
-31,88198626;-2,21198200
-31,87174626;-2,21198200
-31,86150626;-2,21198200
-31,85126626;-2,21198200
-31,84102626;-2,21198200
-31,83078626;-2,21198200
-31,82054626;-2,21198200
-31,81030626;-2,21198200
-31,80006626;-2,57087900
-31,78982626;-2,57087900
-31,77958626;-2,93038700
-31,76934626;-2,75093800
-31,75910626;-2,75093800
-31,74886626;-2,57087900
-31,73862626;-2,57087900
-31,72838626;-2,75093800
-31,71814626;-2,93038700
-31,70790626;-2,93038700
-31,69766626;-3,10983600
-31,68742626;-3,28928500
-31,67718626;-3,28928500
-31,66694626;-3,28928500
-31,65670626;-3,28928500
-31,64646626;-3,10983600
-31,63622626;-3,10983600
-31,62598626;-3,10983600
-31,61574626;-3,28928500
-31,60550626;-3,46873400
-31,59526626;-3,64879300
-31,58502626;-3,64879300
-31,57478626;-3,64879300
-31,56454626;-3,64879300
-31,55430626;-3,64879300
-31,54406626;-3,64879300
-31,53382626;-3,64879300
-31,52358626;-3,64879300
-31,51334626;-3,82824200
-31,50310626;-4,00769000
-31,49286626;-4,00769000
-31,48262626;-4,18714000
-31,47238626;-4,18714000
-31,46214626;-4,18714000
-31,45190626;-4,00769000
-31,44166626;-4,00769000
-31,43142626;-4,18714000
-31,42118626;-4,36658800
-31,41094626;-4,36658800
-31,40070626;-4,36658800
-31,39046626;-4,72609600
-31,38022626;-4,72609600
-31,36998626;-4,72609600
-31,35974626;-4,72609600
-31,34950626;-4,72609600
-31,33926626;-4,72609600
-31,32902626;-4,72609600
-31,31878626;-4,90554500
-31,30854626;-4,90554500
-31,29830626;-5,08499400
-31,28806626;-5,08499400
-31,27782626;-5,26444300
-31,26758626;-5,08499400
-31,25734626;-5,08499400
-31,24710626;-5,08499400
-31,23686626;-5,08499400
-31,22662626;-5,26444300
-31,21638626;-5,44450200
-31,20614626;-5,44450200
-31,19590626;-5,62395100
-31,18566626;-5,80340000
-31,17542626;-5,80340000
-31,16518626;-5,62395100
-31,15494626;-5,80340000
-31,14470626;-5,80340000
-31,13446626;-5,80340000
-31,12422626;-5,80340000
-31,11398626;-5,80340000
-31,10374626;-5,98284900
-31,09350626;-5,80340000
-31,08326626;-5,98284900
-31,07302626;-5,98284900
-31,06278626;-5,80340000
-31,05254626;-5,80340000
-31,04230626;-5,98284900
-31,03206626;-5,98284900
-31,02182626;-5,80340000
-31,01158626;-5,80340000
-31,00134626;-5,80340000
-30,99110626;-5,80340000
-30,98086626;-5,80340000
-30,97062626;-5,80340000
-30,96038626;-5,80340000
-30,95014626;-5,98284900
-30,93990626;-5,80340000
-30,92966626;-5,80340000
-30,91942626;-5,80340000
-30,90918626;-5,80340000
-30,89894626;-5,80340000
-30,88870626;-5,80340000
-30,87846626;-5,80340000
-30,86822626;-5,80340000
-30,85798626;-5,80340000
-30,84774626;-5,80340000
-30,83750626;-5,80340000
-30,82726626;-5,80340000
-30,81702626;-5,80340000
-30,80678626;-5,80340000
-30,79654626;-5,80340000
-30,78630626;-5,80340000
-30,77606626;-5,80340000
-30,76582626;-5,80340000
-30,75558626;-5,98284900
-30,74534626;-5,80340000
-30,73510626;-5,80340000
-30,72486626;-5,80340000
-30,71462626;-5,80340000
-30,70438626;-5,80340000
-30,69414626;-5,80340000
-30,68390626;-5,80340000
-30,67366626;-5,80340000
-30,66342626;-5,80340000
-30,65318626;-5,80340000
-30,64294626;-5,80340000
-30,63270626;-5,80340000
-30,62246626;-5,80340000
-30,61222626;-5,80340000
-30,60198626;-5,80340000
-30,59174626;-5,98284900
-30,58150626;-5,80340000
-30,57126626;-5,80340000
-30,56102626;-5,80340000
-30,55078626;-5,80340000
-30,54054626;-5,80340000
-30,53030626;-5,80340000
-30,52006626;-5,80340000
-30,50982626;-5,80340000
-30,49958626;-5,80340000
-30,48934626;-5,80340000
-30,47910626;-5,80340000
-30,46886626;-5,80340000
-30,45862626;-5,80340000
-30,44838626;-5,80340000
-30,43814626;-5,80340000
-30,42790626;-5,80340000
-30,41766626;-5,80340000
-30,40742626;-5,80340000
-30,39718626;-5,80340000
-30,38694626;-5,80340000
-30,37670626;-5,80340000
-30,36646626;-5,80340000
-30,35622626;-5,80340000
-30,34598626;-5,80340000
-30,33574626;-5,80340000
-30,32550626;-5,80340000
-30,31526626;-5,80340000
-30,30502626;-5,80340000
-30,29478626;-5,80340000
-30,28454626;-5,80340000
-30,27430626;-5,80340000
-30,26406626;-5,80340000
-30,25382626;-5,80340000
-30,24358626;-5,80340000
-30,23334627;-5,80340000
-30,22310627;-5,80340000
-30,21286627;-5,80340000
-30,20262627;-5,80340000
-30,19238627;-5,80340000
-30,18214627;-5,98284900
-30,17190627;-5,80340000
-30,16166627;-5,80340000
-30,15142627;-5,80340000
-30,14118627;-5,80340000
-30,13094627;-5,80340000
-30,12070627;-5,80340000
-30,11046627;-5,80340000
-30,10022627;-5,80340000
-30,08998627;-5,80340000
-30,07974627;-5,80340000
-30,06950627;-5,80340000
-30,05926627;-5,80340000
-30,04902627;-5,80340000
-30,03878627;-5,80340000
-30,02854627;-5,80340000
-30,01830627;-5,80340000
-30,00806627;-5,80340000
-29,99782627;-5,80340000
-29,98758627;-5,80340000
-29,97734627;-5,80340000
-29,96710627;-5,80340000
-29,95686627;-5,80340000
-29,94662627;-5,80340000
-29,93638627;-5,80340000
-29,92614627;-5,80340000
-29,91590627;-5,80340000
-29,90566627;-5,80340000
-29,89542627;-5,80340000
-29,88518627;-5,80340000
-29,87494627;-5,80340000
-29,86470627;-5,80340000
-29,85446627;-5,80340000
-29,84422627;-5,80340000
-29,83398627;-5,80340000
-29,82374627;-5,80340000
-29,81350627;-5,80340000
-29,80326627;-5,80340000
-29,79302627;-5,80340000
-29,78278627;-5,80340000
-29,77254627;-5,80340000
-29,76230627;-5,80340000
-29,75206627;-5,80340000
-29,74182627;-5,80340000
-29,73158627;-5,80340000
-29,72134627;-5,80340000
-29,71110627;-5,80340000
-29,70086627;-5,80340000
-29,69062627;-5,80340000
-29,68038627;-5,80340000
-29,67014627;-5,80340000
-29,65990627;-5,80340000
-29,64966627;-5,80340000
-29,63942627;-5,80340000
-29,62918627;-5,80340000
-29,61894627;-5,80340000
-29,60870627;-5,80340000
-29,59846627;-5,80340000
-29,58822627;-5,80340000
-29,57798627;-5,80340000
-29,56774627;-5,80340000
-29,55750627;-5,80340000
-29,54726627;-5,80340000
-29,53702627;-5,80340000
-29,52678627;-5,80340000
-29,51654627;-5,80340000
-29,50630627;-5,80340000
-29,49606627;-5,80340000
-29,48582627;-5,80340000
-29,47558627;-5,80340000
-29,46534627;-5,80340000
-29,45510627;-5,80340000
-29,44486627;-5,80340000
-29,43462627;-5,80340000
-29,42438627;-5,80340000
-29,41414627;-5,80340000
-29,40390627;-5,80340000
-29,39366627;-5,80340000
-29,38342627;-5,80340000
-29,37318627;-5,80340000
-29,36294627;-5,80340000
-29,35270627;-5,80340000
-29,34246627;-5,80340000
-29,33222627;-5,80340000
-29,32198627;-5,80340000
-29,31174627;-5,80340000
-29,30150627;-5,80340000
-29,29126627;-5,80340000
-29,28102627;-5,80340000
-29,27078627;-5,80340000
-29,26054627;-5,80340000
-29,25030627;-5,80340000
-29,24006627;-5,80340000
-29,22982627;-5,80340000
-29,21958627;-5,80340000
-29,20934627;-5,80340000
-29,19910627;-5,80340000
-29,18886627;-5,80340000
-29,17862627;-5,80340000
-29,16838627;-5,80340000
-29,15814627;-5,80340000
-29,14790627;-5,80340000
-29,13766627;-5,80340000
-29,12742627;-5,80340000
-29,11718627;-5,80340000
-29,10694627;-5,80340000
-29,09670627;-5,80340000
-29,08646627;-5,80340000
-29,07622627;-5,80340000
-29,06598627;-5,80340000
-29,05574627;-5,80340000
-29,04550627;-5,80340000
-29,03526627;-5,80340000
-29,02502627;-5,80340000
-29,01478627;-5,80340000
-29,00454627;-5,80340000
-28,99430627;-5,80340000
-28,98406627;-5,80340000
-28,97382627;-5,80340000
-28,96358627;-5,80340000
-28,95334627;-5,80340000
-28,94310627;-5,80340000
-28,93286627;-5,80340000
-28,92262627;-5,80340000
-28,91238627;-5,80340000
-28,90214627;-5,80340000
-28,89190627;-5,80340000
-28,88166627;-5,80340000
-28,87142627;-5,80340000
-28,86118627;-5,80340000
-28,85094627;-5,80340000
-28,84070627;-5,80340000
-28,83046627;-5,80340000
-28,82022627;-5,80340000
-28,80998627;-5,80340000
-28,79974627;-5,80340000
-28,78950627;-5,80340000
-28,77926627;-5,80340000
-28,76902627;-5,80340000
-28,75878627;-5,80340000
-28,74854627;-5,80340000
-28,73830627;-5,80340000
-28,72806627;-5,80340000
-28,71782627;-5,80340000
-28,70758627;-5,80340000
-28,69734627;-5,80340000
-28,68710627;-5,80340000
-28,67686627;-5,80340000
-28,66662627;-5,80340000
-28,65638627;-5,80340000
-28,64614627;-5,80340000
-28,63590627;-5,80340000
-28,62566627;-5,80340000
-28,61542627;-5,80340000
-28,60518627;-5,80340000
-28,59494628;-5,80340000
-28,58470628;-5,80340000
-28,57446628;-5,80340000
-28,56422628;-5,80340000
-28,55398628;-5,80340000
-28,54374628;-5,80340000
-28,53350628;-5,80340000
-28,52326628;-5,80340000
-28,51302628;-5,80340000
-28,50278628;-5,80340000
-28,49254628;-5,80340000
-28,48230628;-5,80340000
-28,47206628;-5,80340000
-28,46182628;-5,80340000
-28,45158628;-5,80340000
-28,44134628;-5,80340000
-28,43110628;-5,80340000
-28,42086628;-5,80340000
-28,41062628;-5,80340000
-28,40038628;-5,80340000
-28,39014628;-5,80340000
-28,37990628;-5,80340000
-28,36966628;-5,80340000
-28,35942628;-5,80340000
-28,34918628;-5,80340000
-28,33894628;-5,80340000
-28,32870628;-5,80340000
-28,31846628;-5,80340000
-28,30822628;-5,80340000
-28,29798628;-5,80340000
-28,28774628;-5,80340000
-28,27750628;-5,80340000
-28,26726628;-5,80340000
-28,25702628;-5,80340000
-28,24678628;-5,80340000
-28,23654628;-5,80340000
-28,22630628;-5,80340000
-28,21606628;-5,80340000
-28,20582628;-5,80340000
-28,19558628;-5,80340000
-28,18534628;-5,80340000
-28,17510628;-5,80340000
-28,16486628;-5,80340000
-28,15462628;-5,80340000
-28,14438628;-5,80340000
-28,13414628;-5,80340000
-28,12390628;-5,80340000
-28,11366628;-5,80340000
-28,10342628;-5,80340000
-28,09318628;-5,80340000
-28,08294628;-5,80340000
-28,07270628;-5,80340000
-28,06246628;-5,80340000
-28,05222628;-5,80340000
-28,04198628;-5,80340000
-28,03174628;-5,80340000
-28,02150628;-5,80340000
-28,01126628;-5,80340000
-28,00102628;-5,80340000
-27,99078628;-5,80340000
-27,98054628;-5,80340000
-27,97030628;-5,80340000
-27,96006628;-5,80340000
-27,94982628;-5,80340000
-27,93958628;-5,80340000
-27,92934628;-5,80340000
-27,91910628;-5,80340000
-27,90886628;-5,80340000
-27,89862628;-5,80340000
-27,88838628;-5,80340000
-27,87814628;-5,80340000
-27,86790628;-5,80340000
-27,85766628;-5,80340000
-27,84742628;-5,80340000
-27,83718628;-5,80340000
-27,82694628;-5,80340000
-27,81670628;-5,80340000
-27,80646628;-5,80340000
-27,79622628;-5,80340000
-27,78598628;-5,80340000
-27,77574628;-5,80340000
-27,76550628;-5,80340000
-27,75526628;-5,80340000
-27,74502628;-5,80340000
-27,73478628;-5,80340000
-27,72454628;-5,80340000
-27,71430628;-5,80340000
-27,70406628;-5,80340000
-27,69382628;-5,80340000
-27,68358628;-5,80340000
-27,67334628;-5,80340000
-27,66310628;-5,80340000
-27,65286628;-5,80340000
-27,64262628;-5,80340000
-27,63238628;-5,80340000
-27,62214628;-5,80340000
-27,61190628;-5,80340000
-27,60166628;-5,80340000
-27,59142628;-5,80340000
-27,58118628;-5,80340000
-27,57094628;-5,80340000
-27,56070628;-5,80340000
-27,55046628;-5,80340000
-27,54022628;-5,80340000
-27,52998628;-5,80340000
-27,51974628;-5,80340000
-27,50950628;-5,62395100
-27,49926628;-5,80340000
-27,48902628;-5,80340000
-27,47878628;-5,80340000
-27,46854628;-5,62395100
-27,45830628;-5,80340000
-27,44806628;-5,80340000
-27,43782628;-5,80340000
-27,42758628;-5,80340000
-27,41734628;-5,80340000
-27,40710628;-5,80340000
-27,39686628;-5,80340000
-27,38662628;-5,80340000
-27,37638628;-5,80340000
-27,36614628;-5,80340000
-27,35590628;-5,80340000
-27,34566628;-5,80340000
-27,33542628;-5,80340000
-27,32518628;-5,80340000
-27,31494628;-5,80340000
-27,30470628;-5,80340000
-27,29446628;-5,80340000
-27,28422628;-5,80340000
-27,27398628;-5,80340000
-27,26374628;-5,80340000
-27,25350628;-5,80340000
-27,24326628;-5,62395100
-27,23302628;-5,80340000
-27,22278628;-5,62395100
-27,21254628;-5,80340000
-27,20230628;-5,62395100
-27,19206628;-5,80340000
-27,18182628;-5,80340000
-27,17158628;-5,80340000
-27,16134628;-5,80340000
-27,15110628;-5,80340000
-27,14086628;-5,80340000
-27,13062628;-5,80340000
-27,12038628;-5,80340000
-27,11014628;-5,80340000
-27,09990628;-5,62395100
-27,08966628;-5,62395100
-27,07942628;-5,80340000
-27,06918628;-5,80340000
-27,05894628;-5,80340000
-27,04870628;-5,80340000
-27,03846628;-5,80340000
-27,02822628;-5,80340000
-27,01798628;-5,62395100
-27,00774628;-5,80340000
-26,99750628;-5,80340000
-26,98726628;-5,80340000
-26,97702628;-5,80340000
-26,96678628;-5,62395100
-26,95654628;-5,80340000
-26,94630629;-5,80340000
-26,93606629;-5,80340000
-26,92582629;-5,62395100
-26,91558629;-5,80340000
-26,90534629;-5,80340000
-26,89510629;-5,62395100
-26,88486629;-5,62395100
-26,87462629;-5,80340000
-26,86438629;-5,62395100
-26,85414629;-5,80340000
-26,84390629;-5,80340000
-26,83366629;-5,62395100
-26,82342629;-5,80340000
-26,81318629;-5,62395100
-26,80294629;-5,80340000
-26,79270629;-5,80340000
-26,78246629;-5,62395100
-26,77222629;-5,62395100
-26,76198629;-5,80340000
-26,75174629;-5,80340000
-26,74150629;-5,80340000
-26,73126629;-5,62395100
-26,72102629;-5,62395100
-26,71078629;-5,62395100
-26,70054629;-5,62395100
-26,69030629;-5,62395100
-26,68006629;-5,62395100
-26,66982629;-5,62395100
-26,65958629;-5,62395100
-26,64934629;-5,62395100
-26,63910629;-5,80340000
-26,62886629;-5,80340000
-26,61862629;-5,80340000
-26,60838629;-5,62395100
-26,59814629;-5,80340000
-26,58790629;-5,44450200
-26,57766629;-5,80340000
-26,56742629;-5,80340000
-26,55718629;-5,80340000
-26,54694629;-5,62395100
-26,53670629;-5,62395100
-26,52646629;-5,80340000
-26,51622629;-5,44450200
-26,50598629;-5,80340000
-26,49574629;-5,62395100
-26,48550629;-5,80340000
-26,47526629;-5,62395100
-26,46502629;-5,62395100
-26,45478629;-5,80340000
-26,44454629;-5,62395100
-26,43430629;-5,80340000
-26,42406629;-5,62395100
-26,41382629;-5,62395100
-26,40358629;-5,44450200
-26,39334629;-5,62395100
-26,38310629;-5,80340000
-26,37286629;-5,62395100
-26,36262629;-5,62395100
-26,35238629;-5,62395100
-26,34214629;-5,62395100
-26,33190629;-5,62395100
-26,32166629;-5,62395100
-26,31142629;-5,80340000
-26,30118629;-5,80340000
-26,29094629;-5,44450200
-26,28070629;-5,44450200
-26,27046629;-5,62395100
-26,26022629;-5,62395100
-26,24998629;-5,80340000
-26,23974629;-5,62395100
-26,22950629;-5,44450200
-26,21926629;-5,62395100
-26,20902629;-5,80340000
-26,19878629;-5,62395100
-26,18854629;-5,62395100
-26,17830629;-5,62395100
-26,16806629;-5,62395100
-26,15782629;-5,62395100
-26,14758629;-5,80340000
-26,13734629;-5,62395100
-26,12710629;-5,62395100
-26,11686629;-5,62395100
-26,10662629;-5,62395100
-26,09638629;-5,80340000
-26,08614629;-5,62395100
-26,07590629;-5,62395100
-26,06566629;-5,62395100
-26,05542629;-5,62395100
-26,04518629;-5,62395100
-26,03494629;-5,62395100
-26,02470629;-5,62395100
-26,01446629;-5,62395100
-26,00422629;-5,62395100
-25,99398629;-5,62395100
-25,98374629;-5,62395100
-25,97350629;-5,44450200
-25,96326629;-5,62395100
-25,95302629;-5,44450200
-25,94278629;-5,62395100
-25,93254629;-5,62395100
-25,92230629;-5,44450200
-25,91206629;-5,62395100
-25,90182629;-5,44450200
-25,89158629;-5,44450200
-25,88134629;-5,44450200
-25,87110629;-5,62395100
-25,86086629;-5,80340000
-25,85062629;-5,44450200
-25,84038629;-5,62395100
-25,83014629;-5,62395100
-25,81990629;-5,44450200
-25,80966629;-5,62395100
-25,79942629;-5,44450200
-25,78918629;-5,80340000
-25,77894629;-5,44450200
-25,76870629;-5,62395100
-25,75846629;-5,44450200
-25,74822629;-5,62395100
-25,73798629;-5,62395100
-25,72774629;-5,62395100
-25,71750629;-5,62395100
-25,70726629;-5,62395100
-25,69702629;-5,62395100
-25,68678629;-5,44450200
-25,67654629;-5,62395100
-25,66630629;-5,44450200
-25,65606629;-5,44450200
-25,64582629;-5,44450200
-25,63558629;-5,62395100
-25,62534629;-5,44450200
-25,61510629;-5,62395100
-25,60486629;-5,44450200
-25,59462629;-5,62395100
-25,58438629;-5,62395100
-25,57414629;-5,44450200
-25,56390629;-5,44450200
-25,55366629;-5,44450200
-25,54342629;-5,44450200
-25,53318629;-5,62395100
-25,52294629;-5,44450200
-25,51270629;-5,44450200
-25,50246629;-5,44450200
-25,49222629;-5,44450200
-25,48198629;-5,62395100
-25,47174629;-5,44450200
-25,46150629;-5,44450200
-25,45126629;-5,44450200
-25,44102629;-5,62395100
-25,43078629;-5,62395100
-25,42054629;-5,44450200
-25,41030629;-5,44450200
-25,40006629;-5,44450200
-25,38982629;-5,44450200
-25,37958629;-5,62395100
-25,36934629;-5,62395100
-25,35910629;-5,44450200
-25,34886629;-5,44450200
-25,33862629;-5,44450200
-25,32838629;-5,44450200
-25,31814629;-5,44450200
-25,30790629;-5,62395100
-25,29766630;-5,62395100
-25,28742630;-5,44450200
-25,27718630;-5,44450200
-25,26694630;-5,44450200
-25,25670630;-5,44450200
-25,24646630;-5,62395100
-25,23622630;-5,44450200
-25,22598630;-5,44450200
-25,21574630;-5,44450200
-25,20550630;-5,44450200
-25,19526630;-5,44450200
-25,18502630;-5,44450200
-25,17478630;-5,44450200
-25,16454630;-5,44450200
-25,15430630;-5,44450200
-25,14406630;-5,62395100
-25,13382630;-5,44450200
-25,12358630;-5,44450200
-25,11334630;-5,44450200
-25,10310630;-5,44450200
-25,09286630;-5,44450200
-25,08262630;-5,44450200
-25,07238630;-5,44450200
-25,06214630;-5,44450200
-25,05190630;-5,44450200
-25,04166630;-5,44450200
-25,03142630;-5,44450200
-25,02118630;-5,44450200
-25,01094630;-5,44450200
-25,00070630;-5,44450200
-24,99046630;-5,44450200
-24,98022630;-5,44450200
-24,96998630;-5,44450200
-24,95974630;-5,44450200
-24,94950630;-5,62395100
-24,93926630;-5,44450200
-24,92902630;-5,62395100
-24,91878630;-5,44450200
-24,90854630;-5,44450200
-24,89830630;-5,44450200
-24,88806630;-5,44450200
-24,87782630;-5,62395100
-24,86758630;-5,44450200
-24,85734630;-5,44450200
-24,84710630;-5,44450200
-24,83686630;-5,44450200
-24,82662630;-5,44450200
-24,81638630;-5,44450200
-24,80614630;-5,44450200
-24,79590630;-5,44450200
-24,78566630;-5,44450200
-24,77542630;-5,44450200
-24,76518630;-5,44450200
-24,75494630;-5,44450200
-24,74470630;-5,44450200
-24,73446630;-5,44450200
-24,72422630;-5,44450200
-24,71398630;-5,62395100
-24,70374630;-5,44450200
-24,69350630;-5,44450200
-24,68326630;-5,44450200
-24,67302630;-5,44450200
-24,66278630;-5,44450200
-24,65254630;-5,44450200
-24,64230630;-5,44450200
-24,63206630;-5,44450200
-24,62182630;-5,44450200
-24,61158630;-5,44450200
-24,60134630;-5,44450200
-24,59110630;-5,44450200
-24,58086630;-5,44450200
-24,57062630;-5,44450200
-24,56038630;-5,44450200
-24,55014630;-5,44450200
-24,53990630;-5,44450200
-24,52966630;-5,44450200
-24,51942630;-5,44450200
-24,50918630;-5,44450200
-24,49894630;-5,44450200
-24,48870630;-5,44450200
-24,47846630;-5,44450200
-24,46822630;-5,44450200
-24,45798630;-5,44450200
-24,44774630;-5,44450200
-24,43750630;-5,44450200
-24,42726630;-5,44450200
-24,41702630;-5,44450200
-24,40678630;-5,44450200
-24,39654630;-5,44450200
-24,38630630;-5,44450200
-24,37606630;-5,44450200
-24,36582630;-5,44450200
-24,35558630;-5,44450200
-24,34534630;-5,44450200
-24,33510630;-5,44450200
-24,32486630;-5,44450200
-24,31462630;-5,44450200
-24,30438630;-5,44450200
-24,29414630;-5,44450200
-24,28390630;-5,44450200
-24,27366630;-5,44450200
-24,26342630;-5,44450200
-24,25318630;-5,44450200
-24,24294630;-5,44450200
-24,23270630;-5,44450200
-24,22246630;-5,44450200
-24,21222630;-5,44450200
-24,20198630;-5,44450200
-24,19174630;-5,44450200
-24,18150630;-5,44450200
-24,17126630;-5,44450200
-24,16102630;-5,44450200
-24,15078630;-5,44450200
-24,14054630;-5,44450200
-24,13030630;-5,44450200
-24,12006630;-5,44450200
-24,10982630;-5,44450200
-24,09958630;-5,44450200
-24,08934630;-5,44450200
-24,07910630;-5,44450200
-24,06886630;-5,44450200
-24,05862630;-5,44450200
-24,04838630;-5,44450200
-24,03814630;-5,44450200
-24,02790630;-5,44450200
-24,01766630;-5,44450200
-24,00742630;-5,44450200
-23,99718630;-5,44450200
-23,98694630;-5,44450200
-23,97670630;-5,44450200
-23,96646630;-5,44450200
-23,95622630;-5,44450200
-23,94598630;-5,44450200
-23,93574630;-5,44450200
-23,92550630;-5,44450200
-23,91526630;-5,44450200
-23,90502630;-5,44450200
-23,89478630;-5,44450200
-23,88454630;-5,44450200
-23,87430630;-5,44450200
-23,86406630;-5,44450200
-23,85382630;-5,44450200
-23,84358630;-5,44450200
-23,83334630;-5,44450200
-23,82310630;-5,44450200
-23,81286630;-5,44450200
-23,80262630;-5,44450200
-23,79238630;-5,44450200
-23,78214630;-5,44450200
-23,77190630;-5,44450200
-23,76166630;-5,44450200
-23,75142630;-5,44450200
-23,74118630;-5,44450200
-23,73094630;-5,44450200
-23,72070630;-5,44450200
-23,71046630;-5,44450200
-23,70022630;-5,44450200
-23,68998630;-5,44450200
-23,67974630;-5,44450200
-23,66950630;-5,44450200
-23,65926631;-5,44450200
-23,64902631;-5,44450200
-23,63878631;-5,44450200
-23,62854631;-5,44450200
-23,61830631;-5,44450200
-23,60806631;-5,44450200
-23,59782631;-5,44450200
-23,58758631;-5,44450200
-23,57734631;-5,44450200
-23,56710631;-5,44450200
-23,55686631;-5,44450200
-23,54662631;-5,44450200
-23,53638631;-5,44450200
-23,52614631;-5,44450200
-23,51590631;-5,44450200
-23,50566631;-5,44450200
-23,49542631;-5,44450200
-23,48518631;-5,44450200
-23,47494631;-5,44450200
-23,46470631;-5,44450200
-23,45446631;-5,44450200
-23,44422631;-5,44450200
-23,43398631;-5,44450200
-23,42374631;-5,44450200
-23,41350631;-5,44450200
-23,40326631;-5,44450200
-23,39302631;-5,44450200
-23,38278631;-5,44450200
-23,37254631;-5,44450200
-23,36230631;-5,44450200
-23,35206631;-5,44450200
-23,34182631;-5,44450200
-23,33158631;-5,44450200
-23,32134631;-5,44450200
-23,31110631;-5,44450200
-23,30086631;-5,44450200
-23,29062631;-5,44450200
-23,28038631;-5,44450200
-23,27014631;-5,44450200
-23,25990631;-5,44450200
-23,24966631;-5,44450200
-23,23942631;-5,44450200
-23,22918631;-5,44450200
-23,21894631;-5,44450200
-23,20870631;-5,44450200
-23,19846631;-5,44450200
-23,18822631;-5,44450200
-23,17798631;-5,44450200
-23,16774631;-5,44450200
-23,15750631;-5,44450200
-23,14726631;-5,44450200
-23,13702631;-5,44450200
-23,12678631;-5,44450200
-23,11654631;-5,44450200
-23,10630631;-5,44450200
-23,09606631;-5,44450200
-23,08582631;-5,44450200
-23,07558631;-5,44450200
-23,06534631;-5,44450200
-23,05510631;-5,44450200
-23,04486631;-5,44450200
-23,03462631;-5,44450200
-23,02438631;-5,44450200
-23,01414631;-5,44450200
-23,00390631;-5,44450200
-22,99366631;-5,44450200
-22,98342631;-5,44450200
-22,97318631;-5,44450200
-22,96294631;-5,44450200
-22,95270631;-5,44450200
-22,94246631;-5,44450200
-22,93222631;-5,44450200
-22,92198631;-5,44450200
-22,91174631;-5,44450200
-22,90150631;-5,44450200
-22,89126631;-5,44450200
-22,88102631;-5,44450200
-22,87078631;-5,44450200
-22,86054631;-5,44450200
-22,85030631;-5,44450200
-22,84006631;-5,44450200
-22,82982631;-5,44450200
-22,81958631;-5,44450200
-22,80934631;-5,44450200
-22,79910631;-5,44450200
-22,78886631;-5,44450200
-22,77862631;-5,44450200
-22,76838631;-5,44450200
-22,75814631;-5,44450200
-22,74790631;-5,44450200
-22,73766631;-5,44450200
-22,72742631;-5,44450200
-22,71718631;-5,44450200
-22,70694631;-5,44450200
-22,69670631;-5,44450200
-22,68646631;-5,44450200
-22,67622631;-5,44450200
-22,66598631;-5,44450200
-22,65574631;-5,44450200
-22,64550631;-5,44450200
-22,63526631;-5,44450200
-22,62502631;-5,44450200
-22,61478631;-5,44450200
-22,60454631;-5,44450200
-22,59430631;-5,44450200
-22,58406631;-5,44450200
-22,57382631;-5,44450200
-22,56358631;-5,44450200
-22,55334631;-5,44450200
-22,54310631;-5,44450200
-22,53286631;-5,44450200
-22,52262631;-5,44450200
-22,51238631;-5,44450200
-22,50214631;-5,44450200
-22,49190631;-5,44450200
-22,48166631;-5,44450200
-22,47142631;-5,26444300
-22,46118631;-5,44450200
-22,45094631;-5,44450200
-22,44070631;-5,44450200
-22,43046631;-5,44450200
-22,42022631;-5,44450200
-22,40998631;-5,44450200
-22,39974631;-5,44450200
-22,38950631;-5,44450200
-22,37926631;-5,44450200
-22,36902631;-5,44450200
-22,35878631;-5,44450200
-22,34854631;-5,44450200
-22,33830631;-5,44450200
-22,32806631;-5,44450200
-22,31782631;-5,44450200
-22,30758631;-5,44450200
-22,29734631;-5,44450200
-22,28710631;-5,44450200
-22,27686631;-5,44450200
-22,26662631;-5,44450200
-22,25638631;-5,44450200
-22,24614631;-5,44450200
-22,23590631;-5,44450200
-22,22566631;-5,44450200
-22,21542631;-5,44450200
-22,20518631;-5,26444300
-22,19494631;-5,44450200
-22,18470631;-5,44450200
-22,17446631;-5,44450200
-22,16422631;-5,44450200
-22,15398631;-5,44450200
-22,14374631;-5,44450200
-22,13350631;-5,44450200
-22,12326631;-5,44450200
-22,11302631;-5,44450200
-22,10278631;-5,44450200
-22,09254631;-5,44450200
-22,08230631;-5,44450200
-22,07206631;-5,44450200
-22,06182631;-5,44450200
-22,05158631;-5,26444300
-22,04134631;-5,44450200
-22,03110631;-5,44450200
-22,02086631;-5,44450200
-22,01062632;-5,44450200
-22,00038632;-5,44450200
-21,99014632;-5,44450200
-21,97990632;-5,44450200
-21,96966632;-5,44450200
-21,95942632;-5,44450200
-21,94918632;-5,26444300
-21,93894632;-5,44450200
-21,92870632;-5,44450200
-21,91846632;-5,44450200
-21,90822632;-5,44450200
-21,89798632;-5,44450200
-21,88774632;-5,44450200
-21,87750632;-5,44450200
-21,86726632;-5,44450200
-21,85702632;-5,44450200
-21,84678632;-5,44450200
-21,83654632;-5,44450200
-21,82630632;-5,44450200
-21,81606632;-5,44450200
-21,80582632;-5,44450200
-21,79558632;-5,44450200
-21,78534632;-5,44450200
-21,77510632;-5,44450200
-21,76486632;-5,44450200
-21,75462632;-5,44450200
-21,74438632;-5,44450200
-21,73414632;-5,44450200
-21,72390632;-5,44450200
-21,71366632;-5,44450200
-21,70342632;-5,44450200
-21,69318632;-5,44450200
-21,68294632;-5,44450200
-21,67270632;-5,44450200
-21,66246632;-5,44450200
-21,65222632;-5,44450200
-21,64198632;-5,44450200
-21,63174632;-5,44450200
-21,62150632;-5,44450200
-21,61126632;-5,44450200
-21,60102632;-5,26444300
-21,59078632;-5,44450200
-21,58054632;-5,26444300
-21,57030632;-5,44450200
-21,56006632;-5,44450200
-21,54982632;-5,44450200
-21,53958632;-5,44450200
-21,52934632;-5,26444300
-21,51910632;-5,26444300
-21,50886632;-5,44450200
-21,49862632;-5,44450200
-21,48838632;-5,44450200
-21,47814632;-5,44450200
-21,46790632;-5,26444300
-21,45766632;-5,26444300
-21,44742632;-5,44450200
-21,43718632;-5,26444300
-21,42694632;-5,44450200
-21,41670632;-5,44450200
-21,40646632;-5,26444300
-21,39622632;-5,44450200
-21,38598632;-5,44450200
-21,37574632;-5,44450200
-21,36550632;-5,44450200
-21,35526632;-5,44450200
-21,34502632;-5,44450200
-21,33478632;-5,44450200
-21,32454632;-5,44450200
-21,31430632;-5,44450200
-21,30406632;-5,26444300
-21,29382632;-5,44450200
-21,28358632;-5,26444300
-21,27334632;-5,44450200
-21,26310632;-5,26444300
-21,25286632;-5,44450200
-21,24262632;-5,26444300
-21,23238632;-5,44450200
-21,22214632;-5,44450200
-21,21190632;-5,26444300
-21,20166632;-5,26444300
-21,19142632;-5,44450200
-21,18118632;-5,26444300
-21,17094632;-5,44450200
-21,16070632;-5,26444300
-21,15046632;-5,26444300
-21,14022632;-5,26444300
-21,12998632;-5,26444300
-21,11974632;-5,26444300
-21,10950632;-5,44450200
-21,09926632;-5,44450200
-21,08902632;-5,26444300
-21,07878632;-5,44450200
-21,06854632;-5,26444300
-21,05830632;-5,26444300
-21,04806632;-5,44450200
-21,03782632;-5,44450200
-21,02758632;-5,44450200
-21,01734632;-5,44450200
-21,00710632;-5,44450200
-20,99686632;-5,44450200
-20,98662632;-5,26444300
-20,97638632;-5,26444300
-20,96614632;-5,08499400
-20,95590632;-5,08499400
-20,94566632;-5,08499400
-20,93542632;-5,08499400
-20,92518632;-5,08499400
-20,91494632;-5,08499400
-20,90470632;-5,08499400
-20,89446632;-5,08499400
-20,88422632;-5,08499400
-20,87398632;-4,72609600
-20,86374632;-4,72609600
-20,85350632;-4,72609600
-20,84326632;-4,54664800
-20,83302632;-4,72609600
-20,82278632;-4,54664800
-20,81254632;-4,54664800
-20,80230632;-4,54664800
-20,79206632;-4,36658800
-20,78182632;-4,36658800
-20,77158632;-4,36658800
-20,76134632;-4,00769000
-20,75110632;-4,00769000
-20,74086632;-4,00769000
-20,73062632;-4,00769000
-20,72038632;-4,00769000
-20,71014632;-4,00769000
-20,69990632;-4,00769000
-20,68966632;-3,82824200
-20,67942632;-3,64879300
-20,66918632;-3,64879300
-20,65894632;-3,64879300
-20,64870632;-3,64879300
-20,63846632;-3,64879300
-20,62822632;-3,64879300
-20,61798632;-3,46873400
-20,60774632;-3,46873400
-20,59750632;-3,28928500
-20,58726632;-3,28928500
-20,57702632;-3,28928500
-20,56678632;-3,10983600
-20,55654632;-3,10983600
-20,54630632;-3,10983600
-20,53606632;-2,93038700
-20,52582632;-2,93038700
-20,51558632;-2,93038700
-20,50534632;-2,93038700
-20,49510632;-2,93038700
-20,48486632;-2,93038700
-20,47462632;-2,93038700
-20,46438632;-2,93038700
-20,45414632;-2,57087900
-20,44390632;-2,75093800
-20,43366632;-2,75093800
-20,42342632;-2,75093800
-20,41318632;-2,57087900
-20,40294632;-2,57087900
-20,39270632;-2,57087900
-20,38246632;-2,57087900
-20,37222632;-2,57087900
-20,36198633;-2,21198200
-20,35174633;-2,21198200
-20,34150633;-2,21198200
-20,33126633;-2,21198200
-20,32102633;-2,21198200
-20,31078633;-2,21198200
-20,30054633;-2,21198200
-20,29030633;-1,85308400
-20,28006633;-1,85308400
-20,26982633;-1,85308400
-20,25958633;-1,67302500
-20,24934633;-1,49357600
-20,23910633;-1,49357600
-20,22886633;-1,49357600
-20,21862633;-1,49357600
-20,20838633;-1,49357600
-20,19814633;-1,49357600
-20,18790633;-1,13467800
-20,17766633;-1,13467800
-20,16742633;-1,13467800
-20,15718633;-1,13467800
-20,14694633;-0,95522930
-20,13670633;-0,77517010
-20,12646633;-0,77517010
-20,11622633;-0,77517010
-20,10598633;-0,77517010
-20,09574633;-0,77517010
-20,08550633;-0,77517010
-20,07526633;-0,59572130
-20,06502633;-0,41627250
-20,05478633;-0,41627250
-20,04454633;-0,41627250
-20,03430633;-0,41627250
-20,02406633;-0,41627250
-20,01382633;-0,41627250
-20,00358633;-0,41627250
-19,99334633;-0,05737480
-19,98310633;-0,05737480
-19,97286633;-0,05737480
-19,96262633;-0,05737480
-19,95238633;0,12207400
-19,94214633;0,12207400
-19,93190633;0,12207400
-19,92166633;0,12207400
-19,91142633;0,30152290
-19,90118633;0,30152290
-19,89094633;0,30152290
-19,88070633;0,30152290
-19,87046633;0,48097170
-19,86022633;0,66042050
-19,84998633;0,66042050
-19,83974633;0,66042050
-19,82950633;0,66042050
-19,81926633;0,66042050
-19,80902633;0,66042050
-19,79878633;0,66042050
-19,78854633;0,84047970
-19,77830633;1,01992900
-19,76806633;1,01992900
-19,75782633;1,01992900
-19,74758633;1,19937700
-19,73734633;1,19937700
-19,72710633;1,01992900
-19,71686633;1,19937700
-19,70662633;1,37882600
-19,69638633;1,37882600
-19,68614633;1,37882600
-19,67590633;1,55827500
-19,66566633;1,73833400
-19,65542633;1,73833400
-19,64518633;1,73833400
-19,63494633;1,73833400
-19,62470633;1,73833400
-19,61446633;1,73833400
-19,60422633;1,73833400
-19,59398633;1,91778300
-19,58374633;2,09723200
-19,57350633;2,09723200
-19,56326633;2,09723200
-19,55302633;2,09723200
-19,54278633;2,09723200
-19,53254633;2,09723200
-19,52230633;2,09723200
-19,51206633;2,27668100
-19,50182633;2,45613000
-19,49158633;2,27668100
-19,48134633;2,45613000
-19,47110633;2,45613000
-19,46086633;2,45613000
-19,45062633;2,63618900
-19,44038633;2,63618900
-19,43014633;2,63618900
-19,41990633;2,81563800
-19,40966633;2,81563800
-19,39942633;2,81563800
-19,38918633;2,81563800
-19,37894633;2,81563800
-19,36870633;3,17453500
-19,35846633;3,17453500
-19,34822633;3,17453500
-19,33798633;3,17453500
-19,32774633;3,17453500
-19,31750633;3,17453500
-19,30726633;3,17453500
-19,29702633;3,35398400
-19,28678633;3,35398400
-19,27654633;3,53404300
-19,26630633;3,53404300
-19,25606633;3,53404300
-19,24582633;3,53404300
-19,23558633;3,53404300
-19,22534633;3,53404300
-19,21510633;3,53404300
-19,20486633;3,53404300
-19,19462633;3,89294100
-19,18438633;3,89294100
-19,17414633;3,89294100
-19,16390633;3,89294100
-19,15366633;3,89294100
-19,14342633;3,89294100
-19,13318633;3,89294100
-19,12294633;4,07239000
-19,11270633;4,07239000
-19,10246633;4,07239000
-19,09222633;4,25183900
-19,08198633;4,25183900
-19,07174633;4,25183900
-19,06150633;4,43189800
-19,05126633;4,43189800
-19,04102633;4,43189800
-19,03078633;4,61134700
-19,02054633;4,61134700
-19,01030633;4,61134700
-19,00006633;4,61134700
-18,98982633;4,79079600
-18,97958633;4,79079600
-18,96934633;4,97024400
-18,95910633;4,97024400
-18,94886633;4,97024400
-18,93862633;4,97024400
-18,92838633;4,97024400
-18,91814633;5,14969300
-18,90790633;5,14969300
-18,89766633;5,14969300
-18,88742633;5,32975200
-18,87718633;5,32975200
-18,86694633;5,32975200
-18,85670633;5,32975200
-18,84646633;5,32975200
-18,83622633;5,50920200
-18,82598633;5,50920200
-18,81574633;5,50920200
-18,80550633;5,50920200
-18,79526633;5,50920200
-18,78502633;5,68865000
-18,77478633;5,68865000
-18,76454633;5,68865000
-18,75430633;5,68865000
-18,74406633;5,68865000
-18,73382633;5,86809900
-18,72358633;6,04754800
-18,71334634;6,04754800
-18,70310634;6,04754800
-18,69286634;6,04754800
-18,68262634;6,04754800
-18,67238634;6,22760700
-18,66214634;6,22760700
-18,65190634;6,22760700
-18,64166634;6,22760700
-18,63142634;6,40705600
-18,62118634;6,40705600
-18,61094634;6,40705600
-18,60070634;6,40705600
-18,59046634;6,40705600
-18,58022634;6,58650500
-18,56998634;6,76595400
-18,55974634;6,76595400
-18,54950634;6,76595400
-18,53926634;6,76595400
-18,52902634;6,76595400
-18,51878634;6,94540200
-18,50854634;7,12546200
-18,49830634;7,12546200
-18,48806634;7,12546200
-18,47782634;7,12546200
-18,46758634;7,30491100
-18,45734634;7,12546200
-18,44710634;7,30491100
-18,43686634;7,48435900
-18,42662634;7,48435900
-18,41638634;7,48435900
-18,40614634;7,48435900
-18,39590634;7,48435900
-18,38566634;7,48435900
-18,37542634;7,66380800
-18,36518634;7,84325700
-18,35494634;7,84325700
-18,34470634;7,84325700
-18,33446634;7,84325700
-18,32422634;7,84325700
-18,31398634;7,84325700
-18,30374634;8,02331600
-18,29350634;8,02331600
-18,28326634;8,20276500
-18,27302634;8,20276500
-18,26278634;8,20276500
-18,25254634;8,20276500
-18,24230634;8,38221400
-18,23206634;8,38221400
-18,22182634;8,38221400
-18,21158634;8,56166300
-18,20134634;8,56166300
-18,19110634;8,56166300
-18,18086634;8,56166300
-18,17062634;8,56166300
-18,16038634;8,56166300
-18,15014634;8,74111200
-18,13990634;8,74111200
-18,12966634;8,92117000
-18,11942634;8,92117000
-18,10918634;8,92117000
-18,09894634;8,92117000
-18,08870634;8,92117000
-18,07846634;8,92117000
-18,06822634;9,10061900
-18,05798634;9,10061900
-18,04774634;9,28006800
-18,03750634;9,28006800
-18,02726634;9,28006800
-18,01702634;9,28006800
-18,00678634;9,28006800
-17,99654634;9,28006800
-17,98630634;9,28006800
-17,97606634;9,28006800
-17,96582634;9,45951700
-17,95558634;9,45951700
-17,94534634;9,45951700
-17,93510634;9,45951700
-17,92486634;9,63896600
-17,91462634;9,63896600
-17,90438634;9,63896600
-17,89414634;9,63896600
-17,88390634;9,63896600
-17,87366634;9,63896600
-17,86342634;9,81902500
-17,85318634;9,81902500
-17,84294634;9,81902500
-17,83270634;9,81902500
-17,82246634;9,81902500
-17,81222634;9,81902500
-17,80198634;9,99847400
-17,79174634;9,99847400
-17,78150634;9,99847400
-17,77126634;9,99847400
-17,76102634;9,99847400
-17,75078634;9,99847400
-17,74054634;9,99847400
-17,73030634;9,99847400
-17,72006634;9,99847400
-17,70982634;9,99847400
-17,69958634;9,99847400
-17,68934634;10,17792000
-17,67910634;10,35737000
-17,66886634;10,35737000
-17,65862634;10,35737000
-17,64838634;10,35737000
-17,63814634;10,35737000
-17,62790634;10,35737000
-17,61766634;10,35737000
-17,60742634;10,35737000
-17,59718634;10,35737000
-17,58694634;10,53682000
-17,57670634;10,53682000
-17,56646634;10,53682000
-17,55622634;10,71688000
-17,54598634;10,71688000
-17,53574634;10,71688000
-17,52550634;10,53682000
-17,51526634;10,71688000
-17,50502634;10,71688000
-17,49478634;10,71688000
-17,48454634;10,71688000
-17,47430634;10,71688000
-17,46406634;10,71688000
-17,45382634;10,89633000
-17,44358634;10,71688000
-17,43334634;10,89633000
-17,42310634;10,89633000
-17,41286634;10,89633000
-17,40262634;11,07578000
-17,39238634;11,07578000
-17,38214634;11,07578000
-17,37190634;11,07578000
-17,36166634;11,07578000
-17,35142634;11,07578000
-17,34118634;11,07578000
-17,33094634;11,25523000
-17,32070634;11,25523000
-17,31046634;11,25523000
-17,30022634;11,07578000
-17,28998634;11,25523000
-17,27974634;11,43529000
-17,26950634;11,43529000
-17,25926634;11,43529000
-17,24902634;11,43529000
-17,23878634;11,43529000
-17,22854634;11,43529000
-17,21830634;11,43529000
-17,20806634;11,43529000
-17,19782634;11,43529000
-17,18758634;11,43529000
-17,17734634;11,43529000
-17,16710634;11,61473000
-17,15686634;11,43529000
-17,14662634;11,61473000
-17,13638634;11,61473000
-17,12614634;11,79418000
-17,11590634;11,79418000
-17,10566634;11,61473000
-17,09542634;11,61473000
-17,08518634;11,79418000
-17,07494635;11,79418000
-17,06470635;11,79418000
-17,05446635;11,79418000
-17,04422635;11,79418000
-17,03398635;11,79418000
-17,02374635;11,79418000
-17,01350635;11,79418000
-17,00326635;11,79418000
-16,99302635;11,79418000
-16,98278635;11,79418000
-16,97254635;11,79418000
-16,96230635;11,79418000
-16,95206635;11,79418000
-16,94182635;11,79418000
-16,93158635;11,79418000
-16,92134635;11,79418000
-16,91110635;11,79418000
-16,90086635;11,79418000
-16,89062635;11,97363000
-16,88038635;11,97363000
-16,87014635;11,97363000
-16,85990635;11,97363000
-16,84966635;11,97363000
-16,83942635;11,97363000
-16,82918635;11,97363000
-16,81894635;11,97363000
-16,80870635;11,97363000
-16,79846635;12,15308000
-16,78822635;12,15308000
-16,77798635;12,15308000
-16,76774635;12,15308000
-16,75750635;12,15308000
-16,74726635;12,15308000
-16,73702635;12,15308000
-16,72678635;12,15308000
-16,71654635;12,15308000
-16,70630635;12,15308000
-16,69606635;12,15308000
-16,68582635;12,15308000
-16,67558635;12,15308000
-16,66534635;12,15308000
-16,65510635;12,15308000
-16,64486635;12,15308000
-16,63462635;12,15308000
-16,62438635;12,15308000
-16,61414635;12,15308000
-16,60390635;12,15308000
-16,59366635;12,15308000
-16,58342635;12,15308000
-16,57318635;12,15308000
-16,56294635;12,15308000
-16,55270635;12,15308000
-16,54246635;12,15308000
-16,53222635;12,15308000
-16,52198635;12,15308000
-16,51174635;12,15308000
-16,50150635;12,15308000
-16,49126635;12,15308000
-16,48102635;12,15308000
-16,47078635;12,15308000
-16,46054635;12,15308000
-16,45030635;12,15308000
-16,44006635;12,15308000
-16,42982635;12,15308000
-16,41958635;12,15308000
-16,40934635;12,15308000
-16,39910635;12,15308000
-16,38886635;12,33314000
-16,37862635;12,15308000
-16,36838635;12,33314000
-16,35814635;12,15308000
-16,34790635;12,15308000
-16,33766635;12,33314000
-16,32742635;12,15308000
-16,31718635;12,15308000
-16,30694635;12,15308000
-16,29670635;12,15308000
-16,28646635;12,15308000
-16,27622635;12,15308000
-16,26598635;12,33314000
-16,25574635;12,15308000
-16,24550635;12,15308000
-16,23526635;12,15308000
-16,22502635;12,15308000
-16,21478635;12,15308000
-16,20454635;12,15308000
-16,19430635;12,15308000
-16,18406635;12,15308000
-16,17382635;12,15308000
-16,16358635;12,15308000
-16,15334635;12,15308000
-16,14310635;12,15308000
-16,13286635;12,15308000
-16,12262635;12,33314000
-16,11238635;12,15308000
-16,10214635;12,15308000
-16,09190635;12,15308000
-16,08166635;12,15308000
-16,07142635;12,15308000
-16,06118635;12,15308000
-16,05094635;12,33314000
-16,04070635;12,15308000
-16,03046635;12,15308000
-16,02022635;12,15308000
-16,00998635;12,15308000
-15,99974635;12,15308000
-15,98950635;12,15308000
-15,97926635;12,15308000
-15,96902635;12,15308000
-15,95878635;12,15308000
-15,94854635;12,15308000
-15,93830635;12,33314000
-15,92806635;12,15308000
-15,91782635;12,33314000
-15,90758635;12,15308000
-15,89734635;12,15308000
-15,88710635;12,15308000
-15,87686635;12,33314000
-15,86662635;12,15308000
-15,85638635;12,15308000
-15,84614635;12,15308000
-15,83590635;12,15308000
-15,82566635;12,33314000
-15,81542635;12,15308000
-15,80518635;12,15308000
-15,79494635;12,15308000
-15,78470635;12,33314000
-15,77446635;12,33314000
-15,76422635;12,15308000
-15,75398635;12,33314000
-15,74374635;12,33314000
-15,73350635;12,15308000
-15,72326635;12,33314000
-15,71302635;12,33314000
-15,70278635;12,15308000
-15,69254635;12,33314000
-15,68230635;12,15308000
-15,67206635;12,33314000
-15,66182635;12,33314000
-15,65158635;12,33314000
-15,64134635;12,15308000
-15,63110635;12,15308000
-15,62086635;12,15308000
-15,61062635;12,33314000
-15,60038635;12,33314000
-15,59014635;12,15308000
-15,57990635;12,33314000
-15,56966635;12,33314000
-15,55942635;12,15308000
-15,54918635;12,15308000
-15,53894635;12,15308000
-15,52870635;12,15308000
-15,51846635;12,15308000
-15,50822635;12,15308000
-15,49798635;12,15308000
-15,48774635;12,15308000
-15,47750635;12,15308000
-15,46726635;12,15308000
-15,45702635;12,15308000
-15,44678635;12,15308000
-15,43654635;12,15308000
-15,42630636;12,15308000
-15,41606636;12,15308000
-15,40582636;12,15308000
-15,39558636;12,15308000
-15,38534636;12,15308000
-15,37510636;12,15308000
-15,36486636;12,15308000
-15,35462636;12,15308000
-15,34438636;12,15308000
-15,33414636;12,15308000
-15,32390636;12,15308000
-15,31366636;12,15308000
-15,30342636;12,15308000
-15,29318636;12,15308000
-15,28294636;12,15308000
-15,27270636;12,15308000
-15,26246636;12,15308000
-15,25222636;11,97363000
-15,24198636;11,97363000
-15,23174636;11,79418000
-15,22150636;11,97363000
-15,21126636;11,79418000
-15,20102636;11,79418000
-15,19078636;11,79418000
-15,18054636;11,79418000
-15,17030636;11,97363000
-15,16006636;11,79418000
-15,14982636;11,79418000
-15,13958636;11,79418000
-15,12934636;11,79418000
-15,11910636;11,79418000
-15,10886636;11,79418000
-15,09862636;11,61473000
-15,08838636;11,79418000
-15,07814636;11,79418000
-15,06790636;11,79418000
-15,05766636;11,79418000
-15,04742636;11,61473000
-15,03718636;11,43529000
-15,02694636;11,43529000
-15,01670636;11,61473000
-15,00646636;11,61473000
-14,99622636;11,43529000
-14,98598636;11,61473000
-14,97574636;11,79418000
-14,96550636;11,79418000
-14,95526636;11,61473000
-14,94502636;11,61473000
-14,93478636;11,43529000
-14,92454636;11,43529000
-14,91430636;11,43529000
-14,90406636;11,43529000
-14,89382636;11,43529000
-14,88358636;11,43529000
-14,87334636;11,61473000
-14,86310636;11,61473000
-14,85286636;11,43529000
-14,84262636;11,43529000
-14,83238636;11,43529000
-14,82214636;11,43529000
-14,81190636;11,43529000
-14,80166636;11,43529000
-14,79142636;11,43529000
-14,78118636;11,43529000
-14,77094636;11,43529000
-14,76070636;11,43529000
-14,75046636;11,43529000
-14,74022636;11,43529000
-14,72998636;11,25523000
-14,71974636;11,43529000
-14,70950636;11,43529000
-14,69926636;11,43529000
-14,68902636;11,43529000
-14,67878636;11,43529000
-14,66854636;11,43529000
-14,65830636;11,25523000
-14,64806636;11,25523000
-14,63782636;11,25523000
-14,62758636;11,07578000
-14,61734636;11,07578000
-14,60710636;11,07578000
-14,59686636;11,07578000
-14,58662636;11,07578000
-14,57638636;11,25523000
-14,56614636;11,25523000
-14,55590636;11,07578000
-14,54566636;11,07578000
-14,53542636;10,89633000
-14,52518636;10,71688000
-14,51494636;10,89633000
-14,50470636;10,89633000
-14,49446636;10,89633000
-14,48422636;10,89633000
-14,47398636;10,89633000
-14,46374636;10,89633000
-14,45350636;10,71688000
-14,44326636;10,71688000
-14,43302636;10,53682000
-14,42278636;10,53682000
-14,41254636;10,71688000
-14,40230636;10,71688000
-14,39206636;10,71688000
-14,38182636;10,71688000
-14,37158636;10,71688000
-14,36134636;10,53682000
-14,35110636;10,53682000
-14,34086636;10,35737000
-14,33062636;10,17792000
-14,32038636;10,35737000
-14,31014636;10,35737000
-14,29990636;10,35737000
-14,28966636;10,35737000
-14,27942636;10,35737000
-14,26918636;10,35737000
-14,25894636;10,35737000
-14,24870636;10,17792000
-14,23846636;9,99847400
-14,22822636;9,99847400
-14,21798636;9,99847400
-14,20774636;9,99847400
-14,19750636;9,99847400
-14,18726636;9,99847400
-14,17702636;9,99847400
-14,16678636;9,99847400
-14,15654636;9,99847400
-14,14630636;9,81902500
-14,13606636;9,63896600
-14,12582636;9,63896600
-14,11558636;9,63896600
-14,10534636;9,81902500
-14,09510636;9,63896600
-14,08486636;9,81902500
-14,07462636;9,81902500
-14,06438636;9,63896600
-14,05414636;9,63896600
-14,04390636;9,45951700
-14,03366636;9,28006800
-14,02342636;9,28006800
-14,01318636;9,28006800
-14,00294636;9,45951700
-13,99270636;9,28006800
-13,98246636;9,45951700
-13,97222636;9,45951700
-13,96198636;9,28006800
-13,95174636;9,28006800
-13,94150636;9,28006800
-13,93126636;8,92117000
-13,92102636;8,92117000
-13,91078636;9,10061900
-13,90054636;9,10061900
-13,89030636;9,10061900
-13,88006636;9,10061900
-13,86982636;9,28006800
-13,85958636;9,10061900
-13,84934636;8,92117000
-13,83910636;8,92117000
-13,82886636;8,56166300
-13,81862636;8,56166300
-13,80838636;8,74111200
-13,79814636;8,74111200
-13,78790636;8,92117000
-13,77766637;8,92117000
-13,76742637;8,74111200
-13,75718637;8,56166300
-13,74694637;8,56166300
-13,73670637;8,38221400
-13,72646637;8,20276500
-13,71622637;8,20276500
-13,70598637;8,38221400
-13,69574637;8,20276500
-13,68550637;8,20276500
-13,67526637;8,20276500
-13,66502637;8,20276500
-13,65478637;8,20276500
-13,64454637;8,20276500
-13,63430637;7,84325700
-13,62406637;7,84325700
-13,61382637;7,84325700
-13,60358637;7,84325700
-13,59334637;7,84325700
-13,58310637;7,84325700
-13,57286637;7,84325700
-13,56262637;7,84325700
-13,55238637;7,84325700
-13,54214637;7,48435900
-13,53190637;7,48435900
-13,52166637;7,30491100
-13,51142637;7,30491100
-13,50118637;7,48435900
-13,49094637;7,48435900
-13,48070637;7,48435900
-13,47046637;7,48435900
-13,46022637;7,48435900
-13,44998637;7,12546200
-13,43974637;7,12546200
-13,42950637;6,94540200
-13,41926637;6,76595400
-13,40902637;6,76595400
-13,39878637;6,76595400
-13,38854637;6,76595400
-13,37830637;6,94540200
-13,36806637;6,94540200
-13,35782637;6,76595400
-13,34758637;6,76595400
-13,33734637;6,40705600
-13,32710637;6,22760700
-13,31686637;6,22760700
-13,30662637;6,40705600
-13,29638637;6,40705600
-13,28614637;6,40705600
-13,27590637;6,40705600
-13,26566637;6,40705600
-13,25542637;6,22760700
-13,24518637;6,04754800
-13,23494637;5,86809900
-13,22470637;5,68865000
-13,21446637;5,68865000
-13,20422637;5,68865000
-13,19398637;5,68865000
-13,18374637;5,68865000
-13,17350637;5,68865000
-13,16326637;5,68865000
-13,15302637;5,68865000
-13,14278637;5,50920200
-13,13254637;5,32975200
-13,12230637;5,14969300
-13,11206637;5,14969300
-13,10182637;5,14969300
-13,09158637;5,32975200
-13,08134637;5,32975200
-13,07110637;5,32975200
-13,06086637;5,32975200
-13,05062637;5,14969300
-13,04038637;4,97024400
-13,03014637;4,79079600
-13,01990637;4,61134700
-13,00966637;4,61134700
-12,99942637;4,61134700
-12,98918637;4,61134700
-12,97894637;4,79079600
-12,96870637;4,61134700
-12,95846637;4,61134700
-12,94822637;4,61134700
-12,93798637;4,25183900
-12,92774637;4,07239000
-12,91750637;4,07239000
-12,90726637;4,07239000
-12,89702637;4,07239000
-12,88678637;4,25183900
-12,87654637;4,25183900
-12,86630637;4,07239000
-12,85606637;4,07239000
-12,84582637;3,89294100
-12,83558637;3,71349200
-12,82534637;3,53404300
-12,81510637;3,53404300
-12,80486637;3,53404300
-12,79462637;3,53404300
-12,78438637;3,53404300
-12,77414637;3,53404300
-12,76390637;3,53404300
-12,75366637;3,53404300
-12,74342637;3,17453500
-12,73318637;3,17453500
-12,72294637;3,17453500
-12,71270637;2,99508600
-12,70246637;2,81563800
-12,69222637;2,99508600
-12,68198637;2,99508600
-12,67174637;2,81563800
-12,66150637;2,81563800
-12,65126637;2,63618900
-12,64102637;2,45613000
-12,63078637;2,45613000
-12,62054637;2,45613000
-12,61030637;2,45613000
-12,60006637;2,45613000
-12,58982637;2,45613000
-12,57958637;2,27668100
-12,56934637;2,09723200
-12,55910637;2,09723200
-12,54886637;1,91778300
-12,53862637;1,91778300
-12,52838637;1,73833400
-12,51814637;1,73833400
-12,50790637;1,73833400
-12,49766637;1,73833400
-12,48742637;1,55827500
-12,47718637;1,37882600
-12,46694637;1,37882600
-12,45670637;1,37882600
-12,44646637;1,37882600
-12,43622637;1,19937700
-12,42598637;1,19937700
-12,41574637;1,01992900
-12,40550637;1,01992900
-12,39526637;1,01992900
-12,38502637;0,84047970
-12,37478637;0,84047970
-12,36454637;0,66042050
-12,35430637;0,66042050
-12,34406637;0,66042050
-12,33382637;0,66042050
-12,32358637;0,48097170
-12,31334637;0,30152290
-12,30310637;0,48097170
-12,29286637;0,48097170
-12,28262637;0,30152290
-12,27238637;0,30152290
-12,26214637;0,30152290
-12,25190637;0,48097170
-12,24166637;0,30152290
-12,23142637;0,30152290
-12,22118637;-0,05737480
-12,21094637;-0,05737480
-12,20070637;0,12207400
-12,19046637;-0,05737480
-12,18022637;0,12207400
-12,16998637;-0,05737480
-12,15974637;0,12207400
-12,14950637;-0,05737480
-12,13926638;-0,05737480
-12,12902638;-0,41627250
-12,11878638;-0,41627250
-12,10854638;-0,41627250
-12,09830638;-0,41627250
-12,08806638;-0,41627250
-12,07782638;-0,59572130
-12,06758638;-0,41627250
-12,05734638;-0,77517010
-12,04710638;-0,77517010
-12,03686638;-0,95522930
-12,02662638;-1,13467800
-12,01638638;-1,13467800
-12,00614638;-1,13467800
-11,99590638;-1,31412700
-11,98566638;-1,31412700
-11,97542638;-1,31412700
-11,96518638;-1,31412700
-11,95494638;-1,49357600
-11,94470638;-1,49357600
-11,93446638;-1,67302500
-11,92422638;-1,85308400
-11,91398638;-1,85308400
-11,90374638;-1,85308400
-11,89350638;-2,03253300
-11,88326638;-2,03253300
-11,87302638;-1,85308400
-11,86278638;-2,21198200
-11,85254638;-2,21198200
-11,84230638;-2,21198200
-11,83206638;-2,57087900
-11,82182638;-2,57087900
-11,81158638;-2,57087900
-11,80134638;-2,57087900
-11,79110638;-2,57087900
-11,78086638;-2,57087900
-11,77062638;-2,57087900
-11,76038638;-2,57087900
-11,75014638;-2,57087900
-11,73990638;-2,93038700
-11,72966638;-2,93038700
-11,71942638;-3,10983600
-11,70918638;-3,10983600
-11,69894638;-2,93038700
-11,68870638;-2,93038700
-11,67846638;-3,10983600
-11,66822638;-3,10983600
-11,65798638;-3,10983600
-11,64774638;-3,28928500
-11,63750638;-3,28928500
-11,62726638;-3,64879300
-11,61702638;-3,64879300
-11,60678638;-3,64879300
-11,59654638;-3,64879300
-11,58630638;-3,64879300
-11,57606638;-3,64879300
-11,56582638;-3,64879300
-11,55558638;-3,64879300
-11,54534638;-3,82824200
-11,53510638;-3,82824200
-11,52486638;-4,00769000
-11,51462638;-4,00769000
-11,50438638;-4,00769000
-11,49414638;-4,00769000
-11,48390638;-4,00769000
-11,47366638;-4,00769000
-11,46342638;-4,00769000
-11,45318638;-4,18714000
-11,44294638;-4,18714000
-11,43270638;-4,36658800
-11,42246638;-4,54664800
-11,41222638;-4,54664800
-11,40198638;-4,72609600
-11,39174638;-4,54664800
-11,38150638;-4,54664800
-11,37126638;-4,72609600
-11,36102638;-4,72609600
-11,35078638;-4,72609600
-11,34054638;-4,90554500
-11,33030638;-5,08499400
-11,32006638;-5,08499400
-11,30982638;-5,08499400
-11,29958638;-5,08499400
-11,28934638;-5,08499400
-11,27910638;-5,08499400
-11,26886638;-5,08499400
-11,25862638;-5,08499400
-11,24838638;-5,26444300
-11,23814638;-5,44450200
-11,22790638;-5,44450200
-11,21766638;-5,44450200
-11,20742638;-5,44450200
-11,19718638;-5,44450200
-11,18694638;-5,62395100
-11,17670638;-5,62395100
-11,16646638;-5,62395100
-11,15622638;-5,62395100
-11,14598638;-5,80340000
-11,13574638;-5,80340000
-11,12550638;-5,98284900
-11,11526638;-5,80340000
-11,10502638;-5,80340000
-11,09478638;-5,80340000
-11,08454638;-5,98284900
-11,07430638;-5,98284900
-11,06406638;-5,98284900
-11,05382638;-5,98284900
-11,04358638;-5,80340000
-11,03334638;-5,80340000
-11,02310638;-5,80340000
-11,01286638;-5,80340000
-11,00262638;-5,80340000
-10,99238638;-5,80340000
-10,98214638;-5,80340000
-10,97190638;-5,98284900
-10,96166638;-5,80340000
-10,95142638;-5,80340000
-10,94118638;-5,80340000
-10,93094638;-5,80340000
-10,92070638;-5,80340000
-10,91046638;-5,80340000
-10,90022638;-5,80340000
-10,88998638;-5,80340000
-10,87974638;-5,80340000
-10,86950638;-5,80340000
-10,85926638;-5,80340000
-10,84902638;-5,80340000
-10,83878638;-5,80340000
-10,82854638;-5,80340000
-10,81830638;-5,80340000
-10,80806638;-5,80340000
-10,79782638;-5,80340000
-10,78758638;-5,80340000
-10,77734638;-5,80340000
-10,76710638;-5,80340000
-10,75686638;-5,80340000
-10,74662638;-5,80340000
-10,73638638;-5,80340000
-10,72614638;-5,80340000
-10,71590638;-5,80340000
-10,70566638;-5,80340000
-10,69542638;-5,80340000
-10,68518638;-5,80340000
-10,67494638;-5,80340000
-10,66470638;-5,80340000
-10,65446638;-5,80340000
-10,64422638;-5,80340000
-10,63398638;-5,80340000
-10,62374638;-5,80340000
-10,61350638;-5,80340000
-10,60326638;-5,80340000
-10,59302638;-5,80340000
-10,58278638;-5,80340000
-10,57254638;-5,80340000
-10,56230638;-5,80340000
-10,55206638;-5,80340000
-10,54182638;-5,80340000
-10,53158638;-5,80340000
-10,52134638;-5,80340000
-10,51110638;-5,80340000
-10,50086638;-5,80340000
-10,49062639;-5,80340000
-10,48038639;-5,80340000
-10,47014639;-5,80340000
-10,45990639;-5,80340000
-10,44966639;-5,80340000
-10,43942639;-5,80340000
-10,42918639;-5,80340000
-10,41894639;-5,80340000
-10,40870639;-5,80340000
-10,39846639;-5,80340000
-10,38822639;-5,80340000
-10,37798639;-5,80340000
-10,36774639;-5,80340000
-10,35750639;-5,80340000
-10,34726639;-5,80340000
-10,33702639;-5,80340000
-10,32678639;-5,80340000
-10,31654639;-5,80340000
-10,30630639;-5,80340000
-10,29606639;-5,80340000
-10,28582639;-5,80340000
-10,27558639;-5,80340000
-10,26534639;-5,80340000
-10,25510639;-5,80340000
-10,24486639;-5,80340000
-10,23462639;-5,80340000
-10,22438639;-5,80340000
-10,21414639;-5,80340000
-10,20390639;-5,80340000
-10,19366639;-5,80340000
-10,18342639;-5,80340000
-10,17318639;-5,80340000
-10,16294639;-5,80340000
-10,15270639;-5,80340000
-10,14246639;-5,80340000
-10,13222639;-5,80340000
-10,12198639;-5,80340000
-10,11174639;-5,80340000
-10,10150639;-5,80340000
-10,09126639;-5,80340000
-10,08102639;-5,80340000
-10,07078639;-5,80340000
-10,06054639;-5,80340000
-10,05030639;-5,80340000
-10,04006639;-5,80340000
-10,02982639;-5,80340000
-10,01958639;-5,80340000
-10,00934639;-5,80340000
-9,99910639;-5,80340000
-9,98886639;-5,80340000
-9,97862639;-5,80340000
-9,96838639;-5,80340000
-9,95814639;-5,80340000
-9,94790639;-5,80340000
-9,93766639;-5,80340000
-9,92742639;-5,80340000
-9,91718639;-5,80340000
-9,90694639;-5,80340000
-9,89670639;-5,80340000
-9,88646639;-5,80340000
-9,87622639;-5,80340000
-9,86598639;-5,80340000
-9,85574639;-5,80340000
-9,84550639;-5,80340000
-9,83526639;-5,80340000
-9,82502639;-5,80340000
-9,81478639;-5,80340000
-9,80454639;-5,80340000
-9,79430639;-5,80340000
-9,78406639;-5,80340000
-9,77382639;-5,80340000
-9,76358639;-5,80340000
-9,75334639;-5,80340000
-9,74310639;-5,80340000
-9,73286639;-5,80340000
-9,72262639;-5,80340000
-9,71238639;-5,80340000
-9,70214639;-5,80340000
-9,69190639;-5,80340000
-9,68166639;-5,80340000
-9,67142639;-5,80340000
-9,66118639;-5,80340000
-9,65094639;-5,80340000
-9,64070639;-5,80340000
-9,63046639;-5,80340000
-9,62022639;-5,80340000
-9,60998639;-5,80340000
-9,59974639;-5,80340000
-9,58950639;-5,80340000
-9,57926639;-5,80340000
-9,56902639;-5,80340000
-9,55878639;-5,80340000
-9,54854639;-5,80340000
-9,53830639;-5,80340000
-9,52806639;-5,80340000
-9,51782639;-5,80340000
-9,50758639;-5,80340000
-9,49734639;-5,80340000
-9,48710639;-5,80340000
-9,47686639;-5,80340000
-9,46662639;-5,80340000
-9,45638639;-5,80340000
-9,44614639;-5,80340000
-9,43590639;-5,80340000
-9,42566639;-5,80340000
-9,41542639;-5,80340000
-9,40518639;-5,80340000
-9,39494639;-5,80340000
-9,38470639;-5,80340000
-9,37446639;-5,80340000
-9,36422639;-5,80340000
-9,35398639;-5,80340000
-9,34374639;-5,80340000
-9,33350639;-5,80340000
-9,32326639;-5,80340000
-9,31302639;-5,80340000
-9,30278639;-5,80340000
-9,29254639;-5,80340000
-9,28230639;-5,80340000
-9,27206639;-5,80340000
-9,26182639;-5,80340000
-9,25158639;-5,80340000
-9,24134639;-5,80340000
-9,23110639;-5,80340000
-9,22086639;-5,80340000
-9,21062639;-5,80340000
-9,20038639;-5,80340000
-9,19014639;-5,80340000
-9,17990639;-5,80340000
-9,16966639;-5,80340000
-9,15942639;-5,80340000
-9,14918639;-5,80340000
-9,13894639;-5,80340000
-9,12870639;-5,80340000
-9,11846639;-5,80340000
-9,10822639;-5,80340000
-9,09798639;-5,80340000
-9,08774639;-5,80340000
-9,07750639;-5,80340000
-9,06726639;-5,80340000
-9,05702639;-5,80340000
-9,04678639;-5,80340000
-9,03654639;-5,80340000
-9,02630639;-5,80340000
-9,01606639;-5,80340000
-9,00582639;-5,80340000
-8,99558639;-5,80340000
-8,98534639;-5,80340000
-8,97510639;-5,80340000
-8,96486639;-5,80340000
-8,95462639;-5,80340000
-8,94438639;-5,80340000
-8,93414639;-5,80340000
-8,92390639;-5,80340000
-8,91366639;-5,80340000
-8,90342639;-5,80340000
-8,89318639;-5,80340000
-8,88294639;-5,80340000
-8,87270639;-5,80340000
-8,86246639;-5,80340000
-8,85222639;-5,80340000
-8,84198640;-5,80340000
-8,83174640;-5,80340000
-8,82150640;-5,80340000
-8,81126640;-5,80340000
-8,80102640;-5,80340000
-8,79078640;-5,80340000
-8,78054640;-5,80340000
-8,77030640;-5,80340000
-8,76006640;-5,80340000
-8,74982640;-5,80340000
-8,73958640;-5,80340000
-8,72934640;-5,80340000
-8,71910640;-5,80340000
-8,70886640;-5,80340000
-8,69862640;-5,80340000
-8,68838640;-5,80340000
-8,67814640;-5,80340000
-8,66790640;-5,80340000
-8,65766640;-5,80340000
-8,64742640;-5,80340000
-8,63718640;-5,80340000
-8,62694640;-5,80340000
-8,61670640;-5,80340000
-8,60646640;-5,80340000
-8,59622640;-5,80340000
-8,58598640;-5,80340000
-8,57574640;-5,80340000
-8,56550640;-5,80340000
-8,55526640;-5,80340000
-8,54502640;-5,80340000
-8,53478640;-5,80340000
-8,52454640;-5,80340000
-8,51430640;-5,80340000
-8,50406640;-5,80340000
-8,49382640;-5,80340000
-8,48358640;-5,80340000
-8,47334640;-5,80340000
-8,46310640;-5,80340000
-8,45286640;-5,80340000
-8,44262640;-5,80340000
-8,43238640;-5,80340000
-8,42214640;-5,80340000
-8,41190640;-5,80340000
-8,40166640;-5,80340000
-8,39142640;-5,80340000
-8,38118640;-5,80340000
-8,37094640;-5,80340000
-8,36070640;-5,80340000
-8,35046640;-5,80340000
-8,34022640;-5,80340000
-8,32998640;-5,80340000
-8,31974640;-5,80340000
-8,30950640;-5,80340000
-8,29926640;-5,80340000
-8,28902640;-5,80340000
-8,27878640;-5,80340000
-8,26854640;-5,80340000
-8,25830640;-5,80340000
-8,24806640;-5,80340000
-8,23782640;-5,80340000
-8,22758640;-5,80340000
-8,21734640;-5,80340000
-8,20710640;-5,80340000
-8,19686640;-5,80340000
-8,18662640;-5,80340000
-8,17638640;-5,80340000
-8,16614640;-5,80340000
-8,15590640;-5,80340000
-8,14566640;-5,80340000
-8,13542640;-5,80340000
-8,12518640;-5,80340000
-8,11494640;-5,80340000
-8,10470640;-5,80340000
-8,09446640;-5,80340000
-8,08422640;-5,80340000
-8,07398640;-5,80340000
-8,06374640;-5,80340000
-8,05350640;-5,80340000
-8,04326640;-5,80340000
-8,03302640;-5,80340000
-8,02278640;-5,80340000
-8,01254640;-5,80340000
-8,00230640;-5,80340000
-7,99206640;-5,80340000
-7,98182640;-5,80340000
-7,97158640;-5,80340000
-7,96134640;-5,80340000
-7,95110640;-5,80340000
-7,94086640;-5,80340000
-7,93062640;-5,80340000
-7,92038640;-5,80340000
-7,91014640;-5,80340000
-7,89990640;-5,80340000
-7,88966640;-5,80340000
-7,87942640;-5,80340000
-7,86918640;-5,80340000
-7,85894640;-5,80340000
-7,84870640;-5,80340000
-7,83846640;-5,80340000
-7,82822640;-5,80340000
-7,81798640;-5,80340000
-7,80774640;-5,80340000
-7,79750640;-5,80340000
-7,78726640;-5,80340000
-7,77702640;-5,80340000
-7,76678640;-5,80340000
-7,75654640;-5,80340000
-7,74630640;-5,80340000
-7,73606640;-5,80340000
-7,72582640;-5,80340000
-7,71558640;-5,80340000
-7,70534640;-5,80340000
-7,69510640;-5,80340000
-7,68486640;-5,62395100
-7,67462640;-5,80340000
-7,66438640;-5,80340000
-7,65414640;-5,80340000
-7,64390640;-5,80340000
-7,63366640;-5,80340000
-7,62342640;-5,80340000
-7,61318640;-5,80340000
-7,60294640;-5,80340000
-7,59270640;-5,80340000
-7,58246640;-5,80340000
-7,57222640;-5,62395100
-7,56198640;-5,80340000
-7,55174640;-5,80340000
-7,54150640;-5,80340000
-7,53126640;-5,80340000
-7,52102640;-5,80340000
-7,51078640;-5,80340000
-7,50054640;-5,80340000
-7,49030640;-5,62395100
-7,48006640;-5,80340000
-7,46982640;-5,80340000
-7,45958640;-5,80340000
-7,44934640;-5,80340000
-7,43910640;-5,80340000
-7,42886640;-5,80340000
-7,41862640;-5,62395100
-7,40838640;-5,62395100
-7,39814640;-5,80340000
-7,38790640;-5,80340000
-7,37766640;-5,80340000
-7,36742640;-5,62395100
-7,35718640;-5,80340000
-7,34694640;-5,80340000
-7,33670640;-5,80340000
-7,32646640;-5,62395100
-7,31622640;-5,80340000
-7,30598640;-5,80340000
-7,29574640;-5,80340000
-7,28550640;-5,80340000
-7,27526640;-5,62395100
-7,26502640;-5,62395100
-7,25478640;-5,80340000
-7,24454640;-5,62395100
-7,23430640;-5,80340000
-7,22406640;-5,80340000
-7,21382640;-5,80340000
-7,20358641;-5,80340000
-7,19334641;-5,80340000
-7,18310641;-5,80340000
-7,17286641;-5,80340000
-7,16262641;-5,80340000
-7,15238641;-5,80340000
-7,14214641;-5,80340000
-7,13190641;-5,62395100
-7,12166641;-5,80340000
-7,11142641;-5,62395100
-7,10118641;-5,80340000
-7,09094641;-5,62395100
-7,08070641;-5,80340000
-7,07046641;-5,80340000
-7,06022641;-5,80340000
-7,04998641;-5,80340000
-7,03974641;-5,62395100
-7,02950641;-5,62395100
-7,01926641;-5,62395100
-7,00902641;-5,62395100
-6,99878641;-5,80340000
-6,98854641;-5,62395100
-6,97830641;-5,80340000
-6,96806641;-5,80340000
-6,95782641;-5,62395100
-6,94758641;-5,62395100
-6,93734641;-5,80340000
-6,92710641;-5,80340000
-6,91686641;-5,62395100
-6,90662641;-5,62395100
-6,89638641;-5,62395100
-6,88614641;-5,62395100
-6,87590641;-5,80340000
-6,86566641;-5,80340000
-6,85542641;-5,80340000
-6,84518641;-5,62395100
-6,83494641;-5,62395100
-6,82470641;-5,80340000
-6,81446641;-5,80340000
-6,80422641;-5,44450200
-6,79398641;-5,62395100
-6,78374641;-5,80340000
-6,77350641;-5,62395100
-6,76326641;-5,62395100
-6,75302641;-5,80340000
-6,74278641;-5,80340000
-6,73254641;-5,62395100
-6,72230641;-5,62395100
-6,71206641;-5,80340000
-6,70182641;-5,80340000
-6,69158641;-5,44450200
-6,68134641;-5,62395100
-6,67110641;-5,62395100
-6,66086641;-5,62395100
-6,65062641;-5,80340000
-6,64038641;-5,62395100
-6,63014641;-5,80340000
-6,61990641;-5,62395100
-6,60966641;-5,80340000
-6,59942641;-5,62395100
-6,58918641;-5,80340000
-6,57894641;-5,62395100
-6,56870641;-5,44450200
-6,55846641;-5,62395100
-6,54822641;-5,62395100
-6,53798641;-5,80340000
-6,52774641;-5,62395100
-6,51750641;-5,62395100
-6,50726641;-5,80340000
-6,49702641;-5,80340000
-6,48678641;-5,80340000
-6,47654641;-5,80340000
-6,46630641;-5,62395100
-6,45606641;-5,62395100
-6,44582641;-5,62395100
-6,43558641;-5,62395100
-6,42534641;-5,62395100
-6,41510641;-5,62395100
-6,40486641;-5,62395100
-6,39462641;-5,62395100
-6,38438641;-5,62395100
-6,37414641;-5,62395100
-6,36390641;-5,62395100
-6,35366641;-5,62395100
-6,34342641;-5,62395100
-6,33318641;-5,62395100
-6,32294641;-5,62395100
-6,31270641;-5,62395100
-6,30246641;-5,62395100
-6,29222641;-5,80340000
-6,28198641;-5,62395100
-6,27174641;-5,62395100
-6,26150641;-5,62395100
-6,25126641;-5,62395100
-6,24102641;-5,62395100
-6,23078641;-5,62395100
-6,22054641;-5,80340000
-6,21030641;-5,62395100
-6,20006641;-5,62395100
-6,18982641;-5,44450200
-6,17958641;-5,62395100
-6,16934641;-5,62395100
-6,15910641;-5,62395100
-6,14886641;-5,44450200
-6,13862641;-5,80340000
-6,12838641;-5,62395100
-6,11814641;-5,62395100
-6,10790641;-5,62395100
-6,09766641;-5,44450200
-6,08742641;-5,62395100
-6,07718641;-5,80340000
-6,06694641;-5,62395100
-6,05670641;-5,62395100
-6,04646641;-5,62395100
-6,03622641;-5,62395100
-6,02598641;-5,62395100
-6,01574641;-5,62395100
-6,00550641;-5,62395100
-5,99526641;-5,62395100
-5,98502641;-5,62395100
-5,97478641;-5,62395100
-5,96454641;-5,44450200
-5,95430641;-5,62395100
-5,94406641;-5,62395100
-5,93382641;-5,44450200
-5,92358641;-5,62395100
-5,91334641;-5,62395100
-5,90310641;-5,62395100
-5,89286641;-5,62395100
-5,88262641;-5,62395100
-5,87238641;-5,62395100
-5,86214641;-5,62395100
-5,85190641;-5,62395100
-5,84166641;-5,44450200
-5,83142641;-5,80340000
-5,82118641;-5,44450200
-5,81094641;-5,62395100
-5,80070641;-5,44450200
-5,79046641;-5,44450200
-5,78022641;-5,44450200
-5,76998641;-5,62395100
-5,75974641;-5,62395100
-5,74950641;-5,62395100
-5,73926641;-5,62395100
-5,72902641;-5,62395100
-5,71878641;-5,62395100
-5,70854641;-5,44450200
-5,69830641;-5,62395100
-5,68806641;-5,62395100
-5,67782641;-5,44450200
-5,66758641;-5,62395100
-5,65734641;-5,44450200
-5,64710641;-5,62395100
-5,63686641;-5,44450200
-5,62662641;-5,62395100
-5,61638641;-5,44450200
-5,60614641;-5,62395100
-5,59590641;-5,62395100
-5,58566641;-5,44450200
-5,57542641;-5,44450200
-5,56518641;-5,44450200
-5,55494642;-5,44450200
-5,54470642;-5,44450200
-5,53446642;-5,62395100
-5,52422642;-5,44450200
-5,51398642;-5,62395100
-5,50374642;-5,44450200
-5,49350642;-5,62395100
-5,48326642;-5,62395100
-5,47302642;-5,62395100
-5,46278642;-5,62395100
-5,45254642;-5,44450200
-5,44230642;-5,62395100
-5,43206642;-5,44450200
-5,42182642;-5,44450200
-5,41158642;-5,44450200
-5,40134642;-5,62395100
-5,39110642;-5,62395100
-5,38086642;-5,44450200
-5,37062642;-5,44450200
-5,36038642;-5,44450200
-5,35014642;-5,44450200
-5,33990642;-5,62395100
-5,32966642;-5,44450200
-5,31942642;-5,44450200
-5,30918642;-5,44450200
-5,29894642;-5,62395100
-5,28870642;-5,44450200
-5,27846642;-5,62395100
-5,26822642;-5,44450200
-5,25798642;-5,44450200
-5,24774642;-5,44450200
-5,23750642;-5,44450200
-5,22726642;-5,44450200
-5,21702642;-5,44450200
-5,20678642;-5,44450200
-5,19654642;-5,44450200
-5,18630642;-5,44450200
-5,17606642;-5,44450200
-5,16582642;-5,44450200
-5,15558642;-5,44450200
-5,14534642;-5,44450200
-5,13510642;-5,44450200
-5,12486642;-5,44450200
-5,11462642;-5,44450200
-5,10438642;-5,44450200
-5,09414642;-5,44450200
-5,08390642;-5,44450200
-5,07366642;-5,44450200
-5,06342642;-5,44450200
-5,05318642;-5,44450200
-5,04294642;-5,44450200
-5,03270642;-5,62395100
-5,02246642;-5,62395100
-5,01222642;-5,44450200
-5,00198642;-5,44450200
-4,99174642;-5,44450200
-4,98150642;-5,44450200
-4,97126642;-5,44450200
-4,96102642;-5,44450200
-4,95078642;-5,44450200
-4,94054642;-5,62395100
-4,93030642;-5,44450200
-4,92006642;-5,44450200
-4,90982642;-5,44450200
-4,89958642;-5,44450200
-4,88934642;-5,44450200
-4,87910642;-5,44450200
-4,86886642;-5,44450200
-4,85862642;-5,44450200
-4,84838642;-5,44450200
-4,83814642;-5,44450200
-4,82790642;-5,44450200
-4,81766642;-5,44450200
-4,80742642;-5,44450200
-4,79718642;-5,44450200
-4,78694642;-5,44450200
-4,77670642;-5,44450200
-4,76646642;-5,44450200
-4,75622642;-5,44450200
-4,74598642;-5,44450200
-4,73574642;-5,44450200
-4,72550642;-5,44450200
-4,71526642;-5,44450200
-4,70502642;-5,44450200
-4,69478642;-5,44450200
-4,68454642;-5,44450200
-4,67430642;-5,44450200
-4,66406642;-5,44450200
-4,65382642;-5,44450200
-4,64358642;-5,44450200
-4,63334642;-5,44450200
-4,62310642;-5,44450200
-4,61286642;-5,44450200
-4,60262642;-5,44450200
-4,59238642;-5,44450200
-4,58214642;-5,44450200
-4,57190642;-5,44450200
-4,56166642;-5,44450200
-4,55142642;-5,44450200
-4,54118642;-5,44450200
-4,53094642;-5,44450200
-4,52070642;-5,44450200
-4,51046642;-5,44450200
-4,50022642;-5,44450200
-4,48998642;-5,44450200
-4,47974642;-5,44450200
-4,46950642;-5,44450200
-4,45926642;-5,44450200
-4,44902642;-5,44450200
-4,43878642;-5,44450200
-4,42854642;-5,44450200
-4,41830642;-5,44450200
-4,40806642;-5,44450200
-4,39782642;-5,44450200
-4,38758642;-5,44450200
-4,37734642;-5,44450200
-4,36710642;-5,44450200
-4,35686642;-5,44450200
-4,34662642;-5,44450200
-4,33638642;-5,44450200
-4,32614642;-5,44450200
-4,31590642;-5,44450200
-4,30566642;-5,44450200
-4,29542642;-5,44450200
-4,28518642;-5,44450200
-4,27494642;-5,44450200
-4,26470642;-5,44450200
-4,25446642;-5,44450200
-4,24422642;-5,44450200
-4,23398642;-5,44450200
-4,22374642;-5,44450200
-4,21350642;-5,44450200
-4,20326642;-5,44450200
-4,19302642;-5,44450200
-4,18278642;-5,44450200
-4,17254642;-5,44450200
-4,16230642;-5,44450200
-4,15206642;-5,44450200
-4,14182642;-5,44450200
-4,13158642;-5,44450200
-4,12134642;-5,44450200
-4,11110642;-5,44450200
-4,10086642;-5,44450200
-4,09062642;-5,44450200
-4,08038642;-5,44450200
-4,07014642;-5,44450200
-4,05990642;-5,44450200
-4,04966642;-5,44450200
-4,03942642;-5,44450200
-4,02918642;-5,44450200
-4,01894642;-5,44450200
-4,00870642;-5,44450200
-3,99846642;-5,44450200
-3,98822642;-5,44450200
-3,97798642;-5,44450200
-3,96774642;-5,44450200
-3,95750642;-5,44450200
-3,94726642;-5,44450200
-3,93702642;-5,44450200
-3,92678642;-5,44450200
-3,91654642;-5,44450200
-3,90630643;-5,44450200
-3,89606643;-5,44450200
-3,88582643;-5,44450200
-3,87558643;-5,44450200
-3,86534643;-5,44450200
-3,85510643;-5,44450200
-3,84486643;-5,44450200
-3,83462643;-5,44450200
-3,82438643;-5,44450200
-3,81414643;-5,44450200
-3,80390643;-5,44450200
-3,79366643;-5,44450200
-3,78342643;-5,44450200
-3,77318643;-5,44450200
-3,76294643;-5,44450200
-3,75270643;-5,44450200
-3,74246643;-5,44450200
-3,73222643;-5,44450200
-3,72198643;-5,44450200
-3,71174643;-5,44450200
-3,70150643;-5,44450200
-3,69126643;-5,44450200
-3,68102643;-5,44450200
-3,67078643;-5,44450200
-3,66054643;-5,44450200
-3,65030643;-5,44450200
-3,64006643;-5,44450200
-3,62982643;-5,44450200
-3,61958643;-5,44450200
-3,60934643;-5,44450200
-3,59910643;-5,44450200
-3,58886643;-5,44450200
-3,57862643;-5,44450200
-3,56838643;-5,44450200
-3,55814643;-5,44450200
-3,54790643;-5,44450200
-3,53766643;-5,44450200
-3,52742643;-5,44450200
-3,51718643;-5,44450200
-3,50694643;-5,44450200
-3,49670643;-5,44450200
-3,48646643;-5,44450200
-3,47622643;-5,44450200
-3,46598643;-5,44450200
-3,45574643;-5,44450200
-3,44550643;-5,44450200
-3,43526643;-5,44450200
-3,42502643;-5,44450200
-3,41478643;-5,44450200
-3,40454643;-5,44450200
-3,39430643;-5,44450200
-3,38406643;-5,44450200
-3,37382643;-5,44450200
-3,36358643;-5,44450200
-3,35334643;-5,44450200
-3,34310643;-5,44450200
-3,33286643;-5,44450200
-3,32262643;-5,44450200
-3,31238643;-5,44450200
-3,30214643;-5,44450200
-3,29190643;-5,44450200
-3,28166643;-5,44450200
-3,27142643;-5,44450200
-3,26118643;-5,44450200
-3,25094643;-5,44450200
-3,24070643;-5,44450200
-3,23046643;-5,44450200
-3,22022643;-5,44450200
-3,20998643;-5,44450200
-3,19974643;-5,44450200
-3,18950643;-5,44450200
-3,17926643;-5,44450200
-3,16902643;-5,44450200
-3,15878643;-5,44450200
-3,14854643;-5,44450200
-3,13830643;-5,44450200
-3,12806643;-5,44450200
-3,11782643;-5,44450200
-3,10758643;-5,44450200
-3,09734643;-5,44450200
-3,08710643;-5,44450200
-3,07686643;-5,44450200
-3,06662643;-5,44450200
-3,05638643;-5,44450200
-3,04614643;-5,44450200
-3,03590643;-5,44450200
-3,02566643;-5,44450200
-3,01542643;-5,44450200
-3,00518643;-5,44450200
-2,99494643;-5,44450200
-2,98470643;-5,44450200
-2,97446643;-5,44450200
-2,96422643;-5,44450200
-2,95398643;-5,44450200
-2,94374643;-5,44450200
-2,93350643;-5,44450200
-2,92326643;-5,44450200
-2,91302643;-5,44450200
-2,90278643;-5,44450200
-2,89254643;-5,44450200
-2,88230643;-5,44450200
-2,87206643;-5,44450200
-2,86182643;-5,44450200
-2,85158643;-5,44450200
-2,84134643;-5,44450200
-2,83110643;-5,44450200
-2,82086643;-5,44450200
-2,81062643;-5,44450200
-2,80038643;-5,44450200
-2,79014643;-5,44450200
-2,77990643;-5,44450200
-2,76966643;-5,44450200
-2,75942643;-5,44450200
-2,74918643;-5,44450200
-2,73894643;-5,44450200
-2,72870643;-5,44450200
-2,71846643;-5,44450200
-2,70822643;-5,44450200
-2,69798643;-5,44450200
-2,68774643;-5,44450200
-2,67750643;-5,44450200
-2,66726643;-5,44450200
-2,65702643;-5,44450200
-2,64678643;-5,44450200
-2,63654643;-5,44450200
-2,62630643;-5,44450200
-2,61606643;-5,44450200
-2,60582643;-5,44450200
-2,59558643;-5,44450200
-2,58534643;-5,44450200
-2,57510643;-5,44450200
-2,56486643;-5,44450200
-2,55462643;-5,44450200
-2,54438643;-5,44450200
-2,53414643;-5,44450200
-2,52390643;-5,44450200
-2,51366643;-5,44450200
-2,50342643;-5,44450200
-2,49318643;-5,44450200
-2,48294643;-5,44450200
-2,47270643;-5,44450200
-2,46246643;-5,44450200
-2,45222643;-5,44450200
-2,44198643;-5,44450200
-2,43174643;-5,44450200
-2,42150643;-5,44450200
-2,41126643;-5,44450200
-2,40102643;-5,44450200
-2,39078643;-5,44450200
-2,38054643;-5,44450200
-2,37030643;-5,44450200
-2,36006643;-5,44450200
-2,34982643;-5,44450200
-2,33958643;-5,44450200
-2,32934643;-5,44450200
-2,31910643;-5,44450200
-2,30886643;-5,44450200
-2,29862643;-5,44450200
-2,28838643;-5,44450200
-2,27814643;-5,44450200
-2,26790644;-5,44450200
-2,25766644;-5,44450200
-2,24742644;-5,44450200
-2,23718644;-5,26444300
-2,22694644;-5,44450200
-2,21670644;-5,44450200
-2,20646644;-5,44450200
-2,19622644;-5,44450200
-2,18598644;-5,44450200
-2,17574644;-5,44450200
-2,16550644;-5,44450200
-2,15526644;-5,44450200
-2,14502644;-5,44450200
-2,13478644;-5,44450200
-2,12454644;-5,44450200
-2,11430644;-5,44450200
-2,10406644;-5,44450200
-2,09382644;-5,44450200
-2,08358644;-5,44450200
-2,07334644;-5,44450200
-2,06310644;-5,44450200
-2,05286644;-5,44450200
-2,04262644;-5,44450200
-2,03238644;-5,44450200
-2,02214644;-5,44450200
-2,01190644;-5,26444300
-2,00166644;-5,44450200
-1,99142644;-5,44450200
-1,98118644;-5,44450200
-1,97094644;-5,44450200
-1,96070644;-5,44450200
-1,95046644;-5,44450200
-1,94022644;-5,44450200
-1,92998644;-5,44450200
-1,91974644;-5,44450200
-1,90950644;-5,44450200
-1,89926644;-5,44450200
-1,88902644;-5,44450200
-1,87878644;-5,44450200
-1,86854644;-5,44450200
-1,85830644;-5,44450200
-1,84806644;-5,44450200
-1,83782644;-5,44450200
-1,82758644;-5,44450200
-1,81734644;-5,26444300
-1,80710644;-5,44450200
-1,79686644;-5,44450200
-1,78662644;-5,44450200
-1,77638644;-5,44450200
-1,76614644;-5,44450200
-1,75590644;-5,44450200
-1,74566644;-5,26444300
-1,73542644;-5,44450200
-1,72518644;-5,44450200
-1,71494644;-5,44450200
-1,70470644;-5,44450200
-1,69446644;-5,44450200
-1,68422644;-5,44450200
-1,67398644;-5,44450200
-1,66374644;-5,44450200
-1,65350644;-5,44450200
-1,64326644;-5,44450200
-1,63302644;-5,44450200
-1,62278644;-5,44450200
-1,61254644;-5,44450200
-1,60230644;-5,44450200
-1,59206644;-5,44450200
-1,58182644;-5,44450200
-1,57158644;-5,44450200
-1,56134644;-5,26444300
-1,55110644;-5,44450200
-1,54086644;-5,44450200
-1,53062644;-5,44450200
-1,52038644;-5,44450200
-1,51014644;-5,44450200
-1,49990644;-5,44450200
-1,48966644;-5,44450200
-1,47942644;-5,44450200
-1,46918644;-5,26444300
-1,45894644;-5,44450200
-1,44870644;-5,44450200
-1,43846644;-5,44450200
-1,42822644;-5,44450200
-1,41798644;-5,44450200
-1,40774644;-5,26444300
-1,39750644;-5,44450200
-1,38726644;-5,26444300
-1,37702644;-5,44450200
-1,36678644;-5,26444300
-1,35654644;-5,44450200
-1,34630644;-5,26444300
-1,33606644;-5,26444300
-1,32582644;-5,44450200
-1,31558644;-5,26444300
-1,30534644;-5,44450200
-1,29510644;-5,44450200
-1,28486644;-5,44450200
-1,27462644;-5,44450200
-1,26438644;-5,44450200
-1,25414644;-5,44450200
-1,24390644;-5,26444300
-1,23366644;-5,26444300
-1,22342644;-5,44450200
-1,21318644;-5,44450200
-1,20294644;-5,44450200
-1,19270644;-5,26444300
-1,18246644;-5,26444300
-1,17222644;-5,44450200
-1,16198644;-5,26444300
-1,15174644;-5,44450200
-1,14150644;-5,44450200
-1,13126644;-5,26444300
-1,12102644;-5,26444300
-1,11078644;-5,26444300
-1,10054644;-5,44450200
-1,09030644;-5,26444300
-1,08006644;-5,26444300
-1,06982644;-5,44450200
-1,05958644;-5,44450200
-1,04934644;-5,44450200
-1,03910644;-5,26444300
-1,02886644;-5,44450200
-1,01862644;-5,26444300
-1,00838644;-5,26444300
-0,99814644;-5,26444300
-0,98790644;-5,26444300
-0,97766644;-5,26444300
-0,96742644;-5,26444300
-0,95718644;-5,26444300
-0,94694644;-5,08499400
-0,93670644;-5,08499400
-0,92646644;-5,08499400
-0,91622644;-5,08499400
-0,90598644;-5,08499400
-0,89574644;-4,72609600
-0,88550644;-4,72609600
-0,87526644;-4,72609600
-0,86502644;-4,72609600
-0,85478644;-4,72609600
-0,84454644;-4,72609600
-0,83430644;-4,72609600
-0,82406644;-4,72609600
-0,81382644;-4,36658800
-0,80358644;-4,36658800
-0,79334644;-4,36658800
-0,78310644;-4,00769000
-0,77286644;-4,18714000
-0,76262644;-4,18714000
-0,75238644;-4,00769000
-0,74214644;-4,00769000
-0,73190644;-4,00769000
-0,72166644;-4,00769000
-0,71142644;-3,82824200
-0,70118644;-3,64879300
-0,69094644;-3,64879300
-0,68070644;-3,64879300
-0,67046644;-3,64879300
-0,66022644;-3,64879300
-0,64998644;-3,64879300
-0,63974644;-3,64879300
-0,62950644;-3,64879300
-0,61926645;-3,64879300
-0,60902645;-3,28928500
-0,59878645;-3,28928500
-0,58854645;-3,28928500
-0,57830645;-3,28928500
-0,56806645;-3,28928500
-0,55782645;-3,10983600
-0,54758645;-3,10983600
-0,53734645;-3,10983600
-0,52710645;-2,93038700
-0,51686645;-2,93038700
-0,50662645;-2,93038700
-0,49638645;-2,93038700
-0,48614645;-2,75093800
-0,47590645;-2,57087900
-0,46566645;-2,57087900
-0,45542645;-2,57087900
-0,44518645;-2,57087900
-0,43494645;-2,57087900
-0,42470645;-2,57087900
-0,41446645;-2,39143000
-0,40422645;-2,39143000
-0,39398645;-2,21198200
-0,38374645;-2,21198200
-0,37350645;-2,21198200
-0,36326645;-2,21198200
-0,35302645;-2,21198200
-0,34278645;-2,21198200
-0,33254645;-2,21198200
-0,32230645;-2,03253300
-0,31206645;-1,85308400
-0,30182645;-1,85308400
-0,29158645;-1,67302500
-0,28134645;-1,67302500
-0,27110645;-1,67302500
-0,26086645;-1,49357600
-0,25062645;-1,49357600
-0,24038645;-1,49357600
-0,23014645;-1,49357600
-0,21990645;-1,49357600
-0,20966645;-1,49357600
-0,19942645;-1,13467800
-0,18918645;-1,13467800
-0,17894645;-1,13467800
-0,16870645;-1,13467800
-0,15846645;-1,13467800
-0,14822645;-1,13467800
-0,13798645;-0,95522930
-0,12774645;-0,95522930
-0,11750645;-0,77517010
-0,10726645;-0,77517010
-0,09702645;-0,77517010
-0,08678645;-0,59572130
-0,07654645;-0,59572130
-0,06630645;-0,59572130
-0,05606645;-0,41627250
-0,04582645;-0,41627250
-0,03558645;-0,41627250
-0,02534645;-0,41627250
-0,01510645;-0,41627250
-0,00486645;-0,23682360
0,00537355;-0,05737480
0,01561355;-0,05737480
0,02585355;-0,05737480
0,03609355;-0,05737480
0,04633355;-0,05737480
0,05657355;-0,05737480
0,06681355;0,12207400
0,07705355;0,30152290
0,08729355;0,30152290
0,09753355;0,30152290
0,10777355;0,48097170
0,11801355;0,48097170
0,12825355;0,48097170
0,13849355;0,48097170
0,14873355;0,66042050
0,15897355;0,66042050
0,16921355;0,66042050
0,17945355;0,66042050
0,18969355;0,84047970
0,19993355;1,01992900
0,21017355;1,01992900
0,22041355;1,01992900
0,23065355;1,01992900
0,24089355;1,01992900
0,25113355;1,19937700
0,26137355;1,37882600
0,27161355;1,37882600
0,28185355;1,37882600
0,29209355;1,37882600
0,30233355;1,37882600
0,31257355;1,55827500
0,32281355;1,55827500
0,33305355;1,73833400
0,34329355;1,73833400
0,35353355;1,73833400
0,36377355;1,73833400
0,37401355;1,91778300
0,38425355;1,91778300
0,39449355;1,91778300
0,40473355;2,09723200
0,41497355;2,09723200
0,42521355;2,09723200
0,43545355;2,09723200
0,44569355;2,09723200
0,45593355;2,09723200
0,46617355;2,27668100
0,47641355;2,27668100
0,48665355;2,45613000
0,49689355;2,45613000
0,50713355;2,45613000
0,51737355;2,45613000
0,52761355;2,45613000
0,53785355;2,45613000
0,54809355;2,45613000
0,55833355;2,63618900
0,56857355;2,45613000
0,57881355;2,63618900
0,58905355;2,63618900
0,59929355;2,81563800
0,60953355;2,81563800
0,61977355;2,81563800
0,63001355;2,81563800
0,64025355;2,81563800
0,65049355;2,99508600
0,66073355;3,17453500
0,67097355;3,17453500
0,68121355;3,17453500
0,69145355;3,17453500
0,70169355;3,17453500
0,71193355;3,35398400
0,72217355;3,35398400
0,73241355;3,53404300
0,74265355;3,53404300
0,75289355;3,53404300
0,76313355;3,53404300
0,77337355;3,53404300
0,78361355;3,71349200
0,79385355;3,89294100
0,80409355;3,89294100
0,81433355;3,89294100
0,82457355;3,89294100
0,83481355;3,89294100
0,84505355;4,07239000
0,85529355;4,07239000
0,86553355;4,25183900
0,87577355;4,25183900
0,88601355;4,25183900
0,89625355;4,25183900
0,90649355;4,25183900
0,91673355;4,43189800
0,92697355;4,61134700
0,93721355;4,61134700
0,94745355;4,61134700
0,95769355;4,61134700
0,96793355;4,61134700
0,97817355;4,79079600
0,98841355;4,79079600
0,99865355;4,97024400
1,00889355;4,97024400
1,01913355;4,97024400
1,02937354;4,97024400
1,03961354;4,97024400
1,04985354;4,97024400
1,06009354;5,14969300
1,07033354;5,14969300
1,08057354;5,32975200
1,09081354;5,32975200
1,10105354;5,32975200
1,11129354;5,32975200
1,12153354;5,32975200
1,13177354;5,32975200
1,14201354;5,32975200
1,15225354;5,32975200
1,16249354;5,50920200
1,17273354;5,50920200
1,18297354;5,68865000
1,19321354;5,68865000
1,20345354;5,68865000
1,21369354;5,68865000
1,22393354;5,68865000
1,23417354;5,68865000
1,24441354;5,68865000
1,25465354;5,68865000
1,26489354;5,86809900
1,27513354;6,04754800
1,28537354;6,04754800
1,29561354;6,04754800
1,30585354;6,04754800
1,31609354;6,04754800
1,32633354;6,04754800
1,33657354;6,22760700
1,34681354;6,22760700
1,35705354;6,40705600
1,36729354;6,40705600
1,37753354;6,40705600
1,38777354;6,40705600
1,39801354;6,58650500
1,40825354;6,40705600
1,41849354;6,58650500
1,42873354;6,58650500
1,43897354;6,76595400
1,44921354;6,76595400
1,45945354;6,94540200
1,46969354;6,94540200
1,47993354;7,12546200
1,49017354;7,12546200
1,50041354;7,12546200
1,51065354;7,12546200
1,52089354;7,30491100
1,53113354;7,30491100
1,54137354;7,48435900
1,55161354;7,48435900
1,56185354;7,48435900
1,57209354;7,48435900
1,58233354;7,48435900
1,59257354;7,66380800
1,60281354;7,66380800
1,61305354;7,66380800
1,62329354;7,84325700
1,63353354;7,84325700
1,64377354;7,84325700
1,65401354;7,84325700
1,66425354;7,84325700
1,67449354;7,84325700
1,68473354;8,02331600
1,69497354;8,02331600
1,70521354;8,20276500
1,71545354;8,20276500
1,72569354;8,20276500
1,73593354;8,20276500
1,74617354;8,38221400
1,75641354;8,38221400
1,76665354;8,38221400
1,77689354;8,56166300
1,78713354;8,56166300
1,79737354;8,56166300
1,80761354;8,56166300
1,81785354;8,56166300
1,82809354;8,56166300
1,83833354;8,56166300
1,84857354;8,74111200
1,85881354;8,92117000
1,86905354;8,92117000
1,87929354;8,92117000
1,88953354;8,92117000
1,89977354;8,92117000
1,91001354;8,92117000
1,92025354;8,92117000
1,93049354;9,10061900
1,94073354;9,10061900
1,95097354;9,28006800
1,96121354;9,28006800
1,97145354;9,28006800
1,98169354;9,28006800
1,99193354;9,28006800
2,00217354;9,28006800
2,01241354;9,28006800
2,02265354;9,28006800
2,03289354;9,63896600
2,04313354;9,63896600
2,05337354;9,63896600
2,06361354;9,63896600
2,07385354;9,63896600
2,08409354;9,63896600
2,09433354;9,63896600
2,10457354;9,81902500
2,11481354;9,81902500
2,12505354;9,81902500
2,13529354;9,81902500
2,14553354;9,81902500
2,15577354;9,81902500
2,16601354;9,81902500
2,17625354;9,81902500
2,18649354;9,99847400
2,19673354;9,99847400
2,20697354;9,99847400
2,21721354;9,99847400
2,22745354;9,99847400
2,23769354;9,99847400
2,24793354;9,99847400
2,25817354;9,99847400
2,26841354;10,17792000
2,27865354;10,17792000
2,28889354;10,35737000
2,29913354;10,35737000
2,30937354;10,35737000
2,31961354;10,35737000
2,32985354;10,35737000
2,34009354;10,35737000
2,35033354;10,35737000
2,36057354;10,35737000
2,37081354;10,35737000
2,38105354;10,35737000
2,39129354;10,35737000
2,40153354;10,53682000
2,41177354;10,53682000
2,42201354;10,53682000
2,43225354;10,35737000
2,44249354;10,53682000
2,45273354;10,53682000
2,46297354;10,53682000
2,47321354;10,71688000
2,48345354;10,71688000
2,49369354;10,71688000
2,50393354;10,71688000
2,51417354;10,71688000
2,52441354;10,71688000
2,53465354;10,71688000
2,54489354;10,71688000
2,55513354;10,71688000
2,56537354;10,71688000
2,57561354;10,89633000
2,58585354;10,89633000
2,59609354;10,89633000
2,60633354;11,07578000
2,61657354;11,07578000
2,62681354;11,07578000
2,63705354;11,07578000
2,64729354;11,07578000
2,65753354;11,07578000
2,66777353;11,07578000
2,67801353;11,07578000
2,68825353;11,25523000
2,69849353;11,25523000
2,70873353;11,43529000
2,71897353;11,43529000
2,72921353;11,43529000
2,73945353;11,43529000
2,74969353;11,43529000
2,75993353;11,43529000
2,77017353;11,43529000
2,78041353;11,43529000
2,79065353;11,43529000
2,80089353;11,43529000
2,81113353;11,43529000
2,82137353;11,61473000
2,83161353;11,61473000
2,84185353;11,79418000
2,85209353;11,61473000
2,86233353;11,79418000
2,87257353;11,79418000
2,88281353;11,79418000
2,89305353;11,79418000
2,90329353;11,79418000
2,91353353;11,79418000
2,92377353;11,79418000
2,93401353;11,79418000
2,94425353;11,79418000
2,95449353;11,79418000
2,96473353;11,79418000
2,97497353;11,79418000
2,98521353;11,79418000
2,99545353;11,79418000
3,00569353;11,79418000
3,01593353;11,97363000
3,02617353;11,79418000
3,03641353;11,79418000
3,04665353;11,79418000
3,05689353;11,97363000
3,06713353;11,97363000
3,07737353;11,97363000
3,08761353;12,15308000
3,09785353;11,97363000
3,10809353;11,97363000
3,11833353;11,97363000
3,12857353;11,97363000
3,13881353;12,15308000
3,14905353;11,97363000
3,15929353;12,15308000
3,16953353;11,97363000
3,17977353;12,15308000
3,19001353;12,15308000
3,20025353;12,15308000
3,21049353;12,15308000
3,22073353;12,15308000
3,23097353;12,15308000
3,24121353;12,15308000
3,25145353;12,15308000
3,26169353;12,15308000
3,27193353;12,15308000
3,28217353;12,15308000
3,29241353;12,15308000
3,30265353;12,15308000
3,31289353;12,15308000
3,32313353;12,15308000
3,33337353;12,15308000
3,34361353;12,15308000
3,35385353;12,15308000
3,36409353;12,15308000
3,37433353;12,15308000
3,38457353;12,15308000
3,39481353;12,15308000
3,40505353;12,15308000
3,41529353;12,15308000
3,42553353;12,15308000
3,43577353;12,15308000
3,44601353;12,15308000
3,45625353;12,15308000
3,46649353;12,15308000
3,47673353;12,15308000
3,48697353;12,15308000
3,49721353;12,15308000
3,50745353;12,15308000
3,51769353;12,15308000
3,52793353;12,15308000
3,53817353;12,15308000
3,54841353;12,15308000
3,55865353;12,15308000
3,56889353;12,15308000
3,57913353;12,15308000
3,58937353;12,15308000
3,59961353;12,15308000
3,60985353;12,15308000
3,62009353;12,15308000
3,63033353;12,15308000
3,64057353;12,15308000
3,65081353;12,15308000
3,66105353;12,15308000
3,67129353;12,15308000
3,68153353;12,15308000
3,69177353;12,15308000
3,70201353;12,15308000
3,71225353;12,15308000
3,72249353;12,15308000
3,73273353;12,15308000
3,74297353;12,15308000
3,75321353;12,15308000
3,76345353;12,15308000
3,77369353;12,15308000
3,78393353;12,15308000
3,79417353;12,33314000
3,80441353;12,15308000
3,81465353;12,15308000
3,82489353;12,33314000
3,83513353;12,15308000
3,84537353;12,33314000
3,85561353;12,33314000
3,86585353;12,33314000
3,87609353;12,15308000
3,88633353;12,33314000
3,89657353;12,15308000
3,90681353;12,15308000
3,91705353;12,15308000
3,92729353;12,15308000
3,93753353;12,15308000
3,94777353;12,15308000
3,95801353;12,15308000
3,96825353;12,15308000
3,97849353;12,15308000
3,98873353;12,15308000
3,99897353;12,15308000
4,00921353;12,15308000
4,01945353;12,33314000
4,02969353;12,33314000
4,03993353;12,33314000
4,05017353;12,33314000
4,06041353;12,15308000
4,07065353;12,33314000
4,08089353;12,15308000
4,09113353;12,15308000
4,10137353;12,33314000
4,11161353;12,33314000
4,12185353;12,15308000
4,13209353;12,15308000
4,14233353;12,15308000
4,15257353;12,15308000
4,16281353;12,15308000
4,17305353;12,15308000
4,18329353;12,33314000
4,19353353;12,33314000
4,20377353;12,33314000
4,21401353;12,33314000
4,22425353;12,33314000
4,23449353;12,15308000
4,24473353;12,33314000
4,25497353;12,15308000
4,26521353;12,15308000
4,27545353;12,15308000
4,28569353;12,15308000
4,29593353;12,33314000
4,30617353;12,15308000
4,31641352;12,15308000
4,32665352;12,15308000
4,33689352;12,33314000
4,34713352;12,33314000
4,35737352;12,33314000
4,36761352;12,15308000
4,37785352;12,33314000
4,38809352;12,33314000
4,39833352;12,15308000
4,40857352;12,33314000
4,41881352;12,15308000
4,42905352;12,15308000
4,43929352;12,33314000
4,44953352;12,15308000
4,45977352;12,15308000
4,47001352;12,15308000
4,48025352;12,33314000
4,49049352;12,33314000
4,50073352;12,33314000
4,51097352;12,15308000
4,52121352;12,15308000
4,53145352;12,15308000
4,54169352;12,15308000
4,55193352;12,15308000
4,56217352;12,15308000
4,57241352;12,15308000
4,58265352;12,15308000
4,59289352;12,15308000
4,60313352;12,15308000
4,61337352;12,15308000
4,62361352;12,15308000
4,63385352;12,15308000
4,64409352;12,15308000
4,65433352;12,15308000
4,66457352;12,15308000
4,67481352;12,15308000
4,68505352;12,15308000
4,69529352;12,15308000
4,70553352;12,15308000
4,71577352;11,97363000
4,72601352;11,97363000
4,73625352;12,15308000
4,74649352;11,97363000
4,75673352;11,79418000
4,76697352;11,79418000
4,77721352;11,97363000
4,78745352;11,97363000
4,79769352;11,79418000
4,80793352;11,79418000
4,81817352;11,79418000
4,82841352;11,79418000
4,83865352;11,79418000
4,84889352;11,79418000
4,85913352;11,61473000
4,86937352;11,61473000
4,87961352;11,79418000
4,88985352;11,79418000
4,90009352;11,79418000
4,91033352;11,61473000
4,92057352;11,61473000
4,93081352;11,43529000
4,94105352;11,43529000
4,95129352;11,61473000
4,96153352;11,43529000
4,97177352;11,61473000
4,98201352;11,79418000
4,99225352;11,43529000
5,00249352;11,43529000
5,01273352;11,43529000
5,02297352;11,43529000
5,03321352;11,43529000
5,04345352;11,43529000
5,05369352;11,43529000
5,06393352;11,43529000
5,07417352;11,43529000
5,08441352;11,61473000
5,09465352;11,43529000
5,10489352;11,43529000
5,11513352;11,61473000
5,12537352;11,43529000
5,13561352;11,43529000
5,14585352;11,43529000
5,15609352;11,43529000
5,16633352;11,43529000
5,17657352;11,43529000
5,18681352;11,43529000
5,19705352;11,43529000
5,20729352;11,43529000
5,21753352;11,43529000
5,22777352;11,43529000
5,23801352;11,43529000
5,24825352;11,43529000
5,25849352;11,43529000
5,26873352;11,43529000
5,27897352;11,43529000
5,28921352;11,43529000
5,29945352;11,43529000
5,30969352;11,43529000
5,31993352;11,25523000
5,33017352;11,07578000
5,34041352;11,07578000
5,35065352;11,25523000
5,36089352;11,25523000
5,37113352;11,07578000
5,38137352;11,25523000
5,39161352;11,25523000
5,40185352;11,07578000
5,41209352;11,07578000
5,42233352;11,07578000
5,43257352;10,89633000
5,44281352;10,89633000
5,45305352;10,89633000
5,46329352;10,89633000
5,47353352;10,89633000
5,48377352;11,07578000
5,49401352;10,89633000
5,50425352;10,89633000
5,51449352;10,89633000
5,52473352;10,71688000
5,53497352;10,71688000
5,54521352;10,71688000
5,55545352;10,71688000
5,56569352;10,71688000
5,57593352;10,71688000
5,58617352;10,71688000
5,59641352;10,71688000
5,60665352;10,71688000
5,61689352;10,53682000
5,62713352;10,35737000
5,63737352;10,35737000
5,64761352;10,35737000
5,65785352;10,35737000
5,66809352;10,35737000
5,67833352;10,35737000
5,68857352;10,35737000
5,69881352;10,35737000
5,70905352;10,35737000
5,71929352;10,35737000
5,72953352;9,99847400
5,73977352;9,99847400
5,75001352;9,99847400
5,76025352;9,99847400
5,77049352;9,99847400
5,78073352;9,99847400
5,79097352;9,99847400
5,80121352;9,99847400
5,81145352;9,99847400
5,82169352;9,99847400
5,83193352;9,81902500
5,84217352;9,81902500
5,85241352;9,81902500
5,86265352;9,81902500
5,87289352;9,63896600
5,88313352;9,81902500
5,89337352;9,81902500
5,90361352;9,81902500
5,91385352;9,63896600
5,92409352;9,45951700
5,93433352;9,28006800
5,94457352;9,28006800
5,95481352;9,28006800
5,96505351;9,28006800
5,97529351;9,28006800
5,98553351;9,45951700
5,99577351;9,45951700
6,00601351;9,28006800
6,01625351;9,28006800
6,02649351;9,28006800
6,03673351;9,10061900
6,04697351;9,10061900
6,05721351;9,10061900
6,06745351;9,10061900
6,07769351;9,10061900
6,08793351;9,28006800
6,09817351;9,10061900
6,10841351;9,10061900
6,11865351;8,92117000
6,12889351;8,74111200
6,13913351;8,74111200
6,14937351;8,56166300
6,15961351;8,74111200
6,16985351;8,92117000
6,18009351;8,92117000
6,19033351;8,92117000
6,20057351;8,74111200
6,21081351;8,56166300
6,22105351;8,56166300
6,23129351;8,38221400
6,24153351;8,20276500
6,25177351;8,38221400
6,26201351;8,38221400
6,27225351;8,20276500
6,28249351;8,38221400
6,29273351;8,38221400
6,30297351;8,38221400
6,31321351;8,20276500
6,32345351;8,20276500
6,33369351;7,84325700
6,34393351;7,84325700
6,35417351;7,84325700
6,36441351;7,84325700
6,37465351;7,84325700
6,38489351;7,84325700
6,39513351;7,84325700
6,40537351;7,84325700
6,41561351;7,84325700
6,42585351;7,48435900
6,43609351;7,48435900
6,44633351;7,48435900
6,45657351;7,48435900
6,46681351;7,48435900
6,47705351;7,48435900
6,48729351;7,48435900
6,49753351;7,48435900
6,50777351;7,48435900
6,51801351;7,12546200
6,52825351;7,12546200
6,53849351;6,94540200
6,54873351;6,76595400
6,55897351;7,12546200
6,56921351;6,94540200
6,57945351;6,94540200
6,58969351;7,12546200
6,59993351;7,12546200
6,61017351;6,76595400
6,62041351;6,76595400
6,63065351;6,40705600
6,64089351;6,40705600
6,65113351;6,40705600
6,66137351;6,40705600
6,67161351;6,40705600
6,68185351;6,40705600
6,69209351;6,40705600
6,70233351;6,40705600
6,71257351;6,40705600
6,72281351;6,04754800
6,73305351;5,86809900
6,74329351;5,68865000
6,75353351;5,68865000
6,76377351;6,04754800
6,77401351;6,04754800
6,78425351;6,04754800
6,79449351;6,04754800
6,80473351;5,86809900
6,81497351;5,68865000
6,82521351;5,50920200
6,83545351;5,32975200
6,84569351;5,32975200
6,85593351;5,32975200
6,86617351;5,50920200
6,87641351;5,32975200
6,88665351;5,32975200
6,89689351;5,32975200
6,90713351;5,32975200
6,91737351;5,14969300
6,92761351;4,97024400
6,93785351;4,61134700
6,94809351;4,61134700
6,95833351;4,79079600
6,96857351;4,79079600
6,97881351;4,79079600
6,98905351;4,79079600
6,99929351;4,79079600
7,00953351;4,61134700
7,01977351;4,61134700
7,03001351;4,25183900
7,04025351;4,25183900
7,05049351;4,25183900
7,06073351;4,25183900
7,07097351;4,25183900
7,08121351;4,25183900
7,09145351;4,25183900
7,10169351;4,25183900
7,11193351;4,07239000
7,12217351;3,89294100
7,13241351;3,71349200
7,14265351;3,53404300
7,15289351;3,53404300
7,16313351;3,53404300
7,17337351;3,71349200
7,18361351;3,71349200
7,19385351;3,71349200
7,20409351;3,53404300
7,21433351;3,53404300
7,22457351;3,35398400
7,23481351;3,17453500
7,24505351;2,99508600
7,25529351;3,17453500
7,26553351;3,17453500
7,27577351;3,17453500
7,28601351;3,17453500
7,29625351;3,17453500
7,30649351;2,99508600
7,31673351;2,81563800
7,32697351;2,63618900
7,33721351;2,45613000
7,34745351;2,45613000
7,35769351;2,63618900
7,36793351;2,63618900
7,37817351;2,45613000
7,38841351;2,45613000
7,39865351;2,45613000
7,40889351;2,27668100
7,41913351;2,09723200
7,42937351;1,91778300
7,43961351;1,73833400
7,44985351;1,73833400
7,46009351;1,91778300
7,47033351;1,91778300
7,48057351;1,73833400
7,49081351;1,73833400
7,50105351;1,73833400
7,51129351;1,55827500
7,52153351;1,37882600
7,53177351;1,19937700
7,54201351;1,01992900
7,55225351;1,19937700
7,56249351;1,19937700
7,57273351;1,19937700
7,58297351;1,19937700
7,59321351;1,19937700
7,60345350;1,19937700
7,61369350;1,01992900
7,62393350;0,66042050
7,63417350;0,66042050
7,64441350;0,48097170
7,65465350;0,66042050
7,66489350;0,66042050
7,67513350;0,66042050
7,68537350;0,66042050
7,69561350;0,66042050
7,70585350;0,66042050
7,71609350;0,48097170
7,72633350;0,30152290
7,73657350;-0,05737480
7,74681350;-0,05737480
7,75705350;0,30152290
7,76729350;0,12207400
7,77753350;0,12207400
7,78777350;0,30152290
7,79801350;0,30152290
7,80825350;-0,05737480
7,81849350;-0,05737480
7,82873350;-0,23682360
7,83897350;-0,41627250
7,84921350;-0,41627250
7,85945350;-0,41627250
7,86969350;-0,41627250
7,87993350;-0,41627250
7,89017350;-0,41627250
7,90041350;-0,41627250
7,91065350;-0,59572130
7,92089350;-0,77517010
7,93113350;-0,95522930
7,94137350;-1,13467800
7,95161350;-0,95522930
7,96185350;-0,95522930
7,97209350;-1,13467800
7,98233350;-0,95522930
7,99257350;-1,13467800
8,00281350;-1,13467800
8,01305350;-1,31412700
8,02329350;-1,49357600
8,03353350;-1,67302500
8,04377350;-1,67302500
8,05401350;-1,67302500
8,06425350;-1,85308400
8,07449350;-1,67302500
8,08473350;-1,67302500
8,09497350;-1,85308400
8,10521350;-1,85308400
8,11545350;-2,03253300
8,12569350;-2,21198200
8,13593350;-2,21198200
8,14617350;-2,39143000
8,15641350;-2,39143000
8,16665350;-2,57087900
8,17689350;-2,39143000
8,18713350;-2,39143000
8,19737350;-2,57087900
8,20761350;-2,57087900
8,21785350;-2,57087900
8,22809350;-2,93038700
8,23833350;-2,93038700
8,24857350;-2,93038700
8,25881350;-2,93038700
8,26905350;-2,93038700
8,27929350;-2,93038700
8,28953350;-2,93038700
8,29977350;-3,10983600
8,31001350;-3,10983600
8,32025350;-3,28928500
8,33049350;-3,46873400
8,34073350;-3,64879300
8,35097350;-3,64879300
8,36121350;-3,64879300
8,37145350;-3,46873400
8,38169350;-3,46873400
8,39193350;-3,64879300
8,40217350;-3,64879300
8,41241350;-3,64879300
8,42265350;-3,64879300
8,43289350;-3,82824200
8,44313350;-4,00769000
8,45337350;-4,00769000
8,46361350;-4,00769000
8,47385350;-4,00769000
8,48409350;-4,00769000
8,49433350;-4,00769000
8,50457350;-4,00769000
8,51481350;-4,00769000
8,52505350;-4,36658800
8,53529350;-4,36658800
8,54553350;-4,36658800
8,55577350;-4,36658800
8,56601350;-4,36658800
8,57625350;-4,36658800
8,58649350;-4,36658800
8,59673350;-4,36658800
8,60697350;-4,54664800
8,61721350;-4,54664800
8,62745350;-4,72609600
8,63769350;-4,90554500
8,64793350;-5,08499400
8,65817350;-4,90554500
8,66841350;-4,90554500
8,67865350;-4,90554500
8,68889350;-5,08499400
8,69913350;-5,08499400
8,70937350;-5,08499400
8,71961350;-5,08499400
8,72985350;-5,44450200
8,74009350;-5,44450200
8,75033350;-5,44450200
8,76057350;-5,44450200
8,77081350;-5,44450200
8,78105350;-5,44450200
8,79129350;-5,44450200
8,80153350;-5,44450200
8,81177350;-5,62395100
8,82201350;-5,80340000
8,83225350;-5,80340000
8,84249350;-5,80340000
8,85273350;-5,80340000
8,86297350;-5,80340000
8,87321350;-5,80340000
8,88345350;-5,80340000
8,89369350;-5,80340000
8,90393350;-5,80340000
8,91417350;-5,98284900
8,92441350;-5,80340000
8,93465350;-5,98284900
8,94489350;-5,80340000
8,95513350;-5,98284900
8,96537350;-5,80340000
8,97561350;-5,80340000
8,98585350;-5,80340000
8,99609350;-5,80340000
9,00633350;-5,98284900
9,01657350;-5,80340000
9,02681350;-5,98284900
9,03705350;-5,80340000
9,04729350;-5,80340000
9,05753350;-5,80340000
9,06777350;-5,98284900
9,07801350;-5,98284900
9,08825350;-5,80340000
9,09849350;-5,80340000
9,10873350;-5,80340000
9,11897350;-5,80340000
9,12921350;-5,80340000
9,13945350;-5,98284900
9,14969350;-5,80340000
9,15993350;-5,80340000
9,17017350;-5,80340000
9,18041350;-5,80340000
9,19065350;-5,98284900
9,20089350;-5,80340000
9,21113350;-5,80340000
9,22137350;-5,80340000
9,23161350;-5,80340000
9,24185350;-5,80340000
9,25209349;-5,80340000
9,26233349;-5,80340000
9,27257349;-5,80340000
9,28281349;-5,80340000
9,29305349;-5,80340000
9,30329349;-5,80340000
9,31353349;-5,80340000
9,32377349;-5,80340000
9,33401349;-5,80340000
9,34425349;-5,80340000
9,35449349;-5,80340000
9,36473349;-5,80340000
9,37497349;-5,80340000
9,38521349;-5,80340000
9,39545349;-5,80340000
9,40569349;-5,80340000
9,41593349;-5,80340000
9,42617349;-5,80340000
9,43641349;-5,80340000
9,44665349;-5,80340000
9,45689349;-5,80340000
9,46713349;-5,80340000
9,47737349;-5,80340000
9,48761349;-5,80340000
9,49785349;-5,80340000
9,50809349;-5,80340000
9,51833349;-5,80340000
9,52857349;-5,80340000
9,53881349;-5,80340000
9,54905349;-5,80340000
9,55929349;-5,80340000
9,56953349;-5,80340000
9,57977349;-5,80340000
9,59001349;-5,80340000
9,60025349;-5,80340000
9,61049349;-5,80340000
9,62073349;-5,80340000
9,63097349;-5,80340000
9,64121349;-5,80340000
9,65145349;-5,80340000
9,66169349;-5,80340000
9,67193349;-5,80340000
9,68217349;-5,80340000
9,69241349;-5,80340000
9,70265349;-5,80340000
9,71289349;-5,80340000
9,72313349;-5,80340000
9,73337349;-5,80340000
9,74361349;-5,80340000
9,75385349;-5,80340000
9,76409349;-5,80340000
9,77433349;-5,80340000
9,78457349;-5,80340000
9,79481349;-5,80340000
9,80505349;-5,80340000
9,81529349;-5,80340000
9,82553349;-5,80340000
9,83577349;-5,80340000
9,84601349;-5,80340000
9,85625349;-5,80340000
9,86649349;-5,80340000
9,87673349;-5,80340000
9,88697349;-5,80340000
9,89721349;-5,80340000
9,90745349;-5,80340000
9,91769349;-5,80340000
9,92793349;-5,80340000
9,93817349;-5,80340000
9,94841349;-5,80340000
9,95865349;-5,80340000
9,96889349;-5,80340000
9,97913349;-5,80340000
9,98937349;-5,80340000
9,99961349;-5,80340000
10,00985349;-5,80340000
10,02009349;-5,80340000
10,03033349;-5,80340000
10,04057349;-5,80340000
10,05081349;-5,80340000
10,06105349;-5,80340000
10,07129349;-5,80340000
10,08153349;-5,80340000
10,09177349;-5,80340000
10,10201349;-5,80340000
10,11225349;-5,80340000
10,12249349;-5,80340000
10,13273349;-5,80340000
10,14297349;-5,80340000
10,15321349;-5,80340000
10,16345349;-5,80340000
10,17369349;-5,80340000
10,18393349;-5,80340000
10,19417349;-5,80340000
10,20441349;-5,80340000
10,21465349;-5,80340000
10,22489349;-5,80340000
10,23513349;-5,80340000
10,24537349;-5,80340000
10,25561349;-5,80340000
10,26585349;-5,80340000
10,27609349;-5,80340000
10,28633349;-5,80340000
10,29657349;-5,80340000
10,30681349;-5,80340000
10,31705349;-5,80340000
10,32729349;-5,80340000
10,33753349;-5,80340000
10,34777349;-5,80340000
10,35801349;-5,80340000
10,36825349;-5,80340000
10,37849349;-5,80340000
10,38873349;-5,80340000
10,39897349;-5,80340000
10,40921349;-5,80340000
10,41945349;-5,80340000
10,42969349;-5,80340000
10,43993349;-5,80340000
10,45017349;-5,80340000
10,46041349;-5,80340000
10,47065349;-5,80340000
10,48089349;-5,80340000
10,49113349;-5,80340000
10,50137349;-5,80340000
10,51161349;-5,80340000
10,52185349;-5,80340000
10,53209349;-5,80340000
10,54233349;-5,80340000
10,55257349;-5,80340000
10,56281349;-5,80340000
10,57305349;-5,80340000
10,58329349;-5,80340000
10,59353349;-5,80340000
10,60377349;-5,80340000
10,61401349;-5,80340000
10,62425349;-5,80340000
10,63449349;-5,80340000
10,64473349;-5,80340000
10,65497349;-5,80340000
10,66521349;-5,80340000
10,67545349;-5,80340000
10,68569349;-5,80340000
10,69593349;-5,80340000
10,70617349;-5,80340000
10,71641349;-5,80340000
10,72665349;-5,80340000
10,73689349;-5,80340000
10,74713349;-5,80340000
10,75737349;-5,80340000
10,76761349;-5,80340000
10,77785349;-5,80340000
10,78809349;-5,80340000
10,79833349;-5,80340000
10,80857349;-5,80340000
10,81881349;-5,80340000
10,82905349;-5,80340000
10,83929349;-5,80340000
10,84953349;-5,80340000
10,85977349;-5,80340000
10,87001349;-5,80340000
10,88025349;-5,80340000
10,89049349;-5,80340000
10,90073348;-5,80340000
10,91097348;-5,80340000
10,92121348;-5,80340000
10,93145348;-5,80340000
10,94169348;-5,80340000
10,95193348;-5,80340000
10,96217348;-5,80340000
10,97241348;-5,80340000
10,98265348;-5,80340000
10,99289348;-5,80340000
11,00313348;-5,80340000
11,01337348;-5,80340000
11,02361348;-5,80340000
11,03385348;-5,80340000
11,04409348;-5,80340000
11,05433348;-5,80340000
11,06457348;-5,80340000
11,07481348;-5,80340000
11,08505348;-5,80340000
11,09529348;-5,80340000
11,10553348;-5,80340000
11,11577348;-5,80340000
11,12601348;-5,80340000
11,13625348;-5,80340000
11,14649348;-5,80340000
11,15673348;-5,80340000
11,16697348;-5,80340000
11,17721348;-5,80340000
11,18745348;-5,80340000
11,19769348;-5,80340000
11,20793348;-5,80340000
11,21817348;-5,80340000
11,22841348;-5,80340000
11,23865348;-5,80340000
11,24889348;-5,80340000
11,25913348;-5,80340000
11,26937348;-5,80340000
11,27961348;-5,80340000
11,28985348;-5,80340000
11,30009348;-5,80340000
11,31033348;-5,80340000
11,32057348;-5,80340000
11,33081348;-5,80340000
11,34105348;-5,80340000
11,35129348;-5,80340000
11,36153348;-5,80340000
11,37177348;-5,80340000
11,38201348;-5,80340000
11,39225348;-5,80340000
11,40249348;-5,80340000
11,41273348;-5,80340000
11,42297348;-5,80340000
11,43321348;-5,80340000
11,44345348;-5,80340000
11,45369348;-5,80340000
11,46393348;-5,80340000
11,47417348;-5,80340000
11,48441348;-5,80340000
11,49465348;-5,80340000
11,50489348;-5,80340000
11,51513348;-5,80340000
11,52537348;-5,80340000
11,53561348;-5,80340000
11,54585348;-5,80340000
11,55609348;-5,80340000
11,56633348;-5,80340000
11,57657348;-5,80340000
11,58681348;-5,80340000
11,59705348;-5,80340000
11,60729348;-5,80340000
11,61753348;-5,80340000
11,62777348;-5,80340000
11,63801348;-5,80340000
11,64825348;-5,80340000
11,65849348;-5,80340000
11,66873348;-5,80340000
11,67897348;-5,80340000
11,68921348;-5,80340000
11,69945348;-5,80340000
11,70969348;-5,80340000
11,71993348;-5,80340000
11,73017348;-5,80340000
11,74041348;-5,80340000
11,75065348;-5,80340000
11,76089348;-5,80340000
11,77113348;-5,80340000
11,78137348;-5,80340000
11,79161348;-5,80340000
11,80185348;-5,80340000
11,81209348;-5,80340000
11,82233348;-5,80340000
11,83257348;-5,80340000
11,84281348;-5,80340000
11,85305348;-5,80340000
11,86329348;-5,80340000
11,87353348;-5,80340000
11,88377348;-5,80340000
11,89401348;-5,80340000
11,90425348;-5,80340000
11,91449348;-5,80340000
11,92473348;-5,80340000
11,93497348;-5,80340000
11,94521348;-5,80340000
11,95545348;-5,80340000
11,96569348;-5,80340000
11,97593348;-5,80340000
11,98617348;-5,80340000
11,99641348;-5,80340000
12,00665348;-5,80340000
12,01689348;-5,80340000
12,02713348;-5,80340000
12,03737348;-5,80340000
12,04761348;-5,80340000
12,05785348;-5,80340000
12,06809348;-5,80340000
12,07833348;-5,80340000
12,08857348;-5,80340000
12,09881348;-5,80340000
12,10905348;-5,80340000
12,11929348;-5,80340000
12,12953348;-5,80340000
12,13977348;-5,80340000
12,15001348;-5,80340000
12,16025348;-5,80340000
12,17049348;-5,80340000
12,18073348;-5,80340000
12,19097348;-5,80340000
12,20121348;-5,80340000
12,21145348;-5,80340000
12,22169348;-5,80340000
12,23193348;-5,80340000
12,24217348;-5,80340000
12,25241348;-5,80340000
12,26265348;-5,80340000
12,27289348;-5,80340000
12,28313348;-5,80340000
12,29337348;-5,80340000
12,30361348;-5,80340000
12,31385348;-5,80340000
12,32409348;-5,80340000
12,33433348;-5,80340000
12,34457348;-5,80340000
12,35481348;-5,80340000
12,36505348;-5,62395100
12,37529348;-5,80340000
12,38553348;-5,80340000
12,39577348;-5,80340000
12,40601348;-5,62395100
12,41625348;-5,80340000
12,42649348;-5,80340000
12,43673348;-5,80340000
12,44697348;-5,80340000
12,45721348;-5,80340000
12,46745348;-5,80340000
12,47769348;-5,80340000
12,48793348;-5,80340000
12,49817348;-5,80340000
12,50841348;-5,80340000
12,51865348;-5,80340000
12,52889348;-5,80340000
12,53913348;-5,80340000
12,54937347;-5,62395100
12,55961347;-5,80340000
12,56985347;-5,80340000
12,58009347;-5,80340000
12,59033347;-5,80340000
12,60057347;-5,80340000
12,61081347;-5,80340000
12,62105347;-5,80340000
12,63129347;-5,80340000
12,64153347;-5,62395100
12,65177347;-5,80340000
12,66201347;-5,80340000
12,67225347;-5,62395100
12,68249347;-5,80340000
12,69273347;-5,80340000
12,70297347;-5,80340000
12,71321347;-5,80340000
12,72345347;-5,80340000
12,73369347;-5,80340000
12,74393347;-5,62395100
12,75417347;-5,62395100
12,76441347;-5,80340000
12,77465347;-5,80340000
12,78489347;-5,80340000
12,79513347;-5,80340000
12,80537347;-5,80340000
12,81561347;-5,80340000
12,82585347;-5,62395100
12,83609347;-5,80340000
12,84633347;-5,62395100
12,85657347;-5,80340000
12,86681347;-5,62395100
12,87705347;-5,80340000
12,88729347;-5,80340000
12,89753347;-5,80340000
12,90777347;-5,80340000
12,91801347;-5,80340000
12,92825347;-5,80340000
12,93849347;-5,80340000
12,94873347;-5,80340000
12,95897347;-5,62395100
12,96921347;-5,80340000
12,97945347;-5,80340000
12,98969347;-5,80340000
12,99993347;-5,62395100
13,01017347;-5,80340000
13,02041347;-5,62395100
13,03065347;-5,80340000
13,04089347;-5,80340000
13,05113347;-5,62395100
13,06137347;-5,62395100
13,07161347;-5,62395100
13,08185347;-5,80340000
13,09209347;-5,80340000
13,10233347;-5,62395100
13,11257347;-5,80340000
13,12281347;-5,80340000
13,13305347;-5,80340000
13,14329347;-5,80340000
13,15353347;-5,62395100
13,16377347;-5,80340000
13,17401347;-5,80340000
13,18425347;-5,80340000
13,19449347;-5,62395100
13,20473347;-5,62395100
13,21497347;-5,44450200
13,22521347;-5,80340000
13,23545347;-5,80340000
13,24569347;-5,62395100
13,25593347;-5,80340000
13,26617347;-5,62395100
13,27641347;-5,80340000
13,28665347;-5,80340000
13,29689347;-5,80340000
13,30713347;-5,80340000
13,31737347;-5,62395100
13,32761347;-5,62395100
13,33785347;-5,62395100
13,34809347;-5,62395100
13,35833347;-5,62395100
13,36857347;-5,80340000
13,37881347;-5,80340000
13,38905347;-5,80340000
13,39929347;-5,62395100
13,40953347;-5,80340000
13,41977347;-5,62395100
13,43001347;-5,80340000
13,44025347;-5,44450200
13,45049347;-5,62395100
13,46073347;-5,80340000
13,47097347;-5,62395100
13,48121347;-5,62395100
13,49145347;-5,62395100
13,50169347;-5,80340000
13,51193347;-5,80340000
13,52217347;-5,80340000
13,53241347;-5,62395100
13,54265347;-5,62395100
13,55289347;-5,62395100
13,56313347;-5,80340000
13,57337347;-5,62395100
13,58361347;-5,80340000
13,59385347;-5,62395100
13,60409347;-5,62395100
13,61433347;-5,80340000
13,62457347;-5,80340000
13,63481347;-5,62395100
13,64505347;-5,62395100
13,65529347;-5,80340000
13,66553347;-5,62395100
13,67577347;-5,62395100
13,68601347;-5,80340000
13,69625347;-5,80340000
13,70649347;-5,62395100
13,71673347;-5,62395100
13,72697347;-5,62395100
13,73721347;-5,80340000
13,74745347;-5,62395100
13,75769347;-5,62395100
13,76793347;-5,62395100
13,77817347;-5,62395100
13,78841347;-5,62395100
13,79865347;-5,80340000
13,80889347;-5,62395100
13,81913347;-5,62395100
13,82937347;-5,62395100
13,83961347;-5,62395100
13,84985347;-5,44450200
13,86009347;-5,62395100
13,87033347;-5,80340000
13,88057347;-5,62395100
13,89081347;-5,44450200
13,90105347;-5,80340000
13,91129347;-5,62395100
13,92153347;-5,80340000
13,93177347;-5,44450200
13,94201347;-5,62395100
13,95225347;-5,62395100
13,96249347;-5,62395100
13,97273347;-5,62395100
13,98297347;-5,62395100
13,99321347;-5,62395100
14,00345347;-5,44450200
14,01369347;-5,62395100
14,02393347;-5,62395100
14,03417347;-5,62395100
14,04441347;-5,44450200
14,05465347;-5,62395100
14,06489347;-5,62395100
14,07513347;-5,62395100
14,08537347;-5,62395100
14,09561347;-5,44450200
14,10585347;-5,44450200
14,11609347;-5,62395100
14,12633347;-5,62395100
14,13657347;-5,62395100
14,14681347;-5,44450200
14,15705347;-5,44450200
14,16729347;-5,80340000
14,17753347;-5,62395100
14,18777346;-5,62395100
14,19801346;-5,44450200
14,20825346;-5,62395100
14,21849346;-5,62395100
14,22873346;-5,62395100
14,23897346;-5,44450200
14,24921346;-5,62395100
14,25945346;-5,62395100
14,26969346;-5,62395100
14,27993346;-5,62395100
14,29017346;-5,62395100
14,30041346;-5,44450200
14,31065346;-5,44450200
14,32089346;-5,44450200
14,33113346;-5,44450200
14,34137346;-5,62395100
14,35161346;-5,62395100
14,36185346;-5,44450200
14,37209346;-5,44450200
14,38233346;-5,44450200
14,39257346;-5,62395100
14,40281346;-5,62395100
14,41305346;-5,62395100
14,42329346;-5,44450200
14,43353346;-5,44450200
14,44377346;-5,44450200
14,45401346;-5,44450200
14,46425346;-5,44450200
14,47449346;-5,62395100
14,48473346;-5,44450200
14,49497346;-5,62395100
14,50521346;-5,62395100
14,51545346;-5,62395100
14,52569346;-5,62395100
14,53593346;-5,44450200
14,54617346;-5,62395100
14,55641346;-5,44450200
14,56665346;-5,62395100
14,57689346;-5,44450200
14,58713346;-5,44450200
14,59737346;-5,62395100
14,60761346;-5,44450200
14,61785346;-5,44450200
14,62809346;-5,44450200
14,63833346;-5,62395100
14,64857346;-5,62395100
14,65881346;-5,44450200
14,66905346;-5,44450200
14,67929346;-5,44450200
14,68953346;-5,62395100
14,69977346;-5,44450200
14,71001346;-5,62395100
14,72025346;-5,44450200
14,73049346;-5,44450200
14,74073346;-5,62395100
14,75097346;-5,44450200
14,76121346;-5,44450200
14,77145346;-5,44450200
14,78169346;-5,44450200
14,79193346;-5,44450200
14,80217346;-5,44450200
14,81241346;-5,44450200
14,82265346;-5,44450200
14,83289346;-5,44450200
14,84313346;-5,44450200
14,85337346;-5,62395100
14,86361346;-5,44450200
14,87385346;-5,44450200
14,88409346;-5,44450200
14,89433346;-5,44450200
14,90457346;-5,62395100
14,91481346;-5,44450200
14,92505346;-5,44450200
14,93529346;-5,44450200
14,94553346;-5,44450200
14,95577346;-5,44450200
14,96601346;-5,44450200
14,97625346;-5,44450200
14,98649346;-5,44450200
14,99673346;-5,44450200
15,00697346;-5,44450200
15,01721346;-5,44450200
15,02745346;-5,44450200
15,03769346;-5,44450200
15,04793346;-5,44450200
15,05817346;-5,44450200
15,06841346;-5,44450200
15,07865346;-5,44450200
15,08889346;-5,44450200
15,09913346;-5,44450200
15,10937346;-5,44450200
15,11961346;-5,44450200
15,12985346;-5,44450200
15,14009346;-5,44450200
15,15033346;-5,44450200
15,16057346;-5,44450200
15,17081346;-5,44450200
15,18105346;-5,44450200
15,19129346;-5,44450200
15,20153346;-5,44450200
15,21177346;-5,44450200
15,22201346;-5,44450200
15,23225346;-5,44450200
15,24249346;-5,44450200
15,25273346;-5,44450200
15,26297346;-5,44450200
15,27321346;-5,44450200
15,28345346;-5,44450200
15,29369346;-5,44450200
15,30393346;-5,44450200
15,31417346;-5,44450200
15,32441346;-5,44450200
15,33465346;-5,44450200
15,34489346;-5,44450200
15,35513346;-5,44450200
15,36537346;-5,44450200
15,37561346;-5,44450200
15,38585346;-5,44450200
15,39609346;-5,44450200
15,40633346;-5,44450200
15,41657346;-5,44450200
15,42681346;-5,44450200
15,43705346;-5,44450200
15,44729346;-5,44450200
15,45753346;-5,44450200
15,46777346;-5,44450200
15,47801346;-5,44450200
15,48825346;-5,44450200
15,49849346;-5,44450200
15,50873346;-5,44450200
15,51897346;-5,44450200
15,52921346;-5,44450200
15,53945346;-5,44450200
15,54969346;-5,44450200
15,55993346;-5,44450200
15,57017346;-5,44450200
15,58041346;-5,44450200
15,59065346;-5,44450200
15,60089346;-5,44450200
15,61113346;-5,44450200
15,62137346;-5,44450200
15,63161346;-5,44450200
15,64185346;-5,44450200
15,65209346;-5,44450200
15,66233346;-5,44450200
15,67257346;-5,44450200
15,68281346;-5,44450200
15,69305346;-5,44450200
15,70329346;-5,44450200
15,71353346;-5,44450200
15,72377346;-5,44450200
15,73401346;-5,44450200
15,74425346;-5,44450200
15,75449346;-5,44450200
15,76473346;-5,44450200
15,77497346;-5,44450200
15,78521346;-5,44450200
15,79545346;-5,44450200
15,80569346;-5,44450200
15,81593346;-5,44450200
15,82617346;-5,44450200
15,83641345;-5,44450200
15,84665345;-5,44450200
15,85689345;-5,44450200
15,86713345;-5,44450200
15,87737345;-5,44450200
15,88761345;-5,44450200
15,89785345;-5,44450200
15,90809345;-5,44450200
15,91833345;-5,44450200
15,92857345;-5,44450200
15,93881345;-5,44450200
15,94905345;-5,44450200
15,95929345;-5,44450200
15,96953345;-5,44450200
15,97977345;-5,44450200
15,99001345;-5,44450200
16,00025345;-5,44450200
16,01049345;-5,44450200
16,02073345;-5,44450200
16,03097345;-5,44450200
16,04121345;-5,44450200
16,05145345;-5,44450200
16,06169345;-5,44450200
16,07193345;-5,44450200
16,08217345;-5,44450200
16,09241345;-5,44450200
16,10265345;-5,44450200
16,11289345;-5,44450200
16,12313345;-5,44450200
16,13337345;-5,44450200
16,14361345;-5,44450200
16,15385345;-5,44450200
16,16409345;-5,44450200
16,17433345;-5,44450200
16,18457345;-5,44450200
16,19481345;-5,44450200
16,20505345;-5,44450200
16,21529345;-5,44450200
16,22553345;-5,44450200
16,23577345;-5,44450200
16,24601345;-5,44450200
16,25625345;-5,44450200
16,26649345;-5,44450200
16,27673345;-5,44450200
16,28697345;-5,44450200
16,29721345;-5,44450200
16,30745345;-5,44450200
16,31769345;-5,44450200
16,32793345;-5,44450200
16,33817345;-5,44450200
16,34841345;-5,44450200
16,35865345;-5,44450200
16,36889345;-5,44450200
16,37913345;-5,44450200
16,38937345;-5,44450200
16,39961345;-5,44450200
16,40985345;-5,44450200
16,42009345;-5,44450200
16,43033345;-5,44450200
16,44057345;-5,44450200
16,45081345;-5,44450200
16,46105345;-5,44450200
16,47129345;-5,44450200
16,48153345;-5,44450200
16,49177345;-5,44450200
16,50201345;-5,44450200
16,51225345;-5,44450200
16,52249345;-5,44450200
16,53273345;-5,44450200
16,54297345;-5,44450200
16,55321345;-5,44450200
16,56345345;-5,44450200
16,57369345;-5,44450200
16,58393345;-5,44450200
16,59417345;-5,44450200
16,60441345;-5,44450200
16,61465345;-5,44450200
16,62489345;-5,44450200
16,63513345;-5,44450200
16,64537345;-5,44450200
16,65561345;-5,44450200
16,66585345;-5,44450200
16,67609345;-5,44450200
16,68633345;-5,44450200
16,69657345;-5,44450200
16,70681345;-5,44450200
16,71705345;-5,44450200
16,72729345;-5,44450200
16,73753345;-5,44450200
16,74777345;-5,44450200
16,75801345;-5,44450200
16,76825345;-5,44450200
16,77849345;-5,44450200
16,78873345;-5,44450200
16,79897345;-5,44450200
16,80921345;-5,44450200
16,81945345;-5,44450200
16,82969345;-5,44450200
16,83993345;-5,44450200
16,85017345;-5,44450200
16,86041345;-5,44450200
16,87065345;-5,44450200
16,88089345;-5,44450200
16,89113345;-5,44450200
16,90137345;-5,44450200
16,91161345;-5,44450200
16,92185345;-5,44450200
16,93209345;-5,44450200
16,94233345;-5,44450200
16,95257345;-5,44450200
16,96281345;-5,44450200
16,97305345;-5,44450200
16,98329345;-5,44450200
16,99353345;-5,44450200
17,00377345;-5,44450200
17,01401345;-5,44450200
17,02425345;-5,44450200
17,03449345;-5,44450200
17,04473345;-5,44450200
17,05497345;-5,44450200
17,06521345;-5,44450200
17,07545345;-5,44450200
17,08569345;-5,44450200
17,09593345;-5,44450200
17,10617345;-5,44450200
17,11641345;-5,44450200
17,12665345;-5,44450200
17,13689345;-5,44450200
17,14713345;-5,44450200
17,15737345;-5,44450200
17,16761345;-5,44450200
17,17785345;-5,44450200
17,18809345;-5,44450200
17,19833345;-5,44450200
17,20857345;-5,44450200
17,21881345;-5,44450200
17,22905345;-5,44450200
17,23929345;-5,44450200
17,24953345;-5,44450200
17,25977345;-5,44450200
17,27001345;-5,44450200
17,28025345;-5,44450200
17,29049345;-5,44450200
17,30073345;-5,44450200
17,31097345;-5,44450200
17,32121345;-5,44450200
17,33145345;-5,44450200
17,34169345;-5,44450200
17,35193345;-5,44450200
17,36217345;-5,44450200
17,37241345;-5,44450200
17,38265345;-5,44450200
17,39289345;-5,44450200
17,40313345;-5,44450200
17,41337345;-5,44450200
17,42361345;-5,44450200
17,43385345;-5,44450200
17,44409345;-5,44450200
17,45433345;-5,44450200
17,46457345;-5,44450200
17,47481345;-5,44450200
17,48505344;-5,44450200
17,49529344;-5,44450200
17,50553344;-5,44450200
17,51577344;-5,44450200
17,52601344;-5,44450200
17,53625344;-5,44450200
17,54649344;-5,44450200
17,55673344;-5,44450200
17,56697344;-5,44450200
17,57721344;-5,44450200
17,58745344;-5,44450200
17,59769344;-5,44450200
17,60793344;-5,44450200
17,61817344;-5,44450200
17,62841344;-5,44450200
17,63865344;-5,44450200
17,64889344;-5,44450200
17,65913344;-5,44450200
17,66937344;-5,44450200
17,67961344;-5,44450200
17,68985344;-5,44450200
17,70009344;-5,44450200
17,71033344;-5,44450200
17,72057344;-5,44450200
17,73081344;-5,44450200
17,74105344;-5,44450200
17,75129344;-5,44450200
17,76153344;-5,44450200
17,77177344;-5,44450200
17,78201344;-5,44450200
17,79225344;-5,44450200
17,80249344;-5,44450200
17,81273344;-5,26444300
17,82297344;-5,44450200
17,83321344;-5,44450200
17,84345344;-5,44450200
17,85369344;-5,44450200
17,86393344;-5,44450200
17,87417344;-5,44450200
17,88441344;-5,44450200
17,89465344;-5,44450200
17,90489344;-5,26444300
17,91513344;-5,44450200
17,92537344;-5,44450200
17,93561344;-5,44450200
17,94585344;-5,44450200
17,95609344;-5,44450200
17,96633344;-5,44450200
17,97657344;-5,44450200
17,98681344;-5,44450200
17,99705344;-5,44450200
18,00729344;-5,44450200
18,01753344;-5,44450200
18,02777344;-5,44450200
18,03801344;-5,44450200
18,04825344;-5,44450200
18,05849344;-5,44450200
18,06873344;-5,44450200
18,07897344;-5,44450200
18,08921344;-5,44450200
18,09945344;-5,44450200
18,10969344;-5,44450200
18,11993344;-5,44450200
18,13017344;-5,44450200
18,14041344;-5,44450200
18,15065344;-5,44450200
18,16089344;-5,44450200
18,17113344;-5,44450200
18,18137344;-5,44450200
18,19161344;-5,44450200
18,20185344;-5,44450200
18,21209344;-5,44450200
18,22233344;-5,44450200
18,23257344;-5,44450200
18,24281344;-5,44450200
18,25305344;-5,44450200
18,26329344;-5,44450200
18,27353344;-5,44450200
18,28377344;-5,44450200
18,29401344;-5,44450200
18,30425344;-5,44450200
18,31449344;-5,44450200
18,32473344;-5,44450200
18,33497344;-5,44450200
18,34521344;-5,44450200
18,35545344;-5,26444300
18,36569344;-5,44450200
18,37593344;-5,44450200
18,38617344;-5,26444300
18,39641344;-5,44450200
18,40665344;-5,26444300
18,41689344;-5,44450200
18,42713344;-5,44450200
18,43737344;-5,44450200
18,44761344;-5,44450200
18,45785344;-5,44450200
18,46809344;-5,44450200
18,47833344;-5,44450200
18,48857344;-5,44450200
18,49881344;-5,44450200
18,50905344;-5,44450200
18,51929344;-5,26444300
18,52953344;-5,44450200
18,53977344;-5,26444300
18,55001344;-5,44450200
18,56025344;-5,44450200
18,57049344;-5,44450200
18,58073344;-5,44450200
18,59097344;-5,44450200
18,60121344;-5,44450200
18,61145344;-5,44450200
18,62169344;-5,44450200
18,63193344;-5,44450200
18,64217344;-5,44450200
18,65241344;-5,44450200
18,66265344;-5,44450200
18,67289344;-5,44450200
18,68313344;-5,26444300
18,69337344;-5,26444300
18,70361344;-5,44450200
18,71385344;-5,26444300
18,72409344;-5,26444300
18,73433344;-5,26444300
18,74457344;-5,44450200
18,75481344;-5,44450200
18,76505344;-5,26444300
18,77529344;-5,44450200
18,78553344;-5,44450200
18,79577344;-5,44450200
18,80601344;-5,26444300
18,81625344;-5,44450200
18,82649344;-5,44450200
18,83673344;-5,26444300
18,84697344;-5,44450200
18,85721344;-5,26444300
18,86745344;-5,26444300
18,87769344;-5,44450200
18,88793344;-5,44450200
18,89817344;-5,26444300
18,90841344;-5,44450200
18,91865344;-5,44450200
18,92889344;-5,26444300
18,93913344;-5,26444300
18,94937344;-5,26444300
18,95961344;-5,26444300
18,96985344;-5,26444300
18,98009344;-5,26444300
18,99033344;-5,44450200
19,00057344;-5,26444300
19,01081344;-5,26444300
19,02105344;-5,08499400
19,03129344;-5,08499400
19,04153344;-5,08499400
19,05177344;-5,08499400
19,06201344;-5,08499400
19,07225344;-4,90554500
19,08249344;-4,90554500
19,09273344;-4,90554500
19,10297344;-4,90554500
19,11321344;-4,90554500
19,12345343;-4,72609600
19,13369343;-4,72609600
19,14393343;-4,72609600
19,15417343;-4,54664800
19,16441343;-4,36658800
19,17465343;-4,36658800
19,18489343;-4,36658800
19,19513343;-4,36658800
19,20537343;-4,36658800
19,21561343;-4,18714000
19,22585343;-4,36658800
19,23609343;-4,00769000
19,24633343;-4,00769000
19,25657343;-4,00769000
19,26681343;-4,00769000
19,27705343;-3,82824200
19,28729343;-3,82824200
19,29753343;-3,82824200
19,30777343;-3,64879300
19,31801343;-3,64879300
19,32825343;-3,64879300
19,33849343;-3,64879300
19,34873343;-3,64879300
19,35897343;-3,28928500
19,36921343;-3,28928500
19,37945343;-3,28928500
19,38969343;-3,28928500
19,39993343;-3,28928500
19,41017343;-3,28928500
19,42041343;-3,28928500
19,43065343;-3,10983600
19,44089343;-3,10983600
19,45113343;-2,93038700
19,46137343;-2,93038700
19,47161343;-2,93038700
19,48185343;-2,93038700
19,49209343;-2,93038700
19,50233343;-2,93038700
19,51257343;-2,75093800
19,52281343;-2,57087900
19,53305343;-2,57087900
19,54329343;-2,57087900
19,55353343;-2,57087900
19,56377343;-2,39143000
19,57401343;-2,21198200
19,58425343;-2,21198200
19,59449343;-2,21198200
19,60473343;-2,21198200
19,61497343;-2,21198200
19,62521343;-2,21198200
19,63545343;-2,21198200
19,64569343;-2,21198200
19,65593343;-2,03253300
19,66617343;-1,85308400
19,67641343;-1,85308400
19,68665343;-1,85308400
19,69689343;-1,85308400
19,70713343;-1,67302500
19,71737343;-1,67302500
19,72761343;-1,49357600
19,73785343;-1,49357600
19,74809343;-1,49357600
19,75833343;-1,31412700
19,76857343;-1,31412700
19,77881343;-1,13467800
19,78905343;-1,13467800
19,79929343;-1,13467800
19,80953343;-1,13467800
19,81977343;-1,13467800
19,83001343;-1,13467800
19,84025343;-1,13467800
19,85049343;-0,95522930
19,86073343;-0,77517010
19,87097343;-0,77517010
19,88121343;-0,77517010
19,89145343;-0,77517010
19,90169343;-0,77517010
19,91193343;-0,59572130
19,92217343;-0,59572130
19,93241343;-0,59572130
19,94265343;-0,41627250
19,95289343;-0,41627250
19,96313343;-0,41627250
19,97337343;-0,23682360
19,98361343;-0,23682360
19,99385343;-0,23682360
20,00409343;-0,05737480
20,01433343;-0,05737480
20,02457343;-0,05737480
20,03481343;-0,05737480
20,04505343;0,12207400
20,05529343;0,30152290
20,06553343;0,30152290
20,07577343;0,30152290
20,08601343;0,30152290
20,09625343;0,30152290
20,10649343;0,30152290
20,11673343;0,48097170
20,12697343;0,48097170
20,13721343;0,66042050
20,14745343;0,66042050
20,15769343;0,66042050
20,16793343;0,84047970
20,17817343;0,84047970
20,18841343;0,84047970
20,19865343;1,01992900
20,20889343;1,01992900
20,21913343;1,01992900
20,22937343;1,01992900
20,23961343;1,19937700
20,24985343;1,37882600
20,26009343;1,37882600
20,27033343;1,37882600
20,28057343;1,37882600
20,29081343;1,37882600
20,30105343;1,55827500
20,31129343;1,37882600
20,32153343;1,73833400
20,33177343;1,73833400
20,34201343;1,73833400
20,35225343;1,73833400
20,36249343;1,91778300
20,37273343;1,91778300
20,38297343;2,09723200
20,39321343;2,09723200
20,40345343;2,09723200
20,41369343;2,09723200
20,42393343;2,09723200
20,43417343;2,09723200
20,44441343;2,27668100
20,45465343;2,45613000
20,46489343;2,45613000
20,47513343;2,45613000
20,48537343;2,45613000
20,49561343;2,45613000
20,50585343;2,45613000
20,51609343;2,45613000
20,52633343;2,63618900
20,53657343;2,63618900
20,54681343;2,81563800
20,55705343;2,81563800
20,56729343;2,81563800
20,57753343;2,81563800
20,58777343;2,81563800
20,59801343;2,81563800
20,60825343;2,99508600
20,61849343;3,17453500
20,62873343;3,17453500
20,63897343;3,17453500
20,64921343;3,17453500
20,65945343;3,17453500
20,66969343;3,35398400
20,67993343;3,35398400
20,69017343;3,53404300
20,70041343;3,35398400
20,71065343;3,53404300
20,72089343;3,53404300
20,73113343;3,53404300
20,74137343;3,53404300
20,75161343;3,53404300
20,76185343;3,71349200
20,77209342;3,89294100
20,78233342;3,89294100
20,79257342;3,71349200
20,80281342;3,71349200
20,81305342;3,89294100
20,82329342;3,89294100
20,83353342;3,89294100
20,84377342;4,07239000
20,85401342;4,07239000
20,86425342;4,25183900
20,87449342;4,25183900
20,88473342;4,25183900
20,89497342;4,25183900
20,90521342;4,25183900
20,91545342;4,43189800
20,92569342;4,43189800
20,93593342;4,43189800
20,94617342;4,61134700
20,95641342;4,61134700
20,96665342;4,61134700
20,97689342;4,61134700
20,98713342;4,61134700
20,99737342;4,79079600
21,00761342;4,79079600
21,01785342;4,97024400
21,02809342;4,97024400
21,03833342;4,97024400
21,04857342;4,97024400
21,05881342;5,14969300
21,06905342;5,14969300
21,07929342;5,14969300
21,08953342;5,14969300
21,09977342;5,14969300
21,11001342;5,32975200
21,12025342;5,32975200
21,13049342;5,32975200
21,14073342;5,50920200
21,15097342;5,50920200
21,16121342;5,50920200
21,17145342;5,68865000
21,18169342;5,68865000
21,19193342;5,68865000
21,20217342;5,68865000
21,21241342;5,68865000
21,22265342;5,86809900
21,23289342;6,04754800
21,24313342;6,04754800
21,25337342;6,04754800
21,26361342;6,04754800
21,27385342;6,04754800
21,28409342;6,04754800
21,29433342;6,22760700
21,30457342;6,04754800
21,31481342;6,22760700
21,32505342;6,40705600
21,33529342;6,40705600
21,34553342;6,40705600
21,35577342;6,40705600
21,36601342;6,40705600
21,37625342;6,58650500
21,38649342;6,58650500
21,39673342;6,58650500
21,40697342;6,76595400
21,41721342;6,76595400
21,42745342;6,76595400
21,43769342;6,76595400
21,44793342;6,94540200
21,45817342;6,94540200
21,46841342;7,12546200
21,47865342;7,12546200
21,48889342;7,12546200
21,49913342;7,12546200
21,50937342;7,12546200
21,51961342;7,12546200
21,52985342;7,12546200
21,54009342;7,12546200
21,55033342;7,12546200
21,56057342;7,48435900
21,57081342;7,48435900
21,58105342;7,48435900
21,59129342;7,48435900
21,60153342;7,66380800
21,61177342;7,48435900
21,62201342;7,48435900
21,63225342;7,66380800
21,64249342;7,84325700
21,65273342;7,84325700
21,66297342;7,84325700
21,67321342;7,84325700
21,68345342;8,02331600
21,69369342;8,02331600
21,70393342;8,20276500
21,71417342;8,20276500
21,72441342;8,20276500
21,73465342;8,38221400
21,74489342;8,38221400
21,75513342;8,56166300
21,76537342;8,56166300
21,77561342;8,56166300
21,78585342;8,56166300
21,79609342;8,56166300
21,80633342;8,92117000
21,81657342;8,74111200
21,82681342;8,92117000
21,83705342;8,92117000
21,84729342;8,92117000
21,85753342;8,92117000
21,86777342;8,92117000
21,87801342;9,10061900
21,88825342;9,10061900
21,89849342;9,10061900
21,90873342;9,10061900
21,91897342;9,28006800
21,92921342;9,28006800
21,93945342;9,28006800
21,94969342;9,28006800
21,95993342;9,28006800
21,97017342;9,28006800
21,98041342;9,45951700
21,99065342;9,45951700
22,00089342;9,63896600
22,01113342;9,63896600
22,02137342;9,45951700
22,03161342;9,63896600
22,04185342;9,63896600
22,05209342;9,63896600
22,06233342;9,81902500
22,07257342;9,81902500
22,08281342;9,81902500
22,09305342;9,81902500
22,10329342;9,63896600
22,11353342;9,81902500
22,12377342;9,81902500
22,13401342;9,81902500
22,14425342;9,99847400
22,15449342;9,99847400
22,16473342;9,99847400
22,17497342;9,99847400
22,18521342;9,99847400
22,19545342;9,99847400
22,20569342;9,99847400
22,21593342;9,99847400
22,22617342;9,99847400
22,23641342;9,99847400
22,24665342;9,99847400
22,25689342;10,17792000
22,26713342;9,99847400
22,27737342;9,99847400
22,28761342;10,35737000
22,29785342;10,17792000
22,30809342;10,17792000
22,31833342;9,99847400
22,32857342;10,17792000
22,33881342;10,35737000
22,34905342;10,35737000
22,35929342;10,35737000
22,36953342;10,35737000
22,37977342;10,35737000
22,39001342;10,53682000
22,40025342;10,35737000
22,41049342;10,35737000
22,42073341;10,35737000
22,43097341;10,35737000
22,44121341;10,53682000
22,45145341;10,53682000
22,46169341;10,71688000
22,47193341;10,71688000
22,48217341;10,71688000
22,49241341;10,71688000
22,50265341;10,71688000
22,51289341;10,71688000
22,52313341;10,71688000
22,53337341;10,71688000
22,54361341;10,71688000
22,55385341;10,89633000
22,56409341;10,89633000
22,57433341;10,89633000
22,58457341;10,89633000
22,59481341;10,89633000
22,60505341;11,07578000
22,61529341;11,07578000
22,62553341;11,07578000
22,63577341;11,07578000
22,64601341;11,07578000
22,65625341;11,07578000
22,66649341;11,25523000
22,67673341;11,07578000
22,68697341;11,25523000
22,69721341;11,25523000
22,70745341;11,25523000
22,71769341;11,25523000
22,72793341;11,25523000
22,73817341;11,43529000
22,74841341;11,43529000
22,75865341;11,43529000
22,76889341;11,43529000
22,77913341;11,43529000
22,78937341;11,43529000
22,79961341;11,43529000
22,80985341;11,43529000
22,82009341;11,43529000
22,83033341;11,43529000
22,84057341;11,43529000
22,85081341;11,61473000
22,86105341;11,61473000
22,87129341;11,79418000
22,88153341;11,79418000
22,89177341;11,79418000
22,90201341;11,79418000
22,91225341;11,79418000
22,92249341;11,79418000
22,93273341;11,79418000
22,94297341;11,79418000
22,95321341;11,79418000
22,96345341;11,79418000
22,97369341;11,79418000
22,98393341;11,97363000
22,99417341;11,97363000
23,00441341;11,79418000
23,01465341;11,79418000
23,02489341;11,97363000
23,03513341;11,97363000
23,04537341;11,97363000
23,05561341;11,97363000
23,06585341;12,15308000
23,07609341;12,15308000
23,08633341;11,97363000
23,09657341;12,15308000
23,10681341;12,15308000
23,11705341;12,15308000
23,12729341;12,15308000
23,13753341;12,15308000
23,14777341;12,15308000
23,15801341;12,15308000
23,16825341;12,15308000
23,17849341;12,15308000
23,18873341;12,15308000
23,19897341;12,15308000
23,20921341;12,15308000
23,21945341;12,15308000
23,22969341;12,15308000
23,23993341;12,15308000
23,25017341;12,15308000
23,26041341;12,15308000
23,27065341;12,15308000
23,28089341;12,15308000
23,29113341;12,15308000
23,30137341;12,15308000
23,31161341;12,15308000
23,32185341;12,15308000
23,33209341;12,15308000
23,34233341;12,15308000
23,35257341;12,15308000
23,36281341;12,15308000
23,37305341;12,15308000
23,38329341;12,15308000
23,39353341;12,15308000
23,40377341;12,15308000
23,41401341;12,15308000
23,42425341;12,15308000
23,43449341;12,15308000
23,44473341;12,15308000
23,45497341;12,15308000
23,46521341;12,15308000
23,47545341;12,15308000
23,48569341;12,15308000
23,49593341;12,15308000
23,50617341;12,15308000
23,51641341;12,15308000
23,52665341;12,15308000
23,53689341;12,15308000
23,54713341;12,15308000
23,55737341;12,15308000
23,56761341;12,15308000
23,57785341;12,15308000
23,58809341;12,15308000
23,59833341;12,15308000
23,60857341;12,15308000
23,61881341;12,15308000
23,62905341;12,15308000
23,63929341;12,15308000
23,64953341;12,15308000
23,65977341;12,15308000
23,67001341;12,15308000
23,68025341;12,15308000
23,69049341;12,15308000
23,70073341;12,15308000
23,71097341;12,15308000
23,72121341;12,15308000
23,73145341;12,15308000
23,74169341;12,33314000
23,75193341;12,15308000
23,76217341;12,15308000
23,77241341;12,15308000
23,78265341;12,15308000
23,79289341;12,15308000
23,80313341;12,15308000
23,81337341;12,15308000
23,82361341;12,15308000
23,83385341;12,15308000
23,84409341;12,15308000
23,85433341;12,15308000
23,86457341;12,15308000
23,87481341;12,15308000
23,88505341;12,15308000
23,89529341;12,15308000
23,90553341;12,15308000
23,91577341;12,15308000
23,92601341;12,15308000
23,93625341;12,33314000
23,94649341;12,15308000
23,95673341;12,15308000
23,96697341;12,15308000
23,97721341;12,33314000
23,98745341;12,15308000
23,99769341;12,15308000
24,00793341;12,15308000
24,01817341;12,15308000
24,02841341;12,15308000
24,03865341;12,33314000
24,04889341;12,15308000
24,05913340;12,15308000
24,06937340;12,15308000
24,07961340;12,15308000
24,08985340;12,15308000
24,10009340;12,15308000
24,11033340;12,15308000
24,12057340;12,15308000
24,13081340;12,15308000
24,14105340;12,15308000
24,15129340;12,33314000
24,16153340;12,15308000
24,17177340;12,33314000
24,18201340;12,15308000
24,19225340;12,15308000
24,20249340;12,33314000
24,21273340;12,33314000
24,22297340;12,15308000
24,23321340;12,33314000
24,24345340;12,33314000
24,25369340;12,33314000
24,26393340;12,33314000
24,27417340;12,15308000
24,28441340;12,15308000
24,29465340;12,15308000
24,30489340;12,15308000
24,31513340;12,33314000
24,32537340;12,15308000
24,33561340;12,15308000
24,34585340;12,33314000
24,35609340;12,15308000
24,36633340;12,15308000
24,37657340;12,15308000
24,38681340;12,15308000
24,39705340;12,15308000
24,40729340;12,33314000
24,41753340;12,15308000
24,42777340;12,15308000
24,43801340;12,15308000
24,44825340;12,15308000
24,45849340;12,15308000
24,46873340;12,33314000
24,47897340;12,15308000
24,48921340;12,15308000
24,49945340;12,15308000
24,50969340;12,15308000
24,51993340;12,15308000
24,53017340;12,15308000
24,54041340;12,15308000
24,55065340;12,15308000
24,56089340;12,15308000
24,57113340;12,15308000
24,58137340;12,15308000
24,59161340;12,15308000
24,60185340;12,15308000
24,61209340;12,15308000
24,62233340;12,15308000
24,63257340;12,15308000
24,64281340;12,15308000
24,65305340;12,15308000
24,66329340;12,15308000
24,67353340;12,15308000
24,68377340;11,97363000
24,69401340;11,97363000
24,70425340;11,97363000
24,71449340;11,97363000
24,72473340;11,97363000
24,73497340;11,97363000
24,74521340;11,97363000
24,75545340;11,97363000
24,76569340;11,97363000
24,77593340;11,79418000
24,78617340;11,79418000
24,79641340;11,79418000
24,80665340;11,79418000
24,81689340;11,79418000
24,82713340;11,79418000
24,83737340;11,79418000
24,84761340;11,79418000
24,85785340;11,79418000
24,86809340;11,79418000
24,87833340;11,61473000
24,88857340;11,43529000
24,89881340;11,43529000
24,90905340;11,79418000
24,91929340;11,61473000
24,92953340;11,43529000
24,93977340;11,61473000
24,95001340;11,61473000
24,96025340;11,79418000
24,97049340;11,61473000
24,98073340;11,43529000
24,99097340;11,43529000
25,00121340;11,43529000
25,01145340;11,43529000
25,02169340;11,61473000
25,03193340;11,43529000
25,04217340;11,61473000
25,05241340;11,61473000
25,06265340;11,79418000
25,07289340;11,43529000
25,08313340;11,43529000
25,09337340;11,43529000
25,10361340;11,79418000
25,11385340;11,61473000
25,12409340;11,43529000
25,13433340;11,61473000
25,14457340;11,61473000
25,15481340;11,61473000
25,16505340;11,61473000
25,17529340;11,43529000
25,18553340;11,43529000
25,19577340;11,43529000
25,20601340;11,43529000
25,21625340;11,43529000
25,22649340;11,43529000
25,23673340;11,43529000
25,24697340;11,43529000
25,25721340;11,43529000
25,26745340;11,43529000
25,27769340;11,43529000
25,28793340;11,43529000
25,29817340;11,43529000
25,30841340;11,43529000
25,31865340;11,43529000
25,32889340;11,43529000
25,33913340;11,25523000
25,34937340;11,25523000
25,35961340;11,25523000
25,36985340;11,07578000
25,38009340;11,07578000
25,39033340;11,25523000
25,40057340;11,25523000
25,41081340;11,07578000
25,42105340;11,07578000
25,43129340;11,07578000
25,44153340;11,07578000
25,45177340;11,07578000
25,46201340;11,07578000
25,47225340;11,07578000
25,48249340;10,89633000
25,49273340;10,71688000
25,50297340;10,71688000
25,51321340;10,89633000
25,52345340;10,71688000
25,53369340;10,53682000
25,54393340;10,71688000
25,55417340;10,71688000
25,56441340;10,71688000
25,57465340;10,71688000
25,58489340;10,35737000
25,59513340;10,35737000
25,60537340;10,35737000
25,61561340;10,53682000
25,62585340;10,35737000
25,63609340;10,35737000
25,64633340;10,35737000
25,65657340;10,35737000
25,66681340;10,35737000
25,67705340;9,99847400
25,68729340;9,99847400
25,69753340;9,99847400
25,70777339;9,99847400
25,71801339;9,99847400
25,72825339;9,99847400
25,73849339;9,99847400
25,74873339;9,99847400
25,75897339;9,99847400
25,76921339;9,99847400
25,77945339;9,99847400
25,78969339;9,81902500
25,79993339;9,63896600
25,81017339;9,81902500
25,82041339;9,81902500
25,83065339;9,81902500
25,84089339;9,81902500
25,85113339;9,99847400
25,86137339;9,99847400
25,87161339;9,81902500
25,88185339;9,63896600
25,89209339;9,63896600
25,90233339;9,45951700
25,91257339;9,45951700
25,92281339;9,45951700
25,93305339;9,63896600
25,94329339;9,63896600
25,95353339;9,63896600
25,96377339;9,45951700
25,97401339;9,45951700
25,98425339;9,28006800
25,99449339;9,28006800
26,00473339;9,28006800
26,01497339;9,28006800
26,02521339;9,28006800
26,03545339;9,10061900
26,04569339;9,28006800
26,05593339;9,28006800
26,06617339;9,28006800
26,07641339;9,10061900
26,08665339;8,92117000
26,09689339;8,92117000
26,10713339;8,92117000
26,11737339;8,92117000
26,12761339;8,92117000
26,13785339;8,74111200
26,14809339;8,92117000
26,15833339;8,92117000
26,16857339;8,74111200
26,17881339;8,56166300
26,18905339;8,56166300
26,19929339;8,56166300
26,20953339;8,38221400
26,21977339;8,56166300
26,23001339;8,38221400
26,24025339;8,20276500
26,25049339;8,56166300
26,26073339;8,38221400
26,27097339;8,20276500
26,28121339;8,20276500
26,29145339;8,02331600
26,30169339;7,84325700
26,31193339;8,02331600
26,32217339;8,02331600
26,33241339;7,84325700
26,34265339;7,84325700
26,35289339;8,02331600
26,36313339;8,02331600
26,37337339;7,84325700
26,38361339;7,84325700
26,39385339;7,66380800
26,40409339;7,48435900
26,41433339;7,66380800
26,42457339;7,66380800
26,43481339;7,48435900
26,44505339;7,48435900
26,45529339;7,48435900
26,46553339;7,48435900
26,47577339;7,48435900
26,48601339;7,30491100
26,49625339;7,12546200
26,50649339;7,12546200
26,51673339;7,12546200
26,52697339;7,12546200
26,53721339;7,12546200
26,54745339;7,12546200
26,55769339;7,12546200
26,56793339;7,12546200
26,57817339;6,94540200
26,58841339;6,76595400
26,59865339;6,58650500
26,60889339;6,58650500
26,61913339;6,58650500
26,62937339;6,58650500
26,63961339;6,40705600
26,64985339;6,58650500
26,66009339;6,76595400
26,67033339;6,40705600
26,68057339;6,40705600
26,69081339;6,22760700
26,70105339;6,04754800
26,71129339;6,04754800
26,72153339;6,04754800
26,73177339;6,04754800
26,74201339;6,04754800
26,75225339;6,04754800
26,76249339;6,04754800
26,77273339;6,04754800
26,78297339;5,68865000
26,79321339;5,68865000
26,80345339;5,50920200
26,81369339;5,50920200
26,82393339;5,50920200
26,83417339;5,68865000
26,84441339;5,50920200
26,85465339;5,68865000
26,86489339;5,50920200
26,87513339;5,32975200
26,88537339;5,32975200
26,89561339;4,97024400
26,90585339;4,97024400
26,91609339;4,97024400
26,92633339;4,97024400
26,93657339;4,97024400
26,94681339;4,97024400
26,95705339;4,97024400
26,96729339;4,97024400
26,97753339;4,79079600
26,98777339;4,61134700
26,99801339;4,25183900
27,00825339;4,25183900
27,01849339;4,25183900
27,02873339;4,25183900
27,03897339;4,43189800
27,04921339;4,43189800
27,05945339;4,43189800
27,06969339;4,25183900
27,07993339;4,25183900
27,09017339;3,89294100
27,10041339;3,71349200
27,11065339;3,71349200
27,12089339;3,71349200
27,13113339;3,89294100
27,14137339;3,89294100
27,15161339;3,89294100
27,16185339;3,89294100
27,17209339;3,71349200
27,18233339;3,53404300
27,19257339;3,53404300
27,20281339;3,17453500
27,21305339;3,17453500
27,22329339;3,17453500
27,23353339;3,17453500
27,24377339;3,35398400
27,25401339;3,35398400
27,26425339;3,17453500
27,27449339;3,17453500
27,28473339;2,81563800
27,29497339;2,81563800
27,30521339;2,63618900
27,31545339;2,63618900
27,32569339;2,81563800
27,33593339;2,63618900
27,34617339;2,63618900
27,35641338;2,81563800
27,36665338;2,63618900
27,37689338;2,45613000
27,38713338;2,27668100
27,39737338;2,09723200
27,40761338;1,91778300
27,41785338;1,91778300
27,42809338;2,09723200
27,43833338;2,09723200
27,44857338;2,09723200
27,45881338;1,91778300
27,46905338;1,91778300
27,47929338;1,73833400
27,48953338;1,37882600
27,49977338;1,37882600
27,51001338;1,19937700
27,52025338;1,37882600
27,53049338;1,37882600
27,54073338;1,37882600
27,55097338;1,37882600
27,56121338;1,37882600
27,57145338;1,19937700
27,58169338;1,01992900
27,59193338;0,66042050
27,60217338;0,66042050
27,61241338;0,66042050
27,62265338;0,66042050
27,63289338;0,66042050
27,64313338;0,66042050
27,65337338;0,66042050
27,66361338;0,66042050
27,67385338;0,66042050
27,68409338;0,48097170
27,69433338;0,30152290
27,70457338;0,12207400
27,71481338;0,12207400
27,72505338;0,30152290
27,73529338;0,30152290
27,74553338;0,30152290
27,75577338;0,30152290
27,76601338;0,30152290
27,77625338;0,12207400
27,78649338;-0,05737480
27,79673338;-0,23682360
27,80697338;-0,41627250
27,81721338;-0,23682360
27,82745338;-0,23682360
27,83769338;-0,23682360
27,84793338;-0,23682360
27,85817338;-0,23682360
27,86841338;-0,41627250
27,87865338;-0,41627250
27,88889338;-0,77517010
27,89913338;-0,77517010
27,90937338;-1,13467800
27,91961338;-0,77517010
27,92985338;-0,95522930
27,94009338;-0,95522930
27,95033338;-0,95522930
27,96057338;-1,13467800
27,97081338;-1,13467800
27,98105338;-1,13467800
27,99129338;-1,49357600
28,00153338;-1,49357600
28,01177338;-1,67302500
28,02201338;-1,49357600
28,03225338;-1,49357600
28,04249338;-1,49357600
28,05273338;-1,49357600
28,06297338;-1,67302500
28,07321338;-1,85308400
28,08345338;-2,03253300
28,09369338;-2,21198200
28,10393338;-2,21198200
28,11417338;-2,21198200
28,12441338;-2,21198200
28,13465338;-2,21198200
28,14489338;-2,21198200
28,15513338;-2,21198200
28,16537338;-2,39143000
28,17561338;-2,57087900
28,18585338;-2,57087900
28,19609338;-2,93038700
28,20633338;-2,93038700
28,21657338;-2,93038700
28,22681338;-2,93038700
28,23705338;-2,93038700
28,24729338;-2,93038700
28,25753338;-2,93038700
28,26777338;-2,93038700
28,27801338;-3,10983600
28,28825338;-3,28928500
28,29849338;-3,28928500
28,30873338;-3,28928500
28,31897338;-3,28928500
28,32921338;-3,28928500
28,33945338;-3,28928500
28,34969338;-3,28928500
28,35993338;-3,28928500
28,37017338;-3,46873400
28,38041338;-3,64879300
28,39065338;-3,64879300
28,40089338;-3,82824200
28,41113338;-3,82824200
28,42137338;-3,82824200
28,43161338;-3,82824200
28,44185338;-3,82824200
28,45209338;-3,82824200
28,46233338;-3,82824200
28,47257338;-4,00769000
28,48281338;-4,00769000
28,49305338;-4,36658800
28,50329338;-4,36658800
28,51353338;-4,36658800
28,52377338;-4,36658800
28,53401338;-4,36658800
28,54425338;-4,36658800
28,55449338;-4,36658800
28,56473338;-4,36658800
28,57497338;-4,36658800
28,58521338;-4,72609600
28,59545338;-4,72609600
28,60569338;-4,72609600
28,61593338;-4,90554500
28,62617338;-4,72609600
28,63641338;-4,72609600
28,64665338;-4,72609600
28,65689338;-4,90554500
28,66713338;-4,90554500
28,67737338;-5,08499400
28,68761338;-5,08499400
28,69785338;-5,26444300
28,70809338;-5,44450200
28,71833338;-5,26444300
28,72857338;-5,26444300
28,73881338;-5,26444300
28,74905338;-5,44450200
28,75929338;-5,26444300
28,76953338;-5,44450200
28,77977338;-5,44450200
28,79001338;-5,80340000
28,80025338;-5,80340000
28,81049338;-5,80340000
28,82073338;-5,80340000
28,83097338;-5,80340000
28,84121338;-5,80340000
28,85145338;-5,80340000
28,86169338;-5,80340000
28,87193338;-5,80340000
28,88217338;-5,80340000
28,89241338;-5,80340000
28,90265338;-5,80340000
28,91289338;-5,80340000
28,92313338;-5,98284900
28,93337338;-5,80340000
28,94361338;-5,98284900
28,95385338;-5,80340000
28,96409338;-5,98284900
28,97433338;-5,98284900
28,98457338;-5,80340000
28,99481337;-5,80340000
29,00505337;-5,80340000
29,01529337;-5,98284900
29,02553337;-5,80340000
29,03577337;-5,80340000
29,04601337;-5,98284900
29,05625337;-5,80340000
29,06649337;-5,80340000
29,07673337;-5,80340000
29,08697337;-5,98284900
29,09721337;-5,80340000
29,10745337;-5,80340000
29,11769337;-5,98284900
29,12793337;-5,98284900
29,13817337;-5,80340000
29,14841337;-5,98284900
29,15865337;-5,80340000
29,16889337;-5,80340000
29,17913337;-5,80340000
29,18937337;-5,80340000
29,19961337;-5,80340000
29,20985337;-5,80340000
29,22009337;-5,80340000
29,23033337;-5,80340000
29,24057337;-5,80340000
29,25081337;-5,80340000
29,26105337;-5,80340000
29,27129337;-5,80340000
29,28153337;-5,80340000
29,29177337;-5,80340000
29,30201337;-5,80340000
29,31225337;-5,80340000
29,32249337;-5,98284900
29,33273337;-5,80340000
29,34297337;-5,80340000
29,35321337;-5,80340000
29,36345337;-5,80340000
29,37369337;-5,80340000
29,38393337;-5,80340000
29,39417337;-5,80340000
29,40441337;-5,80340000
29,41465337;-5,80340000
29,42489337;-5,80340000
29,43513337;-5,80340000
29,44537337;-5,80340000
29,45561337;-5,80340000
29,46585337;-5,80340000
29,47609337;-5,80340000
29,48633337;-5,80340000
29,49657337;-5,80340000
29,50681337;-5,80340000
29,51705337;-5,80340000
29,52729337;-5,80340000
29,53753337;-5,80340000
29,54777337;-5,80340000
29,55801337;-5,80340000
29,56825337;-5,80340000
29,57849337;-5,80340000
29,58873337;-5,80340000
29,59897337;-5,80340000
29,60921337;-5,80340000
29,61945337;-5,80340000
29,62969337;-5,80340000
29,63993337;-5,80340000
29,65017337;-5,80340000
29,66041337;-5,80340000
29,67065337;-5,80340000
29,68089337;-5,80340000
29,69113337;-5,80340000
29,70137337;-5,80340000
29,71161337;-5,80340000
29,72185337;-5,80340000
29,73209337;-5,80340000
29,74233337;-5,80340000
29,75257337;-5,80340000
29,76281337;-5,80340000
29,77305337;-5,80340000
29,78329337;-5,80340000
29,79353337;-5,80340000
29,80377337;-5,80340000
29,81401337;-5,80340000
29,82425337;-5,80340000
29,83449337;-5,80340000
29,84473337;-5,80340000
29,85497337;-5,80340000
29,86521337;-5,80340000
29,87545337;-5,80340000
29,88569337;-5,80340000
29,89593337;-5,80340000
29,90617337;-5,80340000
29,91641337;-5,80340000
29,92665337;-5,80340000
29,93689337;-5,80340000
29,94713337;-5,80340000
29,95737337;-5,80340000
29,96761337;-5,80340000
29,97785337;-5,80340000
29,98809337;-5,80340000
29,99833337;-5,80340000
30,00857337;-5,80340000
30,01881337;-5,80340000
30,02905337;-5,80340000
30,03929337;-5,80340000
30,04953337;-5,80340000
30,05977337;-5,80340000
30,07001337;-5,80340000
30,08025337;-5,80340000
30,09049337;-5,80340000
30,10073337;-5,80340000
30,11097337;-5,80340000
30,12121337;-5,80340000
30,13145337;-5,80340000
30,14169337;-5,80340000
30,15193337;-5,80340000
30,16217337;-5,80340000
30,17241337;-5,80340000
30,18265337;-5,80340000
30,19289337;-5,80340000
30,20313337;-5,80340000
30,21337337;-5,80340000
30,22361337;-5,80340000
30,23385337;-5,80340000
30,24409337;-5,80340000
30,25433337;-5,80340000
30,26457337;-5,80340000
30,27481337;-5,80340000
30,28505337;-5,80340000
30,29529337;-5,80340000
30,30553337;-5,80340000
30,31577337;-5,80340000
30,32601337;-5,80340000
30,33625337;-5,80340000
30,34649337;-5,80340000
30,35673337;-5,80340000
30,36697337;-5,80340000
30,37721337;-5,80340000
30,38745337;-5,80340000
30,39769337;-5,80340000
30,40793337;-5,80340000
30,41817337;-5,80340000
30,42841337;-5,80340000
30,43865337;-5,80340000
30,44889337;-5,80340000
30,45913337;-5,80340000
30,46937337;-5,80340000
30,47961337;-5,80340000
30,48985337;-5,80340000
30,50009337;-5,80340000
30,51033337;-5,80340000
30,52057337;-5,80340000
30,53081337;-5,80340000
30,54105337;-5,80340000
30,55129337;-5,80340000
30,56153337;-5,80340000
30,57177337;-5,80340000
30,58201337;-5,80340000
30,59225337;-5,80340000
30,60249337;-5,80340000
30,61273337;-5,80340000
30,62297337;-5,80340000
30,63321337;-5,80340000
30,64345336;-5,80340000
30,65369336;-5,80340000
30,66393336;-5,80340000
30,67417336;-5,80340000
30,68441336;-5,80340000
30,69465336;-5,80340000
30,70489336;-5,80340000
30,71513336;-5,80340000
30,72537336;-5,80340000
30,73561336;-5,80340000
30,74585336;-5,80340000
30,75609336;-5,80340000
30,76633336;-5,80340000
30,77657336;-5,80340000
30,78681336;-5,80340000
30,79705336;-5,80340000
30,80729336;-5,80340000
30,81753336;-5,80340000
30,82777336;-5,80340000
30,83801336;-5,80340000
30,84825336;-5,80340000
30,85849336;-5,80340000
30,86873336;-5,80340000
30,87897336;-5,80340000
30,88921336;-5,80340000
30,89945336;-5,80340000
30,90969336;-5,80340000
30,91993336;-5,80340000
30,93017336;-5,80340000
30,94041336;-5,80340000
30,95065336;-5,80340000
30,96089336;-5,80340000
30,97113336;-5,80340000
30,98137336;-5,80340000
30,99161336;-5,80340000
31,00185336;-5,80340000
31,01209336;-5,80340000
31,02233336;-5,80340000
31,03257336;-5,80340000
31,04281336;-5,80340000
31,05305336;-5,80340000
31,06329336;-5,80340000
31,07353336;-5,80340000
31,08377336;-5,80340000
31,09401336;-5,80340000
31,10425336;-5,80340000
31,11449336;-5,80340000
31,12473336;-5,80340000
31,13497336;-5,80340000
31,14521336;-5,80340000
31,15545336;-5,80340000
31,16569336;-5,80340000
31,17593336;-5,80340000
31,18617336;-5,80340000
31,19641336;-5,80340000
31,20665336;-5,80340000
31,21689336;-5,80340000
31,22713336;-5,80340000
31,23737336;-5,80340000
31,24761336;-5,80340000
31,25785336;-5,80340000
31,26809336;-5,80340000
31,27833336;-5,80340000
31,28857336;-5,80340000
31,29881336;-5,80340000
31,30905336;-5,80340000
31,31929336;-5,80340000
31,32953336;-5,80340000
31,33977336;-5,80340000
31,35001336;-5,80340000
31,36025336;-5,80340000
31,37049336;-5,80340000
31,38073336;-5,80340000
31,39097336;-5,80340000
31,40121336;-5,80340000
31,41145336;-5,80340000
31,42169336;-5,80340000
31,43193336;-5,80340000
31,44217336;-5,80340000
31,45241336;-5,80340000
31,46265336;-5,80340000
31,47289336;-5,80340000
31,48313336;-5,80340000
31,49337336;-5,80340000
31,50361336;-5,80340000
31,51385336;-5,80340000
31,52409336;-5,80340000
31,53433336;-5,80340000
31,54457336;-5,80340000
31,55481336;-5,80340000
31,56505336;-5,80340000
31,57529336;-5,80340000
31,58553336;-5,80340000
31,59577336;-5,80340000
31,60601336;-5,80340000
31,61625336;-5,80340000
31,62649336;-5,80340000
31,63673336;-5,80340000
31,64697336;-5,80340000
31,65721336;-5,80340000
31,66745336;-5,80340000
31,67769336;-5,80340000
31,68793336;-5,80340000
31,69817336;-5,80340000
31,70841336;-5,80340000
31,71865336;-5,80340000
31,72889336;-5,80340000
31,73913336;-5,80340000
31,74937336;-5,80340000
31,75961336;-5,80340000
31,76985336;-5,80340000
31,78009336;-5,80340000
31,79033336;-5,80340000
31,80057336;-5,80340000
31,81081336;-5,80340000
31,82105336;-5,80340000
31,83129336;-5,80340000
31,84153336;-5,80340000
31,85177336;-5,80340000
31,86201336;-5,80340000
31,87225336;-5,80340000
31,88249336;-5,80340000
31,89273336;-5,80340000
31,90297336;-5,80340000
31,91321336;-5,80340000
31,92345336;-5,80340000
31,93369336;-5,80340000
31,94393336;-5,80340000
31,95417336;-5,80340000
31,96441336;-5,80340000
31,97465336;-5,80340000
31,98489336;-5,80340000
31,99513336;-5,80340000
32,00537336;-5,80340000
32,01561336;-5,80340000
32,02585336;-5,80340000
32,03609336;-5,80340000
32,04633336;-5,80340000
32,05657336;-5,80340000
32,06681336;-5,80340000
32,07705336;-5,80340000
32,08729336;-5,80340000
32,09753336;-5,80340000
32,10777336;-5,62395100
32,11801336;-5,80340000
32,12825336;-5,80340000
32,13849336;-5,80340000
32,14873336;-5,80340000
32,15897336;-5,80340000
32,16921336;-5,80340000
32,17945336;-5,80340000
32,18969336;-5,80340000
32,19993336;-5,80340000
32,21017336;-5,80340000
32,22041336;-5,80340000
32,23065336;-5,80340000
32,24089336;-5,80340000
32,25113336;-5,80340000
32,26137336;-5,80340000
32,27161336;-5,80340000
32,28185336;-5,80340000
32,29209335;-5,80340000
32,30233335;-5,80340000
32,31257335;-5,80340000
32,32281335;-5,80340000
32,33305335;-5,80340000
32,34329335;-5,80340000
32,35353335;-5,80340000
32,36377335;-5,80340000
32,37401335;-5,80340000
32,38425335;-5,80340000
32,39449335;-5,80340000
32,40473335;-5,80340000
32,41497335;-5,80340000
32,42521335;-5,80340000
32,43545335;-5,80340000
32,44569335;-5,80340000
32,45593335;-5,80340000
32,46617335;-5,80340000
32,47641335;-5,80340000
32,48665335;-5,80340000
32,49689335;-5,80340000
32,50713335;-5,80340000
32,51737335;-5,80340000
32,52761335;-5,80340000
32,53785335;-5,80340000
32,54809335;-5,80340000
32,55833335;-5,80340000
32,56857335;-5,80340000
32,57881335;-5,80340000
32,58905335;-5,80340000
32,59929335;-5,80340000
32,60953335;-5,80340000
32,61977335;-5,80340000
32,63001335;-5,62395100
32,64025335;-5,80340000
32,65049335;-5,80340000
32,66073335;-5,62395100
32,67097335;-5,80340000
32,68121335;-5,80340000
32,69145335;-5,80340000
32,70169335;-5,80340000
32,71193335;-5,80340000
32,72217335;-5,80340000
32,73241335;-5,62395100
32,74265335;-5,80340000
32,75289335;-5,80340000
32,76313335;-5,80340000
32,77337335;-5,80340000
32,78361335;-5,80340000
32,79385335;-5,80340000
32,80409335;-5,80340000
32,81433335;-5,80340000
32,82457335;-5,62395100
32,83481335;-5,80340000
32,84505335;-5,80340000
32,85529335;-5,80340000
32,86553335;-5,80340000
32,87577335;-5,62395100
32,88601335;-5,80340000
32,89625335;-5,80340000
32,90649335;-5,62395100
32,91673335;-5,80340000
32,92697335;-5,80340000
32,93721335;-5,80340000
32,94745335;-5,62395100
32,95769335;-5,62395100
32,96793335;-5,80340000
32,97817335;-5,80340000
32,98841335;-5,62395100
32,99865335;-5,80340000
33,00889335;-5,80340000
33,01913335;-5,80340000
33,02937335;-5,80340000
33,03961335;-5,62395100
33,04985335;-5,80340000
33,06009335;-5,80340000
33,07033335;-5,62395100
33,08057335;-5,62395100
33,09081335;-5,80340000
33,10105335;-5,62395100
33,11129335;-5,80340000
33,12153335;-5,62395100
33,13177335;-5,62395100
33,14201335;-5,62395100
33,15225335;-5,62395100
33,16249335;-5,62395100
33,17273335;-5,62395100
33,18297335;-5,62395100
33,19321335;-5,80340000
33,20345335;-5,80340000
33,21369335;-5,62395100
33,22393335;-5,62395100
33,23417335;-5,80340000
33,24441335;-5,62395100
33,25465335;-5,62395100
33,26489335;-5,62395100
33,27513335;-5,62395100
33,28537335;-5,62395100
33,29561335;-5,80340000
33,30585335;-5,80340000
33,31609335;-5,80340000
33,32633335;-5,62395100
33,33657335;-5,62395100
33,34681335;-5,62395100
33,35705335;-5,80340000
33,36729335;-5,62395100
33,37753335;-5,62395100
33,38777335;-5,62395100
33,39801335;-5,62395100
33,40825335;-5,80340000
33,41849335;-5,80340000
33,42873335;-5,62395100
33,43897335;-5,62395100
33,44921335;-5,62395100
33,45945335;-5,62395100
33,46969335;-5,80340000
33,47993335;-5,80340000
33,49017335;-5,62395100
33,50041335;-5,62395100
33,51065335;-5,62395100
33,52089335;-5,80340000
33,53113335;-5,62395100
33,54137335;-5,80340000
33,55161335;-5,62395100
33,56185335;-5,62395100
33,57209335;-5,62395100
33,58233335;-5,44450200
33,59257335;-5,80340000
33,60281335;-5,62395100
33,61305335;-5,62395100
33,62329335;-5,62395100
33,63353335;-5,62395100
33,64377335;-5,80340000
33,65401335;-5,62395100
33,66425335;-5,62395100
33,67449335;-5,62395100
33,68473335;-5,62395100
33,69497335;-5,80340000
33,70521335;-5,80340000
33,71545335;-5,80340000
33,72569335;-5,62395100
33,73593335;-5,44450200
33,74617335;-5,80340000
33,75641335;-5,62395100
33,76665335;-5,62395100
33,77689335;-5,62395100
33,78713335;-5,80340000
33,79737335;-5,62395100
33,80761335;-5,62395100
33,81785335;-5,62395100
33,82809335;-5,62395100
33,83833335;-5,62395100
33,84857335;-5,62395100
33,85881335;-5,62395100
33,86905335;-5,62395100
33,87929335;-5,80340000
33,88953335;-5,62395100
33,89977335;-5,62395100
33,91001335;-5,80340000
33,92025335;-5,62395100
33,93049334;-5,80340000
33,94073334;-5,62395100
33,95097334;-5,62395100
33,96121334;-5,62395100
33,97145334;-5,62395100
33,98169334;-5,62395100
33,99193334;-5,62395100
34,00217334;-5,62395100
34,01241334;-5,44450200
34,02265334;-5,44450200
34,03289334;-5,62395100
34,04313334;-5,62395100
34,05337334;-5,44450200
34,06361334;-5,44450200
34,07385334;-5,44450200
34,08409334;-5,62395100
34,09433334;-5,62395100
34,10457334;-5,44450200
34,11481334;-5,80340000
34,12505334;-5,44450200
34,13529334;-5,62395100
34,14553334;-5,62395100
34,15577334;-5,62395100
34,16601334;-5,62395100
34,17625334;-5,62395100
34,18649334;-5,62395100
34,19673334;-5,62395100
34,20697334;-5,62395100
34,21721334;-5,62395100
34,22745334;-5,62395100
34,23769334;-5,62395100
34,24793334;-5,44450200
34,25817334;-5,62395100
34,26841334;-5,62395100
34,27865334;-5,44450200
34,28889334;-5,62395100
34,29913334;-5,80340000
34,30937334;-5,80340000
34,31961334;-5,44450200
34,32985334;-5,44450200
34,34009334;-5,44450200
34,35033334;-5,44450200
34,36057334;-5,62395100
34,37081334;-5,44450200
34,38105334;-5,44450200
34,39129334;-5,44450200
34,40153334;-5,62395100
34,41177334;-5,44450200
34,42201334;-5,44450200
34,43225334;-5,62395100
34,44249334;-5,44450200
34,45273334;-5,62395100
34,46297334;-5,44450200
34,47321334;-5,62395100
34,48345334;-5,44450200
34,49369334;-5,80340000
34,50393334;-5,62395100
34,51417334;-5,44450200
34,52441334;-5,62395100
34,53465334;-5,62395100
34,54489334;-5,44450200
34,55513334;-5,44450200
34,56537334;-5,44450200
34,57561334;-5,44450200
34,58585334;-5,62395100
34,59609334;-5,44450200
34,60633334;-5,62395100
34,61657334;-5,62395100
34,62681334;-5,62395100
34,63705334;-5,44450200
34,64729334;-5,44450200
34,65753334;-5,44450200
34,66777334;-5,62395100
34,67801334;-5,44450200
34,68825334;-5,62395100
34,69849334;-5,44450200
34,70873334;-5,62395100
34,71897334;-5,44450200
34,72921334;-5,62395100
34,73945334;-5,44450200
34,74969334;-5,44450200
34,75993334;-5,62395100
34,77017334;-5,44450200
34,78041334;-5,44450200
34,79065334;-5,44450200
34,80089334;-5,44450200
34,81113334;-5,44450200
34,82137334;-5,62395100
34,83161334;-5,44450200
34,84185334;-5,44450200
34,85209334;-5,44450200
34,86233334;-5,44450200
34,87257334;-5,44450200
34,88281334;-5,62395100
34,89305334;-5,44450200
34,90329334;-5,44450200
34,91353334;-5,44450200
34,92377334;-5,44450200
34,93401334;-5,62395100
34,94425334;-5,44450200
34,95449334;-5,62395100
34,96473334;-5,44450200
34,97497334;-5,44450200
34,98521334;-5,62395100
34,99545334;-5,44450200
35,00569334;-5,44450200
35,01593334;-5,44450200
35,02617334;-5,62395100
35,03641334;-5,44450200
35,04665334;-5,44450200
35,05689334;-5,62395100
35,06713334;-5,44450200
35,07737334;-5,44450200
35,08761334;-5,44450200
35,09785334;-5,44450200
35,10809334;-5,44450200
35,11833334;-5,44450200
35,12857334;-5,62395100
35,13881334;-5,44450200
35,14905334;-5,44450200
35,15929334;-5,44450200
35,16953334;-5,44450200
35,17977334;-5,44450200
35,19001334;-5,44450200
35,20025334;-5,44450200
35,21049334;-5,44450200
35,22073334;-5,44450200
35,23097334;-5,44450200
35,24121334;-5,44450200
35,25145334;-5,44450200
35,26169334;-5,44450200
35,27193334;-5,44450200
35,28217334;-5,44450200
35,29241334;-5,44450200
35,30265334;-5,44450200
35,31289334;-5,44450200
35,32313334;-5,44450200
35,33337334;-5,44450200
35,34361334;-5,44450200
35,35385334;-5,44450200
35,36409334;-5,44450200
35,37433334;-5,44450200
35,38457334;-5,44450200
35,39481334;-5,44450200
35,40505334;-5,44450200
35,41529334;-5,44450200
35,42553334;-5,44450200
35,43577334;-5,44450200
35,44601334;-5,44450200
35,45625334;-5,44450200
35,46649334;-5,44450200
35,47673334;-5,44450200
35,48697334;-5,44450200
35,49721334;-5,44450200
35,50745334;-5,44450200
35,51769334;-5,44450200
35,52793334;-5,44450200
35,53817334;-5,44450200
35,54841334;-5,44450200
35,55865334;-5,44450200
35,56889334;-5,44450200
35,57913333;-5,44450200
35,58937333;-5,44450200
35,59961333;-5,44450200
35,60985333;-5,44450200
35,62009333;-5,44450200
35,63033333;-5,44450200
35,64057333;-5,44450200
35,65081333;-5,44450200
35,66105333;-5,44450200
35,67129333;-5,44450200
35,68153333;-5,44450200
35,69177333;-5,44450200
35,70201333;-5,44450200
35,71225333;-5,44450200
35,72249333;-5,44450200
35,73273333;-5,44450200
35,74297333;-5,44450200
35,75321333;-5,44450200
35,76345333;-5,44450200
35,77369333;-5,44450200
35,78393333;-5,44450200
35,79417333;-5,44450200
35,80441333;-5,44450200
35,81465333;-5,44450200
35,82489333;-5,44450200
35,83513333;-5,44450200
35,84537333;-5,44450200
35,85561333;-5,44450200
35,86585333;-5,44450200
35,87609333;-5,44450200
35,88633333;-5,44450200
35,89657333;-5,44450200
35,90681333;-5,44450200
35,91705333;-5,44450200
35,92729333;-5,44450200
35,93753333;-5,44450200
35,94777333;-5,44450200
35,95801333;-5,44450200
35,96825333;-5,44450200
35,97849333;-5,44450200
35,98873333;-5,44450200
35,99897333;-5,44450200
36,00921333;-5,44450200
36,01945333;-5,44450200
36,02969333;-5,44450200
36,03993333;-5,44450200
36,05017333;-5,44450200
36,06041333;-5,44450200
36,07065333;-5,44450200
36,08089333;-5,44450200
36,09113333;-5,44450200
36,10137333;-5,44450200
36,11161333;-5,44450200
36,12185333;-5,44450200
36,13209333;-5,44450200
36,14233333;-5,44450200
36,15257333;-5,44450200
36,16281333;-5,44450200
36,17305333;-5,44450200
36,18329333;-5,44450200
36,19353333;-5,44450200
36,20377333;-5,44450200
36,21401333;-5,44450200
36,22425333;-5,44450200
36,23449333;-5,44450200
36,24473333;-5,44450200
36,25497333;-5,44450200
36,26521333;-5,44450200
36,27545333;-5,44450200
36,28569333;-5,44450200
36,29593333;-5,44450200
36,30617333;-5,44450200
36,31641333;-5,44450200
36,32665333;-5,44450200
36,33689333;-5,44450200
36,34713333;-5,44450200
36,35737333;-5,44450200
36,36761333;-5,44450200
36,37785333;-5,44450200
36,38809333;-5,44450200
36,39833333;-5,44450200
36,40857333;-5,44450200
36,41881333;-5,44450200
36,42905333;-5,44450200
36,43929333;-5,44450200
36,44953333;-5,44450200
36,45977333;-5,44450200
36,47001333;-5,44450200
36,48025333;-5,44450200
36,49049333;-5,44450200
36,50073333;-5,44450200
36,51097333;-5,44450200
36,52121333;-5,44450200
36,53145333;-5,44450200
36,54169333;-5,44450200
36,55193333;-5,44450200
36,56217333;-5,44450200
36,57241333;-5,44450200
36,58265333;-5,44450200
36,59289333;-5,44450200
36,60313333;-5,44450200
36,61337333;-5,44450200
36,62361333;-5,44450200
36,63385333;-5,44450200
36,64409333;-5,44450200
36,65433333;-5,44450200
36,66457333;-5,44450200
36,67481333;-5,44450200
36,68505333;-5,44450200
36,69529333;-5,44450200
36,70553333;-5,44450200
36,71577333;-5,44450200
36,72601333;-5,44450200
36,73625333;-5,44450200
36,74649333;-5,44450200
36,75673333;-5,44450200
36,76697333;-5,44450200
36,77721333;-5,44450200
36,78745333;-5,44450200
36,79769333;-5,44450200
36,80793333;-5,44450200
36,81817333;-5,44450200
36,82841333;-5,44450200
36,83865333;-5,44450200
36,84889333;-5,44450200
36,85913333;-5,44450200
36,86937333;-5,44450200
36,87961333;-5,44450200
36,88985333;-5,44450200
36,90009333;-5,44450200
36,91033333;-5,44450200
36,92057333;-5,44450200
36,93081333;-5,44450200
36,94105333;-5,44450200
36,95129333;-5,44450200
36,96153333;-5,44450200
36,97177333;-5,44450200
36,98201333;-5,44450200
36,99225333;-5,44450200
37,00249333;-5,44450200
37,01273333;-5,44450200
37,02297333;-5,44450200
37,03321333;-5,44450200
37,04345333;-5,44450200
37,05369333;-5,44450200
37,06393333;-5,44450200
37,07417333;-5,44450200
37,08441333;-5,44450200
37,09465333;-5,44450200
37,10489333;-5,44450200
37,11513333;-5,44450200
37,12537333;-5,44450200
37,13561333;-5,44450200
37,14585333;-5,44450200
37,15609333;-5,44450200
37,16633333;-5,44450200
37,17657333;-5,44450200
37,18681333;-5,44450200
37,19705333;-5,44450200
37,20729333;-5,44450200
37,21753333;-5,44450200
37,22777332;-5,44450200
37,23801332;-5,44450200
37,24825332;-5,44450200
37,25849332;-5,44450200
37,26873332;-5,44450200
37,27897332;-5,44450200
37,28921332;-5,44450200
37,29945332;-5,44450200
37,30969332;-5,44450200
37,31993332;-5,44450200
37,33017332;-5,44450200
37,34041332;-5,44450200
37,35065332;-5,44450200
37,36089332;-5,44450200
37,37113332;-5,44450200
37,38137332;-5,44450200
37,39161332;-5,44450200
37,40185332;-5,44450200
37,41209332;-5,44450200
37,42233332;-5,44450200
37,43257332;-5,44450200
37,44281332;-5,44450200
37,45305332;-5,44450200
37,46329332;-5,44450200
37,47353332;-5,44450200
37,48377332;-5,44450200
37,49401332;-5,44450200
37,50425332;-5,44450200
37,51449332;-5,44450200
37,52473332;-5,44450200
37,53497332;-5,44450200
37,54521332;-5,44450200
37,55545332;-5,44450200
37,56569332;-5,44450200
37,57593332;-5,44450200
37,58617332;-5,44450200
37,59641332;-5,44450200
37,60665332;-5,44450200
37,61689332;-5,44450200
37,62713332;-5,44450200
37,63737332;-5,44450200
37,64761332;-5,44450200
37,65785332;-5,44450200
37,66809332;-5,44450200
37,67833332;-5,44450200
37,68857332;-5,44450200
37,69881332;-5,44450200
37,70905332;-5,44450200
37,71929332;-5,44450200
37,72953332;-5,44450200
37,73977332;-5,44450200
37,75001332;-5,44450200
37,76025332;-5,44450200
37,77049332;-5,44450200
37,78073332;-5,44450200
37,79097332;-5,44450200
37,80121332;-5,44450200
37,81145332;-5,44450200
37,82169332;-5,44450200
37,83193332;-5,44450200
37,84217332;-5,44450200
37,85241332;-5,44450200
37,86265332;-5,44450200
37,87289332;-5,44450200
37,88313332;-5,44450200
37,89337332;-5,44450200
37,90361332;-5,44450200
37,91385332;-5,44450200
37,92409332;-5,44450200
37,93433332;-5,44450200
37,94457332;-5,44450200
37,95481332;-5,44450200
37,96505332;-5,44450200
37,97529332;-5,44450200
37,98553332;-5,44450200
37,99577332;-5,44450200
38,00601332;-5,44450200
38,01625332;-5,44450200
38,02649332;-5,44450200
38,03673332;-5,44450200
38,04697332;-5,44450200
38,05721332;-5,44450200
38,06745332;-5,44450200
38,07769332;-5,44450200
38,08793332;-5,44450200
38,09817332;-5,44450200
38,10841332;-5,44450200
38,11865332;-5,44450200
38,12889332;-5,44450200
38,13913332;-5,44450200
38,14937332;-5,44450200
38,15961332;-5,44450200
38,16985332;-5,44450200
38,18009332;-5,44450200
38,19033332;-5,44450200
38,20057332;-5,44450200
38,21081332;-5,44450200
38,22105332;-5,44450200
38,23129332;-5,44450200
38,24153332;-5,44450200
38,25177332;-5,44450200
38,26201332;-5,26444300
38,27225332;-5,44450200
38,28249332;-5,44450200
38,29273332;-5,44450200
38,30297332;-5,44450200
38,31321332;-5,44450200
38,32345332;-5,26444300
38,33369332;-5,26444300
38,34393332;-5,26444300
38,35417332;-5,44450200
38,36441332;-5,26444300
38,37465332;-5,44450200
38,38489332;-5,44450200
38,39513332;-5,44450200
38,40537332;-5,44450200
38,41561332;-5,44450200
38,42585332;-5,44450200
38,43609332;-5,44450200
38,44633332;-5,44450200
38,45657332;-5,44450200
38,46681332;-5,44450200
38,47705332;-5,44450200
38,48729332;-5,44450200
38,49753332;-5,44450200
38,50777332;-5,26444300
38,51801332;-5,44450200
38,52825332;-5,44450200
38,53849332;-5,44450200
38,54873332;-5,44450200
38,55897332;-5,26444300
38,56921332;-5,44450200
38,57945332;-5,26444300
38,58969332;-5,44450200
38,59993332;-5,44450200
38,61017332;-5,44450200
38,62041332;-5,26444300
38,63065332;-5,26444300
38,64089332;-5,44450200
38,65113332;-5,26444300
38,66137332;-5,26444300
38,67161332;-5,44450200
38,68185332;-5,44450200
38,69209332;-5,26444300
38,70233332;-5,44450200
38,71257332;-5,26444300
38,72281332;-5,44450200
38,73305332;-5,44450200
38,74329332;-5,44450200
38,75353332;-5,26444300
38,76377332;-5,44450200
38,77401332;-5,44450200
38,78425332;-5,26444300
38,79449332;-5,44450200
38,80473332;-5,44450200
38,81497332;-5,44450200
38,82521332;-5,44450200
38,83545332;-5,26444300
38,84569332;-5,44450200
38,85593332;-5,44450200
38,86617332;-5,44450200
38,87641331;-5,26444300
38,88665331;-5,26444300
38,89689331;-5,44450200
38,90713331;-5,26444300
38,91737331;-5,44450200
38,92761331;-5,44450200
38,93785331;-5,44450200
38,94809331;-5,44450200
38,95833331;-5,26444300
38,96857331;-5,44450200
38,97881331;-5,26444300
38,98905331;-5,26444300
38,99929331;-5,08499400
39,00953331;-5,08499400
39,01977331;-5,08499400
39,03001331;-5,08499400
39,04025331;-5,08499400
39,05049331;-5,08499400
39,06073331;-5,08499400
39,07097331;-4,90554500
39,08121331;-4,90554500
39,09145331;-4,72609600
39,10169331;-4,72609600
39,11193331;-4,72609600
39,12217331;-4,72609600
39,13241331;-4,72609600
39,14265331;-4,54664800
39,15289331;-4,54664800
39,16313331;-4,54664800
39,17337331;-4,54664800
39,18361331;-4,36658800
39,19385331;-4,36658800
39,20409331;-4,36658800
39,21433331;-4,36658800
39,22457331;-4,00769000
39,23481331;-4,00769000
39,24505331;-4,00769000
39,25529331;-4,00769000
39,26553331;-4,00769000
39,27577331;-4,00769000
39,28601331;-4,00769000
39,29625331;-4,00769000
39,30649331;-3,82824200
39,31673331;-3,64879300
39,32697331;-3,64879300
39,33721331;-3,46873400
39,34745331;-3,64879300
39,35769331;-3,64879300
39,36793331;-3,46873400
39,37817331;-3,28928500
39,38841331;-3,28928500
39,39865331;-3,28928500
39,40889331;-3,10983600
39,41913331;-3,10983600
39,42937331;-2,93038700
39,43961331;-2,93038700
39,44985331;-2,93038700
39,46009331;-2,93038700
39,47033331;-2,93038700
39,48057331;-2,93038700
39,49081331;-2,75093800
39,50105331;-2,75093800
39,51129331;-2,57087900
39,52153331;-2,57087900
39,53177331;-2,39143000
39,54201331;-2,39143000
39,55225331;-2,39143000
39,56249331;-2,57087900
39,57273331;-2,39143000
39,58297331;-2,39143000
39,59321331;-2,21198200
39,60345331;-2,21198200
39,61369331;-2,21198200
39,62393331;-1,85308400
39,63417331;-1,85308400
39,64441331;-1,85308400
39,65465331;-1,85308400
39,66489331;-1,85308400
39,67513331;-1,85308400
39,68537331;-1,85308400
39,69561331;-1,67302500
39,70585331;-1,49357600
39,71609331;-1,49357600
39,72633331;-1,49357600
39,73657331;-1,49357600
39,74681331;-1,31412700
39,75705331;-1,49357600
39,76729331;-1,49357600
39,77753331;-1,31412700
39,78777331;-1,31412700
39,79801331;-1,13467800
39,80825331;-1,13467800
39,81849331;-0,95522930
39,82873331;-0,77517010
39,83897331;-0,77517010
39,84921331;-0,77517010
39,85945331;-0,77517010
39,86969331;-0,77517010
39,87993331;-0,77517010
39,89017331;-0,77517010
39,90041331;-0,59572130
39,91065331;-0,41627250
39,92089331;-0,41627250
39,93113331;-0,41627250
39,94137331;-0,23682360
39,95161331;-0,23682360
39,96185331;-0,41627250
39,97209331;-0,23682360
39,98233331;-0,23682360
39,99257331;-0,05737480
40,00281331;-0,05737480
40,01305331;-0,05737480
40,02329331;0,12207400
40,03353331;0,30152290
40,04377331;0,30152290
40,05401331;0,30152290
40,06425331;0,30152290
40,07449331;0,30152290
40,08473331;0,30152290
40,09497331;0,30152290
40,10521331;0,48097170
40,11545331;0,66042050
40,12569331;0,66042050
40,13593331;0,66042050
40,14617331;0,66042050
40,15641331;0,66042050
40,16665331;0,66042050
40,17689331;0,66042050
40,18713331;0,84047970
40,19737331;0,84047970
40,20761331;1,01992900
40,21785331;1,19937700
40,22809331;1,37882600
40,23833331;1,37882600
40,24857331;1,37882600
40,25881331;1,37882600
40,26905331;1,37882600
40,27929331;1,37882600
40,28953331;1,37882600
40,29977331;1,73833400
40,31001331;1,73833400
40,32025331;1,73833400
40,33049331;1,73833400
40,34073331;1,91778300
40,35097331;1,91778300
40,36121331;1,91778300
40,37145331;1,91778300
40,38169331;2,09723200
40,39193331;2,09723200
40,40217331;2,09723200
40,41241331;2,09723200
40,42265331;2,45613000
40,43289331;2,45613000
40,44313331;2,45613000
40,45337331;2,45613000
40,46361331;2,45613000
40,47385331;2,45613000
40,48409331;2,45613000
40,49433331;2,63618900
40,50457331;2,63618900
40,51481330;2,81563800
40,52505330;2,81563800
40,53529330;2,81563800
40,54553330;2,81563800
40,55577330;2,81563800
40,56601330;2,81563800
40,57625330;2,81563800
40,58649330;2,81563800
40,59673330;2,99508600
40,60697330;3,17453500
40,61721330;3,17453500
40,62745330;3,17453500
40,63769330;3,17453500
40,64793330;3,17453500
40,65817330;3,17453500
40,66841330;3,17453500
40,67865330;3,35398400
40,68889330;3,35398400
40,69913330;3,35398400
40,70937330;3,53404300
40,71961330;3,53404300
40,72985330;3,53404300
40,74009330;3,53404300
40,75033330;3,53404300
40,76057330;3,53404300
40,77081330;3,71349200
40,78105330;3,71349200
40,79129330;3,71349200
40,80153330;3,89294100
40,81177330;3,89294100
40,82201330;3,89294100
40,83225330;4,07239000
40,84249330;4,07239000
40,85273330;4,07239000
40,86297330;4,25183900
40,87321330;4,25183900
40,88345330;4,25183900
40,89369330;4,25183900
40,90393330;4,25183900
40,91417330;4,61134700
40,92441330;4,61134700
40,93465330;4,61134700
40,94489330;4,61134700
40,95513330;4,61134700
40,96537330;4,61134700
40,97561330;4,79079600
40,98585330;4,79079600
40,99609330;4,97024400
41,00633330;4,97024400
41,01657330;4,97024400
41,02681330;4,97024400
41,03705330;5,14969300
41,04729330;4,97024400
41,05753330;5,14969300
41,06777330;5,32975200
41,07801330;5,14969300
41,08825330;5,32975200
41,09849330;5,32975200
41,10873330;5,32975200
41,11897330;5,32975200
41,12921330;5,50920200
41,13945330;5,50920200
41,14969330;5,50920200
41,15993330;5,50920200
41,17017330;5,68865000
41,18041330;5,68865000
41,19065330;5,68865000
41,20089330;5,68865000
41,21113330;5,68865000
41,22137330;5,68865000
41,23161330;5,86809900
41,24185330;5,86809900
41,25209330;6,04754800
41,26233330;6,04754800
41,27257330;6,04754800
41,28281330;6,04754800
41,29305330;6,04754800
41,30329330;6,22760700
41,31353330;6,40705600
41,32377330;6,40705600
41,33401330;6,40705600
41,34425330;6,40705600
41,35449330;6,40705600
41,36473330;6,40705600
41,37497330;6,58650500
41,38521330;6,76595400
41,39545330;6,76595400
41,40569330;6,76595400
41,41593330;6,94540200
41,42617330;6,94540200
41,43641330;6,94540200
41,44665330;7,12546200
41,45689330;7,12546200
41,46713330;7,12546200
41,47737330;7,12546200
41,48761330;7,12546200
41,49785330;7,48435900
41,50809330;7,48435900
41,51833330;7,48435900
41,52857330;7,48435900
41,53881330;7,48435900
41,54905330;7,48435900
41,55929330;7,48435900
41,56953330;7,66380800
41,57977330;7,66380800
41,59001330;7,84325700
41,60025330;7,84325700
41,61049330;7,84325700
41,62073330;7,84325700
41,63097330;7,84325700
41,64121330;8,02331600
41,65145330;8,02331600
41,66169330;8,02331600
41,67193330;8,20276500
41,68217330;8,20276500
41,69241330;8,20276500
41,70265330;8,20276500
41,71289330;8,38221400
41,72313330;8,38221400
41,73337330;8,56166300
41,74361330;8,56166300
41,75385330;8,56166300
41,76409330;8,56166300
41,77433330;8,56166300
41,78457330;8,56166300
41,79481330;8,56166300
41,80505330;8,56166300
41,81529330;8,74111200
41,82553330;8,92117000
41,83577330;8,92117000
41,84601330;8,92117000
41,85625330;8,92117000
41,86649330;8,92117000
41,87673330;8,92117000
41,88697330;8,92117000
41,89721330;8,92117000
41,90745330;9,10061900
41,91769330;9,10061900
41,92793330;9,28006800
41,93817330;9,28006800
41,94841330;9,28006800
41,95865330;9,28006800
41,96889330;9,28006800
41,97913330;9,28006800
41,98937330;9,28006800
41,99961330;9,28006800
42,00985330;9,28006800
42,02009330;9,63896600
42,03033330;9,63896600
42,04057330;9,63896600
42,05081330;9,63896600
42,06105330;9,63896600
42,07129330;9,63896600
42,08153330;9,63896600
42,09177330;9,63896600
42,10201330;9,81902500
42,11225330;9,81902500
42,12249330;9,81902500
42,13273330;9,81902500
42,14297330;9,81902500
42,15321330;9,99847400
42,16345329;9,99847400
42,17369329;9,99847400
42,18393329;9,99847400
42,19417329;9,99847400
42,20441329;9,99847400
42,21465329;9,99847400
42,22489329;9,99847400
42,23513329;10,17792000
42,24537329;10,17792000
42,25561329;10,17792000
42,26585329;10,17792000
42,27609329;10,35737000
42,28633329;10,35737000
42,29657329;10,17792000
42,30681329;10,35737000
42,31705329;10,35737000
42,32729329;10,35737000
42,33753329;10,35737000
42,34777329;10,35737000
42,35801329;10,35737000
42,36825329;10,35737000
42,37849329;10,35737000
42,38873329;10,35737000
42,39897329;10,35737000
42,40921329;10,53682000
42,41945329;10,53682000
42,42969329;10,53682000
42,43993329;10,53682000
42,45017329;10,53682000
42,46041329;10,53682000
42,47065329;10,53682000
42,48089329;10,53682000
42,49113329;10,71688000
42,50137329;10,71688000
42,51161329;10,71688000
42,52185329;10,71688000
42,53209329;10,71688000
42,54233329;10,71688000
42,55257329;10,71688000
42,56281329;10,71688000
42,57305329;10,89633000
42,58329329;10,89633000
42,59353329;11,07578000
42,60377329;10,89633000
42,61401329;11,07578000
42,62425329;11,07578000
42,63449329;11,07578000
42,64473329;11,07578000
42,65497329;11,07578000
42,66521329;11,07578000
42,67545329;11,25523000
42,68569329;11,25523000
42,69593329;11,25523000
42,70617329;11,43529000
42,71641329;11,43529000
42,72665329;11,43529000
42,73689329;11,43529000
42,74713329;11,43529000
42,75737329;11,43529000
42,76761329;11,43529000
42,77785329;11,43529000
42,78809329;11,43529000
42,79833329;11,61473000
42,80857329;11,61473000
42,81881329;11,79418000
42,82905329;11,61473000
42,83929329;11,79418000
42,84953329;11,79418000
42,85977329;11,79418000
42,87001329;11,79418000
42,88025329;11,79418000
42,89049329;11,79418000
42,90073329;11,79418000
42,91097329;11,79418000
42,92121329;11,79418000
42,93145329;11,79418000
42,94169329;11,97363000
42,95193329;11,79418000
42,96217329;11,97363000
42,97241329;11,79418000
42,98265329;11,79418000
42,99289329;11,79418000
43,00313329;11,79418000
43,01337329;11,97363000
43,02361329;12,15308000
43,03385329;11,97363000
43,04409329;11,97363000
43,05433329;12,15308000
43,06457329;11,97363000
43,07481329;12,15308000
43,08505329;11,97363000
43,09529329;12,15308000
43,10553329;11,97363000
43,11577329;12,15308000
43,12601329;12,15308000
43,13625329;12,15308000
43,14649329;12,15308000
43,15673329;12,15308000
43,16697329;12,15308000
43,17721329;12,15308000
43,18745329;12,15308000
43,19769329;12,15308000
43,20793329;12,15308000
43,21817329;12,15308000
43,22841329;12,15308000
43,23865329;12,15308000
43,24889329;12,15308000
43,25913329;12,15308000
43,26937329;12,15308000
43,27961329;12,15308000
43,28985329;12,15308000
43,30009329;12,15308000
43,31033329;12,15308000
43,32057329;12,15308000
43,33081329;12,15308000
43,34105329;12,15308000
43,35129329;12,15308000
43,36153329;12,15308000
43,37177329;12,15308000
43,38201329;12,15308000
43,39225329;12,15308000
43,40249329;12,15308000
43,41273329;12,15308000
43,42297329;12,15308000
43,43321329;12,15308000
43,44345329;12,15308000
43,45369329;12,15308000
43,46393329;12,15308000
43,47417329;12,15308000
43,48441329;12,15308000
43,49465329;12,15308000
43,50489329;12,15308000
43,51513329;12,15308000
43,52537329;12,15308000
43,53561329;12,15308000
43,54585329;12,15308000
43,55609329;12,15308000
43,56633329;12,15308000
43,57657329;12,15308000
43,58681329;12,15308000
43,59705329;12,15308000
43,60729329;12,15308000
43,61753329;12,15308000
43,62777329;12,15308000
43,63801329;12,15308000
43,64825329;12,15308000
43,65849329;12,15308000
43,66873329;12,15308000
43,67897329;12,15308000
43,68921329;12,15308000
43,69945329;12,15308000
43,70969329;12,15308000
43,71993329;12,15308000
43,73017329;12,15308000
43,74041329;12,15308000
43,75065329;12,15308000
43,76089329;12,15308000
43,77113329;12,15308000
43,78137329;12,15308000
43,79161329;12,15308000
43,80185329;12,15308000
43,81209328;12,15308000
43,82233328;12,15308000
43,83257328;12,15308000
43,84281328;12,33314000
43,85305328;12,15308000
43,86329328;12,33314000
43,87353328;12,15308000
43,88377328;12,15308000
43,89401328;12,15308000
43,90425328;12,15308000
43,91449328;12,15308000
43,92473328;12,15308000
43,93497328;12,15308000
43,94521328;12,15308000
43,95545328;12,15308000
43,96569328;12,15308000
43,97593328;12,15308000
43,98617328;12,15308000
43,99641328;12,15308000
44,00665328;12,33314000
44,01689328;12,15308000
44,02713328;12,15308000
44,03737328;12,15308000
44,04761328;12,33314000
44,05785328;12,33314000
44,06809328;12,15308000
44,07833328;12,15308000
44,08857328;12,15308000
44,09881328;12,33314000
44,10905328;12,33314000
44,11929328;12,33314000
44,12953328;12,15308000
44,13977328;12,33314000
44,15001328;12,33314000
44,16025328;12,33314000
44,17049328;12,33314000
44,18073328;12,33314000
44,19097328;12,15308000
44,20121328;12,15308000
44,21145328;12,33314000
44,22169328;12,33314000
44,23193328;12,33314000
44,24217328;12,33314000
44,25241328;12,15308000
44,26265328;12,33314000
44,27289328;12,33314000
44,28313328;12,15308000
44,29337328;12,15308000
44,30361328;12,33314000
44,31385328;12,33314000
44,32409328;12,33314000
44,33433328;12,15308000
44,34457328;12,15308000
44,35481328;12,15308000
44,36505328;12,33314000
44,37529328;12,33314000
44,38553328;12,15308000
44,39577328;12,15308000
44,40601328;12,33314000
44,41625328;12,33314000
44,42649328;12,33314000
44,43673328;12,15308000
44,44697328;12,15308000
44,45721328;12,15308000
44,46745328;12,33314000
44,47769328;12,15308000
44,48793328;12,15308000
44,49817328;12,15308000
44,50841328;12,15308000
44,51865328;12,15308000
44,52889328;12,15308000
44,53913328;12,15308000
44,54937328;12,15308000
44,55961328;12,15308000
44,56985328;12,15308000
44,58009328;12,15308000
44,59033328;12,15308000
44,60057328;12,15308000
44,61081328;12,15308000
44,62105328;12,15308000
44,63129328;12,15308000
44,64153328;12,15308000
44,65177328;11,97363000
44,66201328;12,15308000
44,67225328;12,15308000
44,68249328;12,15308000
44,69273328;12,15308000
44,70297328;12,15308000
44,71321328;12,15308000
44,72345328;12,15308000
44,73369328;11,97363000
44,74393328;11,79418000
44,75417328;11,79418000
44,76441328;11,79418000
44,77465328;11,79418000
44,78489328;11,79418000
44,79513328;11,79418000
44,80537328;11,79418000
44,81561328;11,79418000
44,82585328;11,79418000
44,83609328;11,79418000
44,84633328;11,79418000
44,85657328;11,61473000
44,86681328;11,61473000
44,87705328;11,61473000
44,88729328;11,61473000
44,89753328;11,79418000
44,90777328;11,79418000
44,91801328;11,79418000
44,92825328;11,79418000
44,93849328;11,61473000
44,94873328;11,43529000
44,95897328;11,43529000
44,96921328;11,43529000
44,97945328;11,43529000
44,98969328;11,43529000
44,99993328;11,61473000
45,01017328;11,79418000
45,02041328;11,79418000
45,03065328;11,61473000
45,04089328;11,43529000
45,05113328;11,43529000
45,06137328;11,43529000
45,07161328;11,43529000
45,08185328;11,43529000
45,09209328;11,43529000
45,10233328;11,61473000
45,11257328;11,79418000
45,12281328;11,61473000
45,13305328;11,43529000
45,14329328;11,43529000
45,15353328;11,43529000
45,16377328;11,43529000
45,17401328;11,43529000
45,18425328;11,43529000
45,19449328;11,43529000
45,20473328;11,43529000
45,21497328;11,43529000
45,22521328;11,43529000
45,23545328;11,43529000
45,24569328;11,25523000
45,25593328;11,25523000
45,26617328;11,25523000
45,27641328;11,43529000
45,28665328;11,43529000
45,29689328;11,43529000
45,30713328;11,43529000
45,31737328;11,43529000
45,32761328;11,25523000
45,33785328;11,25523000
45,34809328;11,07578000
45,35833328;11,07578000
45,36857328;11,07578000
45,37881328;11,07578000
45,38905328;11,07578000
45,39929328;11,07578000
45,40953328;11,07578000
45,41977328;11,07578000
45,43001328;11,07578000
45,44025328;10,89633000
45,45049327;10,71688000
45,46073327;10,71688000
45,47097327;10,71688000
45,48121327;10,71688000
45,49145327;10,71688000
45,50169327;10,71688000
45,51193327;10,89633000
45,52217327;10,71688000
45,53241327;10,71688000
45,54265327;10,71688000
45,55289327;10,35737000
45,56313327;10,35737000
45,57337327;10,53682000
45,58361327;10,53682000
45,59385327;10,53682000
45,60409327;10,53682000
45,61433327;10,53682000
45,62457327;10,35737000
45,63481327;10,35737000
45,64505327;10,35737000
45,65529327;10,17792000
45,66553327;9,99847400
45,67577327;9,99847400
45,68601327;10,17792000
45,69625327;10,17792000
45,70649327;10,17792000
45,71673327;10,35737000
45,72697327;9,99847400
45,73721327;9,99847400
45,74745327;9,99847400
45,75769327;9,81902500
45,76793327;9,99847400
45,77817327;9,99847400
45,78841327;9,81902500
45,79865327;9,99847400
45,80889327;9,99847400
45,81913327;9,99847400
45,82937327;9,99847400
45,83961327;9,81902500
45,84985327;9,63896600
45,86009327;9,63896600
45,87033327;9,63896600
45,88057327;9,63896600
45,89081327;9,63896600
45,90105327;9,63896600
45,91129327;9,63896600
45,92153327;9,63896600
45,93177327;9,45951700
45,94201327;9,28006800
45,95225327;9,28006800
45,96249327;9,28006800
45,97273327;9,28006800
45,98297327;9,28006800
45,99321327;9,28006800
46,00345327;9,28006800
46,01369327;9,28006800
46,02393327;9,28006800
46,03417327;9,28006800
46,04441327;9,10061900
46,05465327;8,92117000
46,06489327;8,92117000
46,07513327;8,92117000
46,08537327;8,92117000
46,09561327;8,92117000
46,10585327;9,10061900
46,11609327;8,92117000
46,12633327;8,92117000
46,13657327;8,92117000
46,14681327;8,74111200
46,15705327;8,56166300
46,16729327;8,56166300
46,17753327;8,56166300
46,18777327;8,56166300
46,19801327;8,56166300
46,20825327;8,56166300
46,21849327;8,56166300
46,22873327;8,56166300
46,23897327;8,56166300
46,24921327;8,20276500
46,25945327;8,20276500
46,26969327;8,02331600
46,27993327;8,20276500
46,29017327;8,20276500
46,30041327;8,02331600
46,31065327;8,20276500
46,32089327;8,20276500
46,33113327;7,84325700
46,34137327;7,84325700
46,35161327;7,84325700
46,36185327;7,66380800
46,37209327;7,66380800
46,38233327;7,66380800
46,39257327;7,66380800
46,40281327;7,84325700
46,41305327;7,66380800
46,42329327;7,66380800
46,43353327;7,66380800
46,44377327;7,48435900
46,45401327;7,30491100
46,46425327;7,12546200
46,47449327;7,12546200
46,48473327;7,30491100
46,49497327;7,30491100
46,50521327;7,30491100
46,51545327;7,30491100
46,52569327;7,12546200
46,53593327;7,12546200
46,54617327;6,94540200
46,55641327;6,94540200
46,56665327;6,76595400
46,57689327;6,76595400
46,58713327;6,76595400
46,59737327;6,76595400
46,60761327;6,76595400
46,61785327;6,76595400
46,62809327;6,58650500
46,63833327;6,40705600
46,64857327;6,40705600
46,65881327;6,40705600
46,66905327;6,22760700
46,67929327;6,22760700
46,68953327;6,22760700
46,69977327;6,22760700
46,71001327;6,04754800
46,72025327;6,04754800
46,73049327;6,04754800
46,74073327;5,68865000
46,75097327;5,68865000
46,76121327;5,68865000
46,77145327;5,68865000
46,78169327;5,68865000
46,79193327;5,50920200
46,80217327;5,50920200
46,81241327;5,32975200
46,82265327;5,32975200
46,83289327;5,32975200
46,84313327;5,14969300
46,85337327;5,14969300
46,86361327;4,97024400
46,87385327;4,97024400
46,88409327;4,97024400
46,89433327;4,97024400
46,90457327;4,97024400
46,91481327;4,79079600
46,92505327;4,79079600
46,93529327;4,79079600
46,94553327;4,79079600
46,95577327;4,61134700
46,96601327;4,43189800
46,97625327;4,25183900
46,98649327;4,61134700
46,99673327;4,25183900
47,00697327;4,25183900
47,01721327;4,25183900
47,02745327;4,43189800
47,03769327;4,25183900
47,04793327;4,25183900
47,05817327;3,89294100
47,06841327;3,89294100
47,07865327;3,89294100
47,08889327;3,89294100
47,09913326;3,89294100
47,10937326;3,89294100
47,11961326;3,89294100
47,12985326;3,89294100
47,14009326;3,89294100
47,15033326;3,53404300
47,16057326;3,53404300
47,17081326;3,53404300
47,18105326;3,53404300
47,19129326;3,53404300
47,20153326;3,53404300
47,21177326;3,53404300
47,22201326;3,53404300
47,23225326;3,35398400
47,24249326;3,17453500
47,25273326;2,99508600
47,26297326;2,81563800
47,27321326;2,81563800
47,28345326;2,81563800
47,29369326;2,81563800
47,30393326;2,81563800
47,31417326;2,81563800
47,32441326;2,81563800
47,33465326;2,81563800
47,34489326;2,45613000
47,35513326;2,45613000
47,36537326;2,09723200
47,37561326;2,09723200
47,38585326;2,09723200
47,39609326;2,09723200
47,40633326;2,09723200
47,41657326;2,09723200
47,42681326;2,09723200
47,43705326;2,09723200
47,44729326;1,91778300
47,45753326;1,73833400
47,46777326;1,55827500
47,47801326;1,55827500
47,48825326;1,55827500
47,49849326;1,37882600
47,50873326;1,55827500
47,51897326;1,37882600
47,52921326;1,37882600
47,53945326;1,37882600
47,54969326;1,01992900
47,55993326;1,01992900
47,57017326;0,84047970
47,58041326;0,84047970
47,59065326;0,84047970
47,60089326;1,01992900
47,61113326;0,84047970
47,62137326;0,84047970
47,63161326;0,84047970
47,64185326;0,66042050
47,65209326;0,48097170
47,66233326;0,30152290
47,67257326;0,30152290
47,68281326;0,30152290
47,69305326;0,30152290
47,70329326;0,30152290
47,71353326;0,30152290
47,72377326;0,30152290
47,73401326;0,30152290
47,74425326;0,12207400
47,75449326;-0,05737480
47,76473326;-0,23682360
47,77497326;-0,23682360
47,78521326;-0,23682360
47,79545326;-0,23682360
47,80569326;-0,23682360
47,81593326;-0,05737480
47,82617326;-0,23682360
47,83641326;-0,41627250
47,84665326;-0,41627250
47,85689326;-0,77517010
47,86713326;-0,77517010
47,87737326;-0,77517010
47,88761326;-0,77517010
47,89785326;-0,77517010
47,90809326;-0,77517010
47,91833326;-0,77517010
47,92857326;-0,77517010
47,93881326;-1,13467800
47,94905326;-1,13467800
47,95929326;-1,49357600
47,96953326;-1,49357600
47,97977326;-1,49357600
47,99001326;-1,49357600
48,00025326;-1,49357600
48,01049326;-1,49357600
48,02073326;-1,49357600
48,03097326;-1,49357600
48,04121326;-1,67302500
48,05145326;-1,85308400
48,06169326;-2,03253300
48,07193326;-2,21198200
48,08217326;-2,21198200
48,09241326;-2,21198200
48,10265326;-2,21198200
48,11289326;-2,21198200
48,12313326;-2,21198200
48,13337326;-2,21198200
48,14361326;-2,39143000
48,15385326;-2,57087900
48,16409326;-2,57087900
48,17433326;-2,93038700
48,18457326;-2,57087900
48,19481326;-2,75093800
48,20505326;-2,75093800
48,21529326;-2,75093800
48,22553326;-2,75093800
48,23577326;-2,93038700
48,24601326;-2,93038700
48,25625326;-3,10983600
48,26649326;-3,28928500
48,27673326;-3,28928500
48,28697326;-3,28928500
48,29721326;-3,28928500
48,30745326;-3,28928500
48,31769326;-3,28928500
48,32793326;-3,28928500
48,33817326;-3,28928500
48,34841326;-3,46873400
48,35865326;-3,64879300
48,36889326;-3,82824200
48,37913326;-3,64879300
48,38937326;-3,64879300
48,39961326;-3,64879300
48,40985326;-3,64879300
48,42009326;-3,64879300
48,43033326;-3,64879300
48,44057326;-3,82824200
48,45081326;-4,00769000
48,46105326;-4,18714000
48,47129326;-4,18714000
48,48153326;-4,36658800
48,49177326;-4,18714000
48,50201326;-4,18714000
48,51225326;-4,18714000
48,52249326;-4,18714000
48,53273326;-4,36658800
48,54297326;-4,36658800
48,55321326;-4,54664800
48,56345326;-4,72609600
48,57369326;-4,72609600
48,58393326;-4,72609600
48,59417326;-4,72609600
48,60441326;-4,72609600
48,61465326;-4,72609600
48,62489326;-4,72609600
48,63513326;-4,90554500
48,64537326;-5,08499400
48,65561326;-5,08499400
48,66585326;-5,26444300
48,67609326;-5,26444300
48,68633326;-5,26444300
48,69657326;-5,08499400
48,70681326;-5,26444300
48,71705326;-5,26444300
48,72729326;-5,26444300
48,73753326;-5,44450200
48,74777325;-5,44450200
48,75801325;-5,62395100
48,76825325;-5,80340000
48,77849325;-5,80340000
48,78873325;-5,62395100
48,79897325;-5,80340000
48,80921325;-5,62395100
48,81945325;-5,80340000
48,82969325;-5,80340000
48,83993325;-5,80340000
48,85017325;-5,98284900
48,86041325;-5,80340000
48,87065325;-5,80340000
48,88089325;-5,80340000
48,89113325;-5,80340000
48,90137325;-5,98284900
48,91161325;-5,80340000
48,92185325;-5,98284900
48,93209325;-5,80340000
48,94233325;-5,80340000
48,95257325;-5,80340000
48,96281325;-5,80340000
48,97305325;-5,80340000
48,98329325;-5,98284900
48,99353325;-5,80340000
49,00377325;-5,98284900
49,01401325;-5,80340000
49,02425325;-5,80340000
49,03449325;-5,98284900
49,04473325;-5,98284900
49,05497325;-5,80340000
49,06521325;-5,80340000
49,07545325;-5,80340000
49,08569325;-5,80340000
49,09593325;-5,80340000
49,10617325;-5,80340000
49,11641325;-5,80340000
49,12665325;-5,80340000
49,13689325;-5,80340000
49,14713325;-5,80340000
49,15737325;-5,80340000
49,16761325;-5,80340000
49,17785325;-5,98284900
49,18809325;-5,80340000
49,19833325;-5,80340000
49,20857325;-5,80340000
49,21881325;-5,80340000
49,22905325;-5,80340000
49,23929325;-5,80340000
49,24953325;-5,80340000
49,25977325;-5,80340000
49,27001325;-5,80340000
49,28025325;-5,80340000
49,29049325;-5,80340000
49,30073325;-5,80340000
49,31097325;-5,80340000
49,32121325;-5,80340000
49,33145325;-5,80340000
49,34169325;-5,80340000
49,35193325;-5,80340000
49,36217325;-5,80340000
49,37241325;-5,80340000
49,38265325;-5,80340000
49,39289325;-5,80340000
49,40313325;-5,80340000
49,41337325;-5,80340000
49,42361325;-5,80340000
49,43385325;-5,80340000
49,44409325;-5,80340000
49,45433325;-5,80340000
49,46457325;-5,80340000
49,47481325;-5,80340000
49,48505325;-5,80340000
49,49529325;-5,80340000
49,50553325;-5,80340000
49,51577325;-5,80340000
49,52601325;-5,80340000
49,53625325;-5,80340000
49,54649325;-5,80340000
49,55673325;-5,80340000
49,56697325;-5,80340000
49,57721325;-5,80340000
49,58745325;-5,80340000
49,59769325;-5,80340000
49,60793325;-5,80340000
49,61817325;-5,80340000
49,62841325;-5,80340000
49,63865325;-5,80340000
49,64889325;-5,80340000
49,65913325;-5,80340000
49,66937325;-5,80340000
49,67961325;-5,80340000
49,68985325;-5,80340000
49,70009325;-5,80340000
49,71033325;-5,80340000
49,72057325;-5,80340000
49,73081325;-5,80340000
49,74105325;-5,80340000
49,75129325;-5,80340000
49,76153325;-5,80340000
49,77177325;-5,80340000
49,78201325;-5,80340000
49,79225325;-5,80340000
49,80249325;-5,80340000
49,81273325;-5,80340000
49,82297325;-5,80340000
49,83321325;-5,80340000
49,84345325;-5,80340000
49,85369325;-5,80340000
49,86393325;-5,80340000
49,87417325;-5,80340000
49,88441325;-5,80340000
49,89465325;-5,80340000
49,90489325;-5,80340000
49,91513325;-5,80340000
49,92537325;-5,80340000
49,93561325;-5,80340000
49,94585325;-5,80340000
49,95609325;-5,80340000
49,96633325;-5,80340000
49,97657325;-5,80340000
49,98681325;-5,80340000
49,99705325;-5,80340000
50,00729325;-5,80340000
