Tiempo;Canal A
(ms);(V)

-50,02639815;-5,80340000
-50,01615815;-5,80340000
-50,00591815;-5,80340000
-49,99567815;-5,80340000
-49,98543815;-5,80340000
-49,97519815;-5,80340000
-49,96495815;-5,80340000
-49,95471815;-5,80340000
-49,94447815;-5,80340000
-49,93423815;-5,80340000
-49,92399815;-5,80340000
-49,91375815;-5,80340000
-49,90351815;-5,80340000
-49,89327815;-5,80340000
-49,88303815;-5,80340000
-49,87279815;-5,80340000
-49,86255815;-5,80340000
-49,85231815;-5,80340000
-49,84207815;-5,80340000
-49,83183815;-5,80340000
-49,82159815;-5,80340000
-49,81135815;-5,80340000
-49,80111815;-5,80340000
-49,79087815;-5,80340000
-49,78063815;-5,80340000
-49,77039815;-5,80340000
-49,76015815;-5,80340000
-49,74991815;-5,80340000
-49,73967815;-5,80340000
-49,72943815;-5,80340000
-49,71919815;-5,80340000
-49,70895815;-5,80340000
-49,69871815;-5,80340000
-49,68847815;-5,80340000
-49,67823815;-5,80340000
-49,66799815;-5,80340000
-49,65775815;-5,80340000
-49,64751815;-5,80340000
-49,63727815;-5,80340000
-49,62703815;-5,80340000
-49,61679815;-5,80340000
-49,60655815;-5,80340000
-49,59631815;-5,80340000
-49,58607815;-5,80340000
-49,57583815;-5,80340000
-49,56559815;-5,80340000
-49,55535815;-5,80340000
-49,54511816;-5,80340000
-49,53487816;-5,80340000
-49,52463816;-5,80340000
-49,51439816;-5,80340000
-49,50415816;-5,80340000
-49,49391816;-5,80340000
-49,48367816;-5,80340000
-49,47343816;-5,80340000
-49,46319816;-5,80340000
-49,45295816;-5,80340000
-49,44271816;-5,80340000
-49,43247816;-5,80340000
-49,42223816;-5,80340000
-49,41199816;-5,80340000
-49,40175816;-5,80340000
-49,39151816;-5,80340000
-49,38127816;-5,80340000
-49,37103816;-5,80340000
-49,36079816;-5,80340000
-49,35055816;-5,80340000
-49,34031816;-5,80340000
-49,33007816;-5,80340000
-49,31983816;-5,80340000
-49,30959816;-5,80340000
-49,29935816;-5,80340000
-49,28911816;-5,80340000
-49,27887816;-5,80340000
-49,26863816;-5,80340000
-49,25839816;-5,80340000
-49,24815816;-5,80340000
-49,23791816;-5,80340000
-49,22767816;-5,80340000
-49,21743816;-5,80340000
-49,20719816;-5,80340000
-49,19695816;-5,80340000
-49,18671816;-5,80340000
-49,17647816;-5,80340000
-49,16623816;-5,80340000
-49,15599816;-5,80340000
-49,14575816;-5,80340000
-49,13551816;-5,80340000
-49,12527816;-5,80340000
-49,11503816;-5,80340000
-49,10479816;-5,80340000
-49,09455816;-5,80340000
-49,08431816;-5,80340000
-49,07407816;-5,80340000
-49,06383816;-5,80340000
-49,05359816;-5,80340000
-49,04335816;-5,80340000
-49,03311816;-5,80340000
-49,02287816;-5,80340000
-49,01263816;-5,80340000
-49,00239816;-5,80340000
-48,99215816;-5,80340000
-48,98191816;-5,80340000
-48,97167816;-5,80340000
-48,96143816;-5,80340000
-48,95119816;-5,80340000
-48,94095816;-5,80340000
-48,93071816;-5,80340000
-48,92047816;-5,80340000
-48,91023816;-5,80340000
-48,89999816;-5,80340000
-48,88975816;-5,80340000
-48,87951816;-5,80340000
-48,86927816;-5,80340000
-48,85903816;-5,80340000
-48,84879816;-5,80340000
-48,83855816;-5,80340000
-48,82831816;-5,80340000
-48,81807816;-5,80340000
-48,80783816;-5,80340000
-48,79759816;-5,80340000
-48,78735816;-5,80340000
-48,77711816;-5,80340000
-48,76687816;-5,80340000
-48,75663816;-5,80340000
-48,74639816;-5,80340000
-48,73615816;-5,80340000
-48,72591816;-5,80340000
-48,71567816;-5,80340000
-48,70543816;-5,80340000
-48,69519816;-5,80340000
-48,68495816;-5,80340000
-48,67471816;-5,80340000
-48,66447816;-5,80340000
-48,65423816;-5,80340000
-48,64399816;-5,80340000
-48,63375816;-5,80340000
-48,62351816;-5,80340000
-48,61327816;-5,80340000
-48,60303816;-5,80340000
-48,59279816;-5,80340000
-48,58255816;-5,80340000
-48,57231816;-5,80340000
-48,56207816;-5,80340000
-48,55183816;-5,80340000
-48,54159816;-5,80340000
-48,53135816;-5,80340000
-48,52111816;-5,80340000
-48,51087816;-5,80340000
-48,50063816;-5,80340000
-48,49039816;-5,80340000
-48,48015816;-5,80340000
-48,46991816;-5,80340000
-48,45967816;-5,80340000
-48,44943816;-5,80340000
-48,43919816;-5,80340000
-48,42895816;-5,80340000
-48,41871816;-5,80340000
-48,40847816;-5,80340000
-48,39823816;-5,80340000
-48,38799816;-5,80340000
-48,37775816;-5,80340000
-48,36751816;-5,80340000
-48,35727816;-5,80340000
-48,34703816;-5,80340000
-48,33679816;-5,80340000
-48,32655816;-5,80340000
-48,31631816;-5,80340000
-48,30607816;-5,80340000
-48,29583816;-5,80340000
-48,28559816;-5,80340000
-48,27535816;-5,80340000
-48,26511816;-5,80340000
-48,25487816;-5,80340000
-48,24463816;-5,80340000
-48,23439816;-5,80340000
-48,22415816;-5,80340000
-48,21391816;-5,80340000
-48,20367816;-5,80340000
-48,19343816;-5,80340000
-48,18319816;-5,80340000
-48,17295816;-5,80340000
-48,16271816;-5,80340000
-48,15247816;-5,80340000
-48,14223816;-5,80340000
-48,13199816;-5,80340000
-48,12175816;-5,80340000
-48,11151816;-5,80340000
-48,10127816;-5,80340000
-48,09103816;-5,80340000
-48,08079816;-5,80340000
-48,07055816;-5,80340000
-48,06031816;-5,80340000
-48,05007816;-5,80340000
-48,03983816;-5,80340000
-48,02959816;-5,80340000
-48,01935816;-5,80340000
-48,00911816;-5,80340000
-47,99887816;-5,80340000
-47,98863816;-5,80340000
-47,97839816;-5,80340000
-47,96815816;-5,80340000
-47,95791816;-5,80340000
-47,94767816;-5,80340000
-47,93743816;-5,80340000
-47,92719816;-5,80340000
-47,91695816;-5,80340000
-47,90671816;-5,80340000
-47,89647817;-5,80340000
-47,88623817;-5,80340000
-47,87599817;-5,80340000
-47,86575817;-5,80340000
-47,85551817;-5,80340000
-47,84527817;-5,80340000
-47,83503817;-5,80340000
-47,82479817;-5,80340000
-47,81455817;-5,80340000
-47,80431817;-5,80340000
-47,79407817;-5,80340000
-47,78383817;-5,80340000
-47,77359817;-5,80340000
-47,76335817;-5,80340000
-47,75311817;-5,80340000
-47,74287817;-5,80340000
-47,73263817;-5,80340000
-47,72239817;-5,80340000
-47,71215817;-5,80340000
-47,70191817;-5,80340000
-47,69167817;-5,80340000
-47,68143817;-5,80340000
-47,67119817;-5,80340000
-47,66095817;-5,80340000
-47,65071817;-5,80340000
-47,64047817;-5,80340000
-47,63023817;-5,80340000
-47,61999817;-5,62395100
-47,60975817;-5,80340000
-47,59951817;-5,80340000
-47,58927817;-5,80340000
-47,57903817;-5,80340000
-47,56879817;-5,80340000
-47,55855817;-5,80340000
-47,54831817;-5,80340000
-47,53807817;-5,80340000
-47,52783817;-5,80340000
-47,51759817;-5,80340000
-47,50735817;-5,80340000
-47,49711817;-5,80340000
-47,48687817;-5,80340000
-47,47663817;-5,80340000
-47,46639817;-5,62395100
-47,45615817;-5,80340000
-47,44591817;-5,80340000
-47,43567817;-5,80340000
-47,42543817;-5,80340000
-47,41519817;-5,80340000
-47,40495817;-5,80340000
-47,39471817;-5,80340000
-47,38447817;-5,80340000
-47,37423817;-5,62395100
-47,36399817;-5,80340000
-47,35375817;-5,80340000
-47,34351817;-5,80340000
-47,33327817;-5,80340000
-47,32303817;-5,80340000
-47,31279817;-5,80340000
-47,30255817;-5,80340000
-47,29231817;-5,80340000
-47,28207817;-5,80340000
-47,27183817;-5,80340000
-47,26159817;-5,80340000
-47,25135817;-5,80340000
-47,24111817;-5,80340000
-47,23087817;-5,80340000
-47,22063817;-5,80340000
-47,21039817;-5,80340000
-47,20015817;-5,80340000
-47,18991817;-5,62395100
-47,17967817;-5,80340000
-47,16943817;-5,80340000
-47,15919817;-5,62395100
-47,14895817;-5,62395100
-47,13871817;-5,80340000
-47,12847817;-5,80340000
-47,11823817;-5,80340000
-47,10799817;-5,80340000
-47,09775817;-5,80340000
-47,08751817;-5,80340000
-47,07727817;-5,80340000
-47,06703817;-5,62395100
-47,05679817;-5,80340000
-47,04655817;-5,62395100
-47,03631817;-5,62395100
-47,02607817;-5,80340000
-47,01583817;-5,80340000
-47,00559817;-5,80340000
-46,99535817;-5,80340000
-46,98511817;-5,62395100
-46,97487817;-5,62395100
-46,96463817;-5,80340000
-46,95439817;-5,80340000
-46,94415817;-5,80340000
-46,93391817;-5,62395100
-46,92367817;-5,80340000
-46,91343817;-5,80340000
-46,90319817;-5,62395100
-46,89295817;-5,80340000
-46,88271817;-5,62395100
-46,87247817;-5,62395100
-46,86223817;-5,80340000
-46,85199817;-5,80340000
-46,84175817;-5,62395100
-46,83151817;-5,80340000
-46,82127817;-5,80340000
-46,81103817;-5,62395100
-46,80079817;-5,62395100
-46,79055817;-5,80340000
-46,78031817;-5,62395100
-46,77007817;-5,80340000
-46,75983817;-5,62395100
-46,74959817;-5,62395100
-46,73935817;-5,44450200
-46,72911817;-5,62395100
-46,71887817;-5,62395100
-46,70863817;-5,80340000
-46,69839817;-5,62395100
-46,68815817;-5,80340000
-46,67791817;-5,62395100
-46,66767817;-5,62395100
-46,65743817;-5,80340000
-46,64719817;-5,62395100
-46,63695817;-5,62395100
-46,62671817;-5,80340000
-46,61647817;-5,80340000
-46,60623817;-5,62395100
-46,59599817;-5,62395100
-46,58575817;-5,62395100
-46,57551817;-5,80340000
-46,56527817;-5,80340000
-46,55503817;-5,80340000
-46,54479817;-5,62395100
-46,53455817;-5,80340000
-46,52431817;-5,80340000
-46,51407817;-5,62395100
-46,50383817;-5,80340000
-46,49359817;-5,80340000
-46,48335817;-5,80340000
-46,47311817;-5,62395100
-46,46287817;-5,80340000
-46,45263817;-5,62395100
-46,44239817;-5,62395100
-46,43215817;-5,62395100
-46,42191817;-5,62395100
-46,41167817;-5,62395100
-46,40143817;-5,62395100
-46,39119817;-5,62395100
-46,38095817;-5,62395100
-46,37071817;-5,62395100
-46,36047817;-5,62395100
-46,35023817;-5,80340000
-46,33999817;-5,62395100
-46,32975817;-5,62395100
-46,31951817;-5,62395100
-46,30927817;-5,62395100
-46,29903817;-5,80340000
-46,28879817;-5,62395100
-46,27855817;-5,80340000
-46,26831817;-5,62395100
-46,25807818;-5,62395100
-46,24783818;-5,44450200
-46,23759818;-5,62395100
-46,22735818;-5,80340000
-46,21711818;-5,62395100
-46,20687818;-5,62395100
-46,19663818;-5,62395100
-46,18639818;-5,80340000
-46,17615818;-5,62395100
-46,16591818;-5,80340000
-46,15567818;-5,62395100
-46,14543818;-5,44450200
-46,13519818;-5,62395100
-46,12495818;-5,80340000
-46,11471818;-5,62395100
-46,10447818;-5,62395100
-46,09423818;-5,62395100
-46,08399818;-5,62395100
-46,07375818;-5,44450200
-46,06351818;-5,62395100
-46,05327818;-5,80340000
-46,04303818;-5,80340000
-46,03279818;-5,62395100
-46,02255818;-5,62395100
-46,01231818;-5,80340000
-46,00207818;-5,44450200
-45,99183818;-5,44450200
-45,98159818;-5,62395100
-45,97135818;-5,62395100
-45,96111818;-5,62395100
-45,95087818;-5,62395100
-45,94063818;-5,80340000
-45,93039818;-5,62395100
-45,92015818;-5,44450200
-45,90991818;-5,62395100
-45,89967818;-5,62395100
-45,88943818;-5,62395100
-45,87919818;-5,62395100
-45,86895818;-5,62395100
-45,85871818;-5,62395100
-45,84847818;-5,44450200
-45,83823818;-5,80340000
-45,82799818;-5,62395100
-45,81775818;-5,44450200
-45,80751818;-5,62395100
-45,79727818;-5,62395100
-45,78703818;-5,44450200
-45,77679818;-5,62395100
-45,76655818;-5,62395100
-45,75631818;-5,62395100
-45,74607818;-5,62395100
-45,73583818;-5,62395100
-45,72559818;-5,44450200
-45,71535818;-5,44450200
-45,70511818;-5,44450200
-45,69487818;-5,62395100
-45,68463818;-5,44450200
-45,67439818;-5,62395100
-45,66415818;-5,44450200
-45,65391818;-5,62395100
-45,64367818;-5,62395100
-45,63343818;-5,62395100
-45,62319818;-5,62395100
-45,61295818;-5,44450200
-45,60271818;-5,44450200
-45,59247818;-5,62395100
-45,58223818;-5,44450200
-45,57199818;-5,44450200
-45,56175818;-5,62395100
-45,55151818;-5,44450200
-45,54127818;-5,62395100
-45,53103818;-5,44450200
-45,52079818;-5,44450200
-45,51055818;-5,44450200
-45,50031818;-5,62395100
-45,49007818;-5,44450200
-45,47983818;-5,44450200
-45,46959818;-5,62395100
-45,45935818;-5,44450200
-45,44911818;-5,44450200
-45,43887818;-5,62395100
-45,42863818;-5,44450200
-45,41839818;-5,44450200
-45,40815818;-5,62395100
-45,39791818;-5,62395100
-45,38767818;-5,62395100
-45,37743818;-5,62395100
-45,36719818;-5,62395100
-45,35695818;-5,62395100
-45,34671818;-5,62395100
-45,33647818;-5,44450200
-45,32623818;-5,44450200
-45,31599818;-5,62395100
-45,30575818;-5,44450200
-45,29551818;-5,44450200
-45,28527818;-5,44450200
-45,27503818;-5,44450200
-45,26479818;-5,44450200
-45,25455818;-5,44450200
-45,24431818;-5,44450200
-45,23407818;-5,44450200
-45,22383818;-5,62395100
-45,21359818;-5,44450200
-45,20335818;-5,44450200
-45,19311818;-5,44450200
-45,18287818;-5,44450200
-45,17263818;-5,44450200
-45,16239818;-5,44450200
-45,15215818;-5,44450200
-45,14191818;-5,44450200
-45,13167818;-5,44450200
-45,12143818;-5,44450200
-45,11119818;-5,44450200
-45,10095818;-5,62395100
-45,09071818;-5,44450200
-45,08047818;-5,62395100
-45,07023818;-5,44450200
-45,05999818;-5,44450200
-45,04975818;-5,44450200
-45,03951818;-5,44450200
-45,02927818;-5,44450200
-45,01903818;-5,44450200
-45,00879818;-5,44450200
-44,99855818;-5,44450200
-44,98831818;-5,44450200
-44,97807818;-5,44450200
-44,96783818;-5,44450200
-44,95759818;-5,44450200
-44,94735818;-5,44450200
-44,93711818;-5,44450200
-44,92687818;-5,44450200
-44,91663818;-5,44450200
-44,90639818;-5,44450200
-44,89615818;-5,44450200
-44,88591818;-5,44450200
-44,87567818;-5,44450200
-44,86543818;-5,44450200
-44,85519818;-5,44450200
-44,84495818;-5,44450200
-44,83471818;-5,44450200
-44,82447818;-5,44450200
-44,81423818;-5,62395100
-44,80399818;-5,44450200
-44,79375818;-5,44450200
-44,78351818;-5,44450200
-44,77327818;-5,44450200
-44,76303818;-5,44450200
-44,75279818;-5,44450200
-44,74255818;-5,44450200
-44,73231818;-5,44450200
-44,72207818;-5,44450200
-44,71183818;-5,44450200
-44,70159818;-5,44450200
-44,69135818;-5,44450200
-44,68111818;-5,44450200
-44,67087818;-5,44450200
-44,66063818;-5,44450200
-44,65039818;-5,44450200
-44,64015818;-5,44450200
-44,62991818;-5,44450200
-44,61967818;-5,44450200
-44,60943819;-5,44450200
-44,59919819;-5,44450200
-44,58895819;-5,44450200
-44,57871819;-5,44450200
-44,56847819;-5,44450200
-44,55823819;-5,44450200
-44,54799819;-5,44450200
-44,53775819;-5,44450200
-44,52751819;-5,44450200
-44,51727819;-5,62395100
-44,50703819;-5,44450200
-44,49679819;-5,44450200
-44,48655819;-5,44450200
-44,47631819;-5,44450200
-44,46607819;-5,44450200
-44,45583819;-5,44450200
-44,44559819;-5,44450200
-44,43535819;-5,44450200
-44,42511819;-5,44450200
-44,41487819;-5,44450200
-44,40463819;-5,44450200
-44,39439819;-5,44450200
-44,38415819;-5,44450200
-44,37391819;-5,44450200
-44,36367819;-5,44450200
-44,35343819;-5,44450200
-44,34319819;-5,44450200
-44,33295819;-5,44450200
-44,32271819;-5,44450200
-44,31247819;-5,44450200
-44,30223819;-5,44450200
-44,29199819;-5,44450200
-44,28175819;-5,44450200
-44,27151819;-5,44450200
-44,26127819;-5,44450200
-44,25103819;-5,44450200
-44,24079819;-5,44450200
-44,23055819;-5,44450200
-44,22031819;-5,44450200
-44,21007819;-5,44450200
-44,19983819;-5,44450200
-44,18959819;-5,44450200
-44,17935819;-5,44450200
-44,16911819;-5,44450200
-44,15887819;-5,44450200
-44,14863819;-5,44450200
-44,13839819;-5,44450200
-44,12815819;-5,44450200
-44,11791819;-5,44450200
-44,10767819;-5,44450200
-44,09743819;-5,44450200
-44,08719819;-5,44450200
-44,07695819;-5,44450200
-44,06671819;-5,44450200
-44,05647819;-5,44450200
-44,04623819;-5,44450200
-44,03599819;-5,44450200
-44,02575819;-5,44450200
-44,01551819;-5,44450200
-44,00527819;-5,44450200
-43,99503819;-5,44450200
-43,98479819;-5,44450200
-43,97455819;-5,44450200
-43,96431819;-5,44450200
-43,95407819;-5,44450200
-43,94383819;-5,44450200
-43,93359819;-5,44450200
-43,92335819;-5,44450200
-43,91311819;-5,44450200
-43,90287819;-5,44450200
-43,89263819;-5,44450200
-43,88239819;-5,44450200
-43,87215819;-5,44450200
-43,86191819;-5,44450200
-43,85167819;-5,44450200
-43,84143819;-5,44450200
-43,83119819;-5,44450200
-43,82095819;-5,44450200
-43,81071819;-5,44450200
-43,80047819;-5,44450200
-43,79023819;-5,44450200
-43,77999819;-5,44450200
-43,76975819;-5,44450200
-43,75951819;-5,44450200
-43,74927819;-5,44450200
-43,73903819;-5,44450200
-43,72879819;-5,44450200
-43,71855819;-5,44450200
-43,70831819;-5,44450200
-43,69807819;-5,44450200
-43,68783819;-5,44450200
-43,67759819;-5,44450200
-43,66735819;-5,44450200
-43,65711819;-5,44450200
-43,64687819;-5,44450200
-43,63663819;-5,44450200
-43,62639819;-5,44450200
-43,61615819;-5,44450200
-43,60591819;-5,44450200
-43,59567819;-5,44450200
-43,58543819;-5,44450200
-43,57519819;-5,44450200
-43,56495819;-5,44450200
-43,55471819;-5,44450200
-43,54447819;-5,44450200
-43,53423819;-5,44450200
-43,52399819;-5,44450200
-43,51375819;-5,44450200
-43,50351819;-5,44450200
-43,49327819;-5,44450200
-43,48303819;-5,44450200
-43,47279819;-5,44450200
-43,46255819;-5,44450200
-43,45231819;-5,44450200
-43,44207819;-5,44450200
-43,43183819;-5,44450200
-43,42159819;-5,44450200
-43,41135819;-5,44450200
-43,40111819;-5,44450200
-43,39087819;-5,44450200
-43,38063819;-5,44450200
-43,37039819;-5,44450200
-43,36015819;-5,44450200
-43,34991819;-5,44450200
-43,33967819;-5,44450200
-43,32943819;-5,44450200
-43,31919819;-5,44450200
-43,30895819;-5,44450200
-43,29871819;-5,44450200
-43,28847819;-5,44450200
-43,27823819;-5,44450200
-43,26799819;-5,44450200
-43,25775819;-5,44450200
-43,24751819;-5,44450200
-43,23727819;-5,44450200
-43,22703819;-5,44450200
-43,21679819;-5,44450200
-43,20655819;-5,44450200
-43,19631819;-5,44450200
-43,18607819;-5,44450200
-43,17583819;-5,44450200
-43,16559819;-5,44450200
-43,15535819;-5,44450200
-43,14511819;-5,44450200
-43,13487819;-5,44450200
-43,12463819;-5,44450200
-43,11439819;-5,44450200
-43,10415819;-5,44450200
-43,09391819;-5,44450200
-43,08367819;-5,44450200
-43,07343819;-5,44450200
-43,06319819;-5,44450200
-43,05295819;-5,44450200
-43,04271819;-5,44450200
-43,03247819;-5,44450200
-43,02223819;-5,44450200
-43,01199819;-5,44450200
-43,00175819;-5,44450200
-42,99151819;-5,44450200
-42,98127819;-5,44450200
-42,97103819;-5,44450200
-42,96079820;-5,44450200
-42,95055820;-5,44450200
-42,94031820;-5,44450200
-42,93007820;-5,44450200
-42,91983820;-5,44450200
-42,90959820;-5,44450200
-42,89935820;-5,44450200
-42,88911820;-5,44450200
-42,87887820;-5,44450200
-42,86863820;-5,44450200
-42,85839820;-5,44450200
-42,84815820;-5,44450200
-42,83791820;-5,44450200
-42,82767820;-5,44450200
-42,81743820;-5,44450200
-42,80719820;-5,44450200
-42,79695820;-5,44450200
-42,78671820;-5,44450200
-42,77647820;-5,44450200
-42,76623820;-5,44450200
-42,75599820;-5,44450200
-42,74575820;-5,44450200
-42,73551820;-5,44450200
-42,72527820;-5,44450200
-42,71503820;-5,44450200
-42,70479820;-5,44450200
-42,69455820;-5,44450200
-42,68431820;-5,44450200
-42,67407820;-5,44450200
-42,66383820;-5,44450200
-42,65359820;-5,44450200
-42,64335820;-5,44450200
-42,63311820;-5,44450200
-42,62287820;-5,44450200
-42,61263820;-5,44450200
-42,60239820;-5,44450200
-42,59215820;-5,44450200
-42,58191820;-5,44450200
-42,57167820;-5,44450200
-42,56143820;-5,44450200
-42,55119820;-5,44450200
-42,54095820;-5,44450200
-42,53071820;-5,44450200
-42,52047820;-5,44450200
-42,51023820;-5,44450200
-42,49999820;-5,44450200
-42,48975820;-5,44450200
-42,47951820;-5,44450200
-42,46927820;-5,44450200
-42,45903820;-5,44450200
-42,44879820;-5,44450200
-42,43855820;-5,44450200
-42,42831820;-5,44450200
-42,41807820;-5,44450200
-42,40783820;-5,44450200
-42,39759820;-5,44450200
-42,38735820;-5,44450200
-42,37711820;-5,44450200
-42,36687820;-5,44450200
-42,35663820;-5,44450200
-42,34639820;-5,44450200
-42,33615820;-5,44450200
-42,32591820;-5,44450200
-42,31567820;-5,44450200
-42,30543820;-5,44450200
-42,29519820;-5,44450200
-42,28495820;-5,44450200
-42,27471820;-5,44450200
-42,26447820;-5,44450200
-42,25423820;-5,44450200
-42,24399820;-5,44450200
-42,23375820;-5,44450200
-42,22351820;-5,44450200
-42,21327820;-5,44450200
-42,20303820;-5,44450200
-42,19279820;-5,44450200
-42,18255820;-5,44450200
-42,17231820;-5,44450200
-42,16207820;-5,44450200
-42,15183820;-5,44450200
-42,14159820;-5,44450200
-42,13135820;-5,44450200
-42,12111820;-5,44450200
-42,11087820;-5,44450200
-42,10063820;-5,44450200
-42,09039820;-5,44450200
-42,08015820;-5,44450200
-42,06991820;-5,44450200
-42,05967820;-5,44450200
-42,04943820;-5,44450200
-42,03919820;-5,44450200
-42,02895820;-5,44450200
-42,01871820;-5,44450200
-42,00847820;-5,44450200
-41,99823820;-5,44450200
-41,98799820;-5,44450200
-41,97775820;-5,44450200
-41,96751820;-5,44450200
-41,95727820;-5,44450200
-41,94703820;-5,44450200
-41,93679820;-5,44450200
-41,92655820;-5,44450200
-41,91631820;-5,44450200
-41,90607820;-5,44450200
-41,89583820;-5,44450200
-41,88559820;-5,44450200
-41,87535820;-5,44450200
-41,86511820;-5,26444300
-41,85487820;-5,44450200
-41,84463820;-5,44450200
-41,83439820;-5,44450200
-41,82415820;-5,44450200
-41,81391820;-5,44450200
-41,80367820;-5,44450200
-41,79343820;-5,44450200
-41,78319820;-5,44450200
-41,77295820;-5,44450200
-41,76271820;-5,44450200
-41,75247820;-5,26444300
-41,74223820;-5,44450200
-41,73199820;-5,44450200
-41,72175820;-5,44450200
-41,71151820;-5,44450200
-41,70127820;-5,44450200
-41,69103820;-5,44450200
-41,68079820;-5,44450200
-41,67055820;-5,44450200
-41,66031820;-5,26444300
-41,65007820;-5,44450200
-41,63983820;-5,44450200
-41,62959820;-5,26444300
-41,61935820;-5,44450200
-41,60911820;-5,26444300
-41,59887820;-5,44450200
-41,58863820;-5,44450200
-41,57839820;-5,26444300
-41,56815820;-5,44450200
-41,55791820;-5,44450200
-41,54767820;-5,44450200
-41,53743820;-5,44450200
-41,52719820;-5,44450200
-41,51695820;-5,44450200
-41,50671820;-5,44450200
-41,49647820;-5,44450200
-41,48623820;-5,44450200
-41,47599820;-5,44450200
-41,46575820;-5,44450200
-41,45551820;-5,44450200
-41,44527820;-5,44450200
-41,43503820;-5,44450200
-41,42479820;-5,44450200
-41,41455820;-5,44450200
-41,40431820;-5,44450200
-41,39407820;-5,44450200
-41,38383820;-5,44450200
-41,37359820;-5,44450200
-41,36335820;-5,44450200
-41,35311820;-5,44450200
-41,34287820;-5,44450200
-41,33263820;-5,44450200
-41,32239821;-5,26444300
-41,31215821;-5,44450200
-41,30191821;-5,44450200
-41,29167821;-5,44450200
-41,28143821;-5,44450200
-41,27119821;-5,26444300
-41,26095821;-5,44450200
-41,25071821;-5,44450200
-41,24047821;-5,44450200
-41,23023821;-5,26444300
-41,21999821;-5,44450200
-41,20975821;-5,26444300
-41,19951821;-5,44450200
-41,18927821;-5,44450200
-41,17903821;-5,26444300
-41,16879821;-5,26444300
-41,15855821;-5,44450200
-41,14831821;-5,44450200
-41,13807821;-5,44450200
-41,12783821;-5,44450200
-41,11759821;-5,44450200
-41,10735821;-5,44450200
-41,09711821;-5,44450200
-41,08687821;-5,44450200
-41,07663821;-5,44450200
-41,06639821;-5,26444300
-41,05615821;-5,44450200
-41,04591821;-5,44450200
-41,03567821;-5,44450200
-41,02543821;-5,26444300
-41,01519821;-5,44450200
-41,00495821;-5,44450200
-40,99471821;-5,26444300
-40,98447821;-5,26444300
-40,97423821;-5,26444300
-40,96399821;-5,26444300
-40,95375821;-5,26444300
-40,94351821;-5,08499400
-40,93327821;-5,08499400
-40,92303821;-5,08499400
-40,91279821;-5,08499400
-40,90255821;-5,08499400
-40,89231821;-4,90554500
-40,88207821;-4,72609600
-40,87183821;-4,72609600
-40,86159821;-4,72609600
-40,85135821;-4,72609600
-40,84111821;-4,72609600
-40,83087821;-4,72609600
-40,82063821;-4,72609600
-40,81039821;-4,54664800
-40,80015821;-4,36658800
-40,78991821;-4,36658800
-40,77967821;-4,36658800
-40,76943821;-4,18714000
-40,75919821;-4,36658800
-40,74895821;-4,36658800
-40,73871821;-4,18714000
-40,72847821;-4,00769000
-40,71823821;-4,00769000
-40,70799821;-4,00769000
-40,69775821;-4,00769000
-40,68751821;-3,82824200
-40,67727821;-3,64879300
-40,66703821;-3,82824200
-40,65679821;-3,82824200
-40,64655821;-3,82824200
-40,63631821;-3,64879300
-40,62607821;-3,64879300
-40,61583821;-3,64879300
-40,60559821;-3,64879300
-40,59535821;-3,46873400
-40,58511821;-3,28928500
-40,57487821;-3,46873400
-40,56463821;-3,46873400
-40,55439821;-3,46873400
-40,54415821;-3,28928500
-40,53391821;-3,28928500
-40,52367821;-3,28928500
-40,51343821;-3,10983600
-40,50319821;-3,10983600
-40,49295821;-2,93038700
-40,48271821;-2,93038700
-40,47247821;-2,93038700
-40,46223821;-2,93038700
-40,45199821;-2,93038700
-40,44175821;-2,93038700
-40,43151821;-2,93038700
-40,42127821;-2,57087900
-40,41103821;-2,57087900
-40,40079821;-2,57087900
-40,39055821;-2,21198200
-40,38031821;-2,21198200
-40,37007821;-2,21198200
-40,35983821;-2,21198200
-40,34959821;-2,21198200
-40,33935821;-2,21198200
-40,32911821;-2,21198200
-40,31887821;-2,03253300
-40,30863821;-1,85308400
-40,29839821;-1,85308400
-40,28815821;-1,67302500
-40,27791821;-1,67302500
-40,26767821;-1,49357600
-40,25743821;-1,67302500
-40,24719821;-1,67302500
-40,23695821;-1,49357600
-40,22671821;-1,49357600
-40,21647821;-1,49357600
-40,20623821;-1,49357600
-40,19599821;-1,31412700
-40,18575821;-1,13467800
-40,17551821;-1,13467800
-40,16527821;-1,13467800
-40,15503821;-1,13467800
-40,14479821;-1,13467800
-40,13455821;-0,95522930
-40,12431821;-0,95522930
-40,11407821;-0,77517010
-40,10383821;-0,77517010
-40,09359821;-0,77517010
-40,08335821;-0,59572130
-40,07311821;-0,59572130
-40,06287821;-0,59572130
-40,05263821;-0,59572130
-40,04239821;-0,59572130
-40,03215821;-0,41627250
-40,02191821;-0,41627250
-40,01167821;-0,41627250
-40,00143821;-0,23682360
-39,99119821;-0,05737480
-39,98095821;-0,05737480
-39,97071821;-0,05737480
-39,96047821;-0,05737480
-39,95023821;-0,05737480
-39,93999821;-0,05737480
-39,92975821;-0,05737480
-39,91951821;-0,05737480
-39,90927821;0,30152290
-39,89903821;0,30152290
-39,88879821;0,30152290
-39,87855821;0,30152290
-39,86831821;0,30152290
-39,85807821;0,30152290
-39,84783821;0,30152290
-39,83759821;0,48097170
-39,82735821;0,66042050
-39,81711821;0,66042050
-39,80687821;0,66042050
-39,79663821;0,66042050
-39,78639821;0,84047970
-39,77615821;1,01992900
-39,76591821;1,01992900
-39,75567821;1,01992900
-39,74543821;1,01992900
-39,73519821;1,01992900
-39,72495821;1,19937700
-39,71471821;1,19937700
-39,70447821;1,37882600
-39,69423821;1,37882600
-39,68399821;1,37882600
-39,67375822;1,37882600
-39,66351822;1,37882600
-39,65327822;1,37882600
-39,64303822;1,55827500
-39,63279822;1,55827500
-39,62255822;1,73833400
-39,61231822;1,73833400
-39,60207822;1,73833400
-39,59183822;1,91778300
-39,58159822;1,91778300
-39,57135822;2,09723200
-39,56111822;1,91778300
-39,55087822;2,09723200
-39,54063822;2,09723200
-39,53039822;2,09723200
-39,52015822;2,09723200
-39,50991822;2,27668100
-39,49967822;2,27668100
-39,48943822;2,45613000
-39,47919822;2,45613000
-39,46895822;2,45613000
-39,45871822;2,45613000
-39,44847822;2,63618900
-39,43823822;2,81563800
-39,42799822;2,81563800
-39,41775822;2,81563800
-39,40751822;2,81563800
-39,39727822;2,81563800
-39,38703822;2,81563800
-39,37679822;2,99508600
-39,36655822;2,99508600
-39,35631822;3,17453500
-39,34607822;3,17453500
-39,33583822;3,17453500
-39,32559822;3,17453500
-39,31535822;3,17453500
-39,30511822;3,35398400
-39,29487822;3,35398400
-39,28463822;3,53404300
-39,27439822;3,53404300
-39,26415822;3,53404300
-39,25391822;3,53404300
-39,24367822;3,53404300
-39,23343822;3,53404300
-39,22319822;3,53404300
-39,21295822;3,53404300
-39,20271822;3,71349200
-39,19247822;3,71349200
-39,18223822;3,89294100
-39,17199822;3,71349200
-39,16175822;3,89294100
-39,15151822;3,89294100
-39,14127822;3,89294100
-39,13103822;3,89294100
-39,12079822;3,89294100
-39,11055822;4,07239000
-39,10031822;4,07239000
-39,09007822;4,25183900
-39,07983822;4,25183900
-39,06959822;4,25183900
-39,05935822;4,25183900
-39,04911822;4,25183900
-39,03887822;4,43189800
-39,02863822;4,43189800
-39,01839822;4,61134700
-39,00815822;4,61134700
-38,99791822;4,61134700
-38,98767822;4,61134700
-38,97743822;4,61134700
-38,96719822;4,79079600
-38,95695822;4,79079600
-38,94671822;4,97024400
-38,93647822;4,97024400
-38,92623822;4,97024400
-38,91599822;4,97024400
-38,90575822;4,97024400
-38,89551822;4,97024400
-38,88527822;5,14969300
-38,87503822;5,14969300
-38,86479822;5,32975200
-38,85455822;5,32975200
-38,84431822;5,32975200
-38,83407822;5,32975200
-38,82383822;5,32975200
-38,81359822;5,32975200
-38,80335822;5,50920200
-38,79311822;5,50920200
-38,78287822;5,50920200
-38,77263822;5,68865000
-38,76239822;5,68865000
-38,75215822;5,68865000
-38,74191822;5,68865000
-38,73167822;5,68865000
-38,72143822;5,86809900
-38,71119822;6,04754800
-38,70095822;6,04754800
-38,69071822;6,04754800
-38,68047822;6,04754800
-38,67023822;6,04754800
-38,65999822;6,04754800
-38,64975822;6,22760700
-38,63951822;6,22760700
-38,62927822;6,22760700
-38,61903822;6,40705600
-38,60879822;6,40705600
-38,59855822;6,40705600
-38,58831822;6,58650500
-38,57807822;6,40705600
-38,56783822;6,58650500
-38,55759822;6,58650500
-38,54735822;6,76595400
-38,53711822;6,76595400
-38,52687822;6,76595400
-38,51663822;6,94540200
-38,50639822;7,12546200
-38,49615822;7,12546200
-38,48591822;7,12546200
-38,47567822;7,12546200
-38,46543822;7,12546200
-38,45519822;7,12546200
-38,44495822;7,30491100
-38,43471822;7,30491100
-38,42447822;7,48435900
-38,41423822;7,48435900
-38,40399822;7,48435900
-38,39375822;7,48435900
-38,38351822;7,66380800
-38,37327822;7,66380800
-38,36303822;7,84325700
-38,35279822;7,84325700
-38,34255822;7,84325700
-38,33231822;7,84325700
-38,32207822;7,84325700
-38,31183822;8,02331600
-38,30159822;8,02331600
-38,29135822;8,20276500
-38,28111822;8,20276500
-38,27087822;8,20276500
-38,26063822;8,20276500
-38,25039822;8,20276500
-38,24015822;8,38221400
-38,22991822;8,38221400
-38,21967822;8,56166300
-38,20943822;8,56166300
-38,19919822;8,56166300
-38,18895822;8,56166300
-38,17871822;8,56166300
-38,16847822;8,56166300
-38,15823822;8,56166300
-38,14799822;8,56166300
-38,13775822;8,74111200
-38,12751822;8,92117000
-38,11727822;8,92117000
-38,10703822;8,92117000
-38,09679822;8,92117000
-38,08655822;8,92117000
-38,07631822;8,92117000
-38,06607822;9,10061900
-38,05583822;9,10061900
-38,04559822;9,10061900
-38,03535822;9,10061900
-38,02511823;9,28006800
-38,01487823;9,28006800
-38,00463823;9,28006800
-37,99439823;9,28006800
-37,98415823;9,28006800
-37,97391823;9,28006800
-37,96367823;9,28006800
-37,95343823;9,28006800
-37,94319823;9,28006800
-37,93295823;9,28006800
-37,92271823;9,45951700
-37,91247823;9,45951700
-37,90223823;9,45951700
-37,89199823;9,63896600
-37,88175823;9,63896600
-37,87151823;9,63896600
-37,86127823;9,63896600
-37,85103823;9,63896600
-37,84079823;9,63896600
-37,83055823;9,81902500
-37,82031823;9,81902500
-37,81007823;9,81902500
-37,79983823;9,99847400
-37,78959823;9,99847400
-37,77935823;9,99847400
-37,76911823;9,99847400
-37,75887823;9,99847400
-37,74863823;9,99847400
-37,73839823;9,99847400
-37,72815823;9,99847400
-37,71791823;9,99847400
-37,70767823;9,99847400
-37,69743823;9,99847400
-37,68719823;9,99847400
-37,67695823;10,35737000
-37,66671823;10,17792000
-37,65647823;10,35737000
-37,64623823;10,35737000
-37,63599823;10,35737000
-37,62575823;10,35737000
-37,61551823;10,35737000
-37,60527823;10,35737000
-37,59503823;10,35737000
-37,58479823;10,53682000
-37,57455823;10,53682000
-37,56431823;10,53682000
-37,55407823;10,71688000
-37,54383823;10,53682000
-37,53359823;10,71688000
-37,52335823;10,71688000
-37,51311823;10,71688000
-37,50287823;10,71688000
-37,49263823;10,71688000
-37,48239823;10,71688000
-37,47215823;10,71688000
-37,46191823;10,71688000
-37,45167823;10,71688000
-37,44143823;10,89633000
-37,43119823;10,71688000
-37,42095823;10,71688000
-37,41071823;10,89633000
-37,40047823;11,07578000
-37,39023823;11,07578000
-37,37999823;11,07578000
-37,36975823;11,07578000
-37,35951823;11,07578000
-37,34927823;11,07578000
-37,33903823;11,07578000
-37,32879823;11,07578000
-37,31855823;11,07578000
-37,30831823;11,07578000
-37,29807823;11,25523000
-37,28783823;11,25523000
-37,27759823;11,07578000
-37,26735823;11,07578000
-37,25711823;11,25523000
-37,24687823;11,07578000
-37,23663823;11,25523000
-37,22639823;11,25523000
-37,21615823;11,25523000
-37,20591823;11,43529000
-37,19567823;11,43529000
-37,18543823;11,43529000
-37,17519823;11,43529000
-37,16495823;11,43529000
-37,15471823;11,43529000
-37,14447823;11,43529000
-37,13423823;11,43529000
-37,12399823;11,43529000
-37,11375823;11,43529000
-37,10351823;11,61473000
-37,09327823;11,61473000
-37,08303823;11,61473000
-37,07279823;11,79418000
-37,06255823;11,79418000
-37,05231823;11,79418000
-37,04207823;11,79418000
-37,03183823;11,79418000
-37,02159823;11,79418000
-37,01135823;11,79418000
-37,00111823;11,79418000
-36,99087823;11,79418000
-36,98063823;11,97363000
-36,97039823;11,79418000
-36,96015823;11,97363000
-36,94991823;11,79418000
-36,93967823;11,97363000
-36,92943823;11,97363000
-36,91919823;11,97363000
-36,90895823;11,97363000
-36,89871823;12,15308000
-36,88847823;12,15308000
-36,87823823;12,15308000
-36,86799823;12,15308000
-36,85775823;12,15308000
-36,84751823;12,15308000
-36,83727823;12,15308000
-36,82703823;12,15308000
-36,81679823;12,15308000
-36,80655823;12,15308000
-36,79631823;12,15308000
-36,78607823;12,15308000
-36,77583823;12,15308000
-36,76559823;12,15308000
-36,75535823;12,15308000
-36,74511823;12,15308000
-36,73487823;12,15308000
-36,72463823;12,15308000
-36,71439823;12,15308000
-36,70415823;12,15308000
-36,69391823;12,15308000
-36,68367823;12,15308000
-36,67343823;12,15308000
-36,66319823;12,15308000
-36,65295823;12,15308000
-36,64271823;12,15308000
-36,63247823;12,15308000
-36,62223823;12,15308000
-36,61199823;12,15308000
-36,60175823;12,15308000
-36,59151823;12,15308000
-36,58127823;12,15308000
-36,57103823;12,15308000
-36,56079823;12,15308000
-36,55055823;12,15308000
-36,54031823;12,15308000
-36,53007823;12,15308000
-36,51983823;12,15308000
-36,50959823;12,33314000
-36,49935823;12,15308000
-36,48911823;12,15308000
-36,47887823;12,15308000
-36,46863823;12,15308000
-36,45839823;12,15308000
-36,44815823;12,15308000
-36,43791823;12,15308000
-36,42767823;12,15308000
-36,41743823;12,15308000
-36,40719823;12,15308000
-36,39695823;12,15308000
-36,38671824;12,15308000
-36,37647824;12,15308000
-36,36623824;12,15308000
-36,35599824;12,15308000
-36,34575824;12,15308000
-36,33551824;12,33314000
-36,32527824;12,15308000
-36,31503824;12,33314000
-36,30479824;12,33314000
-36,29455824;12,15308000
-36,28431824;12,15308000
-36,27407824;12,15308000
-36,26383824;12,15308000
-36,25359824;12,15308000
-36,24335824;12,15308000
-36,23311824;12,15308000
-36,22287824;12,15308000
-36,21263824;12,15308000
-36,20239824;12,15308000
-36,19215824;12,15308000
-36,18191824;12,15308000
-36,17167824;12,15308000
-36,16143824;12,15308000
-36,15119824;12,15308000
-36,14095824;12,15308000
-36,13071824;12,15308000
-36,12047824;12,15308000
-36,11023824;12,15308000
-36,09999824;12,15308000
-36,08975824;12,15308000
-36,07951824;12,15308000
-36,06927824;12,15308000
-36,05903824;12,15308000
-36,04879824;12,15308000
-36,03855824;12,15308000
-36,02831824;12,15308000
-36,01807824;12,15308000
-36,00783824;12,15308000
-35,99759824;12,15308000
-35,98735824;12,33314000
-35,97711824;12,33314000
-35,96687824;12,33314000
-35,95663824;12,15308000
-35,94639824;12,33314000
-35,93615824;12,15308000
-35,92591824;12,15308000
-35,91567824;12,15308000
-35,90543824;12,15308000
-35,89519824;12,15308000
-35,88495824;12,15308000
-35,87471824;12,33314000
-35,86447824;12,15308000
-35,85423824;12,15308000
-35,84399824;12,15308000
-35,83375824;12,33314000
-35,82351824;12,33314000
-35,81327824;12,15308000
-35,80303824;12,33314000
-35,79279824;12,33314000
-35,78255824;12,33314000
-35,77231824;12,15308000
-35,76207824;12,15308000
-35,75183824;12,15308000
-35,74159824;12,33314000
-35,73135824;12,15308000
-35,72111824;12,15308000
-35,71087824;12,33314000
-35,70063824;12,33314000
-35,69039824;12,33314000
-35,68015824;12,33314000
-35,66991824;12,15308000
-35,65967824;12,33314000
-35,64943824;12,33314000
-35,63919824;12,33314000
-35,62895824;12,15308000
-35,61871824;12,15308000
-35,60847824;12,15308000
-35,59823824;12,33314000
-35,58799824;12,33314000
-35,57775824;12,33314000
-35,56751824;12,15308000
-35,55727824;12,15308000
-35,54703824;12,33314000
-35,53679824;12,15308000
-35,52655824;12,15308000
-35,51631824;12,15308000
-35,50607824;12,33314000
-35,49583824;12,33314000
-35,48559824;12,33314000
-35,47535824;12,15308000
-35,46511824;12,15308000
-35,45487824;12,15308000
-35,44463824;12,15308000
-35,43439824;12,15308000
-35,42415824;12,15308000
-35,41391824;12,15308000
-35,40367824;12,15308000
-35,39343824;12,15308000
-35,38319824;12,15308000
-35,37295824;12,15308000
-35,36271824;12,15308000
-35,35247824;12,15308000
-35,34223824;12,15308000
-35,33199824;12,15308000
-35,32175824;12,15308000
-35,31151824;12,15308000
-35,30127824;12,15308000
-35,29103824;12,15308000
-35,28079824;12,15308000
-35,27055824;11,97363000
-35,26031824;11,97363000
-35,25007824;11,97363000
-35,23983824;11,97363000
-35,22959824;11,97363000
-35,21935824;11,79418000
-35,20911824;11,97363000
-35,19887824;11,97363000
-35,18863824;11,79418000
-35,17839824;11,79418000
-35,16815824;11,79418000
-35,15791824;11,79418000
-35,14767824;11,79418000
-35,13743824;11,79418000
-35,12719824;11,79418000
-35,11695824;11,79418000
-35,10671824;11,79418000
-35,09647824;11,79418000
-35,08623824;11,79418000
-35,07599824;11,79418000
-35,06575824;11,43529000
-35,05551824;11,61473000
-35,04527824;11,61473000
-35,03503824;11,43529000
-35,02479824;11,43529000
-35,01455824;11,61473000
-35,00431824;11,79418000
-34,99407824;11,61473000
-34,98383824;11,61473000
-34,97359824;11,43529000
-34,96335824;11,43529000
-34,95311824;11,43529000
-34,94287824;11,43529000
-34,93263824;11,43529000
-34,92239824;11,43529000
-34,91215824;11,61473000
-34,90191824;11,79418000
-34,89167824;11,61473000
-34,88143824;11,43529000
-34,87119824;11,43529000
-34,86095824;11,43529000
-34,85071824;11,43529000
-34,84047824;11,43529000
-34,83023824;11,43529000
-34,81999824;11,43529000
-34,80975824;11,61473000
-34,79951824;11,43529000
-34,78927824;11,43529000
-34,77903824;11,43529000
-34,76879824;11,43529000
-34,75855824;11,43529000
-34,74831824;11,43529000
-34,73807825;11,43529000
-34,72783825;11,43529000
-34,71759825;11,43529000
-34,70735825;11,43529000
-34,69711825;11,43529000
-34,68687825;11,43529000
-34,67663825;11,43529000
-34,66639825;11,25523000
-34,65615825;11,25523000
-34,64591825;11,25523000
-34,63567825;11,25523000
-34,62543825;11,25523000
-34,61519825;11,25523000
-34,60495825;11,43529000
-34,59471825;11,25523000
-34,58447825;11,25523000
-34,57423825;11,07578000
-34,56399825;11,07578000
-34,55375825;11,07578000
-34,54351825;11,07578000
-34,53327825;11,07578000
-34,52303825;11,07578000
-34,51279825;11,07578000
-34,50255825;11,07578000
-34,49231825;11,07578000
-34,48207825;10,89633000
-34,47183825;10,71688000
-34,46159825;10,71688000
-34,45135825;10,71688000
-34,44111825;10,71688000
-34,43087825;10,71688000
-34,42063825;10,71688000
-34,41039825;10,71688000
-34,40015825;10,71688000
-34,38991825;10,71688000
-34,37967825;10,71688000
-34,36943825;10,53682000
-34,35919825;10,35737000
-34,34895825;10,35737000
-34,33871825;10,35737000
-34,32847825;10,35737000
-34,31823825;10,35737000
-34,30799825;10,53682000
-34,29775825;10,35737000
-34,28751825;10,53682000
-34,27727825;10,35737000
-34,26703825;10,17792000
-34,25679825;9,99847400
-34,24655825;9,99847400
-34,23631825;9,99847400
-34,22607825;9,99847400
-34,21583825;9,99847400
-34,20559825;10,17792000
-34,19535825;9,99847400
-34,18511825;9,99847400
-34,17487825;9,99847400
-34,16463825;9,81902500
-34,15439825;9,63896600
-34,14415825;9,81902500
-34,13391825;9,81902500
-34,12367825;9,81902500
-34,11343825;9,81902500
-34,10319825;9,99847400
-34,09295825;9,81902500
-34,08271825;9,63896600
-34,07247825;9,63896600
-34,06223825;9,28006800
-34,05199825;9,45951700
-34,04175825;9,45951700
-34,03151825;9,45951700
-34,02127825;9,45951700
-34,01103825;9,63896600
-34,00079825;9,45951700
-33,99055825;9,45951700
-33,98031825;9,45951700
-33,97007825;9,28006800
-33,95983825;9,10061900
-33,94959825;9,10061900
-33,93935825;9,28006800
-33,92911825;9,28006800
-33,91887825;9,28006800
-33,90863825;9,28006800
-33,89839825;9,28006800
-33,88815825;9,10061900
-33,87791825;9,10061900
-33,86767825;8,92117000
-33,85743825;8,74111200
-33,84719825;8,74111200
-33,83695825;8,92117000
-33,82671825;8,92117000
-33,81647825;8,92117000
-33,80623825;8,92117000
-33,79599825;8,92117000
-33,78575825;8,74111200
-33,77551825;8,74111200
-33,76527825;8,38221400
-33,75503825;8,38221400
-33,74479825;8,56166300
-33,73455825;8,56166300
-33,72431825;8,56166300
-33,71407825;8,56166300
-33,70383825;8,56166300
-33,69359825;8,56166300
-33,68335825;8,38221400
-33,67311825;8,20276500
-33,66287825;7,84325700
-33,65263825;7,84325700
-33,64239825;8,02331600
-33,63215825;8,02331600
-33,62191825;7,84325700
-33,61167825;7,84325700
-33,60143825;8,02331600
-33,59119825;7,84325700
-33,58095825;7,84325700
-33,57071825;7,66380800
-33,56047825;7,48435900
-33,55023825;7,48435900
-33,53999825;7,48435900
-33,52975825;7,48435900
-33,51951825;7,48435900
-33,50927825;7,48435900
-33,49903825;7,48435900
-33,48879825;7,48435900
-33,47855825;7,48435900
-33,46831825;7,12546200
-33,45807825;7,12546200
-33,44783825;7,12546200
-33,43759825;7,12546200
-33,42735825;7,12546200
-33,41711825;7,12546200
-33,40687825;7,12546200
-33,39663825;7,12546200
-33,38639825;7,12546200
-33,37615825;6,76595400
-33,36591825;6,76595400
-33,35567825;6,40705600
-33,34543825;6,40705600
-33,33519825;6,58650500
-33,32495825;6,40705600
-33,31471825;6,58650500
-33,30447825;6,40705600
-33,29423825;6,58650500
-33,28399825;6,40705600
-33,27375825;6,40705600
-33,26351825;6,22760700
-33,25327825;6,04754800
-33,24303825;6,04754800
-33,23279825;6,04754800
-33,22255825;6,04754800
-33,21231825;6,04754800
-33,20207825;6,04754800
-33,19183825;6,04754800
-33,18159825;6,04754800
-33,17135825;5,68865000
-33,16111825;5,68865000
-33,15087825;5,50920200
-33,14063825;5,50920200
-33,13039825;5,68865000
-33,12015825;5,68865000
-33,10991825;5,68865000
-33,09967825;5,68865000
-33,08943826;5,50920200
-33,07919826;5,32975200
-33,06895826;5,32975200
-33,05871826;4,97024400
-33,04847826;4,97024400
-33,03823826;4,97024400
-33,02799826;4,97024400
-33,01775826;4,97024400
-33,00751826;4,97024400
-32,99727826;4,97024400
-32,98703826;4,97024400
-32,97679826;4,61134700
-32,96655826;4,61134700
-32,95631826;4,25183900
-32,94607826;4,25183900
-32,93583826;4,43189800
-32,92559826;4,25183900
-32,91535826;4,25183900
-32,90511826;4,25183900
-32,89487826;4,25183900
-32,88463826;4,07239000
-32,87439826;3,89294100
-32,86415826;3,89294100
-32,85391826;3,89294100
-32,84367826;3,89294100
-32,83343826;3,89294100
-32,82319826;3,71349200
-32,81295826;3,53404300
-32,80271826;3,53404300
-32,79247826;3,53404300
-32,78223826;3,35398400
-32,77199826;3,35398400
-32,76175826;3,35398400
-32,75151826;3,35398400
-32,74127826;3,17453500
-32,73103826;3,17453500
-32,72079826;3,17453500
-32,71055826;3,17453500
-32,70031826;2,99508600
-32,69007826;2,81563800
-32,67983826;2,81563800
-32,66959826;2,81563800
-32,65935826;2,81563800
-32,64911826;2,63618900
-32,63887826;2,45613000
-32,62863826;2,63618900
-32,61839826;2,45613000
-32,60815826;2,45613000
-32,59791826;2,45613000
-32,58767826;2,45613000
-32,57743826;2,45613000
-32,56719826;2,27668100
-32,55695826;2,09723200
-32,54671826;1,91778300
-32,53647826;2,09723200
-32,52623826;2,09723200
-32,51599826;2,09723200
-32,50575826;1,91778300
-32,49551826;1,91778300
-32,48527826;1,91778300
-32,47503826;1,73833400
-32,46479826;1,73833400
-32,45455826;1,37882600
-32,44431826;1,37882600
-32,43407826;1,37882600
-32,42383826;1,37882600
-32,41359826;1,37882600
-32,40335826;1,37882600
-32,39311826;1,19937700
-32,38287826;1,19937700
-32,37263826;1,19937700
-32,36239826;0,84047970
-32,35215826;0,66042050
-32,34191826;0,66042050
-32,33167826;0,66042050
-32,32143826;0,66042050
-32,31119826;0,66042050
-32,30095826;0,66042050
-32,29071826;0,66042050
-32,28047826;0,66042050
-32,27023826;0,48097170
-32,25999826;0,30152290
-32,24975826;0,30152290
-32,23951826;0,30152290
-32,22927826;0,30152290
-32,21903826;0,30152290
-32,20879826;0,30152290
-32,19855826;0,30152290
-32,18831826;0,30152290
-32,17807826;0,12207400
-32,16783826;-0,05737480
-32,15759826;-0,05737480
-32,14735826;-0,23682360
-32,13711826;-0,23682360
-32,12687826;-0,23682360
-32,11663826;-0,23682360
-32,10639826;-0,23682360
-32,09615826;-0,41627250
-32,08591826;-0,41627250
-32,07567826;-0,41627250
-32,06543826;-0,77517010
-32,05519826;-0,77517010
-32,04495826;-0,95522930
-32,03471826;-0,95522930
-32,02447826;-0,77517010
-32,01423826;-0,95522930
-32,00399826;-0,95522930
-31,99375826;-1,13467800
-31,98351826;-1,13467800
-31,97327826;-1,13467800
-31,96303826;-1,49357600
-31,95279826;-1,49357600
-31,94255826;-1,49357600
-31,93231826;-1,67302500
-31,92207826;-1,67302500
-31,91183826;-1,67302500
-31,90159826;-1,67302500
-31,89135826;-1,67302500
-31,88111826;-1,85308400
-31,87087826;-2,03253300
-31,86063826;-2,21198200
-31,85039826;-2,21198200
-31,84015826;-2,39143000
-31,82991826;-2,39143000
-31,81967826;-2,39143000
-31,80943826;-2,39143000
-31,79919826;-2,39143000
-31,78895826;-2,39143000
-31,77871826;-2,57087900
-31,76847826;-2,57087900
-31,75823826;-2,93038700
-31,74799826;-2,93038700
-31,73775826;-2,93038700
-31,72751826;-2,93038700
-31,71727826;-2,93038700
-31,70703826;-2,93038700
-31,69679826;-2,93038700
-31,68655826;-2,93038700
-31,67631826;-3,10983600
-31,66607826;-3,28928500
-31,65583826;-3,28928500
-31,64559826;-3,46873400
-31,63535826;-3,28928500
-31,62511826;-3,46873400
-31,61487826;-3,46873400
-31,60463826;-3,46873400
-31,59439826;-3,46873400
-31,58415826;-3,64879300
-31,57391826;-3,64879300
-31,56367826;-3,64879300
-31,55343826;-4,00769000
-31,54319826;-4,00769000
-31,53295826;-4,00769000
-31,52271826;-4,00769000
-31,51247826;-3,82824200
-31,50223826;-3,82824200
-31,49199826;-3,82824200
-31,48175826;-4,00769000
-31,47151826;-4,00769000
-31,46127826;-4,36658800
-31,45103827;-4,36658800
-31,44079827;-4,36658800
-31,43055827;-4,36658800
-31,42031827;-4,36658800
-31,41007827;-4,36658800
-31,39983827;-4,36658800
-31,38959827;-4,36658800
-31,37935827;-4,54664800
-31,36911827;-4,72609600
-31,35887827;-4,72609600
-31,34863827;-4,90554500
-31,33839827;-4,90554500
-31,32815827;-5,08499400
-31,31791827;-4,90554500
-31,30767827;-4,90554500
-31,29743827;-4,90554500
-31,28719827;-5,08499400
-31,27695827;-5,08499400
-31,26671827;-5,08499400
-31,25647827;-5,44450200
-31,24623827;-5,44450200
-31,23599827;-5,44450200
-31,22575827;-5,44450200
-31,21551827;-5,44450200
-31,20527827;-5,44450200
-31,19503827;-5,44450200
-31,18479827;-5,44450200
-31,17455827;-5,44450200
-31,16431827;-5,80340000
-31,15407827;-5,80340000
-31,14383827;-5,80340000
-31,13359827;-5,80340000
-31,12335827;-5,80340000
-31,11311827;-5,80340000
-31,10287827;-5,80340000
-31,09263827;-5,80340000
-31,08239827;-5,98284900
-31,07215827;-5,98284900
-31,06191827;-5,98284900
-31,05167827;-5,80340000
-31,04143827;-5,80340000
-31,03119827;-5,80340000
-31,02095827;-5,80340000
-31,01071827;-5,98284900
-31,00047827;-5,80340000
-30,99023827;-5,80340000
-30,97999827;-5,98284900
-30,96975827;-5,80340000
-30,95951827;-5,80340000
-30,94927827;-5,98284900
-30,93903827;-5,98284900
-30,92879827;-5,80340000
-30,91855827;-5,98284900
-30,90831827;-5,80340000
-30,89807827;-5,80340000
-30,88783827;-5,80340000
-30,87759827;-5,80340000
-30,86735827;-5,98284900
-30,85711827;-5,80340000
-30,84687827;-5,80340000
-30,83663827;-5,80340000
-30,82639827;-5,80340000
-30,81615827;-5,80340000
-30,80591827;-5,80340000
-30,79567827;-5,80340000
-30,78543827;-5,98284900
-30,77519827;-5,80340000
-30,76495827;-5,80340000
-30,75471827;-5,80340000
-30,74447827;-5,80340000
-30,73423827;-5,80340000
-30,72399827;-5,80340000
-30,71375827;-5,80340000
-30,70351827;-5,80340000
-30,69327827;-5,80340000
-30,68303827;-5,80340000
-30,67279827;-5,80340000
-30,66255827;-5,98284900
-30,65231827;-5,80340000
-30,64207827;-5,80340000
-30,63183827;-5,80340000
-30,62159827;-5,80340000
-30,61135827;-5,80340000
-30,60111827;-5,80340000
-30,59087827;-5,80340000
-30,58063827;-5,80340000
-30,57039827;-5,80340000
-30,56015827;-5,80340000
-30,54991827;-5,80340000
-30,53967827;-5,80340000
-30,52943827;-5,80340000
-30,51919827;-5,80340000
-30,50895827;-5,80340000
-30,49871827;-5,80340000
-30,48847827;-5,80340000
-30,47823827;-5,80340000
-30,46799827;-5,80340000
-30,45775827;-5,80340000
-30,44751827;-5,80340000
-30,43727827;-5,80340000
-30,42703827;-5,80340000
-30,41679827;-5,80340000
-30,40655827;-5,80340000
-30,39631827;-5,80340000
-30,38607827;-5,80340000
-30,37583827;-5,80340000
-30,36559827;-5,80340000
-30,35535827;-5,80340000
-30,34511827;-5,80340000
-30,33487827;-5,80340000
-30,32463827;-5,80340000
-30,31439827;-5,80340000
-30,30415827;-5,80340000
-30,29391827;-5,80340000
-30,28367827;-5,80340000
-30,27343827;-5,80340000
-30,26319827;-5,80340000
-30,25295827;-5,80340000
-30,24271827;-5,80340000
-30,23247827;-5,80340000
-30,22223827;-5,80340000
-30,21199827;-5,80340000
-30,20175827;-5,80340000
-30,19151827;-5,80340000
-30,18127827;-5,80340000
-30,17103827;-5,80340000
-30,16079827;-5,80340000
-30,15055827;-5,80340000
-30,14031827;-5,80340000
-30,13007827;-5,80340000
-30,11983827;-5,80340000
-30,10959827;-5,80340000
-30,09935827;-5,80340000
-30,08911827;-5,80340000
-30,07887827;-5,80340000
-30,06863827;-5,80340000
-30,05839827;-5,80340000
-30,04815827;-5,80340000
-30,03791827;-5,80340000
-30,02767827;-5,80340000
-30,01743827;-5,80340000
-30,00719827;-5,80340000
-29,99695827;-5,80340000
-29,98671827;-5,80340000
-29,97647827;-5,80340000
-29,96623827;-5,80340000
-29,95599827;-5,80340000
-29,94575827;-5,80340000
-29,93551827;-5,80340000
-29,92527827;-5,80340000
-29,91503827;-5,80340000
-29,90479827;-5,80340000
-29,89455827;-5,80340000
-29,88431827;-5,80340000
-29,87407827;-5,80340000
-29,86383827;-5,80340000
-29,85359827;-5,80340000
-29,84335827;-5,80340000
-29,83311827;-5,80340000
-29,82287827;-5,80340000
-29,81263827;-5,80340000
-29,80239828;-5,80340000
-29,79215828;-5,80340000
-29,78191828;-5,80340000
-29,77167828;-5,80340000
-29,76143828;-5,80340000
-29,75119828;-5,80340000
-29,74095828;-5,80340000
-29,73071828;-5,80340000
-29,72047828;-5,80340000
-29,71023828;-5,80340000
-29,69999828;-5,80340000
-29,68975828;-5,80340000
-29,67951828;-5,80340000
-29,66927828;-5,80340000
-29,65903828;-5,80340000
-29,64879828;-5,80340000
-29,63855828;-5,80340000
-29,62831828;-5,80340000
-29,61807828;-5,80340000
-29,60783828;-5,80340000
-29,59759828;-5,80340000
-29,58735828;-5,80340000
-29,57711828;-5,80340000
-29,56687828;-5,80340000
-29,55663828;-5,80340000
-29,54639828;-5,80340000
-29,53615828;-5,80340000
-29,52591828;-5,80340000
-29,51567828;-5,80340000
-29,50543828;-5,80340000
-29,49519828;-5,80340000
-29,48495828;-5,80340000
-29,47471828;-5,80340000
-29,46447828;-5,80340000
-29,45423828;-5,80340000
-29,44399828;-5,80340000
-29,43375828;-5,80340000
-29,42351828;-5,80340000
-29,41327828;-5,80340000
-29,40303828;-5,80340000
-29,39279828;-5,80340000
-29,38255828;-5,80340000
-29,37231828;-5,80340000
-29,36207828;-5,80340000
-29,35183828;-5,80340000
-29,34159828;-5,80340000
-29,33135828;-5,80340000
-29,32111828;-5,80340000
-29,31087828;-5,80340000
-29,30063828;-5,80340000
-29,29039828;-5,80340000
-29,28015828;-5,80340000
-29,26991828;-5,80340000
-29,25967828;-5,80340000
-29,24943828;-5,80340000
-29,23919828;-5,80340000
-29,22895828;-5,80340000
-29,21871828;-5,80340000
-29,20847828;-5,80340000
-29,19823828;-5,80340000
-29,18799828;-5,80340000
-29,17775828;-5,80340000
-29,16751828;-5,80340000
-29,15727828;-5,80340000
-29,14703828;-5,80340000
-29,13679828;-5,80340000
-29,12655828;-5,80340000
-29,11631828;-5,80340000
-29,10607828;-5,80340000
-29,09583828;-5,80340000
-29,08559828;-5,80340000
-29,07535828;-5,80340000
-29,06511828;-5,80340000
-29,05487828;-5,80340000
-29,04463828;-5,80340000
-29,03439828;-5,80340000
-29,02415828;-5,80340000
-29,01391828;-5,80340000
-29,00367828;-5,80340000
-28,99343828;-5,80340000
-28,98319828;-5,80340000
-28,97295828;-5,80340000
-28,96271828;-5,80340000
-28,95247828;-5,80340000
-28,94223828;-5,80340000
-28,93199828;-5,80340000
-28,92175828;-5,80340000
-28,91151828;-5,80340000
-28,90127828;-5,80340000
-28,89103828;-5,80340000
-28,88079828;-5,80340000
-28,87055828;-5,80340000
-28,86031828;-5,80340000
-28,85007828;-5,80340000
-28,83983828;-5,80340000
-28,82959828;-5,80340000
-28,81935828;-5,80340000
-28,80911828;-5,80340000
-28,79887828;-5,80340000
-28,78863828;-5,80340000
-28,77839828;-5,80340000
-28,76815828;-5,80340000
-28,75791828;-5,80340000
-28,74767828;-5,80340000
-28,73743828;-5,80340000
-28,72719828;-5,80340000
-28,71695828;-5,80340000
-28,70671828;-5,80340000
-28,69647828;-5,80340000
-28,68623828;-5,80340000
-28,67599828;-5,80340000
-28,66575828;-5,80340000
-28,65551828;-5,80340000
-28,64527828;-5,80340000
-28,63503828;-5,80340000
-28,62479828;-5,80340000
-28,61455828;-5,80340000
-28,60431828;-5,80340000
-28,59407828;-5,80340000
-28,58383828;-5,80340000
-28,57359828;-5,80340000
-28,56335828;-5,80340000
-28,55311828;-5,80340000
-28,54287828;-5,80340000
-28,53263828;-5,80340000
-28,52239828;-5,80340000
-28,51215828;-5,80340000
-28,50191828;-5,80340000
-28,49167828;-5,80340000
-28,48143828;-5,80340000
-28,47119828;-5,80340000
-28,46095828;-5,80340000
-28,45071828;-5,80340000
-28,44047828;-5,80340000
-28,43023828;-5,80340000
-28,41999828;-5,80340000
-28,40975828;-5,80340000
-28,39951828;-5,80340000
-28,38927828;-5,80340000
-28,37903828;-5,80340000
-28,36879828;-5,80340000
-28,35855828;-5,80340000
-28,34831828;-5,80340000
-28,33807828;-5,80340000
-28,32783828;-5,80340000
-28,31759828;-5,80340000
-28,30735828;-5,80340000
-28,29711828;-5,80340000
-28,28687828;-5,80340000
-28,27663828;-5,80340000
-28,26639828;-5,80340000
-28,25615828;-5,80340000
-28,24591828;-5,80340000
-28,23567828;-5,80340000
-28,22543828;-5,80340000
-28,21519828;-5,80340000
-28,20495828;-5,80340000
-28,19471828;-5,80340000
-28,18447828;-5,80340000
-28,17423828;-5,80340000
-28,16399828;-5,80340000
-28,15375829;-5,80340000
-28,14351829;-5,80340000
-28,13327829;-5,80340000
-28,12303829;-5,80340000
-28,11279829;-5,80340000
-28,10255829;-5,80340000
-28,09231829;-5,80340000
-28,08207829;-5,80340000
-28,07183829;-5,80340000
-28,06159829;-5,80340000
-28,05135829;-5,80340000
-28,04111829;-5,80340000
-28,03087829;-5,80340000
-28,02063829;-5,80340000
-28,01039829;-5,80340000
-28,00015829;-5,80340000
-27,98991829;-5,80340000
-27,97967829;-5,80340000
-27,96943829;-5,80340000
-27,95919829;-5,80340000
-27,94895829;-5,80340000
-27,93871829;-5,80340000
-27,92847829;-5,80340000
-27,91823829;-5,80340000
-27,90799829;-5,80340000
-27,89775829;-5,80340000
-27,88751829;-5,80340000
-27,87727829;-5,80340000
-27,86703829;-5,80340000
-27,85679829;-5,80340000
-27,84655829;-5,62395100
-27,83631829;-5,80340000
-27,82607829;-5,80340000
-27,81583829;-5,80340000
-27,80559829;-5,80340000
-27,79535829;-5,80340000
-27,78511829;-5,80340000
-27,77487829;-5,80340000
-27,76463829;-5,80340000
-27,75439829;-5,80340000
-27,74415829;-5,80340000
-27,73391829;-5,80340000
-27,72367829;-5,80340000
-27,71343829;-5,80340000
-27,70319829;-5,80340000
-27,69295829;-5,80340000
-27,68271829;-5,80340000
-27,67247829;-5,80340000
-27,66223829;-5,80340000
-27,65199829;-5,80340000
-27,64175829;-5,80340000
-27,63151829;-5,80340000
-27,62127829;-5,80340000
-27,61103829;-5,80340000
-27,60079829;-5,80340000
-27,59055829;-5,80340000
-27,58031829;-5,80340000
-27,57007829;-5,80340000
-27,55983829;-5,80340000
-27,54959829;-5,80340000
-27,53935829;-5,80340000
-27,52911829;-5,80340000
-27,51887829;-5,80340000
-27,50863829;-5,62395100
-27,49839829;-5,80340000
-27,48815829;-5,80340000
-27,47791829;-5,80340000
-27,46767829;-5,80340000
-27,45743829;-5,80340000
-27,44719829;-5,80340000
-27,43695829;-5,62395100
-27,42671829;-5,80340000
-27,41647829;-5,80340000
-27,40623829;-5,80340000
-27,39599829;-5,80340000
-27,38575829;-5,80340000
-27,37551829;-5,62395100
-27,36527829;-5,80340000
-27,35503829;-5,80340000
-27,34479829;-5,80340000
-27,33455829;-5,80340000
-27,32431829;-5,80340000
-27,31407829;-5,80340000
-27,30383829;-5,80340000
-27,29359829;-5,80340000
-27,28335829;-5,80340000
-27,27311829;-5,80340000
-27,26287829;-5,62395100
-27,25263829;-5,80340000
-27,24239829;-5,80340000
-27,23215829;-5,80340000
-27,22191829;-5,80340000
-27,21167829;-5,62395100
-27,20143829;-5,80340000
-27,19119829;-5,62395100
-27,18095829;-5,80340000
-27,17071829;-5,62395100
-27,16047829;-5,80340000
-27,15023829;-5,62395100
-27,13999829;-5,80340000
-27,12975829;-5,80340000
-27,11951829;-5,62395100
-27,10927829;-5,62395100
-27,09903829;-5,80340000
-27,08879829;-5,80340000
-27,07855829;-5,80340000
-27,06831829;-5,80340000
-27,05807829;-5,80340000
-27,04783829;-5,80340000
-27,03759829;-5,80340000
-27,02735829;-5,80340000
-27,01711829;-5,80340000
-27,00687829;-5,80340000
-26,99663829;-5,80340000
-26,98639829;-5,80340000
-26,97615829;-5,62395100
-26,96591829;-5,80340000
-26,95567829;-5,62395100
-26,94543829;-5,62395100
-26,93519829;-5,80340000
-26,92495829;-5,62395100
-26,91471829;-5,80340000
-26,90447829;-5,80340000
-26,89423829;-5,80340000
-26,88399829;-5,80340000
-26,87375829;-5,62395100
-26,86351829;-5,62395100
-26,85327829;-5,80340000
-26,84303829;-5,80340000
-26,83279829;-5,80340000
-26,82255829;-5,62395100
-26,81231829;-5,80340000
-26,80207829;-5,80340000
-26,79183829;-5,62395100
-26,78159829;-5,80340000
-26,77135829;-5,62395100
-26,76111829;-5,62395100
-26,75087829;-5,80340000
-26,74063829;-5,62395100
-26,73039829;-5,80340000
-26,72015829;-5,80340000
-26,70991829;-5,80340000
-26,69967829;-5,80340000
-26,68943829;-5,62395100
-26,67919829;-5,80340000
-26,66895829;-5,62395100
-26,65871829;-5,80340000
-26,64847829;-5,62395100
-26,63823829;-5,62395100
-26,62799829;-5,80340000
-26,61775829;-5,62395100
-26,60751829;-5,80340000
-26,59727829;-5,80340000
-26,58703829;-5,80340000
-26,57679829;-5,80340000
-26,56655829;-5,44450200
-26,55631829;-5,62395100
-26,54607829;-5,62395100
-26,53583829;-5,80340000
-26,52559829;-5,62395100
-26,51535830;-5,62395100
-26,50511830;-5,62395100
-26,49487830;-5,62395100
-26,48463830;-5,80340000
-26,47439830;-5,62395100
-26,46415830;-5,80340000
-26,45391830;-5,62395100
-26,44367830;-5,62395100
-26,43343830;-5,80340000
-26,42319830;-5,62395100
-26,41295830;-5,62395100
-26,40271830;-5,44450200
-26,39247830;-5,62395100
-26,38223830;-5,62395100
-26,37199830;-5,62395100
-26,36175830;-5,62395100
-26,35151830;-5,44450200
-26,34127830;-5,80340000
-26,33103830;-5,80340000
-26,32079830;-5,44450200
-26,31055830;-5,62395100
-26,30031830;-5,62395100
-26,29007830;-5,62395100
-26,27983830;-5,62395100
-26,26959830;-5,62395100
-26,25935830;-5,80340000
-26,24911830;-5,62395100
-26,23887830;-5,62395100
-26,22863830;-5,62395100
-26,21839830;-5,44450200
-26,20815830;-5,80340000
-26,19791830;-5,62395100
-26,18767830;-5,62395100
-26,17743830;-5,62395100
-26,16719830;-5,62395100
-26,15695830;-5,62395100
-26,14671830;-5,62395100
-26,13647830;-5,62395100
-26,12623830;-5,62395100
-26,11599830;-5,62395100
-26,10575830;-5,62395100
-26,09551830;-5,62395100
-26,08527830;-5,62395100
-26,07503830;-5,62395100
-26,06479830;-5,62395100
-26,05455830;-5,62395100
-26,04431830;-5,62395100
-26,03407830;-5,62395100
-26,02383830;-5,62395100
-26,01359830;-5,62395100
-26,00335830;-5,44450200
-25,99311830;-5,44450200
-25,98287830;-5,62395100
-25,97263830;-5,44450200
-25,96239830;-5,62395100
-25,95215830;-5,62395100
-25,94191830;-5,44450200
-25,93167830;-5,62395100
-25,92143830;-5,62395100
-25,91119830;-5,44450200
-25,90095830;-5,62395100
-25,89071830;-5,62395100
-25,88047830;-5,44450200
-25,87023830;-5,44450200
-25,85999830;-5,62395100
-25,84975830;-5,44450200
-25,83951830;-5,62395100
-25,82927830;-5,44450200
-25,81903830;-5,62395100
-25,80879830;-5,62395100
-25,79855830;-5,44450200
-25,78831830;-5,44450200
-25,77807830;-5,62395100
-25,76783830;-5,62395100
-25,75759830;-5,62395100
-25,74735830;-5,44450200
-25,73711830;-5,62395100
-25,72687830;-5,62395100
-25,71663830;-5,62395100
-25,70639830;-5,44450200
-25,69615830;-5,62395100
-25,68591830;-5,62395100
-25,67567830;-5,62395100
-25,66543830;-5,44450200
-25,65519830;-5,44450200
-25,64495830;-5,44450200
-25,63471830;-5,62395100
-25,62447830;-5,62395100
-25,61423830;-5,62395100
-25,60399830;-5,62395100
-25,59375830;-5,62395100
-25,58351830;-5,44450200
-25,57327830;-5,44450200
-25,56303830;-5,44450200
-25,55279830;-5,62395100
-25,54255830;-5,44450200
-25,53231830;-5,62395100
-25,52207830;-5,44450200
-25,51183830;-5,62395100
-25,50159830;-5,44450200
-25,49135830;-5,62395100
-25,48111830;-5,62395100
-25,47087830;-5,44450200
-25,46063830;-5,44450200
-25,45039830;-5,44450200
-25,44015830;-5,44450200
-25,42991830;-5,62395100
-25,41967830;-5,62395100
-25,40943830;-5,44450200
-25,39919830;-5,44450200
-25,38895830;-5,44450200
-25,37871830;-5,44450200
-25,36847830;-5,44450200
-25,35823830;-5,62395100
-25,34799830;-5,44450200
-25,33775830;-5,44450200
-25,32751830;-5,62395100
-25,31727830;-5,44450200
-25,30703830;-5,44450200
-25,29679830;-5,44450200
-25,28655830;-5,44450200
-25,27631830;-5,44450200
-25,26607830;-5,44450200
-25,25583830;-5,44450200
-25,24559830;-5,44450200
-25,23535830;-5,62395100
-25,22511830;-5,44450200
-25,21487830;-5,44450200
-25,20463830;-5,62395100
-25,19439830;-5,44450200
-25,18415830;-5,44450200
-25,17391830;-5,44450200
-25,16367830;-5,44450200
-25,15343830;-5,44450200
-25,14319830;-5,44450200
-25,13295830;-5,44450200
-25,12271830;-5,62395100
-25,11247830;-5,62395100
-25,10223830;-5,44450200
-25,09199830;-5,44450200
-25,08175830;-5,44450200
-25,07151830;-5,44450200
-25,06127830;-5,44450200
-25,05103830;-5,44450200
-25,04079830;-5,44450200
-25,03055830;-5,44450200
-25,02031830;-5,62395100
-25,01007830;-5,44450200
-24,99983830;-5,44450200
-24,98959830;-5,44450200
-24,97935830;-5,44450200
-24,96911830;-5,62395100
-24,95887830;-5,44450200
-24,94863830;-5,44450200
-24,93839830;-5,44450200
-24,92815830;-5,44450200
-24,91791830;-5,62395100
-24,90767830;-5,44450200
-24,89743830;-5,44450200
-24,88719830;-5,44450200
-24,87695830;-5,44450200
-24,86671831;-5,44450200
-24,85647831;-5,44450200
-24,84623831;-5,44450200
-24,83599831;-5,62395100
-24,82575831;-5,44450200
-24,81551831;-5,44450200
-24,80527831;-5,44450200
-24,79503831;-5,44450200
-24,78479831;-5,44450200
-24,77455831;-5,44450200
-24,76431831;-5,44450200
-24,75407831;-5,62395100
-24,74383831;-5,44450200
-24,73359831;-5,44450200
-24,72335831;-5,44450200
-24,71311831;-5,44450200
-24,70287831;-5,44450200
-24,69263831;-5,62395100
-24,68239831;-5,44450200
-24,67215831;-5,44450200
-24,66191831;-5,44450200
-24,65167831;-5,44450200
-24,64143831;-5,44450200
-24,63119831;-5,44450200
-24,62095831;-5,44450200
-24,61071831;-5,44450200
-24,60047831;-5,44450200
-24,59023831;-5,44450200
-24,57999831;-5,44450200
-24,56975831;-5,44450200
-24,55951831;-5,44450200
-24,54927831;-5,44450200
-24,53903831;-5,44450200
-24,52879831;-5,44450200
-24,51855831;-5,44450200
-24,50831831;-5,44450200
-24,49807831;-5,44450200
-24,48783831;-5,44450200
-24,47759831;-5,44450200
-24,46735831;-5,44450200
-24,45711831;-5,44450200
-24,44687831;-5,44450200
-24,43663831;-5,44450200
-24,42639831;-5,44450200
-24,41615831;-5,44450200
-24,40591831;-5,44450200
-24,39567831;-5,44450200
-24,38543831;-5,44450200
-24,37519831;-5,44450200
-24,36495831;-5,44450200
-24,35471831;-5,44450200
-24,34447831;-5,44450200
-24,33423831;-5,44450200
-24,32399831;-5,44450200
-24,31375831;-5,44450200
-24,30351831;-5,44450200
-24,29327831;-5,44450200
-24,28303831;-5,44450200
-24,27279831;-5,44450200
-24,26255831;-5,44450200
-24,25231831;-5,44450200
-24,24207831;-5,44450200
-24,23183831;-5,44450200
-24,22159831;-5,44450200
-24,21135831;-5,44450200
-24,20111831;-5,44450200
-24,19087831;-5,44450200
-24,18063831;-5,44450200
-24,17039831;-5,44450200
-24,16015831;-5,44450200
-24,14991831;-5,44450200
-24,13967831;-5,44450200
-24,12943831;-5,44450200
-24,11919831;-5,44450200
-24,10895831;-5,44450200
-24,09871831;-5,44450200
-24,08847831;-5,44450200
-24,07823831;-5,44450200
-24,06799831;-5,44450200
-24,05775831;-5,44450200
-24,04751831;-5,44450200
-24,03727831;-5,44450200
-24,02703831;-5,44450200
-24,01679831;-5,44450200
-24,00655831;-5,44450200
-23,99631831;-5,44450200
-23,98607831;-5,44450200
-23,97583831;-5,44450200
-23,96559831;-5,44450200
-23,95535831;-5,44450200
-23,94511831;-5,44450200
-23,93487831;-5,44450200
-23,92463831;-5,44450200
-23,91439831;-5,44450200
-23,90415831;-5,44450200
-23,89391831;-5,44450200
-23,88367831;-5,44450200
-23,87343831;-5,44450200
-23,86319831;-5,44450200
-23,85295831;-5,44450200
-23,84271831;-5,44450200
-23,83247831;-5,44450200
-23,82223831;-5,44450200
-23,81199831;-5,44450200
-23,80175831;-5,44450200
-23,79151831;-5,44450200
-23,78127831;-5,44450200
-23,77103831;-5,44450200
-23,76079831;-5,44450200
-23,75055831;-5,44450200
-23,74031831;-5,44450200
-23,73007831;-5,44450200
-23,71983831;-5,44450200
-23,70959831;-5,44450200
-23,69935831;-5,44450200
-23,68911831;-5,44450200
-23,67887831;-5,44450200
-23,66863831;-5,44450200
-23,65839831;-5,44450200
-23,64815831;-5,44450200
-23,63791831;-5,44450200
-23,62767831;-5,44450200
-23,61743831;-5,44450200
-23,60719831;-5,44450200
-23,59695831;-5,44450200
-23,58671831;-5,44450200
-23,57647831;-5,44450200
-23,56623831;-5,44450200
-23,55599831;-5,44450200
-23,54575831;-5,44450200
-23,53551831;-5,44450200
-23,52527831;-5,44450200
-23,51503831;-5,44450200
-23,50479831;-5,44450200
-23,49455831;-5,44450200
-23,48431831;-5,44450200
-23,47407831;-5,44450200
-23,46383831;-5,44450200
-23,45359831;-5,44450200
-23,44335831;-5,44450200
-23,43311831;-5,44450200
-23,42287831;-5,44450200
-23,41263831;-5,44450200
-23,40239831;-5,44450200
-23,39215831;-5,44450200
-23,38191831;-5,44450200
-23,37167831;-5,44450200
-23,36143831;-5,44450200
-23,35119831;-5,44450200
-23,34095831;-5,44450200
-23,33071831;-5,44450200
-23,32047831;-5,44450200
-23,31023831;-5,44450200
-23,29999831;-5,44450200
-23,28975831;-5,44450200
-23,27951831;-5,44450200
-23,26927831;-5,44450200
-23,25903831;-5,44450200
-23,24879831;-5,44450200
-23,23855831;-5,44450200
-23,22831831;-5,44450200
-23,21807832;-5,44450200
-23,20783832;-5,44450200
-23,19759832;-5,44450200
-23,18735832;-5,44450200
-23,17711832;-5,44450200
-23,16687832;-5,44450200
-23,15663832;-5,44450200
-23,14639832;-5,44450200
-23,13615832;-5,44450200
-23,12591832;-5,44450200
-23,11567832;-5,44450200
-23,10543832;-5,44450200
-23,09519832;-5,44450200
-23,08495832;-5,44450200
-23,07471832;-5,44450200
-23,06447832;-5,44450200
-23,05423832;-5,44450200
-23,04399832;-5,44450200
-23,03375832;-5,44450200
-23,02351832;-5,44450200
-23,01327832;-5,44450200
-23,00303832;-5,44450200
-22,99279832;-5,44450200
-22,98255832;-5,44450200
-22,97231832;-5,44450200
-22,96207832;-5,44450200
-22,95183832;-5,44450200
-22,94159832;-5,44450200
-22,93135832;-5,44450200
-22,92111832;-5,44450200
-22,91087832;-5,44450200
-22,90063832;-5,44450200
-22,89039832;-5,44450200
-22,88015832;-5,44450200
-22,86991832;-5,44450200
-22,85967832;-5,44450200
-22,84943832;-5,44450200
-22,83919832;-5,44450200
-22,82895832;-5,44450200
-22,81871832;-5,44450200
-22,80847832;-5,44450200
-22,79823832;-5,44450200
-22,78799832;-5,44450200
-22,77775832;-5,44450200
-22,76751832;-5,44450200
-22,75727832;-5,44450200
-22,74703832;-5,44450200
-22,73679832;-5,44450200
-22,72655832;-5,44450200
-22,71631832;-5,44450200
-22,70607832;-5,44450200
-22,69583832;-5,44450200
-22,68559832;-5,44450200
-22,67535832;-5,44450200
-22,66511832;-5,44450200
-22,65487832;-5,44450200
-22,64463832;-5,44450200
-22,63439832;-5,44450200
-22,62415832;-5,44450200
-22,61391832;-5,44450200
-22,60367832;-5,44450200
-22,59343832;-5,44450200
-22,58319832;-5,44450200
-22,57295832;-5,44450200
-22,56271832;-5,44450200
-22,55247832;-5,44450200
-22,54223832;-5,44450200
-22,53199832;-5,44450200
-22,52175832;-5,44450200
-22,51151832;-5,44450200
-22,50127832;-5,44450200
-22,49103832;-5,44450200
-22,48079832;-5,44450200
-22,47055832;-5,44450200
-22,46031832;-5,44450200
-22,45007832;-5,44450200
-22,43983832;-5,44450200
-22,42959832;-5,44450200
-22,41935832;-5,44450200
-22,40911832;-5,44450200
-22,39887832;-5,44450200
-22,38863832;-5,44450200
-22,37839832;-5,44450200
-22,36815832;-5,44450200
-22,35791832;-5,44450200
-22,34767832;-5,44450200
-22,33743832;-5,44450200
-22,32719832;-5,44450200
-22,31695832;-5,44450200
-22,30671832;-5,44450200
-22,29647832;-5,26444300
-22,28623832;-5,44450200
-22,27599832;-5,44450200
-22,26575832;-5,44450200
-22,25551832;-5,44450200
-22,24527832;-5,44450200
-22,23503832;-5,44450200
-22,22479832;-5,44450200
-22,21455832;-5,44450200
-22,20431832;-5,44450200
-22,19407832;-5,44450200
-22,18383832;-5,44450200
-22,17359832;-5,44450200
-22,16335832;-5,44450200
-22,15311832;-5,44450200
-22,14287832;-5,44450200
-22,13263832;-5,44450200
-22,12239832;-5,26444300
-22,11215832;-5,44450200
-22,10191832;-5,44450200
-22,09167832;-5,44450200
-22,08143832;-5,44450200
-22,07119832;-5,44450200
-22,06095832;-5,44450200
-22,05071832;-5,44450200
-22,04047832;-5,44450200
-22,03023832;-5,44450200
-22,01999832;-5,44450200
-22,00975832;-5,44450200
-21,99951832;-5,44450200
-21,98927832;-5,44450200
-21,97903832;-5,44450200
-21,96879832;-5,44450200
-21,95855832;-5,44450200
-21,94831832;-5,44450200
-21,93807832;-5,44450200
-21,92783832;-5,44450200
-21,91759832;-5,44450200
-21,90735832;-5,44450200
-21,89711832;-5,44450200
-21,88687832;-5,44450200
-21,87663832;-5,44450200
-21,86639832;-5,44450200
-21,85615832;-5,44450200
-21,84591832;-5,44450200
-21,83567832;-5,44450200
-21,82543832;-5,26444300
-21,81519832;-5,44450200
-21,80495832;-5,44450200
-21,79471832;-5,44450200
-21,78447832;-5,44450200
-21,77423832;-5,44450200
-21,76399832;-5,44450200
-21,75375832;-5,44450200
-21,74351832;-5,44450200
-21,73327832;-5,26444300
-21,72303832;-5,44450200
-21,71279832;-5,44450200
-21,70255832;-5,44450200
-21,69231832;-5,26444300
-21,68207832;-5,44450200
-21,67183832;-5,44450200
-21,66159832;-5,44450200
-21,65135832;-5,44450200
-21,64111832;-5,44450200
-21,63087832;-5,44450200
-21,62063832;-5,44450200
-21,61039832;-5,44450200
-21,60015832;-5,44450200
-21,58991832;-5,44450200
-21,57967832;-5,44450200
-21,56943833;-5,26444300
-21,55919833;-5,44450200
-21,54895833;-5,44450200
-21,53871833;-5,44450200
-21,52847833;-5,44450200
-21,51823833;-5,26444300
-21,50799833;-5,44450200
-21,49775833;-5,44450200
-21,48751833;-5,44450200
-21,47727833;-5,26444300
-21,46703833;-5,44450200
-21,45679833;-5,44450200
-21,44655833;-5,44450200
-21,43631833;-5,44450200
-21,42607833;-5,44450200
-21,41583833;-5,44450200
-21,40559833;-5,44450200
-21,39535833;-5,44450200
-21,38511833;-5,44450200
-21,37487833;-5,44450200
-21,36463833;-5,26444300
-21,35439833;-5,44450200
-21,34415833;-5,44450200
-21,33391833;-5,44450200
-21,32367833;-5,44450200
-21,31343833;-5,44450200
-21,30319833;-5,44450200
-21,29295833;-5,44450200
-21,28271833;-5,44450200
-21,27247833;-5,44450200
-21,26223833;-5,26444300
-21,25199833;-5,26444300
-21,24175833;-5,44450200
-21,23151833;-5,44450200
-21,22127833;-5,44450200
-21,21103833;-5,26444300
-21,20079833;-5,26444300
-21,19055833;-5,44450200
-21,18031833;-5,44450200
-21,17007833;-5,26444300
-21,15983833;-5,44450200
-21,14959833;-5,44450200
-21,13935833;-5,44450200
-21,12911833;-5,44450200
-21,11887833;-5,44450200
-21,10863833;-5,44450200
-21,09839833;-5,26444300
-21,08815833;-5,44450200
-21,07791833;-5,44450200
-21,06767833;-5,26444300
-21,05743833;-5,26444300
-21,04719833;-5,44450200
-21,03695833;-5,44450200
-21,02671833;-5,44450200
-21,01647833;-5,44450200
-21,00623833;-5,26444300
-20,99599833;-5,44450200
-20,98575833;-5,44450200
-20,97551833;-5,26444300
-20,96527833;-5,26444300
-20,95503833;-5,08499400
-20,94479833;-5,08499400
-20,93455833;-5,08499400
-20,92431833;-5,08499400
-20,91407833;-4,90554500
-20,90383833;-4,90554500
-20,89359833;-4,90554500
-20,88335833;-4,72609600
-20,87311833;-4,72609600
-20,86287833;-4,72609600
-20,85263833;-4,72609600
-20,84239833;-4,72609600
-20,83215833;-4,54664800
-20,82191833;-4,36658800
-20,81167833;-4,36658800
-20,80143833;-4,36658800
-20,79119833;-4,36658800
-20,78095833;-4,36658800
-20,77071833;-4,36658800
-20,76047833;-4,36658800
-20,75023833;-4,18714000
-20,73999833;-4,00769000
-20,72975833;-4,00769000
-20,71951833;-4,00769000
-20,70927833;-3,82824200
-20,69903833;-4,00769000
-20,68879833;-3,82824200
-20,67855833;-3,82824200
-20,66831833;-3,64879300
-20,65807833;-3,64879300
-20,64783833;-3,64879300
-20,63759833;-3,64879300
-20,62735833;-3,46873400
-20,61711833;-3,46873400
-20,60687833;-3,28928500
-20,59663833;-3,28928500
-20,58639833;-3,28928500
-20,57615833;-3,28928500
-20,56591833;-3,28928500
-20,55567833;-3,28928500
-20,54543833;-3,10983600
-20,53519833;-3,10983600
-20,52495833;-2,93038700
-20,51471833;-2,93038700
-20,50447833;-2,93038700
-20,49423833;-2,93038700
-20,48399833;-2,93038700
-20,47375833;-2,93038700
-20,46351833;-2,93038700
-20,45327833;-2,75093800
-20,44303833;-2,57087900
-20,43279833;-2,57087900
-20,42255833;-2,57087900
-20,41231833;-2,39143000
-20,40207833;-2,39143000
-20,39183833;-2,39143000
-20,38159833;-2,39143000
-20,37135833;-2,21198200
-20,36111833;-2,21198200
-20,35087833;-2,21198200
-20,34063833;-2,21198200
-20,33039833;-2,03253300
-20,32015833;-1,85308400
-20,30991833;-1,85308400
-20,29967833;-1,85308400
-20,28943833;-1,85308400
-20,27919833;-1,85308400
-20,26895833;-1,85308400
-20,25871833;-1,67302500
-20,24847833;-1,49357600
-20,23823833;-1,49357600
-20,22799833;-1,49357600
-20,21775833;-1,31412700
-20,20751833;-1,31412700
-20,19727833;-1,13467800
-20,18703833;-1,13467800
-20,17679833;-1,13467800
-20,16655833;-1,13467800
-20,15631833;-1,13467800
-20,14607833;-0,95522930
-20,13583833;-0,95522930
-20,12559833;-0,77517010
-20,11535833;-0,77517010
-20,10511833;-0,77517010
-20,09487833;-0,77517010
-20,08463833;-0,77517010
-20,07439833;-0,77517010
-20,06415833;-0,77517010
-20,05391833;-0,59572130
-20,04367833;-0,41627250
-20,03343833;-0,41627250
-20,02319833;-0,41627250
-20,01295833;-0,23682360
-20,00271833;-0,23682360
-19,99247833;-0,05737480
-19,98223833;-0,05737480
-19,97199833;-0,05737480
-19,96175833;-0,05737480
-19,95151833;-0,05737480
-19,94127833;0,12207400
-19,93103834;0,30152290
-19,92079834;0,30152290
-19,91055834;0,30152290
-19,90031834;0,30152290
-19,89007834;0,30152290
-19,87983834;0,30152290
-19,86959834;0,48097170
-19,85935834;0,48097170
-19,84911834;0,66042050
-19,83887834;0,66042050
-19,82863834;0,66042050
-19,81839834;0,66042050
-19,80815834;0,66042050
-19,79791834;0,66042050
-19,78767834;0,84047970
-19,77743834;1,01992900
-19,76719834;1,01992900
-19,75695834;1,01992900
-19,74671834;1,01992900
-19,73647834;1,19937700
-19,72623834;1,19937700
-19,71599834;1,19937700
-19,70575834;1,37882600
-19,69551834;1,37882600
-19,68527834;1,37882600
-19,67503834;1,37882600
-19,66479834;1,37882600
-19,65455834;1,37882600
-19,64431834;1,37882600
-19,63407834;1,55827500
-19,62383834;1,73833400
-19,61359834;1,73833400
-19,60335834;1,73833400
-19,59311834;1,73833400
-19,58287834;1,73833400
-19,57263834;1,73833400
-19,56239834;1,91778300
-19,55215834;2,09723200
-19,54191834;2,09723200
-19,53167834;2,09723200
-19,52143834;2,09723200
-19,51119834;2,27668100
-19,50095834;2,27668100
-19,49071834;2,45613000
-19,48047834;2,45613000
-19,47023834;2,45613000
-19,45999834;2,45613000
-19,44975834;2,81563800
-19,43951834;2,81563800
-19,42927834;2,81563800
-19,41903834;2,81563800
-19,40879834;2,81563800
-19,39855834;2,81563800
-19,38831834;2,99508600
-19,37807834;2,99508600
-19,36783834;3,17453500
-19,35759834;2,99508600
-19,34735834;3,17453500
-19,33711834;3,17453500
-19,32687834;3,35398400
-19,31663834;3,35398400
-19,30639834;3,35398400
-19,29615834;3,53404300
-19,28591834;3,53404300
-19,27567834;3,53404300
-19,26543834;3,53404300
-19,25519834;3,53404300
-19,24495834;3,53404300
-19,23471834;3,53404300
-19,22447834;3,53404300
-19,21423834;3,71349200
-19,20399834;3,71349200
-19,19375834;3,71349200
-19,18351834;3,89294100
-19,17327834;3,89294100
-19,16303834;3,89294100
-19,15279834;3,89294100
-19,14255834;3,89294100
-19,13231834;4,07239000
-19,12207834;4,07239000
-19,11183834;4,07239000
-19,10159834;4,25183900
-19,09135834;4,25183900
-19,08111834;4,25183900
-19,07087834;4,25183900
-19,06063834;4,25183900
-19,05039834;4,43189800
-19,04015834;4,61134700
-19,02991834;4,61134700
-19,01967834;4,61134700
-19,00943834;4,61134700
-18,99919834;4,61134700
-18,98895834;4,61134700
-18,97871834;4,79079600
-18,96847834;4,79079600
-18,95823834;4,97024400
-18,94799834;4,97024400
-18,93775834;4,97024400
-18,92751834;4,97024400
-18,91727834;4,97024400
-18,90703834;5,14969300
-18,89679834;5,14969300
-18,88655834;5,14969300
-18,87631834;5,32975200
-18,86607834;5,32975200
-18,85583834;5,32975200
-18,84559834;5,32975200
-18,83535834;5,32975200
-18,82511834;5,50920200
-18,81487834;5,50920200
-18,80463834;5,50920200
-18,79439834;5,50920200
-18,78415834;5,68865000
-18,77391834;5,68865000
-18,76367834;5,68865000
-18,75343834;5,68865000
-18,74319834;5,68865000
-18,73295834;5,68865000
-18,72271834;5,68865000
-18,71247834;6,04754800
-18,70223834;6,04754800
-18,69199834;6,04754800
-18,68175834;6,04754800
-18,67151834;6,04754800
-18,66127834;6,04754800
-18,65103834;6,22760700
-18,64079834;6,40705600
-18,63055834;6,40705600
-18,62031834;6,40705600
-18,61007834;6,40705600
-18,59983834;6,40705600
-18,58959834;6,40705600
-18,57935834;6,58650500
-18,56911834;6,58650500
-18,55887834;6,76595400
-18,54863834;6,76595400
-18,53839834;6,94540200
-18,52815834;6,94540200
-18,51791834;6,94540200
-18,50767834;7,12546200
-18,49743834;7,12546200
-18,48719834;7,12546200
-18,47695834;7,12546200
-18,46671834;7,12546200
-18,45647834;7,12546200
-18,44623834;7,30491100
-18,43599834;7,48435900
-18,42575834;7,48435900
-18,41551834;7,48435900
-18,40527834;7,48435900
-18,39503834;7,66380800
-18,38479834;7,66380800
-18,37455834;7,66380800
-18,36431834;7,84325700
-18,35407834;7,84325700
-18,34383834;7,84325700
-18,33359834;7,84325700
-18,32335834;7,84325700
-18,31311834;8,02331600
-18,30287834;8,02331600
-18,29263834;8,20276500
-18,28239835;8,20276500
-18,27215835;8,20276500
-18,26191835;8,20276500
-18,25167835;8,20276500
-18,24143835;8,38221400
-18,23119835;8,38221400
-18,22095835;8,56166300
-18,21071835;8,56166300
-18,20047835;8,56166300
-18,19023835;8,56166300
-18,17999835;8,56166300
-18,16975835;8,56166300
-18,15951835;8,56166300
-18,14927835;8,74111200
-18,13903835;8,92117000
-18,12879835;8,92117000
-18,11855835;8,92117000
-18,10831835;8,92117000
-18,09807835;8,92117000
-18,08783835;8,92117000
-18,07759835;8,92117000
-18,06735835;9,10061900
-18,05711835;9,10061900
-18,04687835;9,10061900
-18,03663835;9,28006800
-18,02639835;9,28006800
-18,01615835;9,28006800
-18,00591835;9,28006800
-17,99567835;9,28006800
-17,98543835;9,28006800
-17,97519835;9,28006800
-17,96495835;9,45951700
-17,95471835;9,45951700
-17,94447835;9,63896600
-17,93423835;9,45951700
-17,92399835;9,45951700
-17,91375835;9,63896600
-17,90351835;9,63896600
-17,89327835;9,63896600
-17,88303835;9,63896600
-17,87279835;9,63896600
-17,86255835;9,63896600
-17,85231835;9,81902500
-17,84207835;9,81902500
-17,83183835;9,81902500
-17,82159835;9,81902500
-17,81135835;9,99847400
-17,80111835;9,99847400
-17,79087835;9,99847400
-17,78063835;9,99847400
-17,77039835;9,99847400
-17,76015835;9,99847400
-17,74991835;9,99847400
-17,73967835;9,99847400
-17,72943835;9,99847400
-17,71919835;9,99847400
-17,70895835;9,99847400
-17,69871835;9,99847400
-17,68847835;10,17792000
-17,67823835;10,17792000
-17,66799835;10,17792000
-17,65775835;10,17792000
-17,64751835;10,35737000
-17,63727835;10,35737000
-17,62703835;10,35737000
-17,61679835;10,35737000
-17,60655835;10,35737000
-17,59631835;10,35737000
-17,58607835;10,35737000
-17,57583835;10,35737000
-17,56559835;10,53682000
-17,55535835;10,35737000
-17,54511835;10,53682000
-17,53487835;10,71688000
-17,52463835;10,71688000
-17,51439835;10,71688000
-17,50415835;10,71688000
-17,49391835;10,71688000
-17,48367835;10,71688000
-17,47343835;10,71688000
-17,46319835;10,71688000
-17,45295835;10,71688000
-17,44271835;10,71688000
-17,43247835;10,71688000
-17,42223835;10,89633000
-17,41199835;10,89633000
-17,40175835;10,89633000
-17,39151835;10,89633000
-17,38127835;10,89633000
-17,37103835;11,07578000
-17,36079835;11,07578000
-17,35055835;11,07578000
-17,34031835;11,07578000
-17,33007835;11,07578000
-17,31983835;11,25523000
-17,30959835;11,25523000
-17,29935835;11,25523000
-17,28911835;11,25523000
-17,27887835;11,25523000
-17,26863835;11,25523000
-17,25839835;11,25523000
-17,24815835;11,43529000
-17,23791835;11,43529000
-17,22767835;11,43529000
-17,21743835;11,43529000
-17,20719835;11,43529000
-17,19695835;11,43529000
-17,18671835;11,43529000
-17,17647835;11,43529000
-17,16623835;11,43529000
-17,15599835;11,61473000
-17,14575835;11,43529000
-17,13551835;11,61473000
-17,12527835;11,79418000
-17,11503835;11,79418000
-17,10479835;11,79418000
-17,09455835;11,79418000
-17,08431835;11,79418000
-17,07407835;11,79418000
-17,06383835;11,79418000
-17,05359835;11,79418000
-17,04335835;11,79418000
-17,03311835;11,79418000
-17,02287835;11,79418000
-17,01263835;11,79418000
-17,00239835;11,79418000
-16,99215835;11,79418000
-16,98191835;11,79418000
-16,97167835;11,79418000
-16,96143835;11,79418000
-16,95119835;11,79418000
-16,94095835;11,79418000
-16,93071835;11,97363000
-16,92047835;11,97363000
-16,91023835;11,97363000
-16,89999835;11,97363000
-16,88975835;11,97363000
-16,87951835;11,97363000
-16,86927835;11,97363000
-16,85903835;12,15308000
-16,84879835;11,97363000
-16,83855835;11,97363000
-16,82831835;12,15308000
-16,81807835;12,15308000
-16,80783835;12,15308000
-16,79759835;12,15308000
-16,78735835;12,15308000
-16,77711835;12,15308000
-16,76687835;12,15308000
-16,75663835;12,15308000
-16,74639835;12,15308000
-16,73615835;12,15308000
-16,72591835;12,15308000
-16,71567835;12,15308000
-16,70543835;12,15308000
-16,69519835;12,15308000
-16,68495835;12,15308000
-16,67471835;12,15308000
-16,66447835;12,15308000
-16,65423835;12,15308000
-16,64399835;12,15308000
-16,63375836;12,15308000
-16,62351836;12,15308000
-16,61327836;12,15308000
-16,60303836;12,15308000
-16,59279836;12,15308000
-16,58255836;12,15308000
-16,57231836;12,15308000
-16,56207836;12,15308000
-16,55183836;12,15308000
-16,54159836;12,15308000
-16,53135836;12,15308000
-16,52111836;12,15308000
-16,51087836;12,15308000
-16,50063836;12,15308000
-16,49039836;12,15308000
-16,48015836;12,15308000
-16,46991836;12,15308000
-16,45967836;12,15308000
-16,44943836;12,15308000
-16,43919836;12,15308000
-16,42895836;12,15308000
-16,41871836;12,15308000
-16,40847836;12,15308000
-16,39823836;12,15308000
-16,38799836;12,15308000
-16,37775836;12,15308000
-16,36751836;12,15308000
-16,35727836;12,15308000
-16,34703836;12,15308000
-16,33679836;12,15308000
-16,32655836;12,15308000
-16,31631836;12,15308000
-16,30607836;12,33314000
-16,29583836;12,15308000
-16,28559836;12,15308000
-16,27535836;12,15308000
-16,26511836;12,15308000
-16,25487836;12,15308000
-16,24463836;12,15308000
-16,23439836;12,33314000
-16,22415836;12,15308000
-16,21391836;12,33314000
-16,20367836;12,15308000
-16,19343836;12,33314000
-16,18319836;12,33314000
-16,17295836;12,15308000
-16,16271836;12,15308000
-16,15247836;12,33314000
-16,14223836;12,33314000
-16,13199836;12,33314000
-16,12175836;12,33314000
-16,11151836;12,15308000
-16,10127836;12,51259000
-16,09103836;12,15308000
-16,08079836;12,33314000
-16,07055836;12,33314000
-16,06031836;12,33314000
-16,05007836;12,33314000
-16,03983836;12,15308000
-16,02959836;12,33314000
-16,01935836;12,33314000
-16,00911836;12,33314000
-15,99887836;12,33314000
-15,98863836;12,15308000
-15,97839836;12,15308000
-15,96815836;12,15308000
-15,95791836;12,15308000
-15,94767836;12,15308000
-15,93743836;12,15308000
-15,92719836;12,15308000
-15,91695836;12,15308000
-15,90671836;12,33314000
-15,89647836;12,15308000
-15,88623836;12,15308000
-15,87599836;12,15308000
-15,86575836;12,15308000
-15,85551836;12,15308000
-15,84527836;12,15308000
-15,83503836;12,15308000
-15,82479836;12,33314000
-15,81455836;12,15308000
-15,80431836;12,15308000
-15,79407836;12,15308000
-15,78383836;12,33314000
-15,77359836;12,15308000
-15,76335836;12,15308000
-15,75311836;12,15308000
-15,74287836;12,33314000
-15,73263836;12,33314000
-15,72239836;12,33314000
-15,71215836;12,15308000
-15,70191836;12,15308000
-15,69167836;12,33314000
-15,68143836;12,33314000
-15,67119836;12,15308000
-15,66095836;12,15308000
-15,65071836;12,33314000
-15,64047836;12,33314000
-15,63023836;12,33314000
-15,61999836;12,15308000
-15,60975836;12,15308000
-15,59951836;12,33314000
-15,58927836;12,33314000
-15,57903836;12,15308000
-15,56879836;12,15308000
-15,55855836;12,15308000
-15,54831836;12,15308000
-15,53807836;12,33314000
-15,52783836;12,15308000
-15,51759836;12,15308000
-15,50735836;12,15308000
-15,49711836;12,15308000
-15,48687836;12,15308000
-15,47663836;12,15308000
-15,46639836;12,15308000
-15,45615836;12,15308000
-15,44591836;12,15308000
-15,43567836;12,15308000
-15,42543836;12,15308000
-15,41519836;12,15308000
-15,40495836;12,15308000
-15,39471836;12,15308000
-15,38447836;12,15308000
-15,37423836;12,15308000
-15,36399836;11,97363000
-15,35375836;12,15308000
-15,34351836;12,15308000
-15,33327836;12,15308000
-15,32303836;12,15308000
-15,31279836;11,97363000
-15,30255836;12,15308000
-15,29231836;11,97363000
-15,28207836;11,97363000
-15,27183836;11,79418000
-15,26159836;11,97363000
-15,25135836;11,97363000
-15,24111836;11,97363000
-15,23087836;11,97363000
-15,22063836;11,79418000
-15,21039836;11,79418000
-15,20015836;11,79418000
-15,18991836;11,79418000
-15,17967836;11,79418000
-15,16943836;11,79418000
-15,15919836;11,79418000
-15,14895836;11,79418000
-15,13871836;11,79418000
-15,12847836;11,79418000
-15,11823836;11,79418000
-15,10799836;11,61473000
-15,09775836;11,61473000
-15,08751836;11,79418000
-15,07727836;11,43529000
-15,06703836;11,61473000
-15,05679836;11,79418000
-15,04655836;11,79418000
-15,03631836;11,79418000
-15,02607836;11,61473000
-15,01583836;11,61473000
-15,00559836;11,43529000
-14,99535837;11,43529000
-14,98511837;11,43529000
-14,97487837;11,43529000
-14,96463837;11,43529000
-14,95439837;11,43529000
-14,94415837;11,79418000
-14,93391837;11,79418000
-14,92367837;11,79418000
-14,91343837;11,43529000
-14,90319837;11,43529000
-14,89295837;11,43529000
-14,88271837;11,43529000
-14,87247837;11,43529000
-14,86223837;11,43529000
-14,85199837;11,61473000
-14,84175837;11,61473000
-14,83151837;11,61473000
-14,82127837;11,43529000
-14,81103837;11,43529000
-14,80079837;11,43529000
-14,79055837;11,43529000
-14,78031837;11,43529000
-14,77007837;11,43529000
-14,75983837;11,43529000
-14,74959837;11,43529000
-14,73935837;11,43529000
-14,72911837;11,43529000
-14,71887837;11,43529000
-14,70863837;11,43529000
-14,69839837;11,25523000
-14,68815837;11,25523000
-14,67791837;11,25523000
-14,66767837;11,25523000
-14,65743837;11,25523000
-14,64719837;11,43529000
-14,63695837;11,43529000
-14,62671837;11,25523000
-14,61647837;11,25523000
-14,60623837;11,07578000
-14,59599837;11,07578000
-14,58575837;11,07578000
-14,57551837;11,07578000
-14,56527837;11,07578000
-14,55503837;11,07578000
-14,54479837;11,07578000
-14,53455837;11,07578000
-14,52431837;11,07578000
-14,51407837;10,89633000
-14,50383837;10,71688000
-14,49359837;10,71688000
-14,48335837;10,71688000
-14,47311837;10,71688000
-14,46287837;10,71688000
-14,45263837;10,71688000
-14,44239837;10,71688000
-14,43215837;10,89633000
-14,42191837;10,71688000
-14,41167837;10,71688000
-14,40143837;10,53682000
-14,39119837;10,53682000
-14,38095837;10,35737000
-14,37071837;10,53682000
-14,36047837;10,35737000
-14,35023837;10,53682000
-14,33999837;10,53682000
-14,32975837;10,53682000
-14,31951837;10,35737000
-14,30927837;10,35737000
-14,29903837;10,17792000
-14,28879837;9,99847400
-14,27855837;9,99847400
-14,26831837;9,99847400
-14,25807837;9,99847400
-14,24783837;10,35737000
-14,23759837;10,35737000
-14,22735837;10,17792000
-14,21711837;9,99847400
-14,20687837;9,99847400
-14,19663837;9,81902500
-14,18639837;9,81902500
-14,17615837;9,81902500
-14,16591837;9,81902500
-14,15567837;9,81902500
-14,14543837;9,99847400
-14,13519837;9,81902500
-14,12495837;9,81902500
-14,11471837;9,63896600
-14,10447837;9,63896600
-14,09423837;9,45951700
-14,08399837;9,45951700
-14,07375837;9,45951700
-14,06351837;9,45951700
-14,05327837;9,63896600
-14,04303837;9,63896600
-14,03279837;9,63896600
-14,02255837;9,45951700
-14,01231837;9,28006800
-14,00207837;9,28006800
-13,99183837;9,10061900
-13,98159837;9,28006800
-13,97135837;9,28006800
-13,96111837;9,28006800
-13,95087837;9,28006800
-13,94063837;9,28006800
-13,93039837;9,28006800
-13,92015837;9,28006800
-13,90991837;8,92117000
-13,89967837;8,92117000
-13,88943837;8,74111200
-13,87919837;8,92117000
-13,86895837;8,92117000
-13,85871837;8,92117000
-13,84847837;8,92117000
-13,83823837;8,92117000
-13,82799837;8,92117000
-13,81775837;8,92117000
-13,80751837;8,56166300
-13,79727837;8,56166300
-13,78703837;8,56166300
-13,77679837;8,56166300
-13,76655837;8,56166300
-13,75631837;8,56166300
-13,74607837;8,56166300
-13,73583837;8,56166300
-13,72559837;8,56166300
-13,71535837;8,56166300
-13,70511837;8,20276500
-13,69487837;8,02331600
-13,68463837;8,02331600
-13,67439837;8,20276500
-13,66415837;8,20276500
-13,65391837;8,20276500
-13,64367837;8,20276500
-13,63343837;8,20276500
-13,62319837;8,02331600
-13,61295837;7,84325700
-13,60271837;7,84325700
-13,59247837;7,48435900
-13,58223837;7,48435900
-13,57199837;7,66380800
-13,56175837;7,48435900
-13,55151837;7,48435900
-13,54127837;7,66380800
-13,53103837;7,66380800
-13,52079837;7,48435900
-13,51055837;7,48435900
-13,50031837;7,12546200
-13,49007837;7,12546200
-13,47983837;7,12546200
-13,46959837;7,12546200
-13,45935837;7,12546200
-13,44911837;7,12546200
-13,43887837;7,12546200
-13,42863837;7,12546200
-13,41839837;7,12546200
-13,40815837;6,76595400
-13,39791837;6,76595400
-13,38767837;6,40705600
-13,37743837;6,58650500
-13,36719837;6,76595400
-13,35695837;6,58650500
-13,34671838;6,76595400
-13,33647838;6,76595400
-13,32623838;6,76595400
-13,31599838;6,40705600
-13,30575838;6,22760700
-13,29551838;6,04754800
-13,28527838;6,04754800
-13,27503838;6,04754800
-13,26479838;6,22760700
-13,25455838;6,22760700
-13,24431838;6,22760700
-13,23407838;6,22760700
-13,22383838;6,04754800
-13,21359838;6,04754800
-13,20335838;5,68865000
-13,19311838;5,50920200
-13,18287838;5,68865000
-13,17263838;5,68865000
-13,16239838;5,68865000
-13,15215838;5,68865000
-13,14191838;5,68865000
-13,13167838;5,68865000
-13,12143838;5,50920200
-13,11119838;5,32975200
-13,10095838;5,14969300
-13,09071838;4,97024400
-13,08047838;4,97024400
-13,07023838;4,97024400
-13,05999838;5,14969300
-13,04975838;5,14969300
-13,03951838;5,14969300
-13,02927838;4,97024400
-13,01903838;4,97024400
-13,00879838;4,61134700
-12,99855838;4,61134700
-12,98831838;4,25183900
-12,97807838;4,43189800
-12,96783838;4,61134700
-12,95759838;4,61134700
-12,94735838;4,61134700
-12,93711838;4,61134700
-12,92687838;4,43189800
-12,91663838;4,25183900
-12,90639838;4,25183900
-12,89615838;3,89294100
-12,88591838;3,89294100
-12,87567838;3,89294100
-12,86543838;3,89294100
-12,85519838;3,89294100
-12,84495838;3,89294100
-12,83471838;3,89294100
-12,82447838;3,89294100
-12,81423838;3,53404300
-12,80399838;3,53404300
-12,79375838;3,35398400
-12,78351838;3,17453500
-12,77327838;3,17453500
-12,76303838;3,35398400
-12,75279838;3,35398400
-12,74255838;3,35398400
-12,73231838;3,35398400
-12,72207838;3,17453500
-12,71183838;3,17453500
-12,70159838;2,81563800
-12,69135838;2,63618900
-12,68111838;2,81563800
-12,67087838;2,63618900
-12,66063838;2,81563800
-12,65039838;2,81563800
-12,64015838;2,81563800
-12,62991838;2,81563800
-12,61967838;2,63618900
-12,60943838;2,45613000
-12,59919838;2,27668100
-12,58895838;2,09723200
-12,57871838;2,09723200
-12,56847838;2,09723200
-12,55823838;2,09723200
-12,54799838;2,09723200
-12,53775838;2,09723200
-12,52751838;2,09723200
-12,51727838;1,91778300
-12,50703838;1,73833400
-12,49679838;1,37882600
-12,48655838;1,37882600
-12,47631838;1,37882600
-12,46607838;1,37882600
-12,45583838;1,37882600
-12,44559838;1,37882600
-12,43535838;1,37882600
-12,42511838;1,37882600
-12,41487838;1,19937700
-12,40463838;1,01992900
-12,39439838;0,66042050
-12,38415838;0,66042050
-12,37391838;0,66042050
-12,36367838;0,66042050
-12,35343838;0,66042050
-12,34319838;0,84047970
-12,33295838;0,84047970
-12,32271838;0,66042050
-12,31247838;0,66042050
-12,30223838;0,48097170
-12,29199838;0,30152290
-12,28175838;0,30152290
-12,27151838;0,30152290
-12,26127838;0,30152290
-12,25103838;0,30152290
-12,24079838;0,30152290
-12,23055838;0,30152290
-12,22031838;0,30152290
-12,21007838;0,12207400
-12,19983838;-0,05737480
-12,18959838;-0,23682360
-12,17935838;-0,23682360
-12,16911838;-0,05737480
-12,15887838;-0,05737480
-12,14863838;-0,05737480
-12,13839838;-0,23682360
-12,12815838;-0,23682360
-12,11791838;-0,41627250
-12,10767838;-0,41627250
-12,09743838;-0,77517010
-12,08719838;-0,77517010
-12,07695838;-0,77517010
-12,06671838;-0,77517010
-12,05647838;-0,77517010
-12,04623838;-0,77517010
-12,03599838;-0,77517010
-12,02575838;-0,95522930
-12,01551838;-1,13467800
-12,00527838;-1,13467800
-11,99503838;-1,49357600
-11,98479838;-1,49357600
-11,97455838;-1,49357600
-11,96431838;-1,49357600
-11,95407838;-1,49357600
-11,94383838;-1,49357600
-11,93359838;-1,49357600
-11,92335838;-1,67302500
-11,91311838;-1,85308400
-11,90287838;-1,85308400
-11,89263838;-2,21198200
-11,88239838;-2,21198200
-11,87215838;-2,21198200
-11,86191838;-2,21198200
-11,85167838;-2,21198200
-11,84143838;-2,21198200
-11,83119838;-2,21198200
-11,82095838;-2,39143000
-11,81071838;-2,57087900
-11,80047838;-2,57087900
-11,79023838;-2,75093800
-11,77999838;-2,75093800
-11,76975838;-2,57087900
-11,75951838;-2,75093800
-11,74927838;-2,75093800
-11,73903838;-2,93038700
-11,72879838;-2,93038700
-11,71855838;-2,93038700
-11,70831838;-2,93038700
-11,69807839;-3,10983600
-11,68783839;-3,28928500
-11,67759839;-3,28928500
-11,66735839;-3,28928500
-11,65711839;-3,28928500
-11,64687839;-3,28928500
-11,63663839;-3,28928500
-11,62639839;-3,28928500
-11,61615839;-3,46873400
-11,60591839;-3,46873400
-11,59567839;-3,64879300
-11,58543839;-3,64879300
-11,57519839;-3,64879300
-11,56495839;-3,64879300
-11,55471839;-3,64879300
-11,54447839;-3,64879300
-11,53423839;-3,64879300
-11,52399839;-3,82824200
-11,51375839;-3,82824200
-11,50351839;-4,00769000
-11,49327839;-4,00769000
-11,48303839;-4,18714000
-11,47279839;-4,18714000
-11,46255839;-4,18714000
-11,45231839;-4,18714000
-11,44207839;-4,36658800
-11,43183839;-4,36658800
-11,42159839;-4,36658800
-11,41135839;-4,36658800
-11,40111839;-4,54664800
-11,39087839;-4,72609600
-11,38063839;-4,72609600
-11,37039839;-4,72609600
-11,36015839;-4,72609600
-11,34991839;-4,72609600
-11,33967839;-4,72609600
-11,32943839;-4,90554500
-11,31919839;-4,90554500
-11,30895839;-5,08499400
-11,29871839;-5,08499400
-11,28847839;-5,08499400
-11,27823839;-5,26444300
-11,26799839;-5,26444300
-11,25775839;-5,26444300
-11,24751839;-5,26444300
-11,23727839;-5,44450200
-11,22703839;-5,44450200
-11,21679839;-5,44450200
-11,20655839;-5,44450200
-11,19631839;-5,62395100
-11,18607839;-5,62395100
-11,17583839;-5,80340000
-11,16559839;-5,80340000
-11,15535839;-5,80340000
-11,14511839;-5,80340000
-11,13487839;-5,80340000
-11,12463839;-5,80340000
-11,11439839;-5,80340000
-11,10415839;-5,80340000
-11,09391839;-5,98284900
-11,08367839;-5,98284900
-11,07343839;-5,98284900
-11,06319839;-5,80340000
-11,05295839;-5,80340000
-11,04271839;-5,98284900
-11,03247839;-5,80340000
-11,02223839;-5,98284900
-11,01199839;-5,80340000
-11,00175839;-5,80340000
-10,99151839;-5,80340000
-10,98127839;-5,80340000
-10,97103839;-5,80340000
-10,96079839;-5,80340000
-10,95055839;-5,80340000
-10,94031839;-5,80340000
-10,93007839;-5,80340000
-10,91983839;-5,80340000
-10,90959839;-5,80340000
-10,89935839;-5,80340000
-10,88911839;-5,80340000
-10,87887839;-5,80340000
-10,86863839;-5,80340000
-10,85839839;-5,80340000
-10,84815839;-5,80340000
-10,83791839;-5,80340000
-10,82767839;-5,80340000
-10,81743839;-5,80340000
-10,80719839;-5,80340000
-10,79695839;-5,80340000
-10,78671839;-5,80340000
-10,77647839;-5,80340000
-10,76623839;-5,80340000
-10,75599839;-5,80340000
-10,74575839;-5,80340000
-10,73551839;-5,80340000
-10,72527839;-5,98284900
-10,71503839;-5,80340000
-10,70479839;-5,80340000
-10,69455839;-5,80340000
-10,68431839;-5,80340000
-10,67407839;-5,80340000
-10,66383839;-5,80340000
-10,65359839;-5,80340000
-10,64335839;-5,80340000
-10,63311839;-5,80340000
-10,62287839;-5,80340000
-10,61263839;-5,80340000
-10,60239839;-5,80340000
-10,59215839;-5,80340000
-10,58191839;-5,80340000
-10,57167839;-5,80340000
-10,56143839;-5,80340000
-10,55119839;-5,80340000
-10,54095839;-5,80340000
-10,53071839;-5,80340000
-10,52047839;-5,80340000
-10,51023839;-5,80340000
-10,49999839;-5,80340000
-10,48975839;-5,80340000
-10,47951839;-5,80340000
-10,46927839;-5,80340000
-10,45903839;-5,80340000
-10,44879839;-5,80340000
-10,43855839;-5,80340000
-10,42831839;-5,80340000
-10,41807839;-5,80340000
-10,40783839;-5,80340000
-10,39759839;-5,80340000
-10,38735839;-5,80340000
-10,37711839;-5,80340000
-10,36687839;-5,80340000
-10,35663839;-5,80340000
-10,34639839;-5,80340000
-10,33615839;-5,80340000
-10,32591839;-5,80340000
-10,31567839;-5,80340000
-10,30543839;-5,80340000
-10,29519839;-5,80340000
-10,28495839;-5,80340000
-10,27471839;-5,80340000
-10,26447839;-5,80340000
-10,25423839;-5,80340000
-10,24399839;-5,80340000
-10,23375839;-5,80340000
-10,22351839;-5,80340000
-10,21327839;-5,80340000
-10,20303839;-5,80340000
-10,19279839;-5,80340000
-10,18255839;-5,80340000
-10,17231839;-5,80340000
-10,16207839;-5,80340000
-10,15183839;-5,80340000
-10,14159839;-5,80340000
-10,13135839;-5,80340000
-10,12111839;-5,80340000
-10,11087839;-5,80340000
-10,10063839;-5,80340000
-10,09039839;-5,80340000
-10,08015839;-5,80340000
-10,06991839;-5,80340000
-10,05967840;-5,80340000
-10,04943840;-5,80340000
-10,03919840;-5,80340000
-10,02895840;-5,80340000
-10,01871840;-5,80340000
-10,00847840;-5,80340000
-9,99823840;-5,80340000
-9,98799840;-5,80340000
-9,97775840;-5,80340000
-9,96751840;-5,80340000
-9,95727840;-5,80340000
-9,94703840;-5,80340000
-9,93679840;-5,80340000
-9,92655840;-5,80340000
-9,91631840;-5,80340000
-9,90607840;-5,80340000
-9,89583840;-5,80340000
-9,88559840;-5,80340000
-9,87535840;-5,80340000
-9,86511840;-5,80340000
-9,85487840;-5,80340000
-9,84463840;-5,80340000
-9,83439840;-5,80340000
-9,82415840;-5,80340000
-9,81391840;-5,80340000
-9,80367840;-5,80340000
-9,79343840;-5,80340000
-9,78319840;-5,80340000
-9,77295840;-5,80340000
-9,76271840;-5,80340000
-9,75247840;-5,80340000
-9,74223840;-5,80340000
-9,73199840;-5,80340000
-9,72175840;-5,80340000
-9,71151840;-5,80340000
-9,70127840;-5,80340000
-9,69103840;-5,80340000
-9,68079840;-5,80340000
-9,67055840;-5,80340000
-9,66031840;-5,80340000
-9,65007840;-5,80340000
-9,63983840;-5,80340000
-9,62959840;-5,80340000
-9,61935840;-5,80340000
-9,60911840;-5,80340000
-9,59887840;-5,80340000
-9,58863840;-5,80340000
-9,57839840;-5,80340000
-9,56815840;-5,80340000
-9,55791840;-5,80340000
-9,54767840;-5,80340000
-9,53743840;-5,80340000
-9,52719840;-5,80340000
-9,51695840;-5,80340000
-9,50671840;-5,80340000
-9,49647840;-5,80340000
-9,48623840;-5,80340000
-9,47599840;-5,80340000
-9,46575840;-5,80340000
-9,45551840;-5,80340000
-9,44527840;-5,80340000
-9,43503840;-5,80340000
-9,42479840;-5,80340000
-9,41455840;-5,80340000
-9,40431840;-5,80340000
-9,39407840;-5,80340000
-9,38383840;-5,80340000
-9,37359840;-5,80340000
-9,36335840;-5,80340000
-9,35311840;-5,80340000
-9,34287840;-5,80340000
-9,33263840;-5,80340000
-9,32239840;-5,80340000
-9,31215840;-5,80340000
-9,30191840;-5,80340000
-9,29167840;-5,80340000
-9,28143840;-5,80340000
-9,27119840;-5,80340000
-9,26095840;-5,80340000
-9,25071840;-5,80340000
-9,24047840;-5,80340000
-9,23023840;-5,80340000
-9,21999840;-5,80340000
-9,20975840;-5,80340000
-9,19951840;-5,80340000
-9,18927840;-5,80340000
-9,17903840;-5,80340000
-9,16879840;-5,80340000
-9,15855840;-5,80340000
-9,14831840;-5,80340000
-9,13807840;-5,80340000
-9,12783840;-5,80340000
-9,11759840;-5,80340000
-9,10735840;-5,80340000
-9,09711840;-5,80340000
-9,08687840;-5,80340000
-9,07663840;-5,80340000
-9,06639840;-5,80340000
-9,05615840;-5,80340000
-9,04591840;-5,80340000
-9,03567840;-5,80340000
-9,02543840;-5,80340000
-9,01519840;-5,80340000
-9,00495840;-5,80340000
-8,99471840;-5,80340000
-8,98447840;-5,80340000
-8,97423840;-5,80340000
-8,96399840;-5,80340000
-8,95375840;-5,80340000
-8,94351840;-5,80340000
-8,93327840;-5,80340000
-8,92303840;-5,80340000
-8,91279840;-5,80340000
-8,90255840;-5,80340000
-8,89231840;-5,80340000
-8,88207840;-5,80340000
-8,87183840;-5,80340000
-8,86159840;-5,80340000
-8,85135840;-5,80340000
-8,84111840;-5,80340000
-8,83087840;-5,80340000
-8,82063840;-5,80340000
-8,81039840;-5,80340000
-8,80015840;-5,80340000
-8,78991840;-5,80340000
-8,77967840;-5,80340000
-8,76943840;-5,80340000
-8,75919840;-5,80340000
-8,74895840;-5,80340000
-8,73871840;-5,80340000
-8,72847840;-5,80340000
-8,71823840;-5,80340000
-8,70799840;-5,80340000
-8,69775840;-5,80340000
-8,68751840;-5,80340000
-8,67727840;-5,80340000
-8,66703840;-5,80340000
-8,65679840;-5,80340000
-8,64655840;-5,80340000
-8,63631840;-5,80340000
-8,62607840;-5,80340000
-8,61583840;-5,80340000
-8,60559840;-5,80340000
-8,59535840;-5,80340000
-8,58511840;-5,80340000
-8,57487840;-5,80340000
-8,56463840;-5,80340000
-8,55439840;-5,80340000
-8,54415840;-5,80340000
-8,53391840;-5,80340000
-8,52367840;-5,80340000
-8,51343840;-5,80340000
-8,50319840;-5,80340000
-8,49295840;-5,80340000
-8,48271840;-5,80340000
-8,47247840;-5,80340000
-8,46223840;-5,80340000
-8,45199840;-5,80340000
-8,44175840;-5,80340000
-8,43151840;-5,80340000
-8,42127840;-5,80340000
-8,41103841;-5,80340000
-8,40079841;-5,80340000
-8,39055841;-5,80340000
-8,38031841;-5,80340000
-8,37007841;-5,80340000
-8,35983841;-5,80340000
-8,34959841;-5,80340000
-8,33935841;-5,80340000
-8,32911841;-5,80340000
-8,31887841;-5,80340000
-8,30863841;-5,80340000
-8,29839841;-5,80340000
-8,28815841;-5,80340000
-8,27791841;-5,80340000
-8,26767841;-5,80340000
-8,25743841;-5,80340000
-8,24719841;-5,80340000
-8,23695841;-5,80340000
-8,22671841;-5,80340000
-8,21647841;-5,80340000
-8,20623841;-5,80340000
-8,19599841;-5,80340000
-8,18575841;-5,80340000
-8,17551841;-5,80340000
-8,16527841;-5,80340000
-8,15503841;-5,80340000
-8,14479841;-5,80340000
-8,13455841;-5,80340000
-8,12431841;-5,80340000
-8,11407841;-5,80340000
-8,10383841;-5,80340000
-8,09359841;-5,80340000
-8,08335841;-5,80340000
-8,07311841;-5,80340000
-8,06287841;-5,80340000
-8,05263841;-5,80340000
-8,04239841;-5,80340000
-8,03215841;-5,80340000
-8,02191841;-5,80340000
-8,01167841;-5,80340000
-8,00143841;-5,80340000
-7,99119841;-5,80340000
-7,98095841;-5,80340000
-7,97071841;-5,80340000
-7,96047841;-5,80340000
-7,95023841;-5,80340000
-7,93999841;-5,80340000
-7,92975841;-5,80340000
-7,91951841;-5,80340000
-7,90927841;-5,80340000
-7,89903841;-5,80340000
-7,88879841;-5,80340000
-7,87855841;-5,80340000
-7,86831841;-5,80340000
-7,85807841;-5,80340000
-7,84783841;-5,80340000
-7,83759841;-5,80340000
-7,82735841;-5,80340000
-7,81711841;-5,80340000
-7,80687841;-5,80340000
-7,79663841;-5,80340000
-7,78639841;-5,80340000
-7,77615841;-5,80340000
-7,76591841;-5,80340000
-7,75567841;-5,80340000
-7,74543841;-5,80340000
-7,73519841;-5,80340000
-7,72495841;-5,80340000
-7,71471841;-5,80340000
-7,70447841;-5,80340000
-7,69423841;-5,80340000
-7,68399841;-5,80340000
-7,67375841;-5,62395100
-7,66351841;-5,80340000
-7,65327841;-5,80340000
-7,64303841;-5,80340000
-7,63279841;-5,80340000
-7,62255841;-5,80340000
-7,61231841;-5,80340000
-7,60207841;-5,80340000
-7,59183841;-5,80340000
-7,58159841;-5,80340000
-7,57135841;-5,80340000
-7,56111841;-5,62395100
-7,55087841;-5,80340000
-7,54063841;-5,80340000
-7,53039841;-5,80340000
-7,52015841;-5,80340000
-7,50991841;-5,80340000
-7,49967841;-5,80340000
-7,48943841;-5,80340000
-7,47919841;-5,80340000
-7,46895841;-5,80340000
-7,45871841;-5,80340000
-7,44847841;-5,80340000
-7,43823841;-5,80340000
-7,42799841;-5,80340000
-7,41775841;-5,80340000
-7,40751841;-5,80340000
-7,39727841;-5,80340000
-7,38703841;-5,80340000
-7,37679841;-5,80340000
-7,36655841;-5,80340000
-7,35631841;-5,62395100
-7,34607841;-5,80340000
-7,33583841;-5,80340000
-7,32559841;-5,80340000
-7,31535841;-5,80340000
-7,30511841;-5,80340000
-7,29487841;-5,80340000
-7,28463841;-5,80340000
-7,27439841;-5,80340000
-7,26415841;-5,80340000
-7,25391841;-5,80340000
-7,24367841;-5,62395100
-7,23343841;-5,62395100
-7,22319841;-5,80340000
-7,21295841;-5,80340000
-7,20271841;-5,80340000
-7,19247841;-5,80340000
-7,18223841;-5,62395100
-7,17199841;-5,80340000
-7,16175841;-5,80340000
-7,15151841;-5,80340000
-7,14127841;-5,80340000
-7,13103841;-5,80340000
-7,12079841;-5,80340000
-7,11055841;-5,80340000
-7,10031841;-5,80340000
-7,09007841;-5,80340000
-7,07983841;-5,80340000
-7,06959841;-5,80340000
-7,05935841;-5,80340000
-7,04911841;-5,80340000
-7,03887841;-5,80340000
-7,02863841;-5,80340000
-7,01839841;-5,62395100
-7,00815841;-5,62395100
-6,99791841;-5,62395100
-6,98767841;-5,62395100
-6,97743841;-5,80340000
-6,96719841;-5,80340000
-6,95695841;-5,80340000
-6,94671841;-5,80340000
-6,93647841;-5,62395100
-6,92623841;-5,80340000
-6,91599841;-5,62395100
-6,90575841;-5,80340000
-6,89551841;-5,80340000
-6,88527841;-5,80340000
-6,87503841;-5,80340000
-6,86479841;-5,62395100
-6,85455841;-5,80340000
-6,84431841;-5,80340000
-6,83407841;-5,80340000
-6,82383841;-5,62395100
-6,81359841;-5,80340000
-6,80335841;-5,80340000
-6,79311841;-5,80340000
-6,78287841;-5,62395100
-6,77263841;-5,80340000
-6,76239842;-5,62395100
-6,75215842;-5,80340000
-6,74191842;-5,62395100
-6,73167842;-5,62395100
-6,72143842;-5,62395100
-6,71119842;-5,62395100
-6,70095842;-5,62395100
-6,69071842;-5,80340000
-6,68047842;-5,80340000
-6,67023842;-5,80340000
-6,65999842;-5,80340000
-6,64975842;-5,62395100
-6,63951842;-5,80340000
-6,62927842;-5,62395100
-6,61903842;-5,62395100
-6,60879842;-5,80340000
-6,59855842;-5,62395100
-6,58831842;-5,62395100
-6,57807842;-5,62395100
-6,56783842;-5,62395100
-6,55759842;-5,62395100
-6,54735842;-5,44450200
-6,53711842;-5,80340000
-6,52687842;-5,62395100
-6,51663842;-5,80340000
-6,50639842;-5,62395100
-6,49615842;-5,44450200
-6,48591842;-5,62395100
-6,47567842;-5,80340000
-6,46543842;-5,62395100
-6,45519842;-5,44450200
-6,44495842;-5,62395100
-6,43471842;-5,44450200
-6,42447842;-5,80340000
-6,41423842;-5,80340000
-6,40399842;-5,62395100
-6,39375842;-5,62395100
-6,38351842;-5,80340000
-6,37327842;-5,80340000
-6,36303842;-5,80340000
-6,35279842;-5,62395100
-6,34255842;-5,80340000
-6,33231842;-5,62395100
-6,32207842;-5,62395100
-6,31183842;-5,62395100
-6,30159842;-5,62395100
-6,29135842;-5,80340000
-6,28111842;-5,80340000
-6,27087842;-5,62395100
-6,26063842;-5,62395100
-6,25039842;-5,62395100
-6,24015842;-5,44450200
-6,22991842;-5,62395100
-6,21967842;-5,62395100
-6,20943842;-5,44450200
-6,19919842;-5,44450200
-6,18895842;-5,62395100
-6,17871842;-5,62395100
-6,16847842;-5,62395100
-6,15823842;-5,80340000
-6,14799842;-5,62395100
-6,13775842;-5,62395100
-6,12751842;-5,62395100
-6,11727842;-5,80340000
-6,10703842;-5,62395100
-6,09679842;-5,62395100
-6,08655842;-5,62395100
-6,07631842;-5,62395100
-6,06607842;-5,62395100
-6,05583842;-5,62395100
-6,04559842;-5,62395100
-6,03535842;-5,62395100
-6,02511842;-5,80340000
-6,01487842;-5,62395100
-6,00463842;-5,62395100
-5,99439842;-5,62395100
-5,98415842;-5,62395100
-5,97391842;-5,44450200
-5,96367842;-5,62395100
-5,95343842;-5,62395100
-5,94319842;-5,62395100
-5,93295842;-5,62395100
-5,92271842;-5,44450200
-5,91247842;-5,62395100
-5,90223842;-5,62395100
-5,89199842;-5,62395100
-5,88175842;-5,62395100
-5,87151842;-5,44450200
-5,86127842;-5,62395100
-5,85103842;-5,62395100
-5,84079842;-5,62395100
-5,83055842;-5,62395100
-5,82031842;-5,62395100
-5,81007842;-5,62395100
-5,79983842;-5,44450200
-5,78959842;-5,44450200
-5,77935842;-5,80340000
-5,76911842;-5,44450200
-5,75887842;-5,62395100
-5,74863842;-5,62395100
-5,73839842;-5,62395100
-5,72815842;-5,44450200
-5,71791842;-5,44450200
-5,70767842;-5,44450200
-5,69743842;-5,62395100
-5,68719842;-5,44450200
-5,67695842;-5,62395100
-5,66671842;-5,44450200
-5,65647842;-5,44450200
-5,64623842;-5,62395100
-5,63599842;-5,44450200
-5,62575842;-5,62395100
-5,61551842;-5,62395100
-5,60527842;-5,62395100
-5,59503842;-5,44450200
-5,58479842;-5,62395100
-5,57455842;-5,62395100
-5,56431842;-5,62395100
-5,55407842;-5,62395100
-5,54383842;-5,62395100
-5,53359842;-5,62395100
-5,52335842;-5,44450200
-5,51311842;-5,44450200
-5,50287842;-5,44450200
-5,49263842;-5,44450200
-5,48239842;-5,44450200
-5,47215842;-5,62395100
-5,46191842;-5,62395100
-5,45167842;-5,62395100
-5,44143842;-5,44450200
-5,43119842;-5,80340000
-5,42095842;-5,62395100
-5,41071842;-5,44450200
-5,40047842;-5,44450200
-5,39023842;-5,44450200
-5,37999842;-5,62395100
-5,36975842;-5,62395100
-5,35951842;-5,62395100
-5,34927842;-5,62395100
-5,33903842;-5,44450200
-5,32879842;-5,44450200
-5,31855842;-5,44450200
-5,30831842;-5,44450200
-5,29807842;-5,44450200
-5,28783842;-5,44450200
-5,27759842;-5,62395100
-5,26735842;-5,62395100
-5,25711842;-5,44450200
-5,24687842;-5,44450200
-5,23663842;-5,44450200
-5,22639842;-5,44450200
-5,21615842;-5,44450200
-5,20591842;-5,44450200
-5,19567842;-5,80340000
-5,18543842;-5,44450200
-5,17519842;-5,62395100
-5,16495842;-5,62395100
-5,15471842;-5,44450200
-5,14447842;-5,44450200
-5,13423842;-5,62395100
-5,12399843;-5,44450200
-5,11375843;-5,62395100
-5,10351843;-5,44450200
-5,09327843;-5,44450200
-5,08303843;-5,44450200
-5,07279843;-5,44450200
-5,06255843;-5,62395100
-5,05231843;-5,44450200
-5,04207843;-5,44450200
-5,03183843;-5,44450200
-5,02159843;-5,62395100
-5,01135843;-5,44450200
-5,00111843;-5,44450200
-4,99087843;-5,44450200
-4,98063843;-5,44450200
-4,97039843;-5,44450200
-4,96015843;-5,44450200
-4,94991843;-5,44450200
-4,93967843;-5,44450200
-4,92943843;-5,44450200
-4,91919843;-5,62395100
-4,90895843;-5,44450200
-4,89871843;-5,44450200
-4,88847843;-5,44450200
-4,87823843;-5,44450200
-4,86799843;-5,44450200
-4,85775843;-5,44450200
-4,84751843;-5,44450200
-4,83727843;-5,44450200
-4,82703843;-5,44450200
-4,81679843;-5,44450200
-4,80655843;-5,44450200
-4,79631843;-5,44450200
-4,78607843;-5,44450200
-4,77583843;-5,44450200
-4,76559843;-5,44450200
-4,75535843;-5,44450200
-4,74511843;-5,44450200
-4,73487843;-5,44450200
-4,72463843;-5,44450200
-4,71439843;-5,44450200
-4,70415843;-5,44450200
-4,69391843;-5,44450200
-4,68367843;-5,44450200
-4,67343843;-5,44450200
-4,66319843;-5,44450200
-4,65295843;-5,62395100
-4,64271843;-5,62395100
-4,63247843;-5,44450200
-4,62223843;-5,44450200
-4,61199843;-5,44450200
-4,60175843;-5,44450200
-4,59151843;-5,44450200
-4,58127843;-5,44450200
-4,57103843;-5,44450200
-4,56079843;-5,44450200
-4,55055843;-5,44450200
-4,54031843;-5,44450200
-4,53007843;-5,44450200
-4,51983843;-5,44450200
-4,50959843;-5,44450200
-4,49935843;-5,44450200
-4,48911843;-5,44450200
-4,47887843;-5,44450200
-4,46863843;-5,44450200
-4,45839843;-5,44450200
-4,44815843;-5,44450200
-4,43791843;-5,44450200
-4,42767843;-5,44450200
-4,41743843;-5,44450200
-4,40719843;-5,44450200
-4,39695843;-5,44450200
-4,38671843;-5,44450200
-4,37647843;-5,44450200
-4,36623843;-5,44450200
-4,35599843;-5,44450200
-4,34575843;-5,44450200
-4,33551843;-5,44450200
-4,32527843;-5,44450200
-4,31503843;-5,44450200
-4,30479843;-5,44450200
-4,29455843;-5,44450200
-4,28431843;-5,44450200
-4,27407843;-5,44450200
-4,26383843;-5,44450200
-4,25359843;-5,44450200
-4,24335843;-5,44450200
-4,23311843;-5,44450200
-4,22287843;-5,44450200
-4,21263843;-5,44450200
-4,20239843;-5,44450200
-4,19215843;-5,44450200
-4,18191843;-5,44450200
-4,17167843;-5,44450200
-4,16143843;-5,44450200
-4,15119843;-5,44450200
-4,14095843;-5,44450200
-4,13071843;-5,44450200
-4,12047843;-5,44450200
-4,11023843;-5,44450200
-4,09999843;-5,44450200
-4,08975843;-5,44450200
-4,07951843;-5,44450200
-4,06927843;-5,44450200
-4,05903843;-5,44450200
-4,04879843;-5,44450200
-4,03855843;-5,44450200
-4,02831843;-5,44450200
-4,01807843;-5,44450200
-4,00783843;-5,44450200
-3,99759843;-5,44450200
-3,98735843;-5,44450200
-3,97711843;-5,44450200
-3,96687843;-5,44450200
-3,95663843;-5,44450200
-3,94639843;-5,44450200
-3,93615843;-5,44450200
-3,92591843;-5,44450200
-3,91567843;-5,44450200
-3,90543843;-5,44450200
-3,89519843;-5,44450200
-3,88495843;-5,44450200
-3,87471843;-5,44450200
-3,86447843;-5,44450200
-3,85423843;-5,44450200
-3,84399843;-5,44450200
-3,83375843;-5,44450200
-3,82351843;-5,44450200
-3,81327843;-5,44450200
-3,80303843;-5,44450200
-3,79279843;-5,44450200
-3,78255843;-5,44450200
-3,77231843;-5,44450200
-3,76207843;-5,44450200
-3,75183843;-5,44450200
-3,74159843;-5,44450200
-3,73135843;-5,44450200
-3,72111843;-5,44450200
-3,71087843;-5,44450200
-3,70063843;-5,44450200
-3,69039843;-5,44450200
-3,68015843;-5,44450200
-3,66991843;-5,44450200
-3,65967843;-5,44450200
-3,64943843;-5,44450200
-3,63919843;-5,44450200
-3,62895843;-5,44450200
-3,61871843;-5,44450200
-3,60847843;-5,44450200
-3,59823843;-5,44450200
-3,58799843;-5,44450200
-3,57775843;-5,44450200
-3,56751843;-5,44450200
-3,55727843;-5,44450200
-3,54703843;-5,44450200
-3,53679843;-5,44450200
-3,52655843;-5,44450200
-3,51631843;-5,44450200
-3,50607843;-5,44450200
-3,49583843;-5,44450200
-3,48559843;-5,44450200
-3,47535844;-5,44450200
-3,46511844;-5,44450200
-3,45487844;-5,44450200
-3,44463844;-5,44450200
-3,43439844;-5,44450200
-3,42415844;-5,44450200
-3,41391844;-5,44450200
-3,40367844;-5,44450200
-3,39343844;-5,44450200
-3,38319844;-5,44450200
-3,37295844;-5,44450200
-3,36271844;-5,44450200
-3,35247844;-5,44450200
-3,34223844;-5,44450200
-3,33199844;-5,44450200
-3,32175844;-5,44450200
-3,31151844;-5,44450200
-3,30127844;-5,44450200
-3,29103844;-5,44450200
-3,28079844;-5,44450200
-3,27055844;-5,44450200
-3,26031844;-5,44450200
-3,25007844;-5,44450200
-3,23983844;-5,44450200
-3,22959844;-5,44450200
-3,21935844;-5,44450200
-3,20911844;-5,44450200
-3,19887844;-5,44450200
-3,18863844;-5,44450200
-3,17839844;-5,44450200
-3,16815844;-5,44450200
-3,15791844;-5,44450200
-3,14767844;-5,44450200
-3,13743844;-5,44450200
-3,12719844;-5,44450200
-3,11695844;-5,44450200
-3,10671844;-5,44450200
-3,09647844;-5,44450200
-3,08623844;-5,44450200
-3,07599844;-5,44450200
-3,06575844;-5,44450200
-3,05551844;-5,44450200
-3,04527844;-5,44450200
-3,03503844;-5,44450200
-3,02479844;-5,44450200
-3,01455844;-5,44450200
-3,00431844;-5,44450200
-2,99407844;-5,44450200
-2,98383844;-5,44450200
-2,97359844;-5,44450200
-2,96335844;-5,44450200
-2,95311844;-5,44450200
-2,94287844;-5,44450200
-2,93263844;-5,44450200
-2,92239844;-5,44450200
-2,91215844;-5,44450200
-2,90191844;-5,44450200
-2,89167844;-5,44450200
-2,88143844;-5,44450200
-2,87119844;-5,44450200
-2,86095844;-5,44450200
-2,85071844;-5,44450200
-2,84047844;-5,44450200
-2,83023844;-5,44450200
-2,81999844;-5,44450200
-2,80975844;-5,44450200
-2,79951844;-5,44450200
-2,78927844;-5,44450200
-2,77903844;-5,44450200
-2,76879844;-5,44450200
-2,75855844;-5,44450200
-2,74831844;-5,44450200
-2,73807844;-5,44450200
-2,72783844;-5,44450200
-2,71759844;-5,44450200
-2,70735844;-5,44450200
-2,69711844;-5,44450200
-2,68687844;-5,44450200
-2,67663844;-5,44450200
-2,66639844;-5,44450200
-2,65615844;-5,44450200
-2,64591844;-5,44450200
-2,63567844;-5,44450200
-2,62543844;-5,44450200
-2,61519844;-5,44450200
-2,60495844;-5,44450200
-2,59471844;-5,44450200
-2,58447844;-5,44450200
-2,57423844;-5,44450200
-2,56399844;-5,44450200
-2,55375844;-5,44450200
-2,54351844;-5,44450200
-2,53327844;-5,44450200
-2,52303844;-5,44450200
-2,51279844;-5,44450200
-2,50255844;-5,44450200
-2,49231844;-5,44450200
-2,48207844;-5,44450200
-2,47183844;-5,44450200
-2,46159844;-5,44450200
-2,45135844;-5,44450200
-2,44111844;-5,44450200
-2,43087844;-5,44450200
-2,42063844;-5,44450200
-2,41039844;-5,44450200
-2,40015844;-5,44450200
-2,38991844;-5,44450200
-2,37967844;-5,44450200
-2,36943844;-5,44450200
-2,35919844;-5,44450200
-2,34895844;-5,44450200
-2,33871844;-5,44450200
-2,32847844;-5,44450200
-2,31823844;-5,44450200
-2,30799844;-5,44450200
-2,29775844;-5,44450200
-2,28751844;-5,44450200
-2,27727844;-5,44450200
-2,26703844;-5,44450200
-2,25679844;-5,44450200
-2,24655844;-5,44450200
-2,23631844;-5,44450200
-2,22607844;-5,44450200
-2,21583844;-5,26444300
-2,20559844;-5,44450200
-2,19535844;-5,44450200
-2,18511844;-5,44450200
-2,17487844;-5,44450200
-2,16463844;-5,44450200
-2,15439844;-5,44450200
-2,14415844;-5,44450200
-2,13391844;-5,44450200
-2,12367844;-5,44450200
-2,11343844;-5,44450200
-2,10319844;-5,44450200
-2,09295844;-5,26444300
-2,08271844;-5,44450200
-2,07247844;-5,44450200
-2,06223844;-5,44450200
-2,05199844;-5,44450200
-2,04175844;-5,44450200
-2,03151844;-5,44450200
-2,02127844;-5,44450200
-2,01103844;-5,44450200
-2,00079844;-5,44450200
-1,99055844;-5,44450200
-1,98031844;-5,44450200
-1,97007844;-5,44450200
-1,95983844;-5,44450200
-1,94959844;-5,44450200
-1,93935844;-5,44450200
-1,92911844;-5,44450200
-1,91887844;-5,44450200
-1,90863844;-5,44450200
-1,89839844;-5,44450200
-1,88815844;-5,44450200
-1,87791844;-5,44450200
-1,86767844;-5,44450200
-1,85743844;-5,26444300
-1,84719844;-5,44450200
-1,83695844;-5,44450200
-1,82671845;-5,44450200
-1,81647845;-5,44450200
-1,80623845;-5,44450200
-1,79599845;-5,44450200
-1,78575845;-5,44450200
-1,77551845;-5,44450200
-1,76527845;-5,44450200
-1,75503845;-5,44450200
-1,74479845;-5,44450200
-1,73455845;-5,44450200
-1,72431845;-5,44450200
-1,71407845;-5,44450200
-1,70383845;-5,44450200
-1,69359845;-5,44450200
-1,68335845;-5,26444300
-1,67311845;-5,44450200
-1,66287845;-5,44450200
-1,65263845;-5,26444300
-1,64239845;-5,44450200
-1,63215845;-5,44450200
-1,62191845;-5,44450200
-1,61167845;-5,44450200
-1,60143845;-5,44450200
-1,59119845;-5,26444300
-1,58095845;-5,44450200
-1,57071845;-5,44450200
-1,56047845;-5,44450200
-1,55023845;-5,44450200
-1,53999845;-5,44450200
-1,52975845;-5,44450200
-1,51951845;-5,44450200
-1,50927845;-5,44450200
-1,49903845;-5,44450200
-1,48879845;-5,44450200
-1,47855845;-5,44450200
-1,46831845;-5,44450200
-1,45807845;-5,44450200
-1,44783845;-5,26444300
-1,43759845;-5,44450200
-1,42735845;-5,44450200
-1,41711845;-5,44450200
-1,40687845;-5,44450200
-1,39663845;-5,44450200
-1,38639845;-5,26444300
-1,37615845;-5,44450200
-1,36591845;-5,44450200
-1,35567845;-5,26444300
-1,34543845;-5,44450200
-1,33519845;-5,26444300
-1,32495845;-5,44450200
-1,31471845;-5,44450200
-1,30447845;-5,44450200
-1,29423845;-5,44450200
-1,28399845;-5,44450200
-1,27375845;-5,26444300
-1,26351845;-5,44450200
-1,25327845;-5,44450200
-1,24303845;-5,44450200
-1,23279845;-5,26444300
-1,22255845;-5,44450200
-1,21231845;-5,26444300
-1,20207845;-5,44450200
-1,19183845;-5,26444300
-1,18159845;-5,44450200
-1,17135845;-5,44450200
-1,16111845;-5,44450200
-1,15087845;-5,44450200
-1,14063845;-5,44450200
-1,13039845;-5,44450200
-1,12015845;-5,26444300
-1,10991845;-5,26444300
-1,09967845;-5,44450200
-1,08943845;-5,44450200
-1,07919845;-5,44450200
-1,06895845;-5,26444300
-1,05871845;-5,44450200
-1,04847845;-5,44450200
-1,03823845;-5,44450200
-1,02799845;-5,26444300
-1,01775845;-5,44450200
-1,00751845;-5,26444300
-0,99727845;-5,26444300
-0,98703845;-5,26444300
-0,97679845;-5,26444300
-0,96655845;-5,08499400
-0,95631845;-5,08499400
-0,94607845;-5,08499400
-0,93583845;-5,08499400
-0,92559845;-5,08499400
-0,91535845;-5,08499400
-0,90511845;-5,08499400
-0,89487845;-5,08499400
-0,88463845;-4,90554500
-0,87439845;-4,72609600
-0,86415845;-4,72609600
-0,85391845;-4,54664800
-0,84367845;-4,72609600
-0,83343845;-4,54664800
-0,82319845;-4,36658800
-0,81295845;-4,36658800
-0,80271845;-4,36658800
-0,79247845;-4,36658800
-0,78223845;-4,36658800
-0,77199845;-4,00769000
-0,76175845;-4,00769000
-0,75151845;-4,00769000
-0,74127845;-4,00769000
-0,73103845;-4,00769000
-0,72079845;-4,00769000
-0,71055845;-4,00769000
-0,70031845;-4,00769000
-0,69007845;-3,82824200
-0,67983845;-3,64879300
-0,66959845;-3,64879300
-0,65935845;-3,64879300
-0,64911845;-3,46873400
-0,63887845;-3,64879300
-0,62863845;-3,46873400
-0,61839845;-3,46873400
-0,60815845;-3,46873400
-0,59791845;-3,28928500
-0,58767845;-3,28928500
-0,57743845;-3,28928500
-0,56719845;-3,10983600
-0,55695845;-2,93038700
-0,54671845;-2,93038700
-0,53647845;-2,93038700
-0,52623845;-2,93038700
-0,51599845;-2,93038700
-0,50575845;-2,93038700
-0,49551845;-2,93038700
-0,48527845;-2,93038700
-0,47503845;-2,75093800
-0,46479845;-2,57087900
-0,45455845;-2,57087900
-0,44431845;-2,57087900
-0,43407845;-2,57087900
-0,42383845;-2,57087900
-0,41359845;-2,39143000
-0,40335845;-2,39143000
-0,39311845;-2,39143000
-0,38287845;-2,21198200
-0,37263845;-2,21198200
-0,36239845;-2,21198200
-0,35215845;-2,21198200
-0,34191845;-2,03253300
-0,33167845;-2,03253300
-0,32143845;-1,85308400
-0,31119845;-1,85308400
-0,30095845;-1,85308400
-0,29071845;-1,85308400
-0,28047845;-1,67302500
-0,27023845;-1,49357600
-0,25999845;-1,49357600
-0,24975845;-1,49357600
-0,23951845;-1,49357600
-0,22927845;-1,49357600
-0,21903845;-1,49357600
-0,20879845;-1,31412700
-0,19855845;-1,31412700
-0,18831846;-1,13467800
-0,17807846;-1,13467800
-0,16783846;-0,95522930
-0,15759846;-0,95522930
-0,14735846;-0,95522930
-0,13711846;-0,77517010
-0,12687846;-0,77517010
-0,11663846;-0,77517010
-0,10639846;-0,77517010
-0,09615846;-0,77517010
-0,08591846;-0,59572130
-0,07567846;-0,59572130
-0,06543846;-0,41627250
-0,05519846;-0,41627250
-0,04495846;-0,41627250
-0,03471846;-0,41627250
-0,02447846;-0,23682360
-0,01423846;-0,23682360
-0,00399846;-0,23682360
0,00624154;-0,05737480
0,01648154;-0,05737480
0,02672154;-0,05737480
0,03696154;-0,05737480
0,04720154;0,12207400
0,05744154;0,30152290
0,06768154;0,30152290
0,07792154;0,30152290
0,08816154;0,30152290
0,09840154;0,30152290
0,10864154;0,30152290
0,11888154;0,48097170
0,12912154;0,48097170
0,13936154;0,66042050
0,14960154;0,66042050
0,15984154;0,66042050
0,17008154;0,66042050
0,18032154;0,66042050
0,19056154;0,66042050
0,20080154;0,84047970
0,21104154;1,01992900
0,22128154;1,01992900
0,23152154;1,01992900
0,24176154;1,01992900
0,25200154;1,19937700
0,26224154;1,37882600
0,27248154;1,37882600
0,28272154;1,37882600
0,29296154;1,37882600
0,30320154;1,37882600
0,31344154;1,37882600
0,32368154;1,55827500
0,33392154;1,73833400
0,34416154;1,73833400
0,35440154;1,73833400
0,36464154;1,73833400
0,37488154;1,91778300
0,38512154;1,73833400
0,39536154;1,91778300
0,40560154;2,09723200
0,41584154;2,09723200
0,42608154;2,09723200
0,43632154;2,09723200
0,44656154;2,27668100
0,45680154;2,27668100
0,46704154;2,27668100
0,47728154;2,27668100
0,48752154;2,45613000
0,49776154;2,45613000
0,50800154;2,45613000
0,51824154;2,63618900
0,52848154;2,63618900
0,53872154;2,63618900
0,54896154;2,81563800
0,55920154;2,81563800
0,56944154;2,81563800
0,57968154;2,81563800
0,58992154;2,81563800
0,60016154;2,81563800
0,61040154;2,99508600
0,62064154;2,99508600
0,63088154;3,17453500
0,64112154;3,17453500
0,65136154;3,17453500
0,66160154;3,17453500
0,67184154;3,17453500
0,68208154;3,17453500
0,69232154;3,35398400
0,70256154;3,35398400
0,71280154;3,35398400
0,72304154;3,53404300
0,73328154;3,53404300
0,74352154;3,53404300
0,75376154;3,53404300
0,76400154;3,53404300
0,77424154;3,53404300
0,78448154;3,53404300
0,79472154;3,71349200
0,80496154;3,71349200
0,81520154;3,89294100
0,82544154;3,89294100
0,83568154;3,89294100
0,84592154;3,89294100
0,85616154;3,89294100
0,86640154;4,07239000
0,87664154;4,07239000
0,88688154;4,25183900
0,89712154;4,25183900
0,90736154;4,25183900
0,91760154;4,25183900
0,92784154;4,43189800
0,93808154;4,61134700
0,94832154;4,61134700
0,95856154;4,61134700
0,96880154;4,61134700
0,97904154;4,79079600
0,98928154;4,61134700
0,99952154;4,61134700
1,00976154;4,97024400
1,02000154;4,97024400
1,03024154;4,97024400
1,04048154;4,97024400
1,05072154;5,14969300
1,06096154;5,14969300
1,07120154;5,14969300
1,08144154;5,32975200
1,09168154;5,32975200
1,10192154;5,32975200
1,11216154;5,32975200
1,12240154;5,50920200
1,13264154;5,50920200
1,14288154;5,50920200
1,15312154;5,50920200
1,16336154;5,50920200
1,17360154;5,68865000
1,18384154;5,50920200
1,19408154;5,68865000
1,20432154;5,68865000
1,21456154;5,68865000
1,22480154;5,68865000
1,23504154;5,68865000
1,24528154;5,68865000
1,25552154;5,68865000
1,26576154;5,68865000
1,27600154;5,68865000
1,28624154;5,68865000
1,29648154;5,68865000
1,30672154;6,04754800
1,31696154;6,04754800
1,32720154;6,04754800
1,33744154;6,04754800
1,34768154;6,04754800
1,35792154;6,22760700
1,36816154;6,22760700
1,37840154;6,22760700
1,38864154;6,40705600
1,39888154;6,40705600
1,40912154;6,40705600
1,41936154;6,58650500
1,42960154;6,58650500
1,43984154;6,76595400
1,45008154;6,76595400
1,46032153;6,76595400
1,47056153;6,76595400
1,48080153;7,12546200
1,49104153;7,12546200
1,50128153;7,12546200
1,51152153;7,12546200
1,52176153;7,12546200
1,53200153;7,48435900
1,54224153;7,48435900
1,55248153;7,48435900
1,56272153;7,48435900
1,57296153;7,48435900
1,58320153;7,66380800
1,59344153;7,66380800
1,60368153;7,84325700
1,61392153;7,84325700
1,62416153;7,84325700
1,63440153;8,02331600
1,64464153;8,02331600
1,65488153;8,02331600
1,66512153;8,20276500
1,67536153;8,02331600
1,68560153;8,20276500
1,69584153;8,20276500
1,70608153;8,20276500
1,71632153;8,38221400
1,72656153;8,38221400
1,73680153;8,56166300
1,74704153;8,56166300
1,75728153;8,56166300
1,76752153;8,56166300
1,77776153;8,56166300
1,78800153;8,56166300
1,79824153;8,56166300
1,80848153;8,56166300
1,81872153;8,56166300
1,82896153;8,92117000
1,83920153;8,92117000
1,84944153;8,92117000
1,85968153;8,92117000
1,86992153;8,92117000
1,88016153;8,92117000
1,89040153;8,92117000
1,90064153;8,92117000
1,91088153;8,92117000
1,92112153;9,10061900
1,93136153;9,10061900
1,94160153;9,28006800
1,95184153;9,28006800
1,96208153;9,28006800
1,97232153;9,28006800
1,98256153;9,28006800
1,99280153;9,28006800
2,00304153;9,28006800
2,01328153;9,28006800
2,02352153;9,28006800
2,03376153;9,45951700
2,04400153;9,28006800
2,05424153;9,45951700
2,06448153;9,63896600
2,07472153;9,63896600
2,08496153;9,63896600
2,09520153;9,63896600
2,10544153;9,63896600
2,11568153;9,81902500
2,12592153;9,81902500
2,13616153;9,81902500
2,14640153;9,81902500
2,15664153;9,81902500
2,16688153;9,81902500
2,17712153;9,99847400
2,18736153;9,99847400
2,19760153;9,99847400
2,20784153;9,99847400
2,21808153;9,99847400
2,22832153;9,99847400
2,23856153;9,99847400
2,24880153;9,99847400
2,25904153;9,99847400
2,26928153;10,17792000
2,27952153;9,99847400
2,28976153;9,99847400
2,30000153;10,17792000
2,31024153;10,17792000
2,32048153;10,35737000
2,33072153;10,35737000
2,34096153;10,35737000
2,35120153;10,35737000
2,36144153;10,35737000
2,37168153;10,35737000
2,38192153;10,35737000
2,39216153;10,35737000
2,40240153;10,53682000
2,41264153;10,35737000
2,42288153;10,53682000
2,43312153;10,71688000
2,44336153;10,53682000
2,45360153;10,53682000
2,46384153;10,53682000
2,47408153;10,53682000
2,48432153;10,53682000
2,49456153;10,71688000
2,50480153;10,71688000
2,51504153;10,71688000
2,52528153;10,71688000
2,53552153;10,71688000
2,54576153;10,71688000
2,55600153;10,71688000
2,56624153;10,71688000
2,57648153;10,71688000
2,58672153;10,89633000
2,59696153;10,89633000
2,60720153;11,07578000
2,61744153;11,07578000
2,62768153;11,07578000
2,63792153;11,07578000
2,64816153;11,07578000
2,65840153;11,07578000
2,66864153;11,25523000
2,67888153;11,07578000
2,68912153;11,25523000
2,69936153;11,25523000
2,70960153;11,25523000
2,71984153;11,25523000
2,73008153;11,43529000
2,74032153;11,43529000
2,75056153;11,43529000
2,76080153;11,43529000
2,77104153;11,43529000
2,78128153;11,43529000
2,79152153;11,43529000
2,80176153;11,43529000
2,81200153;11,43529000
2,82224153;11,43529000
2,83248153;11,43529000
2,84272153;11,61473000
2,85296153;11,61473000
2,86320153;11,61473000
2,87344153;11,79418000
2,88368153;11,61473000
2,89392153;11,79418000
2,90416153;11,79418000
2,91440153;11,79418000
2,92464153;11,79418000
2,93488153;11,79418000
2,94512153;11,79418000
2,95536153;11,79418000
2,96560153;11,79418000
2,97584153;11,79418000
2,98608153;11,79418000
2,99632153;11,79418000
3,00656153;11,79418000
3,01680153;11,79418000
3,02704153;11,79418000
3,03728153;11,97363000
3,04752153;11,97363000
3,05776153;11,97363000
3,06800153;11,79418000
3,07824153;11,97363000
3,08848153;11,97363000
3,09872153;11,97363000
3,10896152;11,97363000
3,11920152;11,97363000
3,12944152;12,15308000
3,13968152;12,15308000
3,14992152;12,15308000
3,16016152;12,15308000
3,17040152;12,15308000
3,18064152;12,15308000
3,19088152;11,97363000
3,20112152;12,15308000
3,21136152;12,15308000
3,22160152;12,15308000
3,23184152;12,15308000
3,24208152;12,15308000
3,25232152;12,15308000
3,26256152;12,15308000
3,27280152;12,15308000
3,28304152;12,15308000
3,29328152;12,15308000
3,30352152;12,15308000
3,31376152;12,15308000
3,32400152;12,15308000
3,33424152;12,15308000
3,34448152;12,15308000
3,35472152;12,15308000
3,36496152;12,15308000
3,37520152;12,15308000
3,38544152;12,15308000
3,39568152;12,15308000
3,40592152;12,15308000
3,41616152;12,15308000
3,42640152;12,15308000
3,43664152;12,15308000
3,44688152;12,15308000
3,45712152;12,15308000
3,46736152;12,15308000
3,47760152;12,15308000
3,48784152;12,15308000
3,49808152;12,15308000
3,50832152;12,15308000
3,51856152;12,15308000
3,52880152;12,33314000
3,53904152;12,15308000
3,54928152;12,15308000
3,55952152;12,15308000
3,56976152;12,15308000
3,58000152;12,15308000
3,59024152;12,15308000
3,60048152;12,15308000
3,61072152;12,15308000
3,62096152;12,15308000
3,63120152;12,15308000
3,64144152;12,15308000
3,65168152;12,15308000
3,66192152;12,15308000
3,67216152;12,15308000
3,68240152;12,15308000
3,69264152;12,15308000
3,70288152;12,15308000
3,71312152;12,15308000
3,72336152;12,15308000
3,73360152;12,15308000
3,74384152;12,15308000
3,75408152;12,15308000
3,76432152;12,15308000
3,77456152;12,15308000
3,78480152;12,15308000
3,79504152;12,33314000
3,80528152;12,15308000
3,81552152;12,33314000
3,82576152;12,15308000
3,83600152;12,15308000
3,84624152;12,15308000
3,85648152;12,15308000
3,86672152;12,15308000
3,87696152;12,33314000
3,88720152;12,15308000
3,89744152;12,15308000
3,90768152;12,15308000
3,91792152;12,15308000
3,92816152;12,33314000
3,93840152;12,33314000
3,94864152;12,15308000
3,95888152;12,15308000
3,96912152;12,15308000
3,97936152;12,33314000
3,98960152;12,33314000
3,99984152;12,15308000
4,01008152;12,15308000
4,02032152;12,33314000
4,03056152;12,15308000
4,04080152;12,33314000
4,05104152;12,15308000
4,06128152;12,15308000
4,07152152;12,15308000
4,08176152;12,15308000
4,09200152;12,15308000
4,10224152;12,15308000
4,11248152;12,15308000
4,12272152;12,15308000
4,13296152;12,33314000
4,14320152;12,15308000
4,15344152;12,15308000
4,16368152;12,15308000
4,17392152;12,33314000
4,18416152;12,33314000
4,19440152;12,15308000
4,20464152;12,33314000
4,21488152;12,33314000
4,22512152;12,33314000
4,23536152;12,33314000
4,24560152;12,15308000
4,25584152;12,15308000
4,26608152;12,15308000
4,27632152;12,33314000
4,28656152;12,33314000
4,29680152;12,15308000
4,30704152;12,33314000
4,31728152;12,33314000
4,32752152;12,15308000
4,33776152;12,33314000
4,34800152;12,15308000
4,35824152;12,15308000
4,36848152;12,15308000
4,37872152;12,33314000
4,38896152;12,15308000
4,39920152;12,15308000
4,40944152;12,33314000
4,41968152;12,15308000
4,42992152;12,15308000
4,44016152;12,15308000
4,45040152;12,15308000
4,46064152;12,15308000
4,47088152;12,15308000
4,48112152;12,15308000
4,49136152;12,15308000
4,50160152;12,15308000
4,51184152;12,15308000
4,52208152;12,15308000
4,53232152;12,15308000
4,54256152;12,15308000
4,55280152;12,15308000
4,56304152;12,15308000
4,57328152;12,15308000
4,58352152;12,15308000
4,59376152;12,15308000
4,60400152;12,15308000
4,61424152;12,15308000
4,62448152;12,15308000
4,63472152;12,15308000
4,64496152;12,15308000
4,65520152;11,97363000
4,66544152;11,97363000
4,67568152;12,15308000
4,68592152;12,15308000
4,69616152;11,97363000
4,70640152;11,97363000
4,71664152;11,97363000
4,72688152;11,97363000
4,73712152;11,97363000
4,74736152;11,79418000
4,75760151;11,79418000
4,76784151;11,79418000
4,77808151;11,79418000
4,78832151;11,79418000
4,79856151;11,79418000
4,80880151;11,79418000
4,81904151;11,79418000
4,82928151;11,79418000
4,83952151;11,79418000
4,84976151;11,79418000
4,86000151;11,79418000
4,87024151;11,79418000
4,88048151;11,79418000
4,89072151;11,79418000
4,90096151;11,79418000
4,91120151;11,79418000
4,92144151;11,79418000
4,93168151;11,79418000
4,94192151;11,79418000
4,95216151;11,79418000
4,96240151;11,61473000
4,97264151;11,61473000
4,98288151;11,79418000
4,99312151;11,61473000
5,00336151;11,43529000
5,01360151;11,43529000
5,02384151;11,43529000
5,03408151;11,61473000
5,04432151;11,43529000
5,05456151;11,43529000
5,06480151;11,43529000
5,07504151;11,43529000
5,08528151;11,43529000
5,09552151;11,43529000
5,10576151;11,43529000
5,11600151;11,43529000
5,12624151;11,43529000
5,13648151;11,43529000
5,14672151;11,43529000
5,15696151;11,43529000
5,16720151;11,43529000
5,17744151;11,43529000
5,18768151;11,43529000
5,19792151;11,43529000
5,20816151;11,43529000
5,21840151;11,43529000
5,22864151;11,43529000
5,23888151;11,43529000
5,24912151;11,43529000
5,25936151;11,43529000
5,26960151;11,43529000
5,27984151;11,43529000
5,29008151;11,43529000
5,30032151;11,25523000
5,31056151;11,25523000
5,32080151;11,43529000
5,33104151;11,43529000
5,34128151;11,43529000
5,35152151;11,25523000
5,36176151;11,07578000
5,37200151;11,07578000
5,38224151;11,25523000
5,39248151;11,07578000
5,40272151;11,07578000
5,41296151;11,07578000
5,42320151;11,07578000
5,43344151;11,07578000
5,44368151;11,07578000
5,45392151;10,89633000
5,46416151;10,71688000
5,47440151;10,71688000
5,48464151;10,71688000
5,49488151;10,71688000
5,50512151;10,71688000
5,51536151;10,71688000
5,52560151;10,71688000
5,53584151;10,71688000
5,54608151;10,71688000
5,55632151;10,53682000
5,56656151;10,53682000
5,57680151;10,71688000
5,58704151;10,53682000
5,59728151;10,53682000
5,60752151;10,53682000
5,61776151;10,71688000
5,62800151;10,71688000
5,63824151;10,53682000
5,64848151;10,35737000
5,65872151;10,35737000
5,66896151;10,35737000
5,67920151;10,35737000
5,68944151;10,35737000
5,69968151;10,35737000
5,70992151;10,35737000
5,72016151;10,35737000
5,73040151;10,35737000
5,74064151;10,35737000
5,75088151;10,17792000
5,76112151;9,99847400
5,77136151;9,99847400
5,78160151;9,99847400
5,79184151;9,99847400
5,80208151;9,99847400
5,81232151;9,99847400
5,82256151;9,99847400
5,83280151;9,99847400
5,84304151;9,99847400
5,85328151;9,81902500
5,86352151;9,63896600
5,87376151;9,63896600
5,88400151;9,63896600
5,89424151;9,63896600
5,90448151;9,63896600
5,91472151;9,63896600
5,92496151;9,63896600
5,93520151;9,63896600
5,94544151;9,63896600
5,95568151;9,28006800
5,96592151;9,28006800
5,97616151;9,28006800
5,98640151;9,28006800
5,99664151;9,28006800
6,00688151;9,28006800
6,01712151;9,28006800
6,02736151;9,28006800
6,03760151;9,28006800
6,04784151;9,28006800
6,05808151;8,92117000
6,06832151;8,92117000
6,07856151;8,92117000
6,08880151;8,92117000
6,09904151;8,92117000
6,10928151;8,92117000
6,11952151;8,92117000
6,12976151;8,92117000
6,14000151;8,92117000
6,15024151;8,92117000
6,16048151;8,56166300
6,17072151;8,56166300
6,18096151;8,56166300
6,19120151;8,56166300
6,20144151;8,56166300
6,21168151;8,56166300
6,22192151;8,56166300
6,23216151;8,56166300
6,24240151;8,56166300
6,25264151;8,38221400
6,26288151;8,20276500
6,27312151;8,20276500
6,28336151;8,20276500
6,29360151;8,20276500
6,30384151;8,20276500
6,31408151;8,20276500
6,32432151;8,20276500
6,33456151;8,20276500
6,34480151;8,20276500
6,35504151;7,84325700
6,36528151;7,84325700
6,37552151;7,66380800
6,38576151;7,84325700
6,39600150;7,84325700
6,40624150;7,66380800
6,41648150;7,66380800
6,42672150;7,84325700
6,43696150;7,66380800
6,44720150;7,66380800
6,45744150;7,48435900
6,46768150;7,30491100
6,47792150;7,12546200
6,48816150;7,12546200
6,49840150;7,30491100
6,50864150;7,12546200
6,51888150;7,30491100
6,52912150;7,30491100
6,53936150;7,12546200
6,54960150;7,12546200
6,55984150;6,94540200
6,57008150;6,76595400
6,58032150;6,76595400
6,59056150;6,76595400
6,60080150;6,76595400
6,61104150;6,58650500
6,62128150;6,76595400
6,63152150;6,76595400
6,64176150;6,58650500
6,65200150;6,40705600
6,66224150;6,40705600
6,67248150;6,22760700
6,68272150;6,04754800
6,69296150;6,22760700
6,70320150;6,22760700
6,71344150;6,22760700
6,72368150;6,40705600
6,73392150;6,40705600
6,74416150;6,04754800
6,75440150;6,04754800
6,76464150;5,68865000
6,77488150;5,68865000
6,78512150;5,68865000
6,79536150;5,68865000
6,80560150;5,68865000
6,81584150;5,68865000
6,82608150;5,68865000
6,83632150;5,68865000
6,84656150;5,68865000
6,85680150;5,32975200
6,86704150;5,32975200
6,87728150;4,97024400
6,88752150;4,97024400
6,89776150;5,14969300
6,90800150;5,14969300
6,91824150;5,32975200
6,92848150;5,32975200
6,93872150;5,14969300
6,94896150;4,97024400
6,95920150;4,79079600
6,96944150;4,61134700
6,97968150;4,61134700
6,98992150;4,61134700
7,00016150;4,61134700
7,01040150;4,61134700
7,02064150;4,61134700
7,03088150;4,61134700
7,04112150;4,61134700
7,05136150;4,43189800
7,06160150;4,25183900
7,07184150;4,07239000
7,08208150;4,07239000
7,09232150;4,07239000
7,10256150;4,07239000
7,11280150;4,07239000
7,12304150;4,07239000
7,13328150;4,07239000
7,14352150;4,07239000
7,15376150;3,89294100
7,16400150;3,53404300
7,17424150;3,53404300
7,18448150;3,53404300
7,19472150;3,53404300
7,20496150;3,53404300
7,21520150;3,53404300
7,22544150;3,53404300
7,23568150;3,53404300
7,24592150;3,35398400
7,25616150;3,17453500
7,26640150;2,99508600
7,27664150;2,81563800
7,28688150;2,81563800
7,29712150;2,81563800
7,30736150;2,81563800
7,31760150;2,81563800
7,32784150;2,81563800
7,33808150;2,81563800
7,34832150;2,81563800
7,35856150;2,45613000
7,36880150;2,27668100
7,37904150;2,09723200
7,38928150;2,09723200
7,39952150;2,27668100
7,40976150;2,27668100
7,42000150;2,27668100
7,43024150;2,09723200
7,44048150;2,09723200
7,45072150;2,09723200
7,46096150;1,73833400
7,47120150;1,37882600
7,48144150;1,37882600
7,49168150;1,55827500
7,50192150;1,55827500
7,51216150;1,73833400
7,52240150;1,73833400
7,53264150;1,55827500
7,54288150;1,37882600
7,55312150;1,37882600
7,56336150;1,01992900
7,57360150;0,84047970
7,58384150;0,66042050
7,59408150;0,84047970
7,60432150;1,01992900
7,61456150;1,01992900
7,62480150;1,01992900
7,63504150;1,01992900
7,64528150;0,84047970
7,65552150;0,66042050
7,66576150;0,48097170
7,67600150;0,30152290
7,68624150;0,30152290
7,69648150;0,48097170
7,70672150;0,48097170
7,71696150;0,48097170
7,72720150;0,48097170
7,73744150;0,48097170
7,74768150;0,30152290
7,75792150;0,12207400
7,76816150;-0,05737480
7,77840150;-0,05737480
7,78864150;-0,05737480
7,79888150;-0,05737480
7,80912150;-0,05737480
7,81936150;-0,05737480
7,82960150;-0,05737480
7,83984150;-0,05737480
7,85008150;-0,23682360
7,86032150;-0,59572130
7,87056150;-0,77517010
7,88080150;-0,77517010
7,89104150;-0,77517010
7,90128150;-0,77517010
7,91152150;-0,77517010
7,92176150;-0,77517010
7,93200150;-0,77517010
7,94224150;-0,77517010
7,95248150;-0,95522930
7,96272150;-1,13467800
7,97296150;-1,31412700
7,98320150;-1,49357600
7,99344150;-1,49357600
8,00368150;-1,31412700
8,01392150;-1,49357600
8,02416150;-1,49357600
8,03440150;-1,49357600
8,04464149;-1,49357600
8,05488149;-1,67302500
8,06512149;-1,85308400
8,07536149;-2,03253300
8,08560149;-2,03253300
8,09584149;-2,03253300
8,10608149;-1,85308400
8,11632149;-2,21198200
8,12656149;-2,03253300
8,13680149;-2,21198200
8,14704149;-2,21198200
8,15728149;-2,39143000
8,16752149;-2,57087900
8,17776149;-2,75093800
8,18800149;-2,57087900
8,19824149;-2,57087900
8,20848149;-2,57087900
8,21872149;-2,57087900
8,22896149;-2,57087900
8,23920149;-2,75093800
8,24944149;-2,93038700
8,25968149;-2,93038700
8,26992149;-3,28928500
8,28016149;-3,28928500
8,29040149;-3,28928500
8,30064149;-3,28928500
8,31088149;-3,10983600
8,32112149;-3,28928500
8,33136149;-3,10983600
8,34160149;-3,28928500
8,35184149;-3,28928500
8,36208149;-3,46873400
8,37232149;-3,64879300
8,38256149;-3,64879300
8,39280149;-3,64879300
8,40304149;-3,64879300
8,41328149;-3,64879300
8,42352149;-3,64879300
8,43376149;-3,64879300
8,44400149;-3,64879300
8,45424149;-3,82824200
8,46448149;-4,00769000
8,47472149;-4,00769000
8,48496149;-4,00769000
8,49520149;-4,00769000
8,50544149;-4,00769000
8,51568149;-4,00769000
8,52592149;-4,00769000
8,53616149;-4,00769000
8,54640149;-4,36658800
8,55664149;-4,36658800
8,56688149;-4,54664800
8,57712149;-4,72609600
8,58736149;-4,54664800
8,59760149;-4,54664800
8,60784149;-4,54664800
8,61808149;-4,54664800
8,62832149;-4,54664800
8,63856149;-4,72609600
8,64880149;-4,72609600
8,65904149;-5,08499400
8,66928149;-5,08499400
8,67952149;-5,08499400
8,68976149;-5,08499400
8,70000149;-5,08499400
8,71024149;-5,08499400
8,72048149;-5,08499400
8,73072149;-5,08499400
8,74096149;-5,26444300
8,75120149;-5,26444300
8,76144149;-5,44450200
8,77168149;-5,62395100
8,78192149;-5,62395100
8,79216149;-5,44450200
8,80240149;-5,62395100
8,81264149;-5,80340000
8,82288149;-5,80340000
8,83312149;-5,80340000
8,84336149;-5,80340000
8,85360149;-5,80340000
8,86384149;-5,98284900
8,87408149;-5,80340000
8,88432149;-5,98284900
8,89456149;-5,80340000
8,90480149;-5,80340000
8,91504149;-5,98284900
8,92528149;-5,80340000
8,93552149;-5,80340000
8,94576149;-5,80340000
8,95600149;-5,80340000
8,96624149;-5,80340000
8,97648149;-5,80340000
8,98672149;-5,80340000
8,99696149;-5,98284900
9,00720149;-5,80340000
9,01744149;-5,80340000
9,02768149;-5,98284900
9,03792149;-5,98284900
9,04816149;-5,80340000
9,05840149;-5,80340000
9,06864149;-5,80340000
9,07888149;-5,80340000
9,08912149;-5,98284900
9,09936149;-5,80340000
9,10960149;-5,80340000
9,11984149;-5,80340000
9,13008149;-5,98284900
9,14032149;-5,80340000
9,15056149;-5,98284900
9,16080149;-5,98284900
9,17104149;-5,98284900
9,18128149;-5,80340000
9,19152149;-5,80340000
9,20176149;-5,80340000
9,21200149;-5,98284900
9,22224149;-5,80340000
9,23248149;-5,80340000
9,24272149;-5,80340000
9,25296149;-5,80340000
9,26320149;-5,80340000
9,27344149;-5,80340000
9,28368149;-5,80340000
9,29392149;-5,80340000
9,30416149;-5,80340000
9,31440149;-5,80340000
9,32464149;-5,80340000
9,33488149;-5,80340000
9,34512149;-5,80340000
9,35536149;-5,80340000
9,36560149;-5,80340000
9,37584149;-5,80340000
9,38608149;-5,80340000
9,39632149;-5,80340000
9,40656149;-5,80340000
9,41680149;-5,80340000
9,42704149;-5,80340000
9,43728149;-5,80340000
9,44752149;-5,80340000
9,45776149;-5,98284900
9,46800149;-5,80340000
9,47824149;-5,80340000
9,48848149;-5,80340000
9,49872149;-5,80340000
9,50896149;-5,98284900
9,51920149;-5,80340000
9,52944149;-5,80340000
9,53968149;-5,80340000
9,54992149;-5,80340000
9,56016149;-5,80340000
9,57040149;-5,80340000
9,58064149;-5,80340000
9,59088149;-5,80340000
9,60112149;-5,80340000
9,61136149;-5,80340000
9,62160149;-5,80340000
9,63184149;-5,80340000
9,64208149;-5,80340000
9,65232149;-5,80340000
9,66256149;-5,80340000
9,67280149;-5,80340000
9,68304149;-5,80340000
9,69328148;-5,80340000
9,70352148;-5,80340000
9,71376148;-5,80340000
9,72400148;-5,80340000
9,73424148;-5,80340000
9,74448148;-5,80340000
9,75472148;-5,80340000
9,76496148;-5,80340000
9,77520148;-5,80340000
9,78544148;-5,80340000
9,79568148;-5,80340000
9,80592148;-5,80340000
9,81616148;-5,80340000
9,82640148;-5,80340000
9,83664148;-5,80340000
9,84688148;-5,80340000
9,85712148;-5,80340000
9,86736148;-5,80340000
9,87760148;-5,80340000
9,88784148;-5,80340000
9,89808148;-5,80340000
9,90832148;-5,80340000
9,91856148;-5,80340000
9,92880148;-5,80340000
9,93904148;-5,80340000
9,94928148;-5,80340000
9,95952148;-5,80340000
9,96976148;-5,80340000
9,98000148;-5,80340000
9,99024148;-5,80340000
10,00048148;-5,80340000
10,01072148;-5,80340000
10,02096148;-5,80340000
10,03120148;-5,80340000
10,04144148;-5,80340000
10,05168148;-5,80340000
10,06192148;-5,80340000
10,07216148;-5,80340000
10,08240148;-5,80340000
10,09264148;-5,80340000
10,10288148;-5,80340000
10,11312148;-5,80340000
10,12336148;-5,80340000
10,13360148;-5,80340000
10,14384148;-5,80340000
10,15408148;-5,80340000
10,16432148;-5,80340000
10,17456148;-5,80340000
10,18480148;-5,80340000
10,19504148;-5,80340000
10,20528148;-5,80340000
10,21552148;-5,80340000
10,22576148;-5,80340000
10,23600148;-5,80340000
10,24624148;-5,80340000
10,25648148;-5,80340000
10,26672148;-5,80340000
10,27696148;-5,80340000
10,28720148;-5,80340000
10,29744148;-5,80340000
10,30768148;-5,80340000
10,31792148;-5,80340000
10,32816148;-5,80340000
10,33840148;-5,80340000
10,34864148;-5,80340000
10,35888148;-5,80340000
10,36912148;-5,80340000
10,37936148;-5,80340000
10,38960148;-5,80340000
10,39984148;-5,80340000
10,41008148;-5,80340000
10,42032148;-5,80340000
10,43056148;-5,80340000
10,44080148;-5,80340000
10,45104148;-5,80340000
10,46128148;-5,80340000
10,47152148;-5,80340000
10,48176148;-5,80340000
10,49200148;-5,80340000
10,50224148;-5,80340000
10,51248148;-5,80340000
10,52272148;-5,80340000
10,53296148;-5,80340000
10,54320148;-5,80340000
10,55344148;-5,80340000
10,56368148;-5,80340000
10,57392148;-5,80340000
10,58416148;-5,80340000
10,59440148;-5,80340000
10,60464148;-5,80340000
10,61488148;-5,80340000
10,62512148;-5,80340000
10,63536148;-5,80340000
10,64560148;-5,80340000
10,65584148;-5,80340000
10,66608148;-5,80340000
10,67632148;-5,80340000
10,68656148;-5,80340000
10,69680148;-5,80340000
10,70704148;-5,80340000
10,71728148;-5,80340000
10,72752148;-5,80340000
10,73776148;-5,80340000
10,74800148;-5,80340000
10,75824148;-5,80340000
10,76848148;-5,80340000
10,77872148;-5,80340000
10,78896148;-5,80340000
10,79920148;-5,80340000
10,80944148;-5,80340000
10,81968148;-5,80340000
10,82992148;-5,80340000
10,84016148;-5,80340000
10,85040148;-5,80340000
10,86064148;-5,80340000
10,87088148;-5,80340000
10,88112148;-5,80340000
10,89136148;-5,80340000
10,90160148;-5,80340000
10,91184148;-5,80340000
10,92208148;-5,80340000
10,93232148;-5,80340000
10,94256148;-5,80340000
10,95280148;-5,80340000
10,96304148;-5,80340000
10,97328148;-5,80340000
10,98352148;-5,80340000
10,99376148;-5,80340000
11,00400148;-5,80340000
11,01424148;-5,80340000
11,02448148;-5,80340000
11,03472148;-5,80340000
11,04496148;-5,80340000
11,05520148;-5,80340000
11,06544148;-5,80340000
11,07568148;-5,80340000
11,08592148;-5,80340000
11,09616148;-5,80340000
11,10640148;-5,80340000
11,11664148;-5,80340000
11,12688148;-5,80340000
11,13712148;-5,80340000
11,14736148;-5,80340000
11,15760148;-5,80340000
11,16784148;-5,80340000
11,17808148;-5,80340000
11,18832148;-5,80340000
11,19856148;-5,80340000
11,20880148;-5,80340000
11,21904148;-5,80340000
11,22928148;-5,80340000
11,23952148;-5,80340000
11,24976148;-5,80340000
11,26000148;-5,80340000
11,27024148;-5,80340000
11,28048148;-5,80340000
11,29072148;-5,80340000
11,30096148;-5,80340000
11,31120148;-5,80340000
11,32144148;-5,80340000
11,33168147;-5,80340000
11,34192147;-5,80340000
11,35216147;-5,80340000
11,36240147;-5,80340000
11,37264147;-5,80340000
11,38288147;-5,80340000
11,39312147;-5,80340000
11,40336147;-5,80340000
11,41360147;-5,80340000
11,42384147;-5,80340000
11,43408147;-5,80340000
11,44432147;-5,80340000
11,45456147;-5,80340000
11,46480147;-5,80340000
11,47504147;-5,80340000
11,48528147;-5,80340000
11,49552147;-5,80340000
11,50576147;-5,80340000
11,51600147;-5,80340000
11,52624147;-5,80340000
11,53648147;-5,80340000
11,54672147;-5,80340000
11,55696147;-5,80340000
11,56720147;-5,80340000
11,57744147;-5,80340000
11,58768147;-5,80340000
11,59792147;-5,80340000
11,60816147;-5,80340000
11,61840147;-5,80340000
11,62864147;-5,80340000
11,63888147;-5,80340000
11,64912147;-5,80340000
11,65936147;-5,80340000
11,66960147;-5,80340000
11,67984147;-5,80340000
11,69008147;-5,80340000
11,70032147;-5,80340000
11,71056147;-5,80340000
11,72080147;-5,80340000
11,73104147;-5,80340000
11,74128147;-5,80340000
11,75152147;-5,80340000
11,76176147;-5,80340000
11,77200147;-5,80340000
11,78224147;-5,80340000
11,79248147;-5,80340000
11,80272147;-5,80340000
11,81296147;-5,80340000
11,82320147;-5,80340000
11,83344147;-5,80340000
11,84368147;-5,80340000
11,85392147;-5,80340000
11,86416147;-5,80340000
11,87440147;-5,80340000
11,88464147;-5,80340000
11,89488147;-5,80340000
11,90512147;-5,80340000
11,91536147;-5,80340000
11,92560147;-5,80340000
11,93584147;-5,80340000
11,94608147;-5,80340000
11,95632147;-5,80340000
11,96656147;-5,80340000
11,97680147;-5,80340000
11,98704147;-5,80340000
11,99728147;-5,80340000
12,00752147;-5,80340000
12,01776147;-5,80340000
12,02800147;-5,80340000
12,03824147;-5,80340000
12,04848147;-5,80340000
12,05872147;-5,80340000
12,06896147;-5,80340000
12,07920147;-5,80340000
12,08944147;-5,80340000
12,09968147;-5,80340000
12,10992147;-5,80340000
12,12016147;-5,80340000
12,13040147;-5,80340000
12,14064147;-5,80340000
12,15088147;-5,80340000
12,16112147;-5,80340000
12,17136147;-5,80340000
12,18160147;-5,80340000
12,19184147;-5,80340000
12,20208147;-5,80340000
12,21232147;-5,80340000
12,22256147;-5,80340000
12,23280147;-5,80340000
12,24304147;-5,80340000
12,25328147;-5,80340000
12,26352147;-5,80340000
12,27376147;-5,80340000
12,28400147;-5,80340000
12,29424147;-5,80340000
12,30448147;-5,80340000
12,31472147;-5,80340000
12,32496147;-5,80340000
12,33520147;-5,80340000
12,34544147;-5,62395100
12,35568147;-5,80340000
12,36592147;-5,80340000
12,37616147;-5,80340000
12,38640147;-5,80340000
12,39664147;-5,80340000
12,40688147;-5,80340000
12,41712147;-5,80340000
12,42736147;-5,80340000
12,43760147;-5,80340000
12,44784147;-5,80340000
12,45808147;-5,80340000
12,46832147;-5,80340000
12,47856147;-5,62395100
12,48880147;-5,80340000
12,49904147;-5,80340000
12,50928147;-5,80340000
12,51952147;-5,80340000
12,52976147;-5,80340000
12,54000147;-5,62395100
12,55024147;-5,80340000
12,56048147;-5,80340000
12,57072147;-5,80340000
12,58096147;-5,80340000
12,59120147;-5,80340000
12,60144147;-5,80340000
12,61168147;-5,80340000
12,62192147;-5,80340000
12,63216147;-5,80340000
12,64240147;-5,80340000
12,65264147;-5,62395100
12,66288147;-5,80340000
12,67312147;-5,80340000
12,68336147;-5,80340000
12,69360147;-5,80340000
12,70384147;-5,80340000
12,71408147;-5,80340000
12,72432147;-5,62395100
12,73456147;-5,80340000
12,74480147;-5,80340000
12,75504147;-5,80340000
12,76528147;-5,80340000
12,77552147;-5,62395100
12,78576147;-5,80340000
12,79600147;-5,80340000
12,80624147;-5,62395100
12,81648147;-5,80340000
12,82672147;-5,62395100
12,83696147;-5,80340000
12,84720147;-5,80340000
12,85744147;-5,62395100
12,86768147;-5,62395100
12,87792147;-5,80340000
12,88816147;-5,80340000
12,89840147;-5,80340000
12,90864147;-5,80340000
12,91888147;-5,80340000
12,92912147;-5,80340000
12,93936147;-5,80340000
12,94960147;-5,62395100
12,95984147;-5,80340000
12,97008147;-5,80340000
12,98032146;-5,80340000
12,99056146;-5,80340000
13,00080146;-5,80340000
13,01104146;-5,80340000
13,02128146;-5,62395100
13,03152146;-5,80340000
13,04176146;-5,80340000
13,05200146;-5,80340000
13,06224146;-5,80340000
13,07248146;-5,80340000
13,08272146;-5,80340000
13,09296146;-5,62395100
13,10320146;-5,62395100
13,11344146;-5,62395100
13,12368146;-5,62395100
13,13392146;-5,80340000
13,14416146;-5,80340000
13,15440146;-5,80340000
13,16464146;-5,80340000
13,17488146;-5,80340000
13,18512146;-5,80340000
13,19536146;-5,62395100
13,20560146;-5,62395100
13,21584146;-5,62395100
13,22608146;-5,80340000
13,23632146;-5,62395100
13,24656146;-5,80340000
13,25680146;-5,62395100
13,26704146;-5,80340000
13,27728146;-5,62395100
13,28752146;-5,62395100
13,29776146;-5,80340000
13,30800146;-5,80340000
13,31824146;-5,80340000
13,32848146;-5,80340000
13,33872146;-5,62395100
13,34896146;-5,80340000
13,35920146;-5,62395100
13,36944146;-5,62395100
13,37968146;-5,80340000
13,38992146;-5,62395100
13,40016146;-5,62395100
13,41040146;-5,80340000
13,42064146;-5,80340000
13,43088146;-5,80340000
13,44112146;-5,62395100
13,45136146;-5,62395100
13,46160146;-5,80340000
13,47184146;-5,62395100
13,48208146;-5,80340000
13,49232146;-5,62395100
13,50256146;-5,80340000
13,51280146;-5,80340000
13,52304146;-5,80340000
13,53328146;-5,44450200
13,54352146;-5,80340000
13,55376146;-5,80340000
13,56400146;-5,62395100
13,57424146;-5,80340000
13,58448146;-5,62395100
13,59472146;-5,62395100
13,60496146;-5,62395100
13,61520146;-5,62395100
13,62544146;-5,80340000
13,63568146;-5,62395100
13,64592146;-5,62395100
13,65616146;-5,62395100
13,66640146;-5,62395100
13,67664146;-5,62395100
13,68688146;-5,62395100
13,69712146;-5,62395100
13,70736146;-5,62395100
13,71760146;-5,80340000
13,72784146;-5,62395100
13,73808146;-5,62395100
13,74832146;-5,62395100
13,75856146;-5,80340000
13,76880146;-5,62395100
13,77904146;-5,80340000
13,78928146;-5,62395100
13,79952146;-5,44450200
13,80976146;-5,80340000
13,82000146;-5,62395100
13,83024146;-5,62395100
13,84048146;-5,62395100
13,85072146;-5,62395100
13,86096146;-5,80340000
13,87120146;-5,44450200
13,88144146;-5,62395100
13,89168146;-5,62395100
13,90192146;-5,44450200
13,91216146;-5,62395100
13,92240146;-5,62395100
13,93264146;-5,44450200
13,94288146;-5,62395100
13,95312146;-5,62395100
13,96336146;-5,80340000
13,97360146;-5,62395100
13,98384146;-5,44450200
13,99408146;-5,44450200
14,00432146;-5,80340000
14,01456146;-5,44450200
14,02480146;-5,62395100
14,03504146;-5,62395100
14,04528146;-5,62395100
14,05552146;-5,62395100
14,06576146;-5,62395100
14,07600146;-5,44450200
14,08624146;-5,62395100
14,09648146;-5,62395100
14,10672146;-5,44450200
14,11696146;-5,44450200
14,12720146;-5,62395100
14,13744146;-5,80340000
14,14768146;-5,44450200
14,15792146;-5,44450200
14,16816146;-5,62395100
14,17840146;-5,62395100
14,18864146;-5,44450200
14,19888146;-5,62395100
14,20912146;-5,62395100
14,21936146;-5,44450200
14,22960146;-5,62395100
14,23984146;-5,62395100
14,25008146;-5,44450200
14,26032146;-5,62395100
14,27056146;-5,44450200
14,28080146;-5,62395100
14,29104146;-5,44450200
14,30128146;-5,62395100
14,31152146;-5,44450200
14,32176146;-5,44450200
14,33200146;-5,62395100
14,34224146;-5,62395100
14,35248146;-5,62395100
14,36272146;-5,62395100
14,37296146;-5,44450200
14,38320146;-5,44450200
14,39344146;-5,44450200
14,40368146;-5,62395100
14,41392146;-5,80340000
14,42416146;-5,44450200
14,43440146;-5,62395100
14,44464146;-5,62395100
14,45488146;-5,44450200
14,46512146;-5,62395100
14,47536146;-5,44450200
14,48560146;-5,62395100
14,49584146;-5,44450200
14,50608146;-5,62395100
14,51632146;-5,44450200
14,52656146;-5,44450200
14,53680146;-5,44450200
14,54704146;-5,44450200
14,55728146;-5,44450200
14,56752146;-5,44450200
14,57776146;-5,44450200
14,58800146;-5,44450200
14,59824146;-5,44450200
14,60848146;-5,44450200
14,61872146;-5,62395100
14,62896145;-5,44450200
14,63920145;-5,44450200
14,64944145;-5,62395100
14,65968145;-5,44450200
14,66992145;-5,62395100
14,68016145;-5,62395100
14,69040145;-5,44450200
14,70064145;-5,62395100
14,71088145;-5,62395100
14,72112145;-5,44450200
14,73136145;-5,44450200
14,74160145;-5,62395100
14,75184145;-5,44450200
14,76208145;-5,44450200
14,77232145;-5,44450200
14,78256145;-5,62395100
14,79280145;-5,62395100
14,80304145;-5,62395100
14,81328145;-5,44450200
14,82352145;-5,62395100
14,83376145;-5,44450200
14,84400145;-5,44450200
14,85424145;-5,44450200
14,86448145;-5,44450200
14,87472145;-5,62395100
14,88496145;-5,44450200
14,89520145;-5,44450200
14,90544145;-5,44450200
14,91568145;-5,44450200
14,92592145;-5,44450200
14,93616145;-5,62395100
14,94640145;-5,44450200
14,95664145;-5,44450200
14,96688145;-5,62395100
14,97712145;-5,62395100
14,98736145;-5,44450200
14,99760145;-5,44450200
15,00784145;-5,44450200
15,01808145;-5,44450200
15,02832145;-5,44450200
15,03856145;-5,62395100
15,04880145;-5,62395100
15,05904145;-5,44450200
15,06928145;-5,44450200
15,07952145;-5,44450200
15,08976145;-5,44450200
15,10000145;-5,44450200
15,11024145;-5,44450200
15,12048145;-5,62395100
15,13072145;-5,44450200
15,14096145;-5,44450200
15,15120145;-5,44450200
15,16144145;-5,44450200
15,17168145;-5,62395100
15,18192145;-5,44450200
15,19216145;-5,44450200
15,20240145;-5,44450200
15,21264145;-5,44450200
15,22288145;-5,44450200
15,23312145;-5,44450200
15,24336145;-5,44450200
15,25360145;-5,44450200
15,26384145;-5,44450200
15,27408145;-5,62395100
15,28432145;-5,44450200
15,29456145;-5,44450200
15,30480145;-5,44450200
15,31504145;-5,44450200
15,32528145;-5,44450200
15,33552145;-5,44450200
15,34576145;-5,44450200
15,35600145;-5,44450200
15,36624145;-5,44450200
15,37648145;-5,44450200
15,38672145;-5,44450200
15,39696145;-5,44450200
15,40720145;-5,44450200
15,41744145;-5,44450200
15,42768145;-5,44450200
15,43792145;-5,44450200
15,44816145;-5,44450200
15,45840145;-5,44450200
15,46864145;-5,44450200
15,47888145;-5,44450200
15,48912145;-5,44450200
15,49936145;-5,44450200
15,50960145;-5,44450200
15,51984145;-5,44450200
15,53008145;-5,44450200
15,54032145;-5,44450200
15,55056145;-5,44450200
15,56080145;-5,44450200
15,57104145;-5,44450200
15,58128145;-5,44450200
15,59152145;-5,44450200
15,60176145;-5,44450200
15,61200145;-5,44450200
15,62224145;-5,44450200
15,63248145;-5,44450200
15,64272145;-5,44450200
15,65296145;-5,44450200
15,66320145;-5,44450200
15,67344145;-5,44450200
15,68368145;-5,44450200
15,69392145;-5,44450200
15,70416145;-5,44450200
15,71440145;-5,44450200
15,72464145;-5,44450200
15,73488145;-5,44450200
15,74512145;-5,44450200
15,75536145;-5,44450200
15,76560145;-5,44450200
15,77584145;-5,44450200
15,78608145;-5,44450200
15,79632145;-5,44450200
15,80656145;-5,44450200
15,81680145;-5,44450200
15,82704145;-5,44450200
15,83728145;-5,44450200
15,84752145;-5,44450200
15,85776145;-5,44450200
15,86800145;-5,44450200
15,87824145;-5,44450200
15,88848145;-5,44450200
15,89872145;-5,44450200
15,90896145;-5,44450200
15,91920145;-5,44450200
15,92944145;-5,44450200
15,93968145;-5,44450200
15,94992145;-5,44450200
15,96016145;-5,44450200
15,97040145;-5,44450200
15,98064145;-5,44450200
15,99088145;-5,44450200
16,00112145;-5,44450200
16,01136145;-5,44450200
16,02160145;-5,44450200
16,03184145;-5,44450200
16,04208145;-5,44450200
16,05232145;-5,44450200
16,06256145;-5,44450200
16,07280145;-5,44450200
16,08304145;-5,44450200
16,09328145;-5,44450200
16,10352145;-5,44450200
16,11376145;-5,44450200
16,12400145;-5,44450200
16,13424145;-5,44450200
16,14448145;-5,44450200
16,15472145;-5,44450200
16,16496145;-5,44450200
16,17520145;-5,44450200
16,18544145;-5,44450200
16,19568145;-5,44450200
16,20592145;-5,44450200
16,21616145;-5,44450200
16,22640145;-5,44450200
16,23664145;-5,44450200
16,24688145;-5,44450200
16,25712145;-5,44450200
16,26736144;-5,44450200
16,27760144;-5,44450200
16,28784144;-5,44450200
16,29808144;-5,44450200
16,30832144;-5,44450200
16,31856144;-5,44450200
16,32880144;-5,44450200
16,33904144;-5,44450200
16,34928144;-5,44450200
16,35952144;-5,44450200
16,36976144;-5,44450200
16,38000144;-5,44450200
16,39024144;-5,44450200
16,40048144;-5,44450200
16,41072144;-5,44450200
16,42096144;-5,44450200
16,43120144;-5,44450200
16,44144144;-5,44450200
16,45168144;-5,44450200
16,46192144;-5,44450200
16,47216144;-5,44450200
16,48240144;-5,44450200
16,49264144;-5,44450200
16,50288144;-5,44450200
16,51312144;-5,44450200
16,52336144;-5,44450200
16,53360144;-5,44450200
16,54384144;-5,44450200
16,55408144;-5,44450200
16,56432144;-5,44450200
16,57456144;-5,44450200
16,58480144;-5,44450200
16,59504144;-5,44450200
16,60528144;-5,44450200
16,61552144;-5,44450200
16,62576144;-5,44450200
16,63600144;-5,44450200
16,64624144;-5,44450200
16,65648144;-5,44450200
16,66672144;-5,44450200
16,67696144;-5,44450200
16,68720144;-5,44450200
16,69744144;-5,44450200
16,70768144;-5,44450200
16,71792144;-5,44450200
16,72816144;-5,44450200
16,73840144;-5,44450200
16,74864144;-5,44450200
16,75888144;-5,44450200
16,76912144;-5,44450200
16,77936144;-5,44450200
16,78960144;-5,44450200
16,79984144;-5,44450200
16,81008144;-5,44450200
16,82032144;-5,44450200
16,83056144;-5,44450200
16,84080144;-5,44450200
16,85104144;-5,44450200
16,86128144;-5,44450200
16,87152144;-5,44450200
16,88176144;-5,44450200
16,89200144;-5,44450200
16,90224144;-5,44450200
16,91248144;-5,44450200
16,92272144;-5,44450200
16,93296144;-5,44450200
16,94320144;-5,44450200
16,95344144;-5,44450200
16,96368144;-5,44450200
16,97392144;-5,44450200
16,98416144;-5,44450200
16,99440144;-5,44450200
17,00464144;-5,44450200
17,01488144;-5,44450200
17,02512144;-5,44450200
17,03536144;-5,44450200
17,04560144;-5,44450200
17,05584144;-5,44450200
17,06608144;-5,44450200
17,07632144;-5,44450200
17,08656144;-5,44450200
17,09680144;-5,44450200
17,10704144;-5,44450200
17,11728144;-5,44450200
17,12752144;-5,44450200
17,13776144;-5,44450200
17,14800144;-5,44450200
17,15824144;-5,44450200
17,16848144;-5,44450200
17,17872144;-5,44450200
17,18896144;-5,44450200
17,19920144;-5,44450200
17,20944144;-5,44450200
17,21968144;-5,44450200
17,22992144;-5,44450200
17,24016144;-5,44450200
17,25040144;-5,44450200
17,26064144;-5,44450200
17,27088144;-5,44450200
17,28112144;-5,44450200
17,29136144;-5,44450200
17,30160144;-5,44450200
17,31184144;-5,44450200
17,32208144;-5,44450200
17,33232144;-5,44450200
17,34256144;-5,44450200
17,35280144;-5,44450200
17,36304144;-5,44450200
17,37328144;-5,44450200
17,38352144;-5,44450200
17,39376144;-5,44450200
17,40400144;-5,44450200
17,41424144;-5,44450200
17,42448144;-5,44450200
17,43472144;-5,44450200
17,44496144;-5,44450200
17,45520144;-5,44450200
17,46544144;-5,44450200
17,47568144;-5,44450200
17,48592144;-5,44450200
17,49616144;-5,44450200
17,50640144;-5,44450200
17,51664144;-5,44450200
17,52688144;-5,44450200
17,53712144;-5,44450200
17,54736144;-5,44450200
17,55760144;-5,44450200
17,56784144;-5,44450200
17,57808144;-5,44450200
17,58832144;-5,44450200
17,59856144;-5,44450200
17,60880144;-5,44450200
17,61904144;-5,44450200
17,62928144;-5,44450200
17,63952144;-5,44450200
17,64976144;-5,44450200
17,66000144;-5,44450200
17,67024144;-5,44450200
17,68048144;-5,44450200
17,69072144;-5,44450200
17,70096144;-5,44450200
17,71120144;-5,44450200
17,72144144;-5,44450200
17,73168144;-5,44450200
17,74192144;-5,44450200
17,75216144;-5,44450200
17,76240144;-5,44450200
17,77264144;-5,44450200
17,78288144;-5,44450200
17,79312144;-5,44450200
17,80336144;-5,44450200
17,81360144;-5,44450200
17,82384144;-5,44450200
17,83408144;-5,44450200
17,84432144;-5,44450200
17,85456144;-5,44450200
17,86480144;-5,44450200
17,87504144;-5,26444300
17,88528144;-5,44450200
17,89552144;-5,26444300
17,90576144;-5,44450200
17,91600143;-5,44450200
17,92624143;-5,44450200
17,93648143;-5,44450200
17,94672143;-5,44450200
17,95696143;-5,44450200
17,96720143;-5,44450200
17,97744143;-5,44450200
17,98768143;-5,44450200
17,99792143;-5,44450200
18,00816143;-5,44450200
18,01840143;-5,44450200
18,02864143;-5,44450200
18,03888143;-5,44450200
18,04912143;-5,44450200
18,05936143;-5,44450200
18,06960143;-5,44450200
18,07984143;-5,44450200
18,09008143;-5,44450200
18,10032143;-5,44450200
18,11056143;-5,44450200
18,12080143;-5,44450200
18,13104143;-5,44450200
18,14128143;-5,44450200
18,15152143;-5,44450200
18,16176143;-5,44450200
18,17200143;-5,44450200
18,18224143;-5,44450200
18,19248143;-5,44450200
18,20272143;-5,44450200
18,21296143;-5,44450200
18,22320143;-5,44450200
18,23344143;-5,44450200
18,24368143;-5,44450200
18,25392143;-5,44450200
18,26416143;-5,44450200
18,27440143;-5,44450200
18,28464143;-5,44450200
18,29488143;-5,44450200
18,30512143;-5,44450200
18,31536143;-5,44450200
18,32560143;-5,44450200
18,33584143;-5,26444300
18,34608143;-5,44450200
18,35632143;-5,26444300
18,36656143;-5,44450200
18,37680143;-5,44450200
18,38704143;-5,44450200
18,39728143;-5,44450200
18,40752143;-5,44450200
18,41776143;-5,44450200
18,42800143;-5,44450200
18,43824143;-5,26444300
18,44848143;-5,44450200
18,45872143;-5,44450200
18,46896143;-5,44450200
18,47920143;-5,44450200
18,48944143;-5,44450200
18,49968143;-5,44450200
18,50992143;-5,44450200
18,52016143;-5,44450200
18,53040143;-5,44450200
18,54064143;-5,44450200
18,55088143;-5,44450200
18,56112143;-5,44450200
18,57136143;-5,44450200
18,58160143;-5,44450200
18,59184143;-5,26444300
18,60208143;-5,44450200
18,61232143;-5,44450200
18,62256143;-5,26444300
18,63280143;-5,26444300
18,64304143;-5,26444300
18,65328143;-5,44450200
18,66352143;-5,44450200
18,67376143;-5,44450200
18,68400143;-5,44450200
18,69424143;-5,26444300
18,70448143;-5,26444300
18,71472143;-5,44450200
18,72496143;-5,44450200
18,73520143;-5,44450200
18,74544143;-5,26444300
18,75568143;-5,26444300
18,76592143;-5,44450200
18,77616143;-5,44450200
18,78640143;-5,44450200
18,79664143;-5,44450200
18,80688143;-5,26444300
18,81712143;-5,44450200
18,82736143;-5,26444300
18,83760143;-5,44450200
18,84784143;-5,44450200
18,85808143;-5,44450200
18,86832143;-5,44450200
18,87856143;-5,44450200
18,88880143;-5,44450200
18,89904143;-5,26444300
18,90928143;-5,26444300
18,91952143;-5,26444300
18,92976143;-5,44450200
18,94000143;-5,26444300
18,95024143;-5,26444300
18,96048143;-5,44450200
18,97072143;-5,26444300
18,98096143;-5,26444300
18,99120143;-5,44450200
19,00144143;-5,26444300
19,01168143;-5,26444300
19,02192143;-5,44450200
19,03216143;-5,26444300
19,04240143;-5,08499400
19,05264143;-5,26444300
19,06288143;-5,08499400
19,07312143;-5,08499400
19,08336143;-5,08499400
19,09360143;-4,90554500
19,10384143;-4,72609600
19,11408143;-4,72609600
19,12432143;-4,72609600
19,13456143;-4,72609600
19,14480143;-4,72609600
19,15504143;-4,72609600
19,16528143;-4,54664800
19,17552143;-4,36658800
19,18576143;-4,36658800
19,19600143;-4,36658800
19,20624143;-4,00769000
19,21648143;-4,00769000
19,22672143;-4,00769000
19,23696143;-4,00769000
19,24720143;-4,00769000
19,25744143;-4,00769000
19,26768143;-4,00769000
19,27792143;-3,82824200
19,28816143;-3,64879300
19,29840143;-3,64879300
19,30864143;-3,64879300
19,31888143;-3,64879300
19,32912143;-3,64879300
19,33936143;-3,64879300
19,34960143;-3,64879300
19,35984143;-3,46873400
19,37008143;-3,46873400
19,38032143;-3,28928500
19,39056143;-3,28928500
19,40080143;-3,10983600
19,41104143;-3,10983600
19,42128143;-3,10983600
19,43152143;-3,10983600
19,44176143;-3,10983600
19,45200143;-2,93038700
19,46224143;-3,10983600
19,47248143;-2,93038700
19,48272143;-2,93038700
19,49296143;-2,75093800
19,50320143;-2,57087900
19,51344143;-2,57087900
19,52368143;-2,57087900
19,53392143;-2,57087900
19,54416143;-2,57087900
19,55440143;-2,57087900
19,56464142;-2,57087900
19,57488142;-2,39143000
19,58512142;-2,39143000
19,59536142;-2,21198200
19,60560142;-2,21198200
19,61584142;-2,21198200
19,62608142;-2,21198200
19,63632142;-2,21198200
19,64656142;-2,21198200
19,65680142;-2,03253300
19,66704142;-1,85308400
19,67728142;-1,85308400
19,68752142;-1,85308400
19,69776142;-1,67302500
19,70800142;-1,49357600
19,71824142;-1,49357600
19,72848142;-1,67302500
19,73872142;-1,49357600
19,74896142;-1,49357600
19,75920142;-1,49357600
19,76944142;-1,49357600
19,77968142;-1,31412700
19,78992142;-1,13467800
19,80016142;-1,13467800
19,81040142;-1,13467800
19,82064142;-1,13467800
19,83088142;-1,13467800
19,84112142;-1,13467800
19,85136142;-0,77517010
19,86160142;-0,95522930
19,87184142;-0,77517010
19,88208142;-0,77517010
19,89232142;-0,59572130
19,90256142;-0,59572130
19,91280142;-0,41627250
19,92304142;-0,41627250
19,93328142;-0,41627250
19,94352142;-0,41627250
19,95376142;-0,41627250
19,96400142;-0,41627250
19,97424142;-0,23682360
19,98448142;-0,23682360
19,99472142;-0,05737480
20,00496142;-0,05737480
20,01520142;-0,05737480
20,02544142;-0,05737480
20,03568142;-0,05737480
20,04592142;-0,05737480
20,05616142;0,30152290
20,06640142;0,30152290
20,07664142;0,30152290
20,08688142;0,30152290
20,09712142;0,48097170
20,10736142;0,66042050
20,11760142;0,66042050
20,12784142;0,66042050
20,13808142;0,66042050
20,14832142;0,66042050
20,15856142;0,66042050
20,16880142;0,84047970
20,17904142;0,84047970
20,18928142;1,01992900
20,19952142;1,19937700
20,20976142;1,19937700
20,22000142;1,19937700
20,23024142;1,01992900
20,24048142;1,19937700
20,25072142;1,37882600
20,26096142;1,37882600
20,27120142;1,37882600
20,28144142;1,37882600
20,29168142;1,37882600
20,30192142;1,73833400
20,31216142;1,73833400
20,32240142;1,73833400
20,33264142;1,73833400
20,34288142;1,73833400
20,35312142;1,73833400
20,36336142;1,91778300
20,37360142;1,91778300
20,38384142;1,91778300
20,39408142;2,09723200
20,40432142;2,09723200
20,41456142;2,09723200
20,42480142;2,09723200
20,43504142;2,09723200
20,44528142;2,09723200
20,45552142;2,09723200
20,46576142;2,27668100
20,47600142;2,27668100
20,48624142;2,45613000
20,49648142;2,45613000
20,50672142;2,63618900
20,51696142;2,63618900
20,52720142;2,63618900
20,53744142;2,81563800
20,54768142;2,81563800
20,55792142;2,81563800
20,56816142;2,81563800
20,57840142;2,81563800
20,58864142;2,99508600
20,59888142;3,17453500
20,60912142;2,99508600
20,61936142;3,17453500
20,62960142;3,17453500
20,63984142;3,17453500
20,65008142;3,17453500
20,66032142;3,17453500
20,67056142;3,17453500
20,68080142;3,17453500
20,69104142;3,53404300
20,70128142;3,53404300
20,71152142;3,53404300
20,72176142;3,53404300
20,73200142;3,53404300
20,74224142;3,53404300
20,75248142;3,53404300
20,76272142;3,53404300
20,77296142;3,71349200
20,78320142;3,71349200
20,79344142;3,89294100
20,80368142;3,89294100
20,81392142;3,89294100
20,82416142;3,89294100
20,83440142;3,89294100
20,84464142;3,89294100
20,85488142;3,89294100
20,86512142;4,07239000
20,87536142;4,25183900
20,88560142;4,25183900
20,89584142;4,25183900
20,90608142;4,25183900
20,91632142;4,25183900
20,92656142;4,43189800
20,93680142;4,43189800
20,94704142;4,61134700
20,95728142;4,61134700
20,96752142;4,61134700
20,97776142;4,61134700
20,98800142;4,79079600
20,99824142;4,97024400
21,00848142;4,97024400
21,01872142;4,97024400
21,02896142;4,97024400
21,03920142;4,97024400
21,04944142;4,97024400
21,05968142;4,97024400
21,06992142;5,14969300
21,08016142;5,14969300
21,09040142;5,32975200
21,10064142;5,32975200
21,11088142;5,32975200
21,12112142;5,32975200
21,13136142;5,32975200
21,14160142;5,32975200
21,15184142;5,50920200
21,16208142;5,50920200
21,17232142;5,68865000
21,18256142;5,68865000
21,19280142;5,68865000
21,20304141;5,68865000
21,21328141;5,68865000
21,22352141;5,68865000
21,23376141;5,68865000
21,24400141;5,86809900
21,25424141;5,86809900
21,26448141;6,04754800
21,27472141;6,04754800
21,28496141;6,04754800
21,29520141;6,04754800
21,30544141;6,22760700
21,31568141;6,22760700
21,32592141;6,40705600
21,33616141;6,40705600
21,34640141;6,40705600
21,35664141;6,40705600
21,36688141;6,40705600
21,37712141;6,40705600
21,38736141;6,58650500
21,39760141;6,76595400
21,40784141;6,76595400
21,41808141;6,76595400
21,42832141;6,94540200
21,43856141;6,94540200
21,44880141;6,94540200
21,45904141;7,12546200
21,46928141;7,12546200
21,47952141;7,12546200
21,48976141;7,12546200
21,50000141;7,30491100
21,51024141;7,48435900
21,52048141;7,48435900
21,53072141;7,48435900
21,54096141;7,48435900
21,55120141;7,48435900
21,56144141;7,48435900
21,57168141;7,66380800
21,58192141;7,66380800
21,59216141;7,84325700
21,60240141;7,84325700
21,61264141;7,84325700
21,62288141;7,84325700
21,63312141;7,84325700
21,64336141;7,84325700
21,65360141;7,84325700
21,66384141;8,20276500
21,67408141;8,20276500
21,68432141;8,20276500
21,69456141;8,20276500
21,70480141;8,20276500
21,71504141;8,20276500
21,72528141;8,38221400
21,73552141;8,38221400
21,74576141;8,38221400
21,75600141;8,38221400
21,76624141;8,56166300
21,77648141;8,56166300
21,78672141;8,56166300
21,79696141;8,56166300
21,80720141;8,56166300
21,81744141;8,56166300
21,82768141;8,56166300
21,83792141;8,74111200
21,84816141;8,92117000
21,85840141;8,74111200
21,86864141;8,92117000
21,87888141;8,92117000
21,88912141;8,92117000
21,89936141;8,92117000
21,90960141;8,92117000
21,91984141;9,10061900
21,93008141;9,10061900
21,94032141;9,28006800
21,95056141;9,28006800
21,96080141;9,28006800
21,97104141;9,28006800
21,98128141;9,28006800
21,99152141;9,28006800
22,00176141;9,45951700
22,01200141;9,45951700
22,02224141;9,45951700
22,03248141;9,45951700
22,04272141;9,45951700
22,05296141;9,63896600
22,06320141;9,63896600
22,07344141;9,63896600
22,08368141;9,63896600
22,09392141;9,81902500
22,10416141;9,81902500
22,11440141;9,81902500
22,12464141;9,81902500
22,13488141;9,81902500
22,14512141;9,99847400
22,15536141;9,99847400
22,16560141;9,99847400
22,17584141;9,99847400
22,18608141;9,99847400
22,19632141;9,99847400
22,20656141;9,99847400
22,21680141;9,99847400
22,22704141;9,99847400
22,23728141;9,99847400
22,24752141;9,99847400
22,25776141;9,99847400
22,26800141;9,99847400
22,27824141;9,99847400
22,28848141;10,17792000
22,29872141;10,17792000
22,30896141;10,17792000
22,31920141;10,17792000
22,32944141;10,17792000
22,33968141;10,17792000
22,34992141;10,17792000
22,36016141;10,17792000
22,37040141;10,35737000
22,38064141;10,35737000
22,39088141;10,35737000
22,40112141;10,35737000
22,41136141;10,53682000
22,42160141;10,35737000
22,43184141;10,35737000
22,44208141;10,35737000
22,45232141;10,53682000
22,46256141;10,53682000
22,47280141;10,71688000
22,48304141;10,71688000
22,49328141;10,71688000
22,50352141;10,71688000
22,51376141;10,71688000
22,52400141;10,71688000
22,53424141;10,71688000
22,54448141;10,71688000
22,55472141;10,89633000
22,56496141;11,07578000
22,57520141;10,89633000
22,58544141;11,07578000
22,59568141;11,07578000
22,60592141;11,07578000
22,61616141;11,25523000
22,62640141;11,07578000
22,63664141;11,25523000
22,64688141;11,25523000
22,65712141;11,25523000
22,66736141;11,25523000
22,67760141;11,43529000
22,68784141;11,43529000
22,69808141;11,43529000
22,70832141;11,43529000
22,71856141;11,43529000
22,72880141;11,43529000
22,73904141;11,43529000
22,74928141;11,43529000
22,75952141;11,43529000
22,76976141;11,43529000
22,78000141;11,43529000
22,79024141;11,61473000
22,80048141;11,61473000
22,81072141;11,61473000
22,82096141;11,79418000
22,83120141;11,79418000
22,84144141;11,79418000
22,85168140;11,61473000
22,86192140;11,79418000
22,87216140;11,79418000
22,88240140;11,79418000
22,89264140;11,79418000
22,90288140;11,79418000
22,91312140;11,79418000
22,92336140;11,79418000
22,93360140;11,79418000
22,94384140;11,79418000
22,95408140;11,79418000
22,96432140;11,79418000
22,97456140;11,97363000
22,98480140;11,79418000
22,99504140;11,97363000
23,00528140;11,97363000
23,01552140;11,97363000
23,02576140;11,97363000
23,03600140;11,97363000
23,04624140;11,97363000
23,05648140;11,97363000
23,06672140;11,97363000
23,07696140;12,15308000
23,08720140;11,97363000
23,09744140;12,15308000
23,10768140;12,15308000
23,11792140;11,97363000
23,12816140;12,15308000
23,13840140;12,15308000
23,14864140;11,97363000
23,15888140;11,97363000
23,16912140;12,15308000
23,17936140;12,15308000
23,18960140;12,15308000
23,19984140;12,15308000
23,21008140;12,15308000
23,22032140;12,15308000
23,23056140;12,15308000
23,24080140;12,15308000
23,25104140;12,15308000
23,26128140;12,15308000
23,27152140;12,15308000
23,28176140;12,15308000
23,29200140;12,15308000
23,30224140;12,15308000
23,31248140;12,15308000
23,32272140;12,15308000
23,33296140;12,15308000
23,34320140;12,15308000
23,35344140;12,15308000
23,36368140;12,15308000
23,37392140;12,15308000
23,38416140;12,15308000
23,39440140;12,15308000
23,40464140;12,15308000
23,41488140;12,15308000
23,42512140;12,15308000
23,43536140;12,15308000
23,44560140;12,15308000
23,45584140;12,15308000
23,46608140;12,15308000
23,47632140;12,15308000
23,48656140;12,15308000
23,49680140;12,15308000
23,50704140;12,15308000
23,51728140;12,15308000
23,52752140;12,15308000
23,53776140;12,15308000
23,54800140;12,15308000
23,55824140;12,15308000
23,56848140;12,15308000
23,57872140;12,15308000
23,58896140;12,15308000
23,59920140;12,15308000
23,60944140;12,15308000
23,61968140;12,15308000
23,62992140;12,15308000
23,64016140;12,15308000
23,65040140;12,15308000
23,66064140;12,15308000
23,67088140;12,33314000
23,68112140;12,15308000
23,69136140;12,15308000
23,70160140;12,15308000
23,71184140;12,15308000
23,72208140;12,15308000
23,73232140;12,15308000
23,74256140;12,15308000
23,75280140;12,15308000
23,76304140;12,15308000
23,77328140;12,15308000
23,78352140;12,15308000
23,79376140;12,15308000
23,80400140;12,15308000
23,81424140;12,15308000
23,82448140;12,15308000
23,83472140;12,15308000
23,84496140;12,15308000
23,85520140;12,15308000
23,86544140;12,15308000
23,87568140;12,15308000
23,88592140;12,15308000
23,89616140;12,33314000
23,90640140;12,33314000
23,91664140;12,15308000
23,92688140;12,15308000
23,93712140;12,33314000
23,94736140;12,15308000
23,95760140;12,33314000
23,96784140;12,15308000
23,97808140;12,15308000
23,98832140;12,15308000
23,99856140;12,33314000
24,00880140;12,15308000
24,01904140;12,15308000
24,02928140;12,33314000
24,03952140;12,33314000
24,04976140;12,15308000
24,06000140;12,15308000
24,07024140;12,15308000
24,08048140;12,15308000
24,09072140;12,33314000
24,10096140;12,33314000
24,11120140;12,15308000
24,12144140;12,15308000
24,13168140;12,33314000
24,14192140;12,33314000
24,15216140;12,33314000
24,16240140;12,15308000
24,17264140;12,33314000
24,18288140;12,33314000
24,19312140;12,33314000
24,20336140;12,15308000
24,21360140;12,33314000
24,22384140;12,15308000
24,23408140;12,33314000
24,24432140;12,51259000
24,25456140;12,33314000
24,26480140;12,15308000
24,27504140;12,33314000
24,28528140;12,33314000
24,29552140;12,33314000
24,30576140;12,33314000
24,31600140;12,15308000
24,32624140;12,15308000
24,33648140;12,33314000
24,34672140;12,15308000
24,35696140;12,15308000
24,36720140;12,33314000
24,37744140;12,33314000
24,38768140;12,33314000
24,39792140;12,33314000
24,40816140;12,15308000
24,41840140;12,15308000
24,42864140;12,15308000
24,43888140;12,33314000
24,44912140;12,15308000
24,45936140;12,15308000
24,46960140;12,15308000
24,47984140;12,15308000
24,49008140;12,33314000
24,50032139;12,15308000
24,51056139;12,15308000
24,52080139;12,15308000
24,53104139;12,15308000
24,54128139;12,15308000
24,55152139;12,15308000
24,56176139;12,15308000
24,57200139;12,15308000
24,58224139;12,15308000
24,59248139;12,15308000
24,60272139;12,15308000
24,61296139;12,15308000
24,62320139;12,15308000
24,63344139;12,15308000
24,64368139;12,15308000
24,65392139;11,97363000
24,66416139;11,97363000
24,67440139;12,15308000
24,68464139;12,15308000
24,69488139;11,97363000
24,70512139;11,97363000
24,71536139;11,79418000
24,72560139;11,79418000
24,73584139;11,79418000
24,74608139;11,79418000
24,75632139;11,79418000
24,76656139;11,79418000
24,77680139;11,79418000
24,78704139;11,79418000
24,79728139;11,79418000
24,80752139;11,79418000
24,81776139;11,79418000
24,82800139;11,61473000
24,83824139;11,79418000
24,84848139;11,61473000
24,85872139;11,79418000
24,86896139;11,79418000
24,87920139;11,79418000
24,88944139;11,79418000
24,89968139;11,79418000
24,90992139;11,61473000
24,92016139;11,43529000
24,93040139;11,43529000
24,94064139;11,61473000
24,95088139;11,61473000
24,96112139;11,61473000
24,97136139;11,79418000
24,98160139;11,79418000
24,99184139;11,79418000
25,00208139;11,79418000
25,01232139;11,61473000
25,02256139;11,43529000
25,03280139;11,43529000
25,04304139;11,43529000
25,05328139;11,43529000
25,06352139;11,43529000
25,07376139;11,61473000
25,08400139;11,79418000
25,09424139;11,61473000
25,10448139;11,61473000
25,11472139;11,43529000
25,12496139;11,43529000
25,13520139;11,43529000
25,14544139;11,43529000
25,15568139;11,43529000
25,16592139;11,43529000
25,17616139;11,61473000
25,18640139;11,61473000
25,19664139;11,43529000
25,20688139;11,43529000
25,21712139;11,43529000
25,22736139;11,43529000
25,23760139;11,43529000
25,24784139;11,43529000
25,25808139;11,43529000
25,26832139;11,43529000
25,27856139;11,43529000
25,28880139;11,43529000
25,29904139;11,43529000
25,30928139;11,25523000
25,31952139;11,07578000
25,32976139;11,07578000
25,34000139;11,25523000
25,35024139;11,25523000
25,36048139;11,25523000
25,37072139;11,25523000
25,38096139;11,25523000
25,39120139;11,25523000
25,40144139;11,07578000
25,41168139;11,07578000
25,42192139;10,89633000
25,43216139;10,89633000
25,44240139;10,89633000
25,45264139;10,89633000
25,46288139;10,89633000
25,47312139;11,07578000
25,48336139;11,07578000
25,49360139;10,89633000
25,50384139;10,89633000
25,51408139;10,71688000
25,52432139;10,71688000
25,53456139;10,71688000
25,54480139;10,71688000
25,55504139;10,71688000
25,56528139;10,53682000
25,57552139;10,71688000
25,58576139;10,71688000
25,59600139;10,71688000
25,60624139;10,71688000
25,61648139;10,35737000
25,62672139;10,35737000
25,63696139;10,35737000
25,64720139;10,35737000
25,65744139;10,35737000
25,66768139;10,35737000
25,67792139;10,35737000
25,68816139;10,35737000
25,69840139;10,35737000
25,70864139;9,99847400
25,71888139;9,99847400
25,72912139;9,99847400
25,73936139;9,99847400
25,74960139;9,99847400
25,75984139;9,99847400
25,77008139;9,99847400
25,78032139;9,99847400
25,79056139;9,99847400
25,80080139;9,99847400
25,81104139;9,99847400
25,82128139;9,81902500
25,83152139;9,63896600
25,84176139;9,81902500
25,85200139;9,81902500
25,86224139;9,81902500
25,87248139;9,63896600
25,88272139;9,81902500
25,89296139;9,81902500
25,90320139;9,63896600
25,91344139;9,63896600
25,92368139;9,45951700
25,93392139;9,28006800
25,94416139;9,45951700
25,95440139;9,28006800
25,96464139;9,45951700
25,97488139;9,28006800
25,98512139;9,45951700
25,99536139;9,28006800
26,00560139;9,28006800
26,01584139;9,28006800
26,02608139;9,10061900
26,03632139;9,10061900
26,04656139;9,10061900
26,05680139;9,10061900
26,06704139;8,92117000
26,07728139;9,10061900
26,08752139;9,10061900
26,09776139;8,92117000
26,10800139;8,92117000
26,11824139;8,92117000
26,12848139;8,56166300
26,13872138;8,56166300
26,14896138;8,56166300
26,15920138;8,74111200
26,16944138;8,56166300
26,17968138;8,74111200
26,18992138;8,74111200
26,20016138;8,56166300
26,21040138;8,56166300
26,22064138;8,56166300
26,23088138;8,38221400
26,24112138;8,38221400
26,25136138;8,38221400
26,26160138;8,56166300
26,27184138;8,20276500
26,28208138;8,20276500
26,29232138;8,20276500
26,30256138;8,20276500
26,31280138;8,20276500
26,32304138;8,02331600
26,33328138;7,84325700
26,34352138;8,02331600
26,35376138;7,84325700
26,36400138;7,84325700
26,37424138;7,84325700
26,38448138;7,84325700
26,39472138;7,84325700
26,40496138;7,84325700
26,41520138;7,66380800
26,42544138;7,48435900
26,43568138;7,48435900
26,44592138;7,48435900
26,45616138;7,48435900
26,46640138;7,48435900
26,47664138;7,48435900
26,48688138;7,12546200
26,49712138;7,12546200
26,50736138;7,12546200
26,51760138;7,12546200
26,52784138;7,12546200
26,53808138;7,12546200
26,54832138;6,94540200
26,55856138;6,94540200
26,56880138;6,76595400
26,57904138;6,76595400
26,58928138;6,58650500
26,59952138;6,58650500
26,60976138;6,58650500
26,62000138;6,40705600
26,63024138;6,40705600
26,64048138;6,22760700
26,65072138;6,40705600
26,66096138;6,40705600
26,67120138;6,22760700
26,68144138;6,22760700
26,69168138;6,22760700
26,70192138;6,22760700
26,71216138;6,04754800
26,72240138;6,04754800
26,73264138;5,68865000
26,74288138;5,68865000
26,75312138;5,86809900
26,76336138;5,68865000
26,77360138;5,68865000
26,78384138;5,86809900
26,79408138;6,04754800
26,80432138;5,68865000
26,81456138;5,68865000
26,82480138;5,68865000
26,83504138;5,32975200
26,84528138;5,32975200
26,85552138;5,32975200
26,86576138;5,32975200
26,87600138;5,32975200
26,88624138;5,32975200
26,89648138;5,32975200
26,90672138;5,32975200
26,91696138;5,14969300
26,92720138;4,97024400
26,93744138;4,79079600
26,94768138;4,79079600
26,95792138;4,61134700
26,96816138;4,79079600
26,97840138;4,79079600
26,98864138;4,97024400
26,99888138;4,61134700
27,00912138;4,61134700
27,01936138;4,61134700
27,02960138;4,25183900
27,03984138;4,25183900
27,05008138;4,25183900
27,06032138;4,25183900
27,07056138;4,25183900
27,08080138;4,25183900
27,09104138;4,25183900
27,10128138;4,25183900
27,11152138;4,25183900
27,12176138;3,89294100
27,13200138;3,71349200
27,14224138;3,53404300
27,15248138;3,53404300
27,16272138;3,53404300
27,17296138;3,71349200
27,18320138;3,53404300
27,19344138;3,53404300
27,20368138;3,53404300
27,21392138;3,53404300
27,22416138;3,35398400
27,23440138;3,17453500
27,24464138;2,99508600
27,25488138;3,17453500
27,26512138;3,17453500
27,27536138;3,17453500
27,28560138;3,17453500
27,29584138;3,17453500
27,30608138;2,99508600
27,31632138;2,81563800
27,32656138;2,63618900
27,33680138;2,45613000
27,34704138;2,27668100
27,35728138;2,45613000
27,36752138;2,45613000
27,37776138;2,45613000
27,38800138;2,45613000
27,39824138;2,45613000
27,40848138;2,27668100
27,41872138;2,09723200
27,42896138;1,91778300
27,43920138;1,73833400
27,44944138;1,73833400
27,45968138;1,73833400
27,46992138;1,73833400
27,48016138;1,73833400
27,49040138;1,73833400
27,50064138;1,73833400
27,51088138;1,55827500
27,52112138;1,37882600
27,53136138;1,01992900
27,54160138;1,01992900
27,55184138;1,01992900
27,56208138;1,01992900
27,57232138;1,01992900
27,58256138;1,01992900
27,59280138;1,01992900
27,60304138;1,01992900
27,61328138;0,84047970
27,62352138;0,66042050
27,63376138;0,66042050
27,64400138;0,30152290
27,65424138;0,48097170
27,66448138;0,48097170
27,67472138;0,66042050
27,68496138;0,66042050
27,69520138;0,66042050
27,70544138;0,66042050
27,71568138;0,48097170
27,72592138;0,30152290
27,73616138;-0,05737480
27,74640138;-0,05737480
27,75664138;-0,05737480
27,76688138;0,12207400
27,77712138;-0,05737480
27,78736137;0,12207400
27,79760137;-0,05737480
27,80784137;-0,05737480
27,81808137;-0,05737480
27,82832137;-0,41627250
27,83856137;-0,59572130
27,84880137;-0,41627250
27,85904137;-0,41627250
27,86928137;-0,41627250
27,87952137;-0,41627250
27,88976137;-0,41627250
27,90000137;-0,41627250
27,91024137;-0,77517010
27,92048137;-0,77517010
27,93072137;-1,13467800
27,94096137;-1,13467800
27,95120137;-1,13467800
27,96144137;-1,13467800
27,97168137;-1,13467800
27,98192137;-1,13467800
27,99216137;-1,13467800
28,00240137;-1,31412700
28,01264137;-1,49357600
28,02288137;-1,49357600
28,03312137;-1,85308400
28,04336137;-1,85308400
28,05360137;-1,85308400
28,06384137;-1,85308400
28,07408137;-1,85308400
28,08432137;-1,85308400
28,09456137;-1,85308400
28,10480137;-2,03253300
28,11504137;-2,21198200
28,12528137;-2,39143000
28,13552137;-2,57087900
28,14576137;-2,57087900
28,15600137;-2,57087900
28,16624137;-2,57087900
28,17648137;-2,57087900
28,18672137;-2,57087900
28,19696137;-2,57087900
28,20720137;-2,57087900
28,21744137;-2,93038700
28,22768137;-2,93038700
28,23792137;-3,10983600
28,24816137;-3,10983600
28,25840137;-3,10983600
28,26864137;-3,10983600
28,27888137;-3,10983600
28,28912137;-2,93038700
28,29936137;-3,10983600
28,30960137;-3,28928500
28,31984137;-3,28928500
28,33008137;-3,46873400
28,34032137;-3,64879300
28,35056137;-3,64879300
28,36080137;-3,64879300
28,37104137;-3,64879300
28,38128137;-3,64879300
28,39152137;-3,64879300
28,40176137;-3,64879300
28,41200137;-3,64879300
28,42224137;-3,82824200
28,43248137;-4,00769000
28,44272137;-4,00769000
28,45296137;-4,00769000
28,46320137;-4,00769000
28,47344137;-4,00769000
28,48368137;-4,00769000
28,49392137;-4,00769000
28,50416137;-4,00769000
28,51440137;-4,18714000
28,52464137;-4,36658800
28,53488137;-4,36658800
28,54512137;-4,36658800
28,55536137;-4,36658800
28,56560137;-4,36658800
28,57584137;-4,36658800
28,58608137;-4,36658800
28,59632137;-4,36658800
28,60656137;-4,54664800
28,61680137;-4,72609600
28,62704137;-4,90554500
28,63728137;-5,08499400
28,64752137;-5,08499400
28,65776137;-5,08499400
28,66800137;-5,08499400
28,67824137;-5,08499400
28,68848137;-5,08499400
28,69872137;-5,08499400
28,70896137;-5,08499400
28,71920137;-5,26444300
28,72944137;-5,44450200
28,73968137;-5,44450200
28,74992137;-5,44450200
28,76016137;-5,44450200
28,77040137;-5,44450200
28,78064137;-5,44450200
28,79088137;-5,44450200
28,80112137;-5,44450200
28,81136137;-5,80340000
28,82160137;-5,80340000
28,83184137;-5,98284900
28,84208137;-5,80340000
28,85232137;-5,80340000
28,86256137;-5,80340000
28,87280137;-5,80340000
28,88304137;-5,80340000
28,89328137;-5,98284900
28,90352137;-5,80340000
28,91376137;-5,98284900
28,92400137;-5,80340000
28,93424137;-5,98284900
28,94448137;-5,98284900
28,95472137;-5,80340000
28,96496137;-5,98284900
28,97520137;-5,80340000
28,98544137;-5,80340000
28,99568137;-5,80340000
29,00592137;-5,80340000
29,01616137;-5,80340000
29,02640137;-5,98284900
29,03664137;-5,80340000
29,04688137;-5,80340000
29,05712137;-5,98284900
29,06736137;-5,80340000
29,07760137;-5,80340000
29,08784137;-5,98284900
29,09808137;-5,80340000
29,10832137;-5,80340000
29,11856137;-5,98284900
29,12880137;-5,80340000
29,13904137;-5,80340000
29,14928137;-5,80340000
29,15952137;-5,98284900
29,16976137;-5,98284900
29,18000137;-5,80340000
29,19024137;-5,80340000
29,20048137;-5,80340000
29,21072137;-5,80340000
29,22096137;-5,80340000
29,23120137;-5,80340000
29,24144137;-5,80340000
29,25168137;-5,80340000
29,26192137;-5,80340000
29,27216137;-5,80340000
29,28240137;-5,80340000
29,29264137;-5,80340000
29,30288137;-5,80340000
29,31312137;-5,80340000
29,32336137;-5,80340000
29,33360137;-5,80340000
29,34384137;-5,80340000
29,35408137;-5,80340000
29,36432137;-5,80340000
29,37456137;-5,80340000
29,38480137;-5,98284900
29,39504137;-5,80340000
29,40528137;-5,80340000
29,41552137;-5,80340000
29,42576137;-5,80340000
29,43600136;-5,80340000
29,44624136;-5,80340000
29,45648136;-5,80340000
29,46672136;-5,80340000
29,47696136;-5,80340000
29,48720136;-5,80340000
29,49744136;-5,80340000
29,50768136;-5,80340000
29,51792136;-5,80340000
29,52816136;-5,80340000
29,53840136;-5,80340000
29,54864136;-5,98284900
29,55888136;-5,80340000
29,56912136;-5,80340000
29,57936136;-5,80340000
29,58960136;-5,80340000
29,59984136;-5,80340000
29,61008136;-5,80340000
29,62032136;-5,80340000
29,63056136;-5,80340000
29,64080136;-5,80340000
29,65104136;-5,80340000
29,66128136;-5,80340000
29,67152136;-5,80340000
29,68176136;-5,80340000
29,69200136;-5,80340000
29,70224136;-5,80340000
29,71248136;-5,80340000
29,72272136;-5,80340000
29,73296136;-5,80340000
29,74320136;-5,80340000
29,75344136;-5,80340000
29,76368136;-5,80340000
29,77392136;-5,80340000
29,78416136;-5,80340000
29,79440136;-5,80340000
29,80464136;-5,80340000
29,81488136;-5,80340000
29,82512136;-5,80340000
29,83536136;-5,80340000
29,84560136;-5,80340000
29,85584136;-5,80340000
29,86608136;-5,80340000
29,87632136;-5,80340000
29,88656136;-5,80340000
29,89680136;-5,80340000
29,90704136;-5,80340000
29,91728136;-5,80340000
29,92752136;-5,80340000
29,93776136;-5,80340000
29,94800136;-5,80340000
29,95824136;-5,80340000
29,96848136;-5,80340000
29,97872136;-5,80340000
29,98896136;-5,80340000
29,99920136;-5,80340000
30,00944136;-5,80340000
30,01968136;-5,80340000
30,02992136;-5,80340000
30,04016136;-5,80340000
30,05040136;-5,80340000
30,06064136;-5,80340000
30,07088136;-5,80340000
30,08112136;-5,80340000
30,09136136;-5,80340000
30,10160136;-5,80340000
30,11184136;-5,80340000
30,12208136;-5,80340000
30,13232136;-5,80340000
30,14256136;-5,80340000
30,15280136;-5,80340000
30,16304136;-5,80340000
30,17328136;-5,80340000
30,18352136;-5,80340000
30,19376136;-5,80340000
30,20400136;-5,80340000
30,21424136;-5,80340000
30,22448136;-5,80340000
30,23472136;-5,80340000
30,24496136;-5,80340000
30,25520136;-5,80340000
30,26544136;-5,80340000
30,27568136;-5,80340000
30,28592136;-5,80340000
30,29616136;-5,80340000
30,30640136;-5,80340000
30,31664136;-5,80340000
30,32688136;-5,80340000
30,33712136;-5,80340000
30,34736136;-5,80340000
30,35760136;-5,80340000
30,36784136;-5,80340000
30,37808136;-5,80340000
30,38832136;-5,80340000
30,39856136;-5,80340000
30,40880136;-5,80340000
30,41904136;-5,80340000
30,42928136;-5,80340000
30,43952136;-5,80340000
30,44976136;-5,80340000
30,46000136;-5,80340000
30,47024136;-5,80340000
30,48048136;-5,80340000
30,49072136;-5,80340000
30,50096136;-5,80340000
30,51120136;-5,80340000
30,52144136;-5,80340000
30,53168136;-5,80340000
30,54192136;-5,80340000
30,55216136;-5,80340000
30,56240136;-5,80340000
30,57264136;-5,80340000
30,58288136;-5,80340000
30,59312136;-5,80340000
30,60336136;-5,80340000
30,61360136;-5,80340000
30,62384136;-5,80340000
30,63408136;-5,80340000
30,64432136;-5,80340000
30,65456136;-5,80340000
30,66480136;-5,80340000
30,67504136;-5,80340000
30,68528136;-5,80340000
30,69552136;-5,80340000
30,70576136;-5,80340000
30,71600136;-5,80340000
30,72624136;-5,80340000
30,73648136;-5,80340000
30,74672136;-5,80340000
30,75696136;-5,80340000
30,76720136;-5,80340000
30,77744136;-5,80340000
30,78768136;-5,80340000
30,79792136;-5,80340000
30,80816136;-5,80340000
30,81840136;-5,80340000
30,82864136;-5,80340000
30,83888136;-5,80340000
30,84912136;-5,80340000
30,85936136;-5,80340000
30,86960136;-5,80340000
30,87984136;-5,80340000
30,89008136;-5,80340000
30,90032136;-5,80340000
30,91056136;-5,80340000
30,92080136;-5,80340000
30,93104136;-5,80340000
30,94128136;-5,80340000
30,95152136;-5,80340000
30,96176136;-5,80340000
30,97200136;-5,80340000
30,98224136;-5,80340000
30,99248136;-5,80340000
31,00272136;-5,80340000
31,01296136;-5,80340000
31,02320136;-5,80340000
31,03344136;-5,80340000
31,04368136;-5,80340000
31,05392136;-5,80340000
31,06416136;-5,80340000
31,07440135;-5,80340000
31,08464135;-5,80340000
31,09488135;-5,80340000
31,10512135;-5,80340000
31,11536135;-5,80340000
31,12560135;-5,80340000
31,13584135;-5,80340000
31,14608135;-5,80340000
31,15632135;-5,80340000
31,16656135;-5,80340000
31,17680135;-5,80340000
31,18704135;-5,80340000
31,19728135;-5,80340000
31,20752135;-5,80340000
31,21776135;-5,80340000
31,22800135;-5,80340000
31,23824135;-5,80340000
31,24848135;-5,80340000
31,25872135;-5,80340000
31,26896135;-5,80340000
31,27920135;-5,80340000
31,28944135;-5,80340000
31,29968135;-5,80340000
31,30992135;-5,80340000
31,32016135;-5,80340000
31,33040135;-5,80340000
31,34064135;-5,80340000
31,35088135;-5,80340000
31,36112135;-5,80340000
31,37136135;-5,80340000
31,38160135;-5,80340000
31,39184135;-5,80340000
31,40208135;-5,80340000
31,41232135;-5,80340000
31,42256135;-5,80340000
31,43280135;-5,80340000
31,44304135;-5,80340000
31,45328135;-5,80340000
31,46352135;-5,80340000
31,47376135;-5,80340000
31,48400135;-5,80340000
31,49424135;-5,80340000
31,50448135;-5,80340000
31,51472135;-5,80340000
31,52496135;-5,80340000
31,53520135;-5,80340000
31,54544135;-5,80340000
31,55568135;-5,80340000
31,56592135;-5,80340000
31,57616135;-5,80340000
31,58640135;-5,80340000
31,59664135;-5,80340000
31,60688135;-5,80340000
31,61712135;-5,80340000
31,62736135;-5,80340000
31,63760135;-5,80340000
31,64784135;-5,80340000
31,65808135;-5,80340000
31,66832135;-5,80340000
31,67856135;-5,80340000
31,68880135;-5,80340000
31,69904135;-5,80340000
31,70928135;-5,80340000
31,71952135;-5,80340000
31,72976135;-5,80340000
31,74000135;-5,80340000
31,75024135;-5,80340000
31,76048135;-5,80340000
31,77072135;-5,80340000
31,78096135;-5,80340000
31,79120135;-5,80340000
31,80144135;-5,80340000
31,81168135;-5,80340000
31,82192135;-5,80340000
31,83216135;-5,80340000
31,84240135;-5,80340000
31,85264135;-5,80340000
31,86288135;-5,80340000
31,87312135;-5,80340000
31,88336135;-5,80340000
31,89360135;-5,80340000
31,90384135;-5,80340000
31,91408135;-5,80340000
31,92432135;-5,80340000
31,93456135;-5,80340000
31,94480135;-5,80340000
31,95504135;-5,80340000
31,96528135;-5,80340000
31,97552135;-5,80340000
31,98576135;-5,80340000
31,99600135;-5,80340000
32,00624135;-5,80340000
32,01648135;-5,80340000
32,02672135;-5,80340000
32,03696135;-5,80340000
32,04720135;-5,80340000
32,05744135;-5,80340000
32,06768135;-5,80340000
32,07792135;-5,80340000
32,08816135;-5,80340000
32,09840135;-5,80340000
32,10864135;-5,80340000
32,11888135;-5,80340000
32,12912135;-5,80340000
32,13936135;-5,80340000
32,14960135;-5,80340000
32,15984135;-5,80340000
32,17008135;-5,80340000
32,18032135;-5,80340000
32,19056135;-5,80340000
32,20080135;-5,80340000
32,21104135;-5,80340000
32,22128135;-5,80340000
32,23152135;-5,80340000
32,24176135;-5,80340000
32,25200135;-5,80340000
32,26224135;-5,80340000
32,27248135;-5,80340000
32,28272135;-5,80340000
32,29296135;-5,62395100
32,30320135;-5,80340000
32,31344135;-5,62395100
32,32368135;-5,80340000
32,33392135;-5,80340000
32,34416135;-5,80340000
32,35440135;-5,80340000
32,36464135;-5,80340000
32,37488135;-5,80340000
32,38512135;-5,80340000
32,39536135;-5,80340000
32,40560135;-5,80340000
32,41584135;-5,80340000
32,42608135;-5,80340000
32,43632135;-5,80340000
32,44656135;-5,62395100
32,45680135;-5,80340000
32,46704135;-5,80340000
32,47728135;-5,80340000
32,48752135;-5,80340000
32,49776135;-5,80340000
32,50800135;-5,80340000
32,51824135;-5,80340000
32,52848135;-5,80340000
32,53872135;-5,80340000
32,54896135;-5,80340000
32,55920135;-5,80340000
32,56944135;-5,80340000
32,57968135;-5,80340000
32,58992135;-5,80340000
32,60016135;-5,80340000
32,61040135;-5,80340000
32,62064135;-5,62395100
32,63088135;-5,80340000
32,64112135;-5,80340000
32,65136135;-5,80340000
32,66160135;-5,80340000
32,67184135;-5,80340000
32,68208135;-5,62395100
32,69232135;-5,80340000
32,70256135;-5,62395100
32,71280135;-5,80340000
32,72304134;-5,80340000
32,73328134;-5,80340000
32,74352134;-5,80340000
32,75376134;-5,80340000
32,76400134;-5,80340000
32,77424134;-5,80340000
32,78448134;-5,80340000
32,79472134;-5,80340000
32,80496134;-5,80340000
32,81520134;-5,80340000
32,82544134;-5,80340000
32,83568134;-5,80340000
32,84592134;-5,80340000
32,85616134;-5,80340000
32,86640134;-5,80340000
32,87664134;-5,62395100
32,88688134;-5,80340000
32,89712134;-5,62395100
32,90736134;-5,80340000
32,91760134;-5,62395100
32,92784134;-5,80340000
32,93808134;-5,80340000
32,94832134;-5,80340000
32,95856134;-5,62395100
32,96880134;-5,62395100
32,97904134;-5,80340000
32,98928134;-5,80340000
32,99952134;-5,62395100
33,00976134;-5,80340000
33,02000134;-5,80340000
33,03024134;-5,62395100
33,04048134;-5,62395100
33,05072134;-5,80340000
33,06096134;-5,80340000
33,07120134;-5,80340000
33,08144134;-5,80340000
33,09168134;-5,62395100
33,10192134;-5,80340000
33,11216134;-5,62395100
33,12240134;-5,80340000
33,13264134;-5,80340000
33,14288134;-5,80340000
33,15312134;-5,80340000
33,16336134;-5,80340000
33,17360134;-5,80340000
33,18384134;-5,80340000
33,19408134;-5,62395100
33,20432134;-5,80340000
33,21456134;-5,80340000
33,22480134;-5,80340000
33,23504134;-5,80340000
33,24528134;-5,80340000
33,25552134;-5,80340000
33,26576134;-5,80340000
33,27600134;-5,62395100
33,28624134;-5,62395100
33,29648134;-5,62395100
33,30672134;-5,62395100
33,31696134;-5,80340000
33,32720134;-5,62395100
33,33744134;-5,80340000
33,34768134;-5,80340000
33,35792134;-5,80340000
33,36816134;-5,62395100
33,37840134;-5,80340000
33,38864134;-5,80340000
33,39888134;-5,62395100
33,40912134;-5,62395100
33,41936134;-5,62395100
33,42960134;-5,62395100
33,43984134;-5,80340000
33,45008134;-5,80340000
33,46032134;-5,80340000
33,47056134;-5,62395100
33,48080134;-5,80340000
33,49104134;-5,62395100
33,50128134;-5,62395100
33,51152134;-5,62395100
33,52176134;-5,44450200
33,53200134;-5,80340000
33,54224134;-5,80340000
33,55248134;-5,62395100
33,56272134;-5,62395100
33,57296134;-5,62395100
33,58320134;-5,62395100
33,59344134;-5,62395100
33,60368134;-5,80340000
33,61392134;-5,62395100
33,62416134;-5,62395100
33,63440134;-5,80340000
33,64464134;-5,80340000
33,65488134;-5,80340000
33,66512134;-5,62395100
33,67536134;-5,80340000
33,68560134;-5,62395100
33,69584134;-5,80340000
33,70608134;-5,62395100
33,71632134;-5,62395100
33,72656134;-5,80340000
33,73680134;-5,62395100
33,74704134;-5,44450200
33,75728134;-5,62395100
33,76752134;-5,62395100
33,77776134;-5,44450200
33,78800134;-5,62395100
33,79824134;-5,62395100
33,80848134;-5,44450200
33,81872134;-5,62395100
33,82896134;-5,62395100
33,83920134;-5,80340000
33,84944134;-5,44450200
33,85968134;-5,62395100
33,86992134;-5,62395100
33,88016134;-5,62395100
33,89040134;-5,80340000
33,90064134;-5,44450200
33,91088134;-5,80340000
33,92112134;-5,62395100
33,93136134;-5,62395100
33,94160134;-5,62395100
33,95184134;-5,80340000
33,96208134;-5,80340000
33,97232134;-5,80340000
33,98256134;-5,62395100
33,99280134;-5,62395100
34,00304134;-5,62395100
34,01328134;-5,62395100
34,02352134;-5,62395100
34,03376134;-5,62395100
34,04400134;-5,62395100
34,05424134;-5,44450200
34,06448134;-5,44450200
34,07472134;-5,62395100
34,08496134;-5,62395100
34,09520134;-5,80340000
34,10544134;-5,62395100
34,11568134;-5,62395100
34,12592134;-5,80340000
34,13616134;-5,44450200
34,14640134;-5,80340000
34,15664134;-5,62395100
34,16688134;-5,44450200
34,17712134;-5,62395100
34,18736134;-5,44450200
34,19760134;-5,44450200
34,20784134;-5,80340000
34,21808134;-5,80340000
34,22832134;-5,62395100
34,23856134;-5,62395100
34,24880134;-5,62395100
34,25904134;-5,62395100
34,26928134;-5,62395100
34,27952134;-5,44450200
34,28976134;-5,62395100
34,30000134;-5,62395100
34,31024134;-5,44450200
34,32048134;-5,62395100
34,33072134;-5,44450200
34,34096134;-5,62395100
34,35120134;-5,44450200
34,36144134;-5,62395100
34,37168133;-5,80340000
34,38192133;-5,44450200
34,39216133;-5,44450200
34,40240133;-5,44450200
34,41264133;-5,62395100
34,42288133;-5,62395100
34,43312133;-5,62395100
34,44336133;-5,44450200
34,45360133;-5,44450200
34,46384133;-5,62395100
34,47408133;-5,44450200
34,48432133;-5,44450200
34,49456133;-5,62395100
34,50480133;-5,44450200
34,51504133;-5,44450200
34,52528133;-5,62395100
34,53552133;-5,80340000
34,54576133;-5,62395100
34,55600133;-5,62395100
34,56624133;-5,44450200
34,57648133;-5,44450200
34,58672133;-5,44450200
34,59696133;-5,44450200
34,60720133;-5,44450200
34,61744133;-5,62395100
34,62768133;-5,62395100
34,63792133;-5,62395100
34,64816133;-5,44450200
34,65840133;-5,44450200
34,66864133;-5,62395100
34,67888133;-5,44450200
34,68912133;-5,62395100
34,69936133;-5,62395100
34,70960133;-5,44450200
34,71984133;-5,44450200
34,73008133;-5,44450200
34,74032133;-5,44450200
34,75056133;-5,44450200
34,76080133;-5,44450200
34,77104133;-5,44450200
34,78128133;-5,44450200
34,79152133;-5,62395100
34,80176133;-5,44450200
34,81200133;-5,62395100
34,82224133;-5,44450200
34,83248133;-5,44450200
34,84272133;-5,62395100
34,85296133;-5,44450200
34,86320133;-5,62395100
34,87344133;-5,44450200
34,88368133;-5,44450200
34,89392133;-5,62395100
34,90416133;-5,44450200
34,91440133;-5,44450200
34,92464133;-5,44450200
34,93488133;-5,44450200
34,94512133;-5,44450200
34,95536133;-5,62395100
34,96560133;-5,44450200
34,97584133;-5,44450200
34,98608133;-5,44450200
34,99632133;-5,62395100
35,00656133;-5,44450200
35,01680133;-5,44450200
35,02704133;-5,44450200
35,03728133;-5,44450200
35,04752133;-5,44450200
35,05776133;-5,44450200
35,06800133;-5,62395100
35,07824133;-5,44450200
35,08848133;-5,44450200
35,09872133;-5,44450200
35,10896133;-5,44450200
35,11920133;-5,62395100
35,12944133;-5,44450200
35,13968133;-5,44450200
35,14992133;-5,44450200
35,16016133;-5,44450200
35,17040133;-5,44450200
35,18064133;-5,44450200
35,19088133;-5,44450200
35,20112133;-5,44450200
35,21136133;-5,44450200
35,22160133;-5,62395100
35,23184133;-5,44450200
35,24208133;-5,44450200
35,25232133;-5,44450200
35,26256133;-5,44450200
35,27280133;-5,44450200
35,28304133;-5,44450200
35,29328133;-5,44450200
35,30352133;-5,44450200
35,31376133;-5,44450200
35,32400133;-5,44450200
35,33424133;-5,44450200
35,34448133;-5,44450200
35,35472133;-5,44450200
35,36496133;-5,44450200
35,37520133;-5,44450200
35,38544133;-5,44450200
35,39568133;-5,44450200
35,40592133;-5,44450200
35,41616133;-5,44450200
35,42640133;-5,44450200
35,43664133;-5,44450200
35,44688133;-5,44450200
35,45712133;-5,44450200
35,46736133;-5,44450200
35,47760133;-5,44450200
35,48784133;-5,44450200
35,49808133;-5,44450200
35,50832133;-5,44450200
35,51856133;-5,44450200
35,52880133;-5,44450200
35,53904133;-5,44450200
35,54928133;-5,44450200
35,55952133;-5,44450200
35,56976133;-5,44450200
35,58000133;-5,44450200
35,59024133;-5,44450200
35,60048133;-5,44450200
35,61072133;-5,44450200
35,62096133;-5,44450200
35,63120133;-5,44450200
35,64144133;-5,44450200
35,65168133;-5,44450200
35,66192133;-5,44450200
35,67216133;-5,44450200
35,68240133;-5,44450200
35,69264133;-5,44450200
35,70288133;-5,44450200
35,71312133;-5,44450200
35,72336133;-5,44450200
35,73360133;-5,44450200
35,74384133;-5,44450200
35,75408133;-5,44450200
35,76432133;-5,44450200
35,77456133;-5,44450200
35,78480133;-5,44450200
35,79504133;-5,44450200
35,80528133;-5,44450200
35,81552133;-5,44450200
35,82576133;-5,44450200
35,83600133;-5,44450200
35,84624133;-5,44450200
35,85648133;-5,44450200
35,86672133;-5,44450200
35,87696133;-5,44450200
35,88720133;-5,44450200
35,89744133;-5,44450200
35,90768133;-5,44450200
35,91792133;-5,44450200
35,92816133;-5,44450200
35,93840133;-5,44450200
35,94864133;-5,44450200
35,95888133;-5,44450200
35,96912133;-5,44450200
35,97936133;-5,44450200
35,98960133;-5,44450200
35,99984133;-5,44450200
36,01008133;-5,44450200
36,02032132;-5,44450200
36,03056132;-5,44450200
36,04080132;-5,44450200
36,05104132;-5,44450200
36,06128132;-5,44450200
36,07152132;-5,44450200
36,08176132;-5,44450200
36,09200132;-5,44450200
36,10224132;-5,44450200
36,11248132;-5,44450200
36,12272132;-5,44450200
36,13296132;-5,44450200
36,14320132;-5,44450200
36,15344132;-5,44450200
36,16368132;-5,44450200
36,17392132;-5,44450200
36,18416132;-5,44450200
36,19440132;-5,44450200
36,20464132;-5,44450200
36,21488132;-5,44450200
36,22512132;-5,44450200
36,23536132;-5,44450200
36,24560132;-5,44450200
36,25584132;-5,44450200
36,26608132;-5,44450200
36,27632132;-5,44450200
36,28656132;-5,44450200
36,29680132;-5,44450200
36,30704132;-5,44450200
36,31728132;-5,44450200
36,32752132;-5,44450200
36,33776132;-5,44450200
36,34800132;-5,44450200
36,35824132;-5,44450200
36,36848132;-5,44450200
36,37872132;-5,44450200
36,38896132;-5,44450200
36,39920132;-5,44450200
36,40944132;-5,44450200
36,41968132;-5,44450200
36,42992132;-5,44450200
36,44016132;-5,44450200
36,45040132;-5,44450200
36,46064132;-5,44450200
36,47088132;-5,44450200
36,48112132;-5,44450200
36,49136132;-5,44450200
36,50160132;-5,44450200
36,51184132;-5,44450200
36,52208132;-5,44450200
36,53232132;-5,44450200
36,54256132;-5,44450200
36,55280132;-5,44450200
36,56304132;-5,44450200
36,57328132;-5,44450200
36,58352132;-5,44450200
36,59376132;-5,44450200
36,60400132;-5,44450200
36,61424132;-5,44450200
36,62448132;-5,44450200
36,63472132;-5,44450200
36,64496132;-5,44450200
36,65520132;-5,44450200
36,66544132;-5,44450200
36,67568132;-5,44450200
36,68592132;-5,44450200
36,69616132;-5,44450200
36,70640132;-5,44450200
36,71664132;-5,44450200
36,72688132;-5,44450200
36,73712132;-5,44450200
36,74736132;-5,44450200
36,75760132;-5,44450200
36,76784132;-5,44450200
36,77808132;-5,44450200
36,78832132;-5,44450200
36,79856132;-5,44450200
36,80880132;-5,44450200
36,81904132;-5,44450200
36,82928132;-5,44450200
36,83952132;-5,44450200
36,84976132;-5,44450200
36,86000132;-5,44450200
36,87024132;-5,44450200
36,88048132;-5,44450200
36,89072132;-5,44450200
36,90096132;-5,44450200
36,91120132;-5,44450200
36,92144132;-5,44450200
36,93168132;-5,44450200
36,94192132;-5,44450200
36,95216132;-5,44450200
36,96240132;-5,44450200
36,97264132;-5,44450200
36,98288132;-5,44450200
36,99312132;-5,44450200
37,00336132;-5,44450200
37,01360132;-5,44450200
37,02384132;-5,44450200
37,03408132;-5,44450200
37,04432132;-5,44450200
37,05456132;-5,44450200
37,06480132;-5,44450200
37,07504132;-5,44450200
37,08528132;-5,44450200
37,09552132;-5,44450200
37,10576132;-5,44450200
37,11600132;-5,44450200
37,12624132;-5,44450200
37,13648132;-5,44450200
37,14672132;-5,44450200
37,15696132;-5,44450200
37,16720132;-5,44450200
37,17744132;-5,44450200
37,18768132;-5,44450200
37,19792132;-5,44450200
37,20816132;-5,44450200
37,21840132;-5,44450200
37,22864132;-5,44450200
37,23888132;-5,44450200
37,24912132;-5,44450200
37,25936132;-5,44450200
37,26960132;-5,44450200
37,27984132;-5,44450200
37,29008132;-5,44450200
37,30032132;-5,44450200
37,31056132;-5,44450200
37,32080132;-5,44450200
37,33104132;-5,44450200
37,34128132;-5,44450200
37,35152132;-5,44450200
37,36176132;-5,44450200
37,37200132;-5,44450200
37,38224132;-5,44450200
37,39248132;-5,44450200
37,40272132;-5,44450200
37,41296132;-5,44450200
37,42320132;-5,44450200
37,43344132;-5,44450200
37,44368132;-5,44450200
37,45392132;-5,44450200
37,46416132;-5,44450200
37,47440132;-5,44450200
37,48464132;-5,44450200
37,49488132;-5,44450200
37,50512132;-5,44450200
37,51536132;-5,44450200
37,52560132;-5,44450200
37,53584132;-5,44450200
37,54608132;-5,44450200
37,55632132;-5,44450200
37,56656132;-5,44450200
37,57680132;-5,44450200
37,58704132;-5,44450200
37,59728132;-5,44450200
37,60752132;-5,44450200
37,61776132;-5,44450200
37,62800132;-5,44450200
37,63824132;-5,44450200
37,64848132;-5,44450200
37,65872131;-5,44450200
37,66896131;-5,44450200
37,67920131;-5,44450200
37,68944131;-5,44450200
37,69968131;-5,44450200
37,70992131;-5,44450200
37,72016131;-5,44450200
37,73040131;-5,44450200
37,74064131;-5,44450200
37,75088131;-5,44450200
37,76112131;-5,44450200
37,77136131;-5,44450200
37,78160131;-5,44450200
37,79184131;-5,44450200
37,80208131;-5,44450200
37,81232131;-5,44450200
37,82256131;-5,44450200
37,83280131;-5,44450200
37,84304131;-5,44450200
37,85328131;-5,44450200
37,86352131;-5,44450200
37,87376131;-5,44450200
37,88400131;-5,44450200
37,89424131;-5,44450200
37,90448131;-5,44450200
37,91472131;-5,44450200
37,92496131;-5,44450200
37,93520131;-5,44450200
37,94544131;-5,44450200
37,95568131;-5,44450200
37,96592131;-5,44450200
37,97616131;-5,44450200
37,98640131;-5,44450200
37,99664131;-5,44450200
38,00688131;-5,44450200
38,01712131;-5,44450200
38,02736131;-5,44450200
38,03760131;-5,44450200
38,04784131;-5,44450200
38,05808131;-5,44450200
38,06832131;-5,44450200
38,07856131;-5,44450200
38,08880131;-5,44450200
38,09904131;-5,44450200
38,10928131;-5,44450200
38,11952131;-5,44450200
38,12976131;-5,44450200
38,14000131;-5,44450200
38,15024131;-5,44450200
38,16048131;-5,44450200
38,17072131;-5,44450200
38,18096131;-5,44450200
38,19120131;-5,44450200
38,20144131;-5,44450200
38,21168131;-5,44450200
38,22192131;-5,26444300
38,23216131;-5,44450200
38,24240131;-5,44450200
38,25264131;-5,26444300
38,26288131;-5,26444300
38,27312131;-5,44450200
38,28336131;-5,44450200
38,29360131;-5,26444300
38,30384131;-5,44450200
38,31408131;-5,44450200
38,32432131;-5,44450200
38,33456131;-5,44450200
38,34480131;-5,26444300
38,35504131;-5,44450200
38,36528131;-5,44450200
38,37552131;-5,44450200
38,38576131;-5,44450200
38,39600131;-5,44450200
38,40624131;-5,44450200
38,41648131;-5,44450200
38,42672131;-5,44450200
38,43696131;-5,44450200
38,44720131;-5,44450200
38,45744131;-5,44450200
38,46768131;-5,44450200
38,47792131;-5,44450200
38,48816131;-5,44450200
38,49840131;-5,44450200
38,50864131;-5,44450200
38,51888131;-5,26444300
38,52912131;-5,44450200
38,53936131;-5,44450200
38,54960131;-5,44450200
38,55984131;-5,44450200
38,57008131;-5,26444300
38,58032131;-5,26444300
38,59056131;-5,26444300
38,60080131;-5,44450200
38,61104131;-5,44450200
38,62128131;-5,44450200
38,63152131;-5,26444300
38,64176131;-5,26444300
38,65200131;-5,44450200
38,66224131;-5,44450200
38,67248131;-5,44450200
38,68272131;-5,44450200
38,69296131;-5,44450200
38,70320131;-5,44450200
38,71344131;-5,44450200
38,72368131;-5,26444300
38,73392131;-5,26444300
38,74416131;-5,26444300
38,75440131;-5,44450200
38,76464131;-5,26444300
38,77488131;-5,44450200
38,78512131;-5,44450200
38,79536131;-5,26444300
38,80560131;-5,44450200
38,81584131;-5,44450200
38,82608131;-5,44450200
38,83632131;-5,26444300
38,84656131;-5,26444300
38,85680131;-5,44450200
38,86704131;-5,44450200
38,87728131;-5,26444300
38,88752131;-5,44450200
38,89776131;-5,44450200
38,90800131;-5,26444300
38,91824131;-5,44450200
38,92848131;-5,44450200
38,93872131;-5,44450200
38,94896131;-5,44450200
38,95920131;-5,26444300
38,96944131;-5,26444300
38,97968131;-5,26444300
38,98992131;-5,26444300
39,00016131;-5,26444300
39,01040131;-5,26444300
39,02064131;-5,26444300
39,03088131;-5,08499400
39,04112131;-5,08499400
39,05136131;-5,08499400
39,06160131;-4,90554500
39,07184131;-4,72609600
39,08208131;-4,90554500
39,09232131;-4,72609600
39,10256131;-4,72609600
39,11280131;-4,72609600
39,12304131;-4,72609600
39,13328131;-4,72609600
39,14352131;-4,54664800
39,15376131;-4,36658800
39,16400131;-4,36658800
39,17424131;-4,36658800
39,18448131;-4,36658800
39,19472131;-4,36658800
39,20496131;-4,36658800
39,21520131;-4,36658800
39,22544131;-4,18714000
39,23568131;-4,00769000
39,24592131;-4,00769000
39,25616131;-4,00769000
39,26640131;-3,64879300
39,27664131;-3,64879300
39,28688131;-3,64879300
39,29712131;-3,64879300
39,30736130;-3,64879300
39,31760130;-3,64879300
39,32784130;-3,64879300
39,33808130;-3,46873400
39,34832130;-3,46873400
39,35856130;-3,28928500
39,36880130;-3,28928500
39,37904130;-3,28928500
39,38928130;-3,28928500
39,39952130;-3,28928500
39,40976130;-3,10983600
39,42000130;-3,28928500
39,43024130;-3,10983600
39,44048130;-2,93038700
39,45072130;-2,93038700
39,46096130;-2,93038700
39,47120130;-2,75093800
39,48144130;-2,75093800
39,49168130;-2,93038700
39,50192130;-2,75093800
39,51216130;-2,75093800
39,52240130;-2,57087900
39,53264130;-2,57087900
39,54288130;-2,57087900
39,55312130;-2,39143000
39,56336130;-2,21198200
39,57360130;-2,21198200
39,58384130;-2,21198200
39,59408130;-2,21198200
39,60432130;-2,21198200
39,61456130;-2,21198200
39,62480130;-2,21198200
39,63504130;-2,03253300
39,64528130;-1,85308400
39,65552130;-1,85308400
39,66576130;-1,85308400
39,67600130;-1,67302500
39,68624130;-1,67302500
39,69648130;-1,67302500
39,70672130;-1,67302500
39,71696130;-1,49357600
39,72720130;-1,49357600
39,73744130;-1,49357600
39,74768130;-1,49357600
39,75792130;-1,49357600
39,76816130;-1,31412700
39,77840130;-1,13467800
39,78864130;-1,13467800
39,79888130;-1,13467800
39,80912130;-1,13467800
39,81936130;-1,13467800
39,82960130;-1,13467800
39,83984130;-0,77517010
39,85008130;-0,77517010
39,86032130;-0,77517010
39,87056130;-0,77517010
39,88080130;-0,77517010
39,89104130;-0,77517010
39,90128130;-0,77517010
39,91152130;-0,77517010
39,92176130;-0,77517010
39,93200130;-0,59572130
39,94224130;-0,41627250
39,95248130;-0,41627250
39,96272130;-0,41627250
39,97296130;-0,23682360
39,98320130;-0,05737480
39,99344130;-0,23682360
40,00368130;-0,05737480
40,01392130;-0,05737480
40,02416130;-0,05737480
40,03440130;-0,05737480
40,04464130;-0,05737480
40,05488130;0,30152290
40,06512130;0,30152290
40,07536130;0,30152290
40,08560130;0,30152290
40,09584130;0,30152290
40,10608130;0,48097170
40,11632130;0,66042050
40,12656130;0,66042050
40,13680130;0,66042050
40,14704130;0,66042050
40,15728130;0,84047970
40,16752130;1,01992900
40,17776130;1,01992900
40,18800130;1,01992900
40,19824130;1,01992900
40,20848130;1,01992900
40,21872130;1,19937700
40,22896130;1,19937700
40,23920130;1,37882600
40,24944130;1,37882600
40,25968130;1,37882600
40,26992130;1,37882600
40,28016130;1,73833400
40,29040130;1,55827500
40,30064130;1,55827500
40,31088130;1,73833400
40,32112130;1,73833400
40,33136130;1,73833400
40,34160130;2,09723200
40,35184130;2,09723200
40,36208130;2,09723200
40,37232130;2,09723200
40,38256130;2,09723200
40,39280130;2,09723200
40,40304130;2,09723200
40,41328130;2,09723200
40,42352130;2,09723200
40,43376130;2,27668100
40,44400130;2,45613000
40,45424130;2,45613000
40,46448130;2,45613000
40,47472130;2,45613000
40,48496130;2,63618900
40,49520130;2,45613000
40,50544130;2,63618900
40,51568130;2,63618900
40,52592130;2,63618900
40,53616130;2,81563800
40,54640130;2,81563800
40,55664130;2,81563800
40,56688130;2,81563800
40,57712130;2,99508600
40,58736130;2,81563800
40,59760130;2,99508600
40,60784130;2,99508600
40,61808130;3,17453500
40,62832130;3,17453500
40,63856130;3,17453500
40,64880130;3,17453500
40,65904130;3,35398400
40,66928130;3,35398400
40,67952130;3,35398400
40,68976130;3,35398400
40,70000130;3,53404300
40,71024130;3,53404300
40,72048130;3,53404300
40,73072130;3,53404300
40,74096130;3,53404300
40,75120130;3,71349200
40,76144130;3,71349200
40,77168130;3,71349200
40,78192130;3,89294100
40,79216130;3,89294100
40,80240130;3,89294100
40,81264130;3,89294100
40,82288130;3,89294100
40,83312130;4,07239000
40,84336130;4,07239000
40,85360130;4,25183900
40,86384130;4,25183900
40,87408130;4,25183900
40,88432130;4,25183900
40,89456130;4,25183900
40,90480130;4,43189800
40,91504130;4,43189800
40,92528130;4,61134700
40,93552130;4,61134700
40,94576130;4,61134700
40,95600129;4,79079600
40,96624129;4,61134700
40,97648129;4,97024400
40,98672129;4,97024400
40,99696129;4,97024400
41,00720129;4,97024400
41,01744129;4,97024400
41,02768129;4,97024400
41,03792129;5,14969300
41,04816129;5,14969300
41,05840129;5,14969300
41,06864129;5,14969300
41,07888129;5,32975200
41,08912129;5,14969300
41,09936129;5,32975200
41,10960129;5,32975200
41,11984129;5,32975200
41,13008129;5,32975200
41,14032129;5,32975200
41,15056129;5,50920200
41,16080129;5,68865000
41,17104129;5,68865000
41,18128129;5,68865000
41,19152129;5,68865000
41,20176129;5,68865000
41,21200129;5,68865000
41,22224129;5,68865000
41,23248129;5,86809900
41,24272129;5,86809900
41,25296129;6,04754800
41,26320129;6,04754800
41,27344129;6,04754800
41,28368129;6,04754800
41,29392129;6,04754800
41,30416129;6,22760700
41,31440129;6,22760700
41,32464129;6,40705600
41,33488129;6,40705600
41,34512129;6,40705600
41,35536129;6,40705600
41,36560129;6,40705600
41,37584129;6,58650500
41,38608129;6,58650500
41,39632129;6,76595400
41,40656129;6,76595400
41,41680129;6,76595400
41,42704129;6,94540200
41,43728129;7,12546200
41,44752129;7,12546200
41,45776129;7,12546200
41,46800129;7,12546200
41,47824129;7,12546200
41,48848129;7,12546200
41,49872129;7,30491100
41,50896129;7,48435900
41,51920129;7,48435900
41,52944129;7,48435900
41,53968129;7,48435900
41,54992129;7,48435900
41,56016129;7,66380800
41,57040129;7,84325700
41,58064129;7,84325700
41,59088129;7,84325700
41,60112129;7,84325700
41,61136129;7,84325700
41,62160129;7,84325700
41,63184129;7,84325700
41,64208129;8,02331600
41,65232129;8,20276500
41,66256129;8,20276500
41,67280129;8,20276500
41,68304129;8,20276500
41,69328129;8,20276500
41,70352129;8,20276500
41,71376129;8,38221400
41,72400129;8,38221400
41,73424129;8,38221400
41,74448129;8,56166300
41,75472129;8,56166300
41,76496129;8,56166300
41,77520129;8,56166300
41,78544129;8,56166300
41,79568129;8,56166300
41,80592129;8,56166300
41,81616129;8,56166300
41,82640129;8,92117000
41,83664129;8,92117000
41,84688129;8,92117000
41,85712129;8,92117000
41,86736129;8,92117000
41,87760129;9,10061900
41,88784129;8,92117000
41,89808129;8,92117000
41,90832129;9,10061900
41,91856129;9,10061900
41,92880129;9,28006800
41,93904129;9,28006800
41,94928129;9,28006800
41,95952129;9,28006800
41,96976129;9,28006800
41,98000129;9,28006800
41,99024129;9,28006800
42,00048129;9,45951700
42,01072129;9,28006800
42,02096129;9,45951700
42,03120129;9,45951700
42,04144129;9,63896600
42,05168129;9,63896600
42,06192129;9,63896600
42,07216129;9,63896600
42,08240129;9,63896600
42,09264129;9,63896600
42,10288129;9,63896600
42,11312129;9,81902500
42,12336129;9,81902500
42,13360129;9,81902500
42,14384129;9,99847400
42,15408129;9,99847400
42,16432129;9,99847400
42,17456129;9,99847400
42,18480129;9,99847400
42,19504129;9,99847400
42,20528129;9,99847400
42,21552129;9,99847400
42,22576129;9,99847400
42,23600129;9,99847400
42,24624129;10,35737000
42,25648129;10,17792000
42,26672129;10,35737000
42,27696129;10,35737000
42,28720129;10,35737000
42,29744129;10,35737000
42,30768129;10,35737000
42,31792129;10,35737000
42,32816129;10,35737000
42,33840129;10,35737000
42,34864129;10,35737000
42,35888129;10,53682000
42,36912129;10,35737000
42,37936129;10,53682000
42,38960129;10,53682000
42,39984129;10,53682000
42,41008129;10,35737000
42,42032129;10,53682000
42,43056129;10,71688000
42,44080129;10,71688000
42,45104129;10,71688000
42,46128129;10,71688000
42,47152129;10,71688000
42,48176129;10,71688000
42,49200129;10,71688000
42,50224129;10,71688000
42,51248129;10,71688000
42,52272129;10,89633000
42,53296129;10,89633000
42,54320129;10,89633000
42,55344129;10,89633000
42,56368129;10,89633000
42,57392129;11,07578000
42,58416129;11,07578000
42,59440128;10,89633000
42,60464128;11,07578000
42,61488128;11,07578000
42,62512128;11,07578000
42,63536128;11,07578000
42,64560128;11,07578000
42,65584128;11,25523000
42,66608128;11,25523000
42,67632128;11,07578000
42,68656128;11,25523000
42,69680128;11,25523000
42,70704128;11,25523000
42,71728128;11,25523000
42,72752128;11,43529000
42,73776128;11,43529000
42,74800128;11,43529000
42,75824128;11,43529000
42,76848128;11,43529000
42,77872128;11,43529000
42,78896128;11,43529000
42,79920128;11,43529000
42,80944128;11,43529000
42,81968128;11,61473000
42,82992128;11,79418000
42,84016128;11,79418000
42,85040128;11,79418000
42,86064128;11,79418000
42,87088128;11,79418000
42,88112128;11,79418000
42,89136128;11,79418000
42,90160128;11,79418000
42,91184128;11,79418000
42,92208128;11,79418000
42,93232128;11,79418000
42,94256128;11,79418000
42,95280128;11,79418000
42,96304128;11,97363000
42,97328128;11,97363000
42,98352128;11,97363000
42,99376128;11,97363000
43,00400128;11,97363000
43,01424128;11,97363000
43,02448128;11,97363000
43,03472128;11,97363000
43,04496128;11,97363000
43,05520128;11,97363000
43,06544128;12,15308000
43,07568128;12,15308000
43,08592128;12,15308000
43,09616128;12,15308000
43,10640128;12,15308000
43,11664128;12,15308000
43,12688128;12,15308000
43,13712128;12,15308000
43,14736128;12,15308000
43,15760128;12,15308000
43,16784128;12,15308000
43,17808128;12,15308000
43,18832128;12,15308000
43,19856128;12,15308000
43,20880128;12,15308000
43,21904128;12,15308000
43,22928128;12,15308000
43,23952128;12,15308000
43,24976128;12,15308000
43,26000128;12,15308000
43,27024128;12,15308000
43,28048128;12,15308000
43,29072128;12,15308000
43,30096128;12,15308000
43,31120128;12,15308000
43,32144128;12,15308000
43,33168128;12,15308000
43,34192128;12,15308000
43,35216128;12,15308000
43,36240128;12,15308000
43,37264128;12,15308000
43,38288128;12,15308000
43,39312128;12,15308000
43,40336128;12,15308000
43,41360128;12,15308000
43,42384128;12,15308000
43,43408128;12,15308000
43,44432128;12,15308000
43,45456128;12,15308000
43,46480128;12,15308000
43,47504128;12,15308000
43,48528128;12,15308000
43,49552128;12,15308000
43,50576128;12,15308000
43,51600128;12,15308000
43,52624128;12,15308000
43,53648128;12,15308000
43,54672128;12,15308000
43,55696128;12,15308000
43,56720128;12,15308000
43,57744128;12,15308000
43,58768128;12,15308000
43,59792128;12,15308000
43,60816128;12,15308000
43,61840128;12,15308000
43,62864128;12,15308000
43,63888128;12,15308000
43,64912128;12,15308000
43,65936128;12,15308000
43,66960128;12,15308000
43,67984128;12,15308000
43,69008128;12,15308000
43,70032128;12,15308000
43,71056128;12,15308000
43,72080128;12,15308000
43,73104128;12,15308000
43,74128128;12,15308000
43,75152128;12,15308000
43,76176128;12,15308000
43,77200128;12,15308000
43,78224128;12,15308000
43,79248128;12,15308000
43,80272128;12,15308000
43,81296128;12,15308000
43,82320128;12,15308000
43,83344128;12,15308000
43,84368128;12,15308000
43,85392128;12,33314000
43,86416128;12,33314000
43,87440128;12,33314000
43,88464128;12,15308000
43,89488128;12,15308000
43,90512128;12,15308000
43,91536128;12,33314000
43,92560128;12,15308000
43,93584128;12,15308000
43,94608128;12,15308000
43,95632128;12,15308000
43,96656128;12,33314000
43,97680128;12,33314000
43,98704128;12,33314000
43,99728128;12,15308000
44,00752128;12,15308000
44,01776128;12,15308000
44,02800128;12,15308000
44,03824128;12,33314000
44,04848128;12,33314000
44,05872128;12,15308000
44,06896128;12,33314000
44,07920128;12,15308000
44,08944128;12,15308000
44,09968128;12,15308000
44,10992128;12,15308000
44,12016128;12,15308000
44,13040128;12,33314000
44,14064128;12,33314000
44,15088128;12,33314000
44,16112128;12,33314000
44,17136128;12,33314000
44,18160128;12,15308000
44,19184128;12,15308000
44,20208128;12,33314000
44,21232128;12,33314000
44,22256128;12,33314000
44,23280128;12,33314000
44,24304127;12,33314000
44,25328127;12,33314000
44,26352127;12,33314000
44,27376127;12,15308000
44,28400127;12,15308000
44,29424127;12,33314000
44,30448127;12,15308000
44,31472127;12,15308000
44,32496127;12,15308000
44,33520127;12,33314000
44,34544127;12,33314000
44,35568127;12,33314000
44,36592127;12,33314000
44,37616127;12,15308000
44,38640127;12,15308000
44,39664127;12,15308000
44,40688127;12,15308000
44,41712127;12,15308000
44,42736127;12,15308000
44,43760127;12,33314000
44,44784127;12,33314000
44,45808127;12,15308000
44,46832127;12,15308000
44,47856127;12,15308000
44,48880127;12,15308000
44,49904127;12,15308000
44,50928127;12,15308000
44,51952127;12,15308000
44,52976127;12,15308000
44,54000127;12,15308000
44,55024127;12,15308000
44,56048127;12,15308000
44,57072127;12,15308000
44,58096127;12,15308000
44,59120127;12,15308000
44,60144127;12,15308000
44,61168127;12,15308000
44,62192127;12,15308000
44,63216127;12,15308000
44,64240127;12,15308000
44,65264127;12,15308000
44,66288127;12,15308000
44,67312127;12,15308000
44,68336127;11,79418000
44,69360127;11,79418000
44,70384127;11,97363000
44,71408127;11,79418000
44,72432127;11,97363000
44,73456127;11,97363000
44,74480127;11,97363000
44,75504127;11,97363000
44,76528127;11,79418000
44,77552127;11,79418000
44,78576127;11,79418000
44,79600127;11,79418000
44,80624127;11,79418000
44,81648127;11,61473000
44,82672127;11,61473000
44,83696127;11,79418000
44,84720127;11,79418000
44,85744127;11,79418000
44,86768127;11,79418000
44,87792127;11,79418000
44,88816127;11,43529000
44,89840127;11,43529000
44,90864127;11,43529000
44,91888127;11,43529000
44,92912127;11,61473000
44,93936127;11,61473000
44,94960127;11,61473000
44,95984127;11,79418000
44,97008127;11,79418000
44,98032127;11,43529000
44,99056127;11,43529000
45,00080127;11,43529000
45,01104127;11,61473000
45,02128127;11,43529000
45,03152127;11,43529000
45,04176127;11,61473000
45,05200127;11,79418000
45,06224127;11,79418000
45,07248127;11,61473000
45,08272127;11,43529000
45,09296127;11,43529000
45,10320127;11,43529000
45,11344127;11,43529000
45,12368127;11,43529000
45,13392127;11,43529000
45,14416127;11,79418000
45,15440127;11,79418000
45,16464127;11,79418000
45,17488127;11,43529000
45,18512127;11,43529000
45,19536127;11,43529000
45,20560127;11,43529000
45,21584127;11,43529000
45,22608127;11,43529000
45,23632127;11,43529000
45,24656127;11,43529000
45,25680127;11,43529000
45,26704127;11,43529000
45,27728127;11,43529000
45,28752127;11,25523000
45,29776127;11,25523000
45,30800127;11,25523000
45,31824127;11,25523000
45,32848127;11,25523000
45,33872127;11,43529000
45,34896127;11,43529000
45,35920127;11,25523000
45,36944127;11,25523000
45,37968127;11,07578000
45,38992127;10,89633000
45,40016127;11,07578000
45,41040127;10,89633000
45,42064127;11,07578000
45,43088127;10,89633000
45,44112127;11,07578000
45,45136127;11,07578000
45,46160127;10,89633000
45,47184127;10,89633000
45,48208127;10,71688000
45,49232127;10,71688000
45,50256127;10,71688000
45,51280127;10,71688000
45,52304127;10,71688000
45,53328127;10,71688000
45,54352127;10,71688000
45,55376127;10,71688000
45,56400127;10,71688000
45,57424127;10,53682000
45,58448127;10,35737000
45,59472127;10,35737000
45,60496127;10,35737000
45,61520127;10,35737000
45,62544127;10,35737000
45,63568127;10,35737000
45,64592127;10,35737000
45,65616127;10,53682000
45,66640127;10,35737000
45,67664127;10,17792000
45,68688127;9,99847400
45,69712127;9,99847400
45,70736127;9,99847400
45,71760127;9,99847400
45,72784127;9,99847400
45,73808127;9,99847400
45,74832127;10,17792000
45,75856127;9,99847400
45,76880127;9,99847400
45,77904127;9,99847400
45,78928127;9,63896600
45,79952127;9,63896600
45,80976127;9,81902500
45,82000127;9,81902500
45,83024127;9,81902500
45,84048127;9,81902500
45,85072127;9,81902500
45,86096127;9,81902500
45,87120127;9,63896600
45,88144127;9,45951700
45,89168126;9,28006800
45,90192126;9,28006800
45,91216126;9,28006800
45,92240126;9,45951700
45,93264126;9,45951700
45,94288126;9,45951700
45,95312126;9,63896600
45,96336126;9,45951700
45,97360126;9,28006800
45,98384126;9,28006800
45,99408126;9,10061900
46,00432126;9,10061900
46,01456126;9,10061900
46,02480126;9,10061900
46,03504126;9,28006800
46,04528126;9,28006800
46,05552126;9,28006800
46,06576126;9,10061900
46,07600126;9,10061900
46,08624126;8,92117000
46,09648126;8,74111200
46,10672126;8,74111200
46,11696126;8,92117000
46,12720126;8,92117000
46,13744126;8,92117000
46,14768126;8,92117000
46,15792126;8,74111200
46,16816126;8,56166300
46,17840126;8,56166300
46,18864126;8,38221400
46,19888126;8,20276500
46,20912126;8,38221400
46,21936126;8,56166300
46,22960126;8,38221400
46,23984126;8,38221400
46,25008126;8,56166300
46,26032126;8,38221400
46,27056126;8,20276500
46,28080126;8,02331600
46,29104126;7,84325700
46,30128126;7,84325700
46,31152126;7,84325700
46,32176126;8,02331600
46,33200126;7,84325700
46,34224126;7,84325700
46,35248126;8,02331600
46,36272126;7,84325700
46,37296126;7,84325700
46,38320126;7,66380800
46,39344126;7,48435900
46,40368126;7,48435900
46,41392126;7,48435900
46,42416126;7,48435900
46,43440126;7,48435900
46,44464126;7,48435900
46,45488126;7,48435900
46,46512126;7,48435900
46,47536126;7,48435900
46,48560126;7,12546200
46,49584126;7,12546200
46,50608126;7,12546200
46,51632126;7,12546200
46,52656126;7,12546200
46,53680126;7,12546200
46,54704126;7,12546200
46,55728126;7,12546200
46,56752126;6,94540200
46,57776126;6,94540200
46,58800126;6,58650500
46,59824126;6,40705600
46,60848126;6,40705600
46,61872126;6,40705600
46,62896126;6,58650500
46,63920126;6,58650500
46,64944126;6,58650500
46,65968126;6,58650500
46,66992126;6,40705600
46,68016126;6,22760700
46,69040126;6,04754800
46,70064126;6,04754800
46,71088126;6,04754800
46,72112126;6,04754800
46,73136126;6,04754800
46,74160126;6,04754800
46,75184126;6,04754800
46,76208126;6,04754800
46,77232126;5,68865000
46,78256126;5,68865000
46,79280126;5,50920200
46,80304126;5,32975200
46,81328126;5,32975200
46,82352126;5,32975200
46,83376126;5,32975200
46,84400126;5,50920200
46,85424126;5,32975200
46,86448126;5,32975200
46,87472126;5,32975200
46,88496126;4,97024400
46,89520126;4,97024400
46,90544126;4,79079600
46,91568126;4,79079600
46,92592126;4,97024400
46,93616126;4,97024400
46,94640126;4,97024400
46,95664126;4,97024400
46,96688126;4,79079600
46,97712126;4,61134700
46,98736126;4,43189800
46,99760126;4,25183900
47,00784126;4,25183900
47,01808126;4,25183900
47,02832126;4,25183900
47,03856126;4,25183900
47,04880126;4,25183900
47,05904126;4,25183900
47,06928126;4,25183900
47,07952126;4,07239000
47,08976126;3,89294100
47,10000126;3,71349200
47,11024126;3,53404300
47,12048126;3,71349200
47,13072126;3,89294100
47,14096126;3,89294100
47,15120126;3,71349200
47,16144126;3,71349200
47,17168126;3,53404300
47,18192126;3,53404300
47,19216126;3,17453500
47,20240126;3,17453500
47,21264126;3,17453500
47,22288126;3,17453500
47,23312126;3,17453500
47,24336126;3,17453500
47,25360126;3,17453500
47,26384126;3,17453500
47,27408126;2,81563800
47,28432126;2,81563800
47,29456126;2,63618900
47,30480126;2,45613000
47,31504126;2,45613000
47,32528126;2,63618900
47,33552126;2,45613000
47,34576126;2,63618900
47,35600126;2,45613000
47,36624126;2,45613000
47,37648126;2,27668100
47,38672126;2,09723200
47,39696126;1,91778300
47,40720126;1,73833400
47,41744126;1,91778300
47,42768126;1,91778300
47,43792126;1,91778300
47,44816126;1,91778300
47,45840126;1,73833400
47,46864126;1,73833400
47,47888126;1,55827500
47,48912126;1,37882600
47,49936126;1,19937700
47,50960126;1,19937700
47,51984126;1,19937700
47,53008125;1,37882600
47,54032125;1,37882600
47,55056125;1,19937700
47,56080125;1,19937700
47,57104125;1,01992900
47,58128125;0,84047970
47,59152125;0,66042050
47,60176125;0,66042050
47,61200125;0,66042050
47,62224125;0,66042050
47,63248125;0,66042050
47,64272125;0,66042050
47,65296125;0,66042050
47,66320125;0,66042050
47,67344125;0,66042050
47,68368125;0,30152290
47,69392125;0,30152290
47,70416125;0,12207400
47,71440125;0,30152290
47,72464125;0,12207400
47,73488125;0,30152290
47,74512125;0,30152290
47,75536125;0,30152290
47,76560125;0,12207400
47,77584125;-0,05737480
47,78608125;-0,05737480
47,79632125;-0,41627250
47,80656125;-0,41627250
47,81680125;-0,23682360
47,82704125;-0,23682360
47,83728125;-0,41627250
47,84752125;-0,41627250
47,85776125;-0,41627250
47,86800125;-0,41627250
47,87824125;-0,77517010
47,88848125;-0,77517010
47,89872125;-0,77517010
47,90896125;-0,95522930
47,91920125;-0,77517010
47,92944125;-0,77517010
47,93968125;-0,95522930
47,94992125;-1,13467800
47,96016125;-1,13467800
47,97040125;-1,13467800
47,98064125;-1,31412700
47,99088125;-1,49357600
48,00112125;-1,49357600
48,01136125;-1,49357600
48,02160125;-1,67302500
48,03184125;-1,67302500
48,04208125;-1,67302500
48,05232125;-1,85308400
48,06256125;-1,85308400
48,07280125;-1,85308400
48,08304125;-2,03253300
48,09328125;-2,21198200
48,10352125;-2,21198200
48,11376125;-2,21198200
48,12400125;-2,39143000
48,13424125;-2,39143000
48,14448125;-2,57087900
48,15472125;-2,57087900
48,16496125;-2,57087900
48,17520125;-2,57087900
48,18544125;-2,93038700
48,19568125;-2,93038700
48,20592125;-2,93038700
48,21616125;-2,93038700
48,22640125;-2,93038700
48,23664125;-3,10983600
48,24688125;-3,10983600
48,25712125;-3,10983600
48,26736125;-3,28928500
48,27760125;-3,28928500
48,28784125;-3,28928500
48,29808125;-3,46873400
48,30832125;-3,64879300
48,31856125;-3,46873400
48,32880125;-3,46873400
48,33904125;-3,64879300
48,34928125;-3,64879300
48,35952125;-3,64879300
48,36976125;-3,64879300
48,38000125;-3,64879300
48,39024125;-3,82824200
48,40048125;-4,00769000
48,41072125;-3,82824200
48,42096125;-3,82824200
48,43120125;-3,82824200
48,44144125;-4,00769000
48,45168125;-3,82824200
48,46192125;-3,82824200
48,47216125;-4,00769000
48,48240125;-4,00769000
48,49264125;-4,36658800
48,50288125;-4,36658800
48,51312125;-4,36658800
48,52336125;-4,36658800
48,53360125;-4,36658800
48,54384125;-4,36658800
48,55408125;-4,36658800
48,56432125;-4,36658800
48,57456125;-4,36658800
48,58480125;-4,54664800
48,59504125;-4,72609600
48,60528125;-4,90554500
48,61552125;-4,72609600
48,62576125;-4,72609600
48,63600125;-4,90554500
48,64624125;-4,90554500
48,65648125;-4,90554500
48,66672125;-4,90554500
48,67696125;-5,08499400
48,68720125;-5,08499400
48,69744125;-5,26444300
48,70768125;-5,26444300
48,71792125;-5,26444300
48,72816125;-5,26444300
48,73840125;-5,44450200
48,74864125;-5,44450200
48,75888125;-5,44450200
48,76912125;-5,44450200
48,77936125;-5,44450200
48,78960125;-5,80340000
48,79984125;-5,80340000
48,81008125;-5,80340000
48,82032125;-5,80340000
48,83056125;-5,80340000
48,84080125;-5,80340000
48,85104125;-5,80340000
48,86128125;-5,80340000
48,87152125;-5,98284900
48,88176125;-5,80340000
48,89200125;-5,80340000
48,90224125;-5,80340000
48,91248125;-5,80340000
48,92272125;-5,80340000
48,93296125;-5,98284900
48,94320125;-5,80340000
48,95344125;-5,80340000
48,96368125;-5,80340000
48,97392125;-5,80340000
48,98416125;-5,98284900
48,99440125;-5,80340000
49,00464125;-5,80340000
49,01488125;-5,80340000
49,02512125;-5,80340000
49,03536125;-5,80340000
49,04560125;-5,80340000
49,05584125;-5,80340000
49,06608125;-5,98284900
49,07632125;-5,80340000
49,08656125;-5,80340000
49,09680125;-5,80340000
49,10704125;-5,80340000
49,11728125;-5,80340000
49,12752125;-5,80340000
49,13776125;-5,80340000
49,14800125;-5,80340000
49,15824125;-5,80340000
49,16848125;-5,80340000
49,17872124;-5,80340000
49,18896124;-5,80340000
49,19920124;-5,80340000
49,20944124;-5,80340000
49,21968124;-5,80340000
49,22992124;-5,98284900
49,24016124;-5,80340000
49,25040124;-5,80340000
49,26064124;-5,80340000
49,27088124;-5,80340000
49,28112124;-5,80340000
49,29136124;-5,80340000
49,30160124;-5,80340000
49,31184124;-5,80340000
49,32208124;-5,80340000
49,33232124;-5,80340000
49,34256124;-5,80340000
49,35280124;-5,80340000
49,36304124;-5,80340000
49,37328124;-5,80340000
49,38352124;-5,80340000
49,39376124;-5,80340000
49,40400124;-5,80340000
49,41424124;-5,80340000
49,42448124;-5,80340000
49,43472124;-5,80340000
49,44496124;-5,80340000
49,45520124;-5,80340000
49,46544124;-5,80340000
49,47568124;-5,80340000
49,48592124;-5,80340000
49,49616124;-5,80340000
49,50640124;-5,80340000
49,51664124;-5,80340000
49,52688124;-5,80340000
49,53712124;-5,80340000
49,54736124;-5,80340000
49,55760124;-5,80340000
49,56784124;-5,80340000
49,57808124;-5,80340000
49,58832124;-5,80340000
49,59856124;-5,80340000
49,60880124;-5,80340000
49,61904124;-5,80340000
49,62928124;-5,80340000
49,63952124;-5,80340000
49,64976124;-5,80340000
49,66000124;-5,80340000
49,67024124;-5,80340000
49,68048124;-5,80340000
49,69072124;-5,80340000
49,70096124;-5,80340000
49,71120124;-5,80340000
49,72144124;-5,80340000
49,73168124;-5,80340000
49,74192124;-5,80340000
49,75216124;-5,80340000
49,76240124;-5,80340000
49,77264124;-5,80340000
49,78288124;-5,80340000
49,79312124;-5,80340000
49,80336124;-5,80340000
49,81360124;-5,80340000
49,82384124;-5,80340000
49,83408124;-5,80340000
49,84432124;-5,80340000
49,85456124;-5,80340000
49,86480124;-5,80340000
49,87504124;-5,80340000
49,88528124;-5,80340000
49,89552124;-5,80340000
49,90576124;-5,80340000
49,91600124;-5,80340000
49,92624124;-5,80340000
49,93648124;-5,80340000
49,94672124;-5,80340000
49,95696124;-5,80340000
49,96720124;-5,80340000
49,97744124;-5,80340000
49,98768124;-5,80340000
49,99792124;-5,80340000
50,00816124;-5,80340000
