Tiempo;Canal A;Canal B
(ms);(V);(mV)

-25,01522750;-0,01214637;-17,86401000
-25,00498750;-0,01214637;-17,86401000
-24,99474750;-0,00320444;-17,86401000
-24,98450750;-0,00320444;-17,86401000
-24,97426750;0,00573748;-17,86401000
-24,96402750;0,00573748;-16,95303000
-24,95378750;0,01470992;-16,95303000
-24,94354750;0,01470992;-16,49831000
-24,93330750;0,02368236;-16,49831000
-24,92306750;0,02368236;-15,58733000
-24,91282750;0,03265481;-13,76690000
-24,90258750;0,03265481;-7,85088700
-24,89234750;0,03265481;13,53801000
-24,88210750;0,03265481;27,64672000
-24,87186750;0,05059969;24,00586000
-24,86162750;0,04162725;20,81973000
-24,85138750;0,05059969;22,64016000
-24,84114750;0,05957213;23,09488000
-24,83090750;0,06854457;23,09488000
-24,82066750;0,06854457;23,09488000
-24,81042750;0,06854457;23,09488000
-24,80018750;0,06854457;23,09488000
-24,78994750;0,07751702;23,09488000
-24,77970750;0,08645894;24,00586000
-24,76946750;0,08645894;23,54961000
-24,75922750;0,08645894;24,00586000
-24,74898750;0,10440380;24,00586000
-24,73874750;0,10440380;24,00586000
-24,72850750;0,11337630;24,00586000
-24,71826750;0,11337630;24,46058000
-24,70802750;0,12234870;24,46058000
-24,69778750;0,12234870;24,00586000
-24,68754750;0,12234870;24,46058000
-24,67730750;0,13132110;24,00586000
-24,66706750;0,14029360;24,46058000
-24,65682750;0,14029360;24,46058000
-24,64658750;0,14029360;24,46058000
-24,63634750;0,14029360;24,91531000
-24,62610750;0,14029360;24,46058000
-24,61586750;0,15823850;24,46058000
-24,60562750;0,15823850;24,91531000
-24,59538750;0,15823850;24,91531000
-24,58514750;0,15823850;24,46058000
-24,57490750;0,17615280;24,46058000
-24,56466750;0,17615280;25,82629000
-24,55442750;0,17615280;25,37004000
-24,54418750;0,17615280;25,37004000
-24,53394750;0,19409770;25,37004000
-24,52370750;0,18512530;25,82629000
-24,51346750;0,19409770;25,82629000
-24,50322750;0,19409770;25,37004000
-24,49298750;0,20307020;25,37004000
-24,48274750;0,21204260;24,46058000
-24,47250750;0,21204260;25,37004000
-24,46226750;0,22101510;25,82629000
-24,45202750;0,22998750;25,82629000
-24,44178750;0,22998750;25,82629000
-24,43154750;0,22998750;26,28101000
-24,42130750;0,22998750;26,28101000
-24,41106750;0,23895990;25,82629000
-24,40082750;0,24790190;25,82629000
-24,39058750;0,24790190;25,82629000
-24,38034750;0,24790190;25,37004000
-24,37010750;0,24790190;25,82629000
-24,35986750;0,25687430;25,82629000
-24,34962750;0,26584670;25,82629000
-24,33938750;0,26584670;26,28101000
-24,32914750;0,27481920;25,82629000
-24,31890750;0,28379160;26,28101000
-24,30866750;0,27481920;26,28101000
-24,29842750;0,28379160;26,28101000
-24,28818750;0,28379160;26,28101000
-24,27794750;0,30173650;26,28101000
-24,26770750;0,30173650;25,82629000
-24,25746750;0,30173650;26,28101000
-24,24722750;0,30173650;26,73574000
-24,23698750;0,31070890;26,73574000
-24,22674750;0,31968140;26,28101000
-24,21650750;0,31968140;26,73574000
-24,20626750;0,31968140;26,73574000
-24,19602750;0,31968140;26,73574000
-24,18578750;0,33759580;26,28101000
-24,17554750;0,33759580;26,73574000
-24,16530750;0,33759580;26,28101000
-24,15506750;0,34656820;26,73574000
-24,14482750;0,35554060;26,73574000
-24,13458750;0,35554060;26,73574000
-24,12434750;0,35554060;26,73574000
-24,11410750;0,35554060;26,73574000
-24,10386750;0,36451310;27,19047000
-24,09362750;0,37348550;27,19047000
-24,08338750;0,37348550;27,19047000
-24,07314750;0,37348550;25,82629000
-24,06290750;0,38245800;26,73574000
-24,05266750;0,37348550;27,64672000
-24,04242750;0,38245800;27,19047000
-24,03218750;0,38245800;27,19047000
-24,02194750;0,39143040;26,73574000
-24,01170750;0,39143040;27,19047000
-24,00146750;0,40040280;27,19047000
-23,99122750;0,40040280;27,19047000
-23,98098750;0,40040280;27,64672000
-23,97074750;0,40934480;27,19047000
-23,96050750;0,41831720;27,19047000
-23,95026750;0,41831720;27,19047000
-23,94002750;0,41831720;27,19047000
-23,92978750;0,42728970;27,64672000
-23,91954750;0,42728970;27,19047000
-23,90930750;0,43626210;27,19047000
-23,89906750;0,44523450;27,19047000
-23,88882750;0,44523450;27,19047000
-23,87858750;0,44523450;27,64672000
-23,86834750;0,44523450;27,19047000
-23,85810750;0,44523450;27,19047000
-23,84786750;0,46317940;27,19047000
-23,83762750;0,46317940;27,64672000
-23,82738750;0,46317940;27,64672000
-23,81714750;0,46317940;28,10144000
-23,80690750;0,46317940;27,64672000
-23,79666750;0,47215180;27,64672000
-23,78642750;0,48112430;27,64672000
-23,77618750;0,48112430;27,19047000
-23,76594750;0,48112430;27,64672000
-23,75570750;0,49006620;27,64672000
-23,74546750;0,49903870;27,64672000
-23,73522750;0,49903870;28,10144000
-23,72498750;0,49903870;28,10144000
-23,71474750;0,49903870;27,19047000
-23,70450750;0,51698360;28,10144000
-23,69426750;0,51698360;27,64672000
-23,68402750;0,51698360;27,64672000
-23,67378750;0,51698360;27,64672000
-23,66354750;0,51698360;28,55617000
-23,65330750;0,52595600;28,10144000
-23,64306750;0,52595600;28,10144000
-23,63282751;0,52595600;28,10144000
-23,62258751;0,53492840;28,10144000
-23,61234751;0,54390080;27,64672000
-23,60210751;0,53492840;28,10144000
-23,59186751;0,54390080;28,10144000
-23,58162751;0,55287330;28,10144000
-23,57138751;0,55287330;28,10144000
-23,56114751;0,55287330;28,10144000
-23,55090751;0,56184580;28,10144000
-23,54066751;0,56184580;27,64672000
-23,53042751;0,57081820;27,64672000
-23,52018751;0,57081820;28,10144000
-23,50994751;0,57081820;27,64672000
-23,49970751;0,57081820;28,10144000
-23,48946751;0,57976010;27,64672000
-23,47922751;0,57976010;28,10144000
-23,46898751;0,58873250;28,55617000
-23,45874751;0,58873250;27,64672000
-23,44850751;0,58873250;28,10144000
-23,43826751;0,59770500;28,55617000
-23,42802751;0,59770500;28,10144000
-23,41778751;0,59770500;28,10144000
-23,40754751;0,60667750;28,10144000
-23,39730751;0,60667750;28,10144000
-23,38706751;0,60667750;28,10144000
-23,37682751;0,60667750;28,10144000
-23,36658751;0,61564990;28,55617000
-23,35634751;0,61564990;28,10144000
-23,34610751;0,61564990;28,10144000
-23,33586751;0,62462230;28,10144000
-23,32562751;0,63359480;28,10144000
-23,31538751;0,62462230;28,10144000
-23,30514751;0,63359480;28,10144000
-23,29490751;0,64256720;28,10144000
-23,28466751;0,64256720;28,10144000
-23,27442751;0,64256720;28,10144000
-23,26418751;0,64256720;28,10144000
-23,25394751;0,64256720;28,10144000
-23,24370751;0,65153970;28,55617000
-23,23346751;0,66048160;28,10144000
-23,22322751;0,66048160;28,10144000
-23,21298751;0,66048160;27,64672000
-23,20274751;0,66945400;28,55617000
-23,19250751;0,66048160;28,10144000
-23,18226751;0,66048160;28,10144000
-23,17202751;0,66945400;27,64672000
-23,16178751;0,66945400;28,10144000
-23,15154751;0,67842640;28,10144000
-23,14130751;0,67842640;28,10144000
-23,13106751;0,67842640;28,10144000
-23,12082751;0,68739890;28,10144000
-23,11058751;0,68739890;28,10144000
-23,10034751;0,69637140;28,10144000
-23,09010751;0,69637140;28,55617000
-23,07986751;0,69637140;28,10144000
-23,06962751;0,69637140;28,10144000
-23,05938751;0,69637140;28,10144000
-23,04914751;0,70534380;28,10144000
-23,03890751;0,70534380;28,55617000
-23,02866751;0,71431620;28,10144000
-23,01842751;0,70534380;28,10144000
-23,00818751;0,71431620;28,10144000
-22,99794751;0,71431620;28,55617000
-22,98770751;0,71431620;28,10144000
-22,97746751;0,71431620;28,10144000
-22,96722751;0,72328870;28,10144000
-22,95698751;0,73226110;28,10144000
-22,94674751;0,73226110;28,55617000
-22,93650751;0,73226110;28,10144000
-22,92626751;0,73226110;28,55617000
-22,91602751;0,73226110;28,55617000
-22,90578751;0,73226110;28,10144000
-22,89554751;0,73226110;28,55617000
-22,88530751;0,74120300;28,55617000
-22,87506751;0,74120300;29,01089000
-22,86482751;0,75017550;29,01089000
-22,85458751;0,75017550;28,55617000
-22,84434751;0,75017550;28,55617000
-22,83410751;0,75017550;28,55617000
-22,82386751;0,75017550;29,01089000
-22,81362751;0,75017550;28,55617000
-22,80338751;0,75017550;28,10144000
-22,79314751;0,75914790;28,10144000
-22,78290751;0,75017550;28,55617000
-22,77266751;0,76812030;28,55617000
-22,76242751;0,75914790;28,10144000
-22,75218751;0,76812030;28,55617000
-22,74194751;0,76812030;28,55617000
-22,73170751;0,76812030;28,55617000
-22,72146751;0,77709280;28,55617000
-22,71122751;0,76812030;28,55617000
-22,70098751;0,77709280;28,55617000
-22,69074751;0,77709280;28,55617000
-22,68050751;0,77709280;28,55617000
-22,67026751;0,78606520;28,55617000
-22,66002751;0,78606520;28,55617000
-22,64978751;0,78606520;28,55617000
-22,63954751;0,78606520;28,10144000
-22,62930751;0,78606520;28,10144000
-22,61906751;0,78606520;28,55617000
-22,60882751;0,78606520;28,55617000
-22,59858751;0,79503770;28,10144000
-22,58834751;0,78606520;28,55617000
-22,57810751;0,80401020;29,01089000
-22,56786751;0,80401020;29,01089000
-22,55762751;0,80401020;28,10144000
-22,54738751;0,80401020;28,10144000
-22,53714751;0,80401020;28,10144000
-22,52690751;0,80401020;28,10144000
-22,51666751;0,80401020;29,01089000
-22,50642751;0,80401020;28,55617000
-22,49618751;0,80401020;28,55617000
-22,48594751;0,80401020;28,10144000
-22,47570751;0,80401020;28,10144000
-22,46546751;0,81298260;29,01089000
-22,45522751;0,80401020;28,55617000
-22,44498751;0,81298260;28,10144000
-22,43474751;0,80401020;28,10144000
-22,42450751;0,82192450;28,10144000
-22,41426751;0,82192450;28,55617000
-22,40402751;0,82192450;29,01089000
-22,39378751;0,82192450;29,01089000
-22,38354751;0,82192450;28,55617000
-22,37330751;0,82192450;28,55617000
-22,36306751;0,82192450;28,55617000
-22,35282751;0,82192450;28,55617000
-22,34258751;0,82192450;28,55617000
-22,33234751;0,82192450;28,10144000
-22,32210751;0,82192450;28,10144000
-22,31186751;0,83089690;29,01089000
-22,30162751;0,83089690;28,55617000
-22,29138751;0,83986940;28,55617000
-22,28114751;0,83089690;28,10144000
-22,27090751;0,83089690;28,10144000
-22,26066751;0,83089690;28,55617000
-22,25042751;0,83986940;28,55617000
-22,24018751;0,83089690;28,55617000
-22,22994751;0,83986940;28,55617000
-22,21970751;0,83986940;28,10144000
-22,20946751;0,83986940;28,55617000
-22,19922751;0,83986940;29,01089000
-22,18898751;0,83986940;28,10144000
-22,17874751;0,83986940;29,01089000
-22,16850751;0,83986940;29,01089000
-22,15826751;0,83986940;28,55617000
-22,14802751;0,83986940;29,01089000
-22,13778751;0,83986940;28,10144000
-22,12754751;0,83986940;28,10144000
-22,11730751;0,84884180;28,55617000
-22,10706751;0,83986940;29,01089000
-22,09682751;0,84884180;28,55617000
-22,08658751;0,83986940;28,55617000
-22,07634751;0,83986940;29,01089000
-22,06610751;0,84884180;28,55617000
-22,05586751;0,84884180;28,10144000
-22,04562751;0,84884180;29,01089000
-22,03538751;0,84884180;28,10144000
-22,02514751;0,84884180;28,10144000
-22,01490751;0,84884180;29,01089000
-22,00466751;0,84884180;29,01089000
-21,99442751;0,84884180;29,01089000
-21,98418752;0,84884180;28,55617000
-21,97394752;0,85781430;28,10144000
-21,96370752;0,84884180;28,10144000
-21,95346752;0,84884180;28,55617000
-21,94322752;0,84884180;29,01089000
-21,93298752;0,85781430;28,55617000
-21,92274752;0,85781430;28,55617000
-21,91250752;0,84884180;28,55617000
-21,90226752;0,84884180;28,55617000
-21,89202752;0,85781430;28,10144000
-21,88178752;0,85781430;28,10144000
-21,87154752;0,84884180;28,55617000
-21,86130752;0,85781430;28,55617000
-21,85106752;0,85781430;29,01089000
-21,84082752;0,85781430;28,10144000
-21,83058752;0,84884180;28,10144000
-21,82034752;0,85781430;28,10144000
-21,81010752;0,85781430;29,01089000
-21,79986752;0,85781430;28,10144000
-21,78962752;0,85781430;29,01089000
-21,77938752;0,85781430;28,10144000
-21,76914752;0,84884180;28,10144000
-21,75890752;0,84884180;28,10144000
-21,74866752;0,85781430;28,10144000
-21,73842752;0,84884180;28,55617000
-21,72818752;0,84884180;29,01089000
-21,71794752;0,84884180;28,10144000
-21,70770752;0,85781430;28,55617000
-21,69746752;0,85781430;28,10144000
-21,68722752;0,85781430;28,10144000
-21,67698752;0,85781430;28,10144000
-21,66674752;0,84884180;28,10144000
-21,65650752;0,84884180;29,01089000
-21,64626752;0,84884180;28,55617000
-21,63602752;0,84884180;28,10144000
-21,62578752;0,83986940;28,55617000
-21,61554752;0,84884180;28,55617000
-21,60530752;0,84884180;28,10144000
-21,59506752;0,84884180;28,10144000
-21,58482752;0,83986940;28,10144000
-21,57458752;0,83986940;28,55617000
-21,56434752;0,84884180;28,55617000
-21,55410752;0,83986940;28,55617000
-21,54386752;0,83986940;28,10144000
-21,53362752;0,83986940;28,10144000
-21,52338752;0,83986940;28,10144000
-21,51314752;0,83986940;28,10144000
-21,50290752;0,83986940;28,10144000
-21,49266752;0,83986940;28,10144000
-21,48242752;0,83986940;28,10144000
-21,47218752;0,83986940;28,10144000
-21,46194752;0,83986940;28,10144000
-21,45170752;0,83986940;28,10144000
-21,44146752;0,83986940;28,55617000
-21,43122752;0,83089690;28,10144000
-21,42098752;0,83089690;28,10144000
-21,41074752;0,83089690;28,55617000
-21,40050752;0,82192450;28,55617000
-21,39026752;0,83089690;28,10144000
-21,38002752;0,83089690;28,10144000
-21,36978752;0,83089690;28,10144000
-21,35954752;0,82192450;28,10144000
-21,34930752;0,82192450;28,55617000
-21,33906752;0,82192450;28,10144000
-21,32882752;0,82192450;28,10144000
-21,31858752;0,82192450;28,10144000
-21,30834752;0,82192450;28,10144000
-21,29810752;0,82192450;28,10144000
-21,28786752;0,82192450;28,10144000
-21,27762752;0,81298260;28,55617000
-21,26738752;0,81298260;28,10144000
-21,25714752;0,82192450;28,10144000
-21,24690752;0,82192450;28,10144000
-21,23666752;0,80401020;28,10144000
-21,22642752;0,80401020;28,10144000
-21,21618752;0,80401020;28,10144000
-21,20594752;0,81298260;28,10144000
-21,19570752;0,80401020;28,10144000
-21,18546752;0,80401020;28,10144000
-21,17522752;0,80401020;28,10144000
-21,16498752;0,80401020;28,10144000
-21,15474752;0,80401020;28,10144000
-21,14450752;0,80401020;28,10144000
-21,13426752;0,80401020;28,10144000
-21,12402752;0,79503770;28,10144000
-21,11378752;0,80401020;28,10144000
-21,10354752;0,79503770;28,10144000
-21,09330752;0,78606520;28,10144000
-21,08306752;0,78606520;27,19047000
-21,07282752;0,78606520;28,10144000
-21,06258752;0,78606520;27,64672000
-21,05234752;0,78606520;29,01089000
-21,04210752;0,78606520;28,10144000
-21,03186752;0,78606520;28,55617000
-21,02162752;0,77709280;28,10144000
-21,01138752;0,78606520;28,10144000
-21,00114752;0,77709280;28,10144000
-20,99090752;0,77709280;28,10144000
-20,98066752;0,77709280;28,10144000
-20,97042752;0,76812030;28,10144000
-20,96018752;0,76812030;28,55617000
-20,94994752;0,76812030;28,10144000
-20,93970752;0,76812030;28,10144000
-20,92946752;0,76812030;28,10144000
-20,91922752;0,76812030;28,10144000
-20,90898752;0,75914790;28,10144000
-20,89874752;0,75017550;28,10144000
-20,88850752;0,75914790;28,10144000
-20,87826752;0,75017550;27,19047000
-20,86802752;0,75017550;27,64672000
-20,85778752;0,75017550;27,64672000
-20,84754752;0,75017550;28,10144000
-20,83730752;0,75017550;28,10144000
-20,82706752;0,75017550;28,10144000
-20,81682752;0,74120300;28,10144000
-20,80658752;0,74120300;28,10144000
-20,79634752;0,74120300;27,64672000
-20,78610752;0,73226110;27,64672000
-20,77586752;0,73226110;27,64672000
-20,76562752;0,73226110;28,10144000
-20,75538752;0,73226110;27,19047000
-20,74514752;0,72328870;27,64672000
-20,73490752;0,71431620;27,64672000
-20,72466752;0,73226110;28,10144000
-20,71442752;0,71431620;28,10144000
-20,70418752;0,71431620;27,64672000
-20,69394752;0,71431620;27,64672000
-20,68370752;0,71431620;27,64672000
-20,67346752;0,71431620;28,10144000
-20,66322752;0,71431620;28,10144000
-20,65298752;0,70534380;27,19047000
-20,64274752;0,69637140;27,19047000
-20,63250752;0,69637140;27,64672000
-20,62226752;0,69637140;27,64672000
-20,61202752;0,69637140;28,10144000
-20,60178752;0,69637140;28,10144000
-20,59154752;0,69637140;27,64672000
-20,58130752;0,69637140;28,10144000
-20,57106752;0,67842640;27,64672000
-20,56082752;0,67842640;28,10144000
-20,55058752;0,67842640;27,64672000
-20,54034752;0,67842640;27,19047000
-20,53010752;0,66945400;27,19047000
-20,51986752;0,66945400;27,64672000
-20,50962752;0,66945400;27,19047000
-20,49938752;0,66945400;27,19047000
-20,48914752;0,66048160;27,19047000
-20,47890752;0,66048160;27,64672000
-20,46866752;0,66048160;27,64672000
-20,45842752;0,65153970;27,64672000
-20,44818752;0,64256720;27,64672000
-20,43794752;0,64256720;27,64672000
-20,42770752;0,64256720;27,19047000
-20,41746752;0,64256720;26,73574000
-20,40722752;0,64256720;27,64672000
-20,39698752;0,64256720;27,19047000
-20,38674752;0,63359480;27,19047000
-20,37650752;0,62462230;27,19047000
-20,36626752;0,62462230;27,64672000
-20,35602752;0,62462230;27,19047000
-20,34578753;0,61564990;27,19047000
-20,33554753;0,61564990;27,19047000
-20,32530753;0,61564990;26,73574000
-20,31506753;0,61564990;27,19047000
-20,30482753;0,60667750;27,19047000
-20,29458753;0,60667750;27,19047000
-20,28434753;0,60667750;27,19047000
-20,27410753;0,59770500;27,64672000
-20,26386753;0,59770500;27,19047000
-20,25362753;0,58873250;26,73574000
-20,24338753;0,58873250;27,19047000
-20,23314753;0,58873250;26,73574000
-20,22290753;0,58873250;27,19047000
-20,21266753;0,57976010;27,19047000
-20,20242753;0,57976010;27,19047000
-20,19218753;0,58873250;27,19047000
-20,18194753;0,57081820;27,64672000
-20,17170753;0,57081820;27,64672000
-20,16146753;0,56184580;26,73574000
-20,15122753;0,56184580;27,19047000
-20,14098753;0,56184580;27,19047000
-20,13074753;0,55287330;27,19047000
-20,12050753;0,55287330;26,73574000
-20,11026753;0,55287330;27,19047000
-20,10002753;0,54390080;27,19047000
-20,08978753;0,54390080;26,28101000
-20,07954753;0,53492840;26,73574000
-20,06930753;0,53492840;26,73574000
-20,05906753;0,53492840;27,19047000
-20,04882753;0,53492840;26,73574000
-20,03858753;0,51698360;27,19047000
-20,02834753;0,51698360;26,73574000
-20,01810753;0,51698360;27,19047000
-20,00786753;0,51698360;26,73574000
-19,99762753;0,51698360;27,19047000
-19,98738753;0,49903870;26,28101000
-19,97714753;0,49903870;26,28101000
-19,96690753;0,49903870;26,73574000
-19,95666753;0,49903870;26,28101000
-19,94642753;0,49006620;26,28101000
-19,93618753;0,49006620;26,73574000
-19,92594753;0,48112430;26,73574000
-19,91570753;0,48112430;26,73574000
-19,90546753;0,48112430;25,82629000
-19,89522753;0,47215180;25,82629000
-19,88498753;0,47215180;26,28101000
-19,87474753;0,46317940;26,73574000
-19,86450753;0,46317940;26,28101000
-19,85426753;0,46317940;26,28101000
-19,84402753;0,45420700;26,28101000
-19,83378753;0,44523450;26,28101000
-19,82354753;0,44523450;26,28101000
-19,81330753;0,44523450;26,28101000
-19,80306753;0,44523450;26,73574000
-19,79282753;0,43626210;26,28101000
-19,78258753;0,43626210;25,82629000
-19,77234753;0,42728970;25,82629000
-19,76210753;0,42728970;26,28101000
-19,75186753;0,42728970;25,82629000
-19,74162753;0,42728970;26,28101000
-19,73138753;0,41831720;26,28101000
-19,72114753;0,40934480;25,82629000
-19,71090753;0,40934480;26,28101000
-19,70066753;0,40040280;25,37004000
-19,69042753;0,39143040;25,82629000
-19,68018753;0,39143040;25,82629000
-19,66994753;0,39143040;26,28101000
-19,65970753;0,39143040;25,82629000
-19,64946753;0,39143040;25,82629000
-19,63922753;0,38245800;26,28101000
-19,62898753;0,37348550;25,37004000
-19,61874753;0,37348550;25,82629000
-19,60850753;0,37348550;25,82629000
-19,59826753;0,37348550;25,82629000
-19,58802753;0,35554060;25,82629000
-19,57778753;0,35554060;25,37004000
-19,56754753;0,35554060;25,82629000
-19,55730753;0,35554060;25,37004000
-19,54706753;0,34656820;25,37004000
-19,53682753;0,33759580;25,37004000
-19,52658753;0,33759580;26,28101000
-19,51634753;0,33759580;25,37004000
-19,50610753;0,32862330;24,91531000
-19,49586753;0,31968140;25,82629000
-19,48562753;0,31968140;24,91531000
-19,47538753;0,31070890;25,37004000
-19,46514753;0,31968140;24,91531000
-19,45490753;0,31070890;24,91531000
-19,44466753;0,30173650;25,37004000
-19,43442753;0,30173650;24,91531000
-19,42418753;0,30173650;24,91531000
-19,41394753;0,28379160;25,37004000
-19,40370753;0,28379160;25,37004000
-19,39346753;0,28379160;24,91531000
-19,38322753;0,28379160;24,46058000
-19,37298753;0,28379160;24,91531000
-19,36274753;0,26584670;24,46058000
-19,35250753;0,26584670;24,46058000
-19,34226753;0,26584670;24,46058000
-19,33202753;0,26584670;24,46058000
-19,32178753;0,25687430;24,46058000
-19,31154753;0,24790190;25,37004000
-19,30130753;0,24790190;24,46058000
-19,29106753;0,24790190;24,46058000
-19,28082753;0,22998750;24,46058000
-19,27058753;0,22998750;24,46058000
-19,26034753;0,22998750;24,46058000
-19,25010753;0,22101510;24,46058000
-19,23986753;0,22101510;24,46058000
-19,22962753;0,21204260;24,91531000
-19,21938753;0,21204260;24,46058000
-19,20914753;0,21204260;24,46058000
-19,19890753;0,20307020;24,46058000
-19,18866753;0,19409770;24,00586000
-19,17842753;0,19409770;24,00586000
-19,16818753;0,19409770;24,00586000
-19,15794753;0,18512530;24,00586000
-19,14770753;0,17615280;23,54961000
-19,13746753;0,17615280;24,00586000
-19,12722753;0,17615280;24,46058000
-19,11698753;0,17615280;24,00586000
-19,10674753;0,16718040;24,00586000
-19,09650753;0,15823850;23,54961000
-19,08626753;0,15823850;23,54961000
-19,07602753;0,15823850;23,09488000
-19,06578753;0,15823850;23,54961000
-19,05554753;0,14029360;23,54961000
-19,04530753;0,14029360;23,09488000
-19,03506753;0,14029360;23,54961000
-19,02482753;0,13132110;23,54961000
-19,01458753;0,13132110;23,09488000
-19,00434753;0,12234870;22,64016000
-18,99410753;0,12234870;23,09488000
-18,98386753;0,12234870;23,09488000
-18,97362753;0,10440380;23,09488000
-18,96338753;0,10440380;23,09488000
-18,95314753;0,10440380;23,54961000
-18,94290753;0,09543138;22,64016000
-18,93266753;0,09543138;22,64016000
-18,92242753;0,08645894;22,64016000
-18,91218753;0,07751702;22,64016000
-18,90194753;0,08645894;22,64016000
-18,89170753;0,06854457;22,18543000
-18,88146753;0,06854457;21,72918000
-18,87122753;0,06854457;22,64016000
-18,86098753;0,06854457;21,72918000
-18,85074753;0,06854457;22,18543000
-18,84050753;0,05059969;21,27445000
-18,83026753;0,05059969;21,72918000
-18,82002753;0,04162725;21,72918000
-18,80978753;0,04162725;21,27445000
-18,79954753;0,03265481;21,27445000
-18,78930753;0,03265481;21,27445000
-18,77906753;0,02368236;21,27445000
-18,76882753;0,02368236;20,81973000
-18,75858753;0,02368236;21,27445000
-18,74834753;0,02368236;20,36500000
-18,73810753;0,00573748;20,36500000
-18,72786753;0,00573748;20,36500000
-18,71762753;-0,00320444;19,90875000
-18,70738753;-0,00320444;19,90875000
-18,69714754;-0,01214637;18,99930000
-18,68690754;-0,00320444;18,54457000
-18,67666754;-0,01214637;16,72414000
-18,66642754;-0,02111881;8,98617500
-18,65618754;-0,02111881;-14,22315000
-18,64594754;-0,03009125;-24,23475000
-18,63570754;-0,03009125;-19,22819000
-18,62546754;-0,03906369;-18,31874000
-18,61522754;-0,03906369;-19,68444000
-18,60498754;-0,04803614;-19,68444000
-18,59474754;-0,05700858;-19,68444000
-18,58450754;-0,05700858;-20,13916000
-18,57426754;-0,06598102;-20,13916000
-18,56402754;-0,07495346;-20,13916000
-18,55378754;-0,07495346;-20,13916000
-18,54354754;-0,07495346;-20,13916000
-18,53330754;-0,07495346;-20,13916000
-18,52306754;-0,08392590;-20,59389000
-18,51282754;-0,08392590;-20,59389000
-18,50258754;-0,09286782;-20,59389000
-18,49234754;-0,09286782;-20,59389000
-18,48210754;-0,11081270;-20,59389000
-18,47186754;-0,11081270;-20,59389000
-18,46162754;-0,11081270;-20,59389000
-18,45138754;-0,11081270;-20,59389000
-18,44114754;-0,11978520;-21,50487000
-18,43090754;-0,11978520;-20,59389000
-18,42066754;-0,12875760;-21,50487000
-18,41042754;-0,12875760;-21,04861000
-18,40018754;-0,12875760;-21,50487000
-18,38994754;-0,13773000;-21,95959000
-18,37970754;-0,14670250;-21,50487000
-18,36946754;-0,14670250;-21,50487000
-18,35922754;-0,14670250;-21,50487000
-18,34898754;-0,15567490;-21,50487000
-18,33874754;-0,16464740;-21,95959000
-18,32850754;-0,16464740;-21,95959000
-18,31826754;-0,16464740;-21,50487000
-18,30802754;-0,16464740;-21,95959000
-18,29778754;-0,18256170;-22,41432000
-18,28754754;-0,18256170;-21,95959000
-18,27730754;-0,19153420;-21,95959000
-18,26706754;-0,19153420;-22,41432000
-18,25682754;-0,19153420;-22,86905000
-18,24658754;-0,20050660;-22,86905000
-18,23634754;-0,20050660;-22,86905000
-18,22610754;-0,20947900;-22,86905000
-18,21586754;-0,20050660;-22,41432000
-18,20562754;-0,21845150;-22,86905000
-18,19538754;-0,21845150;-21,95959000
-18,18514754;-0,22742390;-22,86905000
-18,17490754;-0,22742390;-22,41432000
-18,16466754;-0,23639640;-22,86905000
-18,15442754;-0,24536880;-22,86905000
-18,14418754;-0,25431070;-22,86905000
-18,13394754;-0,24536880;-22,86905000
-18,12370754;-0,25431070;-22,41432000
-18,11346754;-0,25431070;-22,86905000
-18,10322754;-0,25431070;-22,41432000
-18,09298754;-0,26328320;-23,32530000
-18,08274754;-0,27225560;-22,86905000
-18,07250754;-0,27225560;-23,32530000
-18,06226754;-0,27225560;-23,32530000
-18,05202754;-0,27225560;-23,32530000
-18,04178754;-0,29020050;-22,86905000
-18,03154754;-0,29020050;-22,86905000
-18,02130754;-0,29020050;-23,32530000
-18,01106754;-0,29020050;-22,86905000
-18,00082754;-0,29917290;-23,32530000
-17,99058754;-0,30814540;-23,32530000
-17,98034754;-0,30814540;-23,32530000
-17,97010754;-0,30814540;-23,32530000
-17,95986754;-0,31711780;-23,32530000
-17,94962754;-0,32609030;-23,78002000
-17,93938754;-0,32609030;-23,32530000
-17,92914754;-0,32609030;-23,32530000
-17,91890754;-0,32609030;-23,32530000
-17,90866754;-0,33503220;-23,32530000
-17,89842754;-0,34400460;-23,78002000
-17,88818754;-0,34400460;-23,32530000
-17,87794754;-0,34400460;-23,78002000
-17,86770754;-0,36194950;-23,78002000
-17,85746754;-0,36194950;-23,32530000
-17,84722754;-0,36194950;-23,32530000
-17,83698754;-0,36194950;-23,78002000
-17,82674754;-0,36194950;-23,78002000
-17,81650754;-0,37092200;-24,23475000
-17,80626754;-0,37989440;-23,78002000
-17,79602754;-0,37989440;-24,23475000
-17,78578754;-0,37989440;-23,78002000
-17,77554754;-0,38886680;-23,78002000
-17,76530754;-0,38886680;-23,78002000
-17,75506754;-0,39783930;-23,78002000
-17,74482754;-0,39783930;-23,78002000
-17,73458754;-0,39783930;-23,78002000
-17,72434754;-0,40681170;-23,78002000
-17,71410754;-0,41575370;-23,78002000
-17,70386754;-0,40681170;-23,78002000
-17,69362754;-0,41575370;-24,23475000
-17,68338754;-0,42472610;-24,23475000
-17,67314754;-0,42472610;-24,23475000
-17,66290754;-0,43369850;-24,23475000
-17,65266754;-0,42472610;-24,23475000
-17,64242754;-0,43369850;-23,78002000
-17,63218754;-0,43369850;-24,23475000
-17,62194754;-0,44267100;-23,78002000
-17,61170754;-0,45164340;-24,68947000
-17,60146754;-0,45164340;-24,23475000
-17,59122754;-0,45164340;-24,23475000
-17,58098754;-0,46061590;-24,23475000
-17,57074754;-0,46061590;-24,23475000
-17,56050754;-0,46061590;-24,23475000
-17,55026754;-0,46958830;-23,78002000
-17,54002754;-0,46958830;-24,68947000
-17,52978754;-0,46958830;-24,68947000
-17,51954754;-0,48753320;-24,68947000
-17,50930754;-0,47856070;-24,68947000
-17,49906754;-0,48753320;-24,23475000
-17,48882754;-0,48753320;-24,68947000
-17,47858754;-0,48753320;-24,23475000
-17,46834754;-0,48753320;-25,14573000
-17,45810754;-0,50544760;-24,68947000
-17,44786754;-0,50544760;-25,14573000
-17,43762754;-0,50544760;-25,14573000
-17,42738754;-0,50544760;-24,68947000
-17,41714754;-0,51442000;-25,14573000
-17,40690754;-0,51442000;-24,23475000
-17,39666754;-0,51442000;-24,68947000
-17,38642754;-0,52339240;-24,23475000
-17,37618754;-0,52339240;-25,14573000
-17,36594754;-0,54133730;-24,68947000
-17,35570754;-0,54133730;-24,68947000
-17,34546754;-0,54133730;-24,68947000
-17,33522754;-0,54133730;-24,23475000
-17,32498754;-0,54133730;-25,14573000
-17,31474754;-0,54133730;-24,68947000
-17,30450754;-0,55030980;-24,68947000
-17,29426754;-0,55928220;-24,68947000
-17,28402754;-0,55928220;-25,14573000
-17,27378754;-0,55928220;-24,68947000
-17,26354754;-0,55928220;-24,68947000
-17,25330754;-0,56825460;-25,14573000
-17,24306754;-0,57722710;-25,14573000
-17,23282754;-0,57722710;-25,14573000
-17,22258754;-0,57722710;-24,68947000
-17,21234754;-0,57722710;-25,14573000
-17,20210754;-0,57722710;-25,14573000
-17,19186754;-0,58616900;-25,14573000
-17,18162754;-0,59514150;-24,68947000
-17,17138754;-0,59514150;-25,14573000
-17,16114754;-0,59514150;-24,68947000
-17,15090754;-0,60411390;-24,68947000
-17,14066754;-0,61308630;-25,14573000
-17,13042754;-0,60411390;-24,68947000
-17,12018754;-0,61308630;-25,14573000
-17,10994754;-0,61308630;-25,14573000
-17,09970754;-0,61308630;-25,14573000
-17,08946754;-0,61308630;-25,14573000
-17,07922754;-0,62205870;-25,14573000
-17,06898754;-0,63103120;-25,14573000
-17,05874754;-0,63103120;-25,14573000
-17,04850755;-0,63103120;-25,60045000
-17,03826755;-0,63103120;-25,14573000
-17,02802755;-0,63103120;-25,60045000
-17,01778755;-0,64000370;-25,14573000
-17,00754755;-0,64897610;-25,14573000
-16,99730755;-0,64897610;-25,14573000
-16,98706755;-0,64897610;-25,14573000
-16,97682755;-0,64897610;-25,14573000
-16,96658755;-0,65794860;-24,68947000
-16,95634755;-0,65794860;-25,14573000
-16,94610755;-0,65794860;-25,14573000
-16,93586755;-0,66689040;-25,14573000
-16,92562755;-0,66689040;-25,14573000
-16,91538755;-0,66689040;-25,60045000
-16,90514755;-0,66689040;-25,60045000
-16,89490755;-0,67586290;-25,14573000
-16,88466755;-0,67586290;-25,14573000
-16,87442755;-0,68483540;-25,14573000
-16,86418755;-0,68483540;-25,14573000
-16,85394755;-0,68483540;-25,14573000
-16,84370755;-0,68483540;-25,14573000
-16,83346755;-0,69380780;-25,14573000
-16,82322755;-0,68483540;-25,14573000
-16,81298755;-0,69380780;-25,60045000
-16,80274755;-0,70278020;-25,60045000
-16,79250755;-0,70278020;-25,60045000
-16,78226755;-0,70278020;-24,68947000
-16,77202755;-0,70278020;-25,14573000
-16,76178755;-0,70278020;-25,14573000
-16,75154755;-0,71175270;-25,60045000
-16,74130755;-0,71175270;-25,14573000
-16,73106755;-0,70278020;-25,60045000
-16,72082755;-0,71175270;-26,05518000
-16,71058755;-0,72072510;-24,68947000
-16,70034755;-0,72072510;-25,60045000
-16,69010755;-0,72072510;-25,14573000
-16,67986755;-0,72072510;-25,14573000
-16,66962755;-0,72969760;-25,60045000
-16,65938755;-0,72072510;-25,14573000
-16,64914755;-0,72969760;-24,68947000
-16,63890755;-0,73867000;-25,14573000
-16,62866755;-0,73867000;-25,60045000
-16,61842755;-0,73867000;-25,60045000
-16,60818755;-0,73867000;-25,14573000
-16,59794755;-0,73867000;-25,14573000
-16,58770755;-0,74761190;-25,14573000
-16,57746755;-0,74761190;-25,14573000
-16,56722755;-0,74761190;-25,14573000
-16,55698755;-0,75658430;-25,14573000
-16,54674755;-0,74761190;-25,14573000
-16,53650755;-0,75658430;-25,60045000
-16,52626755;-0,75658430;-25,14573000
-16,51602755;-0,75658430;-25,60045000
-16,50578755;-0,75658430;-25,60045000
-16,49554755;-0,75658430;-25,14573000
-16,48530755;-0,76555680;-25,60045000
-16,47506755;-0,76555680;-25,14573000
-16,46482755;-0,76555680;-25,14573000
-16,45458755;-0,77452930;-25,14573000
-16,44434755;-0,76555680;-25,60045000
-16,43410755;-0,77452930;-25,60045000
-16,42386755;-0,77452930;-25,60045000
-16,41362755;-0,77452930;-25,14573000
-16,40338755;-0,77452930;-25,60045000
-16,39314755;-0,77452930;-25,14573000
-16,38290755;-0,77452930;-25,14573000
-16,37266755;-0,77452930;-25,14573000
-16,36242755;-0,79247420;-25,60045000
-16,35218755;-0,77452930;-25,60045000
-16,34194755;-0,79247420;-25,60045000
-16,33170755;-0,79247420;-25,14573000
-16,32146755;-0,79247420;-25,14573000
-16,31122755;-0,79247420;-25,14573000
-16,30098755;-0,79247420;-25,14573000
-16,29074755;-0,79247420;-25,60045000
-16,28050755;-0,79247420;-25,14573000
-16,27026755;-0,80144660;-25,14573000
-16,26002755;-0,79247420;-25,60045000
-16,24978755;-0,79247420;-25,14573000
-16,23954755;-0,80144660;-25,60045000
-16,22930755;-0,80144660;-25,14573000
-16,21906755;-0,81041900;-25,60045000
-16,20882755;-0,81041900;-25,14573000
-16,19858755;-0,81041900;-24,68947000
-16,18834755;-0,81041900;-25,60045000
-16,17810755;-0,81041900;-25,14573000
-16,16786755;-0,81041900;-25,60045000
-16,15762755;-0,81939150;-25,14573000
-16,14738755;-0,81939150;-25,14573000
-16,13714755;-0,81939150;-25,14573000
-16,12690755;-0,81041900;-25,60045000
-16,11666755;-0,81939150;-25,14573000
-16,10642755;-0,81939150;-25,60045000
-16,09618755;-0,81939150;-25,14573000
-16,08594755;-0,82833340;-25,60045000
-16,07570755;-0,82833340;-25,14573000
-16,06546755;-0,82833340;-25,14573000
-16,05522755;-0,82833340;-25,14573000
-16,04498755;-0,82833340;-25,60045000
-16,03474755;-0,82833340;-25,14573000
-16,02450755;-0,82833340;-25,14573000
-16,01426755;-0,82833340;-24,68947000
-16,00402755;-0,82833340;-25,14573000
-15,99378755;-0,82833340;-25,60045000
-15,98354755;-0,82833340;-25,14573000
-15,97330755;-0,83730580;-25,14573000
-15,96306755;-0,82833340;-25,14573000
-15,95282755;-0,82833340;-24,68947000
-15,94258755;-0,83730580;-25,14573000
-15,93234755;-0,82833340;-25,14573000
-15,92210755;-0,83730580;-25,14573000
-15,91186755;-0,82833340;-25,14573000
-15,90162755;-0,82833340;-25,60045000
-15,89138755;-0,83730580;-25,14573000
-15,88114755;-0,82833340;-25,14573000
-15,87090755;-0,83730580;-25,14573000
-15,86066755;-0,83730580;-25,60045000
-15,85042755;-0,84627830;-25,14573000
-15,84018755;-0,83730580;-25,60045000
-15,82994755;-0,83730580;-25,14573000
-15,81970755;-0,83730580;-25,14573000
-15,80946755;-0,84627830;-25,60045000
-15,79922755;-0,84627830;-25,14573000
-15,78898755;-0,83730580;-25,14573000
-15,77874755;-0,84627830;-25,14573000
-15,76850755;-0,84627830;-25,14573000
-15,75826755;-0,84627830;-25,14573000
-15,74802755;-0,84627830;-25,60045000
-15,73778755;-0,84627830;-25,60045000
-15,72754755;-0,84627830;-25,14573000
-15,71730755;-0,84627830;-25,60045000
-15,70706755;-0,84627830;-25,14573000
-15,69682755;-0,84627830;-25,14573000
-15,68658755;-0,84627830;-25,60045000
-15,67634755;-0,84627830;-25,14573000
-15,66610755;-0,84627830;-25,60045000
-15,65586755;-0,84627830;-25,14573000
-15,64562755;-0,84627830;-25,14573000
-15,63538755;-0,84627830;-25,60045000
-15,62514755;-0,84627830;-25,60045000
-15,61490755;-0,84627830;-25,14573000
-15,60466755;-0,84627830;-25,14573000
-15,59442755;-0,84627830;-25,14573000
-15,58418755;-0,84627830;-25,14573000
-15,57394755;-0,84627830;-25,14573000
-15,56370755;-0,84627830;-25,14573000
-15,55346755;-0,84627830;-25,14573000
-15,54322755;-0,84627830;-25,60045000
-15,53298755;-0,84627830;-25,14573000
-15,52274755;-0,84627830;-25,14573000
-15,51250755;-0,84627830;-25,14573000
-15,50226755;-0,84627830;-25,14573000
-15,49202755;-0,83730580;-25,14573000
-15,48178755;-0,84627830;-25,14573000
-15,47154755;-0,84627830;-25,14573000
-15,46130755;-0,84627830;-25,14573000
-15,45106755;-0,84627830;-25,14573000
-15,44082755;-0,84627830;-25,14573000
-15,43058755;-0,84627830;-25,14573000
-15,42034755;-0,84627830;-25,14573000
-15,41010755;-0,83730580;-25,14573000
-15,39986756;-0,84627830;-25,14573000
-15,38962756;-0,83730580;-24,68947000
-15,37938756;-0,84627830;-25,14573000
-15,36914756;-0,83730580;-25,14573000
-15,35890756;-0,83730580;-25,14573000
-15,34866756;-0,84627830;-25,14573000
-15,33842756;-0,83730580;-25,60045000
-15,32818756;-0,84627830;-25,14573000
-15,31794756;-0,84627830;-24,68947000
-15,30770756;-0,83730580;-25,14573000
-15,29746756;-0,84627830;-24,68947000
-15,28722756;-0,84627830;-25,60045000
-15,27698756;-0,82833340;-25,60045000
-15,26674756;-0,83730580;-25,14573000
-15,25650756;-0,82833340;-25,60045000
-15,24626756;-0,82833340;-25,14573000
-15,23602756;-0,82833340;-25,14573000
-15,22578756;-0,82833340;-25,14573000
-15,21554756;-0,82833340;-24,68947000
-15,20530756;-0,82833340;-25,14573000
-15,19506756;-0,82833340;-25,60045000
-15,18482756;-0,82833340;-25,60045000
-15,17458756;-0,82833340;-25,14573000
-15,16434756;-0,82833340;-25,14573000
-15,15410756;-0,82833340;-25,14573000
-15,14386756;-0,81939150;-25,14573000
-15,13362756;-0,82833340;-25,14573000
-15,12338756;-0,82833340;-25,14573000
-15,11314756;-0,82833340;-25,14573000
-15,10290756;-0,81939150;-25,14573000
-15,09266756;-0,81041900;-24,23475000
-15,08242756;-0,81939150;-24,68947000
-15,07218756;-0,81041900;-25,14573000
-15,06194756;-0,81041900;-25,60045000
-15,05170756;-0,81041900;-25,14573000
-15,04146756;-0,81041900;-25,14573000
-15,03122756;-0,81939150;-25,14573000
-15,02098756;-0,81041900;-24,68947000
-15,01074756;-0,81041900;-24,23475000
-15,00050756;-0,81041900;-24,68947000
-14,99026756;-0,80144660;-24,68947000
-14,98002756;-0,80144660;-25,14573000
-14,96978756;-0,81041900;-24,68947000
-14,95954756;-0,80144660;-25,14573000
-14,94930756;-0,79247420;-24,23475000
-14,93906756;-0,80144660;-25,14573000
-14,92882756;-0,79247420;-24,68947000
-14,91858756;-0,79247420;-25,14573000
-14,90834756;-0,79247420;-25,14573000
-14,89810756;-0,79247420;-24,23475000
-14,88786756;-0,79247420;-24,68947000
-14,87762756;-0,79247420;-24,23475000
-14,86738756;-0,79247420;-25,14573000
-14,85714756;-0,79247420;-24,68947000
-14,84690756;-0,79247420;-25,14573000
-14,83666756;-0,77452930;-24,68947000
-14,82642756;-0,78350170;-25,14573000
-14,81618756;-0,78350170;-24,68947000
-14,80594756;-0,77452930;-25,14573000
-14,79570756;-0,77452930;-24,68947000
-14,78546756;-0,77452930;-25,14573000
-14,77522756;-0,77452930;-24,23475000
-14,76498756;-0,77452930;-24,68947000
-14,75474756;-0,76555680;-24,68947000
-14,74450756;-0,76555680;-25,60045000
-14,73426756;-0,76555680;-24,68947000
-14,72402756;-0,75658430;-25,14573000
-14,71378756;-0,75658430;-24,68947000
-14,70354756;-0,75658430;-24,68947000
-14,69330756;-0,75658430;-25,14573000
-14,68306756;-0,75658430;-25,14573000
-14,67282756;-0,75658430;-25,14573000
-14,66258756;-0,75658430;-25,14573000
-14,65234756;-0,75658430;-25,14573000
-14,64210756;-0,75658430;-24,23475000
-14,63186756;-0,74761190;-25,14573000
-14,62162756;-0,74761190;-24,23475000
-14,61138756;-0,73867000;-24,23475000
-14,60114756;-0,73867000;-24,68947000
-14,59090756;-0,73867000;-24,68947000
-14,58066756;-0,73867000;-24,68947000
-14,57042756;-0,73867000;-24,68947000
-14,56018756;-0,72969760;-24,68947000
-14,54994756;-0,72969760;-24,23475000
-14,53970756;-0,73867000;-25,14573000
-14,52946756;-0,72969760;-24,23475000
-14,51922756;-0,72072510;-24,23475000
-14,50898756;-0,72072510;-23,78002000
-14,49874756;-0,72072510;-24,23475000
-14,48850756;-0,72072510;-24,68947000
-14,47826756;-0,72072510;-24,23475000
-14,46802756;-0,72072510;-24,23475000
-14,45778756;-0,71175270;-24,23475000
-14,44754756;-0,71175270;-24,23475000
-14,43730756;-0,70278020;-24,23475000
-14,42706756;-0,70278020;-24,68947000
-14,41682756;-0,70278020;-24,23475000
-14,40658756;-0,70278020;-24,23475000
-14,39634756;-0,70278020;-24,68947000
-14,38610756;-0,69380780;-24,23475000
-14,37586756;-0,68483540;-24,23475000
-14,36562756;-0,68483540;-24,23475000
-14,35538756;-0,68483540;-24,23475000
-14,34514756;-0,68483540;-24,23475000
-14,33490756;-0,68483540;-23,78002000
-14,32466756;-0,68483540;-24,23475000
-14,31442756;-0,67586290;-24,68947000
-14,30418756;-0,68483540;-24,68947000
-14,29394756;-0,66689040;-24,23475000
-14,28370756;-0,66689040;-23,78002000
-14,27346756;-0,66689040;-23,78002000
-14,26322756;-0,65794860;-24,23475000
-14,25298756;-0,66689040;-24,68947000
-14,24274756;-0,65794860;-24,23475000
-14,23250756;-0,64897610;-24,68947000
-14,22226756;-0,64897610;-24,23475000
-14,21202756;-0,64897610;-24,23475000
-14,20178756;-0,64897610;-24,23475000
-14,19154756;-0,64000370;-24,68947000
-14,18130756;-0,64897610;-23,78002000
-14,17106756;-0,64897610;-23,78002000
-14,16082756;-0,64000370;-23,32530000
-14,15058756;-0,63103120;-23,78002000
-14,14034756;-0,63103120;-24,23475000
-14,13010756;-0,63103120;-23,78002000
-14,11986756;-0,63103120;-24,23475000
-14,10962756;-0,62205870;-23,78002000
-14,09938756;-0,61308630;-23,78002000
-14,08914756;-0,61308630;-23,78002000
-14,07890756;-0,61308630;-23,78002000
-14,06866756;-0,60411390;-23,78002000
-14,05842756;-0,61308630;-23,78002000
-14,04818756;-0,60411390;-23,32530000
-14,03794756;-0,59514150;-23,78002000
-14,02770756;-0,59514150;-24,23475000
-14,01746756;-0,59514150;-23,78002000
-14,00722756;-0,58616900;-23,32530000
-13,99698756;-0,58616900;-23,78002000
-13,98674756;-0,57722710;-23,78002000
-13,97650756;-0,57722710;-23,78002000
-13,96626756;-0,57722710;-23,32530000
-13,95602756;-0,57722710;-24,23475000
-13,94578756;-0,57722710;-24,23475000
-13,93554756;-0,55928220;-23,78002000
-13,92530756;-0,55928220;-24,23475000
-13,91506756;-0,55928220;-23,32530000
-13,90482756;-0,55928220;-23,78002000
-13,89458756;-0,55928220;-23,32530000
-13,88434756;-0,54133730;-23,78002000
-13,87410756;-0,54133730;-23,32530000
-13,86386756;-0,54133730;-23,78002000
-13,85362756;-0,54133730;-23,32530000
-13,84338756;-0,54133730;-23,78002000
-13,83314756;-0,54133730;-23,32530000
-13,82290756;-0,53236490;-23,78002000
-13,81266756;-0,52339240;-22,86905000
-13,80242756;-0,52339240;-23,78002000
-13,79218756;-0,52339240;-23,78002000
-13,78194756;-0,52339240;-22,86905000
-13,77170756;-0,50544760;-22,86905000
-13,76146757;-0,51442000;-23,32530000
-13,75122757;-0,50544760;-23,78002000
-13,74098757;-0,50544760;-23,32530000
-13,73074757;-0,49647510;-23,32530000
-13,72050757;-0,50544760;-23,32530000
-13,71026757;-0,49647510;-23,32530000
-13,70002757;-0,48753320;-22,86905000
-13,68978757;-0,48753320;-23,32530000
-13,67954757;-0,48753320;-23,32530000
-13,66930757;-0,48753320;-22,86905000
-13,65906757;-0,46958830;-23,32530000
-13,64882757;-0,46958830;-22,86905000
-13,63858757;-0,46958830;-22,86905000
-13,62834757;-0,46958830;-22,86905000
-13,61810757;-0,46061590;-22,86905000
-13,60786757;-0,45164340;-22,86905000
-13,59762757;-0,45164340;-23,32530000
-13,58738757;-0,45164340;-23,32530000
-13,57714757;-0,44267100;-23,32530000
-13,56690757;-0,44267100;-22,86905000
-13,55666757;-0,43369850;-23,32530000
-13,54642757;-0,43369850;-22,86905000
-13,53618757;-0,43369850;-22,86905000
-13,52594757;-0,42472610;-22,86905000
-13,51570757;-0,41575370;-22,86905000
-13,50546757;-0,42472610;-22,86905000
-13,49522757;-0,41575370;-22,86905000
-13,48498757;-0,40681170;-22,86905000
-13,47474757;-0,40681170;-22,41432000
-13,46450757;-0,40681170;-22,41432000
-13,45426757;-0,39783930;-22,41432000
-13,44402757;-0,39783930;-22,86905000
-13,43378757;-0,38886680;-22,41432000
-13,42354757;-0,38886680;-22,86905000
-13,41330757;-0,38886680;-22,86905000
-13,40306757;-0,37989440;-22,41432000
-13,39282757;-0,37989440;-21,95959000
-13,38258757;-0,37092200;-22,41432000
-13,37234757;-0,37092200;-22,86905000
-13,36210757;-0,36194950;-22,41432000
-13,35186757;-0,36194950;-22,86905000
-13,34162757;-0,36194950;-22,41432000
-13,33138757;-0,36194950;-22,86905000
-13,32114757;-0,34400460;-22,41432000
-13,31090757;-0,34400460;-22,41432000
-13,30066757;-0,34400460;-21,95959000
-13,29042757;-0,34400460;-21,95959000
-13,28018757;-0,32609030;-22,41432000
-13,26994757;-0,32609030;-21,95959000
-13,25970757;-0,32609030;-21,95959000
-13,24946757;-0,32609030;-21,50487000
-13,23922757;-0,32609030;-21,50487000
-13,22898757;-0,30814540;-22,41432000
-13,21874757;-0,30814540;-21,50487000
-13,20850757;-0,30814540;-21,95959000
-13,19826757;-0,29917290;-21,95959000
-13,18802757;-0,29020050;-21,50487000
-13,17778757;-0,29020050;-21,50487000
-13,16754757;-0,29020050;-21,95959000
-13,15730757;-0,29020050;-21,95959000
-13,14706757;-0,28122810;-21,95959000
-13,13682757;-0,27225560;-21,50487000
-13,12658757;-0,27225560;-21,95959000
-13,11634757;-0,27225560;-21,50487000
-13,10610757;-0,26328320;-21,95959000
-13,09586757;-0,26328320;-21,50487000
-13,08562757;-0,25431070;-21,50487000
-13,07538757;-0,25431070;-21,95959000
-13,06514757;-0,25431070;-21,04861000
-13,05490757;-0,24536880;-21,50487000
-13,04466757;-0,24536880;-21,50487000
-13,03442757;-0,23639640;-21,50487000
-13,02418757;-0,23639640;-21,50487000
-13,01394757;-0,23639640;-21,50487000
-13,00370757;-0,21845150;-21,04861000
-12,99346757;-0,21845150;-21,50487000
-12,98322757;-0,21845150;-21,04861000
-12,97298757;-0,20050660;-21,04861000
-12,96274757;-0,20050660;-21,04861000
-12,95250757;-0,20050660;-20,59389000
-12,94226757;-0,20050660;-20,59389000
-12,93202757;-0,18256170;-21,04861000
-12,92178757;-0,18256170;-20,59389000
-12,91154757;-0,18256170;-21,04861000
-12,90130757;-0,18256170;-20,59389000
-12,89106757;-0,18256170;-20,59389000
-12,88082757;-0,17358930;-20,59389000
-12,87058757;-0,16464740;-20,13916000
-12,86034757;-0,16464740;-20,59389000
-12,85010757;-0,16464740;-20,59389000
-12,83986757;-0,15567490;-20,59389000
-12,82962757;-0,14670250;-20,13916000
-12,81938757;-0,14670250;-20,59389000
-12,80914757;-0,14670250;-21,04861000
-12,79890757;-0,12875760;-20,13916000
-12,78866757;-0,12875760;-19,68444000
-12,77842757;-0,12875760;-19,68444000
-12,76818757;-0,11978520;-20,13916000
-12,75794757;-0,11978520;-20,13916000
-12,74770757;-0,11081270;-19,68444000
-12,73746757;-0,11081270;-19,68444000
-12,72722757;-0,11081270;-19,68444000
-12,71698757;-0,11081270;-19,68444000
-12,70674757;-0,10184030;-19,68444000
-12,69650757;-0,09286782;-19,22819000
-12,68626757;-0,09286782;-19,22819000
-12,67602757;-0,08392590;-19,22819000
-12,66578757;-0,08392590;-19,68444000
-12,65554757;-0,07495346;-19,22819000
-12,64530757;-0,07495346;-19,22819000
-12,63506757;-0,06598102;-19,22819000
-12,62482757;-0,07495346;-19,22819000
-12,61458757;-0,05700858;-19,22819000
-12,60434757;-0,04803614;-19,22819000
-12,59410757;-0,05700858;-18,31874000
-12,58386757;-0,03906369;-18,77346000
-12,57362757;-0,03906369;-19,22819000
-12,56338757;-0,03906369;-18,31874000
-12,55314757;-0,03906369;-18,31874000
-12,54290757;-0,02111881;-18,31874000
-12,53266757;-0,02111881;-17,86401000
-12,52242757;-0,02111881;-18,31874000
-12,51218757;-0,01214637;-17,86401000
-12,50194757;-0,01214637;-17,86401000
-12,49170757;-0,00320444;-17,40776000
-12,48146757;-0,00320444;-17,40776000
-12,47122757;-0,00320444;-17,40776000
-12,46098757;0,00573748;-16,95303000
-12,45074757;0,01470992;-16,49831000
-12,44050757;0,01470992;-16,49831000
-12,43026757;0,03265481;-16,04358000
-12,42002757;0,02368236;-15,58733000
-12,40978757;0,03265481;-12,85745000
-12,39954757;0,03265481;-3,30057700
-12,38930757;0,03265481;19,45402000
-12,37906757;0,04162725;27,64672000
-12,36882757;0,04162725;22,18543000
-12,35858757;0,05059969;21,72918000
-12,34834757;0,05957213;23,09488000
-12,33810757;0,06854457;23,54961000
-12,32786757;0,06854457;22,64016000
-12,31762757;0,06854457;23,54961000
-12,30738757;0,06854457;23,54961000
-12,29714757;0,06854457;23,09488000
-12,28690757;0,08645894;23,54961000
-12,27666757;0,08645894;23,54961000
-12,26642757;0,09543138;24,00586000
-12,25618757;0,09543138;23,54961000
-12,24594757;0,10440380;24,00586000
-12,23570757;0,10440380;24,00586000
-12,22546757;0,11337630;24,46058000
-12,21522757;0,10440380;24,46058000
-12,20498757;0,12234870;24,46058000
-12,19474757;0,12234870;24,46058000
-12,18450757;0,13132110;24,46058000
-12,17426757;0,13132110;24,46058000
-12,16402757;0,14029360;24,00586000
-12,15378757;0,14029360;24,91531000
-12,14354757;0,14029360;24,91531000
-12,13330757;0,14926600;24,46058000
-12,12306757;0,14029360;24,46058000
-12,11282758;0,15823850;24,46058000
-12,10258758;0,15823850;24,91531000
-12,09234758;0,16718040;25,37004000
-12,08210758;0,16718040;25,37004000
-12,07186758;0,17615280;25,37004000
-12,06162758;0,17615280;25,37004000
-12,05138758;0,17615280;25,82629000
-12,04114758;0,18512530;25,37004000
-12,03090758;0,19409770;25,82629000
-12,02066758;0,19409770;25,37004000
-12,01042758;0,19409770;25,37004000
-12,00018758;0,19409770;26,28101000
-11,98994758;0,21204260;25,82629000
-11,97970758;0,21204260;25,82629000
-11,96946758;0,21204260;25,82629000
-11,95922758;0,21204260;25,82629000
-11,94898758;0,22998750;25,82629000
-11,93874758;0,22998750;25,82629000
-11,92850758;0,22998750;26,28101000
-11,91826758;0,22998750;25,82629000
-11,90802758;0,24790190;25,82629000
-11,89778758;0,24790190;25,82629000
-11,88754758;0,24790190;25,82629000
-11,87730758;0,24790190;25,82629000
-11,86706758;0,26584670;26,73574000
-11,85682758;0,26584670;25,82629000
-11,84658758;0,26584670;26,28101000
-11,83634758;0,26584670;26,28101000
-11,82610758;0,26584670;26,28101000
-11,81586758;0,28379160;26,73574000
-11,80562758;0,28379160;26,73574000
-11,79538758;0,28379160;26,28101000
-11,78514758;0,30173650;26,28101000
-11,77490758;0,30173650;26,73574000
-11,76466758;0,30173650;26,28101000
-11,75442758;0,30173650;26,28101000
-11,74418758;0,30173650;26,73574000
-11,73394758;0,30173650;26,73574000
-11,72370758;0,31968140;26,73574000
-11,71346758;0,31968140;26,73574000
-11,70322758;0,31968140;26,28101000
-11,69298758;0,31968140;26,73574000
-11,68274758;0,32862330;26,73574000
-11,67250758;0,32862330;26,28101000
-11,66226758;0,33759580;26,73574000
-11,65202758;0,33759580;27,19047000
-11,64178758;0,34656820;27,19047000
-11,63154758;0,35554060;26,28101000
-11,62130758;0,35554060;26,73574000
-11,61106758;0,35554060;26,73574000
-11,60082758;0,36451310;27,19047000
-11,59058758;0,37348550;27,19047000
-11,58034758;0,37348550;27,19047000
-11,57010758;0,37348550;27,19047000
-11,55986758;0,37348550;26,73574000
-11,54962758;0,38245800;27,64672000
-11,53938758;0,39143040;27,19047000
-11,52914758;0,39143040;27,19047000
-11,51890758;0,39143040;27,19047000
-11,50866758;0,40040280;27,19047000
-11,49842758;0,40040280;27,19047000
-11,48818758;0,40934480;27,19047000
-11,47794758;0,40934480;27,19047000
-11,46770758;0,40934480;27,64672000
-11,45746758;0,41831720;27,19047000
-11,44722758;0,42728970;27,64672000
-11,43698758;0,42728970;27,19047000
-11,42674758;0,42728970;27,64672000
-11,41650758;0,44523450;27,64672000
-11,40626758;0,44523450;26,73574000
-11,39602758;0,44523450;28,10144000
-11,38578758;0,44523450;27,64672000
-11,37554758;0,44523450;27,64672000
-11,36530758;0,45420700;27,64672000
-11,35506758;0,45420700;28,10144000
-11,34482758;0,46317940;27,19047000
-11,33458758;0,45420700;27,19047000
-11,32434758;0,46317940;28,10144000
-11,31410758;0,47215180;27,64672000
-11,30386758;0,47215180;27,64672000
-11,29362758;0,48112430;27,64672000
-11,28338758;0,48112430;27,64672000
-11,27314758;0,48112430;28,10144000
-11,26290758;0,48112430;27,19047000
-11,25266758;0,49006620;28,10144000
-11,24242758;0,49903870;27,64672000
-11,23218758;0,49903870;28,10144000
-11,22194758;0,49903870;27,64672000
-11,21170758;0,49903870;28,10144000
-11,20146758;0,50801110;27,64672000
-11,19122758;0,50801110;28,10144000
-11,18098758;0,51698360;27,64672000
-11,17074758;0,51698360;27,64672000
-11,16050758;0,52595600;28,10144000
-11,15026758;0,52595600;28,10144000
-11,14002758;0,53492840;27,64672000
-11,12978758;0,53492840;28,10144000
-11,11954758;0,54390080;28,55617000
-11,10930758;0,54390080;28,55617000
-11,09906758;0,54390080;28,10144000
-11,08882758;0,55287330;27,64672000
-11,07858758;0,55287330;28,10144000
-11,06834758;0,55287330;28,10144000
-11,05810758;0,55287330;28,10144000
-11,04786758;0,57081820;27,64672000
-11,03762758;0,56184580;28,10144000
-11,02738758;0,57081820;28,10144000
-11,01714758;0,57081820;28,10144000
-11,00690758;0,57081820;28,10144000
-10,99666758;0,57081820;28,55617000
-10,98642758;0,57976010;28,10144000
-10,97618758;0,58873250;28,10144000
-10,96594758;0,58873250;28,10144000
-10,95570758;0,58873250;28,10144000
-10,94546758;0,58873250;28,10144000
-10,93522758;0,58873250;28,55617000
-10,92498758;0,59770500;28,10144000
-10,91474758;0,59770500;28,10144000
-10,90450758;0,60667750;28,10144000
-10,89426758;0,60667750;28,10144000
-10,88402758;0,60667750;28,55617000
-10,87378758;0,60667750;27,64672000
-10,86354758;0,61564990;28,10144000
-10,85330758;0,61564990;28,55617000
-10,84306758;0,62462230;28,10144000
-10,83282758;0,62462230;28,10144000
-10,82258758;0,63359480;27,64672000
-10,81234758;0,62462230;28,55617000
-10,80210758;0,62462230;28,10144000
-10,79186758;0,64256720;28,10144000
-10,78162758;0,64256720;28,10144000
-10,77138758;0,64256720;28,10144000
-10,76114758;0,64256720;28,55617000
-10,75090758;0,66048160;28,55617000
-10,74066758;0,65153970;28,55617000
-10,73042758;0,66048160;28,10144000
-10,72018758;0,66048160;28,10144000
-10,70994758;0,66048160;28,10144000
-10,69970758;0,66945400;28,10144000
-10,68946758;0,66048160;29,01089000
-10,67922758;0,66945400;28,55617000
-10,66898758;0,66945400;28,55617000
-10,65874758;0,67842640;28,55617000
-10,64850758;0,67842640;28,10144000
-10,63826758;0,67842640;29,01089000
-10,62802758;0,67842640;28,10144000
-10,61778758;0,67842640;28,55617000
-10,60754758;0,67842640;28,55617000
-10,59730758;0,67842640;28,10144000
-10,58706758;0,69637140;28,10144000
-10,57682758;0,69637140;29,01089000
-10,56658758;0,69637140;28,55617000
-10,55634758;0,69637140;28,10144000
-10,54610758;0,69637140;28,10144000
-10,53586758;0,71431620;29,01089000
-10,52562758;0,71431620;28,55617000
-10,51538758;0,71431620;28,55617000
-10,50514758;0,71431620;28,10144000
-10,49490758;0,71431620;28,10144000
-10,48466758;0,71431620;29,01089000
-10,47442758;0,71431620;28,55617000
-10,46418759;0,72328870;28,10144000
-10,45394759;0,73226110;28,55617000
-10,44370759;0,72328870;28,55617000
-10,43346759;0,73226110;29,01089000
-10,42322759;0,73226110;28,10144000
-10,41298759;0,73226110;29,01089000
-10,40274759;0,73226110;29,01089000
-10,39250759;0,74120300;29,01089000
-10,38226759;0,74120300;28,55617000
-10,37202759;0,74120300;28,10144000
-10,36178759;0,75017550;28,10144000
-10,35154759;0,74120300;28,55617000
-10,34130759;0,75017550;28,10144000
-10,33106759;0,75017550;29,01089000
-10,32082759;0,75017550;28,10144000
-10,31058759;0,75017550;29,01089000
-10,30034759;0,75017550;28,55617000
-10,29010759;0,75017550;28,10144000
-10,27986759;0,75914790;28,55617000
-10,26962759;0,76812030;29,01089000
-10,25938759;0,76812030;29,01089000
-10,24914759;0,76812030;29,01089000
-10,23890759;0,76812030;28,10144000
-10,22866759;0,76812030;28,55617000
-10,21842759;0,76812030;28,10144000
-10,20818759;0,76812030;28,10144000
-10,19794759;0,76812030;29,01089000
-10,18770759;0,77709280;28,10144000
-10,17746759;0,77709280;28,10144000
-10,16722759;0,77709280;29,01089000
-10,15698759;0,78606520;29,01089000
-10,14674759;0,78606520;29,01089000
-10,13650759;0,78606520;28,55617000
-10,12626759;0,78606520;28,10144000
-10,11602759;0,78606520;28,55617000
-10,10578759;0,78606520;28,55617000
-10,09554759;0,78606520;28,55617000
-10,08530759;0,78606520;28,55617000
-10,07506759;0,80401020;29,01089000
-10,06482759;0,78606520;28,55617000
-10,05458759;0,80401020;28,10144000
-10,04434759;0,80401020;29,01089000
-10,03410759;0,79503770;28,55617000
-10,02386759;0,80401020;29,01089000
-10,01362759;0,80401020;28,55617000
-10,00338759;0,80401020;29,01089000
-9,99314759;0,80401020;28,55617000
-9,98290759;0,80401020;28,10144000
-9,97266759;0,80401020;29,01089000
-9,96242759;0,81298260;28,55617000
-9,95218759;0,81298260;28,10144000
-9,94194759;0,81298260;29,01089000
-9,93170759;0,82192450;28,55617000
-9,92146759;0,81298260;29,01089000
-9,91122759;0,81298260;29,01089000
-9,90098759;0,82192450;29,01089000
-9,89074759;0,82192450;29,46715000
-9,88050759;0,82192450;28,55617000
-9,87026759;0,82192450;29,01089000
-9,86002759;0,82192450;28,55617000
-9,84978759;0,82192450;28,55617000
-9,83954759;0,82192450;29,46715000
-9,82930759;0,82192450;28,55617000
-9,81906759;0,82192450;28,55617000
-9,80882759;0,83089690;28,55617000
-9,79858759;0,83986940;28,55617000
-9,78834759;0,83089690;29,01089000
-9,77810759;0,83986940;29,01089000
-9,76786759;0,83089690;29,01089000
-9,75762759;0,83089690;29,01089000
-9,74738759;0,83089690;28,55617000
-9,73714759;0,83986940;28,55617000
-9,72690759;0,83986940;28,55617000
-9,71666759;0,83986940;28,55617000
-9,70642759;0,83986940;29,01089000
-9,69618759;0,83986940;29,01089000
-9,68594759;0,83986940;28,10144000
-9,67570759;0,83986940;28,55617000
-9,66546759;0,83986940;28,55617000
-9,65522759;0,83986940;28,55617000
-9,64498759;0,83986940;28,55617000
-9,63474759;0,83986940;28,10144000
-9,62450759;0,84884180;28,55617000
-9,61426759;0,83986940;28,55617000
-9,60402759;0,84884180;28,10144000
-9,59378759;0,84884180;28,55617000
-9,58354759;0,84884180;29,01089000
-9,57330759;0,84884180;29,01089000
-9,56306759;0,84884180;29,01089000
-9,55282759;0,84884180;28,55617000
-9,54258759;0,84884180;29,01089000
-9,53234759;0,83986940;27,64672000
-9,52210759;0,84884180;28,55617000
-9,51186759;0,84884180;28,10144000
-9,50162759;0,84884180;28,10144000
-9,49138759;0,84884180;28,10144000
-9,48114759;0,84884180;29,01089000
-9,47090759;0,84884180;28,10144000
-9,46066759;0,84884180;28,10144000
-9,45042759;0,85781430;29,01089000
-9,44018759;0,84884180;28,10144000
-9,42994759;0,84884180;29,01089000
-9,41970759;0,84884180;29,01089000
-9,40946759;0,85781430;28,55617000
-9,39922759;0,85781430;29,01089000
-9,38898759;0,84884180;28,55617000
-9,37874759;0,85781430;29,01089000
-9,36850759;0,85781430;28,55617000
-9,35826759;0,85781430;28,55617000
-9,34802759;0,84884180;28,55617000
-9,33778759;0,85781430;28,10144000
-9,32754759;0,85781430;28,10144000
-9,31730759;0,85781430;28,10144000
-9,30706759;0,85781430;28,55617000
-9,29682759;0,84884180;29,01089000
-9,28658759;0,84884180;29,01089000
-9,27634759;0,84884180;28,55617000
-9,26610759;0,85781430;28,55617000
-9,25586759;0,84884180;29,01089000
-9,24562759;0,85781430;28,55617000
-9,23538759;0,85781430;28,55617000
-9,22514759;0,85781430;28,10144000
-9,21490759;0,84884180;28,10144000
-9,20466759;0,84884180;29,01089000
-9,19442759;0,84884180;28,55617000
-9,18418759;0,84884180;28,55617000
-9,17394759;0,84884180;29,01089000
-9,16370759;0,84884180;28,10144000
-9,15346759;0,84884180;29,01089000
-9,14322759;0,83986940;28,55617000
-9,13298759;0,83986940;28,55617000
-9,12274759;0,84884180;28,10144000
-9,11250759;0,83986940;29,01089000
-9,10226759;0,84884180;28,10144000
-9,09202759;0,84884180;28,10144000
-9,08178759;0,83986940;28,10144000
-9,07154759;0,83986940;28,10144000
-9,06130759;0,83986940;28,55617000
-9,05106759;0,83986940;28,10144000
-9,04082759;0,83986940;28,55617000
-9,03058759;0,83986940;28,55617000
-9,02034759;0,83986940;29,01089000
-9,01010759;0,83986940;28,55617000
-8,99986759;0,83986940;28,10144000
-8,98962759;0,83986940;29,01089000
-8,97938759;0,83986940;28,10144000
-8,96914759;0,83986940;28,55617000
-8,95890759;0,83986940;28,10144000
-8,94866759;0,83986940;28,10144000
-8,93842759;0,83986940;28,10144000
-8,92818759;0,83089690;28,55617000
-8,91794759;0,83089690;28,10144000
-8,90770759;0,83089690;28,10144000
-8,89746759;0,82192450;28,10144000
-8,88722759;0,83089690;28,10144000
-8,87698759;0,82192450;28,55617000
-8,86674759;0,82192450;28,55617000
-8,85650759;0,82192450;28,10144000
-8,84626759;0,82192450;28,10144000
-8,83602759;0,83089690;28,55617000
-8,82578760;0,82192450;28,10144000
-8,81554760;0,82192450;28,10144000
-8,80530760;0,82192450;28,10144000
-8,79506760;0,82192450;28,55617000
-8,78482760;0,82192450;28,55617000
-8,77458760;0,82192450;28,10144000
-8,76434760;0,81298260;28,55617000
-8,75410760;0,81298260;28,55617000
-8,74386760;0,80401020;28,10144000
-8,73362760;0,81298260;28,10144000
-8,72338760;0,80401020;27,64672000
-8,71314760;0,80401020;28,55617000
-8,70290760;0,80401020;28,10144000
-8,69266760;0,80401020;28,10144000
-8,68242760;0,80401020;28,10144000
-8,67218760;0,80401020;28,10144000
-8,66194760;0,80401020;28,10144000
-8,65170760;0,80401020;28,10144000
-8,64146760;0,80401020;28,10144000
-8,63122760;0,80401020;27,64672000
-8,62098760;0,80401020;28,10144000
-8,61074760;0,78606520;28,10144000
-8,60050760;0,78606520;28,10144000
-8,59026760;0,78606520;28,55617000
-8,58002760;0,78606520;28,10144000
-8,56978760;0,78606520;28,10144000
-8,55954760;0,78606520;27,64672000
-8,54930760;0,78606520;28,55617000
-8,53906760;0,78606520;28,10144000
-8,52882760;0,77709280;28,55617000
-8,51858760;0,77709280;28,10144000
-8,50834760;0,77709280;28,10144000
-8,49810760;0,77709280;28,10144000
-8,48786760;0,76812030;28,10144000
-8,47762760;0,77709280;28,10144000
-8,46738760;0,76812030;28,10144000
-8,45714760;0,76812030;28,10144000
-8,44690760;0,76812030;28,10144000
-8,43666760;0,76812030;28,10144000
-8,42642760;0,76812030;27,64672000
-8,41618760;0,76812030;28,10144000
-8,40594760;0,75017550;29,01089000
-8,39570760;0,75017550;27,64672000
-8,38546760;0,75017550;28,10144000
-8,37522760;0,75017550;27,64672000
-8,36498760;0,75017550;28,10144000
-8,35474760;0,75017550;27,64672000
-8,34450760;0,75017550;28,10144000
-8,33426760;0,75017550;28,10144000
-8,32402760;0,74120300;28,10144000
-8,31378760;0,74120300;28,10144000
-8,30354760;0,73226110;28,10144000
-8,29330760;0,73226110;28,10144000
-8,28306760;0,73226110;28,10144000
-8,27282760;0,73226110;28,55617000
-8,26258760;0,73226110;27,64672000
-8,25234760;0,72328870;28,10144000
-8,24210760;0,72328870;27,64672000
-8,23186760;0,73226110;27,19047000
-8,22162760;0,71431620;28,55617000
-8,21138760;0,72328870;27,64672000
-8,20114760;0,71431620;28,10144000
-8,19090760;0,71431620;28,10144000
-8,18066760;0,70534380;28,10144000
-8,17042760;0,71431620;27,64672000
-8,16018760;0,70534380;27,64672000
-8,14994760;0,70534380;28,10144000
-8,13970760;0,69637140;28,10144000
-8,12946760;0,69637140;27,19047000
-8,11922760;0,69637140;27,64672000
-8,10898760;0,69637140;27,64672000
-8,09874760;0,69637140;27,64672000
-8,08850760;0,67842640;27,64672000
-8,07826760;0,67842640;28,10144000
-8,06802760;0,68739890;27,64672000
-8,05778760;0,67842640;27,64672000
-8,04754760;0,67842640;27,19047000
-8,03730760;0,67842640;27,64672000
-8,02706760;0,67842640;28,10144000
-8,01682760;0,66945400;28,10144000
-8,00658760;0,66048160;27,64672000
-7,99634760;0,66048160;28,10144000
-7,98610760;0,66048160;27,64672000
-7,97586760;0,66048160;27,19047000
-7,96562760;0,66048160;27,19047000
-7,95538760;0,65153970;27,19047000
-7,94514760;0,64256720;28,10144000
-7,93490760;0,64256720;27,64672000
-7,92466760;0,64256720;27,19047000
-7,91442760;0,64256720;26,73574000
-7,90418760;0,64256720;27,64672000
-7,89394760;0,63359480;27,64672000
-7,88370760;0,63359480;27,19047000
-7,87346760;0,63359480;27,19047000
-7,86322760;0,62462230;27,64672000
-7,85298760;0,63359480;27,19047000
-7,84274760;0,61564990;27,19047000
-7,83250760;0,61564990;27,19047000
-7,82226760;0,61564990;27,19047000
-7,81202760;0,60667750;27,19047000
-7,80178760;0,60667750;27,19047000
-7,79154760;0,60667750;27,64672000
-7,78130760;0,59770500;27,19047000
-7,77106760;0,60667750;27,19047000
-7,76082760;0,59770500;27,19047000
-7,75058760;0,58873250;26,73574000
-7,74034760;0,58873250;27,19047000
-7,73010760;0,58873250;27,19047000
-7,71986760;0,58873250;27,64672000
-7,70962760;0,57081820;27,19047000
-7,69938760;0,57081820;27,19047000
-7,68914760;0,57081820;27,19047000
-7,67890760;0,57081820;27,19047000
-7,66866760;0,57081820;27,19047000
-7,65842760;0,56184580;27,19047000
-7,64818760;0,55287330;27,19047000
-7,63794760;0,55287330;27,19047000
-7,62770760;0,55287330;27,64672000
-7,61746760;0,55287330;27,19047000
-7,60722760;0,55287330;26,73574000
-7,59698760;0,54390080;27,19047000
-7,58674760;0,53492840;26,73574000
-7,57650760;0,53492840;27,19047000
-7,56626760;0,53492840;27,19047000
-7,55602760;0,53492840;27,19047000
-7,54578760;0,52595600;26,28101000
-7,53554760;0,53492840;26,28101000
-7,52530760;0,51698360;27,19047000
-7,51506760;0,51698360;27,19047000
-7,50482760;0,51698360;27,19047000
-7,49458760;0,50801110;26,73574000
-7,48434760;0,49903870;26,28101000
-7,47410760;0,49903870;26,28101000
-7,46386760;0,49903870;26,73574000
-7,45362760;0,49903870;26,73574000
-7,44338760;0,49903870;25,82629000
-7,43314760;0,48112430;26,73574000
-7,42290760;0,48112430;26,73574000
-7,41266760;0,48112430;27,19047000
-7,40242760;0,47215180;26,73574000
-7,39218760;0,48112430;26,28101000
-7,38194760;0,47215180;26,28101000
-7,37170760;0,47215180;26,28101000
-7,36146760;0,46317940;26,73574000
-7,35122760;0,46317940;26,28101000
-7,34098760;0,45420700;26,28101000
-7,33074760;0,45420700;26,28101000
-7,32050760;0,45420700;26,28101000
-7,31026760;0,44523450;26,28101000
-7,30002760;0,43626210;26,28101000
-7,28978760;0,43626210;25,82629000
-7,27954760;0,42728970;26,73574000
-7,26930760;0,42728970;26,28101000
-7,25906760;0,42728970;25,82629000
-7,24882760;0,41831720;26,28101000
-7,23858760;0,41831720;26,28101000
-7,22834760;0,41831720;26,28101000
-7,21810760;0,40934480;26,28101000
-7,20786760;0,40934480;26,28101000
-7,19762760;0,40934480;25,82629000
-7,18738760;0,40040280;26,28101000
-7,17714761;0,40040280;26,28101000
-7,16690761;0,39143040;26,28101000
-7,15666761;0,38245800;26,73574000
-7,14642761;0,38245800;25,82629000
-7,13618761;0,38245800;25,82629000
-7,12594761;0,37348550;25,82629000
-7,11570761;0,37348550;25,82629000
-7,10546761;0,37348550;26,28101000
-7,09522761;0,37348550;25,82629000
-7,08498761;0,35554060;25,82629000
-7,07474761;0,35554060;25,82629000
-7,06450761;0,35554060;25,82629000
-7,05426761;0,33759580;25,82629000
-7,04402761;0,33759580;25,82629000
-7,03378761;0,33759580;25,82629000
-7,02354761;0,33759580;24,46058000
-7,01330761;0,33759580;25,37004000
-7,00306761;0,32862330;25,82629000
-6,99282761;0,31968140;25,82629000
-6,98258761;0,31968140;25,37004000
-6,97234761;0,31968140;25,37004000
-6,96210761;0,31070890;25,37004000
-6,95186761;0,31070890;24,91531000
-6,94162761;0,30173650;25,82629000
-6,93138761;0,30173650;24,91531000
-6,92114761;0,30173650;25,37004000
-6,91090761;0,28379160;24,91531000
-6,90066761;0,28379160;24,46058000
-6,89042761;0,28379160;25,37004000
-6,88018761;0,28379160;24,91531000
-6,86994761;0,27481920;25,37004000
-6,85970761;0,27481920;24,91531000
-6,84946761;0,26584670;24,91531000
-6,83922761;0,25687430;24,46058000
-6,82898761;0,25687430;24,46058000
-6,81874761;0,25687430;24,46058000
-6,80850761;0,24790190;25,37004000
-6,79826761;0,23895990;24,46058000
-6,78802761;0,23895990;24,46058000
-6,77778761;0,22998750;24,91531000
-6,76754761;0,22998750;24,00586000
-6,75730761;0,22998750;24,46058000
-6,74706761;0,22998750;24,91531000
-6,73682761;0,22101510;24,46058000
-6,72658761;0,21204260;24,46058000
-6,71634761;0,21204260;24,46058000
-6,70610761;0,20307020;24,46058000
-6,69586761;0,21204260;23,54961000
-6,68562761;0,19409770;24,00586000
-6,67538761;0,19409770;24,00586000
-6,66514761;0,18512530;24,46058000
-6,65490761;0,18512530;24,00586000
-6,64466761;0,18512530;24,46058000
-6,63442761;0,17615280;23,54961000
-6,62418761;0,17615280;24,00586000
-6,61394761;0,17615280;24,00586000
-6,60370761;0,16718040;23,54961000
-6,59346761;0,16718040;23,54961000
-6,58322761;0,15823850;24,00586000
-6,57298761;0,15823850;24,00586000
-6,56274761;0,15823850;23,54961000
-6,55250761;0,14029360;23,09488000
-6,54226761;0,14029360;23,09488000
-6,53202761;0,14029360;23,54961000
-6,52178761;0,13132110;23,09488000
-6,51154761;0,12234870;23,09488000
-6,50130761;0,12234870;23,09488000
-6,49106761;0,11337630;23,09488000
-6,48082761;0,11337630;23,54961000
-6,47058761;0,10440380;23,09488000
-6,46034761;0,10440380;23,09488000
-6,45010761;0,10440380;22,64016000
-6,43986761;0,09543138;23,09488000
-6,42962761;0,08645894;23,09488000
-6,41938761;0,08645894;22,18543000
-6,40914761;0,08645894;22,18543000
-6,39890761;0,08645894;22,18543000
-6,38866761;0,07751702;22,64016000
-6,37842761;0,06854457;22,64016000
-6,36818761;0,06854457;22,18543000
-6,35794761;0,05957213;22,18543000
-6,34770761;0,06854457;21,72918000
-6,33746761;0,05059969;21,27445000
-6,32722761;0,05059969;21,72918000
-6,31698761;0,05059969;21,72918000
-6,30674761;0,04162725;21,27445000
-6,29650761;0,03265481;21,72918000
-6,28626761;0,03265481;21,72918000
-6,27602761;0,03265481;20,81973000
-6,26578761;0,02368236;21,27445000
-6,25554761;0,01470992;20,81973000
-6,24530761;0,01470992;20,81973000
-6,23506761;0,00573748;20,36500000
-6,22482761;0,01470992;20,36500000
-6,21458761;-0,00320444;20,36500000
-6,20434761;-0,00320444;19,45402000
-6,19410761;-0,00320444;19,45402000
-6,18386761;-0,01214637;18,54457000
-6,17362761;-0,02111881;14,44746000
-6,16338761;-0,02111881;1,70598500
-6,15314761;-0,02111881;-21,04861000
-6,14290761;-0,03906369;-23,32530000
-6,13266761;-0,03906369;-18,31874000
-6,12242761;-0,03906369;-18,31874000
-6,11218761;-0,03906369;-20,13916000
-6,10194761;-0,03906369;-20,13916000
-6,09170761;-0,05700858;-19,22819000
-6,08146761;-0,05700858;-19,68444000
-6,07122761;-0,05700858;-20,13916000
-6,06098761;-0,07495346;-20,13916000
-6,05074761;-0,07495346;-20,13916000
-6,04050761;-0,08392590;-20,59389000
-6,03026761;-0,07495346;-20,13916000
-6,02002761;-0,08392590;-20,13916000
-6,00978761;-0,08392590;-20,59389000
-5,99954761;-0,09286782;-20,59389000
-5,98930761;-0,10184030;-21,04861000
-5,97906761;-0,10184030;-20,59389000
-5,96882761;-0,11081270;-21,50487000
-5,95858761;-0,11081270;-21,04861000
-5,94834761;-0,11978520;-20,59389000
-5,93810761;-0,11978520;-21,04861000
-5,92786761;-0,12875760;-21,50487000
-5,91762761;-0,12875760;-21,50487000
-5,90738761;-0,12875760;-21,04861000
-5,89714761;-0,14670250;-21,50487000
-5,88690761;-0,14670250;-21,50487000
-5,87666761;-0,14670250;-21,50487000
-5,86642761;-0,14670250;-21,50487000
-5,85618761;-0,14670250;-21,04861000
-5,84594761;-0,15567490;-21,50487000
-5,83570761;-0,16464740;-21,04861000
-5,82546761;-0,16464740;-21,50487000
-5,81522761;-0,16464740;-21,50487000
-5,80498761;-0,18256170;-21,95959000
-5,79474761;-0,17358930;-21,50487000
-5,78450761;-0,18256170;-21,95959000
-5,77426761;-0,18256170;-22,41432000
-5,76402761;-0,19153420;-22,41432000
-5,75378761;-0,19153420;-22,41432000
-5,74354761;-0,20050660;-22,41432000
-5,73330761;-0,20050660;-21,95959000
-5,72306761;-0,21845150;-22,41432000
-5,71282761;-0,20050660;-22,41432000
-5,70258761;-0,21845150;-21,95959000
-5,69234761;-0,21845150;-22,41432000
-5,68210761;-0,21845150;-22,41432000
-5,67186761;-0,23639640;-22,86905000
-5,66162761;-0,23639640;-22,41432000
-5,65138761;-0,23639640;-22,86905000
-5,64114761;-0,24536880;-21,95959000
-5,63090761;-0,24536880;-22,86905000
-5,62066761;-0,25431070;-22,86905000
-5,61042761;-0,25431070;-22,86905000
-5,60018761;-0,25431070;-22,86905000
-5,58994761;-0,26328320;-22,86905000
-5,57970761;-0,27225560;-22,86905000
-5,56946761;-0,27225560;-22,86905000
-5,55922761;-0,27225560;-22,86905000
-5,54898761;-0,28122810;-22,86905000
-5,53874761;-0,28122810;-23,32530000
-5,52850762;-0,29020050;-22,86905000
-5,51826762;-0,29020050;-23,32530000
-5,50802762;-0,29917290;-22,86905000
-5,49778762;-0,29917290;-22,86905000
-5,48754762;-0,30814540;-23,32530000
-5,47730762;-0,30814540;-22,41432000
-5,46706762;-0,32609030;-23,32530000
-5,45682762;-0,30814540;-22,86905000
-5,44658762;-0,32609030;-22,86905000
-5,43634762;-0,32609030;-23,32530000
-5,42610762;-0,32609030;-23,78002000
-5,41586762;-0,33503220;-23,32530000
-5,40562762;-0,32609030;-23,32530000
-5,39538762;-0,34400460;-22,86905000
-5,38514762;-0,34400460;-23,32530000
-5,37490762;-0,35297710;-23,32530000
-5,36466762;-0,35297710;-23,32530000
-5,35442762;-0,36194950;-24,23475000
-5,34418762;-0,36194950;-23,78002000
-5,33394762;-0,36194950;-23,32530000
-5,32370762;-0,36194950;-23,32530000
-5,31346762;-0,36194950;-23,78002000
-5,30322762;-0,37989440;-23,78002000
-5,29298762;-0,37989440;-23,32530000
-5,28274762;-0,37989440;-23,78002000
-5,27250762;-0,37989440;-23,78002000
-5,26226762;-0,39783930;-24,23475000
-5,25202762;-0,39783930;-23,78002000
-5,24178762;-0,39783930;-23,78002000
-5,23154762;-0,39783930;-24,23475000
-5,22130762;-0,39783930;-23,78002000
-5,21106762;-0,41575370;-24,23475000
-5,20082762;-0,41575370;-23,78002000
-5,19058762;-0,41575370;-23,78002000
-5,18034762;-0,41575370;-23,78002000
-5,17010762;-0,42472610;-24,23475000
-5,15986762;-0,43369850;-24,23475000
-5,14962762;-0,43369850;-23,78002000
-5,13938762;-0,43369850;-24,23475000
-5,12914762;-0,44267100;-24,23475000
-5,11890762;-0,44267100;-24,23475000
-5,10866762;-0,45164340;-23,78002000
-5,09842762;-0,45164340;-24,23475000
-5,08818762;-0,46061590;-24,68947000
-5,07794762;-0,46061590;-24,68947000
-5,06770762;-0,45164340;-24,23475000
-5,05746762;-0,46958830;-24,68947000
-5,04722762;-0,46958830;-24,23475000
-5,03698762;-0,46958830;-24,23475000
-5,02674762;-0,46958830;-24,23475000
-5,01650762;-0,48753320;-24,23475000
-5,00626762;-0,47856070;-24,23475000
-4,99602762;-0,48753320;-24,68947000
-4,98578762;-0,48753320;-25,14573000
-4,97554762;-0,48753320;-24,68947000
-4,96530762;-0,49647510;-24,23475000
-4,95506762;-0,50544760;-24,23475000
-4,94482762;-0,50544760;-24,23475000
-4,93458762;-0,50544760;-24,23475000
-4,92434762;-0,51442000;-24,68947000
-4,91410762;-0,50544760;-24,23475000
-4,90386762;-0,52339240;-24,23475000
-4,89362762;-0,52339240;-24,68947000
-4,88338762;-0,52339240;-25,14573000
-4,87314762;-0,53236490;-24,23475000
-4,86290762;-0,54133730;-24,23475000
-4,85266762;-0,54133730;-24,68947000
-4,84242762;-0,54133730;-25,14573000
-4,83218762;-0,54133730;-24,23475000
-4,82194762;-0,55030980;-24,23475000
-4,81170762;-0,55928220;-24,68947000
-4,80146762;-0,55030980;-24,23475000
-4,79122762;-0,55928220;-24,68947000
-4,78098762;-0,55928220;-24,68947000
-4,77074762;-0,55928220;-24,23475000
-4,76050762;-0,55928220;-25,14573000
-4,75026762;-0,56825460;-24,23475000
-4,74002762;-0,57722710;-25,14573000
-4,72978762;-0,57722710;-24,23475000
-4,71954762;-0,57722710;-25,14573000
-4,70930762;-0,59514150;-25,14573000
-4,69906762;-0,57722710;-24,23475000
-4,68882762;-0,59514150;-25,14573000
-4,67858762;-0,59514150;-25,14573000
-4,66834762;-0,59514150;-24,68947000
-4,65810762;-0,59514150;-24,23475000
-4,64786762;-0,59514150;-24,68947000
-4,63762762;-0,60411390;-24,68947000
-4,62738762;-0,61308630;-25,14573000
-4,61714762;-0,61308630;-25,14573000
-4,60690762;-0,61308630;-24,68947000
-4,59666762;-0,61308630;-25,14573000
-4,58642762;-0,61308630;-25,14573000
-4,57618762;-0,61308630;-25,14573000
-4,56594762;-0,62205870;-24,68947000
-4,55570762;-0,62205870;-25,14573000
-4,54546762;-0,63103120;-25,14573000
-4,53522762;-0,63103120;-25,14573000
-4,52498762;-0,64000370;-25,14573000
-4,51474762;-0,63103120;-25,14573000
-4,50450762;-0,64897610;-24,68947000
-4,49426762;-0,64897610;-24,68947000
-4,48402762;-0,64897610;-25,60045000
-4,47378762;-0,64897610;-25,14573000
-4,46354762;-0,64897610;-24,68947000
-4,45330762;-0,64897610;-25,14573000
-4,44306762;-0,65794860;-25,60045000
-4,43282762;-0,66689040;-24,68947000
-4,42258762;-0,66689040;-25,14573000
-4,41234762;-0,67586290;-25,14573000
-4,40210762;-0,67586290;-25,14573000
-4,39186762;-0,67586290;-25,14573000
-4,38162762;-0,68483540;-25,14573000
-4,37138762;-0,67586290;-24,68947000
-4,36114762;-0,68483540;-25,14573000
-4,35090762;-0,68483540;-25,14573000
-4,34066762;-0,68483540;-25,14573000
-4,33042762;-0,69380780;-25,14573000
-4,32018762;-0,68483540;-25,14573000
-4,30994762;-0,69380780;-25,14573000
-4,29970762;-0,69380780;-25,14573000
-4,28946762;-0,70278020;-25,60045000
-4,27922762;-0,70278020;-25,14573000
-4,26898762;-0,70278020;-25,14573000
-4,25874762;-0,70278020;-25,14573000
-4,24850762;-0,71175270;-25,14573000
-4,23826762;-0,70278020;-25,14573000
-4,22802762;-0,72072510;-25,14573000
-4,21778762;-0,72072510;-25,14573000
-4,20754762;-0,72072510;-25,14573000
-4,19730762;-0,72072510;-25,14573000
-4,18706762;-0,72072510;-25,14573000
-4,17682762;-0,72072510;-25,14573000
-4,16658762;-0,72072510;-25,60045000
-4,15634762;-0,72969760;-25,14573000
-4,14610762;-0,72969760;-25,60045000
-4,13586762;-0,73867000;-25,14573000
-4,12562762;-0,73867000;-24,68947000
-4,11538762;-0,73867000;-25,14573000
-4,10514762;-0,73867000;-24,68947000
-4,09490762;-0,73867000;-25,14573000
-4,08466762;-0,74761190;-25,14573000
-4,07442762;-0,74761190;-25,14573000
-4,06418762;-0,75658430;-25,60045000
-4,05394762;-0,74761190;-25,14573000
-4,04370762;-0,75658430;-26,05518000
-4,03346762;-0,75658430;-25,14573000
-4,02322762;-0,75658430;-25,60045000
-4,01298762;-0,76555680;-25,14573000
-4,00274762;-0,75658430;-25,60045000
-3,99250762;-0,77452930;-25,14573000
-3,98226762;-0,76555680;-25,60045000
-3,97202762;-0,76555680;-25,14573000
-3,96178762;-0,77452930;-25,14573000
-3,95154762;-0,77452930;-25,14573000
-3,94130762;-0,76555680;-25,60045000
-3,93106762;-0,77452930;-25,14573000
-3,92082762;-0,77452930;-25,14573000
-3,91058762;-0,77452930;-25,60045000
-3,90034762;-0,77452930;-24,68947000
-3,89010763;-0,78350170;-25,60045000
-3,87986763;-0,77452930;-25,60045000
-3,86962763;-0,77452930;-25,60045000
-3,85938763;-0,79247420;-25,14573000
-3,84914763;-0,78350170;-25,14573000
-3,83890763;-0,79247420;-25,60045000
-3,82866763;-0,79247420;-25,14573000
-3,81842763;-0,79247420;-25,14573000
-3,80818763;-0,79247420;-24,23475000
-3,79794763;-0,80144660;-25,60045000
-3,78770763;-0,79247420;-25,14573000
-3,77746763;-0,80144660;-25,60045000
-3,76722763;-0,79247420;-24,68947000
-3,75698763;-0,80144660;-25,14573000
-3,74674763;-0,80144660;-25,14573000
-3,73650763;-0,80144660;-25,60045000
-3,72626763;-0,80144660;-25,14573000
-3,71602763;-0,81041900;-25,14573000
-3,70578763;-0,81041900;-25,14573000
-3,69554763;-0,81041900;-26,05518000
-3,68530763;-0,81041900;-25,60045000
-3,67506763;-0,81041900;-25,14573000
-3,66482763;-0,81041900;-25,14573000
-3,65458763;-0,81041900;-25,14573000
-3,64434763;-0,81041900;-25,14573000
-3,63410763;-0,81939150;-25,14573000
-3,62386763;-0,82833340;-25,14573000
-3,61362763;-0,81939150;-25,60045000
-3,60338763;-0,81939150;-25,14573000
-3,59314763;-0,81939150;-25,14573000
-3,58290763;-0,82833340;-24,68947000
-3,57266763;-0,81939150;-25,14573000
-3,56242763;-0,81939150;-25,60045000
-3,55218763;-0,82833340;-25,60045000
-3,54194763;-0,82833340;-25,14573000
-3,53170763;-0,82833340;-25,60045000
-3,52146763;-0,82833340;-25,60045000
-3,51122763;-0,82833340;-26,05518000
-3,50098763;-0,83730580;-24,68947000
-3,49074763;-0,82833340;-25,14573000
-3,48050763;-0,83730580;-25,14573000
-3,47026763;-0,82833340;-25,60045000
-3,46002763;-0,82833340;-25,14573000
-3,44978763;-0,83730580;-25,60045000
-3,43954763;-0,82833340;-25,60045000
-3,42930763;-0,83730580;-25,60045000
-3,41906763;-0,82833340;-25,14573000
-3,40882763;-0,83730580;-25,14573000
-3,39858763;-0,84627830;-25,14573000
-3,38834763;-0,83730580;-25,14573000
-3,37810763;-0,82833340;-25,14573000
-3,36786763;-0,83730580;-25,14573000
-3,35762763;-0,83730580;-25,14573000
-3,34738763;-0,83730580;-25,14573000
-3,33714763;-0,84627830;-25,14573000
-3,32690763;-0,84627830;-25,60045000
-3,31666763;-0,83730580;-24,68947000
-3,30642763;-0,83730580;-25,14573000
-3,29618763;-0,84627830;-25,14573000
-3,28594763;-0,84627830;-25,60045000
-3,27570763;-0,84627830;-25,14573000
-3,26546763;-0,84627830;-25,14573000
-3,25522763;-0,84627830;-25,60045000
-3,24498763;-0,84627830;-25,14573000
-3,23474763;-0,84627830;-25,14573000
-3,22450763;-0,84627830;-25,14573000
-3,21426763;-0,84627830;-24,68947000
-3,20402763;-0,84627830;-25,60045000
-3,19378763;-0,84627830;-25,14573000
-3,18354763;-0,84627830;-25,14573000
-3,17330763;-0,84627830;-25,14573000
-3,16306763;-0,84627830;-25,14573000
-3,15282763;-0,84627830;-25,14573000
-3,14258763;-0,84627830;-25,14573000
-3,13234763;-0,84627830;-24,68947000
-3,12210763;-0,84627830;-25,60045000
-3,11186763;-0,84627830;-25,14573000
-3,10162763;-0,84627830;-25,14573000
-3,09138763;-0,84627830;-25,14573000
-3,08114763;-0,84627830;-25,60045000
-3,07090763;-0,84627830;-25,14573000
-3,06066763;-0,84627830;-24,68947000
-3,05042763;-0,84627830;-25,14573000
-3,04018763;-0,84627830;-25,14573000
-3,02994763;-0,84627830;-25,14573000
-3,01970763;-0,84627830;-25,14573000
-3,00946763;-0,84627830;-25,14573000
-2,99922763;-0,84627830;-25,14573000
-2,98898763;-0,84627830;-25,14573000
-2,97874763;-0,84627830;-25,60045000
-2,96850763;-0,84627830;-24,68947000
-2,95826763;-0,84627830;-25,14573000
-2,94802763;-0,84627830;-25,14573000
-2,93778763;-0,84627830;-25,14573000
-2,92754763;-0,84627830;-25,14573000
-2,91730763;-0,83730580;-24,68947000
-2,90706763;-0,84627830;-25,14573000
-2,89682763;-0,84627830;-25,60045000
-2,88658763;-0,84627830;-25,60045000
-2,87634763;-0,83730580;-25,14573000
-2,86610763;-0,83730580;-24,68947000
-2,85586763;-0,84627830;-25,14573000
-2,84562763;-0,83730580;-25,14573000
-2,83538763;-0,82833340;-25,14573000
-2,82514763;-0,84627830;-24,68947000
-2,81490763;-0,82833340;-24,68947000
-2,80466763;-0,83730580;-24,68947000
-2,79442763;-0,82833340;-25,14573000
-2,78418763;-0,82833340;-24,68947000
-2,77394763;-0,83730580;-25,14573000
-2,76370763;-0,83730580;-25,14573000
-2,75346763;-0,82833340;-25,14573000
-2,74322763;-0,82833340;-25,14573000
-2,73298763;-0,82833340;-25,14573000
-2,72274763;-0,82833340;-24,68947000
-2,71250763;-0,82833340;-25,14573000
-2,70226763;-0,82833340;-25,14573000
-2,69202763;-0,82833340;-24,68947000
-2,68178763;-0,82833340;-25,60045000
-2,67154763;-0,82833340;-25,14573000
-2,66130763;-0,82833340;-25,14573000
-2,65106763;-0,82833340;-25,14573000
-2,64082763;-0,82833340;-25,14573000
-2,63058763;-0,82833340;-25,60045000
-2,62034763;-0,82833340;-24,68947000
-2,61010763;-0,82833340;-25,60045000
-2,59986763;-0,81939150;-25,14573000
-2,58962763;-0,82833340;-25,14573000
-2,57938763;-0,81939150;-25,14573000
-2,56914763;-0,81939150;-24,68947000
-2,55890763;-0,81041900;-24,68947000
-2,54866763;-0,81939150;-25,14573000
-2,53842763;-0,81041900;-24,68947000
-2,52818763;-0,81041900;-24,68947000
-2,51794763;-0,81041900;-24,68947000
-2,50770763;-0,81041900;-25,14573000
-2,49746763;-0,81041900;-25,14573000
-2,48722763;-0,81041900;-25,14573000
-2,47698763;-0,81041900;-24,23475000
-2,46674763;-0,81041900;-25,14573000
-2,45650763;-0,81041900;-25,14573000
-2,44626763;-0,79247420;-25,14573000
-2,43602763;-0,80144660;-24,68947000
-2,42578763;-0,80144660;-25,14573000
-2,41554763;-0,79247420;-25,14573000
-2,40530763;-0,79247420;-25,14573000
-2,39506763;-0,79247420;-24,68947000
-2,38482763;-0,79247420;-25,14573000
-2,37458763;-0,79247420;-25,14573000
-2,36434763;-0,79247420;-24,23475000
-2,35410763;-0,79247420;-25,14573000
-2,34386763;-0,78350170;-25,14573000
-2,33362763;-0,79247420;-25,14573000
-2,32338763;-0,77452930;-25,14573000
-2,31314763;-0,77452930;-25,14573000
-2,30290763;-0,77452930;-25,14573000
-2,29266763;-0,77452930;-24,23475000
-2,28242763;-0,77452930;-24,68947000
-2,27218763;-0,77452930;-24,68947000
-2,26194763;-0,77452930;-24,68947000
-2,25170763;-0,76555680;-24,23475000
-2,24146764;-0,76555680;-24,68947000
-2,23122764;-0,77452930;-24,68947000
-2,22098764;-0,76555680;-24,68947000
-2,21074764;-0,75658430;-24,23475000
-2,20050764;-0,75658430;-25,14573000
-2,19026764;-0,75658430;-24,23475000
-2,18002764;-0,75658430;-25,14573000
-2,16978764;-0,75658430;-24,68947000
-2,15954764;-0,75658430;-24,68947000
-2,14930764;-0,74761190;-25,14573000
-2,13906764;-0,74761190;-24,68947000
-2,12882764;-0,74761190;-24,23475000
-2,11858764;-0,75658430;-24,68947000
-2,10834764;-0,74761190;-23,78002000
-2,09810764;-0,73867000;-24,68947000
-2,08786764;-0,73867000;-24,23475000
-2,07762764;-0,73867000;-25,14573000
-2,06738764;-0,73867000;-24,23475000
-2,05714764;-0,72969760;-24,68947000
-2,04690764;-0,73867000;-24,68947000
-2,03666764;-0,72969760;-24,23475000
-2,02642764;-0,72072510;-23,78002000
-2,01618764;-0,72072510;-23,78002000
-2,00594764;-0,72072510;-24,23475000
-1,99570764;-0,72072510;-24,68947000
-1,98546764;-0,72072510;-24,68947000
-1,97522764;-0,72072510;-24,23475000
-1,96498764;-0,72072510;-24,68947000
-1,95474764;-0,71175270;-24,23475000
-1,94450764;-0,72072510;-25,14573000
-1,93426764;-0,70278020;-25,14573000
-1,92402764;-0,71175270;-24,68947000
-1,91378764;-0,70278020;-24,68947000
-1,90354764;-0,70278020;-24,23475000
-1,89330764;-0,70278020;-24,23475000
-1,88306764;-0,69380780;-24,23475000
-1,87282764;-0,69380780;-24,23475000
-1,86258764;-0,68483540;-24,23475000
-1,85234764;-0,68483540;-23,78002000
-1,84210764;-0,68483540;-24,23475000
-1,83186764;-0,68483540;-23,78002000
-1,82162764;-0,68483540;-24,23475000
-1,81138764;-0,67586290;-24,23475000
-1,80114764;-0,67586290;-24,23475000
-1,79090764;-0,66689040;-24,23475000
-1,78066764;-0,66689040;-24,23475000
-1,77042764;-0,66689040;-24,68947000
-1,76018764;-0,66689040;-24,23475000
-1,74994764;-0,66689040;-23,78002000
-1,73970764;-0,64897610;-23,78002000
-1,72946764;-0,64897610;-24,23475000
-1,71922764;-0,65794860;-24,23475000
-1,70898764;-0,64897610;-24,23475000
-1,69874764;-0,64897610;-24,23475000
-1,68850764;-0,64000370;-24,23475000
-1,67826764;-0,64897610;-24,68947000
-1,66802764;-0,63103120;-24,68947000
-1,65778764;-0,63103120;-24,23475000
-1,64754764;-0,63103120;-24,23475000
-1,63730764;-0,63103120;-24,23475000
-1,62706764;-0,62205870;-23,78002000
-1,61682764;-0,62205870;-24,23475000
-1,60658764;-0,61308630;-24,23475000
-1,59634764;-0,62205870;-24,23475000
-1,58610764;-0,61308630;-23,78002000
-1,57586764;-0,61308630;-24,23475000
-1,56562764;-0,60411390;-23,78002000
-1,55538764;-0,60411390;-23,78002000
-1,54514764;-0,61308630;-24,23475000
-1,53490764;-0,60411390;-24,23475000
-1,52466764;-0,59514150;-23,32530000
-1,51442764;-0,58616900;-23,78002000
-1,50418764;-0,58616900;-23,78002000
-1,49394764;-0,58616900;-23,32530000
-1,48370764;-0,58616900;-23,78002000
-1,47346764;-0,57722710;-23,78002000
-1,46322764;-0,57722710;-23,32530000
-1,45298764;-0,57722710;-24,23475000
-1,44274764;-0,56825460;-23,78002000
-1,43250764;-0,56825460;-23,78002000
-1,42226764;-0,55928220;-23,78002000
-1,41202764;-0,55928220;-23,78002000
-1,40178764;-0,55928220;-23,78002000
-1,39154764;-0,55030980;-23,78002000
-1,38130764;-0,55030980;-23,78002000
-1,37106764;-0,54133730;-22,86905000
-1,36082764;-0,54133730;-23,32530000
-1,35058764;-0,54133730;-23,78002000
-1,34034764;-0,54133730;-23,32530000
-1,33010764;-0,53236490;-23,78002000
-1,31986764;-0,53236490;-23,32530000
-1,30962764;-0,52339240;-23,32530000
-1,29938764;-0,52339240;-23,78002000
-1,28914764;-0,52339240;-23,32530000
-1,27890764;-0,52339240;-23,32530000
-1,26866764;-0,50544760;-22,86905000
-1,25842764;-0,50544760;-23,32530000
-1,24818764;-0,50544760;-23,32530000
-1,23794764;-0,50544760;-23,32530000
-1,22770764;-0,50544760;-23,32530000
-1,21746764;-0,50544760;-23,32530000
-1,20722764;-0,48753320;-22,86905000
-1,19698764;-0,48753320;-22,86905000
-1,18674764;-0,48753320;-23,32530000
-1,17650764;-0,47856070;-22,41432000
-1,16626764;-0,47856070;-22,86905000
-1,15602764;-0,46958830;-22,86905000
-1,14578764;-0,46958830;-22,86905000
-1,13554764;-0,46958830;-23,32530000
-1,12530764;-0,46061590;-22,86905000
-1,11506764;-0,45164340;-23,32530000
-1,10482764;-0,45164340;-22,86905000
-1,09458764;-0,45164340;-22,86905000
-1,08434764;-0,44267100;-23,32530000
-1,07410764;-0,44267100;-22,86905000
-1,06386764;-0,44267100;-23,32530000
-1,05362764;-0,43369850;-22,86905000
-1,04338764;-0,43369850;-22,86905000
-1,03314764;-0,43369850;-22,86905000
-1,02290764;-0,42472610;-23,32530000
-1,01266764;-0,41575370;-21,95959000
-1,00242764;-0,41575370;-22,86905000
-0,99218764;-0,41575370;-22,41432000
-0,98194764;-0,40681170;-22,86905000
-0,97170764;-0,40681170;-22,41432000
-0,96146764;-0,39783930;-22,41432000
-0,95122764;-0,39783930;-22,41432000
-0,94098764;-0,39783930;-22,86905000
-0,93074764;-0,39783930;-22,41432000
-0,92050764;-0,39783930;-22,86905000
-0,91026764;-0,37989440;-22,86905000
-0,90002764;-0,37989440;-22,41432000
-0,88978764;-0,37092200;-21,95959000
-0,87954764;-0,37092200;-22,41432000
-0,86930764;-0,36194950;-22,86905000
-0,85906764;-0,36194950;-22,86905000
-0,84882764;-0,36194950;-22,86905000
-0,83858764;-0,36194950;-21,95959000
-0,82834764;-0,34400460;-22,41432000
-0,81810764;-0,35297710;-22,41432000
-0,80786764;-0,34400460;-21,95959000
-0,79762764;-0,34400460;-21,95959000
-0,78738764;-0,33503220;-22,41432000
-0,77714764;-0,32609030;-21,95959000
-0,76690764;-0,32609030;-21,95959000
-0,75666764;-0,32609030;-21,50487000
-0,74642764;-0,32609030;-21,95959000
-0,73618764;-0,31711780;-21,95959000
-0,72594764;-0,30814540;-21,50487000
-0,71570764;-0,30814540;-21,50487000
-0,70546764;-0,30814540;-22,41432000
-0,69522764;-0,29917290;-21,95959000
-0,68498764;-0,29020050;-21,50487000
-0,67474764;-0,29020050;-21,50487000
-0,66450764;-0,29020050;-21,95959000
-0,65426764;-0,29020050;-21,04861000
-0,64402764;-0,28122810;-21,50487000
-0,63378764;-0,27225560;-21,50487000
-0,62354764;-0,27225560;-21,50487000
-0,61330764;-0,26328320;-21,50487000
-0,60306764;-0,26328320;-21,04861000
-0,59282765;-0,25431070;-21,04861000
-0,58258765;-0,25431070;-21,50487000
-0,57234765;-0,25431070;-21,50487000
-0,56210765;-0,25431070;-21,50487000
-0,55186765;-0,24536880;-21,04861000
-0,54162765;-0,24536880;-21,04861000
-0,53138765;-0,23639640;-21,50487000
-0,52114765;-0,22742390;-21,04861000
-0,51090765;-0,21845150;-21,04861000
-0,50066765;-0,21845150;-20,59389000
-0,49042765;-0,21845150;-20,59389000
-0,48018765;-0,21845150;-21,04861000
-0,46994765;-0,20947900;-20,59389000
-0,45970765;-0,20050660;-21,04861000
-0,44946765;-0,20050660;-21,04861000
-0,43922765;-0,19153420;-20,59389000
-0,42898765;-0,19153420;-20,59389000
-0,41874765;-0,18256170;-21,04861000
-0,40850765;-0,18256170;-21,04861000
-0,39826765;-0,18256170;-20,59389000
-0,38802765;-0,16464740;-20,13916000
-0,37778765;-0,16464740;-20,13916000
-0,36754765;-0,16464740;-20,13916000
-0,35730765;-0,15567490;-20,59389000
-0,34706765;-0,15567490;-20,13916000
-0,33682765;-0,15567490;-20,13916000
-0,32658765;-0,14670250;-20,13916000
-0,31634765;-0,14670250;-20,13916000
-0,30610765;-0,14670250;-20,13916000
-0,29586765;-0,14670250;-20,13916000
-0,28562765;-0,12875760;-20,13916000
-0,27538765;-0,12875760;-19,68444000
-0,26514765;-0,11978520;-20,13916000
-0,25490765;-0,11978520;-19,68444000
-0,24466765;-0,11081270;-19,68444000
-0,23442765;-0,11081270;-19,22819000
-0,22418765;-0,11081270;-19,68444000
-0,21394765;-0,10184030;-19,68444000
-0,20370765;-0,09286782;-19,68444000
-0,19346765;-0,09286782;-19,68444000
-0,18322765;-0,09286782;-19,22819000
-0,17298765;-0,07495346;-19,22819000
-0,16274765;-0,08392590;-19,22819000
-0,15250765;-0,07495346;-19,22819000
-0,14226765;-0,07495346;-19,22819000
-0,13202765;-0,05700858;-18,31874000
-0,12178765;-0,05700858;-19,22819000
-0,11154765;-0,05700858;-18,77346000
-0,10130765;-0,04803614;-19,22819000
-0,09106765;-0,03906369;-18,77346000
-0,08082765;-0,03906369;-19,22819000
-0,07058765;-0,03906369;-18,77346000
-0,06034765;-0,03009125;-18,31874000
-0,05010765;-0,03009125;-18,77346000
-0,03986765;-0,03009125;-17,86401000
-0,02962765;-0,02111881;-18,31874000
-0,01938765;-0,02111881;-17,86401000
-0,00914765;-0,02111881;-17,86401000
0,00109235;-0,00320444;-16,95303000
0,01133235;-0,00320444;-17,40776000
0,02157235;-0,00320444;-17,40776000
0,03181235;-0,00320444;-16,49831000
0,04205235;0,01470992;-17,40776000
0,05229235;0,01470992;-16,04358000
0,06253235;0,01470992;-16,49831000
0,07277235;0,03265481;-16,04358000
0,08301235;0,03265481;-14,22315000
0,09325235;0,03265481;-10,58229000
0,10349235;0,03265481;3,07016200
0,11373235;0,04162725;25,37004000
0,12397235;0,04162725;26,28101000
0,13421235;0,05059969;21,72918000
0,14445235;0,05059969;21,72918000
0,15469235;0,05059969;23,54961000
0,16493235;0,06854457;23,54961000
0,17517235;0,06854457;22,64016000
0,18541235;0,06854457;23,09488000
0,19565235;0,07751702;23,09488000
0,20589235;0,08645894;24,00586000
0,21613235;0,08645894;24,00586000
0,22637235;0,09543138;24,00586000
0,23661235;0,09543138;23,54961000
0,24685235;0,09543138;24,00586000
0,25709235;0,10440380;24,46058000
0,26733235;0,10440380;24,00586000
0,27757235;0,11337630;24,00586000
0,28781235;0,12234870;24,00586000
0,29805235;0,12234870;24,00586000
0,30829235;0,12234870;24,00586000
0,31853235;0,12234870;24,46058000
0,32877235;0,12234870;24,46058000
0,33901235;0,14029360;24,91531000
0,34925235;0,14029360;24,91531000
0,35949235;0,14926600;24,46058000
0,36973235;0,14926600;24,91531000
0,37997235;0,15823850;24,91531000
0,39021235;0,15823850;24,91531000
0,40045235;0,16718040;24,91531000
0,41069235;0,16718040;24,91531000
0,42093235;0,16718040;24,91531000
0,43117235;0,17615280;25,37004000
0,44141235;0,17615280;25,37004000
0,45165235;0,18512530;25,37004000
0,46189235;0,18512530;25,82629000
0,47213235;0,19409770;25,82629000
0,48237235;0,19409770;25,82629000
0,49261235;0,19409770;25,37004000
0,50285235;0,20307020;25,82629000
0,51309235;0,21204260;25,82629000
0,52333235;0,21204260;25,82629000
0,53357235;0,21204260;25,82629000
0,54381235;0,22101510;25,82629000
0,55405235;0,22998750;26,28101000
0,56429235;0,22998750;25,82629000
0,57453235;0,22998750;25,82629000
0,58477235;0,22998750;26,28101000
0,59501235;0,24790190;25,82629000
0,60525235;0,24790190;25,82629000
0,61549235;0,24790190;26,28101000
0,62573235;0,25687430;25,82629000
0,63597235;0,24790190;25,82629000
0,64621235;0,26584670;25,82629000
0,65645235;0,26584670;26,28101000
0,66669235;0,26584670;26,28101000
0,67693235;0,27481920;26,28101000
0,68717235;0,27481920;26,28101000
0,69741235;0,28379160;26,28101000
0,70765235;0,28379160;26,28101000
0,71789235;0,30173650;26,28101000
0,72813235;0,30173650;26,73574000
0,73837235;0,30173650;26,73574000
0,74861235;0,30173650;26,73574000
0,75885235;0,31070890;26,28101000
0,76909235;0,31968140;26,73574000
0,77933235;0,31968140;26,73574000
0,78957235;0,31968140;26,73574000
0,79981235;0,31968140;26,28101000
0,81005235;0,32862330;27,19047000
0,82029235;0,33759580;26,28101000
0,83053235;0,33759580;26,28101000
0,84077235;0,34656820;27,19047000
0,85101235;0,33759580;27,19047000
0,86125235;0,34656820;27,64672000
0,87149235;0,35554060;27,19047000
0,88173235;0,35554060;27,19047000
0,89197235;0,35554060;27,19047000
0,90221235;0,36451310;27,19047000
0,91245235;0,37348550;26,73574000
0,92269235;0,37348550;27,64672000
0,93293235;0,37348550;27,19047000
0,94317235;0,37348550;27,19047000
0,95341235;0,38245800;26,73574000
0,96365235;0,39143040;27,64672000
0,97389235;0,39143040;26,73574000
0,98413235;0,39143040;27,64672000
0,99437235;0,39143040;27,19047000
1,00461235;0,40040280;27,64672000
1,01485235;0,40934480;27,64672000
1,02509235;0,40934480;27,19047000
1,03533235;0,40934480;27,19047000
1,04557234;0,40934480;27,19047000
1,05581234;0,41831720;27,64672000
1,06605234;0,42728970;27,64672000
1,07629234;0,42728970;28,10144000
1,08653234;0,42728970;27,19047000
1,09677234;0,44523450;27,64672000
1,10701234;0,44523450;27,64672000
1,11725234;0,44523450;27,64672000
1,12749234;0,44523450;28,10144000
1,13773234;0,44523450;27,64672000
1,14797234;0,46317940;28,10144000
1,15821234;0,46317940;28,10144000
1,16845234;0,46317940;27,64672000
1,17869234;0,46317940;27,19047000
1,18893234;0,46317940;28,10144000
1,19917234;0,48112430;27,64672000
1,20941234;0,48112430;28,10144000
1,21965234;0,48112430;28,10144000
1,22989234;0,48112430;27,64672000
1,24013234;0,49006620;27,64672000
1,25037234;0,49903870;28,10144000
1,26061234;0,49903870;28,10144000
1,27085234;0,49903870;27,19047000
1,28109234;0,49903870;28,10144000
1,29133234;0,51698360;28,10144000
1,30157234;0,51698360;28,10144000
1,31181234;0,51698360;28,10144000
1,32205234;0,51698360;28,10144000
1,33229234;0,52595600;27,64672000
1,34253234;0,51698360;27,64672000
1,35277234;0,52595600;27,64672000
1,36301234;0,53492840;28,10144000
1,37325234;0,52595600;28,10144000
1,38349234;0,53492840;28,10144000
1,39373234;0,53492840;28,10144000
1,40397234;0,54390080;28,55617000
1,41421234;0,55287330;28,10144000
1,42445234;0,55287330;28,10144000
1,43469234;0,55287330;28,10144000
1,44493234;0,56184580;28,10144000
1,45517234;0,56184580;28,10144000
1,46541234;0,57081820;28,10144000
1,47565234;0,57081820;28,10144000
1,48589234;0,57081820;28,10144000
1,49613234;0,57081820;28,10144000
1,50637234;0,57081820;28,55617000
1,51661234;0,58873250;28,10144000
1,52685234;0,58873250;29,01089000
1,53709234;0,58873250;28,10144000
1,54733234;0,58873250;28,55617000
1,55757234;0,58873250;28,10144000
1,56781234;0,58873250;28,10144000
1,57805234;0,59770500;28,55617000
1,58829234;0,59770500;28,10144000
1,59853234;0,60667750;28,55617000
1,60877234;0,60667750;28,10144000
1,61901234;0,61564990;28,10144000
1,62925234;0,60667750;28,10144000
1,63949234;0,61564990;28,10144000
1,64973234;0,62462230;27,64672000
1,65997234;0,61564990;28,55617000
1,67021234;0,62462230;28,55617000
1,68045234;0,62462230;28,55617000
1,69069234;0,63359480;29,01089000
1,70093234;0,63359480;28,10144000
1,71117234;0,64256720;28,10144000
1,72141234;0,64256720;28,55617000
1,73165234;0,64256720;28,10144000
1,74189234;0,64256720;28,10144000
1,75213234;0,64256720;28,10144000
1,76237234;0,65153970;28,55617000
1,77261234;0,66048160;28,55617000
1,78285234;0,66048160;28,55617000
1,79309234;0,66048160;28,55617000
1,80333234;0,66048160;28,10144000
1,81357234;0,66048160;28,10144000
1,82381234;0,66048160;28,55617000
1,83405234;0,67842640;28,10144000
1,84429234;0,67842640;28,55617000
1,85453234;0,67842640;28,10144000
1,86477234;0,67842640;28,10144000
1,87501234;0,68739890;29,01089000
1,88525234;0,67842640;28,55617000
1,89549234;0,68739890;28,10144000
1,90573234;0,69637140;28,55617000
1,91597234;0,68739890;28,55617000
1,92621234;0,69637140;28,10144000
1,93645234;0,69637140;29,01089000
1,94669234;0,70534380;29,01089000
1,95693234;0,70534380;28,55617000
1,96717234;0,70534380;28,10144000
1,97741234;0,70534380;29,01089000
1,98765234;0,71431620;28,55617000
1,99789234;0,71431620;28,10144000
2,00813234;0,71431620;29,01089000
2,01837234;0,71431620;28,10144000
2,02861234;0,71431620;28,55617000
2,03885234;0,72328870;29,01089000
2,04909234;0,72328870;28,55617000
2,05933234;0,72328870;28,55617000
2,06957234;0,73226110;28,10144000
2,07981234;0,73226110;29,01089000
2,09005234;0,74120300;28,55617000
2,10029234;0,73226110;28,55617000
2,11053234;0,74120300;28,10144000
2,12077234;0,74120300;29,01089000
2,13101234;0,74120300;28,10144000
2,14125234;0,75017550;28,10144000
2,15149234;0,75017550;28,55617000
2,16173234;0,75017550;29,01089000
2,17197234;0,75017550;29,01089000
2,18221234;0,75017550;28,55617000
2,19245234;0,75017550;28,55617000
2,20269234;0,75017550;29,01089000
2,21293234;0,75017550;29,01089000
2,22317234;0,75914790;29,01089000
2,23341234;0,76812030;28,10144000
2,24365234;0,75914790;29,01089000
2,25389234;0,75914790;29,01089000
2,26413234;0,76812030;29,01089000
2,27437234;0,76812030;28,55617000
2,28461234;0,77709280;28,55617000
2,29485234;0,77709280;29,01089000
2,30509234;0,77709280;29,01089000
2,31533234;0,76812030;29,01089000
2,32557234;0,77709280;29,01089000
2,33581234;0,78606520;29,46715000
2,34605234;0,78606520;28,55617000
2,35629234;0,78606520;28,55617000
2,36653234;0,78606520;28,10144000
2,37677234;0,78606520;29,01089000
2,38701234;0,78606520;29,01089000
2,39725234;0,78606520;29,01089000
2,40749234;0,78606520;29,01089000
2,41773234;0,78606520;29,01089000
2,42797234;0,78606520;29,01089000
2,43821234;0,78606520;29,46715000
2,44845234;0,80401020;29,01089000
2,45869234;0,80401020;28,10144000
2,46893234;0,80401020;28,55617000
2,47917234;0,80401020;29,01089000
2,48941234;0,80401020;29,01089000
2,49965234;0,80401020;28,55617000
2,50989234;0,80401020;29,01089000
2,52013234;0,81298260;29,01089000
2,53037234;0,81298260;28,55617000
2,54061234;0,81298260;29,01089000
2,55085234;0,81298260;28,55617000
2,56109234;0,81298260;28,55617000
2,57133234;0,81298260;29,01089000
2,58157234;0,82192450;28,55617000
2,59181234;0,82192450;28,55617000
2,60205234;0,82192450;29,01089000
2,61229234;0,82192450;29,01089000
2,62253234;0,82192450;29,01089000
2,63277234;0,82192450;29,01089000
2,64301234;0,82192450;29,46715000
2,65325234;0,82192450;29,01089000
2,66349234;0,82192450;29,01089000
2,67373234;0,83089690;29,01089000
2,68397234;0,82192450;28,55617000
2,69421233;0,83089690;28,55617000
2,70445233;0,82192450;29,01089000
2,71469233;0,83089690;28,10144000
2,72493233;0,83089690;28,55617000
2,73517233;0,83089690;29,01089000
2,74541233;0,83089690;29,01089000
2,75565233;0,83089690;28,55617000
2,76589233;0,83986940;29,01089000
2,77613233;0,83089690;29,01089000
2,78637233;0,83986940;29,46715000
2,79661233;0,83986940;29,01089000
2,80685233;0,83986940;28,55617000
2,81709233;0,83986940;29,01089000
2,82733233;0,83986940;28,55617000
2,83757233;0,83986940;28,55617000
2,84781233;0,83986940;29,01089000
2,85805233;0,83986940;29,01089000
2,86829233;0,83986940;28,55617000
2,87853233;0,84884180;28,55617000
2,88877233;0,83986940;28,55617000
2,89901233;0,83986940;28,55617000
2,90925233;0,84884180;28,55617000
2,91949233;0,84884180;28,55617000
2,92973233;0,84884180;28,55617000
2,93997233;0,83986940;29,01089000
2,95021233;0,84884180;28,55617000
2,96045233;0,84884180;28,10144000
2,97069233;0,84884180;29,01089000
2,98093233;0,84884180;29,01089000
2,99117233;0,84884180;29,01089000
3,00141233;0,85781430;29,01089000
3,01165233;0,84884180;28,55617000
3,02189233;0,85781430;29,01089000
3,03213233;0,85781430;29,01089000
3,04237233;0,84884180;29,01089000
3,05261233;0,84884180;28,55617000
3,06285233;0,85781430;28,55617000
3,07309233;0,84884180;28,55617000
3,08333233;0,85781430;29,01089000
3,09357233;0,84884180;29,46715000
3,10381233;0,84884180;29,01089000
3,11405233;0,85781430;29,01089000
3,12429233;0,85781430;29,01089000
3,13453233;0,84884180;28,10144000
3,14477233;0,84884180;28,55617000
3,15501233;0,85781430;29,01089000
3,16525233;0,85781430;28,10144000
3,17549233;0,85781430;28,55617000
3,18573233;0,85781430;29,01089000
3,19597233;0,84884180;28,10144000
3,20621233;0,85781430;28,10144000
3,21645233;0,85781430;28,10144000
3,22669233;0,85781430;28,55617000
3,23693233;0,84884180;29,01089000
3,24717233;0,85781430;28,55617000
3,25741233;0,84884180;28,55617000
3,26765233;0,84884180;28,55617000
3,27789233;0,84884180;28,55617000
3,28813233;0,84884180;29,01089000
3,29837233;0,84884180;28,55617000
3,30861233;0,84884180;28,55617000
3,31885233;0,84884180;28,55617000
3,32909233;0,84884180;28,55617000
3,33933233;0,84884180;28,55617000
3,34957233;0,84884180;28,10144000
3,35981233;0,84884180;29,01089000
3,37005233;0,84884180;29,01089000
3,38029233;0,84884180;28,10144000
3,39053233;0,83986940;28,55617000
3,40077233;0,84884180;28,10144000
3,41101233;0,84884180;28,55617000
3,42125233;0,84884180;29,01089000
3,43149233;0,83986940;28,10144000
3,44173233;0,83986940;28,55617000
3,45197233;0,83986940;28,55617000
3,46221233;0,83986940;28,55617000
3,47245233;0,83986940;28,10144000
3,48269233;0,83986940;28,10144000
3,49293233;0,83986940;29,01089000
3,50317233;0,83986940;28,55617000
3,51341233;0,83986940;28,10144000
3,52365233;0,83986940;28,10144000
3,53389233;0,83986940;28,55617000
3,54413233;0,83986940;28,55617000
3,55437233;0,83986940;28,10144000
3,56461233;0,82192450;28,10144000
3,57485233;0,83986940;28,10144000
3,58509233;0,83089690;28,10144000
3,59533233;0,83089690;28,55617000
3,60557233;0,83089690;28,55617000
3,61581233;0,82192450;28,55617000
3,62605233;0,82192450;28,10144000
3,63629233;0,82192450;28,10144000
3,64653233;0,82192450;28,55617000
3,65677233;0,82192450;28,10144000
3,66701233;0,82192450;29,01089000
3,67725233;0,82192450;28,55617000
3,68749233;0,82192450;28,55617000
3,69773233;0,82192450;28,10144000
3,70797233;0,81298260;28,10144000
3,71821233;0,82192450;28,10144000
3,72845233;0,81298260;29,01089000
3,73869233;0,82192450;28,55617000
3,74893233;0,81298260;28,55617000
3,75917233;0,81298260;28,10144000
3,76941233;0,80401020;28,10144000
3,77965233;0,81298260;28,55617000
3,78989233;0,80401020;28,55617000
3,80013233;0,80401020;29,01089000
3,81037233;0,80401020;28,10144000
3,82061233;0,80401020;28,55617000
3,83085233;0,80401020;27,64672000
3,84109233;0,80401020;28,55617000
3,85133233;0,80401020;29,01089000
3,86157233;0,79503770;28,55617000
3,87181233;0,80401020;28,10144000
3,88205233;0,79503770;28,10144000
3,89229233;0,79503770;28,10144000
3,90253233;0,78606520;28,55617000
3,91277233;0,78606520;28,10144000
3,92301233;0,78606520;28,55617000
3,93325233;0,78606520;28,10144000
3,94349233;0,78606520;28,10144000
3,95373233;0,78606520;28,10144000
3,96397233;0,78606520;29,01089000
3,97421233;0,78606520;28,10144000
3,98445233;0,78606520;28,10144000
3,99469233;0,77709280;28,10144000
4,00493233;0,77709280;28,10144000
4,01517233;0,77709280;27,64672000
4,02541233;0,77709280;28,10144000
4,03565233;0,76812030;28,10144000
4,04589233;0,76812030;28,10144000
4,05613233;0,76812030;28,55617000
4,06637233;0,76812030;28,10144000
4,07661233;0,75914790;28,55617000
4,08685233;0,75017550;28,10144000
4,09709233;0,75914790;28,10144000
4,10733233;0,75017550;27,64672000
4,11757233;0,75017550;28,10144000
4,12781233;0,75017550;28,10144000
4,13805233;0,75017550;28,10144000
4,14829233;0,75017550;28,10144000
4,15853233;0,75017550;28,10144000
4,16877233;0,75017550;28,10144000
4,17901233;0,75017550;28,10144000
4,18925233;0,73226110;28,10144000
4,19949233;0,74120300;27,64672000
4,20973233;0,73226110;28,10144000
4,21997233;0,73226110;28,10144000
4,23021233;0,73226110;28,10144000
4,24045233;0,73226110;27,64672000
4,25069233;0,73226110;28,10144000
4,26093233;0,72328870;28,10144000
4,27117233;0,72328870;28,10144000
4,28141233;0,72328870;28,10144000
4,29165233;0,71431620;27,64672000
4,30189233;0,71431620;27,64672000
4,31213233;0,71431620;28,10144000
4,32237233;0,71431620;28,10144000
4,33261233;0,70534380;28,55617000
4,34285232;0,70534380;27,64672000
4,35309232;0,70534380;28,10144000
4,36333232;0,69637140;28,10144000
4,37357232;0,69637140;27,64672000
4,38381232;0,69637140;28,10144000
4,39405232;0,69637140;27,64672000
4,40429232;0,69637140;28,10144000
4,41453232;0,69637140;28,10144000
4,42477232;0,68739890;27,64672000
4,43501232;0,67842640;27,64672000
4,44525232;0,67842640;27,64672000
4,45549232;0,67842640;28,10144000
4,46573232;0,67842640;27,64672000
4,47597232;0,67842640;28,10144000
4,48621232;0,66048160;27,64672000
4,49645232;0,66945400;28,10144000
4,50669232;0,66048160;28,10144000
4,51693232;0,66048160;27,64672000
4,52717232;0,66048160;28,10144000
4,53741232;0,66048160;27,64672000
4,54765232;0,65153970;27,19047000
4,55789232;0,65153970;27,64672000
4,56813232;0,64256720;28,10144000
4,57837232;0,64256720;27,19047000
4,58861232;0,64256720;27,64672000
4,59885232;0,64256720;27,64672000
4,60909232;0,63359480;28,10144000
4,61933232;0,63359480;27,64672000
4,62957232;0,63359480;27,19047000
4,63981232;0,62462230;27,64672000
4,65005232;0,62462230;27,64672000
4,66029232;0,62462230;27,64672000
4,67053232;0,61564990;27,64672000
4,68077232;0,60667750;27,64672000
4,69101232;0,60667750;27,64672000
4,70125232;0,60667750;27,64672000
4,71149232;0,60667750;27,64672000
4,72173232;0,60667750;28,10144000
4,73197232;0,59770500;27,19047000
4,74221232;0,58873250;27,19047000
4,75245232;0,58873250;27,19047000
4,76269232;0,58873250;27,19047000
4,77293232;0,58873250;27,19047000
4,78317232;0,57976010;27,19047000
4,79341232;0,57081820;27,19047000
4,80365232;0,57976010;27,19047000
4,81389232;0,57081820;27,19047000
4,82413232;0,57081820;27,19047000
4,83437232;0,57081820;27,19047000
4,84461232;0,56184580;26,73574000
4,85485232;0,56184580;27,19047000
4,86509232;0,55287330;27,19047000
4,87533232;0,55287330;26,73574000
4,88557232;0,55287330;27,19047000
4,89581232;0,54390080;26,73574000
4,90605232;0,54390080;27,19047000
4,91629232;0,53492840;27,64672000
4,92653232;0,53492840;27,19047000
4,93677232;0,53492840;26,73574000
4,94701232;0,53492840;26,73574000
4,95725232;0,52595600;26,73574000
4,96749232;0,51698360;26,73574000
4,97773232;0,51698360;27,19047000
4,98797232;0,51698360;27,19047000
4,99821232;0,51698360;27,19047000
5,00845232;0,50801110;26,73574000
5,01869232;0,50801110;26,73574000
5,02893232;0,49903870;27,19047000
5,03917232;0,49903870;26,73574000
5,04941232;0,49006620;26,73574000
5,05965232;0,49006620;26,73574000
5,06989232;0,48112430;26,73574000
5,08013232;0,49006620;26,28101000
5,09037232;0,48112430;26,28101000
5,10061232;0,47215180;26,73574000
5,11085232;0,46317940;26,73574000
5,12109232;0,46317940;26,73574000
5,13133232;0,46317940;26,28101000
5,14157232;0,46317940;27,19047000
5,15181232;0,45420700;26,73574000
5,16205232;0,44523450;26,28101000
5,17229232;0,44523450;26,28101000
5,18253232;0,44523450;26,73574000
5,19277232;0,44523450;26,73574000
5,20301232;0,43626210;26,28101000
5,21325232;0,42728970;26,73574000
5,22349232;0,42728970;26,28101000
5,23373232;0,42728970;26,28101000
5,24397232;0,42728970;26,73574000
5,25421232;0,41831720;25,82629000
5,26445232;0,41831720;25,37004000
5,27469232;0,40934480;26,28101000
5,28493232;0,40934480;25,82629000
5,29517232;0,40934480;26,28101000
5,30541232;0,40040280;25,82629000
5,31565232;0,39143040;26,28101000
5,32589232;0,39143040;26,28101000
5,33613232;0,39143040;25,82629000
5,34637232;0,39143040;25,82629000
5,35661232;0,38245800;26,28101000
5,36685232;0,38245800;25,37004000
5,37709232;0,37348550;25,82629000
5,38733232;0,37348550;26,28101000
5,39757232;0,37348550;26,28101000
5,40781232;0,36451310;25,82629000
5,41805232;0,36451310;26,28101000
5,42829232;0,35554060;25,37004000
5,43853232;0,35554060;25,82629000
5,44877232;0,34656820;26,28101000
5,45901232;0,33759580;25,37004000
5,46925232;0,33759580;26,28101000
5,47949232;0,33759580;25,37004000
5,48973232;0,32862330;25,37004000
5,49997232;0,31968140;26,28101000
5,51021232;0,31968140;24,91531000
5,52045232;0,31968140;25,37004000
5,53069232;0,31070890;25,37004000
5,54093232;0,30173650;25,82629000
5,55117232;0,30173650;25,37004000
5,56141232;0,30173650;24,91531000
5,57165232;0,30173650;25,37004000
5,58189232;0,29276410;25,37004000
5,59213232;0,28379160;25,37004000
5,60237232;0,28379160;24,91531000
5,61261232;0,28379160;25,37004000
5,62285232;0,27481920;24,46058000
5,63309232;0,26584670;24,91531000
5,64333232;0,27481920;24,91531000
5,65357232;0,26584670;25,37004000
5,66381232;0,25687430;25,82629000
5,67405232;0,25687430;24,91531000
5,68429232;0,25687430;24,91531000
5,69453232;0,24790190;24,46058000
5,70477232;0,24790190;24,46058000
5,71501232;0,23895990;24,91531000
5,72525232;0,23895990;24,46058000
5,73549232;0,22998750;24,46058000
5,74573232;0,22998750;24,46058000
5,75597232;0,22101510;24,46058000
5,76621232;0,22101510;24,46058000
5,77645232;0,21204260;24,46058000
5,78669232;0,21204260;24,46058000
5,79693232;0,21204260;24,46058000
5,80717232;0,19409770;24,46058000
5,81741232;0,19409770;24,00586000
5,82765232;0,19409770;23,54961000
5,83789232;0,19409770;24,46058000
5,84813232;0,18512530;24,46058000
5,85837232;0,18512530;24,00586000
5,86861232;0,17615280;24,46058000
5,87885232;0,17615280;24,00586000
5,88909232;0,16718040;24,00586000
5,89933232;0,16718040;24,00586000
5,90957232;0,15823850;23,54961000
5,91981232;0,15823850;24,00586000
5,93005232;0,14029360;23,54961000
5,94029232;0,14029360;24,00586000
5,95053232;0,14029360;23,54961000
5,96077232;0,13132110;23,54961000
5,97101232;0,13132110;23,54961000
5,98125231;0,13132110;23,54961000
5,99149231;0,13132110;22,64016000
6,00173231;0,12234870;23,54961000
6,01197231;0,11337630;23,54961000
6,02221231;0,12234870;23,09488000
6,03245231;0,10440380;23,09488000
6,04269231;0,10440380;23,09488000
6,05293231;0,09543138;22,64016000
6,06317231;0,09543138;22,64016000
6,07341231;0,08645894;22,64016000
6,08365231;0,08645894;22,64016000
6,09389231;0,08645894;22,64016000
6,10413231;0,07751702;22,18543000
6,11437231;0,07751702;22,18543000
6,12461231;0,06854457;22,18543000
6,13485231;0,06854457;21,72918000
6,14509231;0,05957213;22,64016000
6,15533231;0,05059969;22,64016000
6,16557231;0,05059969;21,72918000
6,17581231;0,04162725;22,18543000
6,18605231;0,03265481;21,27445000
6,19629231;0,04162725;21,72918000
6,20653231;0,03265481;21,72918000
6,21677231;0,03265481;21,72918000
6,22701231;0,02368236;20,81973000
6,23725231;0,01470992;20,81973000
6,24749231;0,01470992;20,81973000
6,25773231;0,01470992;20,81973000
6,26797231;0,01470992;20,81973000
6,27821231;-0,00320444;20,36500000
6,28845231;-0,00320444;20,36500000
6,29869231;-0,00320444;20,36500000
6,30893231;-0,01214637;19,45402000
6,31917231;-0,01214637;18,08832000
6,32941231;-0,02111881;12,62703000
6,33965231;-0,02111881;-6,03045700
6,34989231;-0,02111881;-23,32530000
6,36013231;-0,03009125;-20,59389000
6,37037231;-0,03906369;-17,86401000
6,38061231;-0,03906369;-18,77346000
6,39085231;-0,03906369;-19,68444000
6,40109231;-0,03906369;-19,22819000
6,41133231;-0,05700858;-19,68444000
6,42157231;-0,05700858;-20,13916000
6,43181231;-0,05700858;-19,68444000
6,44205231;-0,07495346;-20,13916000
6,45229231;-0,07495346;-20,13916000
6,46253231;-0,07495346;-20,13916000
6,47277231;-0,07495346;-20,13916000
6,48301231;-0,08392590;-21,04861000
6,49325231;-0,09286782;-20,59389000
6,50349231;-0,09286782;-21,04861000
6,51373231;-0,09286782;-20,13916000
6,52397231;-0,11081270;-20,59389000
6,53421231;-0,11081270;-20,59389000
6,54445231;-0,11081270;-21,04861000
6,55469231;-0,11978520;-21,04861000
6,56493231;-0,12875760;-20,59389000
6,57517231;-0,12875760;-21,04861000
6,58541231;-0,12875760;-20,59389000
6,59565231;-0,12875760;-21,04861000
6,60589231;-0,14670250;-21,04861000
6,61613231;-0,14670250;-21,04861000
6,62637231;-0,14670250;-21,50487000
6,63661231;-0,14670250;-21,50487000
6,64685231;-0,15567490;-21,50487000
6,65709231;-0,15567490;-21,50487000
6,66733231;-0,16464740;-21,50487000
6,67757231;-0,16464740;-21,95959000
6,68781231;-0,16464740;-21,95959000
6,69805231;-0,17358930;-21,50487000
6,70829231;-0,18256170;-21,95959000
6,71853231;-0,18256170;-21,95959000
6,72877231;-0,18256170;-21,95959000
6,73901231;-0,19153420;-21,95959000
6,74925231;-0,19153420;-21,04861000
6,75949231;-0,20050660;-21,95959000
6,76973231;-0,20050660;-21,95959000
6,77997231;-0,21845150;-22,41432000
6,79021231;-0,20947900;-21,95959000
6,80045231;-0,21845150;-22,41432000
6,81069231;-0,21845150;-22,86905000
6,82093231;-0,21845150;-22,41432000
6,83117231;-0,23639640;-22,41432000
6,84141231;-0,23639640;-21,95959000
6,85165231;-0,23639640;-22,41432000
6,86189231;-0,24536880;-22,86905000
6,87213231;-0,25431070;-22,41432000
6,88237231;-0,25431070;-22,41432000
6,89261231;-0,25431070;-22,86905000
6,90285231;-0,25431070;-22,86905000
6,91309231;-0,26328320;-22,86905000
6,92333231;-0,27225560;-23,32530000
6,93357231;-0,27225560;-22,86905000
6,94381231;-0,28122810;-22,86905000
6,95405231;-0,28122810;-23,32530000
6,96429231;-0,29020050;-22,41432000
6,97453231;-0,29020050;-23,32530000
6,98477231;-0,29020050;-22,86905000
6,99501231;-0,29020050;-23,32530000
7,00525231;-0,30814540;-22,86905000
7,01549231;-0,30814540;-23,32530000
7,02573231;-0,31711780;-22,86905000
7,03597231;-0,30814540;-23,32530000
7,04621231;-0,32609030;-23,32530000
7,05645231;-0,31711780;-23,32530000
7,06669231;-0,32609030;-23,32530000
7,07693231;-0,32609030;-22,86905000
7,08717231;-0,34400460;-23,32530000
7,09741231;-0,33503220;-22,86905000
7,10765231;-0,34400460;-23,78002000
7,11789231;-0,34400460;-23,32530000
7,12813231;-0,34400460;-23,32530000
7,13837231;-0,36194950;-23,32530000
7,14861231;-0,36194950;-22,86905000
7,15885231;-0,36194950;-23,32530000
7,16909231;-0,36194950;-23,32530000
7,17933231;-0,37092200;-23,78002000
7,18957231;-0,37989440;-23,32530000
7,19981231;-0,37989440;-23,78002000
7,21005231;-0,37989440;-22,86905000
7,22029231;-0,37989440;-23,32530000
7,23053231;-0,39783930;-23,78002000
7,24077231;-0,39783930;-23,32530000
7,25101231;-0,39783930;-23,78002000
7,26125231;-0,39783930;-23,78002000
7,27149231;-0,39783930;-24,23475000
7,28173231;-0,40681170;-23,78002000
7,29197231;-0,41575370;-23,78002000
7,30221231;-0,41575370;-23,78002000
7,31245231;-0,41575370;-23,78002000
7,32269231;-0,42472610;-24,23475000
7,33293231;-0,43369850;-24,23475000
7,34317231;-0,43369850;-24,23475000
7,35341231;-0,43369850;-23,78002000
7,36365231;-0,43369850;-23,78002000
7,37389231;-0,44267100;-24,23475000
7,38413231;-0,45164340;-24,23475000
7,39437231;-0,45164340;-24,23475000
7,40461231;-0,44267100;-23,78002000
7,41485231;-0,45164340;-23,78002000
7,42509231;-0,45164340;-24,23475000
7,43533231;-0,46958830;-24,23475000
7,44557231;-0,46061590;-23,32530000
7,45581231;-0,46958830;-24,23475000
7,46605231;-0,47856070;-24,23475000
7,47629231;-0,47856070;-24,23475000
7,48653231;-0,47856070;-24,68947000
7,49677231;-0,48753320;-24,23475000
7,50701231;-0,48753320;-24,68947000
7,51725231;-0,49647510;-24,68947000
7,52749231;-0,49647510;-24,68947000
7,53773231;-0,50544760;-24,23475000
7,54797231;-0,50544760;-24,23475000
7,55821231;-0,50544760;-24,23475000
7,56845231;-0,51442000;-24,23475000
7,57869231;-0,51442000;-24,68947000
7,58893231;-0,51442000;-24,23475000
7,59917231;-0,52339240;-23,78002000
7,60941231;-0,52339240;-24,68947000
7,61965231;-0,52339240;-24,23475000
7,62989230;-0,53236490;-24,23475000
7,64013230;-0,54133730;-23,78002000
7,65037230;-0,54133730;-24,23475000
7,66061230;-0,54133730;-24,23475000
7,67085230;-0,54133730;-24,23475000
7,68109230;-0,55030980;-24,23475000
7,69133230;-0,55030980;-24,68947000
7,70157230;-0,55928220;-24,68947000
7,71181230;-0,55928220;-24,68947000
7,72205230;-0,55928220;-24,68947000
7,73229230;-0,56825460;-25,14573000
7,74253230;-0,55928220;-24,23475000
7,75277230;-0,57722710;-24,68947000
7,76301230;-0,57722710;-24,68947000
7,77325230;-0,57722710;-24,68947000
7,78349230;-0,57722710;-24,68947000
7,79373230;-0,58616900;-25,14573000
7,80397230;-0,58616900;-24,68947000
7,81421230;-0,59514150;-24,68947000
7,82445230;-0,58616900;-24,23475000
7,83469230;-0,59514150;-25,14573000
7,84493230;-0,59514150;-24,68947000
7,85517230;-0,60411390;-25,14573000
7,86541230;-0,61308630;-25,14573000
7,87565230;-0,61308630;-24,68947000
7,88589230;-0,61308630;-24,68947000
7,89613230;-0,61308630;-25,14573000
7,90637230;-0,62205870;-25,14573000
7,91661230;-0,62205870;-25,14573000
7,92685230;-0,63103120;-24,23475000
7,93709230;-0,63103120;-24,23475000
7,94733230;-0,63103120;-25,14573000
7,95757230;-0,63103120;-24,68947000
7,96781230;-0,63103120;-24,68947000
7,97805230;-0,63103120;-24,68947000
7,98829230;-0,64897610;-24,68947000
7,99853230;-0,64897610;-25,14573000
8,00877230;-0,64897610;-25,14573000
8,01901230;-0,64897610;-25,14573000
8,02925230;-0,64897610;-25,14573000
8,03949230;-0,64897610;-25,14573000
8,04973230;-0,64897610;-24,68947000
8,05997230;-0,66689040;-24,68947000
8,07021230;-0,66689040;-25,60045000
8,08045230;-0,66689040;-24,68947000
8,09069230;-0,66689040;-24,68947000
8,10093230;-0,68483540;-25,14573000
8,11117230;-0,67586290;-24,68947000
8,12141230;-0,68483540;-25,14573000
8,13165230;-0,68483540;-25,14573000
8,14189230;-0,68483540;-25,14573000
8,15213230;-0,68483540;-25,14573000
8,16237230;-0,68483540;-25,14573000
8,17261230;-0,69380780;-24,68947000
8,18285230;-0,69380780;-25,14573000
8,19309230;-0,70278020;-25,14573000
8,20333230;-0,70278020;-25,14573000
8,21357230;-0,70278020;-25,14573000
8,22381230;-0,70278020;-25,14573000
8,23405230;-0,70278020;-25,14573000
8,24429230;-0,70278020;-24,68947000
8,25453230;-0,70278020;-24,68947000
8,26477230;-0,72072510;-24,68947000
8,27501230;-0,72072510;-25,14573000
8,28525230;-0,72072510;-24,68947000
8,29549230;-0,72072510;-24,68947000
8,30573230;-0,72072510;-24,68947000
8,31597230;-0,72969760;-25,14573000
8,32621230;-0,72072510;-25,60045000
8,33645230;-0,72969760;-25,14573000
8,34669230;-0,72969760;-25,60045000
8,35693230;-0,73867000;-25,14573000
8,36717230;-0,72969760;-25,14573000
8,37741230;-0,73867000;-25,14573000
8,38765230;-0,73867000;-25,14573000
8,39789230;-0,73867000;-25,14573000
8,40813230;-0,74761190;-25,60045000
8,41837230;-0,74761190;-25,14573000
8,42861230;-0,74761190;-25,14573000
8,43885230;-0,75658430;-25,14573000
8,44909230;-0,75658430;-25,14573000
8,45933230;-0,75658430;-25,14573000
8,46957230;-0,75658430;-24,68947000
8,47981230;-0,75658430;-25,14573000
8,49005230;-0,75658430;-25,14573000
8,50029230;-0,76555680;-25,14573000
8,51053230;-0,76555680;-25,60045000
8,52077230;-0,76555680;-25,14573000
8,53101230;-0,76555680;-25,14573000
8,54125230;-0,76555680;-25,60045000
8,55149230;-0,76555680;-25,14573000
8,56173230;-0,77452930;-25,14573000
8,57197230;-0,77452930;-25,14573000
8,58221230;-0,77452930;-25,14573000
8,59245230;-0,77452930;-25,14573000
8,60269230;-0,77452930;-25,14573000
8,61293230;-0,77452930;-25,14573000
8,62317230;-0,79247420;-25,14573000
8,63341230;-0,78350170;-24,68947000
8,64365230;-0,79247420;-25,14573000
8,65389230;-0,78350170;-25,60045000
8,66413230;-0,79247420;-25,14573000
8,67437230;-0,79247420;-25,14573000
8,68461230;-0,79247420;-25,60045000
8,69485230;-0,79247420;-25,14573000
8,70509230;-0,79247420;-25,14573000
8,71533230;-0,79247420;-25,14573000
8,72557230;-0,79247420;-25,14573000
8,73581230;-0,80144660;-25,14573000
8,74605230;-0,79247420;-25,60045000
8,75629230;-0,80144660;-25,14573000
8,76653230;-0,79247420;-25,14573000
8,77677230;-0,80144660;-25,60045000
8,78701230;-0,80144660;-25,14573000
8,79725230;-0,81041900;-24,68947000
8,80749230;-0,80144660;-25,14573000
8,81773230;-0,81041900;-25,14573000
8,82797230;-0,81041900;-25,14573000
8,83821230;-0,81041900;-25,60045000
8,84845230;-0,81939150;-25,14573000
8,85869230;-0,81041900;-25,60045000
8,86893230;-0,81041900;-25,14573000
8,87917230;-0,81939150;-25,14573000
8,88941230;-0,82833340;-25,14573000
8,89965230;-0,81939150;-24,68947000
8,90989230;-0,82833340;-25,14573000
8,92013230;-0,82833340;-25,60045000
8,93037230;-0,82833340;-25,14573000
8,94061230;-0,82833340;-25,14573000
8,95085230;-0,82833340;-25,60045000
8,96109230;-0,82833340;-25,14573000
8,97133230;-0,82833340;-25,14573000
8,98157230;-0,82833340;-25,14573000
8,99181230;-0,82833340;-25,14573000
9,00205230;-0,82833340;-25,14573000
9,01229230;-0,82833340;-25,14573000
9,02253230;-0,83730580;-25,60045000
9,03277230;-0,82833340;-25,14573000
9,04301230;-0,82833340;-25,14573000
9,05325230;-0,82833340;-24,68947000
9,06349230;-0,82833340;-25,14573000
9,07373230;-0,83730580;-25,14573000
9,08397230;-0,82833340;-25,14573000
9,09421230;-0,82833340;-25,14573000
9,10445230;-0,82833340;-25,60045000
9,11469230;-0,83730580;-25,14573000
9,12493230;-0,82833340;-24,68947000
9,13517230;-0,84627830;-25,14573000
9,14541230;-0,83730580;-24,68947000
9,15565230;-0,83730580;-25,14573000
9,16589230;-0,84627830;-25,14573000
9,17613230;-0,84627830;-25,60045000
9,18637230;-0,84627830;-25,14573000
9,19661230;-0,84627830;-25,14573000
9,20685230;-0,83730580;-25,14573000
9,21709230;-0,84627830;-25,14573000
9,22733230;-0,84627830;-25,14573000
9,23757230;-0,84627830;-25,14573000
9,24781230;-0,84627830;-25,14573000
9,25805230;-0,84627830;-24,68947000
9,26829230;-0,84627830;-25,14573000
9,27853229;-0,84627830;-25,60045000
9,28877229;-0,84627830;-25,14573000
9,29901229;-0,84627830;-25,14573000
9,30925229;-0,84627830;-25,14573000
9,31949229;-0,84627830;-25,14573000
9,32973229;-0,84627830;-25,14573000
9,33997229;-0,84627830;-25,60045000
9,35021229;-0,84627830;-25,14573000
9,36045229;-0,84627830;-25,14573000
9,37069229;-0,84627830;-24,68947000
9,38093229;-0,84627830;-25,14573000
9,39117229;-0,84627830;-24,68947000
9,40141229;-0,84627830;-25,14573000
9,41165229;-0,84627830;-25,14573000
9,42189229;-0,84627830;-24,68947000
9,43213229;-0,84627830;-25,60045000
9,44237229;-0,84627830;-25,14573000
9,45261229;-0,84627830;-24,68947000
9,46285229;-0,84627830;-25,60045000
9,47309229;-0,84627830;-25,14573000
9,48333229;-0,84627830;-25,14573000
9,49357229;-0,84627830;-24,68947000
9,50381229;-0,84627830;-25,60045000
9,51405229;-0,84627830;-25,14573000
9,52429229;-0,84627830;-25,14573000
9,53453229;-0,84627830;-24,68947000
9,54477229;-0,84627830;-25,14573000
9,55501229;-0,84627830;-25,14573000
9,56525229;-0,84627830;-25,14573000
9,57549229;-0,84627830;-25,14573000
9,58573229;-0,83730580;-25,14573000
9,59597229;-0,84627830;-24,68947000
9,60621229;-0,84627830;-25,14573000
9,61645229;-0,83730580;-24,68947000
9,62669229;-0,84627830;-25,14573000
9,63693229;-0,83730580;-25,14573000
9,64717229;-0,84627830;-24,68947000
9,65741229;-0,83730580;-24,23475000
9,66765229;-0,83730580;-25,60045000
9,67789229;-0,84627830;-24,68947000
9,68813229;-0,82833340;-25,14573000
9,69837229;-0,84627830;-25,14573000
9,70861229;-0,82833340;-24,23475000
9,71885229;-0,82833340;-25,60045000
9,72909229;-0,82833340;-24,68947000
9,73933229;-0,82833340;-25,14573000
9,74957229;-0,82833340;-25,14573000
9,75981229;-0,82833340;-24,68947000
9,77005229;-0,82833340;-24,68947000
9,78029229;-0,82833340;-25,14573000
9,79053229;-0,82833340;-25,14573000
9,80077229;-0,82833340;-24,68947000
9,81101229;-0,82833340;-24,68947000
9,82125229;-0,82833340;-24,68947000
9,83149229;-0,82833340;-25,14573000
9,84173229;-0,82833340;-25,14573000
9,85197229;-0,82833340;-25,14573000
9,86221229;-0,82833340;-25,14573000
9,87245229;-0,82833340;-25,14573000
9,88269229;-0,82833340;-25,14573000
9,89293229;-0,81939150;-24,68947000
9,90317229;-0,82833340;-25,14573000
9,91341229;-0,82833340;-24,68947000
9,92365229;-0,81041900;-24,68947000
9,93389229;-0,82833340;-25,14573000
9,94413229;-0,81939150;-25,14573000
9,95437229;-0,81939150;-25,14573000
9,96461229;-0,81041900;-25,14573000
9,97485229;-0,81041900;-25,14573000
9,98509229;-0,81041900;-24,68947000
9,99533229;-0,81041900;-24,68947000
10,00557229;-0,81041900;-24,68947000
10,01581229;-0,81041900;-25,14573000
10,02605229;-0,80144660;-24,68947000
10,03629229;-0,81041900;-24,68947000
10,04653229;-0,80144660;-25,14573000
10,05677229;-0,80144660;-24,68947000
10,06701229;-0,80144660;-25,14573000
10,07725229;-0,79247420;-24,68947000
10,08749229;-0,79247420;-24,68947000
10,09773229;-0,79247420;-24,23475000
10,10797229;-0,79247420;-25,14573000
10,11821229;-0,79247420;-24,68947000
10,12845229;-0,79247420;-24,68947000
10,13869229;-0,79247420;-24,23475000
10,14893229;-0,79247420;-25,14573000
10,15917229;-0,77452930;-24,68947000
10,16941229;-0,79247420;-24,68947000
10,17965229;-0,79247420;-25,14573000
10,18989229;-0,77452930;-24,23475000
10,20013229;-0,77452930;-24,68947000
10,21037229;-0,77452930;-24,68947000
10,22061229;-0,77452930;-24,68947000
10,23085229;-0,77452930;-25,14573000
10,24109229;-0,77452930;-25,14573000
10,25133229;-0,77452930;-25,14573000
10,26157229;-0,77452930;-25,14573000
10,27181229;-0,76555680;-24,68947000
10,28205229;-0,76555680;-24,68947000
10,29229229;-0,76555680;-25,14573000
10,30253229;-0,76555680;-24,68947000
10,31277229;-0,76555680;-25,14573000
10,32301229;-0,75658430;-24,68947000
10,33325229;-0,75658430;-23,78002000
10,34349229;-0,74761190;-24,68947000
10,35373229;-0,75658430;-24,68947000
10,36397229;-0,75658430;-25,14573000
10,37421229;-0,74761190;-24,68947000
10,38445229;-0,73867000;-24,68947000
10,39469229;-0,74761190;-25,14573000
10,40493229;-0,73867000;-24,23475000
10,41517229;-0,73867000;-24,68947000
10,42541229;-0,73867000;-25,14573000
10,43565229;-0,73867000;-24,68947000
10,44589229;-0,73867000;-24,23475000
10,45613229;-0,72969760;-24,68947000
10,46637229;-0,73867000;-25,14573000
10,47661229;-0,72072510;-24,23475000
10,48685229;-0,72072510;-24,23475000
10,49709229;-0,72072510;-24,23475000
10,50733229;-0,72072510;-24,68947000
10,51757229;-0,72072510;-24,23475000
10,52781229;-0,72072510;-23,78002000
10,53805229;-0,71175270;-23,78002000
10,54829229;-0,70278020;-24,23475000
10,55853229;-0,70278020;-24,68947000
10,56877229;-0,70278020;-24,68947000
10,57901229;-0,70278020;-24,23475000
10,58925229;-0,70278020;-23,78002000
10,59949229;-0,70278020;-24,68947000
10,60973229;-0,68483540;-24,23475000
10,61997229;-0,69380780;-23,32530000
10,63021229;-0,69380780;-24,23475000
10,64045229;-0,68483540;-24,23475000
10,65069229;-0,68483540;-24,68947000
10,66093229;-0,68483540;-24,23475000
10,67117229;-0,68483540;-23,78002000
10,68141229;-0,68483540;-24,23475000
10,69165229;-0,68483540;-24,68947000
10,70189229;-0,66689040;-24,68947000
10,71213229;-0,66689040;-23,78002000
10,72237229;-0,66689040;-24,23475000
10,73261229;-0,66689040;-24,23475000
10,74285229;-0,65794860;-24,23475000
10,75309229;-0,65794860;-25,14573000
10,76333229;-0,65794860;-23,78002000
10,77357229;-0,64897610;-23,78002000
10,78381229;-0,64897610;-23,78002000
10,79405229;-0,64897610;-24,23475000
10,80429229;-0,64897610;-23,78002000
10,81453229;-0,64000370;-23,78002000
10,82477229;-0,64897610;-23,78002000
10,83501229;-0,64897610;-24,68947000
10,84525229;-0,63103120;-24,23475000
10,85549229;-0,63103120;-24,23475000
10,86573229;-0,63103120;-24,23475000
10,87597229;-0,62205870;-24,23475000
10,88621229;-0,61308630;-23,78002000
10,89645229;-0,61308630;-23,78002000
10,90669229;-0,61308630;-24,23475000
10,91693228;-0,61308630;-24,23475000
10,92717228;-0,61308630;-23,78002000
10,93741228;-0,61308630;-23,78002000
10,94765228;-0,61308630;-24,23475000
10,95789228;-0,61308630;-23,78002000
10,96813228;-0,59514150;-23,78002000
10,97837228;-0,59514150;-23,32530000
10,98861228;-0,59514150;-23,32530000
10,99885228;-0,58616900;-23,78002000
11,00909228;-0,58616900;-23,78002000
11,01933228;-0,57722710;-24,23475000
11,02957228;-0,57722710;-23,78002000
11,03981228;-0,57722710;-23,78002000
11,05005228;-0,57722710;-23,32530000
11,06029228;-0,57722710;-23,78002000
11,07053228;-0,55928220;-23,32530000
11,08077228;-0,55928220;-23,78002000
11,09101228;-0,55928220;-24,23475000
11,10125228;-0,55928220;-23,32530000
11,11149228;-0,55928220;-23,78002000
11,12173228;-0,55030980;-23,32530000
11,13197228;-0,54133730;-23,32530000
11,14221228;-0,54133730;-23,32530000
11,15245228;-0,54133730;-23,78002000
11,16269228;-0,54133730;-23,32530000
11,17293228;-0,54133730;-23,78002000
11,18317228;-0,52339240;-23,78002000
11,19341228;-0,52339240;-23,32530000
11,20365228;-0,52339240;-23,32530000
11,21389228;-0,51442000;-23,32530000
11,22413228;-0,51442000;-23,32530000
11,23437228;-0,52339240;-23,32530000
11,24461228;-0,50544760;-23,32530000
11,25485228;-0,50544760;-22,86905000
11,26509228;-0,50544760;-23,32530000
11,27533228;-0,50544760;-23,78002000
11,28557228;-0,49647510;-23,32530000
11,29581228;-0,48753320;-22,86905000
11,30605228;-0,48753320;-23,32530000
11,31629228;-0,47856070;-23,32530000
11,32653228;-0,47856070;-23,32530000
11,33677228;-0,47856070;-21,95959000
11,34701228;-0,46958830;-22,86905000
11,35725228;-0,46958830;-22,86905000
11,36749228;-0,46958830;-22,86905000
11,37773228;-0,46061590;-22,86905000
11,38797228;-0,45164340;-22,86905000
11,39821228;-0,45164340;-23,32530000
11,40845228;-0,45164340;-22,86905000
11,41869228;-0,44267100;-22,86905000
11,42893228;-0,44267100;-23,32530000
11,43917228;-0,43369850;-22,86905000
11,44941228;-0,43369850;-22,86905000
11,45965228;-0,43369850;-22,86905000
11,46989228;-0,42472610;-22,86905000
11,48013228;-0,41575370;-22,86905000
11,49037228;-0,41575370;-22,86905000
11,50061228;-0,41575370;-22,86905000
11,51085228;-0,41575370;-22,86905000
11,52109228;-0,41575370;-22,86905000
11,53133228;-0,40681170;-22,86905000
11,54157228;-0,39783930;-22,86905000
11,55181228;-0,39783930;-23,32530000
11,56205228;-0,39783930;-21,95959000
11,57229228;-0,39783930;-22,86905000
11,58253228;-0,37989440;-22,41432000
11,59277228;-0,37989440;-22,86905000
11,60301228;-0,37989440;-21,95959000
11,61325228;-0,37989440;-22,41432000
11,62349228;-0,37092200;-22,41432000
11,63373228;-0,36194950;-22,41432000
11,64397228;-0,36194950;-21,95959000
11,65421228;-0,36194950;-22,41432000
11,66445228;-0,36194950;-22,41432000
11,67469228;-0,35297710;-22,41432000
11,68493228;-0,34400460;-21,95959000
11,69517228;-0,34400460;-21,95959000
11,70541228;-0,34400460;-21,95959000
11,71565228;-0,33503220;-21,95959000
11,72589228;-0,33503220;-22,41432000
11,73613228;-0,32609030;-21,50487000
11,74637228;-0,32609030;-21,95959000
11,75661228;-0,32609030;-21,95959000
11,76685228;-0,30814540;-21,95959000
11,77709228;-0,30814540;-21,95959000
11,78733228;-0,30814540;-21,95959000
11,79757228;-0,29917290;-21,95959000
11,80781228;-0,29917290;-21,95959000
11,81805228;-0,29020050;-21,50487000
11,82829228;-0,29020050;-21,50487000
11,83853228;-0,29020050;-21,50487000
11,84877228;-0,29020050;-21,50487000
11,85901228;-0,27225560;-22,41432000
11,86925228;-0,27225560;-21,50487000
11,87949228;-0,27225560;-21,95959000
11,88973228;-0,26328320;-21,50487000
11,89997228;-0,26328320;-21,50487000
11,91021228;-0,25431070;-21,50487000
11,92045228;-0,25431070;-21,04861000
11,93069228;-0,25431070;-21,50487000
11,94093228;-0,23639640;-21,04861000
11,95117228;-0,23639640;-21,04861000
11,96141228;-0,23639640;-21,04861000
11,97165228;-0,23639640;-21,50487000
11,98189228;-0,22742390;-21,04861000
11,99213228;-0,22742390;-21,04861000
12,00237228;-0,21845150;-21,04861000
12,01261228;-0,21845150;-20,59389000
12,02285228;-0,21845150;-20,59389000
12,03309228;-0,20947900;-21,04861000
12,04333228;-0,20050660;-21,04861000
12,05357228;-0,20050660;-21,04861000
12,06381228;-0,19153420;-21,04861000
12,07405228;-0,19153420;-20,59389000
12,08429228;-0,18256170;-21,04861000
12,09453228;-0,18256170;-21,04861000
12,10477228;-0,18256170;-20,59389000
12,11501228;-0,16464740;-20,59389000
12,12525228;-0,17358930;-20,13916000
12,13549228;-0,16464740;-20,59389000
12,14573228;-0,16464740;-20,59389000
12,15597228;-0,15567490;-20,59389000
12,16621228;-0,15567490;-19,68444000
12,17645228;-0,14670250;-20,13916000
12,18669228;-0,14670250;-20,13916000
12,19693228;-0,13773000;-20,13916000
12,20717228;-0,12875760;-20,13916000
12,21741228;-0,12875760;-20,59389000
12,22765228;-0,12875760;-20,13916000
12,23789228;-0,11978520;-19,68444000
12,24813228;-0,11081270;-19,68444000
12,25837228;-0,11081270;-19,22819000
12,26861228;-0,11081270;-19,68444000
12,27885228;-0,11081270;-19,22819000
12,28909228;-0,09286782;-19,68444000
12,29933228;-0,09286782;-19,68444000
12,30957228;-0,08392590;-18,77346000
12,31981228;-0,09286782;-19,22819000
12,33005228;-0,08392590;-19,68444000
12,34029228;-0,07495346;-19,68444000
12,35053228;-0,07495346;-19,22819000
12,36077228;-0,07495346;-19,22819000
12,37101228;-0,06598102;-18,77346000
12,38125228;-0,06598102;-19,22819000
12,39149228;-0,05700858;-19,22819000
12,40173228;-0,04803614;-18,77346000
12,41197228;-0,04803614;-19,22819000
12,42221228;-0,03906369;-18,31874000
12,43245228;-0,03906369;-18,31874000
12,44269228;-0,03009125;-18,31874000
12,45293228;-0,02111881;-18,77346000
12,46317228;-0,02111881;-18,31874000
12,47341228;-0,02111881;-17,86401000
12,48365228;-0,01214637;-18,31874000
12,49389228;-0,00320444;-17,86401000
12,50413228;-0,00320444;-17,86401000
12,51437228;-0,00320444;-17,86401000
12,52461228;-0,00320444;-17,40776000
12,53485228;-0,00320444;-16,95303000
12,54509228;0,01470992;-16,95303000
12,55533228;0,01470992;-16,49831000
12,56557227;0,01470992;-16,04358000
12,57581227;0,03265481;-16,04358000
12,58605227;0,02368236;-13,76690000
12,59629227;0,03265481;-9,21658900
12,60653227;0,03265481;9,44242700
12,61677227;0,04162725;27,19047000
12,62701227;0,05059969;24,46058000
12,63725227;0,05059969;20,81973000
12,64749227;0,05059969;22,64016000
12,65773227;0,05957213;23,54961000
12,66797227;0,06854457;22,64016000
12,67821227;0,05957213;23,09488000
12,68845227;0,06854457;23,54961000
12,69869227;0,07751702;23,54961000
12,70893227;0,06854457;24,00586000
12,71917227;0,08645894;23,54961000
12,72941227;0,08645894;24,00586000
12,73965227;0,09543138;24,46058000
12,74989227;0,10440380;24,00586000
12,76013227;0,10440380;24,00586000
12,77037227;0,10440380;24,46058000
12,78061227;0,11337630;24,00586000
12,79085227;0,11337630;24,46058000
12,80109227;0,12234870;24,00586000
12,81133227;0,12234870;24,00586000
12,82157227;0,13132110;24,00586000
12,83181227;0,14029360;24,46058000
12,84205227;0,14029360;24,46058000
12,85229227;0,14029360;24,46058000
12,86253227;0,14029360;24,46058000
12,87277227;0,15823850;24,46058000
12,88301227;0,15823850;24,91531000
12,89325227;0,15823850;25,37004000
12,90349227;0,15823850;25,37004000
12,91373227;0,16718040;25,37004000
12,92397227;0,17615280;24,91531000
12,93421227;0,17615280;25,37004000
12,94445227;0,17615280;25,37004000
12,95469227;0,17615280;25,37004000
12,96493227;0,17615280;25,37004000
12,97517227;0,19409770;25,37004000
12,98541227;0,19409770;25,82629000
12,99565227;0,19409770;25,37004000
13,00589227;0,19409770;25,82629000
13,01613227;0,20307020;25,82629000
13,02637227;0,21204260;25,82629000
13,03661227;0,21204260;25,82629000
13,04685227;0,22998750;25,82629000
13,05709227;0,22101510;25,82629000
13,06733227;0,22998750;25,37004000
13,07757227;0,22998750;25,82629000
13,08781227;0,23895990;26,28101000
13,09805227;0,24790190;25,82629000
13,10829227;0,24790190;25,82629000
13,11853227;0,24790190;25,82629000
13,12877227;0,25687430;26,28101000
13,13901227;0,26584670;26,28101000
13,14925227;0,26584670;26,28101000
13,15949227;0,26584670;26,73574000
13,16973227;0,26584670;26,28101000
13,17997227;0,28379160;26,28101000
13,19021227;0,28379160;26,28101000
13,20045227;0,28379160;26,28101000
13,21069227;0,28379160;26,73574000
13,22093227;0,29276410;26,28101000
13,23117227;0,30173650;26,28101000
13,24141227;0,30173650;27,19047000
13,25165227;0,30173650;26,28101000
13,26189227;0,30173650;26,28101000
13,27213227;0,31968140;26,28101000
13,28237227;0,31070890;26,73574000
13,29261227;0,31968140;26,73574000
13,30285227;0,31968140;26,28101000
13,31309227;0,32862330;26,73574000
13,32333227;0,33759580;26,28101000
13,33357227;0,33759580;26,73574000
13,34381227;0,33759580;27,19047000
13,35405227;0,33759580;27,19047000
13,36429227;0,35554060;26,73574000
13,37453227;0,35554060;27,19047000
13,38477227;0,35554060;26,73574000
13,39501227;0,35554060;27,19047000
13,40525227;0,36451310;26,73574000
13,41549227;0,37348550;27,19047000
13,42573227;0,37348550;26,73574000
13,43597227;0,37348550;26,73574000
13,44621227;0,38245800;27,19047000
13,45645227;0,38245800;27,64672000
13,46669227;0,39143040;27,19047000
13,47693227;0,39143040;27,19047000
13,48717227;0,39143040;26,28101000
13,49741227;0,40040280;27,19047000
13,50765227;0,40040280;27,19047000
13,51789227;0,40934480;27,19047000
13,52813227;0,40934480;26,73574000
13,53837227;0,40934480;27,19047000
13,54861227;0,42728970;27,64672000
13,55885227;0,42728970;26,73574000
13,56909227;0,42728970;28,10144000
13,57933227;0,42728970;27,64672000
13,58957227;0,43626210;27,64672000
13,59981227;0,44523450;27,64672000
13,61005227;0,44523450;27,64672000
13,62029227;0,44523450;27,19047000
13,63053227;0,44523450;27,64672000
13,64077227;0,45420700;28,10144000
13,65101227;0,46317940;28,10144000
13,66125227;0,46317940;27,64672000
13,67149227;0,46317940;27,19047000
13,68173227;0,46317940;28,10144000
13,69197227;0,48112430;28,10144000
13,70221227;0,46317940;27,64672000
13,71245227;0,48112430;28,10144000
13,72269227;0,48112430;27,64672000
13,73293227;0,49006620;27,64672000
13,74317227;0,49006620;28,55617000
13,75341227;0,49006620;28,10144000
13,76365227;0,49903870;28,10144000
13,77389227;0,49903870;28,10144000
13,78413227;0,49903870;27,64672000
13,79437227;0,50801110;28,55617000
13,80461227;0,51698360;28,10144000
13,81485227;0,50801110;27,64672000
13,82509227;0,51698360;28,10144000
13,83533227;0,51698360;28,10144000
13,84557227;0,53492840;28,10144000
13,85581227;0,52595600;27,19047000
13,86605227;0,53492840;28,10144000
13,87629227;0,53492840;28,10144000
13,88653227;0,53492840;28,10144000
13,89677227;0,54390080;28,10144000
13,90701227;0,55287330;28,55617000
13,91725227;0,55287330;28,10144000
13,92749227;0,55287330;28,10144000
13,93773227;0,55287330;28,10144000
13,94797227;0,56184580;28,55617000
13,95821227;0,57081820;28,55617000
13,96845227;0,57081820;28,10144000
13,97869227;0,57081820;28,10144000
13,98893227;0,57081820;28,10144000
13,99917227;0,57976010;28,10144000
14,00941227;0,57976010;28,10144000
14,01965227;0,58873250;28,55617000
14,02989227;0,58873250;28,10144000
14,04013227;0,58873250;28,10144000
14,05037227;0,58873250;28,10144000
14,06061227;0,59770500;28,10144000
14,07085227;0,59770500;28,55617000
14,08109227;0,60667750;28,55617000
14,09133227;0,60667750;28,10144000
14,10157227;0,59770500;28,55617000
14,11181227;0,60667750;28,55617000
14,12205227;0,60667750;28,55617000
14,13229227;0,62462230;28,10144000
14,14253227;0,61564990;28,10144000
14,15277227;0,61564990;28,10144000
14,16301227;0,62462230;28,55617000
14,17325227;0,63359480;28,55617000
14,18349227;0,63359480;28,55617000
14,19373227;0,62462230;28,55617000
14,20397227;0,63359480;28,10144000
14,21421226;0,62462230;28,55617000
14,22445226;0,64256720;28,55617000
14,23469226;0,64256720;28,55617000
14,24493226;0,64256720;28,10144000
14,25517226;0,64256720;28,55617000
14,26541226;0,66048160;29,01089000
14,27565226;0,66048160;29,01089000
14,28589226;0,65153970;28,10144000
14,29613226;0,66945400;28,55617000
14,30637226;0,66048160;29,01089000
14,31661226;0,66945400;28,10144000
14,32685226;0,66048160;28,10144000
14,33709226;0,67842640;28,55617000
14,34733226;0,66945400;28,10144000
14,35757226;0,67842640;28,55617000
14,36781226;0,67842640;28,55617000
14,37805226;0,67842640;28,55617000
14,38829226;0,68739890;28,55617000
14,39853226;0,68739890;28,55617000
14,40877226;0,69637140;29,01089000
14,41901226;0,69637140;28,55617000
14,42925226;0,69637140;29,01089000
14,43949226;0,69637140;28,55617000
14,44973226;0,69637140;28,55617000
14,45997226;0,69637140;28,55617000
14,47021226;0,70534380;28,55617000
14,48045226;0,70534380;28,55617000
14,49069226;0,71431620;29,01089000
14,50093226;0,71431620;29,01089000
14,51117226;0,71431620;28,55617000
14,52141226;0,72328870;28,55617000
14,53165226;0,71431620;28,10144000
14,54189226;0,72328870;28,55617000
14,55213226;0,73226110;28,55617000
14,56237226;0,73226110;29,01089000
14,57261226;0,73226110;29,01089000
14,58285226;0,73226110;29,01089000
14,59309226;0,73226110;28,55617000
14,60333226;0,73226110;29,01089000
14,61357226;0,74120300;29,01089000
14,62381226;0,74120300;28,55617000
14,63405226;0,74120300;28,55617000
14,64429226;0,74120300;28,55617000
14,65453226;0,75017550;28,10144000
14,66477226;0,75017550;28,10144000
14,67501226;0,75017550;29,01089000
14,68525226;0,75017550;28,55617000
14,69549226;0,75017550;29,01089000
14,70573226;0,75914790;29,01089000
14,71597226;0,75914790;29,01089000
14,72621226;0,75914790;28,55617000
14,73645226;0,76812030;28,55617000
14,74669226;0,76812030;28,55617000
14,75693226;0,76812030;28,55617000
14,76717226;0,76812030;29,01089000
14,77741226;0,76812030;28,55617000
14,78765226;0,76812030;29,01089000
14,79789226;0,76812030;29,01089000
14,80813226;0,77709280;28,10144000
14,81837226;0,78606520;29,01089000
14,82861226;0,77709280;29,01089000
14,83885226;0,78606520;29,01089000
14,84909226;0,77709280;29,01089000
14,85933226;0,78606520;29,01089000
14,86957226;0,78606520;29,01089000
14,87981226;0,78606520;28,55617000
14,89005226;0,78606520;28,55617000
14,90029226;0,78606520;29,01089000
14,91053226;0,79503770;29,01089000
14,92077226;0,79503770;28,55617000
14,93101226;0,79503770;29,01089000
14,94125226;0,80401020;29,46715000
14,95149226;0,80401020;28,55617000
14,96173226;0,80401020;29,01089000
14,97197226;0,80401020;29,01089000
14,98221226;0,80401020;29,01089000
14,99245226;0,80401020;28,55617000
15,00269226;0,80401020;29,01089000
15,01293226;0,80401020;28,55617000
15,02317226;0,81298260;29,01089000
15,03341226;0,80401020;28,55617000
15,04365226;0,82192450;28,55617000
15,05389226;0,81298260;28,55617000
15,06413226;0,82192450;29,01089000
15,07437226;0,82192450;29,46715000
15,08461226;0,82192450;28,55617000
15,09485226;0,82192450;28,55617000
15,10509226;0,82192450;28,10144000
15,11533226;0,82192450;28,55617000
15,12557226;0,82192450;29,46715000
15,13581226;0,82192450;29,01089000
15,14605226;0,82192450;29,46715000
15,15629226;0,82192450;29,46715000
15,16653226;0,82192450;29,01089000
15,17677226;0,82192450;28,55617000
15,18701226;0,82192450;29,01089000
15,19725226;0,83089690;29,01089000
15,20749226;0,83089690;28,55617000
15,21773226;0,83089690;28,55617000
15,22797226;0,83986940;28,55617000
15,23821226;0,83089690;29,01089000
15,24845226;0,83089690;28,55617000
15,25869226;0,83089690;28,55617000
15,26893226;0,83986940;28,55617000
15,27917226;0,83986940;29,01089000
15,28941226;0,83986940;28,55617000
15,29965226;0,83986940;28,10144000
15,30989226;0,83986940;28,55617000
15,32013226;0,83986940;28,55617000
15,33037226;0,83986940;28,10144000
15,34061226;0,83986940;29,01089000
15,35085226;0,84884180;29,01089000
15,36109226;0,84884180;29,01089000
15,37133226;0,83986940;28,55617000
15,38157226;0,83986940;29,01089000
15,39181226;0,84884180;28,55617000
15,40205226;0,84884180;28,55617000
15,41229226;0,84884180;29,01089000
15,42253226;0,84884180;29,01089000
15,43277226;0,84884180;28,55617000
15,44301226;0,84884180;28,55617000
15,45325226;0,84884180;28,55617000
15,46349226;0,84884180;28,55617000
15,47373226;0,83986940;28,55617000
15,48397226;0,84884180;29,01089000
15,49421226;0,85781430;28,55617000
15,50445226;0,84884180;28,10144000
15,51469226;0,84884180;28,55617000
15,52493226;0,84884180;29,01089000
15,53517226;0,84884180;29,01089000
15,54541226;0,85781430;28,55617000
15,55565226;0,85781430;28,10144000
15,56589226;0,84884180;29,01089000
15,57613226;0,84884180;29,01089000
15,58637226;0,84884180;28,55617000
15,59661226;0,85781430;29,01089000
15,60685226;0,84884180;29,01089000
15,61709226;0,85781430;28,55617000
15,62733226;0,84884180;28,10144000
15,63757226;0,84884180;29,01089000
15,64781226;0,84884180;28,55617000
15,65805226;0,84884180;29,01089000
15,66829226;0,85781430;28,55617000
15,67853226;0,85781430;29,01089000
15,68877226;0,84884180;28,55617000
15,69901226;0,84884180;28,55617000
15,70925226;0,84884180;28,55617000
15,71949226;0,84884180;28,55617000
15,72973226;0,84884180;28,10144000
15,73997226;0,84884180;29,01089000
15,75021226;0,85781430;28,55617000
15,76045226;0,85781430;28,55617000
15,77069226;0,84884180;28,55617000
15,78093226;0,84884180;28,55617000
15,79117226;0,83986940;29,46715000
15,80141226;0,84884180;28,55617000
15,81165226;0,84884180;28,55617000
15,82189226;0,84884180;28,55617000
15,83213226;0,84884180;28,10144000
15,84237226;0,85781430;28,55617000
15,85261226;0,84884180;28,55617000
15,86285225;0,84884180;28,55617000
15,87309225;0,85781430;28,10144000
15,88333225;0,84884180;29,01089000
15,89357225;0,83986940;28,10144000
15,90381225;0,84884180;28,55617000
15,91405225;0,84884180;28,10144000
15,92429225;0,83986940;28,55617000
15,93453225;0,83986940;29,01089000
15,94477225;0,83986940;29,01089000
15,95501225;0,83986940;28,55617000
15,96525225;0,83986940;28,55617000
15,97549225;0,83986940;28,55617000
15,98573225;0,83986940;28,10144000
15,99597225;0,83986940;28,10144000
16,00621225;0,83089690;28,55617000
16,01645225;0,83986940;28,10144000
16,02669225;0,83986940;28,55617000
16,03693225;0,83986940;28,10144000
16,04717225;0,83986940;28,55617000
16,05741225;0,83089690;28,55617000
16,06765225;0,83089690;28,55617000
16,07789225;0,83089690;28,55617000
16,08813225;0,83089690;28,10144000
16,09837225;0,83089690;28,10144000
16,10861225;0,83986940;28,10144000
16,11885225;0,82192450;28,55617000
16,12909225;0,83089690;28,55617000
16,13933225;0,82192450;28,55617000
16,14957225;0,82192450;28,10144000
16,15981225;0,82192450;28,55617000
16,17005225;0,82192450;28,55617000
16,18029225;0,82192450;28,10144000
16,19053225;0,82192450;28,10144000
16,20077225;0,82192450;28,55617000
16,21101225;0,81298260;28,10144000
16,22125225;0,82192450;28,10144000
16,23149225;0,82192450;27,64672000
16,24173225;0,81298260;29,01089000
16,25197225;0,82192450;28,55617000
16,26221225;0,82192450;28,55617000
16,27245225;0,80401020;28,10144000
16,28269225;0,81298260;28,10144000
16,29293225;0,81298260;28,10144000
16,30317225;0,80401020;28,55617000
16,31341225;0,80401020;28,10144000
16,32365225;0,80401020;28,10144000
16,33389225;0,79503770;28,10144000
16,34413225;0,80401020;28,10144000
16,35437225;0,80401020;28,10144000
16,36461225;0,80401020;28,55617000
16,37485225;0,78606520;28,55617000
16,38509225;0,78606520;28,10144000
16,39533225;0,78606520;28,55617000
16,40557225;0,78606520;28,10144000
16,41581225;0,78606520;28,10144000
16,42605225;0,78606520;28,10144000
16,43629225;0,78606520;28,10144000
16,44653225;0,78606520;28,55617000
16,45677225;0,78606520;28,10144000
16,46701225;0,78606520;28,55617000
16,47725225;0,77709280;28,10144000
16,48749225;0,77709280;28,10144000
16,49773225;0,77709280;28,10144000
16,50797225;0,76812030;27,64672000
16,51821225;0,76812030;28,10144000
16,52845225;0,76812030;28,10144000
16,53869225;0,76812030;28,10144000
16,54893225;0,76812030;27,64672000
16,55917225;0,76812030;28,10144000
16,56941225;0,76812030;28,10144000
16,57965225;0,75914790;28,10144000
16,58989225;0,75017550;28,10144000
16,60013225;0,75017550;27,64672000
16,61037225;0,75017550;28,10144000
16,62061225;0,75017550;27,64672000
16,63085225;0,75017550;28,10144000
16,64109225;0,75017550;28,10144000
16,65133225;0,75017550;28,10144000
16,66157225;0,74120300;28,10144000
16,67181225;0,74120300;27,64672000
16,68205225;0,73226110;28,10144000
16,69229225;0,74120300;28,10144000
16,70253225;0,74120300;28,10144000
16,71277225;0,73226110;27,64672000
16,72301225;0,73226110;27,64672000
16,73325225;0,73226110;28,10144000
16,74349225;0,73226110;28,10144000
16,75373225;0,73226110;28,10144000
16,76397225;0,73226110;27,64672000
16,77421225;0,71431620;28,10144000
16,78445225;0,72328870;28,10144000
16,79469225;0,71431620;27,64672000
16,80493225;0,71431620;27,64672000
16,81517225;0,71431620;28,10144000
16,82541225;0,71431620;28,10144000
16,83565225;0,71431620;28,10144000
16,84589225;0,70534380;28,10144000
16,85613225;0,70534380;28,10144000
16,86637225;0,69637140;27,64672000
16,87661225;0,69637140;28,10144000
16,88685225;0,69637140;27,64672000
16,89709225;0,69637140;28,10144000
16,90733225;0,69637140;28,10144000
16,91757225;0,68739890;27,64672000
16,92781225;0,68739890;28,10144000
16,93805225;0,67842640;27,64672000
16,94829225;0,67842640;27,64672000
16,95853225;0,67842640;28,10144000
16,96877225;0,67842640;27,64672000
16,97901225;0,66945400;27,64672000
16,98925225;0,66945400;27,64672000
16,99949225;0,66945400;27,64672000
17,00973225;0,66048160;27,64672000
17,01997225;0,66048160;27,64672000
17,03021225;0,66048160;27,64672000
17,04045225;0,66048160;28,10144000
17,05069225;0,64256720;27,64672000
17,06093225;0,66048160;28,10144000
17,07117225;0,64256720;27,64672000
17,08141225;0,64256720;27,64672000
17,09165225;0,64256720;27,64672000
17,10189225;0,64256720;27,19047000
17,11213225;0,62462230;27,64672000
17,12237225;0,62462230;27,19047000
17,13261225;0,62462230;27,19047000
17,14285225;0,61564990;27,19047000
17,15309225;0,62462230;26,73574000
17,16333225;0,61564990;27,64672000
17,17357225;0,60667750;27,19047000
17,18381225;0,61564990;27,64672000
17,19405225;0,60667750;27,64672000
17,20429225;0,60667750;27,19047000
17,21453225;0,60667750;27,19047000
17,22477225;0,60667750;27,19047000
17,23501225;0,58873250;27,64672000
17,24525225;0,59770500;27,19047000
17,25549225;0,58873250;27,19047000
17,26573225;0,58873250;27,19047000
17,27597225;0,58873250;27,19047000
17,28621225;0,57976010;27,19047000
17,29645225;0,57976010;27,19047000
17,30669225;0,57081820;27,19047000
17,31693225;0,57081820;27,19047000
17,32717225;0,57081820;26,73574000
17,33741225;0,57081820;27,19047000
17,34765225;0,56184580;27,19047000
17,35789225;0,56184580;27,19047000
17,36813225;0,56184580;26,73574000
17,37837225;0,55287330;26,73574000
17,38861225;0,55287330;26,73574000
17,39885225;0,54390080;27,19047000
17,40909225;0,53492840;26,73574000
17,41933225;0,53492840;26,28101000
17,42957225;0,53492840;26,73574000
17,43981225;0,52595600;26,73574000
17,45005225;0,53492840;27,19047000
17,46029225;0,52595600;26,73574000
17,47053225;0,51698360;27,64672000
17,48077225;0,51698360;26,73574000
17,49101225;0,51698360;27,19047000
17,50125224;0,50801110;27,19047000
17,51149224;0,49903870;26,28101000
17,52173224;0,49903870;26,73574000
17,53197224;0,49903870;26,73574000
17,54221224;0,49903870;26,73574000
17,55245224;0,49903870;27,19047000
17,56269224;0,48112430;26,73574000
17,57293224;0,48112430;26,73574000
17,58317224;0,48112430;26,73574000
17,59341224;0,48112430;26,73574000
17,60365224;0,48112430;26,28101000
17,61389224;0,46317940;26,28101000
17,62413224;0,46317940;26,73574000
17,63437224;0,46317940;26,28101000
17,64461224;0,46317940;26,73574000
17,65485224;0,45420700;26,73574000
17,66509224;0,45420700;26,73574000
17,67533224;0,44523450;26,73574000
17,68557224;0,44523450;26,28101000
17,69581224;0,44523450;25,82629000
17,70605224;0,44523450;26,73574000
17,71629224;0,44523450;26,28101000
17,72653224;0,42728970;26,28101000
17,73677224;0,42728970;26,28101000
17,74701224;0,41831720;26,28101000
17,75725224;0,42728970;26,73574000
17,76749224;0,41831720;26,28101000
17,77773224;0,41831720;26,28101000
17,78797224;0,40934480;25,82629000
17,79821224;0,40934480;26,28101000
17,80845224;0,40040280;25,82629000
17,81869224;0,39143040;26,28101000
17,82893224;0,39143040;25,82629000
17,83917224;0,39143040;26,28101000
17,84941224;0,39143040;25,82629000
17,85965224;0,38245800;25,82629000
17,86989224;0,37348550;25,82629000
17,88013224;0,37348550;25,82629000
17,89037224;0,36451310;25,82629000
17,90061224;0,36451310;25,37004000
17,91085224;0,35554060;25,82629000
17,92109224;0,35554060;25,82629000
17,93133224;0,35554060;25,82629000
17,94157224;0,35554060;25,82629000
17,95181224;0,33759580;25,82629000
17,96205224;0,33759580;25,82629000
17,97229224;0,33759580;25,37004000
17,98253224;0,32862330;25,82629000
17,99277224;0,32862330;25,37004000
18,00301224;0,32862330;25,37004000
18,01325224;0,31968140;25,37004000
18,02349224;0,31968140;25,37004000
18,03373224;0,31968140;25,82629000
18,04397224;0,31070890;25,82629000
18,05421224;0,30173650;25,82629000
18,06445224;0,30173650;25,82629000
18,07469224;0,30173650;25,37004000
18,08493224;0,28379160;25,37004000
18,09517224;0,28379160;25,37004000
18,10541224;0,28379160;24,46058000
18,11565224;0,28379160;24,91531000
18,12589224;0,27481920;24,91531000
18,13613224;0,28379160;24,46058000
18,14637224;0,26584670;24,91531000
18,15661224;0,26584670;24,91531000
18,16685224;0,25687430;25,37004000
18,17709224;0,25687430;24,46058000
18,18733224;0,25687430;24,46058000
18,19757224;0,24790190;24,46058000
18,20781224;0,24790190;24,46058000
18,21805224;0,23895990;24,46058000
18,22829224;0,23895990;24,46058000
18,23853224;0,22998750;24,46058000
18,24877224;0,22998750;24,46058000
18,25901224;0,22101510;24,46058000
18,26925224;0,21204260;24,46058000
18,27949224;0,21204260;24,00586000
18,28973224;0,20307020;24,46058000
18,29997224;0,21204260;24,46058000
18,31021224;0,20307020;24,00586000
18,32045224;0,19409770;24,46058000
18,33069224;0,19409770;24,46058000
18,34093224;0,19409770;24,00586000
18,35117224;0,18512530;24,00586000
18,36141224;0,17615280;24,00586000
18,37165224;0,17615280;23,54961000
18,38189224;0,16718040;24,00586000
18,39213224;0,15823850;23,54961000
18,40237224;0,15823850;24,00586000
18,41261224;0,14926600;24,00586000
18,42285224;0,15823850;24,00586000
18,43309224;0,14029360;23,54961000
18,44333224;0,14029360;24,00586000
18,45357224;0,14029360;23,54961000
18,46381224;0,14029360;23,54961000
18,47405224;0,14029360;23,09488000
18,48429224;0,13132110;22,64016000
18,49453224;0,13132110;23,54961000
18,50477224;0,12234870;23,54961000
18,51501224;0,11337630;23,54961000
18,52525224;0,11337630;23,09488000
18,53549224;0,10440380;23,54961000
18,54573224;0,10440380;23,09488000
18,55597224;0,10440380;22,64016000
18,56621224;0,08645894;22,64016000
18,57645224;0,09543138;22,64016000
18,58669224;0,08645894;22,64016000
18,59693224;0,08645894;22,18543000
18,60717224;0,07751702;22,18543000
18,61741224;0,06854457;21,72918000
18,62765224;0,06854457;21,72918000
18,63789224;0,06854457;22,64016000
18,64813224;0,05059969;22,64016000
18,65837224;0,05059969;21,27445000
18,66861224;0,05059969;22,18543000
18,67885224;0,05059969;22,18543000
18,68909224;0,04162725;21,72918000
18,69933224;0,03265481;22,18543000
18,70957224;0,03265481;21,72918000
18,71981224;0,03265481;21,72918000
18,73005224;0,02368236;21,27445000
18,74029224;0,01470992;20,81973000
18,75053224;0,01470992;20,36500000
18,76077224;0,01470992;20,81973000
18,77101224;-0,00320444;20,36500000
18,78125224;-0,00320444;20,36500000
18,79149224;-0,00320444;19,90875000
18,80173224;-0,00320444;19,45402000
18,81197224;-0,00320444;18,54457000
18,82221224;-0,02111881;16,72414000
18,83245224;-0,02111881;9,89715200
18,84269224;-0,02111881;-13,31217000
18,85293224;-0,03009125;-24,68947000
18,86317224;-0,03906369;-19,22819000
18,87341224;-0,03906369;-18,31874000
18,88365224;-0,03906369;-19,22819000
18,89389224;-0,03906369;-19,68444000
18,90413224;-0,05700858;-19,68444000
18,91437224;-0,04803614;-19,68444000
18,92461224;-0,05700858;-19,68444000
18,93485224;-0,07495346;-19,68444000
18,94509224;-0,07495346;-20,13916000
18,95533224;-0,07495346;-20,13916000
18,96557224;-0,07495346;-20,59389000
18,97581224;-0,08392590;-20,13916000
18,98605224;-0,08392590;-21,04861000
18,99629224;-0,08392590;-21,04861000
19,00653224;-0,09286782;-20,13916000
19,01677224;-0,10184030;-21,04861000
19,02701224;-0,11081270;-20,59389000
19,03725224;-0,11081270;-20,59389000
19,04749224;-0,11081270;-21,04861000
19,05773224;-0,11978520;-21,04861000
19,06797224;-0,11978520;-21,50487000
19,07821224;-0,11978520;-21,04861000
19,08845224;-0,12875760;-21,50487000
19,09869224;-0,12875760;-21,50487000
19,10893224;-0,12875760;-21,50487000
19,11917224;-0,13773000;-21,04861000
19,12941224;-0,14670250;-21,95959000
19,13965224;-0,15567490;-21,95959000
19,14989223;-0,16464740;-21,50487000
19,16013223;-0,16464740;-21,95959000
19,17037223;-0,16464740;-21,95959000
19,18061223;-0,16464740;-21,95959000
19,19085223;-0,17358930;-21,50487000
19,20109223;-0,17358930;-21,50487000
19,21133223;-0,18256170;-21,95959000
19,22157223;-0,19153420;-21,50487000
19,23181223;-0,18256170;-21,95959000
19,24205223;-0,20050660;-21,95959000
19,25229223;-0,20050660;-21,95959000
19,26253223;-0,20050660;-21,95959000
19,27277223;-0,20050660;-22,41432000
19,28301223;-0,21845150;-22,41432000
19,29325223;-0,21845150;-22,86905000
19,30349223;-0,21845150;-22,86905000
19,31373223;-0,21845150;-22,41432000
19,32397223;-0,22742390;-22,41432000
19,33421223;-0,23639640;-22,41432000
19,34445223;-0,23639640;-22,41432000
19,35469223;-0,23639640;-22,41432000
19,36493223;-0,24536880;-22,86905000
19,37517223;-0,25431070;-22,41432000
19,38541223;-0,25431070;-22,86905000
19,39565223;-0,25431070;-22,86905000
19,40589223;-0,26328320;-22,86905000
19,41613223;-0,26328320;-22,86905000
19,42637223;-0,27225560;-22,86905000
19,43661223;-0,27225560;-22,86905000
19,44685223;-0,28122810;-22,86905000
19,45709223;-0,28122810;-22,86905000
19,46733223;-0,29020050;-22,86905000
19,47757223;-0,29020050;-22,86905000
19,48781223;-0,29020050;-22,41432000
19,49805223;-0,29917290;-23,32530000
19,50829223;-0,29917290;-23,32530000
19,51853223;-0,30814540;-22,86905000
19,52877223;-0,30814540;-22,86905000
19,53901223;-0,32609030;-23,32530000
19,54925223;-0,32609030;-22,86905000
19,55949223;-0,32609030;-23,32530000
19,56973223;-0,33503220;-23,32530000
19,57997223;-0,32609030;-23,32530000
19,59021223;-0,33503220;-23,32530000
19,60045223;-0,34400460;-23,32530000
19,61069223;-0,34400460;-23,32530000
19,62093223;-0,34400460;-23,32530000
19,63117223;-0,34400460;-23,32530000
19,64141223;-0,36194950;-23,32530000
19,65165223;-0,36194950;-23,78002000
19,66189223;-0,36194950;-23,32530000
19,67213223;-0,36194950;-23,32530000
19,68237223;-0,37092200;-23,78002000
19,69261223;-0,37092200;-23,78002000
19,70285223;-0,37989440;-23,78002000
19,71309223;-0,37989440;-24,23475000
19,72333223;-0,37989440;-23,32530000
19,73357223;-0,38886680;-23,78002000
19,74381223;-0,39783930;-23,78002000
19,75405223;-0,39783930;-23,32530000
19,76429223;-0,39783930;-23,32530000
19,77453223;-0,40681170;-23,78002000
19,78477223;-0,41575370;-23,78002000
19,79501223;-0,41575370;-24,23475000
19,80525223;-0,41575370;-23,78002000
19,81549223;-0,41575370;-23,78002000
19,82573223;-0,43369850;-24,23475000
19,83597223;-0,43369850;-23,78002000
19,84621223;-0,42472610;-23,32530000
19,85645223;-0,43369850;-24,23475000
19,86669223;-0,44267100;-24,23475000
19,87693223;-0,43369850;-23,32530000
19,88717223;-0,45164340;-23,78002000
19,89741223;-0,45164340;-24,23475000
19,90765223;-0,45164340;-24,23475000
19,91789223;-0,45164340;-23,78002000
19,92813223;-0,46061590;-23,78002000
19,93837223;-0,46958830;-23,78002000
19,94861223;-0,46958830;-24,23475000
19,95885223;-0,46958830;-24,23475000
19,96909223;-0,46958830;-23,78002000
19,97933223;-0,46958830;-24,68947000
19,98957223;-0,48753320;-23,78002000
19,99981223;-0,48753320;-24,68947000
20,01005223;-0,48753320;-24,68947000
20,02029223;-0,48753320;-24,23475000
20,03053223;-0,49647510;-24,23475000
20,04077223;-0,50544760;-24,68947000
20,05101223;-0,50544760;-24,23475000
20,06125223;-0,50544760;-24,23475000
20,07149223;-0,50544760;-24,23475000
20,08173223;-0,51442000;-24,23475000
20,09197223;-0,52339240;-24,23475000
20,10221223;-0,52339240;-24,68947000
20,11245223;-0,52339240;-24,68947000
20,12269223;-0,52339240;-24,68947000
20,13293223;-0,54133730;-24,23475000
20,14317223;-0,53236490;-24,68947000
20,15341223;-0,54133730;-24,68947000
20,16365223;-0,54133730;-24,23475000
20,17389223;-0,54133730;-25,14573000
20,18413223;-0,54133730;-24,23475000
20,19437223;-0,55030980;-25,14573000
20,20461223;-0,55928220;-24,68947000
20,21485223;-0,55928220;-24,68947000
20,22509223;-0,55928220;-25,14573000
20,23533223;-0,56825460;-24,68947000
20,24557223;-0,57722710;-23,78002000
20,25581223;-0,57722710;-24,23475000
20,26605223;-0,57722710;-24,68947000
20,27629223;-0,57722710;-25,14573000
20,28653223;-0,58616900;-24,68947000
20,29677223;-0,57722710;-24,68947000
20,30701223;-0,58616900;-24,23475000
20,31725223;-0,59514150;-25,14573000
20,32749223;-0,59514150;-25,14573000
20,33773223;-0,59514150;-24,68947000
20,34797223;-0,59514150;-24,68947000
20,35821223;-0,59514150;-25,14573000
20,36845223;-0,61308630;-24,68947000
20,37869223;-0,61308630;-24,68947000
20,38893223;-0,61308630;-25,14573000
20,39917223;-0,61308630;-24,68947000
20,40941223;-0,61308630;-25,14573000
20,41965223;-0,61308630;-24,68947000
20,42989223;-0,62205870;-24,23475000
20,44013223;-0,63103120;-25,14573000
20,45037223;-0,63103120;-25,14573000
20,46061223;-0,63103120;-25,14573000
20,47085223;-0,64000370;-24,68947000
20,48109223;-0,64000370;-25,14573000
20,49133223;-0,64897610;-24,68947000
20,50157223;-0,64897610;-25,14573000
20,51181223;-0,64897610;-25,14573000
20,52205223;-0,64897610;-24,68947000
20,53229223;-0,65794860;-25,14573000
20,54253223;-0,64897610;-25,14573000
20,55277223;-0,65794860;-25,14573000
20,56301223;-0,66689040;-25,14573000
20,57325223;-0,66689040;-24,68947000
20,58349223;-0,66689040;-25,14573000
20,59373223;-0,66689040;-25,14573000
20,60397223;-0,66689040;-24,68947000
20,61421223;-0,67586290;-25,14573000
20,62445223;-0,67586290;-25,14573000
20,63469223;-0,68483540;-25,14573000
20,64493223;-0,68483540;-25,14573000
20,65517223;-0,68483540;-24,68947000
20,66541223;-0,68483540;-25,14573000
20,67565223;-0,69380780;-25,14573000
20,68589223;-0,69380780;-25,14573000
20,69613223;-0,69380780;-25,60045000
20,70637223;-0,70278020;-24,68947000
20,71661223;-0,70278020;-24,68947000
20,72685223;-0,70278020;-25,14573000
20,73709223;-0,70278020;-25,14573000
20,74733223;-0,70278020;-25,14573000
20,75757223;-0,70278020;-24,68947000
20,76781223;-0,71175270;-24,68947000
20,77805223;-0,72072510;-25,14573000
20,78829223;-0,72072510;-25,14573000
20,79853222;-0,72072510;-24,68947000
20,80877222;-0,72072510;-25,60045000
20,81901222;-0,72072510;-25,60045000
20,82925222;-0,72072510;-25,60045000
20,83949222;-0,72072510;-25,14573000
20,84973222;-0,72969760;-25,14573000
20,85997222;-0,73867000;-25,14573000
20,87021222;-0,73867000;-25,14573000
20,88045222;-0,73867000;-25,14573000
20,89069222;-0,73867000;-25,14573000
20,90093222;-0,73867000;-25,14573000
20,91117222;-0,74761190;-25,60045000
20,92141222;-0,73867000;-25,14573000
20,93165222;-0,75658430;-25,14573000
20,94189222;-0,75658430;-25,14573000
20,95213222;-0,75658430;-25,14573000
20,96237222;-0,75658430;-25,14573000
20,97261222;-0,75658430;-25,14573000
20,98285222;-0,75658430;-25,14573000
20,99309222;-0,75658430;-25,60045000
21,00333222;-0,76555680;-25,14573000
21,01357222;-0,75658430;-24,68947000
21,02381222;-0,75658430;-25,14573000
21,03405222;-0,77452930;-25,60045000
21,04429222;-0,77452930;-25,14573000
21,05453222;-0,76555680;-25,14573000
21,06477222;-0,77452930;-25,14573000
21,07501222;-0,77452930;-25,14573000
21,08525222;-0,77452930;-25,14573000
21,09549222;-0,77452930;-25,14573000
21,10573222;-0,78350170;-25,14573000
21,11597222;-0,77452930;-25,14573000
21,12621222;-0,78350170;-25,14573000
21,13645222;-0,78350170;-25,60045000
21,14669222;-0,77452930;-25,60045000
21,15693222;-0,79247420;-25,14573000
21,16717222;-0,79247420;-25,14573000
21,17741222;-0,79247420;-25,14573000
21,18765222;-0,79247420;-25,60045000
21,19789222;-0,79247420;-25,14573000
21,20813222;-0,79247420;-25,60045000
21,21837222;-0,79247420;-25,14573000
21,22861222;-0,79247420;-25,14573000
21,23885222;-0,79247420;-25,14573000
21,24909222;-0,80144660;-25,14573000
21,25933222;-0,80144660;-25,14573000
21,26957222;-0,80144660;-25,14573000
21,27981222;-0,81041900;-25,60045000
21,29005222;-0,81041900;-25,14573000
21,30029222;-0,81041900;-25,60045000
21,31053222;-0,81041900;-25,14573000
21,32077222;-0,81041900;-25,14573000
21,33101222;-0,81041900;-25,14573000
21,34125222;-0,81939150;-25,14573000
21,35149222;-0,81939150;-25,14573000
21,36173222;-0,81939150;-25,14573000
21,37197222;-0,81939150;-25,14573000
21,38221222;-0,81939150;-25,60045000
21,39245222;-0,82833340;-25,14573000
21,40269222;-0,82833340;-25,14573000
21,41293222;-0,81939150;-25,14573000
21,42317222;-0,82833340;-25,14573000
21,43341222;-0,82833340;-25,14573000
21,44365222;-0,82833340;-25,14573000
21,45389222;-0,82833340;-25,60045000
21,46413222;-0,82833340;-25,14573000
21,47437222;-0,82833340;-24,68947000
21,48461222;-0,82833340;-25,60045000
21,49485222;-0,82833340;-25,14573000
21,50509222;-0,82833340;-25,14573000
21,51533222;-0,82833340;-25,14573000
21,52557222;-0,82833340;-25,14573000
21,53581222;-0,83730580;-25,14573000
21,54605222;-0,82833340;-24,68947000
21,55629222;-0,83730580;-25,14573000
21,56653222;-0,82833340;-25,14573000
21,57677222;-0,82833340;-25,60045000
21,58701222;-0,82833340;-25,14573000
21,59725222;-0,83730580;-25,14573000
21,60749222;-0,83730580;-25,14573000
21,61773222;-0,83730580;-25,14573000
21,62797222;-0,82833340;-25,14573000
21,63821222;-0,83730580;-25,60045000
21,64845222;-0,84627830;-25,60045000
21,65869222;-0,83730580;-25,14573000
21,66893222;-0,84627830;-25,14573000
21,67917222;-0,84627830;-25,14573000
21,68941222;-0,84627830;-25,14573000
21,69965222;-0,84627830;-25,14573000
21,70989222;-0,83730580;-25,14573000
21,72013222;-0,83730580;-25,14573000
21,73037222;-0,84627830;-25,14573000
21,74061222;-0,84627830;-25,14573000
21,75085222;-0,84627830;-25,60045000
21,76109222;-0,84627830;-25,60045000
21,77133222;-0,84627830;-25,14573000
21,78157222;-0,84627830;-25,14573000
21,79181222;-0,84627830;-24,68947000
21,80205222;-0,84627830;-25,14573000
21,81229222;-0,84627830;-25,14573000
21,82253222;-0,84627830;-25,14573000
21,83277222;-0,84627830;-25,14573000
21,84301222;-0,84627830;-25,14573000
21,85325222;-0,84627830;-25,14573000
21,86349222;-0,84627830;-25,14573000
21,87373222;-0,84627830;-25,14573000
21,88397222;-0,84627830;-25,14573000
21,89421222;-0,84627830;-24,68947000
21,90445222;-0,84627830;-25,60045000
21,91469222;-0,84627830;-25,14573000
21,92493222;-0,84627830;-25,14573000
21,93517222;-0,84627830;-25,14573000
21,94541222;-0,84627830;-25,14573000
21,95565222;-0,84627830;-25,14573000
21,96589222;-0,84627830;-25,14573000
21,97613222;-0,84627830;-25,14573000
21,98637222;-0,84627830;-25,14573000
21,99661222;-0,84627830;-25,14573000
22,00685222;-0,84627830;-25,14573000
22,01709222;-0,84627830;-25,14573000
22,02733222;-0,84627830;-25,14573000
22,03757222;-0,83730580;-25,60045000
22,04781222;-0,84627830;-25,14573000
22,05805222;-0,84627830;-24,68947000
22,06829222;-0,84627830;-24,68947000
22,07853222;-0,84627830;-25,14573000
22,08877222;-0,84627830;-25,14573000
22,09901222;-0,83730580;-25,14573000
22,10925222;-0,83730580;-25,14573000
22,11949222;-0,84627830;-24,68947000
22,12973222;-0,84627830;-25,60045000
22,13997222;-0,84627830;-25,14573000
22,15021222;-0,84627830;-25,14573000
22,16045222;-0,84627830;-25,60045000
22,17069222;-0,84627830;-25,14573000
22,18093222;-0,83730580;-25,14573000
22,19117222;-0,83730580;-25,14573000
22,20141222;-0,82833340;-25,14573000
22,21165222;-0,84627830;-25,14573000
22,22189222;-0,83730580;-25,14573000
22,23213222;-0,83730580;-25,14573000
22,24237222;-0,82833340;-25,14573000
22,25261222;-0,83730580;-25,14573000
22,26285222;-0,82833340;-25,14573000
22,27309222;-0,82833340;-25,14573000
22,28333222;-0,82833340;-24,68947000
22,29357222;-0,82833340;-25,14573000
22,30381222;-0,82833340;-24,68947000
22,31405222;-0,82833340;-25,14573000
22,32429222;-0,82833340;-25,14573000
22,33453222;-0,82833340;-24,68947000
22,34477222;-0,82833340;-25,14573000
22,35501222;-0,82833340;-24,23475000
22,36525222;-0,81939150;-25,60045000
22,37549222;-0,82833340;-24,68947000
22,38573222;-0,81939150;-24,68947000
22,39597222;-0,81939150;-24,68947000
22,40621222;-0,82833340;-24,68947000
22,41645222;-0,81939150;-25,14573000
22,42669222;-0,81939150;-25,14573000
22,43693221;-0,81939150;-25,14573000
22,44717221;-0,81939150;-24,68947000
22,45741221;-0,81041900;-25,14573000
22,46765221;-0,81041900;-24,68947000
22,47789221;-0,81041900;-25,14573000
22,48813221;-0,81041900;-24,68947000
22,49837221;-0,81041900;-24,23475000
22,50861221;-0,81041900;-24,23475000
22,51885221;-0,80144660;-25,14573000
22,52909221;-0,81041900;-25,14573000
22,53933221;-0,80144660;-24,68947000
22,54957221;-0,80144660;-24,68947000
22,55981221;-0,79247420;-24,68947000
22,57005221;-0,79247420;-25,14573000
22,58029221;-0,80144660;-25,14573000
22,59053221;-0,79247420;-24,68947000
22,60077221;-0,79247420;-25,14573000
22,61101221;-0,79247420;-24,68947000
22,62125221;-0,79247420;-25,14573000
22,63149221;-0,79247420;-25,14573000
22,64173221;-0,79247420;-24,68947000
22,65197221;-0,79247420;-25,14573000
22,66221221;-0,79247420;-24,68947000
22,67245221;-0,78350170;-24,68947000
22,68269221;-0,77452930;-24,68947000
22,69293221;-0,77452930;-24,68947000
22,70317221;-0,77452930;-24,23475000
22,71341221;-0,77452930;-24,68947000
22,72365221;-0,76555680;-24,68947000
22,73389221;-0,77452930;-24,68947000
22,74413221;-0,76555680;-24,68947000
22,75437221;-0,77452930;-24,68947000
22,76461221;-0,76555680;-24,68947000
22,77485221;-0,76555680;-24,23475000
22,78509221;-0,75658430;-24,68947000
22,79533221;-0,76555680;-23,78002000
22,80557221;-0,76555680;-24,68947000
22,81581221;-0,75658430;-24,68947000
22,82605221;-0,75658430;-25,14573000
22,83629221;-0,75658430;-24,23475000
22,84653221;-0,75658430;-24,23475000
22,85677221;-0,74761190;-24,23475000
22,86701221;-0,75658430;-24,68947000
22,87725221;-0,74761190;-24,68947000
22,88749221;-0,75658430;-24,68947000
22,89773221;-0,73867000;-24,68947000
22,90797221;-0,73867000;-24,23475000
22,91821221;-0,73867000;-24,23475000
22,92845221;-0,73867000;-24,68947000
22,93869221;-0,73867000;-24,68947000
22,94893221;-0,72969760;-24,68947000
22,95917221;-0,72969760;-24,68947000
22,96941221;-0,72969760;-24,23475000
22,97965221;-0,72969760;-25,14573000
22,98989221;-0,72072510;-24,23475000
23,00013221;-0,72072510;-24,23475000
23,01037221;-0,72072510;-23,78002000
23,02061221;-0,72072510;-23,78002000
23,03085221;-0,72072510;-23,78002000
23,04109221;-0,71175270;-24,68947000
23,05133221;-0,71175270;-24,23475000
23,06157221;-0,70278020;-24,23475000
23,07181221;-0,70278020;-24,68947000
23,08205221;-0,70278020;-24,23475000
23,09229221;-0,70278020;-24,23475000
23,10253221;-0,69380780;-24,23475000
23,11277221;-0,69380780;-24,23475000
23,12301221;-0,69380780;-24,68947000
23,13325221;-0,68483540;-24,23475000
23,14349221;-0,68483540;-24,23475000
23,15373221;-0,68483540;-24,23475000
23,16397221;-0,68483540;-24,68947000
23,17421221;-0,68483540;-23,78002000
23,18445221;-0,67586290;-24,23475000
23,19469221;-0,66689040;-24,23475000
23,20493221;-0,67586290;-24,23475000
23,21517221;-0,66689040;-23,78002000
23,22541221;-0,66689040;-24,23475000
23,23565221;-0,66689040;-23,78002000
23,24589221;-0,65794860;-24,23475000
23,25613221;-0,65794860;-23,78002000
23,26637221;-0,65794860;-23,78002000
23,27661221;-0,64897610;-23,78002000
23,28685221;-0,64897610;-23,78002000
23,29709221;-0,64897610;-23,78002000
23,30733221;-0,64897610;-23,32530000
23,31757221;-0,64897610;-23,32530000
23,32781221;-0,64000370;-24,23475000
23,33805221;-0,63103120;-23,78002000
23,34829221;-0,63103120;-24,23475000
23,35853221;-0,63103120;-23,78002000
23,36877221;-0,63103120;-23,78002000
23,37901221;-0,62205870;-23,78002000
23,38925221;-0,62205870;-24,68947000
23,39949221;-0,61308630;-24,23475000
23,40973221;-0,61308630;-24,23475000
23,41997221;-0,61308630;-24,23475000
23,43021221;-0,61308630;-24,23475000
23,44045221;-0,60411390;-23,32530000
23,45069221;-0,60411390;-23,78002000
23,46093221;-0,59514150;-23,78002000
23,47117221;-0,59514150;-23,32530000
23,48141221;-0,59514150;-23,78002000
23,49165221;-0,59514150;-23,78002000
23,50189221;-0,58616900;-23,78002000
23,51213221;-0,57722710;-23,78002000
23,52237221;-0,57722710;-23,32530000
23,53261221;-0,57722710;-23,78002000
23,54285221;-0,57722710;-23,78002000
23,55309221;-0,57722710;-23,78002000
23,56333221;-0,56825460;-23,78002000
23,57357221;-0,55928220;-23,78002000
23,58381221;-0,55928220;-23,78002000
23,59405221;-0,55928220;-23,32530000
23,60429221;-0,55928220;-23,78002000
23,61453221;-0,55030980;-23,78002000
23,62477221;-0,55030980;-23,32530000
23,63501221;-0,54133730;-23,32530000
23,64525221;-0,54133730;-23,32530000
23,65549221;-0,54133730;-23,32530000
23,66573221;-0,54133730;-22,86905000
23,67597221;-0,52339240;-23,32530000
23,68621221;-0,52339240;-23,78002000
23,69645221;-0,52339240;-23,78002000
23,70669221;-0,51442000;-23,78002000
23,71693221;-0,52339240;-23,78002000
23,72717221;-0,51442000;-23,32530000
23,73741221;-0,50544760;-23,78002000
23,74765221;-0,50544760;-23,32530000
23,75789221;-0,50544760;-23,32530000
23,76813221;-0,49647510;-22,86905000
23,77837221;-0,49647510;-23,32530000
23,78861221;-0,48753320;-23,32530000
23,79885221;-0,48753320;-23,32530000
23,80909221;-0,47856070;-23,32530000
23,81933221;-0,47856070;-23,78002000
23,82957221;-0,48753320;-23,32530000
23,83981221;-0,46958830;-22,86905000
23,85005221;-0,46958830;-23,32530000
23,86029221;-0,46958830;-22,86905000
23,87053221;-0,46061590;-22,86905000
23,88077221;-0,46061590;-22,86905000
23,89101221;-0,45164340;-23,32530000
23,90125221;-0,46061590;-23,32530000
23,91149221;-0,44267100;-23,32530000
23,92173221;-0,44267100;-22,86905000
23,93197221;-0,44267100;-22,86905000
23,94221221;-0,43369850;-23,32530000
23,95245221;-0,43369850;-22,86905000
23,96269221;-0,43369850;-22,41432000
23,97293221;-0,42472610;-22,41432000
23,98317221;-0,41575370;-22,86905000
23,99341221;-0,41575370;-22,86905000
24,00365221;-0,41575370;-22,41432000
24,01389221;-0,41575370;-22,86905000
24,02413221;-0,41575370;-22,86905000
24,03437221;-0,41575370;-22,41432000
24,04461221;-0,39783930;-22,86905000
24,05485221;-0,39783930;-22,86905000
24,06509221;-0,39783930;-22,86905000
24,07533221;-0,38886680;-22,86905000
24,08557220;-0,37989440;-21,95959000
24,09581220;-0,37989440;-22,41432000
24,10605220;-0,37989440;-22,41432000
24,11629220;-0,37989440;-22,41432000
24,12653220;-0,36194950;-22,41432000
24,13677220;-0,37092200;-21,95959000
24,14701220;-0,36194950;-22,41432000
24,15725220;-0,36194950;-21,95959000
24,16749220;-0,35297710;-22,41432000
24,17773220;-0,36194950;-22,41432000
24,18797220;-0,34400460;-21,95959000
24,19821220;-0,34400460;-22,41432000
24,20845220;-0,34400460;-21,95959000
24,21869220;-0,33503220;-22,41432000
24,22893220;-0,32609030;-21,50487000
24,23917220;-0,32609030;-21,50487000
24,24941220;-0,32609030;-21,50487000
24,25965220;-0,31711780;-21,50487000
24,26989220;-0,31711780;-21,50487000
24,28013220;-0,30814540;-21,95959000
24,29037220;-0,30814540;-21,50487000
24,30061220;-0,30814540;-21,50487000
24,31085220;-0,29020050;-21,50487000
24,32109220;-0,29020050;-21,50487000
24,33133220;-0,29020050;-21,04861000
24,34157220;-0,29020050;-21,50487000
24,35181220;-0,28122810;-21,50487000
24,36205220;-0,27225560;-21,50487000
24,37229220;-0,27225560;-21,50487000
24,38253220;-0,27225560;-22,41432000
24,39277220;-0,27225560;-21,04861000
24,40301220;-0,26328320;-21,50487000
24,41325220;-0,25431070;-21,50487000
24,42349220;-0,25431070;-21,50487000
24,43373220;-0,25431070;-21,04861000
24,44397220;-0,24536880;-21,04861000
24,45421220;-0,23639640;-21,04861000
24,46445220;-0,23639640;-20,59389000
24,47469220;-0,23639640;-21,04861000
24,48493220;-0,22742390;-21,04861000
24,49517220;-0,21845150;-21,04861000
24,50541220;-0,20947900;-20,59389000
24,51565220;-0,21845150;-21,04861000
24,52589220;-0,20050660;-21,04861000
24,53613220;-0,20050660;-20,59389000
24,54637220;-0,20050660;-21,04861000
24,55661220;-0,20050660;-21,04861000
24,56685220;-0,19153420;-20,59389000
24,57709220;-0,19153420;-20,59389000
24,58733220;-0,18256170;-20,59389000
24,59757220;-0,18256170;-20,59389000
24,60781220;-0,17358930;-20,13916000
24,61805220;-0,16464740;-20,59389000
24,62829220;-0,16464740;-20,59389000
24,63853220;-0,16464740;-20,13916000
24,64877220;-0,15567490;-19,68444000
24,65901220;-0,14670250;-20,13916000
24,66925220;-0,14670250;-20,13916000
24,67949220;-0,14670250;-19,68444000
24,68973220;-0,13773000;-20,13916000
24,69997220;-0,14670250;-19,68444000
24,71021220;-0,12875760;-20,13916000
24,72045220;-0,12875760;-19,22819000
24,73069220;-0,11978520;-19,68444000
24,74093220;-0,11978520;-19,68444000
24,75117220;-0,11081270;-19,68444000
24,76141220;-0,11081270;-19,22819000
24,77165220;-0,10184030;-19,22819000
24,78189220;-0,10184030;-19,68444000
24,79213220;-0,09286782;-19,22819000
24,80237220;-0,10184030;-19,22819000
24,81261220;-0,08392590;-19,22819000
24,82285220;-0,08392590;-19,68444000
24,83309220;-0,08392590;-19,68444000
24,84333220;-0,07495346;-19,22819000
24,85357220;-0,07495346;-19,22819000
24,86381220;-0,06598102;-19,22819000
24,87405220;-0,05700858;-19,22819000
24,88429220;-0,05700858;-18,31874000
24,89453220;-0,05700858;-18,31874000
24,90477220;-0,05700858;-18,77346000
24,91501220;-0,03906369;-18,31874000
24,92525220;-0,03906369;-18,77346000
24,93549220;-0,03906369;-18,31874000
24,94573220;-0,03009125;-17,86401000
24,95597220;-0,03009125;-18,31874000
24,96621220;-0,02111881;-17,86401000
24,97645220;-0,02111881;-17,40776000
24,98669220;-0,02111881;-17,86401000
24,99693220;-0,00320444;-17,40776000
25,00717220;-0,00320444;-17,40776000
25,01741220;-0,00320444;-16,95303000
