Tiempo;Canal A;Canal B
(ms);(V);(mV)

-25,00657551;-0,00320444;-15,13260000
-24,99633551;-0,01214637;-14,67788000
-24,98609551;-0,00320444;-14,67788000
-24,97585551;-0,00320444;-14,67788000
-24,96561551;0,01470992;-14,67788000
-24,95537551;0,01470992;-14,22315000
-24,94513551;0,01470992;-14,22315000
-24,93489551;0,01470992;-13,31217000
-24,92465551;0,02368236;-13,31217000
-24,91441551;0,03265481;-12,40272000
-24,90417551;0,03265481;-9,21658900
-24,89393551;0,03265481;5,34531700
-24,88369551;0,04162725;28,10144000
-24,87345551;0,04162725;27,64672000
-24,86321551;0,05059969;23,09488000
-24,85297551;0,05059969;24,46058000
-24,84273551;0,05059969;25,82629000
-24,83249551;0,06854457;24,91531000
-24,82225551;0,06854457;25,37004000
-24,81201551;0,06854457;25,37004000
-24,80177551;0,06854457;25,82629000
-24,79153551;0,08645894;25,37004000
-24,78129551;0,08645894;25,37004000
-24,77105551;0,08645894;25,82629000
-24,76081551;0,08645894;26,28101000
-24,75057551;0,09543138;25,82629000
-24,74033551;0,10440380;26,28101000
-24,73009551;0,10440380;25,82629000
-24,71985551;0,10440380;26,28101000
-24,70961551;0,12234870;26,73574000
-24,69937551;0,12234870;26,28101000
-24,68913551;0,13132110;26,28101000
-24,67889551;0,12234870;26,28101000
-24,66865551;0,13132110;26,73574000
-24,65841551;0,14029360;26,73574000
-24,64817551;0,14029360;26,28101000
-24,63793551;0,14029360;27,19047000
-24,62769551;0,14926600;26,73574000
-24,61745551;0,15823850;27,64672000
-24,60721551;0,15823850;27,19047000
-24,59697551;0,15823850;26,73574000
-24,58673551;0,15823850;27,19047000
-24,57649551;0,17615280;27,64672000
-24,56625551;0,17615280;27,19047000
-24,55601551;0,17615280;27,64672000
-24,54577551;0,18512530;28,10144000
-24,53553551;0,18512530;27,19047000
-24,52529551;0,19409770;27,64672000
-24,51505551;0,20307020;27,64672000
-24,50481551;0,19409770;27,19047000
-24,49457551;0,20307020;28,10144000
-24,48433551;0,21204260;28,10144000
-24,47409551;0,21204260;28,10144000
-24,46385551;0,21204260;28,10144000
-24,45361551;0,22101510;28,10144000
-24,44337551;0,22998750;28,10144000
-24,43313551;0,22998750;28,55617000
-24,42289551;0,22998750;28,55617000
-24,41265551;0,23895990;28,55617000
-24,40241551;0,24790190;28,10144000
-24,39217551;0,24790190;29,01089000
-24,38193551;0,24790190;28,10144000
-24,37169551;0,24790190;29,01089000
-24,36145551;0,24790190;28,55617000
-24,35121551;0,26584670;29,01089000
-24,34097551;0,26584670;28,55617000
-24,33073551;0,26584670;29,01089000
-24,32049551;0,27481920;29,01089000
-24,31025551;0,28379160;29,01089000
-24,30001551;0,28379160;29,01089000
-24,28977551;0,28379160;29,01089000
-24,27953551;0,30173650;29,46715000
-24,26929551;0,29276410;29,01089000
-24,25905551;0,30173650;29,46715000
-24,24881551;0,30173650;29,01089000
-24,23857551;0,31070890;29,01089000
-24,22833551;0,31070890;29,01089000
-24,21809551;0,31968140;29,46715000
-24,20785551;0,31968140;29,46715000
-24,19761551;0,32862330;29,46715000
-24,18737551;0,32862330;29,46715000
-24,17713551;0,32862330;29,01089000
-24,16689552;0,33759580;29,01089000
-24,15665552;0,33759580;29,46715000
-24,14641552;0,34656820;29,46715000
-24,13617552;0,35554060;29,46715000
-24,12593552;0,35554060;29,92187000
-24,11569552;0,35554060;29,46715000
-24,10545552;0,35554060;29,46715000
-24,09521552;0,35554060;29,46715000
-24,08497552;0,36451310;29,92187000
-24,07473552;0,37348550;29,46715000
-24,06449552;0,37348550;29,01089000
-24,05425552;0,38245800;29,92187000
-24,04401552;0,38245800;29,46715000
-24,03377552;0,39143040;30,37660000
-24,02353552;0,39143040;29,46715000
-24,01329552;0,39143040;29,92187000
-24,00305552;0,40040280;30,37660000
-23,99281552;0,40040280;30,37660000
-23,98257552;0,40934480;30,37660000
-23,97233552;0,40934480;29,92187000
-23,96209552;0,40934480;29,92187000
-23,95185552;0,42728970;29,92187000
-23,94161552;0,42728970;29,92187000
-23,93137552;0,42728970;29,92187000
-23,92113552;0,42728970;29,92187000
-23,91089552;0,43626210;29,92187000
-23,90065552;0,44523450;29,92187000
-23,89041552;0,43626210;29,92187000
-23,88017552;0,44523450;29,92187000
-23,86993552;0,44523450;30,37660000
-23,85969552;0,45420700;30,37660000
-23,84945552;0,45420700;29,92187000
-23,83921552;0,46317940;29,46715000
-23,82897552;0,46317940;30,37660000
-23,81873552;0,46317940;29,92187000
-23,80849552;0,46317940;29,92187000
-23,79825552;0,47215180;29,92187000
-23,78801552;0,48112430;30,37660000
-23,77777552;0,48112430;30,83132000
-23,76753552;0,48112430;30,37660000
-23,75729552;0,49006620;30,83132000
-23,74705552;0,49006620;29,92187000
-23,73681552;0,49903870;30,83132000
-23,72657552;0,49903870;29,92187000
-23,71633552;0,49903870;30,83132000
-23,70609552;0,50801110;30,37660000
-23,69585552;0,50801110;30,37660000
-23,68561552;0,51698360;30,37660000
-23,67537552;0,51698360;30,37660000
-23,66513552;0,51698360;29,92187000
-23,65489552;0,52595600;30,83132000
-23,64465552;0,51698360;30,83132000
-23,63441552;0,53492840;31,28757000
-23,62417552;0,53492840;30,37660000
-23,61393552;0,53492840;30,37660000
-23,60369552;0,53492840;30,83132000
-23,59345552;0,53492840;30,37660000
-23,58321552;0,55287330;30,37660000
-23,57297552;0,55287330;30,83132000
-23,56273552;0,55287330;30,83132000
-23,55249552;0,55287330;30,83132000
-23,54225552;0,56184580;30,83132000
-23,53201552;0,57081820;31,28757000
-23,52177552;0,57081820;31,28757000
-23,51153552;0,57081820;30,37660000
-23,50129552;0,57081820;30,83132000
-23,49105552;0,57081820;30,83132000
-23,48081552;0,58873250;30,83132000
-23,47057552;0,58873250;30,83132000
-23,46033552;0,58873250;31,28757000
-23,45009552;0,58873250;31,28757000
-23,43985552;0,59770500;30,83132000
-23,42961552;0,58873250;30,83132000
-23,41937552;0,60667750;31,28757000
-23,40913552;0,60667750;30,83132000
-23,39889552;0,60667750;30,83132000
-23,38865552;0,60667750;30,83132000
-23,37841552;0,60667750;31,28757000
-23,36817552;0,61564990;30,83132000
-23,35793552;0,61564990;30,83132000
-23,34769552;0,62462230;30,83132000
-23,33745552;0,62462230;30,83132000
-23,32721552;0,62462230;31,28757000
-23,31697552;0,63359480;30,83132000
-23,30673552;0,64256720;30,83132000
-23,29649552;0,63359480;31,28757000
-23,28625552;0,64256720;31,28757000
-23,27601552;0,64256720;31,28757000
-23,26577552;0,64256720;31,28757000
-23,25553552;0,65153970;30,83132000
-23,24529552;0,64256720;31,28757000
-23,23505552;0,65153970;30,83132000
-23,22481552;0,66048160;31,28757000
-23,21457552;0,66048160;31,28757000
-23,20433552;0,66048160;31,74230000
-23,19409552;0,66048160;31,28757000
-23,18385552;0,66945400;31,28757000
-23,17361552;0,66945400;30,83132000
-23,16337552;0,66945400;30,83132000
-23,15313552;0,67842640;30,83132000
-23,14289552;0,67842640;31,28757000
-23,13265552;0,67842640;31,74230000
-23,12241552;0,67842640;30,83132000
-23,11217552;0,69637140;30,83132000
-23,10193552;0,67842640;31,74230000
-23,09169552;0,69637140;31,28757000
-23,08145552;0,69637140;31,28757000
-23,07121552;0,69637140;30,83132000
-23,06097552;0,69637140;31,28757000
-23,05073552;0,69637140;31,28757000
-23,04049552;0,70534380;30,83132000
-23,03025552;0,71431620;31,28757000
-23,02001552;0,70534380;31,28757000
-23,00977552;0,71431620;31,28757000
-22,99953552;0,71431620;31,28757000
-22,98929552;0,71431620;31,28757000
-22,97905552;0,71431620;31,28757000
-22,96881552;0,71431620;31,28757000
-22,95857552;0,71431620;31,74230000
-22,94833552;0,73226110;31,28757000
-22,93809552;0,73226110;31,28757000
-22,92785552;0,73226110;30,83132000
-22,91761552;0,73226110;31,28757000
-22,90737552;0,73226110;31,28757000
-22,89713552;0,73226110;31,74230000
-22,88689552;0,74120300;31,28757000
-22,87665552;0,73226110;31,28757000
-22,86641552;0,74120300;30,83132000
-22,85617552;0,75017550;30,83132000
-22,84593552;0,75017550;31,28757000
-22,83569552;0,75017550;31,28757000
-22,82545552;0,75017550;31,28757000
-22,81521552;0,75017550;30,83132000
-22,80497552;0,75017550;31,28757000
-22,79473552;0,75914790;31,28757000
-22,78449552;0,75017550;31,28757000
-22,77425552;0,75914790;31,28757000
-22,76401552;0,76812030;30,83132000
-22,75377552;0,76812030;31,74230000
-22,74353552;0,77709280;31,28757000
-22,73329552;0,76812030;31,74230000
-22,72305552;0,76812030;31,28757000
-22,71281552;0,76812030;31,74230000
-22,70257552;0,76812030;31,28757000
-22,69233552;0,76812030;31,28757000
-22,68209552;0,77709280;31,28757000
-22,67185552;0,77709280;31,74230000
-22,66161552;0,77709280;31,28757000
-22,65137552;0,78606520;31,74230000
-22,64113552;0,78606520;31,28757000
-22,63089552;0,78606520;31,28757000
-22,62065552;0,78606520;31,28757000
-22,61041552;0,79503770;31,74230000
-22,60017552;0,78606520;31,28757000
-22,58993552;0,78606520;31,28757000
-22,57969552;0,78606520;31,74230000
-22,56945552;0,80401020;31,74230000
-22,55921552;0,80401020;31,28757000
-22,54897552;0,79503770;31,28757000
-22,53873552;0,80401020;31,28757000
-22,52849552;0,79503770;31,28757000
-22,51825553;0,80401020;31,74230000
-22,50801553;0,80401020;31,28757000
-22,49777553;0,80401020;31,74230000
-22,48753553;0,80401020;31,28757000
-22,47729553;0,80401020;31,74230000
-22,46705553;0,81298260;30,83132000
-22,45681553;0,81298260;31,28757000
-22,44657553;0,81298260;31,28757000
-22,43633553;0,82192450;31,28757000
-22,42609553;0,82192450;31,28757000
-22,41585553;0,81298260;30,83132000
-22,40561553;0,82192450;31,28757000
-22,39537553;0,82192450;31,28757000
-22,38513553;0,82192450;31,74230000
-22,37489553;0,82192450;31,74230000
-22,36465553;0,82192450;31,28757000
-22,35441553;0,82192450;31,28757000
-22,34417553;0,82192450;30,83132000
-22,33393553;0,82192450;31,28757000
-22,32369553;0,82192450;31,74230000
-22,31345553;0,82192450;30,83132000
-22,30321553;0,83089690;31,28757000
-22,29297553;0,83089690;31,28757000
-22,28273553;0,83986940;31,28757000
-22,27249553;0,83089690;31,28757000
-22,26225553;0,83986940;31,74230000
-22,25201553;0,83089690;31,74230000
-22,24177553;0,83089690;31,74230000
-22,23153553;0,83986940;30,83132000
-22,22129553;0,83986940;31,28757000
-22,21105553;0,83986940;31,28757000
-22,20081553;0,83986940;31,28757000
-22,19057553;0,83986940;31,28757000
-22,18033553;0,83986940;31,28757000
-22,17009553;0,83986940;30,83132000
-22,15985553;0,83986940;31,28757000
-22,14961553;0,83986940;31,28757000
-22,13937553;0,83986940;31,28757000
-22,12913553;0,83986940;31,28757000
-22,11889553;0,84884180;31,28757000
-22,10865553;0,84884180;31,28757000
-22,09841553;0,83986940;31,28757000
-22,08817553;0,84884180;31,28757000
-22,07793553;0,84884180;31,28757000
-22,06769553;0,84884180;30,83132000
-22,05745553;0,84884180;31,28757000
-22,04721553;0,83986940;30,83132000
-22,03697553;0,84884180;31,28757000
-22,02673553;0,84884180;30,83132000
-22,01649553;0,84884180;31,74230000
-22,00625553;0,85781430;31,74230000
-21,99601553;0,84884180;31,74230000
-21,98577553;0,85781430;30,83132000
-21,97553553;0,85781430;31,74230000
-21,96529553;0,85781430;31,28757000
-21,95505553;0,85781430;31,28757000
-21,94481553;0,84884180;31,28757000
-21,93457553;0,85781430;31,28757000
-21,92433553;0,85781430;31,74230000
-21,91409553;0,85781430;30,83132000
-21,90385553;0,84884180;31,28757000
-21,89361553;0,85781430;31,28757000
-21,88337553;0,85781430;31,28757000
-21,87313553;0,85781430;30,83132000
-21,86289553;0,84884180;31,74230000
-21,85265553;0,85781430;31,28757000
-21,84241553;0,85781430;31,28757000
-21,83217553;0,85781430;30,83132000
-21,82193553;0,85781430;30,83132000
-21,81169553;0,85781430;31,28757000
-21,80145553;0,85781430;31,28757000
-21,79121553;0,84884180;30,83132000
-21,78097553;0,84884180;31,28757000
-21,77073553;0,84884180;31,28757000
-21,76049553;0,84884180;31,28757000
-21,75025553;0,85781430;31,28757000
-21,74001553;0,84884180;31,28757000
-21,72977553;0,85781430;31,28757000
-21,71953553;0,84884180;31,28757000
-21,70929553;0,84884180;31,74230000
-21,69905553;0,85781430;31,28757000
-21,68881553;0,84884180;31,28757000
-21,67857553;0,85781430;30,83132000
-21,66833553;0,84884180;31,28757000
-21,65809553;0,84884180;31,28757000
-21,64785553;0,84884180;31,28757000
-21,63761553;0,83986940;31,28757000
-21,62737553;0,84884180;31,28757000
-21,61713553;0,84884180;31,28757000
-21,60689553;0,84884180;31,28757000
-21,59665553;0,83986940;31,28757000
-21,58641553;0,83986940;31,28757000
-21,57617553;0,83986940;30,83132000
-21,56593553;0,84884180;31,28757000
-21,55569553;0,83986940;31,28757000
-21,54545553;0,83986940;31,28757000
-21,53521553;0,83986940;31,28757000
-21,52497553;0,83986940;31,28757000
-21,51473553;0,83986940;31,28757000
-21,50449553;0,83986940;30,83132000
-21,49425553;0,83986940;30,83132000
-21,48401553;0,83986940;30,37660000
-21,47377553;0,83986940;31,28757000
-21,46353553;0,83986940;31,28757000
-21,45329553;0,83089690;31,28757000
-21,44305553;0,83986940;30,37660000
-21,43281553;0,83089690;30,83132000
-21,42257553;0,83986940;31,74230000
-21,41233553;0,83089690;31,28757000
-21,40209553;0,83089690;31,28757000
-21,39185553;0,83089690;30,83132000
-21,38161553;0,83089690;30,83132000
-21,37137553;0,82192450;30,83132000
-21,36113553;0,82192450;31,74230000
-21,35089553;0,82192450;30,83132000
-21,34065553;0,82192450;30,83132000
-21,33041553;0,82192450;31,28757000
-21,32017553;0,82192450;31,28757000
-21,30993553;0,82192450;30,83132000
-21,29969553;0,82192450;30,83132000
-21,28945553;0,82192450;31,28757000
-21,27921553;0,82192450;31,28757000
-21,26897553;0,82192450;30,83132000
-21,25873553;0,81298260;30,83132000
-21,24849553;0,80401020;30,83132000
-21,23825553;0,81298260;31,28757000
-21,22801553;0,81298260;30,83132000
-21,21777553;0,81298260;30,83132000
-21,20753553;0,81298260;30,83132000
-21,19729553;0,80401020;30,83132000
-21,18705553;0,80401020;30,83132000
-21,17681553;0,80401020;31,28757000
-21,16657553;0,80401020;30,83132000
-21,15633553;0,78606520;30,37660000
-21,14609553;0,79503770;31,28757000
-21,13585553;0,80401020;30,83132000
-21,12561553;0,80401020;30,83132000
-21,11537553;0,80401020;30,83132000
-21,10513553;0,79503770;30,83132000
-21,09489553;0,78606520;30,83132000
-21,08465553;0,78606520;30,83132000
-21,07441553;0,78606520;31,28757000
-21,06417553;0,78606520;30,83132000
-21,05393553;0,78606520;31,28757000
-21,04369553;0,78606520;30,83132000
-21,03345553;0,78606520;30,83132000
-21,02321553;0,77709280;30,83132000
-21,01297553;0,77709280;30,83132000
-21,00273553;0,77709280;30,83132000
-20,99249553;0,76812030;30,37660000
-20,98225553;0,77709280;30,37660000
-20,97201553;0,76812030;30,83132000
-20,96177553;0,76812030;30,83132000
-20,95153553;0,76812030;30,37660000
-20,94129553;0,76812030;30,83132000
-20,93105553;0,75914790;30,37660000
-20,92081553;0,75017550;30,37660000
-20,91057553;0,75914790;30,83132000
-20,90033553;0,75914790;30,83132000
-20,89009553;0,75017550;30,37660000
-20,87985553;0,75017550;30,83132000
-20,86961554;0,75017550;30,83132000
-20,85937554;0,75017550;30,37660000
-20,84913554;0,75017550;31,28757000
-20,83889554;0,74120300;30,37660000
-20,82865554;0,75017550;30,83132000
-20,81841554;0,74120300;30,37660000
-20,80817554;0,75017550;30,37660000
-20,79793554;0,73226110;30,83132000
-20,78769554;0,74120300;30,37660000
-20,77745554;0,73226110;30,83132000
-20,76721554;0,73226110;30,37660000
-20,75697554;0,73226110;30,83132000
-20,74673554;0,72328870;30,37660000
-20,73649554;0,72328870;30,83132000
-20,72625554;0,71431620;30,37660000
-20,71601554;0,71431620;30,83132000
-20,70577554;0,71431620;30,83132000
-20,69553554;0,71431620;30,83132000
-20,68529554;0,71431620;30,83132000
-20,67505554;0,71431620;30,37660000
-20,66481554;0,70534380;30,37660000
-20,65457554;0,70534380;30,37660000
-20,64433554;0,70534380;30,37660000
-20,63409554;0,69637140;30,37660000
-20,62385554;0,69637140;30,37660000
-20,61361554;0,69637140;31,28757000
-20,60337554;0,69637140;30,37660000
-20,59313554;0,68739890;30,37660000
-20,58289554;0,68739890;30,83132000
-20,57265554;0,67842640;30,83132000
-20,56241554;0,67842640;30,83132000
-20,55217554;0,67842640;30,83132000
-20,54193554;0,67842640;30,37660000
-20,53169554;0,67842640;30,83132000
-20,52145554;0,66945400;30,37660000
-20,51121554;0,66945400;30,37660000
-20,50097554;0,66048160;30,37660000
-20,49073554;0,66048160;29,92187000
-20,48049554;0,66048160;30,37660000
-20,47025554;0,66048160;30,37660000
-20,46001554;0,66048160;30,37660000
-20,44977554;0,66048160;30,37660000
-20,43953554;0,64256720;30,37660000
-20,42929554;0,64256720;30,83132000
-20,41905554;0,64256720;30,83132000
-20,40881554;0,64256720;29,92187000
-20,39857554;0,64256720;30,37660000
-20,38833554;0,64256720;30,37660000
-20,37809554;0,62462230;30,37660000
-20,36785554;0,63359480;29,92187000
-20,35761554;0,62462230;30,37660000
-20,34737554;0,62462230;29,92187000
-20,33713554;0,62462230;30,37660000
-20,32689554;0,61564990;30,37660000
-20,31665554;0,61564990;30,37660000
-20,30641554;0,61564990;30,37660000
-20,29617554;0,60667750;30,37660000
-20,28593554;0,60667750;30,37660000
-20,27569554;0,60667750;29,92187000
-20,26545554;0,59770500;29,92187000
-20,25521554;0,59770500;30,37660000
-20,24497554;0,59770500;29,92187000
-20,23473554;0,58873250;29,46715000
-20,22449554;0,58873250;29,46715000
-20,21425554;0,57976010;30,37660000
-20,20401554;0,58873250;29,92187000
-20,19377554;0,57081820;29,46715000
-20,18353554;0,57081820;29,92187000
-20,17329554;0,57081820;29,92187000
-20,16305554;0,57081820;29,92187000
-20,15281554;0,56184580;29,92187000
-20,14257554;0,56184580;29,92187000
-20,13233554;0,55287330;29,92187000
-20,12209554;0,55287330;29,92187000
-20,11185554;0,54390080;29,46715000
-20,10161554;0,55287330;29,46715000
-20,09137554;0,54390080;29,92187000
-20,08113554;0,53492840;29,46715000
-20,07089554;0,53492840;29,46715000
-20,06065554;0,53492840;29,92187000
-20,05041554;0,53492840;30,37660000
-20,04017554;0,52595600;29,46715000
-20,02993554;0,52595600;30,37660000
-20,01969554;0,51698360;29,92187000
-20,00945554;0,51698360;29,46715000
-19,99921554;0,51698360;29,01089000
-19,98897554;0,51698360;29,46715000
-19,97873554;0,49903870;29,92187000
-19,96849554;0,49903870;29,01089000
-19,95825554;0,49903870;29,46715000
-19,94801554;0,49903870;29,92187000
-19,93777554;0,49006620;29,01089000
-19,92753554;0,49006620;29,46715000
-19,91729554;0,48112430;29,46715000
-19,90705554;0,48112430;29,01089000
-19,89681554;0,47215180;29,46715000
-19,88657554;0,47215180;29,46715000
-19,87633554;0,46317940;29,46715000
-19,86609554;0,46317940;29,01089000
-19,85585554;0,45420700;29,01089000
-19,84561554;0,45420700;29,46715000
-19,83537554;0,45420700;29,01089000
-19,82513554;0,44523450;29,46715000
-19,81489554;0,44523450;29,46715000
-19,80465554;0,44523450;29,01089000
-19,79441554;0,44523450;29,46715000
-19,78417554;0,42728970;29,01089000
-19,77393554;0,42728970;29,01089000
-19,76369554;0,42728970;29,01089000
-19,75345554;0,42728970;29,01089000
-19,74321554;0,41831720;28,10144000
-19,73297554;0,41831720;28,55617000
-19,72273554;0,40934480;29,46715000
-19,71249554;0,40934480;29,01089000
-19,70225554;0,40040280;28,55617000
-19,69201554;0,40040280;29,01089000
-19,68177554;0,39143040;29,01089000
-19,67153554;0,39143040;29,01089000
-19,66129554;0,39143040;29,01089000
-19,65105554;0,39143040;28,55617000
-19,64081554;0,38245800;29,01089000
-19,63057554;0,38245800;29,01089000
-19,62033554;0,37348550;29,01089000
-19,61009554;0,37348550;28,10144000
-19,59985554;0,37348550;28,10144000
-19,58961554;0,35554060;28,10144000
-19,57937554;0,35554060;28,55617000
-19,56913554;0,35554060;28,10144000
-19,55889554;0,35554060;28,55617000
-19,54865554;0,34656820;28,55617000
-19,53841554;0,33759580;28,10144000
-19,52817554;0,33759580;28,10144000
-19,51793554;0,33759580;28,55617000
-19,50769554;0,33759580;28,10144000
-19,49745554;0,31968140;28,10144000
-19,48721554;0,31968140;28,10144000
-19,47697554;0,31968140;28,10144000
-19,46673554;0,31968140;28,10144000
-19,45649554;0,31070890;28,10144000
-19,44625554;0,30173650;28,10144000
-19,43601554;0,30173650;28,10144000
-19,42577554;0,30173650;27,64672000
-19,41553554;0,28379160;28,10144000
-19,40529554;0,28379160;28,10144000
-19,39505554;0,28379160;27,64672000
-19,38481554;0,28379160;27,64672000
-19,37457554;0,27481920;27,19047000
-19,36433554;0,26584670;27,64672000
-19,35409554;0,26584670;27,64672000
-19,34385554;0,26584670;27,19047000
-19,33361554;0,25687430;27,19047000
-19,32337554;0,25687430;27,19047000
-19,31313554;0,24790190;27,19047000
-19,30289554;0,24790190;27,19047000
-19,29265554;0,24790190;27,19047000
-19,28241554;0,23895990;27,19047000
-19,27217554;0,23895990;27,19047000
-19,26193554;0,22998750;27,19047000
-19,25169554;0,22998750;27,19047000
-19,24145554;0,22998750;26,73574000
-19,23121555;0,21204260;27,19047000
-19,22097555;0,21204260;26,73574000
-19,21073555;0,21204260;26,73574000
-19,20049555;0,20307020;26,73574000
-19,19025555;0,21204260;26,28101000
-19,18001555;0,19409770;26,28101000
-19,16977555;0,19409770;26,73574000
-19,15953555;0,18512530;26,28101000
-19,14929555;0,18512530;26,73574000
-19,13905555;0,17615280;26,28101000
-19,12881555;0,17615280;26,28101000
-19,11857555;0,17615280;25,82629000
-19,10833555;0,16718040;26,28101000
-19,09809555;0,15823850;26,28101000
-19,08785555;0,15823850;26,28101000
-19,07761555;0,15823850;26,28101000
-19,06737555;0,15823850;26,28101000
-19,05713555;0,14029360;25,82629000
-19,04689555;0,14029360;25,82629000
-19,03665555;0,14029360;25,82629000
-19,02641555;0,14029360;25,37004000
-19,01617555;0,12234870;25,82629000
-19,00593555;0,12234870;25,37004000
-18,99569555;0,12234870;25,82629000
-18,98545555;0,11337630;25,37004000
-18,97521555;0,11337630;25,37004000
-18,96497555;0,10440380;25,37004000
-18,95473555;0,10440380;24,91531000
-18,94449555;0,10440380;25,37004000
-18,93425555;0,10440380;24,46058000
-18,92401555;0,08645894;24,46058000
-18,91377555;0,08645894;25,37004000
-18,90353555;0,08645894;25,37004000
-18,89329555;0,07751702;24,46058000
-18,88305555;0,07751702;24,46058000
-18,87281555;0,06854457;24,91531000
-18,86257555;0,06854457;24,46058000
-18,85233555;0,05957213;24,00586000
-18,84209555;0,05059969;24,00586000
-18,83185555;0,05059969;23,09488000
-18,82161555;0,05059969;24,00586000
-18,81137555;0,05059969;23,54961000
-18,80113555;0,03265481;23,09488000
-18,79089555;0,03265481;24,00586000
-18,78065555;0,03265481;23,09488000
-18,77041555;0,03265481;23,09488000
-18,76017555;0,01470992;23,09488000
-18,74993555;0,01470992;22,64016000
-18,73969555;0,01470992;22,64016000
-18,72945555;0,01470992;22,18543000
-18,71921555;0,01470992;22,18543000
-18,70897555;-0,00320444;21,72918000
-18,69873555;-0,00320444;21,72918000
-18,68849555;-0,01214637;21,27445000
-18,67825555;-0,02111881;20,36500000
-18,66801555;-0,02111881;16,26789000
-18,65777555;-0,02111881;-0,11444440
-18,64753555;-0,03009125;-20,59389000
-18,63729555;-0,03009125;-18,77346000
-18,62705555;-0,03906369;-15,58733000
-18,61681555;-0,03906369;-16,49831000
-18,60657555;-0,03906369;-16,95303000
-18,59633555;-0,04803614;-16,95303000
-18,58609555;-0,05700858;-16,95303000
-18,57585555;-0,05700858;-17,40776000
-18,56561555;-0,05700858;-17,86401000
-18,55537555;-0,07495346;-17,40776000
-18,54513555;-0,07495346;-17,40776000
-18,53489555;-0,07495346;-17,86401000
-18,52465555;-0,07495346;-17,86401000
-18,51441555;-0,08392590;-18,31874000
-18,50417555;-0,09286782;-18,31874000
-18,49393555;-0,09286782;-17,86401000
-18,48369555;-0,10184030;-18,31874000
-18,47345555;-0,11081270;-18,77346000
-18,46321555;-0,11081270;-18,77346000
-18,45297555;-0,11081270;-19,22819000
-18,44273555;-0,11081270;-19,22819000
-18,43249555;-0,11978520;-19,22819000
-18,42225555;-0,12875760;-18,77346000
-18,41201555;-0,12875760;-19,22819000
-18,40177555;-0,12875760;-19,22819000
-18,39153555;-0,12875760;-19,22819000
-18,38129555;-0,14670250;-19,22819000
-18,37105555;-0,14670250;-19,22819000
-18,36081555;-0,14670250;-19,68444000
-18,35057555;-0,14670250;-19,68444000
-18,34033555;-0,15567490;-19,68444000
-18,33009555;-0,16464740;-19,68444000
-18,31985555;-0,16464740;-19,68444000
-18,30961555;-0,16464740;-19,68444000
-18,29937555;-0,18256170;-19,68444000
-18,28913555;-0,18256170;-19,68444000
-18,27889555;-0,18256170;-20,13916000
-18,26865555;-0,18256170;-19,68444000
-18,25841555;-0,19153420;-20,13916000
-18,24817555;-0,19153420;-20,13916000
-18,23793555;-0,20050660;-20,13916000
-18,22769555;-0,20050660;-20,13916000
-18,21745555;-0,20947900;-19,68444000
-18,20721555;-0,21845150;-20,59389000
-18,19697555;-0,21845150;-20,59389000
-18,18673555;-0,21845150;-20,59389000
-18,17649555;-0,22742390;-20,59389000
-18,16625555;-0,22742390;-20,13916000
-18,15601555;-0,23639640;-20,59389000
-18,14577555;-0,23639640;-20,59389000
-18,13553555;-0,24536880;-21,04861000
-18,12529555;-0,25431070;-21,04861000
-18,11505555;-0,25431070;-20,59389000
-18,10481555;-0,25431070;-21,04861000
-18,09457555;-0,25431070;-21,04861000
-18,08433555;-0,26328320;-20,59389000
-18,07409555;-0,27225560;-20,59389000
-18,06385555;-0,27225560;-21,50487000
-18,05361555;-0,27225560;-21,04861000
-18,04337555;-0,28122810;-21,04861000
-18,03313555;-0,28122810;-21,04861000
-18,02289555;-0,29020050;-21,04861000
-18,01265555;-0,29020050;-21,50487000
-18,00241555;-0,29917290;-21,50487000
-17,99217555;-0,29917290;-21,50487000
-17,98193555;-0,30814540;-21,04861000
-17,97169555;-0,30814540;-21,50487000
-17,96145555;-0,30814540;-21,50487000
-17,95121555;-0,31711780;-21,50487000
-17,94097555;-0,32609030;-21,04861000
-17,93073555;-0,32609030;-21,50487000
-17,92049555;-0,32609030;-21,50487000
-17,91025555;-0,33503220;-21,50487000
-17,90001555;-0,34400460;-21,50487000
-17,88977555;-0,33503220;-21,95959000
-17,87953555;-0,34400460;-21,95959000
-17,86929555;-0,34400460;-21,95959000
-17,85905555;-0,35297710;-21,95959000
-17,84881555;-0,36194950;-21,50487000
-17,83857555;-0,36194950;-21,95959000
-17,82833555;-0,36194950;-21,95959000
-17,81809555;-0,37092200;-21,95959000
-17,80785555;-0,37092200;-21,95959000
-17,79761555;-0,37989440;-21,50487000
-17,78737555;-0,37989440;-21,95959000
-17,77713555;-0,39783930;-22,41432000
-17,76689555;-0,39783930;-22,41432000
-17,75665555;-0,39783930;-21,50487000
-17,74641555;-0,39783930;-21,95959000
-17,73617555;-0,39783930;-22,86905000
-17,72593555;-0,40681170;-22,41432000
-17,71569555;-0,40681170;-21,95959000
-17,70545555;-0,41575370;-21,95959000
-17,69521555;-0,41575370;-21,95959000
-17,68497555;-0,41575370;-22,41432000
-17,67473555;-0,42472610;-21,95959000
-17,66449555;-0,42472610;-22,41432000
-17,65425555;-0,43369850;-22,41432000
-17,64401555;-0,43369850;-21,95959000
-17,63377555;-0,43369850;-21,95959000
-17,62353555;-0,44267100;-22,86905000
-17,61329555;-0,45164340;-21,95959000
-17,60305555;-0,44267100;-21,95959000
-17,59281555;-0,46061590;-22,86905000
-17,58257556;-0,45164340;-22,86905000
-17,57233556;-0,46061590;-22,41432000
-17,56209556;-0,46958830;-22,86905000
-17,55185556;-0,46958830;-22,41432000
-17,54161556;-0,46958830;-22,86905000
-17,53137556;-0,46958830;-22,41432000
-17,52113556;-0,46958830;-22,41432000
-17,51089556;-0,46958830;-22,86905000
-17,50065556;-0,48753320;-22,86905000
-17,49041556;-0,48753320;-22,86905000
-17,48017556;-0,48753320;-22,86905000
-17,46993556;-0,48753320;-22,86905000
-17,45969556;-0,50544760;-22,86905000
-17,44945556;-0,50544760;-22,86905000
-17,43921556;-0,50544760;-22,86905000
-17,42897556;-0,50544760;-22,41432000
-17,41873556;-0,50544760;-22,86905000
-17,40849556;-0,51442000;-22,86905000
-17,39825556;-0,52339240;-22,86905000
-17,38801556;-0,52339240;-22,41432000
-17,37777556;-0,52339240;-22,86905000
-17,36753556;-0,53236490;-21,95959000
-17,35729556;-0,54133730;-22,86905000
-17,34705556;-0,53236490;-22,86905000
-17,33681556;-0,54133730;-23,32530000
-17,32657556;-0,55030980;-22,86905000
-17,31633556;-0,54133730;-22,86905000
-17,30609556;-0,55030980;-22,86905000
-17,29585556;-0,55928220;-23,32530000
-17,28561556;-0,55928220;-22,86905000
-17,27537556;-0,55928220;-23,32530000
-17,26513556;-0,55928220;-22,86905000
-17,25489556;-0,56825460;-23,32530000
-17,24465556;-0,55928220;-23,32530000
-17,23441556;-0,57722710;-23,32530000
-17,22417556;-0,57722710;-22,86905000
-17,21393556;-0,57722710;-23,32530000
-17,20369556;-0,58616900;-22,86905000
-17,19345556;-0,58616900;-23,32530000
-17,18321556;-0,59514150;-22,86905000
-17,17297556;-0,59514150;-22,86905000
-17,16273556;-0,59514150;-22,86905000
-17,15249556;-0,59514150;-23,32530000
-17,14225556;-0,60411390;-22,86905000
-17,13201556;-0,61308630;-23,32530000
-17,12177556;-0,61308630;-22,86905000
-17,11153556;-0,61308630;-23,32530000
-17,10129556;-0,61308630;-23,32530000
-17,09105556;-0,61308630;-22,86905000
-17,08081556;-0,62205870;-22,86905000
-17,07057556;-0,62205870;-23,32530000
-17,06033556;-0,62205870;-23,32530000
-17,05009556;-0,63103120;-22,86905000
-17,03985556;-0,63103120;-22,86905000
-17,02961556;-0,64000370;-23,32530000
-17,01937556;-0,64897610;-23,32530000
-17,00913556;-0,64897610;-23,78002000
-16,99889556;-0,64897610;-23,32530000
-16,98865556;-0,64897610;-23,32530000
-16,97841556;-0,64897610;-23,32530000
-16,96817556;-0,64897610;-22,86905000
-16,95793556;-0,65794860;-23,32530000
-16,94769556;-0,65794860;-23,32530000
-16,93745556;-0,65794860;-22,86905000
-16,92721556;-0,66689040;-23,32530000
-16,91697556;-0,66689040;-23,32530000
-16,90673556;-0,66689040;-23,78002000
-16,89649556;-0,67586290;-23,78002000
-16,88625556;-0,67586290;-23,32530000
-16,87601556;-0,67586290;-23,32530000
-16,86577556;-0,68483540;-23,32530000
-16,85553556;-0,68483540;-22,86905000
-16,84529556;-0,68483540;-23,32530000
-16,83505556;-0,69380780;-22,86905000
-16,82481556;-0,68483540;-23,78002000
-16,81457556;-0,69380780;-23,78002000
-16,80433556;-0,70278020;-22,86905000
-16,79409556;-0,70278020;-23,78002000
-16,78385556;-0,69380780;-22,86905000
-16,77361556;-0,70278020;-23,78002000
-16,76337556;-0,70278020;-23,32530000
-16,75313556;-0,70278020;-23,32530000
-16,74289556;-0,70278020;-23,32530000
-16,73265556;-0,71175270;-23,32530000
-16,72241556;-0,72072510;-23,32530000
-16,71217556;-0,72072510;-23,78002000
-16,70193556;-0,72072510;-23,78002000
-16,69169556;-0,72072510;-23,32530000
-16,68145556;-0,72072510;-23,32530000
-16,67121556;-0,72072510;-23,32530000
-16,66097556;-0,72969760;-23,32530000
-16,65073556;-0,72969760;-23,78002000
-16,64049556;-0,73867000;-23,78002000
-16,63025556;-0,72969760;-23,32530000
-16,62001556;-0,73867000;-23,32530000
-16,60977556;-0,73867000;-23,32530000
-16,59953556;-0,73867000;-23,78002000
-16,58929556;-0,74761190;-23,78002000
-16,57905556;-0,74761190;-23,78002000
-16,56881556;-0,73867000;-23,78002000
-16,55857556;-0,75658430;-23,32530000
-16,54833556;-0,75658430;-23,32530000
-16,53809556;-0,75658430;-23,32530000
-16,52785556;-0,75658430;-23,78002000
-16,51761556;-0,74761190;-23,32530000
-16,50737556;-0,75658430;-23,32530000
-16,49713556;-0,75658430;-23,32530000
-16,48689556;-0,75658430;-23,78002000
-16,47665556;-0,77452930;-22,86905000
-16,46641556;-0,77452930;-23,32530000
-16,45617556;-0,77452930;-23,78002000
-16,44593556;-0,76555680;-23,32530000
-16,43569556;-0,77452930;-23,32530000
-16,42545556;-0,77452930;-23,32530000
-16,41521556;-0,77452930;-23,32530000
-16,40497556;-0,77452930;-23,32530000
-16,39473556;-0,77452930;-23,32530000
-16,38449556;-0,78350170;-23,32530000
-16,37425556;-0,78350170;-23,32530000
-16,36401556;-0,77452930;-23,32530000
-16,35377556;-0,78350170;-23,78002000
-16,34353556;-0,79247420;-23,32530000
-16,33329556;-0,79247420;-23,32530000
-16,32305556;-0,79247420;-23,32530000
-16,31281556;-0,79247420;-23,78002000
-16,30257556;-0,79247420;-23,78002000
-16,29233556;-0,79247420;-23,32530000
-16,28209556;-0,79247420;-23,32530000
-16,27185556;-0,79247420;-23,32530000
-16,26161556;-0,79247420;-23,32530000
-16,25137556;-0,80144660;-23,32530000
-16,24113556;-0,81041900;-23,78002000
-16,23089556;-0,80144660;-23,32530000
-16,22065556;-0,80144660;-23,78002000
-16,21041556;-0,81041900;-23,32530000
-16,20017556;-0,81041900;-23,78002000
-16,18993556;-0,81041900;-23,78002000
-16,17969556;-0,81939150;-23,78002000
-16,16945556;-0,81041900;-23,78002000
-16,15921556;-0,81041900;-23,78002000
-16,14897556;-0,81041900;-23,32530000
-16,13873556;-0,81939150;-23,78002000
-16,12849556;-0,81041900;-23,32530000
-16,11825556;-0,81041900;-23,78002000
-16,10801556;-0,81939150;-23,32530000
-16,09777556;-0,81939150;-23,78002000
-16,08753556;-0,81939150;-23,78002000
-16,07729556;-0,82833340;-23,32530000
-16,06705556;-0,82833340;-22,86905000
-16,05681556;-0,82833340;-23,78002000
-16,04657556;-0,82833340;-24,23475000
-16,03633556;-0,82833340;-23,32530000
-16,02609556;-0,82833340;-23,78002000
-16,01585556;-0,82833340;-23,78002000
-16,00561556;-0,82833340;-23,78002000
-15,99537556;-0,82833340;-23,78002000
-15,98513556;-0,82833340;-23,32530000
-15,97489556;-0,82833340;-23,78002000
-15,96465556;-0,82833340;-23,32530000
-15,95441556;-0,82833340;-23,78002000
-15,94417556;-0,82833340;-23,78002000
-15,93393557;-0,83730580;-23,78002000
-15,92369557;-0,83730580;-23,78002000
-15,91345557;-0,82833340;-23,78002000
-15,90321557;-0,84627830;-24,23475000
-15,89297557;-0,83730580;-23,78002000
-15,88273557;-0,84627830;-23,78002000
-15,87249557;-0,83730580;-23,32530000
-15,86225557;-0,84627830;-22,86905000
-15,85201557;-0,82833340;-22,86905000
-15,84177557;-0,83730580;-23,32530000
-15,83153557;-0,83730580;-23,32530000
-15,82129557;-0,84627830;-23,32530000
-15,81105557;-0,84627830;-23,32530000
-15,80081557;-0,84627830;-23,32530000
-15,79057557;-0,83730580;-23,32530000
-15,78033557;-0,84627830;-23,78002000
-15,77009557;-0,84627830;-23,32530000
-15,75985557;-0,84627830;-23,78002000
-15,74961557;-0,84627830;-23,32530000
-15,73937557;-0,84627830;-23,32530000
-15,72913557;-0,84627830;-23,78002000
-15,71889557;-0,84627830;-23,78002000
-15,70865557;-0,84627830;-23,78002000
-15,69841557;-0,84627830;-23,32530000
-15,68817557;-0,84627830;-23,78002000
-15,67793557;-0,84627830;-23,32530000
-15,66769557;-0,84627830;-23,78002000
-15,65745557;-0,84627830;-23,78002000
-15,64721557;-0,84627830;-23,78002000
-15,63697557;-0,84627830;-23,32530000
-15,62673557;-0,84627830;-23,78002000
-15,61649557;-0,84627830;-22,86905000
-15,60625557;-0,84627830;-22,86905000
-15,59601557;-0,84627830;-23,32530000
-15,58577557;-0,84627830;-23,32530000
-15,57553557;-0,84627830;-23,32530000
-15,56529557;-0,84627830;-23,32530000
-15,55505557;-0,84627830;-23,78002000
-15,54481557;-0,84627830;-23,32530000
-15,53457557;-0,84627830;-23,78002000
-15,52433557;-0,84627830;-23,32530000
-15,51409557;-0,84627830;-23,32530000
-15,50385557;-0,84627830;-22,86905000
-15,49361557;-0,84627830;-23,32530000
-15,48337557;-0,84627830;-22,86905000
-15,47313557;-0,84627830;-23,32530000
-15,46289557;-0,84627830;-23,32530000
-15,45265557;-0,84627830;-23,32530000
-15,44241557;-0,84627830;-22,86905000
-15,43217557;-0,83730580;-23,32530000
-15,42193557;-0,84627830;-23,32530000
-15,41169557;-0,84627830;-23,32530000
-15,40145557;-0,84627830;-22,86905000
-15,39121557;-0,84627830;-23,32530000
-15,38097557;-0,84627830;-22,86905000
-15,37073557;-0,83730580;-23,78002000
-15,36049557;-0,84627830;-22,86905000
-15,35025557;-0,83730580;-23,32530000
-15,34001557;-0,83730580;-23,32530000
-15,32977557;-0,84627830;-23,32530000
-15,31953557;-0,83730580;-23,78002000
-15,30929557;-0,83730580;-22,86905000
-15,29905557;-0,83730580;-23,32530000
-15,28881557;-0,84627830;-23,32530000
-15,27857557;-0,83730580;-23,32530000
-15,26833557;-0,83730580;-23,32530000
-15,25809557;-0,82833340;-23,32530000
-15,24785557;-0,82833340;-23,32530000
-15,23761557;-0,82833340;-23,32530000
-15,22737557;-0,83730580;-23,32530000
-15,21713557;-0,82833340;-23,32530000
-15,20689557;-0,82833340;-23,32530000
-15,19665557;-0,82833340;-23,32530000
-15,18641557;-0,82833340;-22,86905000
-15,17617557;-0,82833340;-23,32530000
-15,16593557;-0,82833340;-23,32530000
-15,15569557;-0,82833340;-23,32530000
-15,14545557;-0,82833340;-23,32530000
-15,13521557;-0,82833340;-23,78002000
-15,12497557;-0,82833340;-23,32530000
-15,11473557;-0,82833340;-22,86905000
-15,10449557;-0,81939150;-23,32530000
-15,09425557;-0,82833340;-22,86905000
-15,08401557;-0,82833340;-23,32530000
-15,07377557;-0,81939150;-23,32530000
-15,06353557;-0,81939150;-23,32530000
-15,05329557;-0,81939150;-23,32530000
-15,04305557;-0,81041900;-22,86905000
-15,03281557;-0,81041900;-23,32530000
-15,02257557;-0,81041900;-23,32530000
-15,01233557;-0,80144660;-23,32530000
-15,00209557;-0,81041900;-23,32530000
-14,99185557;-0,81041900;-23,32530000
-14,98161557;-0,80144660;-23,32530000
-14,97137557;-0,81041900;-23,32530000
-14,96113557;-0,80144660;-23,32530000
-14,95089557;-0,81041900;-22,86905000
-14,94065557;-0,80144660;-23,32530000
-14,93041557;-0,80144660;-23,32530000
-14,92017557;-0,79247420;-22,86905000
-14,90993557;-0,80144660;-23,32530000
-14,89969557;-0,79247420;-22,86905000
-14,88945557;-0,79247420;-22,86905000
-14,87921557;-0,79247420;-23,32530000
-14,86897557;-0,79247420;-23,32530000
-14,85873557;-0,79247420;-22,86905000
-14,84849557;-0,79247420;-22,86905000
-14,83825557;-0,79247420;-22,86905000
-14,82801557;-0,79247420;-22,86905000
-14,81777557;-0,79247420;-22,86905000
-14,80753557;-0,77452930;-23,32530000
-14,79729557;-0,77452930;-23,32530000
-14,78705557;-0,77452930;-22,86905000
-14,77681557;-0,77452930;-22,86905000
-14,76657557;-0,77452930;-23,32530000
-14,75633557;-0,77452930;-22,86905000
-14,74609557;-0,76555680;-22,86905000
-14,73585557;-0,76555680;-22,86905000
-14,72561557;-0,76555680;-22,86905000
-14,71537557;-0,76555680;-22,86905000
-14,70513557;-0,76555680;-22,86905000
-14,69489557;-0,76555680;-22,86905000
-14,68465557;-0,75658430;-22,86905000
-14,67441557;-0,75658430;-22,86905000
-14,66417557;-0,75658430;-22,41432000
-14,65393557;-0,75658430;-22,86905000
-14,64369557;-0,75658430;-22,86905000
-14,63345557;-0,74761190;-22,86905000
-14,62321557;-0,73867000;-22,41432000
-14,61297557;-0,74761190;-23,32530000
-14,60273557;-0,73867000;-22,86905000
-14,59249557;-0,74761190;-22,86905000
-14,58225557;-0,73867000;-22,86905000
-14,57201557;-0,73867000;-22,86905000
-14,56177557;-0,73867000;-22,86905000
-14,55153557;-0,72969760;-22,86905000
-14,54129557;-0,73867000;-22,41432000
-14,53105557;-0,72072510;-22,86905000
-14,52081557;-0,72969760;-22,86905000
-14,51057557;-0,72072510;-22,86905000
-14,50033557;-0,72072510;-22,86905000
-14,49009557;-0,72072510;-22,86905000
-14,47985557;-0,72072510;-22,86905000
-14,46961557;-0,72072510;-22,41432000
-14,45937557;-0,71175270;-22,41432000
-14,44913557;-0,71175270;-22,86905000
-14,43889557;-0,70278020;-23,32530000
-14,42865557;-0,70278020;-22,86905000
-14,41841557;-0,70278020;-22,86905000
-14,40817557;-0,70278020;-22,86905000
-14,39793557;-0,69380780;-22,86905000
-14,38769557;-0,70278020;-22,86905000
-14,37745557;-0,69380780;-21,95959000
-14,36721557;-0,69380780;-22,86905000
-14,35697557;-0,68483540;-22,86905000
-14,34673557;-0,69380780;-22,41432000
-14,33649557;-0,68483540;-22,86905000
-14,32625557;-0,68483540;-21,95959000
-14,31601557;-0,68483540;-22,41432000
-14,30577557;-0,67586290;-22,86905000
-14,29553558;-0,67586290;-22,86905000
-14,28529558;-0,66689040;-22,41432000
-14,27505558;-0,67586290;-22,86905000
-14,26481558;-0,65794860;-21,95959000
-14,25457558;-0,66689040;-22,41432000
-14,24433558;-0,66689040;-22,41432000
-14,23409558;-0,65794860;-22,86905000
-14,22385558;-0,64897610;-21,95959000
-14,21361558;-0,64897610;-22,86905000
-14,20337558;-0,64897610;-21,95959000
-14,19313558;-0,64897610;-21,95959000
-14,18289558;-0,64897610;-22,41432000
-14,17265558;-0,64000370;-22,86905000
-14,16241558;-0,64897610;-22,41432000
-14,15217558;-0,63103120;-21,95959000
-14,14193558;-0,63103120;-21,95959000
-14,13169558;-0,63103120;-21,95959000
-14,12145558;-0,63103120;-22,41432000
-14,11121558;-0,62205870;-21,95959000
-14,10097558;-0,61308630;-22,41432000
-14,09073558;-0,61308630;-21,95959000
-14,08049558;-0,61308630;-21,95959000
-14,07025558;-0,60411390;-22,86905000
-14,06001558;-0,61308630;-21,95959000
-14,04977558;-0,59514150;-22,41432000
-14,03953558;-0,60411390;-21,95959000
-14,02929558;-0,59514150;-22,86905000
-14,01905558;-0,59514150;-21,95959000
-14,00881558;-0,58616900;-21,95959000
-13,99857558;-0,58616900;-22,41432000
-13,98833558;-0,57722710;-21,50487000
-13,97809558;-0,57722710;-21,50487000
-13,96785558;-0,57722710;-21,95959000
-13,95761558;-0,57722710;-22,41432000
-13,94737558;-0,56825460;-22,41432000
-13,93713558;-0,55928220;-21,95959000
-13,92689558;-0,55928220;-21,95959000
-13,91665558;-0,55928220;-21,95959000
-13,90641558;-0,55928220;-21,95959000
-13,89617558;-0,55030980;-22,41432000
-13,88593558;-0,55928220;-21,95959000
-13,87569558;-0,54133730;-21,95959000
-13,86545558;-0,54133730;-22,41432000
-13,85521558;-0,54133730;-21,50487000
-13,84497558;-0,54133730;-21,95959000
-13,83473558;-0,54133730;-21,95959000
-13,82449558;-0,54133730;-21,50487000
-13,81425558;-0,52339240;-21,95959000
-13,80401558;-0,52339240;-21,50487000
-13,79377558;-0,52339240;-21,50487000
-13,78353558;-0,52339240;-21,50487000
-13,77329558;-0,52339240;-21,50487000
-13,76305558;-0,50544760;-21,95959000
-13,75281558;-0,51442000;-21,50487000
-13,74257558;-0,50544760;-21,50487000
-13,73233558;-0,50544760;-21,95959000
-13,72209558;-0,48753320;-21,50487000
-13,71185558;-0,49647510;-21,50487000
-13,70161558;-0,48753320;-21,04861000
-13,69137558;-0,48753320;-21,50487000
-13,68113558;-0,47856070;-21,50487000
-13,67089558;-0,48753320;-21,04861000
-13,66065558;-0,47856070;-21,50487000
-13,65041558;-0,46958830;-21,04861000
-13,64017558;-0,46958830;-21,04861000
-13,62993558;-0,46958830;-21,04861000
-13,61969558;-0,46061590;-21,95959000
-13,60945558;-0,46061590;-21,50487000
-13,59921558;-0,45164340;-21,50487000
-13,58897558;-0,45164340;-21,50487000
-13,57873558;-0,44267100;-21,04861000
-13,56849558;-0,43369850;-21,04861000
-13,55825558;-0,44267100;-21,04861000
-13,54801558;-0,43369850;-21,04861000
-13,53777558;-0,42472610;-21,04861000
-13,52753558;-0,43369850;-20,59389000
-13,51729558;-0,41575370;-21,04861000
-13,50705558;-0,41575370;-21,04861000
-13,49681558;-0,41575370;-21,04861000
-13,48657558;-0,41575370;-21,50487000
-13,47633558;-0,40681170;-21,04861000
-13,46609558;-0,40681170;-21,50487000
-13,45585558;-0,39783930;-20,13916000
-13,44561558;-0,39783930;-21,04861000
-13,43537558;-0,39783930;-21,04861000
-13,42513558;-0,38886680;-21,04861000
-13,41489558;-0,38886680;-21,04861000
-13,40465558;-0,38886680;-21,04861000
-13,39441558;-0,37989440;-21,04861000
-13,38417558;-0,37092200;-20,59389000
-13,37393558;-0,37092200;-21,04861000
-13,36369558;-0,37092200;-20,59389000
-13,35345558;-0,36194950;-20,59389000
-13,34321558;-0,36194950;-20,59389000
-13,33297558;-0,36194950;-20,59389000
-13,32273558;-0,35297710;-20,59389000
-13,31249558;-0,34400460;-20,13916000
-13,30225558;-0,34400460;-20,59389000
-13,29201558;-0,34400460;-20,13916000
-13,28177558;-0,33503220;-20,13916000
-13,27153558;-0,33503220;-20,59389000
-13,26129558;-0,32609030;-20,13916000
-13,25105558;-0,32609030;-19,68444000
-13,24081558;-0,31711780;-20,13916000
-13,23057558;-0,30814540;-20,13916000
-13,22033558;-0,30814540;-20,13916000
-13,21009558;-0,30814540;-19,68444000
-13,19985558;-0,30814540;-20,59389000
-13,18961558;-0,29917290;-20,13916000
-13,17937558;-0,29020050;-20,13916000
-13,16913558;-0,29020050;-19,68444000
-13,15889558;-0,29020050;-19,68444000
-13,14865558;-0,28122810;-19,68444000
-13,13841558;-0,29020050;-19,68444000
-13,12817558;-0,27225560;-19,68444000
-13,11793558;-0,27225560;-20,13916000
-13,10769558;-0,26328320;-19,68444000
-13,09745558;-0,25431070;-19,68444000
-13,08721558;-0,25431070;-19,68444000
-13,07697558;-0,25431070;-19,68444000
-13,06673558;-0,24536880;-19,68444000
-13,05649558;-0,24536880;-19,68444000
-13,04625558;-0,23639640;-19,68444000
-13,03601558;-0,23639640;-19,68444000
-13,02577558;-0,22742390;-19,68444000
-13,01553558;-0,23639640;-19,22819000
-13,00529558;-0,21845150;-19,22819000
-12,99505558;-0,21845150;-19,22819000
-12,98481558;-0,21845150;-18,77346000
-12,97457558;-0,20050660;-19,22819000
-12,96433558;-0,20050660;-19,22819000
-12,95409558;-0,20050660;-19,22819000
-12,94385558;-0,20050660;-18,77346000
-12,93361558;-0,20050660;-19,22819000
-12,92337558;-0,19153420;-19,22819000
-12,91313558;-0,18256170;-18,77346000
-12,90289558;-0,18256170;-18,31874000
-12,89265558;-0,17358930;-19,22819000
-12,88241558;-0,17358930;-18,31874000
-12,87217558;-0,16464740;-18,31874000
-12,86193558;-0,16464740;-19,22819000
-12,85169558;-0,15567490;-18,31874000
-12,84145558;-0,15567490;-18,77346000
-12,83121558;-0,14670250;-18,31874000
-12,82097558;-0,14670250;-18,31874000
-12,81073558;-0,14670250;-17,86401000
-12,80049558;-0,14670250;-18,31874000
-12,79025558;-0,12875760;-17,86401000
-12,78001558;-0,12875760;-17,86401000
-12,76977558;-0,12875760;-17,86401000
-12,75953558;-0,11978520;-17,86401000
-12,74929558;-0,11978520;-17,86401000
-12,73905558;-0,11081270;-17,40776000
-12,72881558;-0,11081270;-17,40776000
-12,71857558;-0,10184030;-17,40776000
-12,70833558;-0,09286782;-17,40776000
-12,69809558;-0,09286782;-17,40776000
-12,68785558;-0,09286782;-17,40776000
-12,67761558;-0,08392590;-16,95303000
-12,66737558;-0,08392590;-16,49831000
-12,65713558;-0,07495346;-16,95303000
-12,64689559;-0,07495346;-16,95303000
-12,63665559;-0,07495346;-16,49831000
-12,62641559;-0,06598102;-16,95303000
-12,61617559;-0,06598102;-16,49831000
-12,60593559;-0,05700858;-16,49831000
-12,59569559;-0,05700858;-16,04358000
-12,58545559;-0,03906369;-16,49831000
-12,57521559;-0,03906369;-15,58733000
-12,56497559;-0,03906369;-15,58733000
-12,55473559;-0,03009125;-16,49831000
-12,54449559;-0,03906369;-15,58733000
-12,53425559;-0,02111881;-16,04358000
-12,52401559;-0,02111881;-15,58733000
-12,51377559;-0,01214637;-15,58733000
-12,50353559;-0,01214637;-15,13260000
-12,49329559;-0,00320444;-14,67788000
-12,48305559;-0,00320444;-14,67788000
-12,47281559;-0,00320444;-14,22315000
-12,46257559;0,00573748;-14,22315000
-12,45233559;0,01470992;-13,76690000
-12,44209559;0,01470992;-13,76690000
-12,43185559;0,01470992;-13,76690000
-12,42161559;0,02368236;-12,85745000
-12,41137559;0,03265481;-11,94647000
-12,40113559;0,03265481;-7,39616100
-12,39089559;0,03265481;13,53801000
-12,38065559;0,04162725;29,92187000
-12,37041559;0,04162725;26,28101000
-12,36017559;0,05059969;23,54961000
-12,34993559;0,05957213;24,46058000
-12,33969559;0,06854457;25,37004000
-12,32945559;0,06854457;25,82629000
-12,31921559;0,06854457;25,82629000
-12,30897559;0,07751702;25,37004000
-12,29873559;0,07751702;25,37004000
-12,28849559;0,08645894;25,82629000
-12,27825559;0,08645894;25,82629000
-12,26801559;0,08645894;25,82629000
-12,25777559;0,10440380;25,82629000
-12,24753559;0,10440380;26,28101000
-12,23729559;0,09543138;26,73574000
-12,22705559;0,10440380;26,28101000
-12,21681559;0,11337630;26,28101000
-12,20657559;0,12234870;26,73574000
-12,19633559;0,11337630;26,28101000
-12,18609559;0,12234870;27,64672000
-12,17585559;0,12234870;26,28101000
-12,16561559;0,14029360;27,19047000
-12,15537559;0,14029360;27,19047000
-12,14513559;0,14029360;27,64672000
-12,13489559;0,14029360;27,64672000
-12,12465559;0,14029360;26,73574000
-12,11441559;0,15823850;27,19047000
-12,10417559;0,15823850;28,10144000
-12,09393559;0,16718040;27,64672000
-12,08369559;0,15823850;27,64672000
-12,07345559;0,16718040;27,64672000
-12,06321559;0,17615280;27,64672000
-12,05297559;0,17615280;28,10144000
-12,04273559;0,17615280;28,10144000
-12,03249559;0,18512530;27,64672000
-12,02225559;0,19409770;27,64672000
-12,01201559;0,19409770;28,10144000
-12,00177559;0,19409770;28,10144000
-11,99153559;0,21204260;28,10144000
-11,98129559;0,21204260;28,55617000
-11,97105559;0,21204260;28,55617000
-11,96081559;0,21204260;28,10144000
-11,95057559;0,22101510;28,10144000
-11,94033559;0,22998750;28,10144000
-11,93009559;0,22998750;27,64672000
-11,91985559;0,23895990;29,01089000
-11,90961559;0,23895990;29,01089000
-11,89937559;0,24790190;28,55617000
-11,88913559;0,24790190;29,01089000
-11,87889559;0,24790190;28,55617000
-11,86865559;0,24790190;29,01089000
-11,85841559;0,25687430;29,01089000
-11,84817559;0,26584670;29,01089000
-11,83793559;0,26584670;28,10144000
-11,82769559;0,26584670;29,01089000
-11,81745559;0,28379160;29,46715000
-11,80721559;0,28379160;29,01089000
-11,79697559;0,28379160;28,55617000
-11,78673559;0,28379160;29,46715000
-11,77649559;0,30173650;29,46715000
-11,76625559;0,30173650;29,01089000
-11,75601559;0,30173650;29,01089000
-11,74577559;0,30173650;29,01089000
-11,73553559;0,31070890;29,92187000
-11,72529559;0,31968140;29,46715000
-11,71505559;0,31968140;29,46715000
-11,70481559;0,31968140;29,46715000
-11,69457559;0,31968140;29,92187000
-11,68433559;0,32862330;29,92187000
-11,67409559;0,33759580;29,46715000
-11,66385559;0,33759580;29,46715000
-11,65361559;0,33759580;29,92187000
-11,64337559;0,35554060;29,46715000
-11,63313559;0,35554060;29,92187000
-11,62289559;0,35554060;29,92187000
-11,61265559;0,35554060;29,92187000
-11,60241559;0,35554060;29,46715000
-11,59217559;0,36451310;29,92187000
-11,58193559;0,37348550;29,92187000
-11,57169559;0,37348550;29,92187000
-11,56145559;0,37348550;29,92187000
-11,55121559;0,38245800;29,92187000
-11,54097559;0,38245800;29,92187000
-11,53073559;0,39143040;30,37660000
-11,52049559;0,39143040;30,37660000
-11,51025559;0,39143040;30,83132000
-11,50001559;0,40934480;30,37660000
-11,48977559;0,40934480;29,92187000
-11,47953559;0,40934480;29,92187000
-11,46929559;0,40934480;30,37660000
-11,45905559;0,40934480;30,37660000
-11,44881559;0,41831720;30,37660000
-11,43857559;0,42728970;30,37660000
-11,42833559;0,42728970;30,37660000
-11,41809559;0,42728970;30,37660000
-11,40785559;0,42728970;30,37660000
-11,39761559;0,43626210;30,37660000
-11,38737559;0,44523450;30,83132000
-11,37713559;0,44523450;30,37660000
-11,36689559;0,44523450;30,83132000
-11,35665559;0,45420700;30,83132000
-11,34641559;0,45420700;30,37660000
-11,33617559;0,46317940;30,83132000
-11,32593559;0,46317940;31,28757000
-11,31569559;0,46317940;30,83132000
-11,30545559;0,46317940;30,83132000
-11,29521559;0,47215180;30,83132000
-11,28497559;0,48112430;30,83132000
-11,27473559;0,48112430;30,83132000
-11,26449559;0,48112430;30,37660000
-11,25425559;0,49006620;30,37660000
-11,24401559;0,49903870;30,83132000
-11,23377559;0,49903870;30,37660000
-11,22353559;0,49903870;30,83132000
-11,21329559;0,49903870;30,37660000
-11,20305559;0,50801110;30,83132000
-11,19281559;0,51698360;31,28757000
-11,18257559;0,51698360;30,83132000
-11,17233559;0,51698360;30,83132000
-11,16209559;0,51698360;30,83132000
-11,15185559;0,51698360;30,37660000
-11,14161559;0,53492840;30,83132000
-11,13137559;0,52595600;31,28757000
-11,12113559;0,53492840;31,28757000
-11,11089559;0,53492840;30,83132000
-11,10065559;0,54390080;30,83132000
-11,09041559;0,54390080;30,83132000
-11,08017559;0,55287330;30,83132000
-11,06993559;0,55287330;31,28757000
-11,05969559;0,55287330;31,28757000
-11,04945559;0,55287330;30,83132000
-11,03921559;0,56184580;31,28757000
-11,02897559;0,57081820;31,28757000
-11,01873559;0,57081820;30,83132000
-11,00849559;0,57081820;30,83132000
-10,99825560;0,57081820;31,28757000
-10,98801560;0,57081820;31,28757000
-10,97777560;0,58873250;30,83132000
-10,96753560;0,57976010;31,28757000
-10,95729560;0,57976010;31,28757000
-10,94705560;0,58873250;31,28757000
-10,93681560;0,58873250;31,28757000
-10,92657560;0,59770500;30,83132000
-10,91633560;0,59770500;31,28757000
-10,90609560;0,60667750;31,28757000
-10,89585560;0,60667750;31,28757000
-10,88561560;0,60667750;31,28757000
-10,87537560;0,60667750;31,28757000
-10,86513560;0,60667750;30,83132000
-10,85489560;0,61564990;31,28757000
-10,84465560;0,62462230;31,28757000
-10,83441560;0,62462230;31,28757000
-10,82417560;0,62462230;31,28757000
-10,81393560;0,64256720;31,28757000
-10,80369560;0,63359480;31,28757000
-10,79345560;0,64256720;31,28757000
-10,78321560;0,64256720;31,28757000
-10,77297560;0,64256720;31,28757000
-10,76273560;0,64256720;31,28757000
-10,75249560;0,66048160;31,74230000
-10,74225560;0,64256720;30,83132000
-10,73201560;0,66048160;31,28757000
-10,72177560;0,66048160;31,28757000
-10,71153560;0,66048160;31,28757000
-10,70129560;0,66048160;31,28757000
-10,69105560;0,66048160;31,28757000
-10,68081560;0,66945400;31,74230000
-10,67057560;0,66048160;31,74230000
-10,66033560;0,67842640;31,28757000
-10,65009560;0,67842640;31,74230000
-10,63985560;0,67842640;31,28757000
-10,62961560;0,67842640;31,74230000
-10,61937560;0,68739890;30,83132000
-10,60913560;0,68739890;31,28757000
-10,59889560;0,69637140;31,74230000
-10,58865560;0,69637140;31,28757000
-10,57841560;0,69637140;31,28757000
-10,56817560;0,69637140;31,74230000
-10,55793560;0,69637140;30,83132000
-10,54769560;0,70534380;31,74230000
-10,53745560;0,69637140;31,74230000
-10,52721560;0,71431620;31,28757000
-10,51697560;0,70534380;31,74230000
-10,50673560;0,71431620;31,74230000
-10,49649560;0,71431620;31,74230000
-10,48625560;0,71431620;31,74230000
-10,47601560;0,71431620;31,74230000
-10,46577560;0,73226110;31,28757000
-10,45553560;0,73226110;31,74230000
-10,44529560;0,73226110;31,74230000
-10,43505560;0,73226110;31,28757000
-10,42481560;0,73226110;31,74230000
-10,41457560;0,73226110;31,74230000
-10,40433560;0,73226110;31,74230000
-10,39409560;0,74120300;31,74230000
-10,38385560;0,74120300;31,74230000
-10,37361560;0,74120300;31,74230000
-10,36337560;0,74120300;31,74230000
-10,35313560;0,74120300;31,74230000
-10,34289560;0,75017550;31,28757000
-10,33265560;0,75017550;31,74230000
-10,32241560;0,75017550;31,74230000
-10,31217560;0,75017550;31,74230000
-10,30193560;0,75017550;31,28757000
-10,29169560;0,75017550;31,74230000
-10,28145560;0,75914790;31,74230000
-10,27121560;0,75914790;31,74230000
-10,26097560;0,76812030;31,74230000
-10,25073560;0,76812030;31,28757000
-10,24049560;0,76812030;31,74230000
-10,23025560;0,76812030;31,28757000
-10,22001560;0,76812030;31,74230000
-10,20977560;0,76812030;31,28757000
-10,19953560;0,76812030;31,74230000
-10,18929560;0,77709280;31,74230000
-10,17905560;0,77709280;31,74230000
-10,16881560;0,78606520;31,74230000
-10,15857560;0,78606520;31,28757000
-10,14833560;0,78606520;31,74230000
-10,13809560;0,78606520;31,28757000
-10,12785560;0,78606520;31,28757000
-10,11761560;0,78606520;31,74230000
-10,10737560;0,78606520;31,74230000
-10,09713560;0,78606520;31,74230000
-10,08689560;0,78606520;31,74230000
-10,07665560;0,78606520;31,74230000
-10,06641560;0,80401020;31,74230000
-10,05617560;0,80401020;32,19703000
-10,04593560;0,80401020;31,74230000
-10,03569560;0,80401020;32,19703000
-10,02545560;0,80401020;31,28757000
-10,01521560;0,81298260;31,74230000
-10,00497560;0,80401020;31,74230000
-9,99473560;0,80401020;31,28757000
-9,98449560;0,80401020;31,28757000
-9,97425560;0,81298260;31,74230000
-9,96401560;0,81298260;31,28757000
-9,95377560;0,81298260;31,74230000
-9,94353560;0,81298260;31,28757000
-9,93329560;0,82192450;31,28757000
-9,92305560;0,82192450;31,28757000
-9,91281560;0,82192450;31,28757000
-9,90257560;0,82192450;31,74230000
-9,89233560;0,81298260;31,74230000
-9,88209560;0,82192450;31,74230000
-9,87185560;0,82192450;31,74230000
-9,86161560;0,82192450;31,74230000
-9,85137560;0,82192450;31,74230000
-9,84113560;0,82192450;31,28757000
-9,83089560;0,82192450;31,74230000
-9,82065560;0,82192450;31,28757000
-9,81041560;0,83089690;31,28757000
-9,80017560;0,83089690;31,28757000
-9,78993560;0,83089690;31,74230000
-9,77969560;0,83089690;32,19703000
-9,76945560;0,83986940;31,74230000
-9,75921560;0,83986940;31,28757000
-9,74897560;0,82192450;31,28757000
-9,73873560;0,83089690;31,28757000
-9,72849560;0,83986940;31,74230000
-9,71825560;0,83986940;31,28757000
-9,70801560;0,83986940;31,74230000
-9,69777560;0,83986940;31,74230000
-9,68753560;0,83986940;31,28757000
-9,67729560;0,83986940;31,28757000
-9,66705560;0,83986940;31,28757000
-9,65681560;0,83986940;31,28757000
-9,64657560;0,84884180;31,28757000
-9,63633560;0,83986940;31,28757000
-9,62609560;0,83986940;31,28757000
-9,61585560;0,84884180;31,74230000
-9,60561560;0,84884180;31,28757000
-9,59537560;0,83986940;31,28757000
-9,58513560;0,83986940;31,74230000
-9,57489560;0,83986940;31,74230000
-9,56465560;0,83986940;31,74230000
-9,55441560;0,84884180;31,28757000
-9,54417560;0,83986940;31,28757000
-9,53393560;0,85781430;31,74230000
-9,52369560;0,84884180;31,74230000
-9,51345560;0,84884180;31,74230000
-9,50321560;0,84884180;31,74230000
-9,49297560;0,85781430;31,28757000
-9,48273560;0,84884180;31,74230000
-9,47249560;0,84884180;31,74230000
-9,46225560;0,85781430;31,28757000
-9,45201560;0,84884180;31,74230000
-9,44177560;0,84884180;31,28757000
-9,43153560;0,84884180;31,28757000
-9,42129560;0,85781430;31,74230000
-9,41105560;0,84884180;31,74230000
-9,40081560;0,85781430;31,28757000
-9,39057560;0,84884180;31,74230000
-9,38033560;0,85781430;31,74230000
-9,37009560;0,84884180;31,74230000
-9,35985560;0,85781430;31,74230000
-9,34961561;0,85781430;31,28757000
-9,33937561;0,84884180;31,74230000
-9,32913561;0,85781430;31,28757000
-9,31889561;0,85781430;31,28757000
-9,30865561;0,84884180;31,28757000
-9,29841561;0,85781430;31,74230000
-9,28817561;0,85781430;31,74230000
-9,27793561;0,85781430;31,28757000
-9,26769561;0,84884180;31,28757000
-9,25745561;0,84884180;31,28757000
-9,24721561;0,85781430;31,74230000
-9,23697561;0,84884180;31,28757000
-9,22673561;0,85781430;31,28757000
-9,21649561;0,84884180;31,74230000
-9,20625561;0,84884180;31,28757000
-9,19601561;0,84884180;31,28757000
-9,18577561;0,84884180;31,74230000
-9,17553561;0,84884180;31,74230000
-9,16529561;0,84884180;31,74230000
-9,15505561;0,84884180;31,28757000
-9,14481561;0,84884180;31,74230000
-9,13457561;0,84884180;31,28757000
-9,12433561;0,84884180;30,83132000
-9,11409561;0,84884180;31,28757000
-9,10385561;0,83986940;31,74230000
-9,09361561;0,84884180;31,28757000
-9,08337561;0,83986940;31,28757000
-9,07313561;0,84884180;31,28757000
-9,06289561;0,83986940;31,28757000
-9,05265561;0,83986940;31,74230000
-9,04241561;0,84884180;31,28757000
-9,03217561;0,83986940;31,74230000
-9,02193561;0,83986940;31,74230000
-9,01169561;0,83986940;31,28757000
-9,00145561;0,83986940;31,28757000
-8,99121561;0,83986940;31,28757000
-8,98097561;0,83986940;31,28757000
-8,97073561;0,83986940;31,28757000
-8,96049561;0,83986940;31,28757000
-8,95025561;0,83089690;31,28757000
-8,94001561;0,83986940;31,74230000
-8,92977561;0,83089690;31,28757000
-8,91953561;0,83986940;31,74230000
-8,90929561;0,82192450;30,83132000
-8,89905561;0,82192450;31,74230000
-8,88881561;0,83089690;31,28757000
-8,87857561;0,83089690;31,28757000
-8,86833561;0,82192450;31,28757000
-8,85809561;0,82192450;31,74230000
-8,84785561;0,82192450;31,28757000
-8,83761561;0,82192450;31,28757000
-8,82737561;0,82192450;30,83132000
-8,81713561;0,82192450;31,28757000
-8,80689561;0,82192450;30,83132000
-8,79665561;0,82192450;31,28757000
-8,78641561;0,82192450;31,28757000
-8,77617561;0,82192450;31,28757000
-8,76593561;0,82192450;31,74230000
-8,75569561;0,82192450;30,83132000
-8,74545561;0,82192450;31,28757000
-8,73521561;0,80401020;30,83132000
-8,72497561;0,82192450;31,28757000
-8,71473561;0,80401020;31,74230000
-8,70449561;0,81298260;31,74230000
-8,69425561;0,80401020;31,74230000
-8,68401561;0,80401020;31,28757000
-8,67377561;0,80401020;30,83132000
-8,66353561;0,80401020;31,28757000
-8,65329561;0,80401020;31,28757000
-8,64305561;0,80401020;31,28757000
-8,63281561;0,79503770;31,28757000
-8,62257561;0,80401020;31,28757000
-8,61233561;0,79503770;31,28757000
-8,60209561;0,79503770;30,83132000
-8,59185561;0,78606520;31,28757000
-8,58161561;0,78606520;31,28757000
-8,57137561;0,78606520;31,28757000
-8,56113561;0,78606520;30,83132000
-8,55089561;0,78606520;30,83132000
-8,54065561;0,78606520;30,83132000
-8,53041561;0,78606520;31,28757000
-8,52017561;0,77709280;31,28757000
-8,50993561;0,78606520;31,28757000
-8,49969561;0,76812030;31,28757000
-8,48945561;0,77709280;30,83132000
-8,47921561;0,76812030;31,28757000
-8,46897561;0,76812030;30,83132000
-8,45873561;0,76812030;31,28757000
-8,44849561;0,75914790;31,28757000
-8,43825561;0,76812030;31,28757000
-8,42801561;0,76812030;30,83132000
-8,41777561;0,75914790;30,83132000
-8,40753561;0,75017550;30,37660000
-8,39729561;0,75914790;31,28757000
-8,38705561;0,75017550;31,28757000
-8,37681561;0,75017550;30,83132000
-8,36657561;0,75017550;31,28757000
-8,35633561;0,75017550;30,83132000
-8,34609561;0,75017550;31,28757000
-8,33585561;0,75017550;31,28757000
-8,32561561;0,75017550;30,83132000
-8,31537561;0,73226110;30,83132000
-8,30513561;0,74120300;31,28757000
-8,29489561;0,73226110;30,83132000
-8,28465561;0,73226110;30,83132000
-8,27441561;0,73226110;30,83132000
-8,26417561;0,73226110;31,28757000
-8,25393561;0,73226110;30,83132000
-8,24369561;0,71431620;30,83132000
-8,23345561;0,73226110;30,83132000
-8,22321561;0,71431620;30,83132000
-8,21297561;0,71431620;31,28757000
-8,20273561;0,71431620;30,83132000
-8,19249561;0,71431620;30,83132000
-8,18225561;0,71431620;30,83132000
-8,17201561;0,71431620;30,83132000
-8,16177561;0,71431620;30,83132000
-8,15153561;0,70534380;30,83132000
-8,14129561;0,70534380;30,83132000
-8,13105561;0,69637140;31,28757000
-8,12081561;0,69637140;30,83132000
-8,11057561;0,69637140;31,28757000
-8,10033561;0,69637140;30,83132000
-8,09009561;0,68739890;30,37660000
-8,07985561;0,68739890;30,83132000
-8,06961561;0,67842640;31,28757000
-8,05937561;0,67842640;30,83132000
-8,04913561;0,67842640;30,83132000
-8,03889561;0,67842640;30,83132000
-8,02865561;0,67842640;30,37660000
-8,01841561;0,67842640;30,83132000
-8,00817561;0,66048160;30,83132000
-7,99793561;0,66945400;30,83132000
-7,98769561;0,66048160;30,83132000
-7,97745561;0,66048160;30,83132000
-7,96721561;0,66048160;30,37660000
-7,95697561;0,66048160;30,83132000
-7,94673561;0,65153970;30,83132000
-7,93649561;0,64256720;30,83132000
-7,92625561;0,64256720;30,37660000
-7,91601561;0,64256720;30,83132000
-7,90577561;0,64256720;30,37660000
-7,89553561;0,64256720;30,83132000
-7,88529561;0,64256720;30,37660000
-7,87505561;0,62462230;30,37660000
-7,86481561;0,62462230;30,37660000
-7,85457561;0,62462230;30,37660000
-7,84433561;0,62462230;30,83132000
-7,83409561;0,62462230;29,92187000
-7,82385561;0,60667750;30,37660000
-7,81361561;0,60667750;30,37660000
-7,80337561;0,60667750;30,83132000
-7,79313561;0,60667750;29,92187000
-7,78289561;0,60667750;30,37660000
-7,77265561;0,60667750;30,37660000
-7,76241561;0,60667750;29,92187000
-7,75217561;0,59770500;29,92187000
-7,74193561;0,58873250;29,92187000
-7,73169561;0,58873250;30,83132000
-7,72145561;0,58873250;30,83132000
-7,71121562;0,57081820;29,92187000
-7,70097562;0,57976010;29,92187000
-7,69073562;0,57081820;30,37660000
-7,68049562;0,57081820;30,37660000
-7,67025562;0,56184580;29,92187000
-7,66001562;0,57081820;29,92187000
-7,64977562;0,57081820;30,37660000
-7,63953562;0,55287330;29,92187000
-7,62929562;0,55287330;29,46715000
-7,61905562;0,55287330;29,92187000
-7,60881562;0,55287330;29,46715000
-7,59857562;0,54390080;29,92187000
-7,58833562;0,53492840;30,37660000
-7,57809562;0,54390080;29,92187000
-7,56785562;0,53492840;30,37660000
-7,55761562;0,53492840;29,92187000
-7,54737562;0,53492840;30,37660000
-7,53713562;0,52595600;29,92187000
-7,52689562;0,51698360;29,92187000
-7,51665562;0,51698360;29,92187000
-7,50641562;0,51698360;29,92187000
-7,49617562;0,51698360;29,92187000
-7,48593562;0,49903870;29,46715000
-7,47569562;0,50801110;29,92187000
-7,46545562;0,49903870;29,92187000
-7,45521562;0,49903870;29,92187000
-7,44497562;0,49903870;29,92187000
-7,43473562;0,49006620;29,92187000
-7,42449562;0,49006620;29,92187000
-7,41425562;0,48112430;29,92187000
-7,40401562;0,48112430;29,46715000
-7,39377562;0,47215180;29,92187000
-7,38353562;0,46317940;29,92187000
-7,37329562;0,47215180;29,92187000
-7,36305562;0,46317940;29,46715000
-7,35281562;0,45420700;29,46715000
-7,34257562;0,45420700;29,92187000
-7,33233562;0,44523450;29,01089000
-7,32209562;0,44523450;29,46715000
-7,31185562;0,44523450;29,01089000
-7,30161562;0,44523450;29,46715000
-7,29137562;0,43626210;29,46715000
-7,28113562;0,44523450;29,01089000
-7,27089562;0,42728970;29,46715000
-7,26065562;0,42728970;29,01089000
-7,25041562;0,41831720;29,01089000
-7,24017562;0,40934480;29,01089000
-7,22993562;0,41831720;29,46715000
-7,21969562;0,41831720;29,46715000
-7,20945562;0,40934480;29,01089000
-7,19921562;0,40040280;29,01089000
-7,18897562;0,39143040;28,55617000
-7,17873562;0,40040280;29,01089000
-7,16849562;0,39143040;29,01089000
-7,15825562;0,39143040;29,01089000
-7,14801562;0,38245800;29,46715000
-7,13777562;0,37348550;28,10144000
-7,12753562;0,38245800;29,01089000
-7,11729562;0,37348550;28,55617000
-7,10705562;0,37348550;29,46715000
-7,09681562;0,35554060;29,01089000
-7,08657562;0,35554060;28,55617000
-7,07633562;0,36451310;29,01089000
-7,06609562;0,35554060;29,01089000
-7,05585562;0,34656820;28,55617000
-7,04561562;0,34656820;29,01089000
-7,03537562;0,33759580;29,01089000
-7,02513562;0,33759580;28,10144000
-7,01489562;0,32862330;28,55617000
-7,00465562;0,32862330;28,55617000
-6,99441562;0,31968140;28,10144000
-6,98417562;0,31968140;28,10144000
-6,97393562;0,31968140;28,55617000
-6,96369562;0,31968140;28,55617000
-6,95345562;0,31070890;28,10144000
-6,94321562;0,31070890;27,64672000
-6,93297562;0,30173650;28,55617000
-6,92273562;0,30173650;28,10144000
-6,91249562;0,30173650;27,64672000
-6,90225562;0,28379160;28,10144000
-6,89201562;0,28379160;28,10144000
-6,88177562;0,28379160;27,64672000
-6,87153562;0,27481920;28,10144000
-6,86129562;0,27481920;27,64672000
-6,85105562;0,26584670;27,64672000
-6,84081562;0,26584670;27,64672000
-6,83057562;0,26584670;27,64672000
-6,82033562;0,25687430;27,19047000
-6,81009562;0,24790190;27,19047000
-6,79985562;0,24790190;27,64672000
-6,78961562;0,24790190;27,64672000
-6,77937562;0,22998750;27,64672000
-6,76913562;0,23895990;27,64672000
-6,75889562;0,22998750;27,19047000
-6,74865562;0,22101510;27,64672000
-6,73841562;0,21204260;27,19047000
-6,72817562;0,21204260;27,19047000
-6,71793562;0,21204260;26,73574000
-6,70769562;0,21204260;27,19047000
-6,69745562;0,20307020;27,64672000
-6,68721562;0,20307020;26,73574000
-6,67697562;0,19409770;27,19047000
-6,66673562;0,19409770;26,73574000
-6,65649562;0,18512530;26,73574000
-6,64625562;0,18512530;27,19047000
-6,63601562;0,17615280;26,73574000
-6,62577562;0,17615280;26,73574000
-6,61553562;0,17615280;26,73574000
-6,60529562;0,16718040;26,73574000
-6,59505562;0,15823850;25,82629000
-6,58481562;0,15823850;26,73574000
-6,57457562;0,15823850;26,28101000
-6,56433562;0,15823850;25,82629000
-6,55409562;0,14029360;25,82629000
-6,54385562;0,14029360;26,28101000
-6,53361562;0,14029360;26,28101000
-6,52337562;0,13132110;25,82629000
-6,51313562;0,13132110;26,28101000
-6,50289562;0,12234870;25,82629000
-6,49265562;0,12234870;25,37004000
-6,48241562;0,11337630;25,82629000
-6,47217562;0,11337630;24,91531000
-6,46193562;0,10440380;25,37004000
-6,45169562;0,10440380;25,82629000
-6,44145562;0,09543138;25,37004000
-6,43121562;0,08645894;24,91531000
-6,42097562;0,08645894;24,00586000
-6,41073562;0,08645894;24,46058000
-6,40049562;0,08645894;25,37004000
-6,39025562;0,07751702;24,91531000
-6,38001562;0,06854457;24,91531000
-6,36977562;0,06854457;24,46058000
-6,35953562;0,06854457;24,46058000
-6,34929562;0,06854457;24,46058000
-6,33905562;0,05059969;24,00586000
-6,32881562;0,05957213;24,00586000
-6,31857562;0,04162725;23,54961000
-6,30833562;0,03265481;24,00586000
-6,29809562;0,03265481;24,00586000
-6,28785562;0,03265481;24,00586000
-6,27761562;0,03265481;23,54961000
-6,26737562;0,02368236;23,54961000
-6,25713562;0,01470992;22,64016000
-6,24689562;0,01470992;22,64016000
-6,23665562;0,00573748;23,09488000
-6,22641562;0,01470992;22,64016000
-6,21617562;-0,00320444;22,18543000
-6,20593562;-0,00320444;21,72918000
-6,19569562;-0,01214637;21,72918000
-6,18545562;-0,01214637;21,72918000
-6,17521562;-0,01214637;19,90875000
-6,16497562;-0,02111881;13,53801000
-6,15473562;-0,02111881;-8,76186400
-6,14449562;-0,03009125;-21,50487000
-6,13425562;-0,03009125;-17,40776000
-6,12401562;-0,03906369;-15,13260000
-6,11377562;-0,04803614;-16,95303000
-6,10353562;-0,03906369;-17,40776000
-6,09329562;-0,05700858;-16,49831000
-6,08305562;-0,05700858;-16,95303000
-6,07281562;-0,05700858;-16,95303000
-6,06257563;-0,06598102;-17,40776000
-6,05233563;-0,06598102;-17,40776000
-6,04209563;-0,07495346;-17,86401000
-6,03185563;-0,07495346;-17,86401000
-6,02161563;-0,08392590;-18,31874000
-6,01137563;-0,08392590;-17,86401000
-6,00113563;-0,09286782;-17,86401000
-5,99089563;-0,09286782;-17,86401000
-5,98065563;-0,09286782;-18,77346000
-5,97041563;-0,11081270;-18,77346000
-5,96017563;-0,11081270;-18,31874000
-5,94993563;-0,11081270;-18,31874000
-5,93969563;-0,11081270;-18,77346000
-5,92945563;-0,11978520;-18,31874000
-5,91921563;-0,12875760;-19,22819000
-5,90897563;-0,12875760;-18,31874000
-5,89873563;-0,12875760;-19,22819000
-5,88849563;-0,13773000;-18,77346000
-5,87825563;-0,14670250;-19,22819000
-5,86801563;-0,14670250;-18,77346000
-5,85777563;-0,14670250;-19,68444000
-5,84753563;-0,15567490;-19,22819000
-5,83729563;-0,16464740;-19,22819000
-5,82705563;-0,16464740;-19,68444000
-5,81681563;-0,16464740;-19,68444000
-5,80657563;-0,18256170;-19,68444000
-5,79633563;-0,18256170;-19,68444000
-5,78609563;-0,18256170;-19,68444000
-5,77585563;-0,18256170;-19,68444000
-5,76561563;-0,19153420;-19,68444000
-5,75537563;-0,19153420;-20,13916000
-5,74513563;-0,20050660;-20,59389000
-5,73489563;-0,20050660;-20,13916000
-5,72465563;-0,20050660;-20,13916000
-5,71441563;-0,20947900;-20,59389000
-5,70417563;-0,21845150;-20,59389000
-5,69393563;-0,21845150;-20,59389000
-5,68369563;-0,21845150;-19,68444000
-5,67345563;-0,22742390;-21,04861000
-5,66321563;-0,22742390;-21,04861000
-5,65297563;-0,23639640;-21,04861000
-5,64273563;-0,23639640;-20,13916000
-5,63249563;-0,25431070;-20,59389000
-5,62225563;-0,25431070;-20,59389000
-5,61201563;-0,25431070;-21,04861000
-5,60177563;-0,25431070;-20,59389000
-5,59153563;-0,26328320;-20,59389000
-5,58129563;-0,27225560;-20,59389000
-5,57105563;-0,27225560;-21,04861000
-5,56081563;-0,27225560;-21,04861000
-5,55057563;-0,28122810;-20,59389000
-5,54033563;-0,28122810;-21,04861000
-5,53009563;-0,29020050;-20,59389000
-5,51985563;-0,29020050;-21,50487000
-5,50961563;-0,29917290;-21,04861000
-5,49937563;-0,29917290;-21,04861000
-5,48913563;-0,29917290;-21,04861000
-5,47889563;-0,30814540;-21,04861000
-5,46865563;-0,30814540;-21,04861000
-5,45841563;-0,31711780;-21,04861000
-5,44817563;-0,31711780;-21,04861000
-5,43793563;-0,32609030;-21,50487000
-5,42769563;-0,32609030;-21,04861000
-5,41745563;-0,32609030;-21,95959000
-5,40721563;-0,32609030;-21,04861000
-5,39697563;-0,34400460;-21,50487000
-5,38673563;-0,34400460;-21,50487000
-5,37649563;-0,34400460;-21,04861000
-5,36625563;-0,34400460;-21,50487000
-5,35601563;-0,36194950;-21,50487000
-5,34577563;-0,36194950;-21,95959000
-5,33553563;-0,36194950;-21,50487000
-5,32529563;-0,37092200;-21,95959000
-5,31505563;-0,36194950;-21,50487000
-5,30481563;-0,37989440;-21,50487000
-5,29457563;-0,37989440;-21,50487000
-5,28433563;-0,37989440;-21,50487000
-5,27409563;-0,39783930;-21,95959000
-5,26385563;-0,38886680;-21,50487000
-5,25361563;-0,39783930;-21,95959000
-5,24337563;-0,39783930;-21,95959000
-5,23313563;-0,40681170;-21,95959000
-5,22289563;-0,40681170;-21,50487000
-5,21265563;-0,41575370;-22,41432000
-5,20241563;-0,40681170;-21,50487000
-5,19217563;-0,41575370;-22,41432000
-5,18193563;-0,41575370;-21,95959000
-5,17169563;-0,42472610;-21,95959000
-5,16145563;-0,42472610;-21,95959000
-5,15121563;-0,43369850;-22,41432000
-5,14097563;-0,43369850;-21,95959000
-5,13073563;-0,43369850;-22,41432000
-5,12049563;-0,44267100;-22,86905000
-5,11025563;-0,44267100;-22,41432000
-5,10001563;-0,45164340;-22,41432000
-5,08977563;-0,45164340;-21,95959000
-5,07953563;-0,45164340;-21,95959000
-5,06929563;-0,46061590;-22,41432000
-5,05905563;-0,46958830;-21,95959000
-5,04881563;-0,46958830;-21,95959000
-5,03857563;-0,46958830;-21,95959000
-5,02833563;-0,46958830;-22,41432000
-5,01809563;-0,47856070;-22,41432000
-5,00785563;-0,47856070;-22,41432000
-4,99761563;-0,48753320;-22,86905000
-4,98737563;-0,48753320;-22,41432000
-4,97713563;-0,48753320;-22,86905000
-4,96689563;-0,49647510;-22,41432000
-4,95665563;-0,50544760;-22,86905000
-4,94641563;-0,50544760;-21,95959000
-4,93617563;-0,51442000;-22,41432000
-4,92593563;-0,50544760;-22,86905000
-4,91569563;-0,51442000;-21,95959000
-4,90545563;-0,52339240;-22,41432000
-4,89521563;-0,52339240;-22,86905000
-4,88497563;-0,52339240;-22,86905000
-4,87473563;-0,53236490;-22,41432000
-4,86449563;-0,54133730;-22,86905000
-4,85425563;-0,54133730;-22,86905000
-4,84401563;-0,54133730;-22,41432000
-4,83377563;-0,54133730;-22,86905000
-4,82353563;-0,54133730;-22,41432000
-4,81329563;-0,55030980;-23,32530000
-4,80305563;-0,55928220;-22,86905000
-4,79281563;-0,55928220;-22,86905000
-4,78257563;-0,55928220;-22,41432000
-4,77233563;-0,55928220;-22,86905000
-4,76209563;-0,56825460;-22,86905000
-4,75185563;-0,56825460;-22,86905000
-4,74161563;-0,57722710;-22,86905000
-4,73137563;-0,57722710;-22,86905000
-4,72113563;-0,57722710;-22,86905000
-4,71089563;-0,57722710;-22,41432000
-4,70065563;-0,57722710;-22,86905000
-4,69041563;-0,59514150;-22,41432000
-4,68017563;-0,59514150;-23,32530000
-4,66993563;-0,59514150;-22,86905000
-4,65969563;-0,59514150;-22,86905000
-4,64945563;-0,59514150;-22,41432000
-4,63921563;-0,60411390;-23,32530000
-4,62897563;-0,61308630;-22,86905000
-4,61873563;-0,61308630;-23,32530000
-4,60849563;-0,61308630;-22,86905000
-4,59825563;-0,61308630;-22,86905000
-4,58801563;-0,62205870;-22,86905000
-4,57777563;-0,62205870;-23,32530000
-4,56753563;-0,62205870;-22,86905000
-4,55729563;-0,63103120;-23,32530000
-4,54705563;-0,63103120;-22,86905000
-4,53681563;-0,63103120;-23,32530000
-4,52657563;-0,63103120;-22,86905000
-4,51633563;-0,64897610;-23,32530000
-4,50609563;-0,64897610;-22,86905000
-4,49585563;-0,64897610;-23,32530000
-4,48561563;-0,64897610;-22,86905000
-4,47537563;-0,64897610;-23,32530000
-4,46513563;-0,65794860;-23,32530000
-4,45489563;-0,65794860;-22,86905000
-4,44465563;-0,65794860;-23,32530000
-4,43441563;-0,65794860;-22,86905000
-4,42417563;-0,66689040;-22,86905000
-4,41393564;-0,66689040;-23,78002000
-4,40369564;-0,66689040;-22,86905000
-4,39345564;-0,66689040;-22,86905000
-4,38321564;-0,66689040;-23,32530000
-4,37297564;-0,67586290;-23,32530000
-4,36273564;-0,67586290;-23,32530000
-4,35249564;-0,68483540;-22,86905000
-4,34225564;-0,68483540;-23,32530000
-4,33201564;-0,68483540;-23,32530000
-4,32177564;-0,68483540;-23,32530000
-4,31153564;-0,69380780;-22,86905000
-4,30129564;-0,69380780;-23,32530000
-4,29105564;-0,69380780;-23,32530000
-4,28081564;-0,70278020;-23,32530000
-4,27057564;-0,70278020;-22,86905000
-4,26033564;-0,70278020;-23,32530000
-4,25009564;-0,70278020;-22,86905000
-4,23985564;-0,72072510;-23,32530000
-4,22961564;-0,72072510;-23,32530000
-4,21937564;-0,72072510;-23,32530000
-4,20913564;-0,71175270;-23,78002000
-4,19889564;-0,72072510;-22,86905000
-4,18865564;-0,72072510;-23,32530000
-4,17841564;-0,72969760;-22,86905000
-4,16817564;-0,72072510;-23,78002000
-4,15793564;-0,72072510;-23,32530000
-4,14769564;-0,73867000;-23,32530000
-4,13745564;-0,72969760;-23,32530000
-4,12721564;-0,73867000;-23,32530000
-4,11697564;-0,72969760;-23,32530000
-4,10673564;-0,73867000;-23,32530000
-4,09649564;-0,74761190;-23,32530000
-4,08625564;-0,75658430;-23,32530000
-4,07601564;-0,74761190;-22,86905000
-4,06577564;-0,74761190;-23,32530000
-4,05553564;-0,74761190;-23,32530000
-4,04529564;-0,75658430;-23,32530000
-4,03505564;-0,75658430;-23,32530000
-4,02481564;-0,75658430;-23,32530000
-4,01457564;-0,75658430;-23,32530000
-4,00433564;-0,75658430;-23,32530000
-3,99409564;-0,75658430;-23,32530000
-3,98385564;-0,76555680;-23,32530000
-3,97361564;-0,75658430;-23,32530000
-3,96337564;-0,76555680;-23,32530000
-3,95313564;-0,77452930;-22,86905000
-3,94289564;-0,77452930;-23,78002000
-3,93265564;-0,77452930;-23,32530000
-3,92241564;-0,77452930;-23,32530000
-3,91217564;-0,77452930;-23,32530000
-3,90193564;-0,77452930;-23,32530000
-3,89169564;-0,77452930;-23,32530000
-3,88145564;-0,77452930;-23,32530000
-3,87121564;-0,77452930;-23,32530000
-3,86097564;-0,78350170;-23,32530000
-3,85073564;-0,79247420;-23,32530000
-3,84049564;-0,79247420;-22,86905000
-3,83025564;-0,79247420;-23,32530000
-3,82001564;-0,79247420;-23,32530000
-3,80977564;-0,79247420;-23,78002000
-3,79953564;-0,79247420;-22,86905000
-3,78929564;-0,79247420;-23,78002000
-3,77905564;-0,80144660;-23,78002000
-3,76881564;-0,79247420;-23,32530000
-3,75857564;-0,81041900;-22,86905000
-3,74833564;-0,79247420;-23,32530000
-3,73809564;-0,80144660;-23,32530000
-3,72785564;-0,81041900;-23,32530000
-3,71761564;-0,80144660;-23,32530000
-3,70737564;-0,81041900;-23,32530000
-3,69713564;-0,81041900;-23,32530000
-3,68689564;-0,81939150;-23,32530000
-3,67665564;-0,81041900;-23,32530000
-3,66641564;-0,81041900;-23,32530000
-3,65617564;-0,81041900;-22,86905000
-3,64593564;-0,81041900;-22,41432000
-3,63569564;-0,81041900;-23,32530000
-3,62545564;-0,81939150;-23,32530000
-3,61521564;-0,82833340;-22,86905000
-3,60497564;-0,81041900;-23,32530000
-3,59473564;-0,82833340;-23,32530000
-3,58449564;-0,82833340;-23,32530000
-3,57425564;-0,82833340;-23,32530000
-3,56401564;-0,82833340;-23,32530000
-3,55377564;-0,82833340;-23,32530000
-3,54353564;-0,82833340;-23,32530000
-3,53329564;-0,82833340;-23,32530000
-3,52305564;-0,82833340;-23,78002000
-3,51281564;-0,82833340;-23,78002000
-3,50257564;-0,82833340;-22,86905000
-3,49233564;-0,82833340;-23,32530000
-3,48209564;-0,82833340;-23,78002000
-3,47185564;-0,82833340;-23,32530000
-3,46161564;-0,82833340;-23,32530000
-3,45137564;-0,82833340;-23,32530000
-3,44113564;-0,82833340;-22,86905000
-3,43089564;-0,83730580;-23,32530000
-3,42065564;-0,83730580;-23,32530000
-3,41041564;-0,83730580;-23,32530000
-3,40017564;-0,83730580;-23,32530000
-3,38993564;-0,84627830;-22,86905000
-3,37969564;-0,84627830;-22,86905000
-3,36945564;-0,84627830;-23,32530000
-3,35921564;-0,84627830;-23,32530000
-3,34897564;-0,83730580;-23,78002000
-3,33873564;-0,84627830;-22,86905000
-3,32849564;-0,84627830;-23,32530000
-3,31825564;-0,83730580;-23,32530000
-3,30801564;-0,83730580;-23,32530000
-3,29777564;-0,84627830;-23,32530000
-3,28753564;-0,84627830;-23,78002000
-3,27729564;-0,84627830;-23,32530000
-3,26705564;-0,84627830;-22,86905000
-3,25681564;-0,84627830;-23,32530000
-3,24657564;-0,84627830;-22,86905000
-3,23633564;-0,83730580;-23,78002000
-3,22609564;-0,84627830;-23,32530000
-3,21585564;-0,84627830;-23,78002000
-3,20561564;-0,84627830;-23,32530000
-3,19537564;-0,84627830;-22,86905000
-3,18513564;-0,83730580;-23,32530000
-3,17489564;-0,84627830;-22,86905000
-3,16465564;-0,84627830;-23,78002000
-3,15441564;-0,84627830;-23,32530000
-3,14417564;-0,84627830;-22,86905000
-3,13393564;-0,83730580;-22,86905000
-3,12369564;-0,83730580;-23,32530000
-3,11345564;-0,84627830;-23,78002000
-3,10321564;-0,84627830;-22,86905000
-3,09297564;-0,84627830;-23,32530000
-3,08273564;-0,84627830;-23,32530000
-3,07249564;-0,84627830;-23,32530000
-3,06225564;-0,84627830;-23,32530000
-3,05201564;-0,84627830;-22,86905000
-3,04177564;-0,83730580;-23,32530000
-3,03153564;-0,84627830;-23,32530000
-3,02129564;-0,84627830;-23,32530000
-3,01105564;-0,84627830;-22,86905000
-3,00081564;-0,84627830;-22,86905000
-2,99057564;-0,84627830;-23,32530000
-2,98033564;-0,84627830;-23,32530000
-2,97009564;-0,84627830;-23,32530000
-2,95985564;-0,84627830;-23,78002000
-2,94961564;-0,83730580;-23,32530000
-2,93937564;-0,84627830;-23,32530000
-2,92913564;-0,84627830;-23,32530000
-2,91889564;-0,84627830;-22,86905000
-2,90865564;-0,84627830;-22,86905000
-2,89841564;-0,84627830;-23,32530000
-2,88817564;-0,84627830;-23,78002000
-2,87793564;-0,84627830;-22,86905000
-2,86769564;-0,84627830;-22,86905000
-2,85745564;-0,83730580;-22,86905000
-2,84721564;-0,84627830;-23,32530000
-2,83697564;-0,84627830;-22,86905000
-2,82673564;-0,84627830;-23,32530000
-2,81649564;-0,83730580;-23,32530000
-2,80625564;-0,83730580;-22,86905000
-2,79601564;-0,83730580;-23,78002000
-2,78577564;-0,83730580;-22,86905000
-2,77553565;-0,83730580;-23,32530000
-2,76529565;-0,83730580;-23,32530000
-2,75505565;-0,83730580;-23,32530000
-2,74481565;-0,82833340;-22,86905000
-2,73457565;-0,83730580;-22,86905000
-2,72433565;-0,82833340;-23,32530000
-2,71409565;-0,82833340;-22,86905000
-2,70385565;-0,82833340;-22,86905000
-2,69361565;-0,82833340;-22,86905000
-2,68337565;-0,82833340;-22,86905000
-2,67313565;-0,82833340;-22,86905000
-2,66289565;-0,82833340;-22,86905000
-2,65265565;-0,82833340;-22,86905000
-2,64241565;-0,82833340;-22,86905000
-2,63217565;-0,81939150;-23,32530000
-2,62193565;-0,82833340;-23,32530000
-2,61169565;-0,81939150;-22,86905000
-2,60145565;-0,81939150;-22,86905000
-2,59121565;-0,82833340;-23,32530000
-2,58097565;-0,81939150;-23,32530000
-2,57073565;-0,81939150;-23,32530000
-2,56049565;-0,82833340;-22,41432000
-2,55025565;-0,81041900;-22,86905000
-2,54001565;-0,81939150;-22,86905000
-2,52977565;-0,81041900;-22,86905000
-2,51953565;-0,81041900;-22,86905000
-2,50929565;-0,81041900;-23,78002000
-2,49905565;-0,81041900;-23,32530000
-2,48881565;-0,81041900;-22,86905000
-2,47857565;-0,81041900;-22,86905000
-2,46833565;-0,81041900;-23,32530000
-2,45809565;-0,80144660;-22,86905000
-2,44785565;-0,80144660;-23,32530000
-2,43761565;-0,80144660;-22,86905000
-2,42737565;-0,79247420;-22,86905000
-2,41713565;-0,79247420;-22,86905000
-2,40689565;-0,79247420;-22,86905000
-2,39665565;-0,79247420;-22,86905000
-2,38641565;-0,79247420;-22,41432000
-2,37617565;-0,79247420;-23,32530000
-2,36593565;-0,79247420;-22,41432000
-2,35569565;-0,79247420;-22,86905000
-2,34545565;-0,79247420;-22,86905000
-2,33521565;-0,78350170;-22,86905000
-2,32497565;-0,78350170;-22,86905000
-2,31473565;-0,77452930;-22,86905000
-2,30449565;-0,77452930;-23,32530000
-2,29425565;-0,77452930;-22,41432000
-2,28401565;-0,77452930;-22,86905000
-2,27377565;-0,77452930;-23,32530000
-2,26353565;-0,77452930;-22,86905000
-2,25329565;-0,76555680;-23,32530000
-2,24305565;-0,76555680;-22,41432000
-2,23281565;-0,76555680;-23,78002000
-2,22257565;-0,76555680;-22,86905000
-2,21233565;-0,75658430;-22,86905000
-2,20209565;-0,76555680;-22,86905000
-2,19185565;-0,76555680;-22,41432000
-2,18161565;-0,75658430;-22,86905000
-2,17137565;-0,75658430;-22,41432000
-2,16113565;-0,75658430;-22,86905000
-2,15089565;-0,75658430;-22,86905000
-2,14065565;-0,75658430;-22,86905000
-2,13041565;-0,75658430;-22,41432000
-2,12017565;-0,74761190;-22,86905000
-2,10993565;-0,74761190;-21,95959000
-2,09969565;-0,74761190;-21,95959000
-2,08945565;-0,73867000;-22,86905000
-2,07921565;-0,73867000;-22,86905000
-2,06897565;-0,73867000;-22,41432000
-2,05873565;-0,73867000;-22,86905000
-2,04849565;-0,73867000;-22,41432000
-2,03825565;-0,72969760;-22,86905000
-2,02801565;-0,72969760;-22,41432000
-2,01777565;-0,72072510;-22,86905000
-2,00753565;-0,72072510;-22,41432000
-1,99729565;-0,72072510;-22,41432000
-1,98705565;-0,72072510;-22,41432000
-1,97681565;-0,72072510;-22,86905000
-1,96657565;-0,72072510;-22,86905000
-1,95633565;-0,72072510;-22,41432000
-1,94609565;-0,70278020;-22,41432000
-1,93585565;-0,71175270;-22,41432000
-1,92561565;-0,70278020;-22,41432000
-1,91537565;-0,70278020;-22,41432000
-1,90513565;-0,70278020;-22,41432000
-1,89489565;-0,70278020;-21,95959000
-1,88465565;-0,69380780;-22,86905000
-1,87441565;-0,70278020;-22,41432000
-1,86417565;-0,68483540;-21,95959000
-1,85393565;-0,68483540;-21,95959000
-1,84369565;-0,68483540;-22,41432000
-1,83345565;-0,68483540;-22,86905000
-1,82321565;-0,67586290;-22,41432000
-1,81297565;-0,68483540;-22,41432000
-1,80273565;-0,67586290;-21,95959000
-1,79249565;-0,66689040;-22,86905000
-1,78225565;-0,66689040;-22,41432000
-1,77201565;-0,66689040;-22,41432000
-1,76177565;-0,65794860;-21,95959000
-1,75153565;-0,65794860;-21,95959000
-1,74129565;-0,65794860;-22,41432000
-1,73105565;-0,65794860;-22,86905000
-1,72081565;-0,64897610;-22,41432000
-1,71057565;-0,64897610;-22,41432000
-1,70033565;-0,64897610;-21,95959000
-1,69009565;-0,64897610;-21,95959000
-1,67985565;-0,63103120;-21,95959000
-1,66961565;-0,64000370;-22,41432000
-1,65937565;-0,63103120;-21,95959000
-1,64913565;-0,63103120;-22,41432000
-1,63889565;-0,63103120;-21,95959000
-1,62865565;-0,62205870;-21,95959000
-1,61841565;-0,62205870;-21,95959000
-1,60817565;-0,61308630;-22,86905000
-1,59793565;-0,61308630;-22,41432000
-1,58769565;-0,61308630;-21,50487000
-1,57745565;-0,61308630;-21,95959000
-1,56721565;-0,61308630;-21,95959000
-1,55697565;-0,60411390;-22,41432000
-1,54673565;-0,60411390;-22,41432000
-1,53649565;-0,59514150;-21,95959000
-1,52625565;-0,60411390;-21,95959000
-1,51601565;-0,58616900;-21,95959000
-1,50577565;-0,59514150;-22,41432000
-1,49553565;-0,58616900;-21,50487000
-1,48529565;-0,57722710;-21,50487000
-1,47505565;-0,57722710;-21,50487000
-1,46481565;-0,57722710;-21,95959000
-1,45457565;-0,57722710;-21,95959000
-1,44433565;-0,57722710;-21,95959000
-1,43409565;-0,56825460;-22,41432000
-1,42385565;-0,55928220;-22,41432000
-1,41361565;-0,55928220;-21,95959000
-1,40337565;-0,55928220;-21,95959000
-1,39313565;-0,55030980;-21,50487000
-1,38289565;-0,55030980;-21,95959000
-1,37265565;-0,54133730;-21,50487000
-1,36241565;-0,54133730;-21,50487000
-1,35217565;-0,54133730;-21,50487000
-1,34193565;-0,54133730;-21,50487000
-1,33169565;-0,53236490;-21,95959000
-1,32145565;-0,54133730;-21,50487000
-1,31121565;-0,53236490;-21,95959000
-1,30097565;-0,51442000;-21,95959000
-1,29073565;-0,52339240;-21,04861000
-1,28049565;-0,51442000;-21,95959000
-1,27025565;-0,52339240;-21,50487000
-1,26001565;-0,50544760;-21,50487000
-1,24977565;-0,50544760;-21,50487000
-1,23953565;-0,50544760;-21,04861000
-1,22929565;-0,48753320;-21,50487000
-1,21905565;-0,50544760;-21,50487000
-1,20881565;-0,48753320;-21,50487000
-1,19857565;-0,48753320;-21,50487000
-1,18833565;-0,48753320;-21,50487000
-1,17809565;-0,47856070;-21,50487000
-1,16785565;-0,46958830;-21,50487000
-1,15761565;-0,47856070;-21,50487000
-1,14737565;-0,46958830;-21,04861000
-1,13713565;-0,46958830;-20,59389000
-1,12689566;-0,46958830;-21,50487000
-1,11665566;-0,46061590;-21,50487000
-1,10641566;-0,46061590;-21,04861000
-1,09617566;-0,45164340;-21,50487000
-1,08593566;-0,45164340;-21,50487000
-1,07569566;-0,44267100;-20,59389000
-1,06545566;-0,43369850;-21,04861000
-1,05521566;-0,44267100;-21,04861000
-1,04497566;-0,43369850;-21,50487000
-1,03473566;-0,43369850;-20,59389000
-1,02449566;-0,42472610;-21,04861000
-1,01425566;-0,42472610;-21,04861000
-1,00401566;-0,41575370;-21,04861000
-0,99377566;-0,41575370;-21,04861000
-0,98353566;-0,41575370;-21,04861000
-0,97329566;-0,40681170;-20,59389000
-0,96305566;-0,40681170;-21,04861000
-0,95281566;-0,39783930;-21,04861000
-0,94257566;-0,39783930;-21,04861000
-0,93233566;-0,39783930;-20,59389000
-0,92209566;-0,38886680;-20,59389000
-0,91185566;-0,37989440;-20,13916000
-0,90161566;-0,37989440;-20,13916000
-0,89137566;-0,37989440;-21,04861000
-0,88113566;-0,37092200;-20,13916000
-0,87089566;-0,37989440;-20,59389000
-0,86065566;-0,36194950;-20,59389000
-0,85041566;-0,36194950;-20,59389000
-0,84017566;-0,36194950;-20,13916000
-0,82993566;-0,36194950;-20,13916000
-0,81969566;-0,35297710;-20,59389000
-0,80945566;-0,35297710;-20,59389000
-0,79921566;-0,34400460;-20,13916000
-0,78897566;-0,33503220;-20,59389000
-0,77873566;-0,34400460;-19,68444000
-0,76849566;-0,32609030;-20,13916000
-0,75825566;-0,32609030;-20,13916000
-0,74801566;-0,32609030;-20,59389000
-0,73777566;-0,31711780;-19,68444000
-0,72753566;-0,30814540;-20,13916000
-0,71729566;-0,30814540;-19,68444000
-0,70705566;-0,29917290;-19,68444000
-0,69681566;-0,30814540;-20,13916000
-0,68657566;-0,29917290;-19,68444000
-0,67633566;-0,29020050;-19,68444000
-0,66609566;-0,29020050;-19,68444000
-0,65585566;-0,29020050;-19,68444000
-0,64561566;-0,29020050;-19,68444000
-0,63537566;-0,27225560;-19,68444000
-0,62513566;-0,27225560;-19,68444000
-0,61489566;-0,27225560;-19,68444000
-0,60465566;-0,27225560;-19,22819000
-0,59441566;-0,26328320;-19,68444000
-0,58417566;-0,25431070;-19,68444000
-0,57393566;-0,25431070;-19,68444000
-0,56369566;-0,25431070;-19,68444000
-0,55345566;-0,25431070;-19,68444000
-0,54321566;-0,23639640;-19,68444000
-0,53297566;-0,23639640;-19,68444000
-0,52273566;-0,22742390;-19,22819000
-0,51249566;-0,22742390;-19,22819000
-0,50225566;-0,21845150;-19,22819000
-0,49201566;-0,21845150;-19,22819000
-0,48177566;-0,21845150;-19,22819000
-0,47153566;-0,20947900;-18,31874000
-0,46129566;-0,20050660;-19,22819000
-0,45105566;-0,20050660;-18,77346000
-0,44081566;-0,20050660;-18,31874000
-0,43057566;-0,19153420;-19,22819000
-0,42033566;-0,19153420;-18,77346000
-0,41009566;-0,18256170;-18,31874000
-0,39985566;-0,18256170;-18,31874000
-0,38961566;-0,17358930;-18,31874000
-0,37937566;-0,17358930;-17,86401000
-0,36913566;-0,16464740;-18,77346000
-0,35889566;-0,16464740;-17,86401000
-0,34865566;-0,14670250;-18,31874000
-0,33841566;-0,15567490;-17,86401000
-0,32817566;-0,14670250;-17,86401000
-0,31793566;-0,14670250;-18,77346000
-0,30769566;-0,13773000;-18,31874000
-0,29745566;-0,13773000;-18,31874000
-0,28721566;-0,12875760;-17,40776000
-0,27697566;-0,12875760;-18,31874000
-0,26673566;-0,12875760;-17,86401000
-0,25649566;-0,11978520;-17,86401000
-0,24625566;-0,11978520;-17,40776000
-0,23601566;-0,11081270;-17,40776000
-0,22577566;-0,11081270;-17,40776000
-0,21553566;-0,11081270;-17,86401000
-0,20529566;-0,10184030;-17,40776000
-0,19505566;-0,09286782;-17,40776000
-0,18481566;-0,09286782;-16,95303000
-0,17457566;-0,07495346;-16,49831000
-0,16433566;-0,07495346;-16,95303000
-0,15409566;-0,07495346;-16,49831000
-0,14385566;-0,07495346;-16,95303000
-0,13361566;-0,06598102;-16,95303000
-0,12337566;-0,05700858;-16,95303000
-0,11313566;-0,06598102;-16,49831000
-0,10289566;-0,05700858;-16,49831000
-0,09265566;-0,04803614;-16,49831000
-0,08241566;-0,03906369;-16,04358000
-0,07217566;-0,03906369;-15,58733000
-0,06193566;-0,03906369;-16,04358000
-0,05169566;-0,02111881;-16,04358000
-0,04145566;-0,03009125;-15,13260000
-0,03121566;-0,02111881;-15,13260000
-0,02097566;-0,01214637;-15,13260000
-0,01073566;-0,02111881;-15,13260000
-0,00049566;-0,01214637;-15,58733000
0,00974434;-0,00320444;-14,67788000
0,01998434;-0,00320444;-14,22315000
0,03022434;-0,00320444;-14,67788000
0,04046434;-0,00320444;-14,22315000
0,05070434;0,01470992;-14,22315000
0,06094434;0,01470992;-13,31217000
0,07118434;0,01470992;-13,76690000
0,08142434;0,02368236;-12,40272000
0,09166434;0,03265481;-11,03702000
0,10190434;0,03265481;-3,30057700
0,11214434;0,03265481;20,81973000
0,12238434;0,04162725;29,92187000
0,13262434;0,05059969;24,46058000
0,14286434;0,05059969;23,54961000
0,15310434;0,05059969;25,37004000
0,16334434;0,06854457;25,37004000
0,17358434;0,06854457;25,37004000
0,18382434;0,06854457;25,37004000
0,19406434;0,06854457;25,82629000
0,20430434;0,07751702;25,82629000
0,21454434;0,08645894;26,28101000
0,22478434;0,08645894;26,28101000
0,23502434;0,09543138;25,82629000
0,24526434;0,09543138;26,73574000
0,25550434;0,10440380;26,28101000
0,26574434;0,10440380;26,28101000
0,27598434;0,11337630;26,28101000
0,28622434;0,11337630;26,73574000
0,29646434;0,11337630;27,19047000
0,30670434;0,12234870;26,73574000
0,31694434;0,13132110;26,73574000
0,32718434;0,13132110;27,19047000
0,33742434;0,14029360;27,19047000
0,34766434;0,14029360;27,19047000
0,35790434;0,14029360;27,19047000
0,36814434;0,14029360;26,73574000
0,37838434;0,15823850;27,19047000
0,38862434;0,15823850;27,64672000
0,39886434;0,15823850;27,19047000
0,40910434;0,16718040;27,64672000
0,41934434;0,16718040;28,10144000
0,42958434;0,17615280;28,10144000
0,43982434;0,17615280;28,10144000
0,45006434;0,17615280;28,10144000
0,46030434;0,17615280;28,10144000
0,47054434;0,19409770;28,10144000
0,48078434;0,19409770;28,10144000
0,49102434;0,19409770;29,01089000
0,50126434;0,20307020;28,10144000
0,51150434;0,21204260;28,55617000
0,52174433;0,21204260;28,10144000
0,53198433;0,21204260;28,10144000
0,54222433;0,21204260;29,01089000
0,55246433;0,21204260;29,01089000
0,56270433;0,22998750;28,55617000
0,57294433;0,22998750;28,10144000
0,58318433;0,23895990;28,55617000
0,59342433;0,23895990;29,01089000
0,60366433;0,24790190;28,55617000
0,61390433;0,24790190;29,01089000
0,62414433;0,24790190;28,55617000
0,63438433;0,25687430;29,46715000
0,64462433;0,26584670;29,01089000
0,65486433;0,26584670;29,01089000
0,66510433;0,26584670;29,01089000
0,67534433;0,28379160;29,01089000
0,68558433;0,27481920;29,46715000
0,69582433;0,28379160;29,46715000
0,70606433;0,28379160;29,46715000
0,71630433;0,28379160;29,01089000
0,72654433;0,30173650;29,46715000
0,73678433;0,30173650;29,46715000
0,74702433;0,30173650;29,46715000
0,75726433;0,30173650;29,46715000
0,76750433;0,31070890;29,01089000
0,77774433;0,31070890;29,92187000
0,78798433;0,31968140;29,46715000
0,79822433;0,31968140;29,46715000
0,80846433;0,31968140;29,46715000
0,81870433;0,31968140;29,92187000
0,82894433;0,33759580;29,92187000
0,83918433;0,34656820;29,46715000
0,84942433;0,34656820;29,92187000
0,85966433;0,35554060;29,46715000
0,86990433;0,35554060;29,92187000
0,88014433;0,35554060;29,92187000
0,89038433;0,35554060;29,92187000
0,90062433;0,37348550;30,37660000
0,91086433;0,36451310;29,92187000
0,92110433;0,37348550;29,92187000
0,93134433;0,37348550;29,92187000
0,94158433;0,37348550;29,92187000
0,95182433;0,38245800;29,92187000
0,96206433;0,39143040;30,37660000
0,97230433;0,39143040;30,37660000
0,98254433;0,39143040;29,92187000
0,99278433;0,40040280;29,92187000
1,00302433;0,39143040;30,37660000
1,01326433;0,40934480;30,37660000
1,02350433;0,40934480;30,37660000
1,03374433;0,41831720;30,83132000
1,04398433;0,41831720;29,92187000
1,05422433;0,41831720;30,83132000
1,06446433;0,42728970;30,37660000
1,07470433;0,42728970;30,37660000
1,08494433;0,42728970;29,92187000
1,09518433;0,43626210;30,37660000
1,10542433;0,44523450;30,37660000
1,11566433;0,43626210;30,37660000
1,12590433;0,44523450;30,83132000
1,13614433;0,45420700;30,83132000
1,14638433;0,45420700;30,83132000
1,15662433;0,46317940;30,83132000
1,16686433;0,46317940;30,37660000
1,17710433;0,46317940;30,83132000
1,18734433;0,46317940;30,37660000
1,19758433;0,47215180;30,37660000
1,20782433;0,48112430;30,83132000
1,21806433;0,48112430;30,83132000
1,22830433;0,48112430;30,37660000
1,23854433;0,49006620;31,28757000
1,24878433;0,49006620;30,83132000
1,25902433;0,49903870;31,28757000
1,26926433;0,49903870;30,83132000
1,27950433;0,49903870;31,28757000
1,28974433;0,49903870;30,83132000
1,29998433;0,49903870;30,83132000
1,31022433;0,50801110;31,28757000
1,32046433;0,51698360;30,83132000
1,33070433;0,51698360;30,83132000
1,34094433;0,51698360;31,28757000
1,35118433;0,53492840;31,28757000
1,36142433;0,52595600;31,28757000
1,37166433;0,53492840;31,28757000
1,38190433;0,54390080;31,28757000
1,39214433;0,53492840;31,28757000
1,40238433;0,53492840;31,28757000
1,41262433;0,54390080;31,74230000
1,42286433;0,55287330;30,83132000
1,43310433;0,55287330;30,83132000
1,44334433;0,56184580;31,28757000
1,45358433;0,56184580;31,28757000
1,46382433;0,57081820;30,83132000
1,47406433;0,56184580;31,28757000
1,48430433;0,57081820;30,83132000
1,49454433;0,57081820;31,28757000
1,50478433;0,57976010;31,28757000
1,51502433;0,57081820;31,28757000
1,52526433;0,57976010;31,28757000
1,53550433;0,58873250;31,28757000
1,54574433;0,58873250;31,28757000
1,55598433;0,59770500;31,28757000
1,56622433;0,58873250;31,28757000
1,57646433;0,59770500;31,28757000
1,58670433;0,60667750;31,74230000
1,59694433;0,60667750;31,28757000
1,60718433;0,60667750;31,28757000
1,61742433;0,60667750;30,83132000
1,62766433;0,61564990;31,28757000
1,63790433;0,60667750;31,28757000
1,64814433;0,62462230;31,28757000
1,65838433;0,62462230;31,28757000
1,66862433;0,62462230;31,28757000
1,67886433;0,63359480;31,28757000
1,68910433;0,63359480;31,74230000
1,69934433;0,64256720;31,28757000
1,70958433;0,63359480;31,28757000
1,71982433;0,64256720;31,74230000
1,73006433;0,64256720;31,74230000
1,74030433;0,65153970;31,28757000
1,75054433;0,64256720;31,28757000
1,76078433;0,66048160;31,74230000
1,77102433;0,66048160;31,28757000
1,78126433;0,66048160;30,83132000
1,79150433;0,66048160;31,28757000
1,80174433;0,66945400;31,74230000
1,81198433;0,66945400;31,74230000
1,82222433;0,66048160;31,28757000
1,83246433;0,67842640;30,83132000
1,84270433;0,67842640;31,74230000
1,85294433;0,67842640;31,28757000
1,86318433;0,67842640;31,28757000
1,87342433;0,67842640;31,74230000
1,88366433;0,67842640;31,28757000
1,89390433;0,68739890;31,74230000
1,90414433;0,69637140;31,28757000
1,91438433;0,69637140;31,28757000
1,92462433;0,69637140;31,28757000
1,93486433;0,69637140;31,28757000
1,94510433;0,70534380;31,28757000
1,95534433;0,70534380;31,28757000
1,96558433;0,70534380;31,28757000
1,97582433;0,70534380;31,74230000
1,98606433;0,71431620;31,74230000
1,99630433;0,71431620;31,28757000
2,00654433;0,71431620;31,74230000
2,01678433;0,71431620;31,74230000
2,02702433;0,72328870;31,28757000
2,03726433;0,72328870;31,74230000
2,04750433;0,73226110;31,74230000
2,05774433;0,73226110;31,28757000
2,06798433;0,73226110;31,74230000
2,07822433;0,73226110;31,74230000
2,08846433;0,73226110;31,28757000
2,09870433;0,74120300;31,74230000
2,10894433;0,73226110;31,28757000
2,11918433;0,74120300;31,74230000
2,12942433;0,74120300;31,74230000
2,13966433;0,74120300;31,74230000
2,14990433;0,75017550;31,74230000
2,16014432;0,75017550;31,28757000
2,17038432;0,75017550;31,74230000
2,18062432;0,75017550;31,74230000
2,19086432;0,75017550;31,74230000
2,20110432;0,75017550;31,74230000
2,21134432;0,75914790;32,19703000
2,22158432;0,75914790;31,74230000
2,23182432;0,76812030;31,74230000
2,24206432;0,76812030;31,74230000
2,25230432;0,76812030;31,28757000
2,26254432;0,76812030;31,28757000
2,27278432;0,76812030;31,28757000
2,28302432;0,76812030;31,28757000
2,29326432;0,77709280;31,74230000
2,30350432;0,77709280;31,74230000
2,31374432;0,77709280;31,74230000
2,32398432;0,76812030;31,74230000
2,33422432;0,77709280;31,28757000
2,34446432;0,77709280;31,74230000
2,35470432;0,78606520;31,28757000
2,36494432;0,78606520;31,28757000
2,37518432;0,78606520;31,28757000
2,38542432;0,78606520;31,74230000
2,39566432;0,78606520;31,74230000
2,40590432;0,78606520;31,74230000
2,41614432;0,79503770;31,28757000
2,42638432;0,78606520;31,28757000
2,43662432;0,80401020;31,74230000
2,44686432;0,79503770;31,28757000
2,45710432;0,80401020;32,19703000
2,46734432;0,80401020;32,19703000
2,47758432;0,80401020;31,28757000
2,48782432;0,80401020;31,74230000
2,49806432;0,80401020;31,28757000
2,50830432;0,80401020;31,74230000
2,51854432;0,80401020;31,74230000
2,52878432;0,81298260;31,28757000
2,53902432;0,80401020;31,74230000
2,54926432;0,81298260;31,74230000
2,55950432;0,81298260;31,74230000
2,56974432;0,82192450;32,19703000
2,57998432;0,82192450;31,28757000
2,59022432;0,82192450;31,74230000
2,60046432;0,82192450;32,19703000
2,61070432;0,82192450;31,74230000
2,62094432;0,82192450;31,28757000
2,63118432;0,82192450;31,28757000
2,64142432;0,82192450;31,74230000
2,65166432;0,83089690;31,74230000
2,66190432;0,82192450;31,74230000
2,67214432;0,83089690;31,74230000
2,68238432;0,82192450;31,74230000
2,69262432;0,83986940;32,19703000
2,70286432;0,83986940;31,28757000
2,71310432;0,82192450;32,19703000
2,72334432;0,83089690;31,74230000
2,73358432;0,83089690;31,74230000
2,74382432;0,83986940;31,74230000
2,75406432;0,83089690;31,74230000
2,76430432;0,83986940;31,28757000
2,77454432;0,83986940;31,74230000
2,78478432;0,83986940;31,74230000
2,79502432;0,83986940;31,74230000
2,80526432;0,83986940;31,28757000
2,81550432;0,83986940;31,74230000
2,82574432;0,83986940;31,74230000
2,83598432;0,83986940;31,74230000
2,84622432;0,83986940;31,28757000
2,85646432;0,83986940;31,74230000
2,86670432;0,83986940;31,74230000
2,87694432;0,84884180;31,74230000
2,88718432;0,83986940;31,28757000
2,89742432;0,84884180;31,28757000
2,90766432;0,84884180;31,28757000
2,91790432;0,83986940;31,74230000
2,92814432;0,84884180;31,28757000
2,93838432;0,84884180;31,74230000
2,94862432;0,84884180;31,74230000
2,95886432;0,84884180;31,28757000
2,96910432;0,84884180;31,74230000
2,97934432;0,85781430;31,74230000
2,98958432;0,85781430;31,28757000
2,99982432;0,84884180;31,74230000
3,01006432;0,84884180;31,74230000
3,02030432;0,84884180;31,74230000
3,03054432;0,85781430;31,74230000
3,04078432;0,85781430;31,28757000
3,05102432;0,84884180;31,74230000
3,06126432;0,84884180;31,74230000
3,07150432;0,84884180;31,28757000
3,08174432;0,85781430;31,28757000
3,09198432;0,85781430;31,74230000
3,10222432;0,84884180;31,74230000
3,11246432;0,84884180;31,74230000
3,12270432;0,85781430;31,28757000
3,13294432;0,85781430;31,74230000
3,14318432;0,84884180;31,28757000
3,15342432;0,85781430;31,74230000
3,16366432;0,84884180;31,74230000
3,17390432;0,84884180;31,28757000
3,18414432;0,84884180;31,28757000
3,19438432;0,85781430;31,74230000
3,20462432;0,85781430;31,74230000
3,21486432;0,84884180;31,74230000
3,22510432;0,85781430;31,74230000
3,23534432;0,85781430;31,74230000
3,24558432;0,85781430;31,28757000
3,25582432;0,84884180;31,74230000
3,26606432;0,84884180;31,74230000
3,27630432;0,85781430;31,74230000
3,28654432;0,85781430;31,74230000
3,29678432;0,83986940;31,74230000
3,30702432;0,84884180;31,28757000
3,31726432;0,84884180;31,28757000
3,32750432;0,83986940;31,74230000
3,33774432;0,84884180;31,28757000
3,34798432;0,84884180;31,28757000
3,35822432;0,84884180;31,74230000
3,36846432;0,84884180;31,74230000
3,37870432;0,83986940;31,28757000
3,38894432;0,84884180;31,28757000
3,39918432;0,84884180;31,28757000
3,40942432;0,84884180;31,28757000
3,41966432;0,84884180;31,28757000
3,42990432;0,83986940;31,28757000
3,44014432;0,84884180;31,28757000
3,45038432;0,83986940;31,74230000
3,46062432;0,83986940;31,28757000
3,47086432;0,83986940;30,83132000
3,48110432;0,83986940;31,28757000
3,49134432;0,83986940;31,28757000
3,50158432;0,83986940;31,74230000
3,51182432;0,83986940;31,28757000
3,52206432;0,83986940;31,28757000
3,53230432;0,83986940;31,28757000
3,54254432;0,83986940;31,28757000
3,55278432;0,83986940;31,28757000
3,56302432;0,83089690;31,28757000
3,57326432;0,83089690;31,28757000
3,58350432;0,83089690;31,74230000
3,59374432;0,83089690;31,28757000
3,60398432;0,83089690;31,74230000
3,61422432;0,82192450;31,74230000
3,62446432;0,82192450;31,28757000
3,63470432;0,82192450;31,28757000
3,64494432;0,82192450;31,74230000
3,65518432;0,82192450;31,28757000
3,66542432;0,82192450;31,74230000
3,67566432;0,82192450;31,28757000
3,68590432;0,82192450;31,28757000
3,69614432;0,82192450;31,28757000
3,70638432;0,82192450;31,28757000
3,71662432;0,82192450;31,74230000
3,72686432;0,81298260;31,74230000
3,73710432;0,82192450;31,28757000
3,74734432;0,81298260;31,28757000
3,75758432;0,82192450;31,28757000
3,76782432;0,81298260;31,74230000
3,77806432;0,81298260;31,28757000
3,78830432;0,81298260;30,83132000
3,79854432;0,81298260;31,28757000
3,80878431;0,80401020;31,74230000
3,81902431;0,80401020;31,74230000
3,82926431;0,80401020;31,28757000
3,83950431;0,80401020;31,28757000
3,84974431;0,80401020;31,28757000
3,85998431;0,80401020;31,28757000
3,87022431;0,80401020;31,74230000
3,88046431;0,78606520;30,83132000
3,89070431;0,79503770;30,83132000
3,90094431;0,79503770;31,28757000
3,91118431;0,78606520;30,83132000
3,92142431;0,78606520;30,83132000
3,93166431;0,78606520;31,28757000
3,94190431;0,78606520;31,28757000
3,95214431;0,78606520;30,83132000
3,96238431;0,78606520;31,28757000
3,97262431;0,78606520;30,83132000
3,98286431;0,77709280;31,28757000
3,99310431;0,76812030;30,83132000
4,00334431;0,77709280;30,83132000
4,01358431;0,76812030;31,28757000
4,02382431;0,77709280;31,28757000
4,03406431;0,76812030;31,74230000
4,04430431;0,76812030;30,83132000
4,05454431;0,76812030;31,28757000
4,06478431;0,76812030;30,83132000
4,07502431;0,76812030;30,83132000
4,08526431;0,76812030;30,83132000
4,09550431;0,75914790;31,28757000
4,10574431;0,75914790;31,28757000
4,11598431;0,75017550;31,28757000
4,12622431;0,75017550;30,83132000
4,13646431;0,75017550;30,83132000
4,14670431;0,75017550;30,37660000
4,15694431;0,75017550;30,83132000
4,16718431;0,75017550;30,37660000
4,17742431;0,74120300;31,28757000
4,18766431;0,74120300;30,37660000
4,19790431;0,73226110;30,83132000
4,20814431;0,73226110;30,83132000
4,21838431;0,73226110;31,74230000
4,22862431;0,73226110;31,74230000
4,23886431;0,73226110;30,83132000
4,24910431;0,73226110;31,28757000
4,25934431;0,72328870;30,83132000
4,26958431;0,73226110;31,28757000
4,27982431;0,71431620;30,83132000
4,29006431;0,71431620;30,83132000
4,30030431;0,71431620;30,37660000
4,31054431;0,71431620;30,83132000
4,32078431;0,71431620;30,37660000
4,33102431;0,70534380;30,83132000
4,34126431;0,71431620;30,83132000
4,35150431;0,69637140;30,83132000
4,36174431;0,70534380;30,83132000
4,37198431;0,69637140;30,83132000
4,38222431;0,69637140;30,83132000
4,39246431;0,69637140;30,83132000
4,40270431;0,69637140;31,28757000
4,41294431;0,68739890;30,83132000
4,42318431;0,67842640;31,28757000
4,43342431;0,68739890;30,83132000
4,44366431;0,67842640;30,83132000
4,45390431;0,67842640;30,83132000
4,46414431;0,67842640;30,37660000
4,47438431;0,67842640;30,83132000
4,48462431;0,66945400;30,83132000
4,49486431;0,67842640;30,83132000
4,50510431;0,66048160;29,92187000
4,51534431;0,66048160;30,83132000
4,52558431;0,66048160;30,83132000
4,53582431;0,66048160;30,37660000
4,54606431;0,66048160;30,83132000
4,55630431;0,65153970;30,37660000
4,56654431;0,64256720;30,37660000
4,57678431;0,64256720;30,37660000
4,58702431;0,64256720;30,83132000
4,59726431;0,64256720;30,83132000
4,60750431;0,64256720;30,37660000
4,61774431;0,62462230;30,37660000
4,62798431;0,62462230;30,37660000
4,63822431;0,62462230;30,37660000
4,64846431;0,62462230;30,37660000
4,65870431;0,62462230;31,28757000
4,66894431;0,62462230;29,92187000
4,67918431;0,62462230;30,37660000
4,68942431;0,60667750;30,37660000
4,69966431;0,60667750;30,37660000
4,70990431;0,60667750;30,37660000
4,72014431;0,60667750;30,37660000
4,73038431;0,59770500;29,92187000
4,74062431;0,60667750;30,83132000
4,75086431;0,58873250;30,37660000
4,76110431;0,58873250;30,37660000
4,77134431;0,58873250;30,37660000
4,78158431;0,58873250;30,37660000
4,79182431;0,57976010;30,37660000
4,80206431;0,57081820;30,37660000
4,81230431;0,57081820;30,37660000
4,82254431;0,57081820;30,37660000
4,83278431;0,56184580;29,92187000
4,84302431;0,57081820;30,37660000
4,85326431;0,56184580;29,92187000
4,86350431;0,56184580;29,92187000
4,87374431;0,55287330;29,92187000
4,88398431;0,55287330;29,92187000
4,89422431;0,54390080;29,46715000
4,90446431;0,54390080;30,37660000
4,91470431;0,53492840;30,83132000
4,92494431;0,53492840;29,92187000
4,93518431;0,53492840;29,92187000
4,94542431;0,53492840;29,46715000
4,95566431;0,53492840;29,92187000
4,96590431;0,52595600;29,92187000
4,97614431;0,52595600;29,46715000
4,98638431;0,51698360;29,46715000
4,99662431;0,50801110;29,46715000
5,00686431;0,51698360;29,92187000
5,01710431;0,49903870;29,92187000
5,02734431;0,49903870;29,92187000
5,03758431;0,49903870;29,46715000
5,04782431;0,49903870;29,46715000
5,05806431;0,49006620;29,46715000
5,06830431;0,49006620;29,92187000
5,07854431;0,48112430;29,92187000
5,08878431;0,48112430;29,92187000
5,09902431;0,48112430;29,92187000
5,10926431;0,47215180;29,01089000
5,11950431;0,47215180;29,46715000
5,12974431;0,46317940;29,46715000
5,13998431;0,46317940;29,92187000
5,15022431;0,46317940;29,46715000
5,16046431;0,45420700;29,46715000
5,17070431;0,46317940;29,46715000
5,18094431;0,44523450;29,92187000
5,19118431;0,44523450;29,92187000
5,20142431;0,43626210;29,46715000
5,21166431;0,44523450;29,92187000
5,22190431;0,42728970;29,92187000
5,23214431;0,42728970;29,46715000
5,24238431;0,42728970;29,46715000
5,25262431;0,42728970;29,46715000
5,26286431;0,41831720;29,92187000
5,27310431;0,41831720;29,01089000
5,28334431;0,40934480;29,46715000
5,29358431;0,40934480;29,46715000
5,30382431;0,40934480;28,55617000
5,31406431;0,40040280;29,01089000
5,32430431;0,40040280;29,01089000
5,33454431;0,39143040;29,01089000
5,34478431;0,39143040;29,01089000
5,35502431;0,39143040;28,55617000
5,36526431;0,37348550;29,01089000
5,37550431;0,37348550;29,46715000
5,38574431;0,37348550;28,55617000
5,39598431;0,37348550;29,01089000
5,40622431;0,37348550;29,01089000
5,41646431;0,36451310;28,55617000
5,42670431;0,35554060;28,55617000
5,43694431;0,35554060;28,55617000
5,44718431;0,35554060;28,55617000
5,45742430;0,34656820;29,01089000
5,46766430;0,33759580;28,10144000
5,47790430;0,33759580;28,10144000
5,48814430;0,32862330;28,55617000
5,49838430;0,32862330;28,10144000
5,50862430;0,31968140;28,55617000
5,51886430;0,31968140;28,10144000
5,52910430;0,31968140;28,10144000
5,53934430;0,31968140;28,55617000
5,54958430;0,30173650;28,10144000
5,55982430;0,31070890;28,10144000
5,57006430;0,30173650;28,10144000
5,58030430;0,30173650;28,10144000
5,59054430;0,29276410;28,55617000
5,60078430;0,28379160;28,10144000
5,61102430;0,28379160;28,10144000
5,62126430;0,28379160;28,10144000
5,63150430;0,28379160;28,55617000
5,64174430;0,26584670;27,64672000
5,65198430;0,27481920;27,64672000
5,66222430;0,25687430;27,64672000
5,67246430;0,26584670;28,10144000
5,68270430;0,25687430;27,64672000
5,69294430;0,24790190;27,64672000
5,70318430;0,24790190;27,64672000
5,71342430;0,24790190;27,19047000
5,72366430;0,23895990;27,19047000
5,73390430;0,23895990;27,64672000
5,74414430;0,22998750;27,19047000
5,75438430;0,22998750;27,64672000
5,76462430;0,22998750;27,64672000
5,77486430;0,21204260;27,19047000
5,78510430;0,20307020;26,73574000
5,79534430;0,21204260;27,19047000
5,80558430;0,20307020;26,73574000
5,81582430;0,19409770;26,73574000
5,82606430;0,19409770;26,73574000
5,83630430;0,19409770;26,73574000
5,84654430;0,18512530;26,73574000
5,85678430;0,18512530;26,73574000
5,86702430;0,17615280;27,19047000
5,87726430;0,17615280;26,73574000
5,88750430;0,17615280;26,73574000
5,89774430;0,16718040;26,73574000
5,90798430;0,15823850;26,28101000
5,91822430;0,15823850;26,28101000
5,92846430;0,15823850;25,82629000
5,93870430;0,14926600;26,28101000
5,94894430;0,14029360;26,28101000
5,95918430;0,14029360;26,28101000
5,96942430;0,14029360;25,82629000
5,97966430;0,13132110;26,28101000
5,98990430;0,12234870;25,82629000
6,00014430;0,12234870;25,82629000
6,01038430;0,12234870;25,82629000
6,02062430;0,11337630;25,37004000
6,03086430;0,10440380;25,82629000
6,04110430;0,10440380;25,82629000
6,05134430;0,10440380;24,91531000
6,06158430;0,10440380;25,37004000
6,07182430;0,09543138;25,37004000
6,08206430;0,08645894;24,91531000
6,09230430;0,08645894;24,91531000
6,10254430;0,08645894;24,91531000
6,11278430;0,06854457;24,46058000
6,12302430;0,06854457;24,46058000
6,13326430;0,06854457;24,46058000
6,14350430;0,06854457;24,00586000
6,15374430;0,05059969;24,00586000
6,16398430;0,05059969;24,00586000
6,17422430;0,05059969;24,00586000
6,18446430;0,04162725;24,00586000
6,19470430;0,03265481;23,54961000
6,20494430;0,03265481;23,54961000
6,21518430;0,03265481;24,46058000
6,22542430;0,02368236;23,54961000
6,23566430;0,02368236;23,09488000
6,24590430;0,01470992;23,09488000
6,25614430;0,01470992;23,09488000
6,26638430;0,00573748;23,09488000
6,27662430;-0,00320444;22,18543000
6,28686430;-0,00320444;22,18543000
6,29710430;-0,00320444;21,72918000
6,30734430;-0,00320444;21,27445000
6,31758430;-0,01214637;20,81973000
6,32782430;-0,01214637;19,45402000
6,33806430;-0,02111881;8,98617500
6,34830430;-0,03009125;-14,67788000
6,35854430;-0,02111881;-21,04861000
6,36878430;-0,03906369;-16,04358000
6,37902430;-0,03009125;-15,13260000
6,38926430;-0,03906369;-16,95303000
6,39950430;-0,03906369;-16,95303000
6,40974430;-0,04803614;-16,95303000
6,41998430;-0,04803614;-17,40776000
6,43022430;-0,05700858;-16,95303000
6,44046430;-0,06598102;-17,86401000
6,45070430;-0,07495346;-17,86401000
6,46094430;-0,07495346;-17,86401000
6,47118430;-0,07495346;-17,40776000
6,48142430;-0,08392590;-17,86401000
6,49166430;-0,09286782;-17,40776000
6,50190430;-0,10184030;-17,86401000
6,51214430;-0,09286782;-18,31874000
6,52238430;-0,11081270;-18,31874000
6,53262430;-0,11081270;-18,31874000
6,54286430;-0,11081270;-18,31874000
6,55310430;-0,11081270;-18,77346000
6,56334430;-0,11081270;-18,31874000
6,57358430;-0,12875760;-18,77346000
6,58382430;-0,12875760;-18,77346000
6,59406430;-0,12875760;-18,77346000
6,60430430;-0,12875760;-19,22819000
6,61454430;-0,14670250;-19,22819000
6,62478430;-0,14670250;-19,68444000
6,63502430;-0,14670250;-19,22819000
6,64526430;-0,14670250;-19,22819000
6,65550430;-0,15567490;-19,22819000
6,66574430;-0,16464740;-18,77346000
6,67598430;-0,16464740;-19,68444000
6,68622430;-0,16464740;-20,13916000
6,69646430;-0,17358930;-20,13916000
6,70670430;-0,18256170;-19,68444000
6,71694430;-0,18256170;-19,68444000
6,72718430;-0,18256170;-20,13916000
6,73742430;-0,18256170;-20,13916000
6,74766430;-0,20050660;-19,68444000
6,75790430;-0,20050660;-20,13916000
6,76814430;-0,20050660;-19,68444000
6,77838430;-0,20050660;-19,68444000
6,78862430;-0,21845150;-19,68444000
6,79886430;-0,21845150;-20,13916000
6,80910430;-0,21845150;-20,59389000
6,81934430;-0,22742390;-20,59389000
6,82958430;-0,23639640;-20,59389000
6,83982430;-0,23639640;-20,59389000
6,85006430;-0,23639640;-20,59389000
6,86030430;-0,25431070;-21,04861000
6,87054430;-0,24536880;-20,59389000
6,88078430;-0,25431070;-20,59389000
6,89102430;-0,25431070;-20,59389000
6,90126430;-0,25431070;-21,04861000
6,91150430;-0,26328320;-21,04861000
6,92174430;-0,27225560;-21,04861000
6,93198430;-0,27225560;-20,59389000
6,94222430;-0,27225560;-20,59389000
6,95246430;-0,27225560;-21,04861000
6,96270430;-0,27225560;-21,04861000
6,97294430;-0,29020050;-21,04861000
6,98318430;-0,29020050;-21,04861000
6,99342430;-0,29917290;-21,50487000
7,00366430;-0,29917290;-21,04861000
7,01390430;-0,30814540;-21,50487000
7,02414430;-0,30814540;-21,50487000
7,03438430;-0,30814540;-21,04861000
7,04462430;-0,31711780;-21,50487000
7,05486430;-0,30814540;-21,04861000
7,06510430;-0,32609030;-21,04861000
7,07534430;-0,32609030;-21,50487000
7,08558430;-0,32609030;-21,50487000
7,09582429;-0,33503220;-21,95959000
7,10606429;-0,34400460;-21,50487000
7,11630429;-0,34400460;-21,50487000
7,12654429;-0,34400460;-21,50487000
7,13678429;-0,35297710;-22,41432000
7,14702429;-0,36194950;-21,50487000
7,15726429;-0,36194950;-21,50487000
7,16750429;-0,36194950;-21,95959000
7,17774429;-0,37092200;-21,95959000
7,18798429;-0,37092200;-21,95959000
7,19822429;-0,37989440;-21,50487000
7,20846429;-0,37989440;-21,50487000
7,21870429;-0,37989440;-21,95959000
7,22894429;-0,39783930;-21,95959000
7,23918429;-0,38886680;-21,95959000
7,24942429;-0,39783930;-21,95959000
7,25966429;-0,39783930;-21,50487000
7,26990429;-0,39783930;-21,95959000
7,28014429;-0,40681170;-21,95959000
7,29038429;-0,41575370;-21,95959000
7,30062429;-0,41575370;-21,95959000
7,31086429;-0,41575370;-21,95959000
7,32110429;-0,41575370;-21,95959000
7,33134429;-0,41575370;-22,41432000
7,34158429;-0,43369850;-21,95959000
7,35182429;-0,43369850;-21,95959000
7,36206429;-0,43369850;-21,95959000
7,37230429;-0,44267100;-22,41432000
7,38254429;-0,43369850;-21,95959000
7,39278429;-0,45164340;-21,95959000
7,40302429;-0,45164340;-22,41432000
7,41326429;-0,46061590;-22,41432000
7,42350429;-0,45164340;-21,95959000
7,43374429;-0,46061590;-22,86905000
7,44398429;-0,46958830;-22,41432000
7,45422429;-0,46958830;-22,41432000
7,46446429;-0,46958830;-22,86905000
7,47470429;-0,47856070;-22,41432000
7,48494429;-0,46958830;-22,41432000
7,49518429;-0,48753320;-22,86905000
7,50542429;-0,48753320;-21,95959000
7,51566429;-0,48753320;-22,41432000
7,52590429;-0,50544760;-22,86905000
7,53614429;-0,48753320;-22,86905000
7,54638429;-0,50544760;-21,95959000
7,55662429;-0,50544760;-22,86905000
7,56686429;-0,50544760;-21,50487000
7,57710429;-0,50544760;-22,41432000
7,58734429;-0,51442000;-22,86905000
7,59758429;-0,51442000;-22,86905000
7,60782429;-0,52339240;-22,41432000
7,61806429;-0,52339240;-22,86905000
7,62830429;-0,52339240;-22,86905000
7,63854429;-0,54133730;-22,86905000
7,64878429;-0,54133730;-23,32530000
7,65902429;-0,54133730;-22,86905000
7,66926429;-0,54133730;-22,86905000
7,67950429;-0,54133730;-23,32530000
7,68974429;-0,55030980;-22,86905000
7,69998429;-0,55030980;-22,41432000
7,71022429;-0,55928220;-22,86905000
7,72046429;-0,55928220;-22,41432000
7,73070429;-0,55928220;-21,95959000
7,74094429;-0,57722710;-22,86905000
7,75118429;-0,55928220;-22,86905000
7,76142429;-0,56825460;-22,86905000
7,77166429;-0,57722710;-22,86905000
7,78190429;-0,57722710;-22,86905000
7,79214429;-0,58616900;-22,86905000
7,80238429;-0,58616900;-22,86905000
7,81262429;-0,59514150;-22,86905000
7,82286429;-0,59514150;-22,86905000
7,83310429;-0,59514150;-22,86905000
7,84334429;-0,59514150;-22,86905000
7,85358429;-0,59514150;-22,86905000
7,86382429;-0,60411390;-23,32530000
7,87406429;-0,61308630;-22,86905000
7,88430429;-0,61308630;-22,86905000
7,89454429;-0,61308630;-23,32530000
7,90478429;-0,61308630;-22,86905000
7,91502429;-0,61308630;-22,41432000
7,92526429;-0,62205870;-23,32530000
7,93550429;-0,63103120;-23,32530000
7,94574429;-0,63103120;-23,32530000
7,95598429;-0,63103120;-23,32530000
7,96622429;-0,63103120;-22,86905000
7,97646429;-0,63103120;-22,86905000
7,98670429;-0,64897610;-22,86905000
7,99694429;-0,64897610;-22,86905000
8,00718429;-0,64897610;-22,86905000
8,01742429;-0,64897610;-23,32530000
8,02766429;-0,64897610;-23,32530000
8,03790429;-0,65794860;-22,86905000
8,04814429;-0,65794860;-22,86905000
8,05838429;-0,66689040;-22,86905000
8,06862429;-0,66689040;-23,32530000
8,07886429;-0,66689040;-23,32530000
8,08910429;-0,66689040;-23,32530000
8,09934429;-0,66689040;-22,86905000
8,10958429;-0,67586290;-23,32530000
8,11982429;-0,67586290;-23,32530000
8,13006429;-0,68483540;-23,32530000
8,14030429;-0,68483540;-23,32530000
8,15054429;-0,68483540;-22,86905000
8,16078429;-0,68483540;-23,32530000
8,17102429;-0,68483540;-22,41432000
8,18126429;-0,69380780;-22,86905000
8,19150429;-0,68483540;-23,32530000
8,20174429;-0,69380780;-22,86905000
8,21198429;-0,70278020;-22,86905000
8,22222429;-0,70278020;-23,32530000
8,23246429;-0,70278020;-22,86905000
8,24270429;-0,70278020;-23,32530000
8,25294429;-0,72072510;-23,78002000
8,26318429;-0,71175270;-23,78002000
8,27342429;-0,71175270;-23,32530000
8,28366429;-0,72072510;-23,78002000
8,29390429;-0,72072510;-23,32530000
8,30414429;-0,72072510;-23,32530000
8,31438429;-0,72072510;-22,86905000
8,32462429;-0,72969760;-23,78002000
8,33486429;-0,72072510;-23,32530000
8,34510429;-0,72969760;-23,32530000
8,35534429;-0,72969760;-22,86905000
8,36558429;-0,73867000;-23,32530000
8,37582429;-0,73867000;-22,86905000
8,38606429;-0,73867000;-23,32530000
8,39630429;-0,73867000;-23,32530000
8,40654429;-0,73867000;-22,86905000
8,41678429;-0,74761190;-23,32530000
8,42702429;-0,74761190;-23,32530000
8,43726429;-0,74761190;-23,32530000
8,44750429;-0,75658430;-23,32530000
8,45774429;-0,75658430;-22,86905000
8,46798429;-0,75658430;-23,32530000
8,47822429;-0,75658430;-22,86905000
8,48846429;-0,76555680;-23,32530000
8,49870429;-0,75658430;-23,32530000
8,50894429;-0,75658430;-23,32530000
8,51918429;-0,75658430;-23,32530000
8,52942429;-0,76555680;-22,86905000
8,53966429;-0,76555680;-23,32530000
8,54990429;-0,76555680;-22,86905000
8,56014429;-0,77452930;-23,78002000
8,57038429;-0,77452930;-22,86905000
8,58062429;-0,77452930;-23,32530000
8,59086429;-0,77452930;-23,32530000
8,60110429;-0,77452930;-23,32530000
8,61134429;-0,77452930;-23,32530000
8,62158429;-0,79247420;-23,78002000
8,63182429;-0,78350170;-23,32530000
8,64206429;-0,79247420;-22,86905000
8,65230429;-0,79247420;-23,32530000
8,66254429;-0,79247420;-23,32530000
8,67278429;-0,79247420;-23,32530000
8,68302429;-0,79247420;-22,86905000
8,69326429;-0,79247420;-23,32530000
8,70350429;-0,79247420;-23,32530000
8,71374429;-0,79247420;-23,32530000
8,72398429;-0,79247420;-23,32530000
8,73422429;-0,79247420;-23,32530000
8,74446428;-0,80144660;-23,32530000
8,75470428;-0,80144660;-22,86905000
8,76494428;-0,80144660;-23,78002000
8,77518428;-0,80144660;-23,32530000
8,78542428;-0,80144660;-23,32530000
8,79566428;-0,80144660;-23,78002000
8,80590428;-0,81041900;-23,32530000
8,81614428;-0,81041900;-22,86905000
8,82638428;-0,81041900;-22,86905000
8,83662428;-0,81939150;-23,78002000
8,84686428;-0,81939150;-23,32530000
8,85710428;-0,81939150;-23,32530000
8,86734428;-0,81041900;-23,32530000
8,87758428;-0,81939150;-23,32530000
8,88782428;-0,81939150;-23,32530000
8,89806428;-0,81939150;-23,32530000
8,90830428;-0,82833340;-23,32530000
8,91854428;-0,81939150;-23,78002000
8,92878428;-0,82833340;-23,32530000
8,93902428;-0,82833340;-22,86905000
8,94926428;-0,82833340;-22,86905000
8,95950428;-0,82833340;-23,32530000
8,96974428;-0,82833340;-23,78002000
8,97998428;-0,82833340;-23,32530000
8,99022428;-0,82833340;-23,32530000
9,00046428;-0,82833340;-22,86905000
9,01070428;-0,82833340;-22,86905000
9,02094428;-0,82833340;-23,32530000
9,03118428;-0,82833340;-22,86905000
9,04142428;-0,82833340;-23,32530000
9,05166428;-0,82833340;-23,32530000
9,06190428;-0,83730580;-23,32530000
9,07214428;-0,82833340;-22,86905000
9,08238428;-0,83730580;-23,32530000
9,09262428;-0,82833340;-23,78002000
9,10286428;-0,83730580;-23,32530000
9,11310428;-0,82833340;-23,32530000
9,12334428;-0,83730580;-22,86905000
9,13358428;-0,84627830;-23,32530000
9,14382428;-0,83730580;-22,86905000
9,15406428;-0,84627830;-23,32530000
9,16430428;-0,84627830;-23,32530000
9,17454428;-0,84627830;-23,32530000
9,18478428;-0,84627830;-23,78002000
9,19502428;-0,83730580;-22,86905000
9,20526428;-0,84627830;-23,32530000
9,21550428;-0,84627830;-23,32530000
9,22574428;-0,84627830;-23,78002000
9,23598428;-0,84627830;-23,32530000
9,24622428;-0,84627830;-22,86905000
9,25646428;-0,84627830;-23,78002000
9,26670428;-0,84627830;-23,32530000
9,27694428;-0,84627830;-23,32530000
9,28718428;-0,84627830;-22,86905000
9,29742428;-0,84627830;-23,32530000
9,30766428;-0,84627830;-23,32530000
9,31790428;-0,84627830;-23,32530000
9,32814428;-0,84627830;-22,86905000
9,33838428;-0,84627830;-23,32530000
9,34862428;-0,84627830;-22,86905000
9,35886428;-0,84627830;-23,32530000
9,36910428;-0,84627830;-23,32530000
9,37934428;-0,84627830;-23,78002000
9,38958428;-0,84627830;-23,32530000
9,39982428;-0,84627830;-23,32530000
9,41006428;-0,84627830;-23,32530000
9,42030428;-0,84627830;-22,86905000
9,43054428;-0,83730580;-22,86905000
9,44078428;-0,84627830;-23,32530000
9,45102428;-0,84627830;-23,32530000
9,46126428;-0,84627830;-22,86905000
9,47150428;-0,84627830;-23,32530000
9,48174428;-0,84627830;-23,32530000
9,49198428;-0,84627830;-23,32530000
9,50222428;-0,84627830;-22,86905000
9,51246428;-0,84627830;-23,32530000
9,52270428;-0,84627830;-22,86905000
9,53294428;-0,84627830;-23,78002000
9,54318428;-0,84627830;-23,32530000
9,55342428;-0,83730580;-23,32530000
9,56366428;-0,84627830;-23,32530000
9,57390428;-0,83730580;-23,32530000
9,58414428;-0,84627830;-23,32530000
9,59438428;-0,83730580;-22,86905000
9,60462428;-0,84627830;-22,86905000
9,61486428;-0,83730580;-22,86905000
9,62510428;-0,84627830;-22,86905000
9,63534428;-0,83730580;-22,86905000
9,64558428;-0,84627830;-22,86905000
9,65582428;-0,83730580;-22,86905000
9,66606428;-0,84627830;-22,86905000
9,67630428;-0,83730580;-23,32530000
9,68654428;-0,82833340;-23,32530000
9,69678428;-0,83730580;-22,86905000
9,70702428;-0,83730580;-22,86905000
9,71726428;-0,83730580;-23,32530000
9,72750428;-0,83730580;-22,86905000
9,73774428;-0,83730580;-22,86905000
9,74798428;-0,82833340;-22,86905000
9,75822428;-0,82833340;-22,86905000
9,76846428;-0,82833340;-23,32530000
9,77870428;-0,82833340;-22,86905000
9,78894428;-0,82833340;-23,32530000
9,79918428;-0,82833340;-22,86905000
9,80942428;-0,83730580;-23,32530000
9,81966428;-0,82833340;-22,86905000
9,82990428;-0,82833340;-23,32530000
9,84014428;-0,82833340;-22,86905000
9,85038428;-0,82833340;-22,86905000
9,86062428;-0,82833340;-23,32530000
9,87086428;-0,81939150;-22,86905000
9,88110428;-0,81041900;-22,86905000
9,89134428;-0,82833340;-22,86905000
9,90158428;-0,81939150;-23,78002000
9,91182428;-0,81939150;-22,86905000
9,92206428;-0,81939150;-22,86905000
9,93230428;-0,81939150;-23,32530000
9,94254428;-0,81939150;-23,32530000
9,95278428;-0,81939150;-23,32530000
9,96302428;-0,81041900;-22,41432000
9,97326428;-0,81041900;-23,32530000
9,98350428;-0,81041900;-23,32530000
9,99374428;-0,80144660;-22,86905000
10,00398428;-0,81041900;-23,32530000
10,01422428;-0,81041900;-22,86905000
10,02446428;-0,81041900;-22,86905000
10,03470428;-0,81041900;-22,86905000
10,04494428;-0,79247420;-22,86905000
10,05518428;-0,80144660;-22,86905000
10,06542428;-0,79247420;-22,86905000
10,07566428;-0,79247420;-22,86905000
10,08590428;-0,80144660;-22,86905000
10,09614428;-0,79247420;-22,86905000
10,10638428;-0,79247420;-22,86905000
10,11662428;-0,79247420;-22,41432000
10,12686428;-0,79247420;-23,32530000
10,13710428;-0,78350170;-22,41432000
10,14734428;-0,79247420;-22,86905000
10,15758428;-0,79247420;-22,86905000
10,16782428;-0,78350170;-22,86905000
10,17806428;-0,79247420;-22,86905000
10,18830428;-0,77452930;-22,86905000
10,19854428;-0,79247420;-23,32530000
10,20878428;-0,77452930;-22,86905000
10,21902428;-0,79247420;-22,86905000
10,22926428;-0,77452930;-22,86905000
10,23950428;-0,77452930;-22,86905000
10,24974428;-0,77452930;-22,86905000
10,25998428;-0,76555680;-22,86905000
10,27022428;-0,76555680;-22,86905000
10,28046428;-0,75658430;-22,86905000
10,29070428;-0,75658430;-22,41432000
10,30094428;-0,76555680;-22,86905000
10,31118428;-0,75658430;-22,86905000
10,32142428;-0,76555680;-22,86905000
10,33166428;-0,75658430;-22,86905000
10,34190428;-0,75658430;-22,86905000
10,35214428;-0,75658430;-22,86905000
10,36238428;-0,74761190;-22,86905000
10,37262428;-0,73867000;-22,86905000
10,38286428;-0,74761190;-23,32530000
10,39310427;-0,74761190;-22,86905000
10,40334427;-0,74761190;-22,86905000
10,41358427;-0,73867000;-22,86905000
10,42382427;-0,73867000;-22,41432000
10,43406427;-0,73867000;-22,86905000
10,44430427;-0,72969760;-22,41432000
10,45454427;-0,72969760;-22,41432000
10,46478427;-0,72072510;-22,41432000
10,47502427;-0,72969760;-22,86905000
10,48526427;-0,72072510;-22,41432000
10,49550427;-0,72072510;-22,86905000
10,50574427;-0,72072510;-22,86905000
10,51598427;-0,72072510;-22,41432000
10,52622427;-0,72072510;-22,86905000
10,53646427;-0,72072510;-22,41432000
10,54670427;-0,70278020;-22,41432000
10,55694427;-0,70278020;-22,41432000
10,56718427;-0,70278020;-22,41432000
10,57742427;-0,70278020;-23,32530000
10,58766427;-0,70278020;-22,86905000
10,59790427;-0,70278020;-22,86905000
10,60814427;-0,70278020;-22,41432000
10,61838427;-0,69380780;-22,41432000
10,62862427;-0,68483540;-22,41432000
10,63886427;-0,68483540;-22,41432000
10,64910427;-0,68483540;-22,86905000
10,65934427;-0,68483540;-21,50487000
10,66958427;-0,68483540;-21,95959000
10,67982427;-0,68483540;-21,95959000
10,69006427;-0,67586290;-21,95959000
10,70030427;-0,66689040;-22,41432000
10,71054427;-0,67586290;-21,95959000
10,72078427;-0,66689040;-22,41432000
10,73102427;-0,66689040;-22,86905000
10,74126427;-0,66689040;-21,95959000
10,75150427;-0,65794860;-22,86905000
10,76174427;-0,65794860;-22,41432000
10,77198427;-0,64897610;-22,41432000
10,78222427;-0,64897610;-21,95959000
10,79246427;-0,64897610;-22,41432000
10,80270427;-0,64897610;-21,95959000
10,81294427;-0,64897610;-22,41432000
10,82318427;-0,64897610;-21,95959000
10,83342427;-0,63103120;-22,41432000
10,84366427;-0,63103120;-22,41432000
10,85390427;-0,63103120;-21,95959000
10,86414427;-0,63103120;-21,50487000
10,87438427;-0,63103120;-21,95959000
10,88462427;-0,63103120;-21,95959000
10,89486427;-0,62205870;-21,95959000
10,90510427;-0,61308630;-22,86905000
10,91534427;-0,61308630;-21,95959000
10,92558427;-0,61308630;-21,95959000
10,93582427;-0,61308630;-21,95959000
10,94606427;-0,61308630;-22,41432000
10,95630427;-0,59514150;-22,41432000
10,96654427;-0,59514150;-21,95959000
10,97678427;-0,59514150;-22,41432000
10,98702427;-0,59514150;-21,95959000
10,99726427;-0,59514150;-21,50487000
11,00750427;-0,58616900;-22,41432000
11,01774427;-0,57722710;-21,95959000
11,02798427;-0,57722710;-21,95959000
11,03822427;-0,57722710;-21,50487000
11,04846427;-0,57722710;-21,50487000
11,05870427;-0,56825460;-21,95959000
11,06894427;-0,55928220;-21,95959000
11,07918427;-0,55928220;-21,50487000
11,08942427;-0,55928220;-21,50487000
11,09966427;-0,55030980;-21,50487000
11,10990427;-0,55030980;-21,50487000
11,12014427;-0,55928220;-21,50487000
11,13038427;-0,55030980;-21,50487000
11,14062427;-0,54133730;-21,50487000
11,15086427;-0,54133730;-21,95959000
11,16110427;-0,54133730;-21,04861000
11,17134427;-0,53236490;-21,95959000
11,18158427;-0,52339240;-21,95959000
11,19182427;-0,52339240;-21,50487000
11,20206427;-0,53236490;-21,04861000
11,21230427;-0,52339240;-21,50487000
11,22254427;-0,51442000;-21,50487000
11,23278427;-0,50544760;-21,04861000
11,24302427;-0,51442000;-21,50487000
11,25326427;-0,50544760;-21,04861000
11,26350427;-0,50544760;-21,50487000
11,27374427;-0,48753320;-21,95959000
11,28398427;-0,50544760;-21,04861000
11,29422427;-0,48753320;-21,04861000
11,30446427;-0,48753320;-21,04861000
11,31470427;-0,47856070;-21,04861000
11,32494427;-0,47856070;-21,04861000
11,33518427;-0,46958830;-21,04861000
11,34542427;-0,46958830;-21,50487000
11,35566427;-0,46958830;-21,04861000
11,36590427;-0,46958830;-21,50487000
11,37614427;-0,46061590;-21,04861000
11,38638427;-0,46061590;-21,50487000
11,39662427;-0,46061590;-21,04861000
11,40686427;-0,45164340;-21,04861000
11,41710427;-0,45164340;-21,04861000
11,42734427;-0,44267100;-20,59389000
11,43758427;-0,44267100;-20,59389000
11,44782427;-0,43369850;-21,04861000
11,45806427;-0,43369850;-21,04861000
11,46830427;-0,43369850;-21,04861000
11,47854427;-0,41575370;-21,04861000
11,48878427;-0,41575370;-21,04861000
11,49902427;-0,41575370;-20,59389000
11,50926427;-0,41575370;-21,04861000
11,51950427;-0,41575370;-21,04861000
11,52974427;-0,40681170;-21,04861000
11,53998427;-0,39783930;-21,04861000
11,55022427;-0,39783930;-20,59389000
11,56046427;-0,39783930;-20,59389000
11,57070427;-0,39783930;-21,04861000
11,58094427;-0,38886680;-20,59389000
11,59118427;-0,38886680;-20,59389000
11,60142427;-0,37989440;-20,59389000
11,61166427;-0,37989440;-20,59389000
11,62190427;-0,37092200;-20,13916000
11,63214427;-0,37092200;-21,04861000
11,64238427;-0,37092200;-20,59389000
11,65262427;-0,36194950;-20,13916000
11,66286427;-0,36194950;-20,13916000
11,67310427;-0,35297710;-20,59389000
11,68334427;-0,35297710;-20,13916000
11,69358427;-0,34400460;-20,13916000
11,70382427;-0,34400460;-20,13916000
11,71406427;-0,33503220;-20,13916000
11,72430427;-0,32609030;-20,59389000
11,73454427;-0,32609030;-20,13916000
11,74478427;-0,32609030;-20,13916000
11,75502427;-0,31711780;-19,68444000
11,76526427;-0,30814540;-20,13916000
11,77550427;-0,30814540;-20,13916000
11,78574427;-0,30814540;-19,22819000
11,79598427;-0,30814540;-20,13916000
11,80622427;-0,29917290;-19,68444000
11,81646427;-0,29917290;-20,13916000
11,82670427;-0,29020050;-19,68444000
11,83694427;-0,29020050;-20,13916000
11,84718427;-0,29020050;-19,68444000
11,85742427;-0,28122810;-19,68444000
11,86766427;-0,27225560;-19,68444000
11,87790427;-0,27225560;-19,22819000
11,88814427;-0,27225560;-20,13916000
11,89838427;-0,26328320;-19,68444000
11,90862427;-0,25431070;-19,22819000
11,91886427;-0,25431070;-19,68444000
11,92910427;-0,25431070;-19,68444000
11,93934427;-0,23639640;-19,22819000
11,94958427;-0,25431070;-19,22819000
11,95982427;-0,23639640;-19,22819000
11,97006427;-0,23639640;-19,22819000
11,98030427;-0,22742390;-19,22819000
11,99054427;-0,21845150;-19,68444000
12,00078427;-0,22742390;-19,22819000
12,01102427;-0,21845150;-18,77346000
12,02126427;-0,20947900;-19,22819000
12,03150426;-0,20050660;-18,77346000
12,04174426;-0,20050660;-18,77346000
12,05198426;-0,20050660;-18,31874000
12,06222426;-0,20050660;-19,22819000
12,07246426;-0,19153420;-18,31874000
12,08270426;-0,18256170;-19,22819000
12,09294426;-0,18256170;-18,31874000
12,10318426;-0,17358930;-18,31874000
12,11342426;-0,17358930;-18,77346000
12,12366426;-0,17358930;-18,77346000
12,13390426;-0,16464740;-18,31874000
12,14414426;-0,15567490;-17,86401000
12,15438426;-0,15567490;-18,31874000
12,16462426;-0,15567490;-18,31874000
12,17486426;-0,14670250;-17,86401000
12,18510426;-0,14670250;-17,86401000
12,19534426;-0,14670250;-17,86401000
12,20558426;-0,12875760;-17,86401000
12,21582426;-0,12875760;-17,40776000
12,22606426;-0,12875760;-17,86401000
12,23630426;-0,11978520;-17,40776000
12,24654426;-0,11081270;-17,40776000
12,25678426;-0,11081270;-17,40776000
12,26702426;-0,11081270;-17,86401000
12,27726426;-0,11081270;-17,40776000
12,28750426;-0,11081270;-17,40776000
12,29774426;-0,09286782;-17,40776000
12,30798426;-0,09286782;-17,40776000
12,31822426;-0,09286782;-16,95303000
12,32846426;-0,08392590;-16,49831000
12,33870426;-0,07495346;-16,49831000
12,34894426;-0,07495346;-16,95303000
12,35918426;-0,07495346;-16,49831000
12,36942426;-0,06598102;-16,49831000
12,37966426;-0,06598102;-16,49831000
12,38990426;-0,05700858;-16,49831000
12,40014426;-0,04803614;-16,04358000
12,41038426;-0,04803614;-16,04358000
12,42062426;-0,03906369;-16,04358000
12,43086426;-0,03906369;-16,04358000
12,44110426;-0,03906369;-15,58733000
12,45134426;-0,03009125;-15,13260000
12,46158426;-0,02111881;-15,13260000
12,47182426;-0,02111881;-15,13260000
12,48206426;-0,02111881;-15,13260000
12,49230426;-0,01214637;-15,13260000
12,50254426;-0,01214637;-14,67788000
12,51278426;-0,00320444;-14,67788000
12,52302426;-0,00320444;-14,67788000
12,53326426;-0,00320444;-14,22315000
12,54350426;0,01470992;-13,76690000
12,55374426;0,01470992;-13,76690000
12,56398426;0,01470992;-13,31217000
12,57422426;0,01470992;-13,31217000
12,58446426;0,03265481;-12,40272000
12,59470426;0,03265481;-9,21658900
12,60494426;0,03265481;3,98113900
12,61518426;0,04162725;27,64672000
12,62542426;0,04162725;29,01089000
12,63566426;0,05059969;24,00586000
12,64590426;0,05059969;24,46058000
12,65614426;0,05059969;25,37004000
12,66638426;0,05957213;25,82629000
12,67662426;0,05957213;25,82629000
12,68686426;0,06854457;25,37004000
12,69710426;0,06854457;25,82629000
12,70734426;0,07751702;25,82629000
12,71758426;0,07751702;26,28101000
12,72782426;0,08645894;26,73574000
12,73806426;0,09543138;25,82629000
12,74830426;0,09543138;26,28101000
12,75854426;0,10440380;26,73574000
12,76878426;0,10440380;26,28101000
12,77902426;0,11337630;26,73574000
12,78926426;0,11337630;26,28101000
12,79950426;0,12234870;27,64672000
12,80974426;0,12234870;26,73574000
12,81998426;0,12234870;27,19047000
12,83022426;0,13132110;27,19047000
12,84046426;0,13132110;27,19047000
12,85070426;0,14029360;27,19047000
12,86094426;0,14029360;28,10144000
12,87118426;0,14029360;27,64672000
12,88142426;0,15823850;28,10144000
12,89166426;0,15823850;27,64672000
12,90190426;0,15823850;27,19047000
12,91214426;0,15823850;28,10144000
12,92238426;0,16718040;27,64672000
12,93262426;0,17615280;28,10144000
12,94286426;0,17615280;28,10144000
12,95310426;0,17615280;28,10144000
12,96334426;0,18512530;28,10144000
12,97358426;0,19409770;28,10144000
12,98382426;0,19409770;29,01089000
12,99406426;0,19409770;28,10144000
13,00430426;0,19409770;28,10144000
13,01454426;0,21204260;28,55617000
13,02478426;0,21204260;28,10144000
13,03502426;0,21204260;29,46715000
13,04526426;0,21204260;28,55617000
13,05550426;0,22998750;28,55617000
13,06574426;0,22998750;28,10144000
13,07598426;0,22998750;29,01089000
13,08622426;0,22998750;29,01089000
13,09646426;0,24790190;29,46715000
13,10670426;0,24790190;29,01089000
13,11694426;0,24790190;29,01089000
13,12718426;0,24790190;29,92187000
13,13742426;0,25687430;29,46715000
13,14766426;0,26584670;29,46715000
13,15790426;0,26584670;29,46715000
13,16814426;0,27481920;29,46715000
13,17838426;0,27481920;29,92187000
13,18862426;0,27481920;29,46715000
13,19886426;0,28379160;29,46715000
13,20910426;0,28379160;29,46715000
13,21934426;0,28379160;29,92187000
13,22958426;0,30173650;29,46715000
13,23982426;0,30173650;29,46715000
13,25006426;0,30173650;29,46715000
13,26030426;0,31070890;29,46715000
13,27054426;0,31070890;29,92187000
13,28078426;0,31968140;29,46715000
13,29102426;0,31968140;29,92187000
13,30126426;0,31968140;29,46715000
13,31150426;0,32862330;29,46715000
13,32174426;0,32862330;29,92187000
13,33198426;0,33759580;30,37660000
13,34222426;0,33759580;29,92187000
13,35246426;0,34656820;29,92187000
13,36270426;0,34656820;30,37660000
13,37294426;0,35554060;30,37660000
13,38318426;0,35554060;30,37660000
13,39342426;0,35554060;30,37660000
13,40366426;0,36451310;30,37660000
13,41390426;0,35554060;29,92187000
13,42414426;0,37348550;30,37660000
13,43438426;0,37348550;30,37660000
13,44462426;0,38245800;30,83132000
13,45486426;0,38245800;29,92187000
13,46510426;0,39143040;29,92187000
13,47534426;0,39143040;30,83132000
13,48558426;0,39143040;29,92187000
13,49582426;0,39143040;30,37660000
13,50606426;0,40040280;30,83132000
13,51630426;0,40934480;30,83132000
13,52654426;0,40934480;30,83132000
13,53678426;0,40934480;30,37660000
13,54702426;0,42728970;30,83132000
13,55726426;0,41831720;30,83132000
13,56750426;0,42728970;31,28757000
13,57774426;0,42728970;30,37660000
13,58798426;0,42728970;30,37660000
13,59822426;0,42728970;30,83132000
13,60846426;0,42728970;31,28757000
13,61870426;0,44523450;31,28757000
13,62894426;0,44523450;31,28757000
13,63918426;0,44523450;30,83132000
13,64942426;0,46317940;30,37660000
13,65966426;0,45420700;30,83132000
13,66990426;0,46317940;30,83132000
13,68014425;0,46317940;31,28757000
13,69038425;0,46317940;30,83132000
13,70062425;0,48112430;31,28757000
13,71086425;0,48112430;31,74230000
13,72110425;0,48112430;31,28757000
13,73134425;0,48112430;31,28757000
13,74158425;0,49006620;31,28757000
13,75182425;0,48112430;30,83132000
13,76206425;0,49006620;31,28757000
13,77230425;0,49903870;30,83132000
13,78254425;0,49903870;31,28757000
13,79278425;0,49903870;31,28757000
13,80302425;0,51698360;30,83132000
13,81326425;0,51698360;30,37660000
13,82350425;0,51698360;31,28757000
13,83374425;0,51698360;30,83132000
13,84398425;0,52595600;31,28757000
13,85422425;0,53492840;30,83132000
13,86446425;0,52595600;31,28757000
13,87470425;0,53492840;31,74230000
13,88494425;0,53492840;30,83132000
13,89518425;0,53492840;31,28757000
13,90542425;0,55287330;31,28757000
13,91566425;0,55287330;31,74230000
13,92590425;0,55287330;31,74230000
13,93614425;0,55287330;31,28757000
13,94638425;0,56184580;30,83132000
13,95662425;0,56184580;31,28757000
13,96686425;0,56184580;31,28757000
13,97710425;0,57081820;31,28757000
13,98734425;0,57081820;31,28757000
13,99758425;0,57081820;30,83132000
14,00782425;0,58873250;31,74230000
14,01806425;0,57081820;31,28757000
14,02830425;0,58873250;31,74230000
14,03854425;0,58873250;31,74230000
14,04878425;0,58873250;30,83132000
14,05902425;0,58873250;31,74230000
14,06926425;0,58873250;31,28757000
14,07950425;0,59770500;31,74230000
14,08974425;0,60667750;31,28757000
14,09998425;0,60667750;31,74230000
14,11022425;0,60667750;31,74230000
14,12046425;0,60667750;31,28757000
14,13070425;0,61564990;31,28757000
14,14094425;0,61564990;31,74230000
14,15118425;0,62462230;31,28757000
14,16142425;0,62462230;31,28757000
14,17166425;0,62462230;31,74230000
14,18190425;0,63359480;31,74230000
14,19214425;0,63359480;31,74230000
14,20238425;0,64256720;31,74230000
14,21262425;0,64256720;31,28757000
14,22286425;0,64256720;31,74230000
14,23310425;0,64256720;31,74230000
14,24334425;0,64256720;32,19703000
14,25358425;0,65153970;31,28757000
14,26382425;0,66048160;31,74230000
14,27406425;0,66048160;31,74230000
14,28430425;0,66048160;31,74230000
14,29454425;0,66048160;31,74230000
14,30478425;0,66945400;31,74230000
14,31502425;0,66945400;31,28757000
14,32526425;0,67842640;32,19703000
14,33550425;0,67842640;31,74230000
14,34574425;0,67842640;31,28757000
14,35598425;0,67842640;31,74230000
14,36622425;0,67842640;31,28757000
14,37646425;0,67842640;31,74230000
14,38670425;0,68739890;31,28757000
14,39694425;0,68739890;31,28757000
14,40718425;0,69637140;31,74230000
14,41742425;0,69637140;32,19703000
14,42766425;0,69637140;32,19703000
14,43790425;0,69637140;31,74230000
14,44814425;0,70534380;31,28757000
14,45838425;0,70534380;31,74230000
14,46862425;0,70534380;32,19703000
14,47886425;0,70534380;31,74230000
14,48910425;0,71431620;31,74230000
14,49934425;0,71431620;31,74230000
14,50958425;0,71431620;31,74230000
14,51982425;0,71431620;31,74230000
14,53006425;0,73226110;31,74230000
14,54030425;0,71431620;32,65175000
14,55054425;0,73226110;31,74230000
14,56078425;0,72328870;31,74230000
14,57102425;0,73226110;31,74230000
14,58126425;0,73226110;31,74230000
14,59150425;0,73226110;32,19703000
14,60174425;0,73226110;31,74230000
14,61198425;0,74120300;31,74230000
14,62222425;0,74120300;31,74230000
14,63246425;0,74120300;31,74230000
14,64270425;0,74120300;31,28757000
14,65294425;0,75017550;31,74230000
14,66318425;0,75017550;31,28757000
14,67342425;0,75017550;31,74230000
14,68366425;0,75017550;31,28757000
14,69390425;0,75914790;32,65175000
14,70414425;0,75017550;31,74230000
14,71438425;0,75017550;31,74230000
14,72462425;0,75914790;31,74230000
14,73486425;0,76812030;31,74230000
14,74510425;0,76812030;31,28757000
14,75534425;0,76812030;31,74230000
14,76558425;0,76812030;31,74230000
14,77582425;0,76812030;31,74230000
14,78606425;0,76812030;31,74230000
14,79630425;0,77709280;31,74230000
14,80654425;0,77709280;31,74230000
14,81678425;0,77709280;32,19703000
14,82702425;0,78606520;32,19703000
14,83726425;0,77709280;31,74230000
14,84750425;0,78606520;31,74230000
14,85774425;0,78606520;31,74230000
14,86798425;0,78606520;31,74230000
14,87822425;0,78606520;31,74230000
14,88846425;0,78606520;31,74230000
14,89870425;0,78606520;31,74230000
14,90894425;0,79503770;31,74230000
14,91918425;0,78606520;32,19703000
14,92942425;0,78606520;31,74230000
14,93966425;0,80401020;31,74230000
14,94990425;0,80401020;31,74230000
14,96014425;0,80401020;31,74230000
14,97038425;0,80401020;31,74230000
14,98062425;0,80401020;31,74230000
14,99086425;0,81298260;31,74230000
15,00110425;0,80401020;31,74230000
15,01134425;0,80401020;31,28757000
15,02158425;0,81298260;31,74230000
15,03182425;0,81298260;32,19703000
15,04206425;0,81298260;31,74230000
15,05230425;0,82192450;32,19703000
15,06254425;0,81298260;31,74230000
15,07278425;0,82192450;32,19703000
15,08302425;0,81298260;32,65175000
15,09326425;0,82192450;31,74230000
15,10350425;0,81298260;31,74230000
15,11374425;0,82192450;31,74230000
15,12398425;0,82192450;32,19703000
15,13422425;0,82192450;31,74230000
15,14446425;0,82192450;32,19703000
15,15470425;0,82192450;31,74230000
15,16494425;0,82192450;31,74230000
15,17518425;0,82192450;31,74230000
15,18542425;0,83089690;31,28757000
15,19566425;0,82192450;31,74230000
15,20590425;0,83089690;31,74230000
15,21614425;0,83089690;31,74230000
15,22638425;0,82192450;32,19703000
15,23662425;0,82192450;31,74230000
15,24686425;0,83089690;31,74230000
15,25710425;0,83986940;31,74230000
15,26734425;0,83986940;32,19703000
15,27758425;0,83986940;32,65175000
15,28782425;0,83986940;31,74230000
15,29806425;0,83986940;32,19703000
15,30830425;0,83986940;31,74230000
15,31854425;0,83986940;31,74230000
15,32878424;0,83986940;31,74230000
15,33902424;0,83089690;31,74230000
15,34926424;0,83986940;31,74230000
15,35950424;0,83986940;32,19703000
15,36974424;0,84884180;31,74230000
15,37998424;0,83986940;31,74230000
15,39022424;0,84884180;31,28757000
15,40046424;0,84884180;32,19703000
15,41070424;0,83986940;31,74230000
15,42094424;0,83986940;31,74230000
15,43118424;0,84884180;31,28757000
15,44142424;0,84884180;31,74230000
15,45166424;0,84884180;31,74230000
15,46190424;0,84884180;31,74230000
15,47214424;0,84884180;31,74230000
15,48238424;0,84884180;31,74230000
15,49262424;0,84884180;31,74230000
15,50286424;0,85781430;31,74230000
15,51310424;0,84884180;31,74230000
15,52334424;0,85781430;31,74230000
15,53358424;0,85781430;31,74230000
15,54382424;0,84884180;32,19703000
15,55406424;0,85781430;31,74230000
15,56430424;0,84884180;31,74230000
15,57454424;0,84884180;31,74230000
15,58478424;0,85781430;31,74230000
15,59502424;0,85781430;31,74230000
15,60526424;0,85781430;31,28757000
15,61550424;0,84884180;31,74230000
15,62574424;0,85781430;31,74230000
15,63598424;0,84884180;31,28757000
15,64622424;0,85781430;32,19703000
15,65646424;0,85781430;31,74230000
15,66670424;0,85781430;31,74230000
15,67694424;0,85781430;31,74230000
15,68718424;0,85781430;31,28757000
15,69742424;0,85781430;31,74230000
15,70766424;0,84884180;31,74230000
15,71790424;0,85781430;32,19703000
15,72814424;0,85781430;31,74230000
15,73838424;0,85781430;31,74230000
15,74862424;0,85781430;32,19703000
15,75886424;0,84884180;31,74230000
15,76910424;0,85781430;31,74230000
15,77934424;0,84884180;31,28757000
15,78958424;0,84884180;31,74230000
15,79982424;0,84884180;31,74230000
15,81006424;0,84884180;31,28757000
15,82030424;0,84884180;31,74230000
15,83054424;0,84884180;31,28757000
15,84078424;0,84884180;32,19703000
15,85102424;0,83986940;31,74230000
15,86126424;0,84884180;31,74230000
15,87150424;0,84884180;31,74230000
15,88174424;0,84884180;31,28757000
15,89198424;0,84884180;31,74230000
15,90222424;0,84884180;31,28757000
15,91246424;0,83986940;31,74230000
15,92270424;0,84884180;31,74230000
15,93294424;0,83986940;31,28757000
15,94318424;0,83986940;31,74230000
15,95342424;0,84884180;31,28757000
15,96366424;0,83986940;31,74230000
15,97390424;0,83986940;31,28757000
15,98414424;0,83986940;32,19703000
15,99438424;0,83986940;31,74230000
16,00462424;0,83986940;31,28757000
16,01486424;0,83986940;31,28757000
16,02510424;0,83986940;31,74230000
16,03534424;0,83986940;31,28757000
16,04558424;0,83986940;31,28757000
16,05582424;0,83986940;31,28757000
16,06606424;0,83986940;31,74230000
16,07630424;0,83986940;31,74230000
16,08654424;0,83986940;31,28757000
16,09678424;0,83089690;31,28757000
16,10702424;0,83089690;31,28757000
16,11726424;0,83089690;31,74230000
16,12750424;0,83089690;31,28757000
16,13774424;0,82192450;31,28757000
16,14798424;0,82192450;31,74230000
16,15822424;0,83089690;31,74230000
16,16846424;0,82192450;31,74230000
16,17870424;0,82192450;31,74230000
16,18894424;0,82192450;31,28757000
16,19918424;0,82192450;31,28757000
16,20942424;0,82192450;31,74230000
16,21966424;0,82192450;31,28757000
16,22990424;0,82192450;31,28757000
16,24014424;0,81298260;31,74230000
16,25038424;0,81298260;31,28757000
16,26062424;0,82192450;31,28757000
16,27086424;0,81298260;31,74230000
16,28110424;0,80401020;31,28757000
16,29134424;0,81298260;31,74230000
16,30158424;0,81298260;31,28757000
16,31182424;0,80401020;31,28757000
16,32206424;0,80401020;31,74230000
16,33230424;0,80401020;31,28757000
16,34254424;0,80401020;31,74230000
16,35278424;0,80401020;31,28757000
16,36302424;0,80401020;31,28757000
16,37326424;0,80401020;31,28757000
16,38350424;0,78606520;31,28757000
16,39374424;0,80401020;31,28757000
16,40398424;0,78606520;31,28757000
16,41422424;0,78606520;31,28757000
16,42446424;0,78606520;31,74230000
16,43470424;0,78606520;31,28757000
16,44494424;0,78606520;30,83132000
16,45518424;0,78606520;31,74230000
16,46542424;0,78606520;31,74230000
16,47566424;0,78606520;31,28757000
16,48590424;0,78606520;30,83132000
16,49614424;0,77709280;31,28757000
16,50638424;0,77709280;31,28757000
16,51662424;0,76812030;31,28757000
16,52686424;0,77709280;31,28757000
16,53710424;0,76812030;31,28757000
16,54734424;0,76812030;31,28757000
16,55758424;0,76812030;31,28757000
16,56782424;0,76812030;31,28757000
16,57806424;0,75914790;30,83132000
16,58830424;0,75914790;31,28757000
16,59854424;0,75914790;31,28757000
16,60878424;0,75017550;31,28757000
16,61902424;0,75914790;30,83132000
16,62926424;0,75017550;31,28757000
16,63950424;0,75017550;31,28757000
16,64974424;0,75017550;30,83132000
16,65998424;0,75017550;31,28757000
16,67022424;0,75017550;31,28757000
16,68046424;0,74120300;30,83132000
16,69070424;0,75017550;30,83132000
16,70094424;0,73226110;30,83132000
16,71118424;0,74120300;31,28757000
16,72142424;0,73226110;31,28757000
16,73166424;0,73226110;31,28757000
16,74190424;0,73226110;30,83132000
16,75214424;0,73226110;31,28757000
16,76238424;0,73226110;31,28757000
16,77262424;0,71431620;31,28757000
16,78286424;0,73226110;31,74230000
16,79310424;0,71431620;30,83132000
16,80334424;0,71431620;30,83132000
16,81358424;0,71431620;31,28757000
16,82382424;0,71431620;31,28757000
16,83406424;0,71431620;30,83132000
16,84430424;0,71431620;31,28757000
16,85454424;0,70534380;31,28757000
16,86478424;0,69637140;31,28757000
16,87502424;0,69637140;31,28757000
16,88526424;0,69637140;30,83132000
16,89550424;0,68739890;31,28757000
16,90574424;0,69637140;31,28757000
16,91598424;0,68739890;31,28757000
16,92622424;0,67842640;30,83132000
16,93646424;0,67842640;31,28757000
16,94670424;0,67842640;30,83132000
16,95694424;0,67842640;30,83132000
16,96718423;0,67842640;30,83132000
16,97742423;0,66945400;30,37660000
16,98766423;0,67842640;30,37660000
16,99790423;0,66945400;30,83132000
17,00814423;0,66048160;30,83132000
17,01838423;0,66048160;30,83132000
17,02862423;0,66048160;30,37660000
17,03886423;0,66048160;30,37660000
17,04910423;0,64256720;30,83132000
17,05934423;0,66048160;30,83132000
17,06958423;0,64256720;30,37660000
17,07982423;0,64256720;30,83132000
17,09006423;0,64256720;30,83132000
17,10030423;0,64256720;30,37660000
17,11054423;0,64256720;30,83132000
17,12078423;0,63359480;30,37660000
17,13102423;0,63359480;30,37660000
17,14126423;0,62462230;30,83132000
17,15150423;0,62462230;30,37660000
17,16174423;0,62462230;29,92187000
17,17198423;0,61564990;30,37660000
17,18222423;0,60667750;30,37660000
17,19246423;0,60667750;30,83132000
17,20270423;0,60667750;30,83132000
17,21294423;0,60667750;30,37660000
17,22318423;0,60667750;30,83132000
17,23342423;0,58873250;30,37660000
17,24366423;0,60667750;30,37660000
17,25390423;0,59770500;30,37660000
17,26414423;0,58873250;30,83132000
17,27438423;0,58873250;29,92187000
17,28462423;0,57976010;30,37660000
17,29486423;0,58873250;30,37660000
17,30510423;0,57081820;29,92187000
17,31534423;0,57081820;30,37660000
17,32558423;0,57081820;30,37660000
17,33582423;0,57081820;29,92187000
17,34606423;0,57081820;29,46715000
17,35630423;0,56184580;30,37660000
17,36654423;0,56184580;30,37660000
17,37678423;0,55287330;29,92187000
17,38702423;0,55287330;29,92187000
17,39726423;0,55287330;30,37660000
17,40750423;0,54390080;29,92187000
17,41774423;0,54390080;30,37660000
17,42798423;0,53492840;29,92187000
17,43822423;0,53492840;29,92187000
17,44846423;0,53492840;30,37660000
17,45870423;0,53492840;30,37660000
17,46894423;0,51698360;29,92187000
17,47918423;0,51698360;29,46715000
17,48942423;0,51698360;29,92187000
17,49966423;0,51698360;29,92187000
17,50990423;0,50801110;29,92187000
17,52014423;0,50801110;30,37660000
17,53038423;0,49903870;29,92187000
17,54062423;0,49903870;29,92187000
17,55086423;0,49903870;29,92187000
17,56110423;0,49006620;29,46715000
17,57134423;0,49006620;30,37660000
17,58158423;0,48112430;29,92187000
17,59182423;0,48112430;29,92187000
17,60206423;0,48112430;29,01089000
17,61230423;0,46317940;29,92187000
17,62254423;0,46317940;29,92187000
17,63278423;0,46317940;29,92187000
17,64302423;0,46317940;29,46715000
17,65326423;0,45420700;29,92187000
17,66350423;0,45420700;29,46715000
17,67374423;0,45420700;29,92187000
17,68398423;0,44523450;29,46715000
17,69422423;0,44523450;29,92187000
17,70446423;0,43626210;29,01089000
17,71470423;0,42728970;29,92187000
17,72494423;0,42728970;29,46715000
17,73518423;0,43626210;29,46715000
17,74542423;0,41831720;29,46715000
17,75566423;0,41831720;29,46715000
17,76590423;0,40934480;29,92187000
17,77614423;0,40934480;29,01089000
17,78638423;0,40934480;29,46715000
17,79662423;0,40040280;29,46715000
17,80686423;0,40934480;29,01089000
17,81710423;0,40040280;29,46715000
17,82734423;0,40040280;29,01089000
17,83758423;0,39143040;29,01089000
17,84782423;0,39143040;29,01089000
17,85806423;0,38245800;29,01089000
17,86830423;0,38245800;29,01089000
17,87854423;0,37348550;29,01089000
17,88878423;0,37348550;29,01089000
17,89902423;0,36451310;29,01089000
17,90926423;0,36451310;28,55617000
17,91950423;0,35554060;28,55617000
17,92974423;0,35554060;29,01089000
17,93998423;0,35554060;29,01089000
17,95022423;0,35554060;29,01089000
17,96046423;0,35554060;28,10144000
17,97070423;0,33759580;28,55617000
17,98094423;0,33759580;28,55617000
17,99118423;0,32862330;28,55617000
18,00142423;0,31968140;28,55617000
18,01166423;0,31968140;28,55617000
18,02190423;0,31968140;28,10144000
18,03214423;0,31968140;28,55617000
18,04238423;0,31968140;28,10144000
18,05262423;0,30173650;28,10144000
18,06286423;0,30173650;28,10144000
18,07310423;0,30173650;28,10144000
18,08334423;0,29276410;28,55617000
18,09358423;0,28379160;28,10144000
18,10382423;0,28379160;28,10144000
18,11406423;0,28379160;27,64672000
18,12430423;0,27481920;27,64672000
18,13454423;0,27481920;28,10144000
18,14478423;0,27481920;27,64672000
18,15502423;0,26584670;28,10144000
18,16526423;0,25687430;27,64672000
18,17550423;0,26584670;28,10144000
18,18574423;0,25687430;28,10144000
18,19598423;0,24790190;28,10144000
18,20622423;0,24790190;27,64672000
18,21646423;0,24790190;28,10144000
18,22670423;0,22998750;27,19047000
18,23694423;0,22998750;27,64672000
18,24718423;0,22998750;27,64672000
18,25742423;0,22101510;27,19047000
18,26766423;0,21204260;27,64672000
18,27790423;0,21204260;27,64672000
18,28814423;0,21204260;27,19047000
18,29838423;0,20307020;27,64672000
18,30862423;0,21204260;27,19047000
18,31886423;0,19409770;26,73574000
18,32910423;0,19409770;26,73574000
18,33934423;0,18512530;26,73574000
18,34958423;0,18512530;26,73574000
18,35982423;0,17615280;26,28101000
18,37006423;0,17615280;26,73574000
18,38030423;0,17615280;26,73574000
18,39054423;0,16718040;26,73574000
18,40078423;0,16718040;26,28101000
18,41102423;0,15823850;26,73574000
18,42126423;0,15823850;26,28101000
18,43150423;0,15823850;26,28101000
18,44174423;0,14029360;26,73574000
18,45198423;0,14029360;26,28101000
18,46222423;0,14029360;25,82629000
18,47246423;0,14029360;25,82629000
18,48270423;0,12234870;25,82629000
18,49294423;0,13132110;25,82629000
18,50318423;0,12234870;26,28101000
18,51342423;0,11337630;25,82629000
18,52366423;0,11337630;26,28101000
18,53390423;0,11337630;25,37004000
18,54414423;0,10440380;25,37004000
18,55438423;0,10440380;25,37004000
18,56462423;0,10440380;25,37004000
18,57486423;0,08645894;24,91531000
18,58510423;0,08645894;24,91531000
18,59534423;0,07751702;24,91531000
18,60558423;0,08645894;24,91531000
18,61582422;0,06854457;24,46058000
18,62606422;0,06854457;24,46058000
18,63630422;0,06854457;24,46058000
18,64654422;0,06854457;24,46058000
18,65678422;0,05059969;24,46058000
18,66702422;0,05059969;24,00586000
18,67726422;0,05059969;24,00586000
18,68750422;0,04162725;24,00586000
18,69774422;0,03265481;24,00586000
18,70798422;0,03265481;23,54961000
18,71822422;0,03265481;24,00586000
18,72846422;0,02368236;23,54961000
18,73870422;0,02368236;23,54961000
18,74894422;0,01470992;23,54961000
18,75918422;0,01470992;23,09488000
18,76942422;0,01470992;22,64016000
18,77966422;-0,00320444;22,18543000
18,78990422;-0,00320444;22,18543000
18,80014422;-0,00320444;21,72918000
18,81038422;-0,01214637;21,27445000
18,82062422;-0,01214637;20,81973000
18,83086422;-0,02111881;17,63359000
18,84110422;-0,02111881;0,79653310
18,85134422;-0,03009125;-19,68444000
18,86158422;-0,03009125;-19,68444000
18,87182422;-0,03906369;-14,67788000
18,88206422;-0,03906369;-15,58733000
18,89230422;-0,04803614;-16,95303000
18,90254422;-0,03906369;-17,40776000
18,91278422;-0,05700858;-16,95303000
18,92302422;-0,05700858;-17,40776000
18,93326422;-0,05700858;-17,40776000
18,94350422;-0,05700858;-17,86401000
18,95374422;-0,07495346;-16,95303000
18,96398422;-0,08392590;-17,86401000
18,97422422;-0,08392590;-18,31874000
18,98446422;-0,08392590;-17,86401000
18,99470422;-0,09286782;-18,31874000
19,00494422;-0,10184030;-18,31874000
19,01518422;-0,10184030;-18,31874000
19,02542422;-0,10184030;-18,31874000
19,03566422;-0,10184030;-18,31874000
19,04590422;-0,11081270;-18,31874000
19,05614422;-0,11081270;-18,77346000
19,06638422;-0,11978520;-18,77346000
19,07662422;-0,12875760;-18,77346000
19,08686422;-0,12875760;-18,77346000
19,09710422;-0,12875760;-19,22819000
19,10734422;-0,12875760;-18,77346000
19,11758422;-0,13773000;-19,22819000
19,12782422;-0,14670250;-19,22819000
19,13806422;-0,14670250;-19,22819000
19,14830422;-0,15567490;-19,22819000
19,15854422;-0,15567490;-19,68444000
19,16878422;-0,16464740;-19,22819000
19,17902422;-0,16464740;-19,68444000
19,18926422;-0,17358930;-19,68444000
19,19950422;-0,17358930;-19,68444000
19,20974422;-0,18256170;-20,13916000
19,21998422;-0,18256170;-19,68444000
19,23022422;-0,18256170;-19,68444000
19,24046422;-0,19153420;-20,13916000
19,25070422;-0,20050660;-20,13916000
19,26094422;-0,20050660;-19,68444000
19,27118422;-0,20050660;-20,13916000
19,28142422;-0,20947900;-20,13916000
19,29166422;-0,21845150;-20,59389000
19,30190422;-0,21845150;-20,13916000
19,31214422;-0,22742390;-20,59389000
19,32238422;-0,21845150;-20,13916000
19,33262422;-0,22742390;-20,59389000
19,34286422;-0,23639640;-21,04861000
19,35310422;-0,23639640;-20,13916000
19,36334422;-0,24536880;-20,59389000
19,37358422;-0,24536880;-20,59389000
19,38382422;-0,25431070;-20,59389000
19,39406422;-0,25431070;-21,04861000
19,40430422;-0,25431070;-20,59389000
19,41454422;-0,26328320;-21,04861000
19,42478422;-0,26328320;-20,59389000
19,43502422;-0,27225560;-21,04861000
19,44526422;-0,27225560;-20,59389000
19,45550422;-0,29020050;-21,04861000
19,46574422;-0,29020050;-21,04861000
19,47598422;-0,29020050;-21,04861000
19,48622422;-0,29020050;-21,50487000
19,49646422;-0,29917290;-21,04861000
19,50670422;-0,29917290;-21,50487000
19,51694422;-0,30814540;-21,04861000
19,52718422;-0,30814540;-21,50487000
19,53742422;-0,31711780;-21,04861000
19,54766422;-0,31711780;-21,50487000
19,55790422;-0,32609030;-21,50487000
19,56814422;-0,32609030;-21,50487000
19,57838422;-0,32609030;-21,04861000
19,58862422;-0,33503220;-21,50487000
19,59886422;-0,34400460;-21,95959000
19,60910422;-0,34400460;-21,95959000
19,61934422;-0,34400460;-21,50487000
19,62958422;-0,34400460;-21,50487000
19,63982422;-0,36194950;-21,50487000
19,65006422;-0,36194950;-21,95959000
19,66030422;-0,36194950;-21,95959000
19,67054422;-0,36194950;-21,95959000
19,68078422;-0,37989440;-21,50487000
19,69102422;-0,37092200;-21,95959000
19,70126422;-0,37989440;-21,95959000
19,71150422;-0,37989440;-22,41432000
19,72174422;-0,37989440;-21,95959000
19,73198422;-0,39783930;-21,95959000
19,74222422;-0,38886680;-21,95959000
19,75246422;-0,39783930;-21,95959000
19,76270422;-0,39783930;-21,95959000
19,77294422;-0,39783930;-21,95959000
19,78318422;-0,40681170;-21,95959000
19,79342422;-0,40681170;-21,95959000
19,80366422;-0,41575370;-21,95959000
19,81390422;-0,41575370;-22,41432000
19,82414422;-0,41575370;-21,95959000
19,83438422;-0,42472610;-22,41432000
19,84462422;-0,43369850;-21,95959000
19,85486422;-0,43369850;-21,95959000
19,86510422;-0,43369850;-21,95959000
19,87534422;-0,44267100;-22,41432000
19,88558422;-0,45164340;-22,41432000
19,89582422;-0,45164340;-21,95959000
19,90606422;-0,45164340;-21,95959000
19,91630422;-0,46061590;-22,86905000
19,92654422;-0,46061590;-21,95959000
19,93678422;-0,46958830;-21,95959000
19,94702422;-0,46958830;-22,86905000
19,95726422;-0,46958830;-22,41432000
19,96750422;-0,46958830;-22,86905000
19,97774422;-0,46958830;-22,86905000
19,98798422;-0,48753320;-22,41432000
19,99822422;-0,48753320;-22,41432000
20,00846422;-0,48753320;-22,41432000
20,01870422;-0,48753320;-22,86905000
20,02894422;-0,48753320;-22,86905000
20,03918422;-0,50544760;-22,41432000
20,04942422;-0,50544760;-22,41432000
20,05966422;-0,50544760;-22,41432000
20,06990422;-0,50544760;-22,86905000
20,08014422;-0,50544760;-22,86905000
20,09038422;-0,51442000;-22,86905000
20,10062422;-0,52339240;-22,86905000
20,11086422;-0,52339240;-22,86905000
20,12110422;-0,52339240;-22,41432000
20,13134422;-0,53236490;-22,41432000
20,14158422;-0,53236490;-22,86905000
20,15182422;-0,54133730;-22,86905000
20,16206422;-0,54133730;-22,41432000
20,17230422;-0,54133730;-21,95959000
20,18254422;-0,55030980;-23,32530000
20,19278422;-0,55030980;-22,86905000
20,20302422;-0,55030980;-22,86905000
20,21326422;-0,55928220;-22,86905000
20,22350422;-0,55928220;-22,86905000
20,23374422;-0,55928220;-22,86905000
20,24398422;-0,55928220;-23,32530000
20,25422422;-0,57722710;-22,86905000
20,26446421;-0,57722710;-22,86905000
20,27470421;-0,57722710;-22,41432000
20,28494421;-0,57722710;-23,32530000
20,29518421;-0,57722710;-22,41432000
20,30542421;-0,59514150;-23,32530000
20,31566421;-0,58616900;-23,32530000
20,32590421;-0,59514150;-22,86905000
20,33614421;-0,59514150;-23,32530000
20,34638421;-0,60411390;-22,86905000
20,35662421;-0,59514150;-23,32530000
20,36686421;-0,61308630;-23,78002000
20,37710421;-0,60411390;-22,86905000
20,38734421;-0,61308630;-23,32530000
20,39758421;-0,61308630;-23,32530000
20,40782421;-0,61308630;-23,78002000
20,41806421;-0,62205870;-22,86905000
20,42830421;-0,63103120;-22,86905000
20,43854421;-0,63103120;-23,32530000
20,44878421;-0,63103120;-22,86905000
20,45902421;-0,63103120;-23,32530000
20,46926421;-0,64000370;-23,32530000
20,47950421;-0,64000370;-23,32530000
20,48974421;-0,64000370;-22,86905000
20,49998421;-0,64000370;-22,86905000
20,51022421;-0,64897610;-22,86905000
20,52046421;-0,64897610;-23,32530000
20,53070421;-0,64897610;-22,86905000
20,54094421;-0,64897610;-22,86905000
20,55118421;-0,66689040;-22,86905000
20,56142421;-0,66689040;-23,78002000
20,57166421;-0,66689040;-23,32530000
20,58190421;-0,66689040;-23,32530000
20,59214421;-0,66689040;-23,32530000
20,60238421;-0,66689040;-23,32530000
20,61262421;-0,67586290;-23,78002000
20,62286421;-0,68483540;-23,78002000
20,63310421;-0,68483540;-23,32530000
20,64334421;-0,68483540;-23,32530000
20,65358421;-0,68483540;-22,86905000
20,66382421;-0,68483540;-22,86905000
20,67406421;-0,68483540;-23,32530000
20,68430421;-0,68483540;-22,86905000
20,69454421;-0,69380780;-23,32530000
20,70478421;-0,70278020;-23,32530000
20,71502421;-0,70278020;-23,32530000
20,72526421;-0,70278020;-23,32530000
20,73550421;-0,70278020;-22,86905000
20,74574421;-0,70278020;-23,32530000
20,75598421;-0,70278020;-23,32530000
20,76622421;-0,71175270;-23,32530000
20,77646421;-0,71175270;-23,32530000
20,78670421;-0,72072510;-22,86905000
20,79694421;-0,72072510;-23,32530000
20,80718421;-0,72072510;-23,78002000
20,81742421;-0,72072510;-23,78002000
20,82766421;-0,72072510;-22,86905000
20,83790421;-0,72969760;-23,32530000
20,84814421;-0,72969760;-23,78002000
20,85838421;-0,73867000;-23,78002000
20,86862421;-0,73867000;-23,32530000
20,87886421;-0,73867000;-23,32530000
20,88910421;-0,73867000;-23,32530000
20,89934421;-0,73867000;-23,78002000
20,90958421;-0,74761190;-23,32530000
20,91982421;-0,74761190;-23,32530000
20,93006421;-0,75658430;-22,86905000
20,94030421;-0,74761190;-23,32530000
20,95054421;-0,74761190;-23,32530000
20,96078421;-0,75658430;-23,32530000
20,97102421;-0,75658430;-23,32530000
20,98126421;-0,75658430;-22,86905000
20,99150421;-0,75658430;-23,78002000
21,00174421;-0,75658430;-22,86905000
21,01198421;-0,75658430;-22,86905000
21,02222421;-0,75658430;-24,23475000
21,03246421;-0,75658430;-23,32530000
21,04270421;-0,77452930;-23,32530000
21,05294421;-0,75658430;-23,32530000
21,06318421;-0,77452930;-22,86905000
21,07342421;-0,77452930;-23,32530000
21,08366421;-0,77452930;-23,32530000
21,09390421;-0,77452930;-23,78002000
21,10414421;-0,77452930;-23,32530000
21,11438421;-0,77452930;-23,32530000
21,12462421;-0,77452930;-22,86905000
21,13486421;-0,79247420;-22,86905000
21,14510421;-0,79247420;-23,32530000
21,15534421;-0,78350170;-23,32530000
21,16558421;-0,79247420;-23,32530000
21,17582421;-0,79247420;-23,78002000
21,18606421;-0,79247420;-22,86905000
21,19630421;-0,80144660;-23,32530000
21,20654421;-0,79247420;-23,32530000
21,21678421;-0,80144660;-23,32530000
21,22702421;-0,80144660;-23,32530000
21,23726421;-0,80144660;-23,32530000
21,24750421;-0,79247420;-23,32530000
21,25774421;-0,80144660;-22,86905000
21,26798421;-0,81041900;-23,32530000
21,27822421;-0,81041900;-23,32530000
21,28846421;-0,81041900;-23,32530000
21,29870421;-0,81041900;-23,32530000
21,30894421;-0,81041900;-23,32530000
21,31918421;-0,81041900;-23,32530000
21,32942421;-0,81041900;-23,32530000
21,33966421;-0,81041900;-23,32530000
21,34990421;-0,81939150;-23,32530000
21,36014421;-0,81041900;-23,32530000
21,37038421;-0,81939150;-23,32530000
21,38062421;-0,81939150;-23,78002000
21,39086421;-0,81939150;-23,78002000
21,40110421;-0,82833340;-23,32530000
21,41134421;-0,82833340;-22,86905000
21,42158421;-0,81939150;-22,86905000
21,43182421;-0,82833340;-23,32530000
21,44206421;-0,82833340;-23,32530000
21,45230421;-0,82833340;-22,86905000
21,46254421;-0,82833340;-23,32530000
21,47278421;-0,82833340;-23,32530000
21,48302421;-0,82833340;-23,32530000
21,49326421;-0,82833340;-22,86905000
21,50350421;-0,82833340;-22,86905000
21,51374421;-0,82833340;-23,78002000
21,52398421;-0,82833340;-22,86905000
21,53422421;-0,83730580;-23,32530000
21,54446421;-0,83730580;-22,86905000
21,55470421;-0,82833340;-23,32530000
21,56494421;-0,83730580;-23,32530000
21,57518421;-0,83730580;-23,78002000
21,58542421;-0,83730580;-23,32530000
21,59566421;-0,82833340;-23,32530000
21,60590421;-0,83730580;-22,86905000
21,61614421;-0,83730580;-23,78002000
21,62638421;-0,84627830;-23,32530000
21,63662421;-0,83730580;-22,86905000
21,64686421;-0,83730580;-22,86905000
21,65710421;-0,84627830;-23,32530000
21,66734421;-0,84627830;-23,32530000
21,67758421;-0,84627830;-23,32530000
21,68782421;-0,84627830;-23,32530000
21,69806421;-0,84627830;-23,32530000
21,70830421;-0,84627830;-23,32530000
21,71854421;-0,84627830;-23,32530000
21,72878421;-0,84627830;-23,32530000
21,73902421;-0,84627830;-23,32530000
21,74926421;-0,84627830;-22,86905000
21,75950421;-0,84627830;-23,32530000
21,76974421;-0,84627830;-23,32530000
21,77998421;-0,84627830;-23,32530000
21,79022421;-0,84627830;-23,32530000
21,80046421;-0,84627830;-22,86905000
21,81070421;-0,84627830;-22,86905000
21,82094421;-0,84627830;-22,86905000
21,83118421;-0,84627830;-22,86905000
21,84142421;-0,84627830;-23,32530000
21,85166421;-0,84627830;-23,32530000
21,86190421;-0,84627830;-23,78002000
21,87214421;-0,84627830;-23,32530000
21,88238421;-0,84627830;-22,86905000
21,89262421;-0,84627830;-23,32530000
21,90286421;-0,84627830;-23,32530000
21,91310420;-0,84627830;-23,32530000
21,92334420;-0,84627830;-23,32530000
21,93358420;-0,84627830;-23,32530000
21,94382420;-0,84627830;-23,78002000
21,95406420;-0,84627830;-23,32530000
21,96430420;-0,84627830;-23,78002000
21,97454420;-0,84627830;-22,86905000
21,98478420;-0,84627830;-22,86905000
21,99502420;-0,84627830;-22,86905000
22,00526420;-0,84627830;-23,32530000
22,01550420;-0,84627830;-23,32530000
22,02574420;-0,84627830;-23,32530000
22,03598420;-0,84627830;-22,86905000
22,04622420;-0,84627830;-23,32530000
22,05646420;-0,84627830;-22,86905000
22,06670420;-0,84627830;-23,32530000
22,07694420;-0,84627830;-23,32530000
22,08718420;-0,84627830;-23,78002000
22,09742420;-0,84627830;-23,32530000
22,10766420;-0,83730580;-23,32530000
22,11790420;-0,83730580;-23,32530000
22,12814420;-0,84627830;-23,32530000
22,13838420;-0,84627830;-22,86905000
22,14862420;-0,84627830;-23,32530000
22,15886420;-0,83730580;-22,86905000
22,16910420;-0,83730580;-23,32530000
22,17934420;-0,84627830;-23,32530000
22,18958420;-0,84627830;-23,32530000
22,19982420;-0,83730580;-23,32530000
22,21006420;-0,83730580;-23,32530000
22,22030420;-0,83730580;-22,86905000
22,23054420;-0,82833340;-23,32530000
22,24078420;-0,83730580;-23,32530000
22,25102420;-0,83730580;-23,32530000
22,26126420;-0,83730580;-22,86905000
22,27150420;-0,82833340;-23,32530000
22,28174420;-0,82833340;-23,32530000
22,29198420;-0,82833340;-23,32530000
22,30222420;-0,82833340;-23,32530000
22,31246420;-0,82833340;-22,86905000
22,32270420;-0,82833340;-22,86905000
22,33294420;-0,82833340;-22,86905000
22,34318420;-0,82833340;-22,41432000
22,35342420;-0,82833340;-23,32530000
22,36366420;-0,82833340;-22,86905000
22,37390420;-0,82833340;-23,32530000
22,38414420;-0,82833340;-22,86905000
22,39438420;-0,81939150;-23,32530000
22,40462420;-0,81939150;-22,86905000
22,41486420;-0,81939150;-22,86905000
22,42510420;-0,81939150;-22,86905000
22,43534420;-0,81041900;-22,86905000
22,44558420;-0,81041900;-23,32530000
22,45582420;-0,81041900;-23,32530000
22,46606420;-0,81041900;-22,86905000
22,47630420;-0,81041900;-23,32530000
22,48654420;-0,81041900;-22,86905000
22,49678420;-0,81041900;-22,86905000
22,50702420;-0,80144660;-23,32530000
22,51726420;-0,81041900;-22,86905000
22,52750420;-0,81041900;-22,86905000
22,53774420;-0,81041900;-23,32530000
22,54798420;-0,81041900;-22,86905000
22,55822420;-0,80144660;-22,86905000
22,56846420;-0,80144660;-22,86905000
22,57870420;-0,79247420;-22,86905000
22,58894420;-0,79247420;-22,86905000
22,59918420;-0,79247420;-22,86905000
22,60942420;-0,79247420;-22,86905000
22,61966420;-0,79247420;-22,86905000
22,62990420;-0,79247420;-22,86905000
22,64014420;-0,79247420;-22,86905000
22,65038420;-0,79247420;-22,86905000
22,66062420;-0,79247420;-22,86905000
22,67086420;-0,79247420;-22,86905000
22,68110420;-0,79247420;-22,41432000
22,69134420;-0,77452930;-22,86905000
22,70158420;-0,77452930;-22,86905000
22,71182420;-0,77452930;-22,86905000
22,72206420;-0,77452930;-22,86905000
22,73230420;-0,77452930;-22,86905000
22,74254420;-0,77452930;-22,86905000
22,75278420;-0,76555680;-22,86905000
22,76302420;-0,76555680;-22,86905000
22,77326420;-0,76555680;-22,86905000
22,78350420;-0,76555680;-22,86905000
22,79374420;-0,76555680;-22,86905000
22,80398420;-0,76555680;-22,86905000
22,81422420;-0,76555680;-22,86905000
22,82446420;-0,75658430;-22,86905000
22,83470420;-0,75658430;-22,86905000
22,84494420;-0,75658430;-22,86905000
22,85518420;-0,75658430;-22,86905000
22,86542420;-0,74761190;-22,86905000
22,87566420;-0,75658430;-22,86905000
22,88590420;-0,74761190;-22,86905000
22,89614420;-0,74761190;-23,32530000
22,90638420;-0,73867000;-22,41432000
22,91662420;-0,73867000;-22,41432000
22,92686420;-0,73867000;-22,41432000
22,93710420;-0,73867000;-22,86905000
22,94734420;-0,73867000;-22,41432000
22,95758420;-0,73867000;-22,86905000
22,96782420;-0,72072510;-22,86905000
22,97806420;-0,72072510;-22,86905000
22,98830420;-0,72072510;-22,41432000
22,99854420;-0,72072510;-22,86905000
23,00878420;-0,72072510;-22,86905000
23,01902420;-0,72072510;-22,41432000
23,02926420;-0,72072510;-22,86905000
23,03950420;-0,71175270;-22,86905000
23,04974420;-0,72072510;-22,86905000
23,05998420;-0,71175270;-22,41432000
23,07022420;-0,70278020;-22,41432000
23,08046420;-0,69380780;-22,41432000
23,09070420;-0,70278020;-22,86905000
23,10094420;-0,69380780;-22,41432000
23,11118420;-0,70278020;-22,41432000
23,12142420;-0,69380780;-21,95959000
23,13166420;-0,69380780;-21,95959000
23,14190420;-0,68483540;-21,95959000
23,15214420;-0,68483540;-21,95959000
23,16238420;-0,68483540;-22,86905000
23,17262420;-0,68483540;-22,41432000
23,18286420;-0,68483540;-22,86905000
23,19310420;-0,66689040;-21,95959000
23,20334420;-0,67586290;-22,86905000
23,21358420;-0,66689040;-22,41432000
23,22382420;-0,66689040;-22,41432000
23,23406420;-0,66689040;-21,95959000
23,24430420;-0,66689040;-21,95959000
23,25454420;-0,65794860;-22,86905000
23,26478420;-0,64897610;-21,95959000
23,27502420;-0,65794860;-21,95959000
23,28526420;-0,64897610;-21,95959000
23,29550420;-0,64897610;-22,86905000
23,30574420;-0,64897610;-22,86905000
23,31598420;-0,64897610;-21,95959000
23,32622420;-0,63103120;-22,41432000
23,33646420;-0,64897610;-22,86905000
23,34670420;-0,63103120;-22,41432000
23,35694420;-0,63103120;-21,95959000
23,36718420;-0,63103120;-22,41432000
23,37742420;-0,63103120;-22,41432000
23,38766420;-0,61308630;-22,86905000
23,39790420;-0,61308630;-22,86905000
23,40814420;-0,62205870;-21,50487000
23,41838420;-0,61308630;-21,95959000
23,42862420;-0,61308630;-21,95959000
23,43886420;-0,60411390;-22,41432000
23,44910420;-0,60411390;-22,41432000
23,45934420;-0,59514150;-21,50487000
23,46958420;-0,59514150;-21,95959000
23,47982420;-0,59514150;-21,95959000
23,49006420;-0,59514150;-21,50487000
23,50030420;-0,58616900;-21,95959000
23,51054420;-0,58616900;-21,95959000
23,52078420;-0,57722710;-21,95959000
23,53102420;-0,57722710;-21,95959000
23,54126420;-0,57722710;-21,95959000
23,55150419;-0,57722710;-21,95959000
23,56174419;-0,56825460;-21,95959000
23,57198419;-0,57722710;-21,95959000
23,58222419;-0,55928220;-21,50487000
23,59246419;-0,55030980;-21,95959000
23,60270419;-0,55928220;-21,95959000
23,61294419;-0,55030980;-21,95959000
23,62318419;-0,55030980;-21,95959000
23,63342419;-0,54133730;-21,50487000
23,64366419;-0,55030980;-22,41432000
23,65390419;-0,54133730;-21,50487000
23,66414419;-0,53236490;-21,95959000
23,67438419;-0,53236490;-21,95959000
23,68462419;-0,53236490;-21,95959000
23,69486419;-0,52339240;-21,95959000
23,70510419;-0,52339240;-21,50487000
23,71534419;-0,50544760;-21,50487000
23,72558419;-0,51442000;-21,95959000
23,73582419;-0,50544760;-21,50487000
23,74606419;-0,50544760;-21,50487000
23,75630419;-0,50544760;-21,50487000
23,76654419;-0,50544760;-21,95959000
23,77678419;-0,50544760;-21,50487000
23,78702419;-0,48753320;-21,04861000
23,79726419;-0,48753320;-21,50487000
23,80750419;-0,48753320;-21,04861000
23,81774419;-0,47856070;-21,50487000
23,82798419;-0,48753320;-21,95959000
23,83822419;-0,46958830;-21,50487000
23,84846419;-0,46958830;-21,50487000
23,85870419;-0,46958830;-21,95959000
23,86894419;-0,46958830;-21,04861000
23,87918419;-0,46061590;-21,04861000
23,88942419;-0,45164340;-21,04861000
23,89966419;-0,45164340;-21,50487000
23,90990419;-0,45164340;-21,04861000
23,92014419;-0,44267100;-21,04861000
23,93038419;-0,44267100;-21,50487000
23,94062419;-0,44267100;-21,04861000
23,95086419;-0,43369850;-21,04861000
23,96110419;-0,43369850;-21,04861000
23,97134419;-0,42472610;-21,04861000
23,98158419;-0,43369850;-21,50487000
23,99182419;-0,41575370;-21,04861000
24,00206419;-0,41575370;-21,04861000
24,01230419;-0,40681170;-20,59389000
24,02254419;-0,40681170;-21,04861000
24,03278419;-0,40681170;-20,13916000
24,04302419;-0,39783930;-21,04861000
24,05326419;-0,39783930;-20,59389000
24,06350419;-0,39783930;-21,04861000
24,07374419;-0,39783930;-21,04861000
24,08398419;-0,38886680;-20,59389000
24,09422419;-0,37989440;-20,59389000
24,10446419;-0,37989440;-21,04861000
24,11470419;-0,37092200;-20,59389000
24,12494419;-0,37092200;-20,13916000
24,13518419;-0,36194950;-21,04861000
24,14542419;-0,36194950;-20,59389000
24,15566419;-0,36194950;-21,04861000
24,16590419;-0,35297710;-20,59389000
24,17614419;-0,34400460;-20,59389000
24,18638419;-0,34400460;-20,13916000
24,19662419;-0,34400460;-20,13916000
24,20686419;-0,34400460;-20,59389000
24,21710419;-0,34400460;-20,13916000
24,22734419;-0,32609030;-21,04861000
24,23758419;-0,32609030;-19,68444000
24,24782419;-0,31711780;-20,59389000
24,25806419;-0,32609030;-19,68444000
24,26830419;-0,30814540;-20,13916000
24,27854419;-0,30814540;-20,13916000
24,28878419;-0,30814540;-20,13916000
24,29902419;-0,29917290;-20,13916000
24,30926419;-0,29917290;-20,13916000
24,31950419;-0,29917290;-19,68444000
24,32974419;-0,29020050;-19,68444000
24,33998419;-0,29020050;-20,59389000
24,35022419;-0,27225560;-19,68444000
24,36046419;-0,28122810;-19,68444000
24,37070419;-0,27225560;-19,22819000
24,38094419;-0,27225560;-19,68444000
24,39118419;-0,27225560;-19,68444000
24,40142419;-0,26328320;-19,22819000
24,41166419;-0,25431070;-19,68444000
24,42190419;-0,25431070;-19,68444000
24,43214419;-0,25431070;-19,22819000
24,44238419;-0,25431070;-19,68444000
24,45262419;-0,23639640;-19,22819000
24,46286419;-0,23639640;-19,68444000
24,47310419;-0,22742390;-20,13916000
24,48334419;-0,21845150;-19,22819000
24,49358419;-0,21845150;-19,68444000
24,50382419;-0,21845150;-18,77346000
24,51406419;-0,21845150;-19,22819000
24,52430419;-0,20947900;-19,22819000
24,53454419;-0,20050660;-19,22819000
24,54478419;-0,20050660;-19,22819000
24,55502419;-0,19153420;-19,22819000
24,56526419;-0,20050660;-18,77346000
24,57550419;-0,18256170;-18,77346000
24,58574419;-0,18256170;-18,77346000
24,59598419;-0,18256170;-18,77346000
24,60622419;-0,18256170;-18,77346000
24,61646419;-0,17358930;-18,31874000
24,62670419;-0,16464740;-18,31874000
24,63694419;-0,16464740;-18,31874000
24,64718419;-0,16464740;-18,31874000
24,65742419;-0,15567490;-17,86401000
24,66766419;-0,14670250;-18,31874000
24,67790419;-0,14670250;-17,86401000
24,68814419;-0,14670250;-18,31874000
24,69838419;-0,12875760;-17,86401000
24,70862419;-0,12875760;-17,86401000
24,71886419;-0,12875760;-17,86401000
24,72910419;-0,11978520;-17,86401000
24,73934419;-0,12875760;-17,86401000
24,74958419;-0,11081270;-16,95303000
24,75982419;-0,11978520;-17,40776000
24,77006419;-0,11081270;-17,40776000
24,78030419;-0,11081270;-17,86401000
24,79054419;-0,11081270;-17,40776000
24,80078419;-0,09286782;-16,95303000
24,81102419;-0,09286782;-16,95303000
24,82126419;-0,08392590;-17,40776000
24,83150419;-0,08392590;-17,40776000
24,84174419;-0,07495346;-16,49831000
24,85198419;-0,07495346;-16,95303000
24,86222419;-0,07495346;-16,49831000
24,87246419;-0,07495346;-16,49831000
24,88270419;-0,05700858;-16,49831000
24,89294419;-0,05700858;-16,49831000
24,90318419;-0,04803614;-16,04358000
24,91342419;-0,04803614;-16,04358000
24,92366419;-0,03906369;-16,04358000
24,93390419;-0,03906369;-15,58733000
24,94414419;-0,03906369;-16,04358000
24,95438419;-0,02111881;-15,58733000
24,96462419;-0,03009125;-15,58733000
24,97486419;-0,02111881;-15,58733000
24,98510419;-0,02111881;-15,58733000
24,99534419;-0,01214637;-15,13260000
25,00558419;-0,00320444;-15,13260000
25,01582419;-0,00320444;-14,22315000
25,02606419;-0,00320444;-14,22315000
