Tiempo;Canal A;Canal B
(ms);(V);(mV)

-25,01523122;-0,02111881;-26,05518000
-25,00499122;-0,01214637;-26,05518000
-24,99475122;-0,01214637;-25,60045000
-24,98451122;-0,00320444;-25,60045000
-24,97427122;-0,00320444;-25,14573000
-24,96403122;0,01470992;-25,14573000
-24,95379122;0,01470992;-24,68947000
-24,94355122;0,01470992;-24,23475000
-24,93331122;0,01470992;-24,23475000
-24,92307122;0,01470992;-23,78002000
-24,91283122;0,02368236;-22,86905000
-24,90259122;0,03265481;-21,04861000
-24,89235122;0,03265481;-11,49174000
-24,88211122;0,03265481;12,62703000
-24,87187122;0,04162725;19,45402000
-24,86163122;0,04162725;13,53801000
-24,85139122;0,05059969;13,08328000
-24,84115122;0,05957213;14,90371000
-24,83091122;0,05957213;14,44746000
-24,82067122;0,06854457;14,90371000
-24,81043122;0,06854457;14,90371000
-24,80019122;0,06854457;14,90371000
-24,78995122;0,06854457;14,90371000
-24,77971122;0,08645894;15,35844000
-24,76947122;0,08645894;15,35844000
-24,75923122;0,08645894;15,81317000
-24,74899122;0,09543138;15,35844000
-24,73875122;0,10440380;15,35844000
-24,72851122;0,10440380;15,81317000
-24,71827122;0,11337630;15,81317000
-24,70803122;0,11337630;15,81317000
-24,69779122;0,12234870;16,26789000
-24,68755122;0,12234870;16,26789000
-24,67731122;0,12234870;16,26789000
-24,66707122;0,13132110;16,72414000
-24,65683122;0,13132110;16,72414000
-24,64659122;0,14029360;16,72414000
-24,63635122;0,14029360;16,26789000
-24,62611122;0,14926600;17,17887000
-24,61587122;0,15823850;16,72414000
-24,60563122;0,15823850;17,17887000
-24,59539122;0,15823850;16,72414000
-24,58515122;0,16718040;16,72414000
-24,57491122;0,17615280;16,72414000
-24,56467122;0,17615280;17,17887000
-24,55443122;0,17615280;16,26789000
-24,54419122;0,17615280;16,72414000
-24,53395122;0,18512530;16,72414000
-24,52371122;0,19409770;17,17887000
-24,51347122;0,19409770;17,17887000
-24,50323123;0,19409770;17,17887000
-24,49299123;0,20307020;17,17887000
-24,48275123;0,21204260;18,08832000
-24,47251123;0,21204260;17,17887000
-24,46227123;0,21204260;17,63359000
-24,45203123;0,22101510;17,63359000
-24,44179123;0,22101510;17,17887000
-24,43155123;0,22998750;18,08832000
-24,42131123;0,22998750;18,08832000
-24,41107123;0,22998750;17,63359000
-24,40083123;0,24790190;17,63359000
-24,39059123;0,24790190;17,63359000
-24,38035123;0,24790190;17,63359000
-24,37011123;0,24790190;18,08832000
-24,35987123;0,25687430;18,08832000
-24,34963123;0,26584670;18,54457000
-24,33939123;0,26584670;18,08832000
-24,32915123;0,26584670;18,54457000
-24,31891123;0,27481920;17,63359000
-24,30867123;0,28379160;18,54457000
-24,29843123;0,28379160;18,54457000
-24,28819123;0,28379160;18,54457000
-24,27795123;0,28379160;18,08832000
-24,26771123;0,29276410;18,54457000
-24,25747123;0,30173650;18,54457000
-24,24723123;0,30173650;18,08832000
-24,23699123;0,30173650;18,54457000
-24,22675123;0,31070890;18,08832000
-24,21651123;0,31968140;18,54457000
-24,20627123;0,31968140;19,45402000
-24,19603123;0,31968140;18,54457000
-24,18579123;0,31968140;18,99930000
-24,17555123;0,32862330;18,54457000
-24,16531123;0,33759580;19,45402000
-24,15507123;0,33759580;18,54457000
-24,14483123;0,33759580;18,54457000
-24,13459123;0,34656820;18,99930000
-24,12435123;0,35554060;18,99930000
-24,11411123;0,35554060;18,54457000
-24,10387123;0,35554060;18,99930000
-24,09363123;0,35554060;18,54457000
-24,08339123;0,37348550;18,99930000
-24,07315123;0,37348550;19,45402000
-24,06291123;0,37348550;18,99930000
-24,05267123;0,37348550;19,45402000
-24,04243123;0,38245800;18,99930000
-24,03219123;0,38245800;18,99930000
-24,02195123;0,39143040;19,45402000
-24,01171123;0,39143040;19,45402000
-24,00147123;0,39143040;18,99930000
-23,99123123;0,40040280;19,45402000
-23,98099123;0,40040280;19,45402000
-23,97075123;0,40934480;18,99930000
-23,96051123;0,40934480;19,45402000
-23,95027123;0,41831720;19,45402000
-23,94003123;0,41831720;19,45402000
-23,92979123;0,42728970;19,45402000
-23,91955123;0,42728970;19,90875000
-23,90931123;0,42728970;19,45402000
-23,89907123;0,42728970;19,45402000
-23,88883123;0,42728970;19,45402000
-23,87859123;0,44523450;19,45402000
-23,86835123;0,44523450;19,45402000
-23,85811123;0,44523450;19,45402000
-23,84787123;0,45420700;19,90875000
-23,83763123;0,45420700;19,45402000
-23,82739123;0,45420700;19,45402000
-23,81715123;0,46317940;19,45402000
-23,80691123;0,46317940;19,90875000
-23,79667123;0,46317940;19,45402000
-23,78643123;0,48112430;19,45402000
-23,77619123;0,48112430;19,45402000
-23,76595123;0,49006620;19,90875000
-23,75571123;0,48112430;19,90875000
-23,74547123;0,49006620;19,90875000
-23,73523123;0,49006620;19,90875000
-23,72499123;0,49903870;19,90875000
-23,71475123;0,49903870;20,36500000
-23,70451123;0,49903870;19,90875000
-23,69427123;0,49903870;19,90875000
-23,68403123;0,51698360;19,90875000
-23,67379123;0,49903870;19,90875000
-23,66355123;0,51698360;19,90875000
-23,65331123;0,51698360;19,90875000
-23,64307123;0,51698360;19,90875000
-23,63283123;0,52595600;20,36500000
-23,62259123;0,53492840;20,36500000
-23,61235123;0,53492840;20,36500000
-23,60211123;0,53492840;20,36500000
-23,59187123;0,53492840;20,36500000
-23,58163123;0,54390080;19,90875000
-23,57139123;0,54390080;20,36500000
-23,56115123;0,55287330;20,36500000
-23,55091123;0,55287330;19,90875000
-23,54067123;0,55287330;19,90875000
-23,53043123;0,56184580;20,36500000
-23,52019123;0,56184580;20,36500000
-23,50995123;0,57081820;20,36500000
-23,49971123;0,57081820;20,36500000
-23,48947123;0,57081820;20,36500000
-23,47923123;0,57081820;20,81973000
-23,46899123;0,58873250;20,36500000
-23,45875123;0,57976010;20,36500000
-23,44851123;0,58873250;19,90875000
-23,43827123;0,58873250;19,90875000
-23,42803123;0,58873250;20,36500000
-23,41779123;0,59770500;20,36500000
-23,40755123;0,59770500;20,36500000
-23,39731123;0,60667750;20,36500000
-23,38707123;0,60667750;20,36500000
-23,37683123;0,60667750;20,36500000
-23,36659123;0,60667750;19,90875000
-23,35635123;0,60667750;20,36500000
-23,34611123;0,62462230;19,90875000
-23,33587123;0,62462230;20,81973000
-23,32563123;0,62462230;20,81973000
-23,31539123;0,62462230;20,81973000
-23,30515123;0,63359480;20,81973000
-23,29491123;0,63359480;19,90875000
-23,28467123;0,63359480;20,81973000
-23,27443123;0,64256720;20,36500000
-23,26419123;0,64256720;20,81973000
-23,25395123;0,64256720;20,36500000
-23,24371123;0,65153970;20,81973000
-23,23347123;0,64256720;20,36500000
-23,22323123;0,66048160;20,36500000
-23,21299123;0,66048160;20,36500000
-23,20275123;0,66048160;20,81973000
-23,19251123;0,66048160;20,81973000
-23,18227123;0,66945400;20,36500000
-23,17203123;0,66048160;20,81973000
-23,16179123;0,66945400;20,36500000
-23,15155123;0,67842640;20,36500000
-23,14131123;0,67842640;20,36500000
-23,13107123;0,67842640;20,36500000
-23,12083123;0,67842640;21,27445000
-23,11059123;0,67842640;20,36500000
-23,10035123;0,67842640;20,36500000
-23,09011123;0,67842640;20,36500000
-23,07987123;0,69637140;20,81973000
-23,06963123;0,69637140;20,36500000
-23,05939123;0,68739890;20,81973000
-23,04915123;0,69637140;20,36500000
-23,03891123;0,69637140;20,36500000
-23,02867123;0,70534380;20,81973000
-23,01843123;0,71431620;20,36500000
-23,00819123;0,71431620;20,81973000
-22,99795123;0,71431620;20,81973000
-22,98771123;0,71431620;20,36500000
-22,97747123;0,71431620;20,81973000
-22,96723123;0,71431620;20,81973000
-22,95699123;0,71431620;20,81973000
-22,94675123;0,71431620;20,81973000
-22,93651123;0,73226110;20,36500000
-22,92627123;0,73226110;20,36500000
-22,91603123;0,73226110;20,81973000
-22,90579123;0,73226110;20,81973000
-22,89555123;0,73226110;20,36500000
-22,88531123;0,73226110;20,81973000
-22,87507123;0,74120300;20,81973000
-22,86483123;0,74120300;20,81973000
-22,85459124;0,75017550;19,90875000
-22,84435124;0,75017550;20,36500000
-22,83411124;0,75017550;20,81973000
-22,82387124;0,75017550;20,36500000
-22,81363124;0,75017550;20,36500000
-22,80339124;0,75017550;20,36500000
-22,79315124;0,75017550;20,81973000
-22,78291124;0,75017550;20,81973000
-22,77267124;0,75914790;20,81973000
-22,76243124;0,75914790;20,36500000
-22,75219124;0,75914790;20,81973000
-22,74195124;0,75914790;20,81973000
-22,73171124;0,76812030;20,36500000
-22,72147124;0,76812030;20,36500000
-22,71123124;0,76812030;19,90875000
-22,70099124;0,76812030;20,36500000
-22,69075124;0,76812030;20,81973000
-22,68051124;0,77709280;20,81973000
-22,67027124;0,77709280;20,81973000
-22,66003124;0,78606520;20,81973000
-22,64979124;0,77709280;20,81973000
-22,63955124;0,78606520;20,81973000
-22,62931124;0,78606520;20,36500000
-22,61907124;0,78606520;20,81973000
-22,60883124;0,78606520;20,81973000
-22,59859124;0,78606520;20,36500000
-22,58835124;0,78606520;20,81973000
-22,57811124;0,79503770;20,36500000
-22,56787124;0,80401020;20,36500000
-22,55763124;0,78606520;21,27445000
-22,54739124;0,78606520;20,81973000
-22,53715124;0,80401020;20,81973000
-22,52691124;0,80401020;20,36500000
-22,51667124;0,80401020;20,36500000
-22,50643124;0,80401020;20,81973000
-22,49619124;0,80401020;20,81973000
-22,48595124;0,80401020;20,81973000
-22,47571124;0,80401020;21,27445000
-22,46547124;0,80401020;20,81973000
-22,45523124;0,80401020;20,81973000
-22,44499124;0,81298260;20,81973000
-22,43475124;0,82192450;20,81973000
-22,42451124;0,82192450;20,81973000
-22,41427124;0,81298260;20,36500000
-22,40403124;0,82192450;20,81973000
-22,39379124;0,82192450;20,36500000
-22,38355124;0,81298260;20,81973000
-22,37331124;0,82192450;20,36500000
-22,36307124;0,82192450;20,36500000
-22,35283124;0,82192450;20,81973000
-22,34259124;0,82192450;21,27445000
-22,33235124;0,82192450;20,36500000
-22,32211124;0,82192450;20,36500000
-22,31187124;0,82192450;20,81973000
-22,30163124;0,83089690;20,36500000
-22,29139124;0,82192450;20,81973000
-22,28115124;0,83089690;20,36500000
-22,27091124;0,83089690;20,36500000
-22,26067124;0,83986940;20,81973000
-22,25043124;0,83986940;20,81973000
-22,24019124;0,83089690;20,81973000
-22,22995124;0,83089690;20,36500000
-22,21971124;0,83986940;20,36500000
-22,20947124;0,83986940;20,81973000
-22,19923124;0,83986940;20,36500000
-22,18899124;0,83986940;20,36500000
-22,17875124;0,83986940;20,36500000
-22,16851124;0,83986940;20,81973000
-22,15827124;0,83986940;20,36500000
-22,14803124;0,83986940;20,81973000
-22,13779124;0,83986940;20,36500000
-22,12755124;0,83986940;20,36500000
-22,11731124;0,83986940;20,81973000
-22,10707124;0,83986940;20,36500000
-22,09683124;0,83986940;20,36500000
-22,08659124;0,83986940;20,36500000
-22,07635124;0,83986940;20,36500000
-22,06611124;0,83986940;20,36500000
-22,05587124;0,84884180;20,81973000
-22,04563124;0,84884180;20,81973000
-22,03539124;0,84884180;20,81973000
-22,02515124;0,84884180;20,81973000
-22,01491124;0,83986940;20,36500000
-22,00467124;0,84884180;20,81973000
-21,99443124;0,84884180;20,36500000
-21,98419124;0,84884180;21,27445000
-21,97395124;0,85781430;20,81973000
-21,96371124;0,84884180;20,36500000
-21,95347124;0,84884180;20,36500000
-21,94323124;0,85781430;20,36500000
-21,93299124;0,84884180;20,81973000
-21,92275124;0,84884180;20,81973000
-21,91251124;0,84884180;20,36500000
-21,90227124;0,84884180;20,36500000
-21,89203124;0,84884180;19,90875000
-21,88179124;0,85781430;20,36500000
-21,87155124;0,84884180;20,36500000
-21,86131124;0,84884180;20,81973000
-21,85107124;0,84884180;20,81973000
-21,84083124;0,85781430;20,36500000
-21,83059124;0,85781430;20,36500000
-21,82035124;0,84884180;20,81973000
-21,81011124;0,85781430;20,36500000
-21,79987124;0,84884180;20,36500000
-21,78963124;0,84884180;20,36500000
-21,77939124;0,85781430;20,81973000
-21,76915124;0,84884180;20,36500000
-21,75891124;0,85781430;20,81973000
-21,74867124;0,84884180;20,36500000
-21,73843124;0,84884180;20,36500000
-21,72819124;0,84884180;20,36500000
-21,71795124;0,84884180;20,81973000
-21,70771124;0,84884180;20,36500000
-21,69747124;0,84884180;20,36500000
-21,68723124;0,83986940;20,81973000
-21,67699124;0,84884180;20,81973000
-21,66675124;0,84884180;20,81973000
-21,65651124;0,84884180;20,36500000
-21,64627124;0,84884180;19,90875000
-21,63603124;0,85781430;20,36500000
-21,62579124;0,84884180;20,36500000
-21,61555124;0,84884180;20,36500000
-21,60531124;0,84884180;20,81973000
-21,59507124;0,84884180;20,36500000
-21,58483124;0,83986940;20,36500000
-21,57459124;0,84884180;20,81973000
-21,56435124;0,83986940;20,36500000
-21,55411124;0,83986940;20,36500000
-21,54387124;0,83986940;19,90875000
-21,53363124;0,83986940;20,36500000
-21,52339124;0,83986940;20,81973000
-21,51315124;0,83986940;19,90875000
-21,50291124;0,83986940;20,36500000
-21,49267124;0,83986940;19,90875000
-21,48243124;0,83986940;20,36500000
-21,47219124;0,83986940;20,36500000
-21,46195124;0,83986940;19,90875000
-21,45171124;0,83986940;20,36500000
-21,44147124;0,83986940;20,81973000
-21,43123124;0,83986940;20,36500000
-21,42099124;0,83089690;20,36500000
-21,41075124;0,83089690;20,36500000
-21,40051124;0,82192450;20,36500000
-21,39027124;0,82192450;20,36500000
-21,38003124;0,82192450;19,90875000
-21,36979124;0,82192450;20,36500000
-21,35955124;0,82192450;20,36500000
-21,34931124;0,82192450;20,36500000
-21,33907124;0,82192450;19,90875000
-21,32883124;0,82192450;20,36500000
-21,31859124;0,82192450;20,36500000
-21,30835124;0,82192450;20,36500000
-21,29811124;0,82192450;19,90875000
-21,28787124;0,81298260;20,81973000
-21,27763124;0,82192450;20,36500000
-21,26739124;0,82192450;20,36500000
-21,25715124;0,82192450;20,36500000
-21,24691124;0,81298260;19,45402000
-21,23667124;0,80401020;19,90875000
-21,22643124;0,80401020;20,36500000
-21,21619125;0,80401020;20,36500000
-21,20595125;0,80401020;19,90875000
-21,19571125;0,80401020;19,90875000
-21,18547125;0,80401020;20,81973000
-21,17523125;0,80401020;20,36500000
-21,16499125;0,80401020;20,36500000
-21,15475125;0,80401020;20,81973000
-21,14451125;0,80401020;20,81973000
-21,13427125;0,80401020;20,36500000
-21,12403125;0,80401020;20,36500000
-21,11379125;0,79503770;19,45402000
-21,10355125;0,78606520;19,90875000
-21,09331125;0,78606520;20,36500000
-21,08307125;0,78606520;19,90875000
-21,07283125;0,78606520;19,90875000
-21,06259125;0,78606520;20,36500000
-21,05235125;0,78606520;20,36500000
-21,04211125;0,78606520;19,90875000
-21,03187125;0,78606520;20,36500000
-21,02163125;0,77709280;19,90875000
-21,01139125;0,77709280;19,90875000
-21,00115125;0,77709280;20,36500000
-20,99091125;0,78606520;19,90875000
-20,98067125;0,77709280;19,90875000
-20,97043125;0,76812030;19,90875000
-20,96019125;0,76812030;20,36500000
-20,94995125;0,76812030;20,36500000
-20,93971125;0,76812030;20,36500000
-20,92947125;0,76812030;20,36500000
-20,91923125;0,76812030;19,45402000
-20,90899125;0,75914790;20,36500000
-20,89875125;0,75914790;19,90875000
-20,88851125;0,75914790;20,36500000
-20,87827125;0,75017550;19,90875000
-20,86803125;0,75017550;20,36500000
-20,85779125;0,75017550;19,45402000
-20,84755125;0,75017550;19,90875000
-20,83731125;0,74120300;19,45402000
-20,82707125;0,75017550;19,90875000
-20,81683125;0,75017550;20,36500000
-20,80659125;0,73226110;19,90875000
-20,79635125;0,74120300;20,36500000
-20,78611125;0,73226110;19,90875000
-20,77587125;0,73226110;19,90875000
-20,76563125;0,73226110;19,90875000
-20,75539125;0,73226110;19,90875000
-20,74515125;0,72328870;20,36500000
-20,73491125;0,72328870;19,90875000
-20,72467125;0,71431620;19,90875000
-20,71443125;0,72328870;20,36500000
-20,70419125;0,71431620;19,90875000
-20,69395125;0,71431620;19,90875000
-20,68371125;0,71431620;19,90875000
-20,67347125;0,71431620;19,45402000
-20,66323125;0,71431620;19,45402000
-20,65299125;0,69637140;20,36500000
-20,64275125;0,69637140;19,90875000
-20,63251125;0,69637140;19,45402000
-20,62227125;0,69637140;19,45402000
-20,61203125;0,69637140;19,45402000
-20,60179125;0,69637140;18,99930000
-20,59155125;0,69637140;19,90875000
-20,58131125;0,68739890;19,45402000
-20,57107125;0,67842640;18,99930000
-20,56083125;0,68739890;19,90875000
-20,55059125;0,67842640;19,45402000
-20,54035125;0,67842640;19,45402000
-20,53011125;0,67842640;19,45402000
-20,51987125;0,67842640;19,90875000
-20,50963125;0,66945400;19,45402000
-20,49939125;0,66048160;19,45402000
-20,48915125;0,66048160;19,45402000
-20,47891125;0,66048160;19,45402000
-20,46867125;0,66048160;19,90875000
-20,45843125;0,66048160;19,90875000
-20,44819125;0,65153970;20,36500000
-20,43795125;0,65153970;19,45402000
-20,42771125;0,64256720;19,90875000
-20,41747125;0,64256720;18,99930000
-20,40723125;0,64256720;19,45402000
-20,39699125;0,64256720;19,45402000
-20,38675125;0,64256720;19,45402000
-20,37651125;0,63359480;19,45402000
-20,36627125;0,63359480;18,99930000
-20,35603125;0,62462230;19,90875000
-20,34579125;0,62462230;19,90875000
-20,33555125;0,61564990;19,45402000
-20,32531125;0,60667750;19,90875000
-20,31507125;0,60667750;19,45402000
-20,30483125;0,60667750;19,45402000
-20,29459125;0,60667750;19,45402000
-20,28435125;0,60667750;19,45402000
-20,27411125;0,60667750;19,45402000
-20,26387125;0,59770500;19,45402000
-20,25363125;0,59770500;18,99930000
-20,24339125;0,58873250;18,99930000
-20,23315125;0,58873250;19,45402000
-20,22291125;0,58873250;19,45402000
-20,21267125;0,58873250;19,45402000
-20,20243125;0,57081820;18,99930000
-20,19219125;0,57976010;19,45402000
-20,18195125;0,57081820;18,99930000
-20,17171125;0,57081820;18,99930000
-20,16147125;0,57081820;19,45402000
-20,15123125;0,56184580;18,99930000
-20,14099125;0,56184580;18,99930000
-20,13075125;0,55287330;19,45402000
-20,12051125;0,55287330;18,99930000
-20,11027125;0,55287330;18,99930000
-20,10003125;0,54390080;18,99930000
-20,08979125;0,54390080;18,99930000
-20,07955125;0,53492840;18,99930000
-20,06931125;0,53492840;18,99930000
-20,05907125;0,53492840;18,54457000
-20,04883125;0,53492840;18,99930000
-20,03859125;0,53492840;18,54457000
-20,02835125;0,52595600;18,54457000
-20,01811125;0,51698360;18,54457000
-20,00787125;0,51698360;18,99930000
-19,99763125;0,51698360;18,54457000
-19,98739125;0,49903870;18,54457000
-19,97715125;0,50801110;18,99930000
-19,96691125;0,49903870;18,99930000
-19,95667125;0,49903870;18,99930000
-19,94643125;0,49903870;18,54457000
-19,93619125;0,49006620;18,99930000
-19,92595125;0,48112430;18,54457000
-19,91571125;0,48112430;18,54457000
-19,90547125;0,48112430;18,54457000
-19,89523125;0,48112430;18,54457000
-19,88499125;0,46317940;18,54457000
-19,87475125;0,47215180;18,54457000
-19,86451125;0,47215180;18,54457000
-19,85427125;0,46317940;18,54457000
-19,84403125;0,46317940;18,99930000
-19,83379125;0,45420700;18,08832000
-19,82355125;0,44523450;18,08832000
-19,81331125;0,44523450;18,08832000
-19,80307125;0,44523450;18,54457000
-19,79283125;0,44523450;18,54457000
-19,78259125;0,43626210;18,08832000
-19,77235125;0,42728970;18,08832000
-19,76211125;0,42728970;18,54457000
-19,75187125;0,42728970;18,54457000
-19,74163125;0,41831720;18,08832000
-19,73139125;0,41831720;18,54457000
-19,72115125;0,40934480;18,08832000
-19,71091125;0,40934480;18,54457000
-19,70067125;0,40934480;18,08832000
-19,69043125;0,40040280;18,08832000
-19,68019125;0,40040280;17,63359000
-19,66995125;0,39143040;17,17887000
-19,65971125;0,39143040;17,63359000
-19,64947125;0,39143040;18,08832000
-19,63923125;0,38245800;18,08832000
-19,62899125;0,37348550;17,63359000
-19,61875125;0,37348550;17,63359000
-19,60851125;0,37348550;17,63359000
-19,59827125;0,37348550;18,08832000
-19,58803125;0,36451310;17,63359000
-19,57779125;0,35554060;17,17887000
-19,56755126;0,35554060;17,17887000
-19,55731126;0,35554060;17,63359000
-19,54707126;0,34656820;18,08832000
-19,53683126;0,33759580;17,17887000
-19,52659126;0,33759580;17,17887000
-19,51635126;0,33759580;17,17887000
-19,50611126;0,33759580;17,17887000
-19,49587126;0,32862330;17,17887000
-19,48563126;0,31968140;17,17887000
-19,47539126;0,31968140;17,17887000
-19,46515126;0,31968140;17,17887000
-19,45491126;0,31070890;17,17887000
-19,44467126;0,30173650;17,63359000
-19,43443126;0,30173650;17,17887000
-19,42419126;0,30173650;16,72414000
-19,41395126;0,29276410;17,17887000
-19,40371126;0,30173650;16,72414000
-19,39347126;0,28379160;17,17887000
-19,38323126;0,28379160;17,17887000
-19,37299126;0,28379160;16,72414000
-19,36275126;0,28379160;16,72414000
-19,35251126;0,27481920;17,17887000
-19,34227126;0,26584670;16,72414000
-19,33203126;0,26584670;16,72414000
-19,32179126;0,26584670;17,17887000
-19,31155126;0,24790190;16,72414000
-19,30131126;0,24790190;16,72414000
-19,29107126;0,23895990;17,17887000
-19,28083126;0,24790190;16,26789000
-19,27059126;0,23895990;16,72414000
-19,26035126;0,22998750;16,72414000
-19,25011126;0,22998750;16,72414000
-19,23987126;0,22101510;16,26789000
-19,22963126;0,22101510;16,26789000
-19,21939126;0,21204260;16,72414000
-19,20915126;0,21204260;15,81317000
-19,19891126;0,21204260;16,26789000
-19,18867126;0,20307020;15,81317000
-19,17843126;0,20307020;16,26789000
-19,16819126;0,19409770;15,81317000
-19,15795126;0,19409770;16,26789000
-19,14771126;0,18512530;15,35844000
-19,13747126;0,17615280;16,26789000
-19,12723126;0,17615280;15,81317000
-19,11699126;0,17615280;15,35844000
-19,10675126;0,16718040;15,81317000
-19,09651126;0,17615280;15,81317000
-19,08627126;0,15823850;15,81317000
-19,07603126;0,15823850;15,35844000
-19,06579126;0,15823850;15,35844000
-19,05555126;0,14926600;15,35844000
-19,04531126;0,14029360;15,35844000
-19,03507126;0,14029360;15,35844000
-19,02483126;0,13132110;14,90371000
-19,01459126;0,13132110;15,35844000
-19,00435126;0,12234870;14,90371000
-18,99411126;0,12234870;14,90371000
-18,98387126;0,12234870;14,90371000
-18,97363126;0,12234870;14,90371000
-18,96339126;0,11337630;14,90371000
-18,95315126;0,10440380;14,44746000
-18,94291126;0,10440380;14,90371000
-18,93267126;0,09543138;14,90371000
-18,92243126;0,09543138;14,44746000
-18,91219126;0,08645894;13,53801000
-18,90195126;0,08645894;14,44746000
-18,89171126;0,06854457;14,44746000
-18,88147126;0,07751702;13,99274000
-18,87123126;0,06854457;13,53801000
-18,86099126;0,06854457;13,99274000
-18,85075126;0,05059969;13,53801000
-18,84051126;0,05059969;13,53801000
-18,83027126;0,05059969;13,53801000
-18,82003126;0,05059969;13,53801000
-18,80979126;0,04162725;12,62703000
-18,79955126;0,03265481;13,08328000
-18,78931126;0,03265481;13,08328000
-18,77907126;0,03265481;12,62703000
-18,76883126;0,03265481;13,53801000
-18,75859126;0,02368236;13,08328000
-18,74835126;0,01470992;12,17231000
-18,73811126;0,01470992;12,17231000
-18,72787126;0,00573748;11,71758000
-18,71763126;-0,00320444;12,17231000
-18,70739126;-0,00320444;11,71758000
-18,69715126;-0,00320444;11,26286000
-18,68691126;-0,01214637;10,80660000
-18,67667126;-0,01214637;9,89715200
-18,66643126;-0,02111881;7,62199700
-18,65619126;-0,02111881;-5,12100600
-18,64595126;-0,03009125;-28,78658000
-18,63571126;-0,03009125;-31,06174000
-18,62547126;-0,03906369;-26,50990000
-18,61523126;-0,03906369;-26,50990000
-18,60499126;-0,03906369;-27,87561000
-18,59475126;-0,04803614;-27,42088000
-18,58451126;-0,05700858;-27,87561000
-18,57427126;-0,05700858;-27,87561000
-18,56403126;-0,05700858;-28,33033000
-18,55379126;-0,05700858;-28,33033000
-18,54355126;-0,07495346;-28,33033000
-18,53331126;-0,07495346;-28,33033000
-18,52307126;-0,07495346;-28,33033000
-18,51283126;-0,08392590;-28,78658000
-18,50259126;-0,08392590;-28,33033000
-18,49235126;-0,09286782;-28,33033000
-18,48211126;-0,09286782;-29,24131000
-18,47187126;-0,10184030;-28,78658000
-18,46163126;-0,11081270;-28,78658000
-18,45139126;-0,11081270;-29,24131000
-18,44115126;-0,11081270;-29,24131000
-18,43091126;-0,11978520;-29,24131000
-18,42067126;-0,12875760;-29,24131000
-18,41043126;-0,12875760;-29,24131000
-18,40019126;-0,12875760;-29,69603000
-18,38995126;-0,12875760;-29,69603000
-18,37971126;-0,14670250;-29,69603000
-18,36947126;-0,14670250;-29,69603000
-18,35923126;-0,14670250;-29,69603000
-18,34899126;-0,15567490;-30,15076000
-18,33875126;-0,15567490;-30,15076000
-18,32851126;-0,16464740;-30,15076000
-18,31827126;-0,16464740;-29,69603000
-18,30803126;-0,16464740;-30,15076000
-18,29779126;-0,18256170;-30,15076000
-18,28755126;-0,18256170;-30,15076000
-18,27731126;-0,18256170;-30,60701000
-18,26707126;-0,18256170;-30,15076000
-18,25683126;-0,18256170;-30,15076000
-18,24659126;-0,20050660;-31,06174000
-18,23635126;-0,20050660;-30,15076000
-18,22611126;-0,20050660;-30,60701000
-18,21587126;-0,20050660;-31,06174000
-18,20563126;-0,20050660;-31,06174000
-18,19539126;-0,21845150;-30,60701000
-18,18515126;-0,21845150;-31,06174000
-18,17491126;-0,21845150;-31,06174000
-18,16467126;-0,22742390;-31,06174000
-18,15443126;-0,23639640;-31,06174000
-18,14419126;-0,23639640;-30,60701000
-18,13395126;-0,24536880;-31,51646000
-18,12371126;-0,25431070;-31,06174000
-18,11347126;-0,25431070;-31,06174000
-18,10323126;-0,25431070;-31,06174000
-18,09299126;-0,25431070;-31,06174000
-18,08275126;-0,26328320;-31,51646000
-18,07251126;-0,25431070;-31,06174000
-18,06227126;-0,27225560;-31,51646000
-18,05203126;-0,27225560;-31,06174000
-18,04179126;-0,27225560;-31,51646000
-18,03155126;-0,29020050;-31,97119000
-18,02131126;-0,29020050;-31,51646000
-18,01107126;-0,29020050;-31,51646000
-18,00083126;-0,29020050;-31,51646000
-17,99059126;-0,29020050;-31,97119000
-17,98035126;-0,29917290;-31,97119000
-17,97011126;-0,30814540;-31,97119000
-17,95987126;-0,31711780;-31,97119000
-17,94963126;-0,30814540;-31,97119000
-17,93939126;-0,32609030;-31,51646000
-17,92915126;-0,32609030;-31,97119000
-17,91891127;-0,32609030;-31,51646000
-17,90867127;-0,33503220;-31,97119000
-17,89843127;-0,32609030;-31,97119000
-17,88819127;-0,34400460;-31,97119000
-17,87795127;-0,34400460;-31,97119000
-17,86771127;-0,34400460;-31,97119000
-17,85747127;-0,35297710;-32,42744000
-17,84723127;-0,34400460;-31,97119000
-17,83699127;-0,36194950;-31,97119000
-17,82675127;-0,36194950;-32,42744000
-17,81651127;-0,36194950;-32,42744000
-17,80627127;-0,36194950;-32,42744000
-17,79603127;-0,37989440;-32,42744000
-17,78579127;-0,37989440;-31,97119000
-17,77555127;-0,37989440;-31,97119000
-17,76531127;-0,37989440;-32,42744000
-17,75507127;-0,38886680;-32,42744000
-17,74483127;-0,39783930;-31,97119000
-17,73459127;-0,39783930;-31,97119000
-17,72435127;-0,39783930;-31,97119000
-17,71411127;-0,39783930;-32,42744000
-17,70387127;-0,40681170;-31,97119000
-17,69363127;-0,41575370;-32,88217000
-17,68339127;-0,41575370;-32,42744000
-17,67315127;-0,41575370;-32,42744000
-17,66291127;-0,42472610;-31,97119000
-17,65267127;-0,43369850;-31,97119000
-17,64243127;-0,43369850;-32,88217000
-17,63219127;-0,43369850;-32,42744000
-17,62195127;-0,43369850;-32,88217000
-17,61171127;-0,44267100;-32,42744000
-17,60147127;-0,44267100;-33,33689000
-17,59123127;-0,44267100;-32,42744000
-17,58099127;-0,45164340;-32,42744000
-17,57075127;-0,45164340;-32,88217000
-17,56051127;-0,46061590;-33,33689000
-17,55027127;-0,46958830;-32,88217000
-17,54003127;-0,46958830;-32,42744000
-17,52979127;-0,46958830;-32,42744000
-17,51955127;-0,46958830;-33,33689000
-17,50931127;-0,47856070;-32,88217000
-17,49907127;-0,48753320;-32,88217000
-17,48883127;-0,48753320;-31,97119000
-17,47859127;-0,48753320;-32,88217000
-17,46835127;-0,48753320;-32,42744000
-17,45811127;-0,48753320;-32,88217000
-17,44787127;-0,49647510;-32,42744000
-17,43763127;-0,50544760;-32,88217000
-17,42739127;-0,50544760;-32,88217000
-17,41715127;-0,50544760;-32,88217000
-17,40691127;-0,50544760;-32,42744000
-17,39667127;-0,50544760;-33,33689000
-17,38643127;-0,52339240;-32,88217000
-17,37619127;-0,52339240;-32,42744000
-17,36595127;-0,52339240;-33,79162000
-17,35571127;-0,54133730;-32,88217000
-17,34547127;-0,54133730;-32,88217000
-17,33523127;-0,54133730;-32,88217000
-17,32499127;-0,54133730;-33,33689000
-17,31475127;-0,54133730;-32,88217000
-17,30451127;-0,55030980;-32,88217000
-17,29427127;-0,55030980;-32,42744000
-17,28403127;-0,55928220;-32,88217000
-17,27379127;-0,55928220;-32,88217000
-17,26355127;-0,55928220;-32,88217000
-17,25331127;-0,55928220;-32,88217000
-17,24307127;-0,55928220;-33,79162000
-17,23283127;-0,56825460;-32,88217000
-17,22259127;-0,57722710;-33,33689000
-17,21235127;-0,57722710;-33,33689000
-17,20211127;-0,57722710;-32,88217000
-17,19187127;-0,58616900;-33,79162000
-17,18163127;-0,58616900;-33,79162000
-17,17139127;-0,58616900;-33,33689000
-17,16115127;-0,59514150;-33,33689000
-17,15091127;-0,59514150;-33,33689000
-17,14067127;-0,59514150;-32,88217000
-17,13043127;-0,60411390;-33,79162000
-17,12019127;-0,61308630;-32,88217000
-17,10995127;-0,61308630;-32,88217000
-17,09971127;-0,61308630;-33,33689000
-17,08947127;-0,61308630;-33,79162000
-17,07923127;-0,62205870;-33,33689000
-17,06899127;-0,62205870;-33,33689000
-17,05875127;-0,62205870;-32,88217000
-17,04851127;-0,63103120;-33,79162000
-17,03827127;-0,63103120;-34,24787000
-17,02803127;-0,63103120;-32,88217000
-17,01779127;-0,63103120;-32,88217000
-17,00755127;-0,64897610;-32,88217000
-16,99731127;-0,64000370;-33,79162000
-16,98707127;-0,64897610;-32,88217000
-16,97683127;-0,64897610;-33,79162000
-16,96659127;-0,64897610;-33,79162000
-16,95635127;-0,64897610;-33,79162000
-16,94611127;-0,65794860;-33,79162000
-16,93587127;-0,65794860;-32,88217000
-16,92563127;-0,65794860;-33,79162000
-16,91539127;-0,66689040;-33,79162000
-16,90515127;-0,66689040;-32,88217000
-16,89491127;-0,66689040;-33,79162000
-16,88467127;-0,67586290;-33,79162000
-16,87443127;-0,66689040;-33,79162000
-16,86419127;-0,67586290;-33,79162000
-16,85395127;-0,68483540;-33,33689000
-16,84371127;-0,68483540;-33,33689000
-16,83347127;-0,68483540;-33,79162000
-16,82323127;-0,68483540;-33,79162000
-16,81299127;-0,68483540;-33,79162000
-16,80275127;-0,69380780;-32,88217000
-16,79251127;-0,69380780;-34,24787000
-16,78227127;-0,69380780;-33,79162000
-16,77203127;-0,70278020;-32,88217000
-16,76179127;-0,70278020;-32,88217000
-16,75155127;-0,70278020;-33,79162000
-16,74131127;-0,70278020;-33,79162000
-16,73107127;-0,70278020;-33,33689000
-16,72083127;-0,71175270;-33,79162000
-16,71059127;-0,72072510;-33,79162000
-16,70035127;-0,72072510;-33,79162000
-16,69011127;-0,72072510;-33,79162000
-16,67987127;-0,72072510;-33,79162000
-16,66963127;-0,72072510;-33,79162000
-16,65939127;-0,72969760;-33,79162000
-16,64915127;-0,72072510;-33,79162000
-16,63891127;-0,72969760;-34,24787000
-16,62867127;-0,72969760;-33,79162000
-16,61843127;-0,72969760;-33,33689000
-16,60819127;-0,73867000;-33,79162000
-16,59795127;-0,72969760;-33,79162000
-16,58771127;-0,73867000;-33,79162000
-16,57747127;-0,73867000;-33,79162000
-16,56723127;-0,74761190;-33,79162000
-16,55699127;-0,73867000;-33,79162000
-16,54675127;-0,75658430;-34,24787000
-16,53651127;-0,74761190;-33,79162000
-16,52627127;-0,75658430;-33,79162000
-16,51603127;-0,75658430;-33,79162000
-16,50579127;-0,75658430;-33,79162000
-16,49555127;-0,75658430;-33,79162000
-16,48531127;-0,75658430;-33,79162000
-16,47507127;-0,75658430;-33,79162000
-16,46483127;-0,75658430;-33,79162000
-16,45459127;-0,76555680;-33,33689000
-16,44435127;-0,77452930;-33,79162000
-16,43411127;-0,76555680;-33,79162000
-16,42387127;-0,77452930;-33,79162000
-16,41363127;-0,77452930;-33,79162000
-16,40339127;-0,77452930;-33,33689000
-16,39315127;-0,77452930;-33,79162000
-16,38291127;-0,77452930;-33,79162000
-16,37267127;-0,78350170;-33,79162000
-16,36243127;-0,78350170;-33,33689000
-16,35219127;-0,77452930;-33,79162000
-16,34195127;-0,78350170;-33,33689000
-16,33171127;-0,79247420;-34,24787000
-16,32147127;-0,79247420;-33,79162000
-16,31123127;-0,79247420;-33,79162000
-16,30099127;-0,79247420;-33,79162000
-16,29075127;-0,79247420;-34,24787000
-16,28051127;-0,79247420;-33,79162000
-16,27027128;-0,79247420;-34,24787000
-16,26003128;-0,79247420;-33,79162000
-16,24979128;-0,79247420;-33,79162000
-16,23955128;-0,79247420;-33,33689000
-16,22931128;-0,80144660;-33,79162000
-16,21907128;-0,79247420;-33,79162000
-16,20883128;-0,81041900;-33,79162000
-16,19859128;-0,81041900;-33,79162000
-16,18835128;-0,81041900;-34,24787000
-16,17811128;-0,81041900;-33,79162000
-16,16787128;-0,81041900;-33,79162000
-16,15763128;-0,80144660;-34,24787000
-16,14739128;-0,81041900;-33,79162000
-16,13715128;-0,81041900;-34,24787000
-16,12691128;-0,81041900;-34,24787000
-16,11667128;-0,81041900;-33,79162000
-16,10643128;-0,81041900;-34,24787000
-16,09619128;-0,81041900;-33,79162000
-16,08595128;-0,81939150;-33,79162000
-16,07571128;-0,82833340;-33,79162000
-16,06547128;-0,82833340;-33,79162000
-16,05523128;-0,81939150;-33,33689000
-16,04499128;-0,82833340;-33,79162000
-16,03475128;-0,82833340;-33,79162000
-16,02451128;-0,82833340;-33,79162000
-16,01427128;-0,82833340;-33,79162000
-16,00403128;-0,82833340;-33,79162000
-15,99379128;-0,82833340;-33,79162000
-15,98355128;-0,82833340;-33,79162000
-15,97331128;-0,82833340;-33,79162000
-15,96307128;-0,82833340;-33,33689000
-15,95283128;-0,82833340;-33,79162000
-15,94259128;-0,82833340;-33,79162000
-15,93235128;-0,82833340;-33,79162000
-15,92211128;-0,82833340;-33,79162000
-15,91187128;-0,83730580;-33,33689000
-15,90163128;-0,83730580;-33,79162000
-15,89139128;-0,82833340;-33,33689000
-15,88115128;-0,83730580;-34,24787000
-15,87091128;-0,82833340;-33,79162000
-15,86067128;-0,83730580;-33,33689000
-15,85043128;-0,83730580;-34,24787000
-15,84019128;-0,83730580;-33,79162000
-15,82995128;-0,84627830;-33,79162000
-15,81971128;-0,84627830;-33,79162000
-15,80947128;-0,83730580;-33,79162000
-15,79923128;-0,84627830;-34,24787000
-15,78899128;-0,83730580;-33,33689000
-15,77875128;-0,84627830;-33,79162000
-15,76851128;-0,83730580;-32,88217000
-15,75827128;-0,84627830;-33,79162000
-15,74803128;-0,84627830;-33,33689000
-15,73779128;-0,84627830;-32,88217000
-15,72755128;-0,84627830;-33,79162000
-15,71731128;-0,84627830;-33,79162000
-15,70707128;-0,84627830;-33,33689000
-15,69683128;-0,84627830;-33,79162000
-15,68659128;-0,84627830;-33,79162000
-15,67635128;-0,84627830;-33,79162000
-15,66611128;-0,84627830;-33,79162000
-15,65587128;-0,84627830;-33,79162000
-15,64563128;-0,84627830;-33,33689000
-15,63539128;-0,84627830;-33,79162000
-15,62515128;-0,84627830;-33,79162000
-15,61491128;-0,84627830;-33,79162000
-15,60467128;-0,84627830;-33,79162000
-15,59443128;-0,83730580;-33,79162000
-15,58419128;-0,84627830;-33,79162000
-15,57395128;-0,84627830;-33,79162000
-15,56371128;-0,84627830;-33,33689000
-15,55347128;-0,84627830;-33,79162000
-15,54323128;-0,84627830;-33,79162000
-15,53299128;-0,84627830;-33,79162000
-15,52275128;-0,84627830;-33,79162000
-15,51251128;-0,84627830;-34,24787000
-15,50227128;-0,84627830;-33,79162000
-15,49203128;-0,84627830;-34,24787000
-15,48179128;-0,84627830;-33,79162000
-15,47155128;-0,84627830;-32,88217000
-15,46131128;-0,83730580;-33,79162000
-15,45107128;-0,84627830;-33,79162000
-15,44083128;-0,84627830;-33,79162000
-15,43059128;-0,84627830;-33,79162000
-15,42035128;-0,84627830;-32,88217000
-15,41011128;-0,84627830;-33,79162000
-15,39987128;-0,84627830;-33,79162000
-15,38963128;-0,84627830;-33,79162000
-15,37939128;-0,83730580;-33,79162000
-15,36915128;-0,83730580;-33,33689000
-15,35891128;-0,83730580;-33,79162000
-15,34867128;-0,84627830;-33,79162000
-15,33843128;-0,84627830;-32,88217000
-15,32819128;-0,83730580;-33,33689000
-15,31795128;-0,83730580;-33,79162000
-15,30771128;-0,83730580;-33,79162000
-15,29747128;-0,82833340;-33,33689000
-15,28723128;-0,83730580;-33,79162000
-15,27699128;-0,82833340;-33,79162000
-15,26675128;-0,82833340;-33,79162000
-15,25651128;-0,82833340;-34,24787000
-15,24627128;-0,82833340;-33,79162000
-15,23603128;-0,83730580;-33,79162000
-15,22579128;-0,82833340;-33,79162000
-15,21555128;-0,82833340;-33,79162000
-15,20531128;-0,82833340;-33,79162000
-15,19507128;-0,82833340;-33,33689000
-15,18483128;-0,82833340;-33,33689000
-15,17459128;-0,82833340;-33,79162000
-15,16435128;-0,82833340;-33,79162000
-15,15411128;-0,81939150;-33,79162000
-15,14387128;-0,82833340;-32,88217000
-15,13363128;-0,81939150;-33,79162000
-15,12339128;-0,82833340;-33,79162000
-15,11315128;-0,81939150;-33,33689000
-15,10291128;-0,82833340;-33,79162000
-15,09267128;-0,81939150;-33,79162000
-15,08243128;-0,81939150;-33,33689000
-15,07219128;-0,81939150;-33,33689000
-15,06195128;-0,81939150;-33,33689000
-15,05171128;-0,81041900;-33,33689000
-15,04147128;-0,81939150;-33,33689000
-15,03123128;-0,81939150;-33,33689000
-15,02099128;-0,81041900;-33,79162000
-15,01075128;-0,81041900;-33,79162000
-15,00051128;-0,81041900;-33,33689000
-14,99027128;-0,81041900;-33,33689000
-14,98003128;-0,81041900;-33,79162000
-14,96979128;-0,81041900;-32,88217000
-14,95955128;-0,80144660;-33,33689000
-14,94931128;-0,80144660;-33,33689000
-14,93907128;-0,81041900;-32,88217000
-14,92883128;-0,79247420;-33,79162000
-14,91859128;-0,80144660;-33,33689000
-14,90835128;-0,80144660;-33,79162000
-14,89811128;-0,79247420;-33,33689000
-14,88787128;-0,79247420;-33,33689000
-14,87763128;-0,79247420;-32,88217000
-14,86739128;-0,79247420;-32,88217000
-14,85715128;-0,79247420;-32,88217000
-14,84691128;-0,79247420;-33,33689000
-14,83667128;-0,79247420;-33,79162000
-14,82643128;-0,77452930;-33,79162000
-14,81619128;-0,79247420;-33,79162000
-14,80595128;-0,77452930;-32,88217000
-14,79571128;-0,77452930;-33,33689000
-14,78547128;-0,77452930;-32,88217000
-14,77523128;-0,77452930;-33,79162000
-14,76499128;-0,77452930;-33,33689000
-14,75475128;-0,77452930;-32,88217000
-14,74451128;-0,77452930;-33,33689000
-14,73427128;-0,77452930;-33,33689000
-14,72403128;-0,77452930;-33,33689000
-14,71379128;-0,75658430;-32,88217000
-14,70355128;-0,75658430;-32,88217000
-14,69331128;-0,75658430;-33,79162000
-14,68307128;-0,76555680;-33,33689000
-14,67283128;-0,75658430;-32,88217000
-14,66259128;-0,75658430;-32,88217000
-14,65235128;-0,75658430;-33,33689000
-14,64211128;-0,75658430;-32,88217000
-14,63187129;-0,74761190;-33,33689000
-14,62163129;-0,73867000;-32,88217000
-14,61139129;-0,73867000;-32,88217000
-14,60115129;-0,74761190;-33,33689000
-14,59091129;-0,73867000;-32,88217000
-14,58067129;-0,73867000;-32,88217000
-14,57043129;-0,73867000;-33,79162000
-14,56019129;-0,73867000;-32,88217000
-14,54995129;-0,72969760;-33,33689000
-14,53971129;-0,73867000;-32,88217000
-14,52947129;-0,72072510;-33,79162000
-14,51923129;-0,72969760;-32,88217000
-14,50899129;-0,72072510;-32,42744000
-14,49875129;-0,72072510;-32,42744000
-14,48851129;-0,72072510;-32,42744000
-14,47827129;-0,72072510;-33,33689000
-14,46803129;-0,72072510;-32,88217000
-14,45779129;-0,70278020;-33,79162000
-14,44755129;-0,72072510;-32,42744000
-14,43731129;-0,70278020;-33,79162000
-14,42707129;-0,70278020;-32,42744000
-14,41683129;-0,70278020;-32,88217000
-14,40659129;-0,70278020;-32,88217000
-14,39635129;-0,70278020;-33,33689000
-14,38611129;-0,69380780;-32,88217000
-14,37587129;-0,69380780;-32,88217000
-14,36563129;-0,68483540;-32,42744000
-14,35539129;-0,68483540;-32,88217000
-14,34515129;-0,68483540;-32,88217000
-14,33491129;-0,68483540;-32,88217000
-14,32467129;-0,68483540;-32,88217000
-14,31443129;-0,67586290;-32,42744000
-14,30419129;-0,68483540;-32,42744000
-14,29395129;-0,66689040;-32,88217000
-14,28371129;-0,66689040;-32,88217000
-14,27347129;-0,66689040;-32,42744000
-14,26323129;-0,66689040;-32,42744000
-14,25299129;-0,66689040;-32,88217000
-14,24275129;-0,66689040;-32,88217000
-14,23251129;-0,65794860;-32,42744000
-14,22227129;-0,64897610;-32,42744000
-14,21203129;-0,65794860;-32,42744000
-14,20179129;-0,64897610;-33,33689000
-14,19155129;-0,64897610;-32,88217000
-14,18131129;-0,64897610;-32,88217000
-14,17107129;-0,64000370;-32,42744000
-14,16083129;-0,63103120;-32,88217000
-14,15059129;-0,63103120;-32,42744000
-14,14035129;-0,63103120;-31,97119000
-14,13011129;-0,63103120;-32,88217000
-14,11987129;-0,62205870;-32,88217000
-14,10963129;-0,61308630;-32,88217000
-14,09939129;-0,61308630;-32,42744000
-14,08915129;-0,61308630;-32,42744000
-14,07891129;-0,61308630;-32,42744000
-14,06867129;-0,61308630;-32,42744000
-14,05843129;-0,61308630;-32,42744000
-14,04819129;-0,61308630;-32,88217000
-14,03795129;-0,59514150;-32,42744000
-14,02771129;-0,59514150;-32,42744000
-14,01747129;-0,59514150;-32,42744000
-14,00723129;-0,59514150;-31,97119000
-13,99699129;-0,58616900;-31,97119000
-13,98675129;-0,57722710;-31,97119000
-13,97651129;-0,58616900;-32,88217000
-13,96627129;-0,57722710;-31,51646000
-13,95603129;-0,57722710;-32,88217000
-13,94579129;-0,56825460;-32,42744000
-13,93555129;-0,55928220;-32,42744000
-13,92531129;-0,55928220;-31,97119000
-13,91507129;-0,55928220;-32,42744000
-13,90483129;-0,55928220;-32,42744000
-13,89459129;-0,55030980;-31,97119000
-13,88435129;-0,55030980;-32,42744000
-13,87411129;-0,55928220;-31,97119000
-13,86387129;-0,55030980;-32,88217000
-13,85363129;-0,54133730;-31,97119000
-13,84339129;-0,54133730;-31,97119000
-13,83315129;-0,53236490;-31,97119000
-13,82291129;-0,52339240;-31,97119000
-13,81267129;-0,52339240;-31,51646000
-13,80243129;-0,52339240;-31,97119000
-13,79219129;-0,52339240;-31,97119000
-13,78195129;-0,52339240;-31,97119000
-13,77171129;-0,50544760;-31,97119000
-13,76147129;-0,50544760;-31,51646000
-13,75123129;-0,51442000;-31,97119000
-13,74099129;-0,50544760;-31,97119000
-13,73075129;-0,50544760;-32,42744000
-13,72051129;-0,49647510;-31,97119000
-13,71027129;-0,50544760;-31,97119000
-13,70003129;-0,48753320;-31,51646000
-13,68979129;-0,48753320;-31,97119000
-13,67955129;-0,48753320;-31,97119000
-13,66931129;-0,48753320;-31,97119000
-13,65907129;-0,46958830;-31,97119000
-13,64883129;-0,46958830;-31,97119000
-13,63859129;-0,46958830;-31,97119000
-13,62835129;-0,46061590;-31,51646000
-13,61811129;-0,46958830;-31,51646000
-13,60787129;-0,46061590;-31,51646000
-13,59763129;-0,45164340;-31,51646000
-13,58739129;-0,45164340;-31,06174000
-13,57715129;-0,45164340;-31,51646000
-13,56691129;-0,45164340;-31,51646000
-13,55667129;-0,43369850;-31,06174000
-13,54643129;-0,43369850;-31,06174000
-13,53619129;-0,43369850;-31,51646000
-13,52595129;-0,43369850;-31,51646000
-13,51571129;-0,42472610;-31,06174000
-13,50547129;-0,41575370;-31,51646000
-13,49523129;-0,41575370;-31,06174000
-13,48499129;-0,40681170;-31,51646000
-13,47475129;-0,41575370;-31,51646000
-13,46451129;-0,40681170;-31,51646000
-13,45427129;-0,39783930;-31,06174000
-13,44403129;-0,39783930;-31,06174000
-13,43379129;-0,39783930;-31,06174000
-13,42355129;-0,38886680;-31,51646000
-13,41331129;-0,38886680;-31,06174000
-13,40307129;-0,37989440;-30,60701000
-13,39283129;-0,37989440;-31,06174000
-13,38259129;-0,37989440;-31,51646000
-13,37235129;-0,37092200;-30,60701000
-13,36211129;-0,37092200;-31,06174000
-13,35187129;-0,36194950;-30,60701000
-13,34163129;-0,36194950;-31,06174000
-13,33139129;-0,36194950;-31,06174000
-13,32115129;-0,35297710;-30,15076000
-13,31091129;-0,34400460;-30,15076000
-13,30067129;-0,34400460;-30,60701000
-13,29043129;-0,34400460;-31,06174000
-13,28019129;-0,34400460;-31,06174000
-13,26995129;-0,32609030;-31,06174000
-13,25971129;-0,32609030;-30,60701000
-13,24947129;-0,32609030;-30,60701000
-13,23923129;-0,31711780;-30,60701000
-13,22899129;-0,31711780;-31,06174000
-13,21875129;-0,30814540;-30,60701000
-13,20851129;-0,30814540;-31,06174000
-13,19827129;-0,30814540;-30,15076000
-13,18803129;-0,29917290;-30,60701000
-13,17779129;-0,29020050;-30,60701000
-13,16755129;-0,29020050;-30,15076000
-13,15731129;-0,29020050;-30,60701000
-13,14707129;-0,29020050;-30,15076000
-13,13683129;-0,27225560;-30,15076000
-13,12659129;-0,27225560;-30,15076000
-13,11635129;-0,27225560;-30,15076000
-13,10611129;-0,26328320;-30,15076000
-13,09587129;-0,26328320;-30,15076000
-13,08563129;-0,26328320;-30,15076000
-13,07539129;-0,25431070;-30,15076000
-13,06515129;-0,25431070;-30,60701000
-13,05491129;-0,24536880;-29,69603000
-13,04467129;-0,24536880;-30,15076000
-13,03443129;-0,23639640;-29,69603000
-13,02419129;-0,22742390;-29,24131000
-13,01395129;-0,22742390;-29,69603000
-13,00371129;-0,22742390;-30,15076000
-12,99347129;-0,21845150;-29,69603000
-12,98323130;-0,21845150;-29,69603000
-12,97299130;-0,21845150;-29,69603000
-12,96275130;-0,20050660;-29,24131000
-12,95251130;-0,20050660;-29,69603000
-12,94227130;-0,20050660;-28,78658000
-12,93203130;-0,20050660;-29,24131000
-12,92179130;-0,19153420;-28,78658000
-12,91155130;-0,18256170;-28,78658000
-12,90131130;-0,18256170;-29,24131000
-12,89107130;-0,17358930;-28,78658000
-12,88083130;-0,17358930;-29,24131000
-12,87059130;-0,17358930;-28,78658000
-12,86035130;-0,16464740;-29,24131000
-12,85011130;-0,16464740;-29,24131000
-12,83987130;-0,16464740;-28,78658000
-12,82963130;-0,14670250;-28,78658000
-12,81939130;-0,14670250;-28,78658000
-12,80915130;-0,14670250;-28,33033000
-12,79891130;-0,14670250;-28,33033000
-12,78867130;-0,13773000;-28,78658000
-12,77843130;-0,13773000;-28,78658000
-12,76819130;-0,12875760;-28,33033000
-12,75795130;-0,11978520;-28,33033000
-12,74771130;-0,11978520;-28,33033000
-12,73747130;-0,11081270;-28,33033000
-12,72723130;-0,11081270;-27,87561000
-12,71699130;-0,11081270;-27,87561000
-12,70675130;-0,10184030;-28,33033000
-12,69651130;-0,10184030;-27,87561000
-12,68627130;-0,09286782;-27,87561000
-12,67603130;-0,09286782;-27,42088000
-12,66579130;-0,07495346;-27,42088000
-12,65555130;-0,07495346;-27,42088000
-12,64531130;-0,07495346;-27,42088000
-12,63507130;-0,07495346;-27,42088000
-12,62483130;-0,07495346;-27,42088000
-12,61459130;-0,06598102;-26,96615000
-12,60435130;-0,05700858;-26,96615000
-12,59411130;-0,05700858;-27,42088000
-12,58387130;-0,04803614;-26,96615000
-12,57363130;-0,03906369;-26,96615000
-12,56339130;-0,03906369;-26,96615000
-12,55315130;-0,03906369;-26,50990000
-12,54291130;-0,02111881;-26,50990000
-12,53267130;-0,02111881;-26,05518000
-12,52243130;-0,02111881;-26,05518000
-12,51219130;-0,02111881;-26,05518000
-12,50195130;-0,02111881;-25,60045000
-12,49171130;-0,01214637;-25,60045000
-12,48147130;-0,00320444;-25,60045000
-12,47123130;-0,00320444;-25,14573000
-12,46099130;0,00573748;-25,14573000
-12,45075130;0,00573748;-25,14573000
-12,44051130;0,01470992;-24,68947000
-12,43027130;0,01470992;-24,23475000
-12,42003130;0,02368236;-23,78002000
-12,40979130;0,02368236;-23,32530000
-12,39955130;0,03265481;-19,22819000
-12,38931130;0,03265481;-5,12100600
-12,37907130;0,04162725;16,72414000
-12,36883130;0,04162725;17,17887000
-12,35859130;0,05059969;13,53801000
-12,34835130;0,05059969;13,53801000
-12,33811130;0,05957213;14,44746000
-12,32787130;0,06854457;14,90371000
-12,31763130;0,06854457;14,90371000
-12,30739130;0,06854457;14,90371000
-12,29715130;0,07751702;14,90371000
-12,28691130;0,08645894;15,35844000
-12,27667130;0,08645894;14,44746000
-12,26643130;0,08645894;15,35844000
-12,25619130;0,09543138;15,35844000
-12,24595130;0,10440380;15,81317000
-12,23571130;0,10440380;15,81317000
-12,22547130;0,10440380;15,81317000
-12,21523130;0,10440380;15,81317000
-12,20499130;0,11337630;15,81317000
-12,19475130;0,11337630;15,81317000
-12,18451130;0,12234870;15,81317000
-12,17427130;0,12234870;16,26789000
-12,16403130;0,14029360;15,35844000
-12,15379130;0,13132110;16,26789000
-12,14355130;0,14029360;16,26789000
-12,13331130;0,14029360;16,72414000
-12,12307130;0,14029360;16,26789000
-12,11283130;0,14926600;16,72414000
-12,10259130;0,15823850;16,72414000
-12,09235130;0,15823850;16,72414000
-12,08211130;0,15823850;17,17887000
-12,07187130;0,17615280;16,72414000
-12,06163130;0,17615280;16,72414000
-12,05139130;0,17615280;16,72414000
-12,04115130;0,17615280;17,17887000
-12,03091130;0,19409770;17,17887000
-12,02067130;0,19409770;16,72414000
-12,01043130;0,19409770;17,63359000
-12,00019130;0,19409770;17,17887000
-11,98995130;0,20307020;17,17887000
-11,97971130;0,21204260;17,17887000
-11,96947130;0,21204260;17,17887000
-11,95923130;0,21204260;17,63359000
-11,94899130;0,21204260;17,17887000
-11,93875130;0,22998750;17,17887000
-11,92851130;0,22998750;17,17887000
-11,91827130;0,22998750;17,63359000
-11,90803130;0,22998750;17,17887000
-11,89779130;0,24790190;17,17887000
-11,88755130;0,24790190;18,08832000
-11,87731130;0,24790190;18,08832000
-11,86707130;0,24790190;18,08832000
-11,85683130;0,25687430;18,54457000
-11,84659130;0,25687430;18,08832000
-11,83635130;0,26584670;17,63359000
-11,82611130;0,26584670;18,08832000
-11,81587130;0,27481920;18,54457000
-11,80563130;0,28379160;18,54457000
-11,79539130;0,28379160;18,08832000
-11,78515130;0,29276410;18,54457000
-11,77491130;0,28379160;18,54457000
-11,76467130;0,30173650;18,54457000
-11,75443130;0,30173650;18,08832000
-11,74419130;0,30173650;18,08832000
-11,73395130;0,30173650;18,54457000
-11,72371130;0,31070890;18,08832000
-11,71347130;0,31968140;18,54457000
-11,70323130;0,31968140;18,54457000
-11,69299130;0,31968140;18,99930000
-11,68275130;0,31968140;18,99930000
-11,67251130;0,32862330;18,99930000
-11,66227130;0,33759580;18,54457000
-11,65203130;0,33759580;18,54457000
-11,64179130;0,34656820;18,99930000
-11,63155130;0,35554060;19,45402000
-11,62131130;0,35554060;18,54457000
-11,61107130;0,35554060;18,99930000
-11,60083130;0,35554060;18,99930000
-11,59059130;0,36451310;18,99930000
-11,58035130;0,37348550;18,99930000
-11,57011130;0,37348550;18,99930000
-11,55987130;0,37348550;18,99930000
-11,54963130;0,38245800;18,54457000
-11,53939130;0,38245800;19,45402000
-11,52915130;0,38245800;18,99930000
-11,51891130;0,39143040;19,45402000
-11,50867130;0,39143040;18,99930000
-11,49843130;0,39143040;19,45402000
-11,48819130;0,40934480;18,99930000
-11,47795130;0,40934480;18,99930000
-11,46771130;0,40934480;18,99930000
-11,45747130;0,40934480;19,45402000
-11,44723130;0,41831720;18,99930000
-11,43699130;0,41831720;19,45402000
-11,42675130;0,42728970;19,45402000
-11,41651130;0,42728970;19,45402000
-11,40627130;0,42728970;19,90875000
-11,39603130;0,42728970;19,45402000
-11,38579130;0,44523450;19,45402000
-11,37555130;0,44523450;19,45402000
-11,36531130;0,44523450;19,45402000
-11,35507130;0,44523450;19,90875000
-11,34483130;0,45420700;19,45402000
-11,33459131;0,46317940;19,45402000
-11,32435131;0,46317940;19,45402000
-11,31411131;0,46317940;19,90875000
-11,30387131;0,47215180;19,45402000
-11,29363131;0,47215180;18,99930000
-11,28339131;0,48112430;19,90875000
-11,27315131;0,48112430;19,90875000
-11,26291131;0,48112430;19,45402000
-11,25267131;0,49006620;19,90875000
-11,24243131;0,49006620;19,90875000
-11,23219131;0,49903870;19,90875000
-11,22195131;0,49903870;20,36500000
-11,21171131;0,49903870;19,90875000
-11,20147131;0,49903870;19,90875000
-11,19123131;0,50801110;19,45402000
-11,18099131;0,51698360;20,36500000
-11,17075131;0,51698360;19,90875000
-11,16051131;0,51698360;19,45402000
-11,15027131;0,51698360;19,90875000
-11,14003131;0,52595600;19,90875000
-11,12979131;0,53492840;19,90875000
-11,11955131;0,53492840;19,90875000
-11,10931131;0,53492840;19,90875000
-11,09907131;0,53492840;20,36500000
-11,08883131;0,53492840;19,90875000
-11,07859131;0,55287330;19,90875000
-11,06835131;0,55287330;19,90875000
-11,05811131;0,55287330;19,90875000
-11,04787131;0,55287330;19,90875000
-11,03763131;0,56184580;19,90875000
-11,02739131;0,56184580;19,90875000
-11,01715131;0,57081820;19,90875000
-11,00691131;0,57081820;20,36500000
-10,99667131;0,57081820;20,36500000
-10,98643131;0,57081820;20,36500000
-10,97619131;0,57081820;19,90875000
-10,96595131;0,58873250;20,36500000
-10,95571131;0,58873250;20,81973000
-10,94547131;0,58873250;19,90875000
-10,93523131;0,58873250;20,36500000
-10,92499131;0,58873250;20,36500000
-10,91475131;0,59770500;20,36500000
-10,90451131;0,59770500;20,36500000
-10,89427131;0,60667750;20,36500000
-10,88403131;0,60667750;20,36500000
-10,87379131;0,61564990;20,81973000
-10,86355131;0,60667750;19,90875000
-10,85331131;0,60667750;20,36500000
-10,84307131;0,61564990;20,36500000
-10,83283131;0,61564990;20,81973000
-10,82259131;0,62462230;20,36500000
-10,81235131;0,62462230;20,36500000
-10,80211131;0,62462230;20,36500000
-10,79187131;0,63359480;20,36500000
-10,78163131;0,64256720;20,81973000
-10,77139131;0,64256720;19,90875000
-10,76115131;0,64256720;20,36500000
-10,75091131;0,64256720;20,81973000
-10,74067131;0,64256720;20,36500000
-10,73043131;0,66048160;20,36500000
-10,72019131;0,66048160;19,90875000
-10,70995131;0,66048160;20,81973000
-10,69971131;0,66048160;20,36500000
-10,68947131;0,66048160;20,36500000
-10,67923131;0,66945400;20,81973000
-10,66899131;0,66945400;20,36500000
-10,65875131;0,67842640;20,36500000
-10,64851131;0,67842640;20,36500000
-10,63827131;0,67842640;20,36500000
-10,62803131;0,67842640;20,36500000
-10,61779131;0,67842640;20,36500000
-10,60755131;0,67842640;20,36500000
-10,59731131;0,69637140;20,81973000
-10,58707131;0,68739890;20,81973000
-10,57683131;0,69637140;20,81973000
-10,56659131;0,69637140;20,36500000
-10,55635131;0,69637140;20,36500000
-10,54611131;0,69637140;20,36500000
-10,53587131;0,70534380;20,81973000
-10,52563131;0,70534380;20,81973000
-10,51539131;0,70534380;20,81973000
-10,50515131;0,71431620;20,81973000
-10,49491131;0,71431620;20,36500000
-10,48467131;0,71431620;20,81973000
-10,47443131;0,71431620;20,81973000
-10,46419131;0,73226110;20,36500000
-10,45395131;0,71431620;20,81973000
-10,44371131;0,71431620;20,81973000
-10,43347131;0,73226110;20,36500000
-10,42323131;0,73226110;20,81973000
-10,41299131;0,73226110;20,36500000
-10,40275131;0,73226110;20,36500000
-10,39251131;0,73226110;20,36500000
-10,38227131;0,73226110;20,81973000
-10,37203131;0,75017550;20,36500000
-10,36179131;0,74120300;20,81973000
-10,35155131;0,74120300;20,36500000
-10,34131131;0,75017550;20,81973000
-10,33107131;0,75017550;20,36500000
-10,32083131;0,75017550;20,36500000
-10,31059131;0,75017550;20,81973000
-10,30035131;0,75017550;20,81973000
-10,29011131;0,75017550;20,36500000
-10,27987131;0,75017550;20,36500000
-10,26963131;0,75914790;20,36500000
-10,25939131;0,75914790;19,90875000
-10,24915131;0,76812030;20,36500000
-10,23891131;0,76812030;20,36500000
-10,22867131;0,76812030;20,36500000
-10,21843131;0,76812030;20,36500000
-10,20819131;0,77709280;20,36500000
-10,19795131;0,76812030;20,81973000
-10,18771131;0,77709280;20,36500000
-10,17747131;0,77709280;20,36500000
-10,16723131;0,77709280;20,81973000
-10,15699131;0,78606520;20,36500000
-10,14675131;0,77709280;20,36500000
-10,13651131;0,78606520;20,81973000
-10,12627131;0,78606520;20,81973000
-10,11603131;0,78606520;19,90875000
-10,10579131;0,78606520;20,81973000
-10,09555131;0,78606520;19,90875000
-10,08531131;0,78606520;20,81973000
-10,07507131;0,79503770;20,36500000
-10,06483131;0,78606520;20,81973000
-10,05459131;0,80401020;20,81973000
-10,04435131;0,80401020;20,81973000
-10,03411131;0,80401020;20,81973000
-10,02387131;0,80401020;20,36500000
-10,01363131;0,79503770;20,36500000
-10,00339131;0,80401020;20,81973000
-9,99315131;0,80401020;20,81973000
-9,98291131;0,80401020;20,81973000
-9,97267131;0,80401020;20,81973000
-9,96243131;0,81298260;20,81973000
-9,95219131;0,81298260;20,36500000
-9,94195131;0,81298260;20,36500000
-9,93171131;0,81298260;20,81973000
-9,92147131;0,80401020;20,36500000
-9,91123131;0,82192450;20,81973000
-9,90099131;0,82192450;20,81973000
-9,89075131;0,82192450;20,81973000
-9,88051131;0,82192450;20,36500000
-9,87027131;0,82192450;20,81973000
-9,86003131;0,82192450;20,36500000
-9,84979131;0,82192450;20,81973000
-9,83955131;0,82192450;20,81973000
-9,82931131;0,82192450;20,81973000
-9,81907131;0,82192450;20,81973000
-9,80883131;0,82192450;20,36500000
-9,79859131;0,82192450;20,81973000
-9,78835131;0,83089690;20,36500000
-9,77811131;0,83089690;20,81973000
-9,76787131;0,82192450;20,36500000
-9,75763131;0,83089690;20,81973000
-9,74739131;0,83986940;20,81973000
-9,73715131;0,83089690;20,36500000
-9,72691131;0,83986940;20,81973000
-9,71667131;0,83089690;19,90875000
-9,70643131;0,83986940;20,81973000
-9,69619132;0,83986940;20,36500000
-9,68595132;0,83986940;20,81973000
-9,67571132;0,83986940;20,36500000
-9,66547132;0,83986940;20,81973000
-9,65523132;0,83986940;20,36500000
-9,64499132;0,83986940;20,81973000
-9,63475132;0,83986940;20,36500000
-9,62451132;0,84884180;20,81973000
-9,61427132;0,83986940;19,90875000
-9,60403132;0,83986940;19,90875000
-9,59379132;0,83986940;20,81973000
-9,58355132;0,83986940;20,36500000
-9,57331132;0,84884180;20,36500000
-9,56307132;0,83986940;20,36500000
-9,55283132;0,84884180;21,27445000
-9,54259132;0,83986940;20,36500000
-9,53235132;0,84884180;20,36500000
-9,52211132;0,83986940;20,36500000
-9,51187132;0,83986940;19,90875000
-9,50163132;0,84884180;20,81973000
-9,49139132;0,85781430;20,81973000
-9,48115132;0,84884180;20,81973000
-9,47091132;0,85781430;20,81973000
-9,46067132;0,84884180;20,36500000
-9,45043132;0,85781430;20,36500000
-9,44019132;0,84884180;19,90875000
-9,42995132;0,85781430;20,36500000
-9,41971132;0,84884180;20,81973000
-9,40947132;0,85781430;20,81973000
-9,39923132;0,85781430;20,81973000
-9,38899132;0,84884180;20,36500000
-9,37875132;0,84884180;20,81973000
-9,36851132;0,85781430;20,36500000
-9,35827132;0,84884180;20,81973000
-9,34803132;0,85781430;20,36500000
-9,33779132;0,85781430;20,36500000
-9,32755132;0,84884180;20,81973000
-9,31731132;0,84884180;20,36500000
-9,30707132;0,84884180;20,36500000
-9,29683132;0,84884180;20,36500000
-9,28659132;0,85781430;20,36500000
-9,27635132;0,84884180;20,81973000
-9,26611132;0,84884180;20,36500000
-9,25587132;0,84884180;20,36500000
-9,24563132;0,84884180;20,36500000
-9,23539132;0,84884180;20,36500000
-9,22515132;0,85781430;20,36500000
-9,21491132;0,84884180;20,36500000
-9,20467132;0,84884180;20,36500000
-9,19443132;0,84884180;20,36500000
-9,18419132;0,84884180;20,36500000
-9,17395132;0,84884180;20,36500000
-9,16371132;0,84884180;20,36500000
-9,15347132;0,84884180;20,36500000
-9,14323132;0,85781430;20,81973000
-9,13299132;0,84884180;20,36500000
-9,12275132;0,83986940;20,81973000
-9,11251132;0,84884180;20,36500000
-9,10227132;0,83986940;20,81973000
-9,09203132;0,84884180;20,36500000
-9,08179132;0,83986940;20,81973000
-9,07155132;0,83986940;19,90875000
-9,06131132;0,83986940;20,36500000
-9,05107132;0,84884180;20,81973000
-9,04083132;0,83986940;20,36500000
-9,03059132;0,83986940;19,90875000
-9,02035132;0,83986940;20,36500000
-9,01011132;0,83986940;20,36500000
-8,99987132;0,83986940;20,36500000
-8,98963132;0,83986940;20,81973000
-8,97939132;0,83986940;20,36500000
-8,96915132;0,83089690;20,81973000
-8,95891132;0,83986940;20,36500000
-8,94867132;0,83986940;20,36500000
-8,93843132;0,83089690;20,36500000
-8,92819132;0,83986940;20,36500000
-8,91795132;0,83986940;20,81973000
-8,90771132;0,83089690;19,90875000
-8,89747132;0,83089690;20,81973000
-8,88723132;0,83089690;20,36500000
-8,87699132;0,82192450;19,90875000
-8,86675132;0,83089690;20,36500000
-8,85651132;0,82192450;19,90875000
-8,84627132;0,82192450;20,36500000
-8,83603132;0,82192450;20,81973000
-8,82579132;0,82192450;19,90875000
-8,81555132;0,82192450;20,36500000
-8,80531132;0,82192450;20,36500000
-8,79507132;0,82192450;20,36500000
-8,78483132;0,81298260;20,36500000
-8,77459132;0,82192450;20,36500000
-8,76435132;0,81298260;20,36500000
-8,75411132;0,80401020;20,36500000
-8,74387132;0,81298260;20,81973000
-8,73363132;0,81298260;20,36500000
-8,72339132;0,81298260;20,36500000
-8,71315132;0,81298260;20,36500000
-8,70291132;0,80401020;20,36500000
-8,69267132;0,80401020;20,81973000
-8,68243132;0,81298260;20,36500000
-8,67219132;0,80401020;19,90875000
-8,66195132;0,80401020;20,81973000
-8,65171132;0,80401020;19,90875000
-8,64147132;0,80401020;19,90875000
-8,63123132;0,79503770;20,36500000
-8,62099132;0,78606520;20,36500000
-8,61075132;0,78606520;20,36500000
-8,60051132;0,78606520;19,90875000
-8,59027132;0,78606520;19,90875000
-8,58003132;0,78606520;19,90875000
-8,56979132;0,78606520;20,36500000
-8,55955132;0,78606520;20,36500000
-8,54931132;0,78606520;19,90875000
-8,53907132;0,78606520;19,90875000
-8,52883132;0,77709280;20,36500000
-8,51859132;0,77709280;20,36500000
-8,50835132;0,77709280;20,36500000
-8,49811132;0,77709280;20,36500000
-8,48787132;0,77709280;20,36500000
-8,47763132;0,76812030;20,36500000
-8,46739132;0,76812030;19,90875000
-8,45715132;0,76812030;19,90875000
-8,44691132;0,76812030;19,90875000
-8,43667132;0,76812030;20,36500000
-8,42643132;0,75914790;20,36500000
-8,41619132;0,76812030;19,90875000
-8,40595132;0,76812030;19,90875000
-8,39571132;0,75914790;19,90875000
-8,38547132;0,75914790;20,36500000
-8,37523132;0,75017550;19,90875000
-8,36499132;0,75017550;19,90875000
-8,35475132;0,75017550;18,99930000
-8,34451132;0,75017550;19,90875000
-8,33427132;0,75017550;20,36500000
-8,32403132;0,74120300;20,36500000
-8,31379132;0,74120300;19,90875000
-8,30355132;0,73226110;19,90875000
-8,29331132;0,73226110;19,90875000
-8,28307132;0,74120300;20,36500000
-8,27283132;0,73226110;20,36500000
-8,26259132;0,73226110;19,90875000
-8,25235132;0,72328870;19,90875000
-8,24211132;0,72328870;19,90875000
-8,23187132;0,71431620;19,45402000
-8,22163132;0,71431620;19,45402000
-8,21139132;0,71431620;19,90875000
-8,20115132;0,71431620;20,36500000
-8,19091132;0,71431620;19,90875000
-8,18067132;0,71431620;19,90875000
-8,17043132;0,70534380;19,90875000
-8,16019132;0,70534380;20,36500000
-8,14995132;0,70534380;19,90875000
-8,13971132;0,70534380;19,45402000
-8,12947132;0,70534380;19,90875000
-8,11923132;0,69637140;19,90875000
-8,10899132;0,69637140;19,90875000
-8,09875132;0,69637140;19,90875000
-8,08851132;0,69637140;19,90875000
-8,07827132;0,67842640;20,36500000
-8,06803132;0,67842640;19,45402000
-8,05779132;0,67842640;19,45402000
-8,04755133;0,67842640;19,45402000
-8,03731133;0,67842640;19,90875000
-8,02707133;0,66945400;19,90875000
-8,01683133;0,66048160;19,90875000
-8,00659133;0,67842640;19,45402000
-7,99635133;0,66048160;19,90875000
-7,98611133;0,66048160;19,45402000
-7,97587133;0,66048160;19,45402000
-7,96563133;0,66048160;19,90875000
-7,95539133;0,66048160;19,45402000
-7,94515133;0,66048160;19,45402000
-7,93491133;0,66048160;19,45402000
-7,92467133;0,64256720;19,45402000
-7,91443133;0,64256720;19,90875000
-7,90419133;0,64256720;18,99930000
-7,89395133;0,64256720;19,90875000
-7,88371133;0,63359480;19,45402000
-7,87347133;0,63359480;19,45402000
-7,86323133;0,62462230;19,45402000
-7,85299133;0,62462230;19,45402000
-7,84275133;0,62462230;19,90875000
-7,83251133;0,62462230;19,45402000
-7,82227133;0,61564990;19,45402000
-7,81203133;0,60667750;18,99930000
-7,80179133;0,60667750;20,36500000
-7,79155133;0,60667750;19,45402000
-7,78131133;0,60667750;19,45402000
-7,77107133;0,60667750;19,90875000
-7,76083133;0,59770500;18,99930000
-7,75059133;0,59770500;18,54457000
-7,74035133;0,58873250;18,99930000
-7,73011133;0,58873250;19,45402000
-7,71987133;0,58873250;18,99930000
-7,70963133;0,58873250;18,99930000
-7,69939133;0,58873250;19,45402000
-7,68915133;0,57081820;19,45402000
-7,67891133;0,57081820;18,99930000
-7,66867133;0,57081820;18,54457000
-7,65843133;0,57081820;19,45402000
-7,64819133;0,57081820;18,99930000
-7,63795133;0,55287330;19,45402000
-7,62771133;0,56184580;18,99930000
-7,61747133;0,55287330;18,99930000
-7,60723133;0,55287330;18,99930000
-7,59699133;0,55287330;18,99930000
-7,58675133;0,54390080;18,99930000
-7,57651133;0,54390080;18,54457000
-7,56627133;0,53492840;18,99930000
-7,55603133;0,53492840;18,54457000
-7,54579133;0,53492840;19,45402000
-7,53555133;0,52595600;18,54457000
-7,52531133;0,51698360;18,54457000
-7,51507133;0,51698360;18,54457000
-7,50483133;0,51698360;18,08832000
-7,49459133;0,51698360;18,54457000
-7,48435133;0,50801110;18,54457000
-7,47411133;0,49903870;18,54457000
-7,46387133;0,49903870;18,54457000
-7,45363133;0,49903870;18,99930000
-7,44339133;0,49903870;18,54457000
-7,43315133;0,49006620;18,54457000
-7,42291133;0,49006620;18,99930000
-7,41267133;0,48112430;17,63359000
-7,40243133;0,48112430;18,99930000
-7,39219133;0,48112430;18,08832000
-7,38195133;0,47215180;18,54457000
-7,37171133;0,47215180;18,54457000
-7,36147133;0,46317940;18,08832000
-7,35123133;0,46317940;18,54457000
-7,34099133;0,45420700;18,54457000
-7,33075133;0,45420700;18,54457000
-7,32051133;0,44523450;18,08832000
-7,31027133;0,44523450;18,54457000
-7,30003133;0,44523450;18,54457000
-7,28979133;0,43626210;18,54457000
-7,27955133;0,42728970;18,54457000
-7,26931133;0,42728970;18,54457000
-7,25907133;0,42728970;18,54457000
-7,24883133;0,42728970;18,08832000
-7,23859133;0,41831720;18,08832000
-7,22835133;0,41831720;17,63359000
-7,21811133;0,40934480;17,63359000
-7,20787133;0,40934480;18,08832000
-7,19763133;0,40040280;17,63359000
-7,18739133;0,40040280;17,63359000
-7,17715133;0,40040280;18,08832000
-7,16691133;0,39143040;18,08832000
-7,15667133;0,39143040;17,63359000
-7,14643133;0,39143040;18,08832000
-7,13619133;0,38245800;18,08832000
-7,12595133;0,37348550;17,17887000
-7,11571133;0,37348550;17,17887000
-7,10547133;0,37348550;17,17887000
-7,09523133;0,37348550;17,63359000
-7,08499133;0,37348550;17,17887000
-7,07475133;0,35554060;17,63359000
-7,06451133;0,35554060;18,08832000
-7,05427133;0,34656820;17,17887000
-7,04403133;0,34656820;18,08832000
-7,03379133;0,34656820;18,08832000
-7,02355133;0,33759580;17,17887000
-7,01331133;0,33759580;17,17887000
-7,00307133;0,32862330;17,17887000
-6,99283133;0,31968140;17,63359000
-6,98259133;0,31968140;17,17887000
-6,97235133;0,31968140;17,17887000
-6,96211133;0,31968140;17,63359000
-6,95187133;0,31070890;17,17887000
-6,94163133;0,31070890;16,72414000
-6,93139133;0,30173650;16,72414000
-6,92115133;0,30173650;16,72414000
-6,91091133;0,30173650;16,72414000
-6,90067133;0,29276410;17,17887000
-6,89043133;0,28379160;17,17887000
-6,88019133;0,28379160;16,72414000
-6,86995133;0,27481920;17,63359000
-6,85971133;0,26584670;16,72414000
-6,84947133;0,27481920;17,17887000
-6,83923133;0,26584670;16,72414000
-6,82899133;0,26584670;16,72414000
-6,81875133;0,25687430;16,72414000
-6,80851133;0,24790190;16,72414000
-6,79827133;0,24790190;16,72414000
-6,78803133;0,23895990;16,72414000
-6,77779133;0,23895990;16,72414000
-6,76755133;0,23895990;16,72414000
-6,75731133;0,22998750;15,81317000
-6,74707133;0,22998750;16,26789000
-6,73683133;0,21204260;16,26789000
-6,72659133;0,21204260;16,72414000
-6,71635133;0,21204260;16,26789000
-6,70611133;0,21204260;16,26789000
-6,69587133;0,20307020;15,81317000
-6,68563133;0,19409770;16,26789000
-6,67539133;0,19409770;16,26789000
-6,66515133;0,19409770;16,26789000
-6,65491133;0,19409770;15,81317000
-6,64467133;0,18512530;15,81317000
-6,63443133;0,18512530;16,26789000
-6,62419133;0,17615280;15,81317000
-6,61395133;0,17615280;15,81317000
-6,60371133;0,17615280;15,81317000
-6,59347133;0,15823850;16,26789000
-6,58323133;0,15823850;15,35844000
-6,57299133;0,14926600;15,35844000
-6,56275133;0,15823850;15,35844000
-6,55251133;0,14926600;15,35844000
-6,54227133;0,14029360;14,90371000
-6,53203133;0,14029360;15,35844000
-6,52179133;0,14029360;15,35844000
-6,51155133;0,14029360;14,44746000
-6,50131133;0,12234870;15,35844000
-6,49107133;0,12234870;14,44746000
-6,48083133;0,11337630;14,90371000
-6,47059133;0,11337630;14,90371000
-6,46035133;0,10440380;14,90371000
-6,45011133;0,10440380;14,44746000
-6,43987133;0,10440380;14,44746000
-6,42963133;0,09543138;14,44746000
-6,41939133;0,08645894;14,44746000
-6,40915133;0,08645894;14,44746000
-6,39891134;0,08645894;13,53801000
-6,38867134;0,06854457;14,44746000
-6,37843134;0,06854457;14,44746000
-6,36819134;0,06854457;13,53801000
-6,35795134;0,06854457;13,53801000
-6,34771134;0,05957213;13,53801000
-6,33747134;0,05059969;13,53801000
-6,32723134;0,05059969;13,08328000
-6,31699134;0,04162725;13,53801000
-6,30675134;0,04162725;13,08328000
-6,29651134;0,03265481;13,08328000
-6,28627134;0,03265481;13,08328000
-6,27603134;0,03265481;12,17231000
-6,26579134;0,03265481;12,62703000
-6,25555134;0,01470992;12,62703000
-6,24531134;0,01470992;12,17231000
-6,23507134;0,00573748;11,71758000
-6,22483134;-0,00320444;11,71758000
-6,21459134;0,00573748;11,71758000
-6,20435134;-0,00320444;11,26286000
-6,19411134;-0,00320444;11,26286000
-6,18387134;-0,01214637;10,35188000
-6,17363134;-0,02111881;9,44242700
-6,16339134;-0,02111881;5,80156900
-6,15315134;-0,02111881;-12,40272000
-6,14291134;-0,02111881;-31,51646000
-6,13267134;-0,03906369;-30,15076000
-6,12243134;-0,03906369;-25,60045000
-6,11219134;-0,03906369;-27,42088000
-6,10195134;-0,03906369;-27,87561000
-6,09171134;-0,05700858;-27,87561000
-6,08147134;-0,05700858;-27,42088000
-6,07123134;-0,05700858;-27,87561000
-6,06099134;-0,05700858;-27,87561000
-6,05075134;-0,07495346;-28,33033000
-6,04051134;-0,07495346;-28,33033000
-6,03027134;-0,07495346;-27,87561000
-6,02003134;-0,07495346;-28,33033000
-6,00979134;-0,08392590;-28,33033000
-5,99955134;-0,09286782;-28,78658000
-5,98931134;-0,09286782;-28,78658000
-5,97907134;-0,09286782;-28,78658000
-5,96883134;-0,10184030;-28,78658000
-5,95859134;-0,11081270;-29,24131000
-5,94835134;-0,11081270;-29,69603000
-5,93811134;-0,11978520;-29,24131000
-5,92787134;-0,11978520;-29,24131000
-5,91763134;-0,12875760;-29,69603000
-5,90739134;-0,12875760;-29,24131000
-5,89715134;-0,12875760;-29,24131000
-5,88691134;-0,14670250;-29,69603000
-5,87667134;-0,14670250;-30,15076000
-5,86643134;-0,14670250;-30,15076000
-5,85619134;-0,14670250;-30,60701000
-5,84595134;-0,14670250;-30,15076000
-5,83571134;-0,15567490;-30,15076000
-5,82547134;-0,16464740;-29,69603000
-5,81523134;-0,16464740;-30,15076000
-5,80499134;-0,16464740;-30,15076000
-5,79475134;-0,17358930;-30,15076000
-5,78451134;-0,18256170;-30,60701000
-5,77427134;-0,18256170;-30,15076000
-5,76403134;-0,19153420;-30,60701000
-5,75379134;-0,19153420;-30,15076000
-5,74355134;-0,20050660;-30,60701000
-5,73331134;-0,20050660;-30,60701000
-5,72307134;-0,20050660;-30,60701000
-5,71283134;-0,20050660;-30,60701000
-5,70259134;-0,21845150;-30,15076000
-5,69235134;-0,21845150;-31,06174000
-5,68211134;-0,21845150;-30,60701000
-5,67187134;-0,21845150;-31,06174000
-5,66163134;-0,23639640;-30,60701000
-5,65139134;-0,23639640;-31,06174000
-5,64115134;-0,24536880;-31,51646000
-5,63091134;-0,23639640;-31,06174000
-5,62067134;-0,25431070;-31,06174000
-5,61043134;-0,25431070;-31,51646000
-5,60019134;-0,25431070;-31,06174000
-5,58995134;-0,25431070;-31,51646000
-5,57971134;-0,25431070;-31,06174000
-5,56947134;-0,27225560;-31,97119000
-5,55923134;-0,27225560;-31,06174000
-5,54899134;-0,27225560;-31,06174000
-5,53875134;-0,27225560;-31,06174000
-5,52851134;-0,29020050;-31,51646000
-5,51827134;-0,29020050;-31,51646000
-5,50803134;-0,29020050;-31,97119000
-5,49779134;-0,29917290;-31,51646000
-5,48755134;-0,29917290;-31,06174000
-5,47731134;-0,29917290;-31,06174000
-5,46707134;-0,30814540;-31,51646000
-5,45683134;-0,30814540;-31,97119000
-5,44659134;-0,31711780;-31,97119000
-5,43635134;-0,31711780;-31,97119000
-5,42611134;-0,32609030;-31,97119000
-5,41587134;-0,32609030;-31,97119000
-5,40563134;-0,32609030;-31,51646000
-5,39539134;-0,33503220;-31,97119000
-5,38515134;-0,34400460;-31,51646000
-5,37491134;-0,34400460;-31,97119000
-5,36467134;-0,34400460;-31,97119000
-5,35443134;-0,36194950;-31,97119000
-5,34419134;-0,36194950;-31,97119000
-5,33395134;-0,36194950;-31,97119000
-5,32371134;-0,37092200;-31,97119000
-5,31347134;-0,37092200;-32,42744000
-5,30323134;-0,37092200;-32,42744000
-5,29299134;-0,37989440;-31,97119000
-5,28275134;-0,37989440;-31,97119000
-5,27251134;-0,37989440;-31,97119000
-5,26227134;-0,38886680;-31,97119000
-5,25203134;-0,38886680;-31,97119000
-5,24179134;-0,39783930;-32,42744000
-5,23155134;-0,39783930;-32,42744000
-5,22131134;-0,39783930;-32,42744000
-5,21107134;-0,40681170;-31,97119000
-5,20083134;-0,40681170;-32,42744000
-5,19059134;-0,41575370;-32,42744000
-5,18035134;-0,41575370;-32,42744000
-5,17011134;-0,41575370;-32,42744000
-5,15987134;-0,42472610;-32,42744000
-5,14963134;-0,43369850;-32,42744000
-5,13939134;-0,43369850;-32,42744000
-5,12915134;-0,43369850;-31,97119000
-5,11891134;-0,44267100;-32,88217000
-5,10867134;-0,44267100;-32,88217000
-5,09843134;-0,44267100;-32,42744000
-5,08819134;-0,45164340;-32,42744000
-5,07795134;-0,45164340;-32,88217000
-5,06771134;-0,45164340;-32,42744000
-5,05747134;-0,46958830;-32,42744000
-5,04723134;-0,46958830;-32,88217000
-5,03699134;-0,46958830;-32,88217000
-5,02675134;-0,47856070;-32,88217000
-5,01651134;-0,46958830;-32,88217000
-5,00627134;-0,47856070;-32,88217000
-4,99603134;-0,48753320;-32,88217000
-4,98579134;-0,48753320;-32,42744000
-4,97555134;-0,48753320;-33,33689000
-4,96531134;-0,48753320;-32,42744000
-4,95507134;-0,49647510;-32,42744000
-4,94483134;-0,49647510;-33,33689000
-4,93459134;-0,50544760;-32,42744000
-4,92435134;-0,50544760;-33,33689000
-4,91411134;-0,50544760;-32,88217000
-4,90387134;-0,51442000;-33,33689000
-4,89363134;-0,52339240;-33,33689000
-4,88339134;-0,52339240;-32,88217000
-4,87315134;-0,52339240;-33,33689000
-4,86291134;-0,53236490;-32,88217000
-4,85267134;-0,53236490;-33,33689000
-4,84243134;-0,54133730;-32,88217000
-4,83219134;-0,54133730;-32,88217000
-4,82195134;-0,54133730;-32,88217000
-4,81171134;-0,55030980;-32,88217000
-4,80147134;-0,55030980;-32,88217000
-4,79123134;-0,55030980;-33,79162000
-4,78099134;-0,55030980;-32,88217000
-4,77075134;-0,55928220;-32,88217000
-4,76051135;-0,55928220;-32,88217000
-4,75027135;-0,55928220;-33,33689000
-4,74003135;-0,57722710;-32,88217000
-4,72979135;-0,56825460;-33,33689000
-4,71955135;-0,57722710;-33,33689000
-4,70931135;-0,57722710;-32,88217000
-4,69907135;-0,57722710;-33,33689000
-4,68883135;-0,58616900;-32,88217000
-4,67859135;-0,58616900;-32,88217000
-4,66835135;-0,58616900;-32,88217000
-4,65811135;-0,58616900;-33,33689000
-4,64787135;-0,59514150;-32,88217000
-4,63763135;-0,61308630;-33,33689000
-4,62739135;-0,60411390;-33,33689000
-4,61715135;-0,60411390;-32,88217000
-4,60691135;-0,61308630;-33,79162000
-4,59667135;-0,61308630;-33,33689000
-4,58643135;-0,61308630;-33,79162000
-4,57619135;-0,61308630;-33,79162000
-4,56595135;-0,61308630;-33,33689000
-4,55571135;-0,62205870;-33,79162000
-4,54547135;-0,63103120;-33,79162000
-4,53523135;-0,63103120;-34,24787000
-4,52499135;-0,63103120;-32,88217000
-4,51475135;-0,63103120;-33,79162000
-4,50451135;-0,63103120;-33,33689000
-4,49427135;-0,64000370;-33,79162000
-4,48403135;-0,64897610;-33,79162000
-4,47379135;-0,64897610;-33,79162000
-4,46355135;-0,64897610;-33,79162000
-4,45331135;-0,64897610;-32,88217000
-4,44307135;-0,65794860;-33,33689000
-4,43283135;-0,65794860;-33,33689000
-4,42259135;-0,66689040;-32,88217000
-4,41235135;-0,66689040;-33,79162000
-4,40211135;-0,66689040;-33,33689000
-4,39187135;-0,66689040;-33,79162000
-4,38163135;-0,67586290;-33,33689000
-4,37139135;-0,68483540;-33,79162000
-4,36115135;-0,68483540;-33,79162000
-4,35091135;-0,68483540;-33,79162000
-4,34067135;-0,68483540;-33,79162000
-4,33043135;-0,68483540;-33,33689000
-4,32019135;-0,68483540;-33,33689000
-4,30995135;-0,68483540;-32,88217000
-4,29971135;-0,70278020;-33,79162000
-4,28947135;-0,70278020;-33,33689000
-4,27923135;-0,70278020;-33,33689000
-4,26899135;-0,70278020;-33,33689000
-4,25875135;-0,70278020;-33,79162000
-4,24851135;-0,70278020;-33,79162000
-4,23827135;-0,70278020;-33,79162000
-4,22803135;-0,71175270;-33,79162000
-4,21779135;-0,72072510;-33,79162000
-4,20755135;-0,72072510;-33,79162000
-4,19731135;-0,72072510;-33,79162000
-4,18707135;-0,72072510;-33,33689000
-4,17683135;-0,72072510;-33,79162000
-4,16659135;-0,72072510;-33,79162000
-4,15635135;-0,72072510;-33,79162000
-4,14611135;-0,72969760;-33,79162000
-4,13587135;-0,72969760;-33,33689000
-4,12563135;-0,73867000;-33,79162000
-4,11539135;-0,73867000;-33,79162000
-4,10515135;-0,73867000;-33,33689000
-4,09491135;-0,73867000;-33,79162000
-4,08467135;-0,73867000;-32,88217000
-4,07443135;-0,73867000;-33,33689000
-4,06419135;-0,74761190;-33,79162000
-4,05395135;-0,75658430;-33,79162000
-4,04371135;-0,74761190;-33,79162000
-4,03347135;-0,75658430;-34,24787000
-4,02323135;-0,75658430;-33,79162000
-4,01299135;-0,75658430;-33,79162000
-4,00275135;-0,75658430;-33,79162000
-3,99251135;-0,75658430;-33,79162000
-3,98227135;-0,75658430;-33,79162000
-3,97203135;-0,76555680;-33,79162000
-3,96179135;-0,76555680;-34,24787000
-3,95155135;-0,76555680;-33,79162000
-3,94131135;-0,76555680;-33,79162000
-3,93107135;-0,77452930;-33,79162000
-3,92083135;-0,77452930;-33,79162000
-3,91059135;-0,77452930;-33,79162000
-3,90035135;-0,77452930;-33,79162000
-3,89011135;-0,76555680;-33,79162000
-3,87987135;-0,77452930;-33,33689000
-3,86963135;-0,77452930;-33,79162000
-3,85939135;-0,77452930;-33,79162000
-3,84915135;-0,79247420;-33,79162000
-3,83891135;-0,79247420;-33,79162000
-3,82867135;-0,78350170;-33,79162000
-3,81843135;-0,79247420;-33,79162000
-3,80819135;-0,79247420;-33,79162000
-3,79795135;-0,79247420;-33,79162000
-3,78771135;-0,79247420;-33,33689000
-3,77747135;-0,79247420;-34,24787000
-3,76723135;-0,79247420;-33,79162000
-3,75699135;-0,79247420;-33,79162000
-3,74675135;-0,80144660;-33,79162000
-3,73651135;-0,80144660;-33,79162000
-3,72627135;-0,80144660;-33,79162000
-3,71603135;-0,81041900;-33,79162000
-3,70579135;-0,81041900;-33,79162000
-3,69555135;-0,80144660;-33,79162000
-3,68531135;-0,81041900;-33,33689000
-3,67507135;-0,80144660;-33,79162000
-3,66483135;-0,81041900;-33,33689000
-3,65459135;-0,81041900;-33,79162000
-3,64435135;-0,81041900;-33,33689000
-3,63411135;-0,81939150;-33,79162000
-3,62387135;-0,81041900;-33,33689000
-3,61363135;-0,81939150;-32,88217000
-3,60339135;-0,81041900;-33,79162000
-3,59315135;-0,82833340;-33,79162000
-3,58291135;-0,82833340;-33,79162000
-3,57267135;-0,82833340;-33,79162000
-3,56243135;-0,82833340;-33,79162000
-3,55219135;-0,82833340;-33,79162000
-3,54195135;-0,82833340;-33,79162000
-3,53171135;-0,82833340;-33,33689000
-3,52147135;-0,82833340;-33,79162000
-3,51123135;-0,82833340;-33,79162000
-3,50099135;-0,82833340;-33,33689000
-3,49075135;-0,82833340;-33,79162000
-3,48051135;-0,82833340;-33,79162000
-3,47027135;-0,82833340;-33,79162000
-3,46003135;-0,82833340;-33,33689000
-3,44979135;-0,83730580;-33,79162000
-3,43955135;-0,82833340;-33,79162000
-3,42931135;-0,82833340;-33,79162000
-3,41907135;-0,83730580;-33,79162000
-3,40883135;-0,83730580;-33,79162000
-3,39859135;-0,82833340;-33,79162000
-3,38835135;-0,82833340;-33,33689000
-3,37811135;-0,82833340;-33,79162000
-3,36787135;-0,83730580;-33,33689000
-3,35763135;-0,83730580;-33,79162000
-3,34739135;-0,83730580;-33,79162000
-3,33715135;-0,84627830;-33,79162000
-3,32691135;-0,84627830;-34,24787000
-3,31667135;-0,84627830;-33,79162000
-3,30643135;-0,84627830;-33,79162000
-3,29619135;-0,84627830;-33,79162000
-3,28595135;-0,84627830;-33,79162000
-3,27571135;-0,84627830;-33,79162000
-3,26547135;-0,84627830;-33,79162000
-3,25523135;-0,83730580;-33,79162000
-3,24499135;-0,84627830;-34,24787000
-3,23475135;-0,84627830;-34,24787000
-3,22451135;-0,84627830;-33,79162000
-3,21427135;-0,84627830;-33,79162000
-3,20403135;-0,84627830;-32,88217000
-3,19379135;-0,84627830;-33,33689000
-3,18355135;-0,84627830;-33,79162000
-3,17331135;-0,84627830;-33,33689000
-3,16307135;-0,84627830;-33,33689000
-3,15283135;-0,84627830;-33,33689000
-3,14259135;-0,84627830;-34,24787000
-3,13235135;-0,84627830;-33,79162000
-3,12211135;-0,84627830;-33,79162000
-3,11187136;-0,84627830;-33,33689000
-3,10163136;-0,84627830;-33,33689000
-3,09139136;-0,84627830;-33,79162000
-3,08115136;-0,84627830;-33,33689000
-3,07091136;-0,84627830;-33,33689000
-3,06067136;-0,84627830;-34,24787000
-3,05043136;-0,84627830;-33,79162000
-3,04019136;-0,84627830;-33,79162000
-3,02995136;-0,84627830;-32,88217000
-3,01971136;-0,84627830;-33,79162000
-3,00947136;-0,84627830;-33,79162000
-2,99923136;-0,84627830;-33,79162000
-2,98899136;-0,84627830;-33,79162000
-2,97875136;-0,84627830;-33,79162000
-2,96851136;-0,84627830;-33,79162000
-2,95827136;-0,84627830;-33,79162000
-2,94803136;-0,84627830;-33,79162000
-2,93779136;-0,84627830;-33,33689000
-2,92755136;-0,84627830;-33,79162000
-2,91731136;-0,84627830;-34,24787000
-2,90707136;-0,84627830;-33,79162000
-2,89683136;-0,84627830;-33,79162000
-2,88659136;-0,83730580;-33,33689000
-2,87635136;-0,84627830;-33,79162000
-2,86611136;-0,84627830;-33,33689000
-2,85587136;-0,84627830;-33,79162000
-2,84563136;-0,83730580;-33,79162000
-2,83539136;-0,84627830;-33,79162000
-2,82515136;-0,84627830;-33,33689000
-2,81491136;-0,83730580;-33,79162000
-2,80467136;-0,83730580;-33,33689000
-2,79443136;-0,84627830;-33,79162000
-2,78419136;-0,83730580;-33,79162000
-2,77395136;-0,82833340;-33,33689000
-2,76371136;-0,82833340;-33,33689000
-2,75347136;-0,82833340;-33,79162000
-2,74323136;-0,82833340;-33,33689000
-2,73299136;-0,82833340;-33,33689000
-2,72275136;-0,82833340;-33,79162000
-2,71251136;-0,82833340;-33,79162000
-2,70227136;-0,82833340;-33,79162000
-2,69203136;-0,82833340;-33,79162000
-2,68179136;-0,82833340;-33,79162000
-2,67155136;-0,82833340;-33,33689000
-2,66131136;-0,82833340;-33,79162000
-2,65107136;-0,82833340;-33,79162000
-2,64083136;-0,82833340;-33,33689000
-2,63059136;-0,82833340;-33,79162000
-2,62035136;-0,81939150;-33,33689000
-2,61011136;-0,82833340;-33,33689000
-2,59987136;-0,82833340;-33,33689000
-2,58963136;-0,81939150;-33,79162000
-2,57939136;-0,81041900;-33,33689000
-2,56915136;-0,81041900;-33,33689000
-2,55891136;-0,82833340;-33,79162000
-2,54867136;-0,81041900;-33,79162000
-2,53843136;-0,81041900;-32,88217000
-2,52819136;-0,81939150;-33,33689000
-2,51795136;-0,81041900;-33,33689000
-2,50771136;-0,80144660;-32,88217000
-2,49747136;-0,81041900;-33,33689000
-2,48723136;-0,80144660;-33,79162000
-2,47699136;-0,81041900;-33,79162000
-2,46675136;-0,80144660;-33,79162000
-2,45651136;-0,81041900;-33,33689000
-2,44627136;-0,81041900;-33,79162000
-2,43603136;-0,79247420;-33,79162000
-2,42579136;-0,79247420;-33,33689000
-2,41555136;-0,80144660;-32,88217000
-2,40531136;-0,79247420;-33,33689000
-2,39507136;-0,79247420;-32,88217000
-2,38483136;-0,79247420;-32,88217000
-2,37459136;-0,79247420;-33,33689000
-2,36435136;-0,79247420;-32,88217000
-2,35411136;-0,78350170;-33,79162000
-2,34387136;-0,77452930;-33,79162000
-2,33363136;-0,77452930;-32,88217000
-2,32339136;-0,77452930;-33,33689000
-2,31315136;-0,79247420;-32,42744000
-2,30291136;-0,79247420;-33,79162000
-2,29267136;-0,77452930;-32,88217000
-2,28243136;-0,77452930;-32,42744000
-2,27219136;-0,77452930;-32,88217000
-2,26195136;-0,77452930;-32,88217000
-2,25171136;-0,77452930;-32,88217000
-2,24147136;-0,77452930;-33,33689000
-2,23123136;-0,77452930;-32,88217000
-2,22099136;-0,76555680;-33,79162000
-2,21075136;-0,77452930;-32,88217000
-2,20051136;-0,76555680;-32,42744000
-2,19027136;-0,76555680;-32,88217000
-2,18003136;-0,75658430;-32,88217000
-2,16979136;-0,75658430;-32,88217000
-2,15955136;-0,75658430;-32,88217000
-2,14931136;-0,75658430;-32,88217000
-2,13907136;-0,75658430;-33,33689000
-2,12883136;-0,74761190;-32,42744000
-2,11859136;-0,74761190;-32,88217000
-2,10835136;-0,73867000;-32,88217000
-2,09811136;-0,73867000;-33,33689000
-2,08787136;-0,73867000;-33,33689000
-2,07763136;-0,73867000;-33,33689000
-2,06739136;-0,73867000;-33,79162000
-2,05715136;-0,73867000;-32,88217000
-2,04691136;-0,72969760;-32,88217000
-2,03667136;-0,72969760;-32,42744000
-2,02643136;-0,72969760;-33,33689000
-2,01619136;-0,72072510;-32,88217000
-2,00595136;-0,72969760;-32,88217000
-1,99571136;-0,72072510;-32,42744000
-1,98547136;-0,72072510;-32,88217000
-1,97523136;-0,72072510;-33,33689000
-1,96499136;-0,71175270;-32,42744000
-1,95475136;-0,71175270;-32,42744000
-1,94451136;-0,71175270;-32,42744000
-1,93427136;-0,70278020;-32,88217000
-1,92403136;-0,70278020;-33,33689000
-1,91379136;-0,70278020;-32,88217000
-1,90355136;-0,70278020;-32,42744000
-1,89331136;-0,70278020;-32,42744000
-1,88307136;-0,70278020;-32,88217000
-1,87283136;-0,69380780;-33,79162000
-1,86259136;-0,69380780;-32,88217000
-1,85235136;-0,68483540;-32,88217000
-1,84211136;-0,68483540;-32,88217000
-1,83187136;-0,68483540;-32,42744000
-1,82163136;-0,68483540;-32,88217000
-1,81139136;-0,68483540;-32,42744000
-1,80115136;-0,68483540;-32,42744000
-1,79091136;-0,67586290;-32,42744000
-1,78067136;-0,66689040;-32,88217000
-1,77043136;-0,66689040;-32,42744000
-1,76019136;-0,65794860;-32,88217000
-1,74995136;-0,64897610;-32,42744000
-1,73971136;-0,65794860;-32,42744000
-1,72947136;-0,65794860;-32,88217000
-1,71923136;-0,64897610;-32,88217000
-1,70899136;-0,64897610;-32,42744000
-1,69875136;-0,64897610;-32,42744000
-1,68851136;-0,64897610;-32,42744000
-1,67827136;-0,64897610;-32,42744000
-1,66803136;-0,64897610;-32,88217000
-1,65779136;-0,64897610;-32,42744000
-1,64755136;-0,63103120;-32,42744000
-1,63731136;-0,63103120;-32,42744000
-1,62707136;-0,62205870;-32,42744000
-1,61683136;-0,63103120;-31,97119000
-1,60659136;-0,61308630;-32,42744000
-1,59635136;-0,62205870;-32,88217000
-1,58611136;-0,61308630;-32,42744000
-1,57587136;-0,61308630;-32,42744000
-1,56563136;-0,61308630;-32,42744000
-1,55539136;-0,61308630;-31,97119000
-1,54515136;-0,60411390;-31,97119000
-1,53491136;-0,59514150;-32,42744000
-1,52467136;-0,59514150;-32,42744000
-1,51443136;-0,59514150;-32,42744000
-1,50419136;-0,58616900;-31,97119000
-1,49395136;-0,58616900;-31,97119000
-1,48371136;-0,58616900;-32,42744000
-1,47347136;-0,57722710;-32,42744000
-1,46323137;-0,57722710;-32,42744000
-1,45299137;-0,57722710;-32,42744000
-1,44275137;-0,57722710;-31,97119000
-1,43251137;-0,57722710;-32,42744000
-1,42227137;-0,55928220;-31,97119000
-1,41203137;-0,55928220;-32,42744000
-1,40179137;-0,55928220;-31,97119000
-1,39155137;-0,55030980;-31,51646000
-1,38131137;-0,55030980;-31,97119000
-1,37107137;-0,55030980;-32,42744000
-1,36083137;-0,54133730;-31,97119000
-1,35059137;-0,54133730;-32,42744000
-1,34035137;-0,54133730;-31,51646000
-1,33011137;-0,54133730;-32,42744000
-1,31987137;-0,53236490;-31,97119000
-1,30963137;-0,53236490;-32,42744000
-1,29939137;-0,53236490;-31,97119000
-1,28915137;-0,52339240;-31,97119000
-1,27891137;-0,51442000;-31,97119000
-1,26867137;-0,51442000;-31,97119000
-1,25843137;-0,50544760;-31,97119000
-1,24819137;-0,50544760;-31,97119000
-1,23795137;-0,50544760;-31,97119000
-1,22771137;-0,49647510;-31,97119000
-1,21747137;-0,49647510;-31,97119000
-1,20723137;-0,48753320;-31,51646000
-1,19699137;-0,48753320;-31,51646000
-1,18675137;-0,48753320;-31,97119000
-1,17651137;-0,47856070;-31,97119000
-1,16627137;-0,47856070;-31,97119000
-1,15603137;-0,47856070;-32,42744000
-1,14579137;-0,46958830;-31,51646000
-1,13555137;-0,46958830;-31,97119000
-1,12531137;-0,46958830;-31,51646000
-1,11507137;-0,46061590;-31,97119000
-1,10483137;-0,46061590;-31,51646000
-1,09459137;-0,45164340;-31,51646000
-1,08435137;-0,45164340;-31,97119000
-1,07411137;-0,45164340;-31,97119000
-1,06387137;-0,44267100;-31,97119000
-1,05363137;-0,43369850;-31,06174000
-1,04339137;-0,43369850;-31,51646000
-1,03315137;-0,43369850;-31,06174000
-1,02291137;-0,42472610;-31,51646000
-1,01267137;-0,41575370;-31,51646000
-1,00243137;-0,42472610;-31,97119000
-0,99219137;-0,41575370;-31,06174000
-0,98195137;-0,41575370;-31,06174000
-0,97171137;-0,41575370;-31,51646000
-0,96147137;-0,41575370;-31,51646000
-0,95123137;-0,40681170;-31,97119000
-0,94099137;-0,39783930;-31,06174000
-0,93075137;-0,39783930;-31,06174000
-0,92051137;-0,38886680;-30,60701000
-0,91027137;-0,38886680;-31,06174000
-0,90003137;-0,37989440;-31,06174000
-0,88979137;-0,37989440;-30,60701000
-0,87955137;-0,37092200;-31,51646000
-0,86931137;-0,36194950;-31,06174000
-0,85907137;-0,36194950;-31,06174000
-0,84883137;-0,36194950;-30,60701000
-0,83859137;-0,36194950;-31,06174000
-0,82835137;-0,36194950;-31,06174000
-0,81811137;-0,36194950;-30,60701000
-0,80787137;-0,34400460;-30,60701000
-0,79763137;-0,34400460;-30,60701000
-0,78739137;-0,33503220;-30,60701000
-0,77715137;-0,33503220;-31,06174000
-0,76691137;-0,32609030;-30,60701000
-0,75667137;-0,32609030;-30,15076000
-0,74643137;-0,32609030;-30,60701000
-0,73619137;-0,32609030;-31,06174000
-0,72595137;-0,31711780;-30,60701000
-0,71571137;-0,30814540;-30,60701000
-0,70547137;-0,30814540;-30,15076000
-0,69523137;-0,30814540;-30,15076000
-0,68499137;-0,29917290;-30,60701000
-0,67475137;-0,29020050;-30,15076000
-0,66451137;-0,29020050;-29,69603000
-0,65427137;-0,29020050;-30,60701000
-0,64403137;-0,29020050;-29,69603000
-0,63379137;-0,27225560;-30,15076000
-0,62355137;-0,27225560;-30,15076000
-0,61331137;-0,26328320;-30,15076000
-0,60307137;-0,27225560;-30,15076000
-0,59283137;-0,25431070;-29,69603000
-0,58259137;-0,25431070;-30,15076000
-0,57235137;-0,25431070;-30,15076000
-0,56211137;-0,25431070;-30,15076000
-0,55187137;-0,24536880;-29,69603000
-0,54163137;-0,23639640;-29,24131000
-0,53139137;-0,23639640;-30,15076000
-0,52115137;-0,23639640;-30,15076000
-0,51091137;-0,22742390;-30,15076000
-0,50067137;-0,22742390;-29,24131000
-0,49043137;-0,21845150;-29,24131000
-0,48019137;-0,20947900;-29,69603000
-0,46995137;-0,21845150;-29,24131000
-0,45971137;-0,20050660;-29,24131000
-0,44947137;-0,20050660;-28,78658000
-0,43923137;-0,20050660;-29,24131000
-0,42899137;-0,19153420;-29,24131000
-0,41875137;-0,18256170;-28,78658000
-0,40851137;-0,18256170;-29,24131000
-0,39827137;-0,18256170;-28,78658000
-0,38803137;-0,17358930;-28,78658000
-0,37779137;-0,17358930;-28,78658000
-0,36755137;-0,16464740;-28,78658000
-0,35731137;-0,16464740;-28,78658000
-0,34707137;-0,16464740;-28,78658000
-0,33683137;-0,15567490;-28,78658000
-0,32659137;-0,14670250;-28,78658000
-0,31635137;-0,14670250;-28,78658000
-0,30611137;-0,14670250;-28,33033000
-0,29587137;-0,12875760;-28,78658000
-0,28563137;-0,13773000;-27,87561000
-0,27539137;-0,12875760;-28,33033000
-0,26515137;-0,12875760;-28,33033000
-0,25491137;-0,11978520;-28,33033000
-0,24467137;-0,11081270;-28,33033000
-0,23443137;-0,11081270;-27,87561000
-0,22419137;-0,11081270;-27,42088000
-0,21395137;-0,11081270;-27,87561000
-0,20371137;-0,09286782;-28,33033000
-0,19347137;-0,09286782;-27,87561000
-0,18323137;-0,09286782;-27,42088000
-0,17299137;-0,07495346;-27,42088000
-0,16275137;-0,08392590;-27,87561000
-0,15251137;-0,07495346;-27,42088000
-0,14227137;-0,07495346;-26,96615000
-0,13203137;-0,07495346;-27,42088000
-0,12179137;-0,05700858;-27,42088000
-0,11155137;-0,05700858;-27,42088000
-0,10131137;-0,05700858;-26,96615000
-0,09107137;-0,04803614;-26,96615000
-0,08083137;-0,03906369;-26,96615000
-0,07059137;-0,03906369;-26,96615000
-0,06035137;-0,03906369;-26,96615000
-0,05011137;-0,03009125;-26,96615000
-0,03987137;-0,03009125;-26,50990000
-0,02963137;-0,02111881;-26,50990000
-0,01939137;-0,02111881;-25,60045000
-0,00915137;-0,01214637;-26,05518000
0,00108863;-0,00320444;-26,05518000
0,01132863;-0,00320444;-25,60045000
0,02156863;-0,00320444;-25,14573000
0,03180863;-0,00320444;-25,14573000
0,04204863;0,00573748;-25,14573000
0,05228863;0,01470992;-25,14573000
0,06252863;0,01470992;-24,68947000
0,07276863;0,01470992;-24,23475000
0,08300863;0,03265481;-23,78002000
0,09324863;0,03265481;-21,95959000
0,10348863;0,03265481;-17,40776000
0,11372863;0,03265481;2,16071000
0,12396863;0,03265481;19,45402000
0,13420863;0,05059969;15,35844000
0,14444863;0,05059969;13,08328000
0,15468863;0,05059969;13,99274000
0,16492863;0,05957213;14,90371000
0,17516862;0,06854457;14,44746000
0,18540862;0,06854457;14,90371000
0,19564862;0,06854457;15,35844000
0,20588862;0,06854457;14,90371000
0,21612862;0,08645894;15,35844000
0,22636862;0,08645894;15,35844000
0,23660862;0,08645894;15,35844000
0,24684862;0,09543138;15,81317000
0,25708862;0,10440380;15,81317000
0,26732862;0,10440380;15,81317000
0,27756862;0,10440380;15,35844000
0,28780862;0,11337630;15,81317000
0,29804862;0,12234870;15,81317000
0,30828862;0,12234870;16,26789000
0,31852862;0,12234870;16,26789000
0,32876862;0,14029360;16,26789000
0,33900862;0,13132110;16,26789000
0,34924862;0,14029360;16,72414000
0,35948862;0,14029360;16,26789000
0,36972862;0,14926600;16,72414000
0,37996862;0,14926600;16,72414000
0,39020862;0,15823850;16,72414000
0,40044862;0,15823850;16,26789000
0,41068862;0,15823850;16,72414000
0,42092862;0,15823850;16,72414000
0,43116862;0,16718040;17,17887000
0,44140862;0,17615280;16,72414000
0,45164862;0,17615280;17,17887000
0,46188862;0,18512530;17,17887000
0,47212862;0,18512530;17,17887000
0,48236862;0,19409770;16,72414000
0,49260862;0,19409770;17,17887000
0,50284862;0,20307020;17,17887000
0,51308862;0,20307020;17,63359000
0,52332862;0,21204260;17,17887000
0,53356862;0,21204260;17,17887000
0,54380862;0,21204260;18,08832000
0,55404862;0,21204260;17,17887000
0,56428862;0,22998750;17,63359000
0,57452862;0,22998750;18,08832000
0,58476862;0,23895990;17,63359000
0,59500862;0,22998750;17,63359000
0,60524862;0,24790190;17,63359000
0,61548862;0,24790190;18,08832000
0,62572862;0,24790190;18,08832000
0,63596862;0,24790190;17,17887000
0,64620862;0,25687430;18,08832000
0,65644862;0,25687430;17,63359000
0,66668862;0,26584670;18,08832000
0,67692862;0,27481920;17,63359000
0,68716862;0,27481920;18,54457000
0,69740862;0,28379160;17,63359000
0,70764862;0,28379160;18,08832000
0,71788862;0,28379160;18,54457000
0,72812862;0,28379160;18,54457000
0,73836862;0,30173650;18,08832000
0,74860862;0,30173650;18,54457000
0,75884862;0,30173650;18,54457000
0,76908862;0,30173650;18,08832000
0,77932862;0,31070890;18,54457000
0,78956862;0,31070890;19,45402000
0,79980862;0,31968140;18,54457000
0,81004862;0,32862330;18,54457000
0,82028862;0,31968140;18,08832000
0,83052862;0,32862330;18,54457000
0,84076862;0,33759580;18,54457000
0,85100862;0,33759580;18,99930000
0,86124862;0,33759580;18,54457000
0,87148862;0,35554060;18,99930000
0,88172862;0,35554060;18,99930000
0,89196862;0,35554060;18,54457000
0,90220862;0,35554060;18,54457000
0,91244862;0,37348550;18,99930000
0,92268862;0,37348550;18,99930000
0,93292862;0,37348550;18,54457000
0,94316862;0,38245800;19,45402000
0,95340862;0,38245800;18,99930000
0,96364862;0,38245800;18,99930000
0,97388862;0,39143040;18,54457000
0,98412862;0,39143040;18,99930000
0,99436862;0,40040280;19,45402000
1,00460862;0,40040280;18,54457000
1,01484862;0,39143040;18,99930000
1,02508862;0,40934480;19,45402000
1,03532862;0,40934480;19,45402000
1,04556862;0,41831720;18,99930000
1,05580862;0,40934480;19,45402000
1,06604862;0,41831720;19,45402000
1,07628862;0,42728970;19,45402000
1,08652862;0,42728970;19,90875000
1,09676862;0,42728970;19,45402000
1,10700862;0,42728970;19,45402000
1,11724862;0,43626210;19,45402000
1,12748862;0,44523450;19,45402000
1,13772862;0,44523450;18,99930000
1,14796862;0,45420700;20,36500000
1,15820862;0,46317940;19,45402000
1,16844862;0,46317940;19,45402000
1,17868862;0,46317940;19,90875000
1,18892862;0,46317940;19,45402000
1,19916862;0,46317940;19,45402000
1,20940862;0,48112430;19,45402000
1,21964862;0,48112430;19,45402000
1,22988862;0,48112430;19,90875000
1,24012862;0,48112430;19,90875000
1,25036862;0,48112430;19,90875000
1,26060862;0,49903870;19,45402000
1,27084862;0,49903870;19,90875000
1,28108862;0,49903870;19,90875000
1,29132862;0,49903870;19,90875000
1,30156862;0,49903870;19,45402000
1,31180862;0,50801110;19,45402000
1,32204862;0,50801110;19,90875000
1,33228862;0,51698360;19,90875000
1,34252862;0,51698360;19,90875000
1,35276862;0,51698360;19,90875000
1,36300862;0,52595600;20,36500000
1,37324862;0,52595600;20,36500000
1,38348862;0,53492840;19,90875000
1,39372862;0,53492840;19,90875000
1,40396862;0,53492840;19,90875000
1,41420862;0,54390080;19,90875000
1,42444862;0,55287330;19,45402000
1,43468862;0,54390080;19,90875000
1,44492862;0,55287330;19,90875000
1,45516862;0,55287330;20,36500000
1,46540862;0,56184580;20,36500000
1,47564862;0,56184580;20,36500000
1,48588862;0,57081820;20,36500000
1,49612862;0,57081820;20,81973000
1,50636862;0,57081820;20,36500000
1,51660862;0,57976010;20,36500000
1,52684862;0,57976010;20,36500000
1,53708862;0,58873250;19,90875000
1,54732862;0,58873250;20,36500000
1,55756862;0,58873250;20,36500000
1,56780862;0,58873250;20,36500000
1,57804862;0,58873250;20,36500000
1,58828862;0,59770500;19,90875000
1,59852862;0,60667750;20,36500000
1,60876862;0,60667750;20,36500000
1,61900862;0,60667750;20,36500000
1,62924862;0,60667750;20,36500000
1,63948862;0,60667750;20,81973000
1,64972862;0,61564990;19,90875000
1,65996862;0,62462230;20,36500000
1,67020862;0,62462230;20,36500000
1,68044862;0,62462230;20,36500000
1,69068862;0,63359480;20,36500000
1,70092862;0,63359480;20,36500000
1,71116862;0,63359480;20,36500000
1,72140862;0,64256720;20,36500000
1,73164862;0,64256720;20,36500000
1,74188862;0,64256720;20,36500000
1,75212862;0,64256720;19,90875000
1,76236862;0,66048160;19,90875000
1,77260862;0,66048160;20,36500000
1,78284862;0,66048160;20,81973000
1,79308862;0,66048160;20,36500000
1,80332862;0,66048160;20,36500000
1,81356862;0,66048160;20,36500000
1,82380861;0,66945400;20,36500000
1,83404861;0,66945400;19,90875000
1,84428861;0,66945400;20,81973000
1,85452861;0,66945400;20,36500000
1,86476861;0,67842640;20,36500000
1,87500861;0,67842640;20,36500000
1,88524861;0,67842640;19,90875000
1,89548861;0,67842640;20,36500000
1,90572861;0,68739890;20,81973000
1,91596861;0,69637140;20,81973000
1,92620861;0,69637140;20,36500000
1,93644861;0,69637140;20,36500000
1,94668861;0,70534380;20,36500000
1,95692861;0,70534380;20,36500000
1,96716861;0,69637140;20,36500000
1,97740861;0,70534380;20,81973000
1,98764861;0,70534380;20,81973000
1,99788861;0,71431620;20,36500000
2,00812861;0,71431620;20,81973000
2,01836861;0,71431620;20,36500000
2,02860861;0,71431620;20,36500000
2,03884861;0,72328870;20,81973000
2,04908861;0,71431620;20,81973000
2,05932861;0,72328870;20,36500000
2,06956861;0,73226110;20,36500000
2,07980861;0,73226110;20,81973000
2,09004861;0,73226110;19,90875000
2,10028861;0,73226110;20,36500000
2,11052861;0,73226110;20,36500000
2,12076861;0,73226110;20,36500000
2,13100861;0,73226110;20,36500000
2,14124861;0,74120300;20,36500000
2,15148861;0,75017550;20,36500000
2,16172861;0,75017550;20,81973000
2,17196861;0,75017550;20,36500000
2,18220861;0,75017550;20,81973000
2,19244861;0,75017550;20,36500000
2,20268861;0,75017550;20,36500000
2,21292861;0,75017550;20,81973000
2,22316861;0,75017550;20,36500000
2,23340861;0,75914790;20,81973000
2,24364861;0,75914790;20,36500000
2,25388861;0,76812030;20,81973000
2,26412861;0,76812030;20,36500000
2,27436861;0,76812030;20,81973000
2,28460861;0,76812030;20,81973000
2,29484861;0,76812030;20,36500000
2,30508861;0,76812030;20,81973000
2,31532861;0,77709280;20,36500000
2,32556861;0,77709280;20,36500000
2,33580861;0,78606520;20,36500000
2,34604861;0,78606520;20,81973000
2,35628861;0,77709280;20,81973000
2,36652861;0,78606520;20,81973000
2,37676861;0,78606520;20,36500000
2,38700861;0,77709280;20,36500000
2,39724861;0,78606520;20,81973000
2,40748861;0,78606520;20,36500000
2,41772861;0,78606520;20,81973000
2,42796861;0,78606520;20,36500000
2,43820861;0,78606520;20,36500000
2,44844861;0,80401020;20,81973000
2,45868861;0,79503770;20,81973000
2,46892861;0,79503770;20,36500000
2,47916861;0,80401020;20,81973000
2,48940861;0,80401020;20,36500000
2,49964861;0,80401020;20,36500000
2,50988861;0,80401020;20,36500000
2,52012861;0,80401020;20,36500000
2,53036861;0,80401020;20,36500000
2,54060861;0,81298260;20,36500000
2,55084861;0,81298260;20,36500000
2,56108861;0,81298260;20,36500000
2,57132861;0,81298260;20,81973000
2,58156861;0,81298260;20,36500000
2,59180861;0,82192450;20,81973000
2,60204861;0,82192450;20,36500000
2,61228861;0,82192450;20,81973000
2,62252861;0,82192450;20,36500000
2,63276861;0,82192450;20,36500000
2,64300861;0,82192450;20,81973000
2,65324861;0,82192450;20,36500000
2,66348861;0,82192450;21,27445000
2,67372861;0,82192450;20,36500000
2,68396861;0,82192450;20,81973000
2,69420861;0,82192450;20,81973000
2,70444861;0,82192450;20,81973000
2,71468861;0,82192450;20,81973000
2,72492861;0,83089690;20,36500000
2,73516861;0,83089690;20,81973000
2,74540861;0,83986940;20,81973000
2,75564861;0,83089690;20,81973000
2,76588861;0,83986940;20,36500000
2,77612861;0,83986940;20,36500000
2,78636861;0,83986940;20,36500000
2,79660861;0,83986940;20,81973000
2,80684861;0,83986940;20,36500000
2,81708861;0,83986940;20,81973000
2,82732861;0,83986940;20,36500000
2,83756861;0,83986940;20,81973000
2,84780861;0,83986940;20,36500000
2,85804861;0,83986940;20,36500000
2,86828861;0,83986940;20,36500000
2,87852861;0,83986940;20,36500000
2,88876861;0,83986940;20,81973000
2,89900861;0,83986940;20,81973000
2,90924861;0,83986940;20,36500000
2,91948861;0,83986940;20,36500000
2,92972861;0,83986940;20,81973000
2,93996861;0,83986940;20,36500000
2,95020861;0,84884180;20,36500000
2,96044861;0,84884180;20,36500000
2,97068861;0,84884180;20,36500000
2,98092861;0,85781430;20,81973000
2,99116861;0,84884180;20,36500000
3,00140861;0,84884180;20,36500000
3,01164861;0,84884180;20,36500000
3,02188861;0,84884180;20,36500000
3,03212861;0,84884180;20,36500000
3,04236861;0,85781430;20,36500000
3,05260861;0,85781430;20,81973000
3,06284861;0,84884180;20,81973000
3,07308861;0,84884180;20,81973000
3,08332861;0,83986940;20,36500000
3,09356861;0,84884180;20,81973000
3,10380861;0,85781430;20,81973000
3,11404861;0,84884180;20,81973000
3,12428861;0,85781430;20,81973000
3,13452861;0,84884180;20,36500000
3,14476861;0,85781430;20,81973000
3,15500861;0,84884180;20,36500000
3,16524861;0,85781430;20,36500000
3,17548861;0,84884180;20,36500000
3,18572861;0,84884180;20,81973000
3,19596861;0,84884180;20,36500000
3,20620861;0,85781430;20,81973000
3,21644861;0,85781430;20,81973000
3,22668861;0,84884180;20,36500000
3,23692861;0,84884180;20,36500000
3,24716861;0,84884180;20,36500000
3,25740861;0,84884180;20,81973000
3,26764861;0,84884180;20,36500000
3,27788861;0,84884180;20,36500000
3,28812861;0,84884180;20,36500000
3,29836861;0,84884180;20,36500000
3,30860861;0,84884180;20,81973000
3,31884861;0,84884180;20,36500000
3,32908861;0,84884180;20,81973000
3,33932861;0,84884180;20,81973000
3,34956861;0,84884180;20,36500000
3,35980861;0,84884180;19,90875000
3,37004861;0,83986940;20,81973000
3,38028861;0,84884180;20,81973000
3,39052861;0,83986940;20,81973000
3,40076861;0,83986940;20,36500000
3,41100861;0,84884180;20,81973000
3,42124861;0,83986940;20,36500000
3,43148861;0,83986940;20,81973000
3,44172861;0,83986940;20,36500000
3,45196861;0,83986940;20,36500000
3,46220861;0,84884180;20,81973000
3,47244860;0,83986940;20,36500000
3,48268860;0,83986940;20,36500000
3,49292860;0,83986940;20,36500000
3,50316860;0,83986940;20,36500000
3,51340860;0,83986940;20,36500000
3,52364860;0,83986940;20,81973000
3,53388860;0,83986940;20,36500000
3,54412860;0,83986940;20,81973000
3,55436860;0,83089690;20,36500000
3,56460860;0,83089690;20,36500000
3,57484860;0,82192450;19,90875000
3,58508860;0,83089690;19,90875000
3,59532860;0,83089690;20,81973000
3,60556860;0,83986940;20,36500000
3,61580860;0,83089690;20,36500000
3,62604860;0,82192450;20,36500000
3,63628860;0,82192450;19,90875000
3,64652860;0,82192450;20,81973000
3,65676860;0,82192450;20,36500000
3,66700860;0,82192450;20,36500000
3,67724860;0,82192450;20,36500000
3,68748860;0,82192450;20,36500000
3,69772860;0,82192450;20,36500000
3,70796860;0,82192450;20,81973000
3,71820860;0,82192450;20,36500000
3,72844860;0,82192450;20,36500000
3,73868860;0,82192450;20,36500000
3,74892860;0,82192450;20,36500000
3,75916860;0,81298260;20,36500000
3,76940860;0,80401020;19,90875000
3,77964860;0,80401020;20,36500000
3,78988860;0,80401020;20,36500000
3,80012860;0,80401020;19,90875000
3,81036860;0,80401020;20,36500000
3,82060860;0,80401020;19,90875000
3,83084860;0,80401020;19,90875000
3,84108860;0,80401020;20,36500000
3,85132860;0,80401020;20,36500000
3,86156860;0,79503770;19,90875000
3,87180860;0,79503770;20,36500000
3,88204860;0,79503770;20,36500000
3,89228860;0,79503770;19,90875000
3,90252860;0,79503770;20,36500000
3,91276860;0,78606520;19,90875000
3,92300860;0,78606520;19,90875000
3,93324860;0,78606520;20,36500000
3,94348860;0,78606520;19,90875000
3,95372860;0,78606520;19,90875000
3,96396860;0,78606520;20,36500000
3,97420860;0,78606520;19,90875000
3,98444860;0,77709280;19,90875000
3,99468860;0,77709280;20,36500000
4,00492860;0,77709280;19,90875000
4,01516860;0,76812030;20,36500000
4,02540860;0,76812030;19,90875000
4,03564860;0,76812030;19,90875000
4,04588860;0,76812030;20,36500000
4,05612860;0,75914790;20,36500000
4,06636860;0,76812030;19,45402000
4,07660860;0,75914790;19,45402000
4,08684860;0,75914790;19,90875000
4,09708860;0,76812030;19,90875000
4,10732860;0,75914790;19,90875000
4,11756860;0,75017550;19,90875000
4,12780860;0,75017550;19,45402000
4,13804860;0,75017550;20,36500000
4,14828860;0,75017550;19,90875000
4,15852860;0,75017550;19,90875000
4,16876860;0,74120300;19,90875000
4,17900860;0,74120300;19,90875000
4,18924860;0,74120300;19,90875000
4,19948860;0,73226110;19,90875000
4,20972860;0,74120300;19,45402000
4,21996860;0,73226110;20,36500000
4,23020860;0,73226110;19,45402000
4,24044860;0,73226110;19,90875000
4,25068860;0,73226110;20,36500000
4,26092860;0,72328870;19,90875000
4,27116860;0,73226110;19,90875000
4,28140860;0,71431620;19,90875000
4,29164860;0,71431620;20,36500000
4,30188860;0,71431620;19,90875000
4,31212860;0,71431620;19,90875000
4,32236860;0,70534380;19,90875000
4,33260860;0,70534380;19,45402000
4,34284860;0,71431620;19,90875000
4,35308860;0,70534380;19,45402000
4,36332860;0,69637140;19,45402000
4,37356860;0,69637140;19,90875000
4,38380860;0,69637140;19,45402000
4,39404860;0,69637140;18,99930000
4,40428860;0,68739890;19,45402000
4,41452860;0,67842640;19,45402000
4,42476860;0,68739890;19,90875000
4,43500860;0,68739890;19,45402000
4,44524860;0,67842640;19,45402000
4,45548860;0,67842640;19,90875000
4,46572860;0,67842640;19,90875000
4,47596860;0,66945400;19,90875000
4,48620860;0,66945400;19,90875000
4,49644860;0,66945400;18,99930000
4,50668860;0,66048160;19,45402000
4,51692860;0,66048160;19,90875000
4,52716860;0,66048160;19,45402000
4,53740860;0,66048160;19,45402000
4,54764860;0,66048160;19,45402000
4,55788860;0,66048160;18,99930000
4,56812860;0,64256720;19,90875000
4,57836860;0,64256720;19,45402000
4,58860860;0,64256720;19,45402000
4,59884860;0,64256720;19,45402000
4,60908860;0,64256720;18,99930000
4,61932860;0,62462230;19,45402000
4,62956860;0,63359480;18,99930000
4,63980860;0,62462230;19,45402000
4,65004860;0,62462230;18,99930000
4,66028860;0,61564990;19,90875000
4,67052860;0,61564990;19,90875000
4,68076860;0,60667750;18,99930000
4,69100860;0,60667750;18,99930000
4,70124860;0,60667750;18,99930000
4,71148860;0,60667750;19,45402000
4,72172860;0,60667750;18,99930000
4,73196860;0,59770500;19,45402000
4,74220860;0,59770500;19,90875000
4,75244860;0,58873250;18,99930000
4,76268860;0,58873250;19,45402000
4,77292860;0,58873250;18,99930000
4,78316860;0,58873250;18,99930000
4,79340860;0,57976010;19,45402000
4,80364860;0,57081820;18,99930000
4,81388860;0,57081820;18,99930000
4,82412860;0,57081820;18,99930000
4,83436860;0,57081820;18,99930000
4,84460860;0,57081820;18,99930000
4,85484860;0,56184580;18,99930000
4,86508860;0,56184580;18,99930000
4,87532860;0,55287330;18,08832000
4,88556860;0,55287330;18,99930000
4,89580860;0,54390080;19,45402000
4,90604860;0,54390080;18,99930000
4,91628860;0,53492840;18,99930000
4,92652860;0,53492840;19,45402000
4,93676860;0,53492840;18,54457000
4,94700860;0,52595600;18,54457000
4,95724860;0,53492840;18,99930000
4,96748860;0,52595600;18,54457000
4,97772860;0,51698360;18,54457000
4,98796860;0,51698360;18,99930000
4,99820860;0,51698360;18,54457000
5,00844860;0,51698360;18,54457000
5,01868860;0,50801110;18,54457000
5,02892860;0,49903870;18,54457000
5,03916860;0,49903870;18,54457000
5,04940860;0,49903870;18,54457000
5,05964860;0,49903870;18,99930000
5,06988860;0,49006620;18,54457000
5,08012860;0,48112430;18,54457000
5,09036860;0,48112430;18,54457000
5,10060860;0,48112430;18,08832000
5,11084859;0,47215180;18,54457000
5,12108859;0,46317940;18,08832000
5,13132859;0,47215180;18,54457000
5,14156859;0,46317940;18,54457000
5,15180859;0,45420700;18,54457000
5,16204859;0,45420700;18,54457000
5,17228859;0,45420700;18,54457000
5,18252859;0,45420700;18,08832000
5,19276859;0,44523450;18,08832000
5,20300859;0,44523450;18,08832000
5,21324859;0,44523450;18,08832000
5,22348859;0,42728970;18,08832000
5,23372859;0,42728970;17,63359000
5,24396859;0,42728970;18,54457000
5,25420859;0,42728970;18,54457000
5,26444859;0,42728970;18,08832000
5,27468859;0,42728970;18,08832000
5,28492859;0,41831720;18,08832000
5,29516859;0,40934480;18,08832000
5,30540859;0,40934480;18,08832000
5,31564859;0,40040280;18,08832000
5,32588859;0,39143040;17,63359000
5,33612859;0,39143040;18,08832000
5,34636859;0,39143040;17,63359000
5,35660859;0,38245800;17,63359000
5,36684859;0,38245800;18,08832000
5,37708859;0,37348550;17,63359000
5,38732859;0,37348550;17,63359000
5,39756859;0,37348550;18,08832000
5,40780859;0,35554060;17,17887000
5,41804859;0,35554060;17,63359000
5,42828859;0,35554060;17,17887000
5,43852859;0,35554060;17,17887000
5,44876859;0,34656820;17,17887000
5,45900859;0,34656820;17,17887000
5,46924859;0,34656820;17,17887000
5,47948859;0,33759580;17,17887000
5,48972859;0,32862330;17,17887000
5,49996859;0,32862330;17,63359000
5,51020859;0,31968140;17,17887000
5,52044859;0,31968140;17,17887000
5,53068859;0,31968140;17,17887000
5,54092859;0,31968140;17,63359000
5,55116859;0,31070890;17,17887000
5,56140859;0,30173650;17,17887000
5,57164859;0,30173650;17,17887000
5,58188859;0,30173650;16,72414000
5,59212859;0,28379160;17,17887000
5,60236859;0,28379160;16,72414000
5,61260859;0,28379160;16,72414000
5,62284859;0,28379160;16,72414000
5,63308859;0,27481920;16,72414000
5,64332859;0,27481920;16,72414000
5,65356859;0,26584670;16,72414000
5,66380859;0,26584670;16,72414000
5,67404859;0,26584670;16,72414000
5,68428859;0,25687430;16,72414000
5,69452859;0,24790190;16,26789000
5,70476859;0,24790190;16,72414000
5,71500859;0,24790190;16,26789000
5,72524859;0,23895990;16,72414000
5,73548859;0,22998750;16,26789000
5,74572859;0,22998750;16,26789000
5,75596859;0,22101510;16,26789000
5,76620859;0,22998750;16,26789000
5,77644859;0,21204260;16,26789000
5,78668859;0,21204260;16,26789000
5,79692859;0,21204260;16,26789000
5,80716859;0,21204260;15,81317000
5,81740859;0,20307020;16,26789000
5,82764859;0,20307020;15,81317000
5,83788859;0,19409770;16,26789000
5,84812859;0,19409770;16,26789000
5,85836859;0,18512530;15,35844000
5,86860859;0,17615280;15,35844000
5,87884859;0,17615280;15,81317000
5,88908859;0,17615280;15,35844000
5,89932859;0,16718040;15,35844000
5,90956859;0,15823850;15,35844000
5,91980859;0,15823850;15,35844000
5,93004859;0,15823850;15,35844000
5,94028859;0,15823850;15,35844000
5,95052859;0,14029360;15,35844000
5,96076859;0,14029360;15,35844000
5,97100859;0,14029360;14,90371000
5,98124859;0,13132110;14,90371000
5,99148859;0,12234870;14,90371000
6,00172859;0,12234870;14,90371000
6,01196859;0,12234870;14,90371000
6,02220859;0,12234870;14,44746000
6,03244859;0,10440380;14,90371000
6,04268859;0,10440380;14,90371000
6,05292859;0,10440380;14,90371000
6,06316859;0,09543138;14,90371000
6,07340859;0,08645894;14,44746000
6,08364859;0,09543138;14,44746000
6,09388859;0,08645894;14,44746000
6,10412859;0,08645894;13,53801000
6,11436859;0,07751702;13,53801000
6,12460859;0,06854457;13,53801000
6,13484859;0,06854457;13,53801000
6,14508859;0,05957213;13,99274000
6,15532859;0,05957213;13,08328000
6,16556859;0,05957213;13,08328000
6,17580859;0,05059969;13,53801000
6,18604859;0,04162725;13,08328000
6,19628859;0,03265481;13,08328000
6,20652859;0,03265481;12,62703000
6,21676859;0,03265481;13,08328000
6,22700859;0,03265481;13,08328000
6,23724859;0,02368236;12,17231000
6,24748859;0,01470992;12,62703000
6,25772859;0,01470992;12,62703000
6,26796859;0,01470992;11,71758000
6,27820859;-0,00320444;11,26286000
6,28844859;-0,00320444;11,26286000
6,29868859;-0,00320444;10,35188000
6,30892859;-0,00320444;10,80660000
6,31916859;-0,01214637;10,35188000
6,32940859;-0,01214637;8,53144900
6,33964859;-0,02111881;1,25125900
6,34988859;-0,02111881;-22,41432000
6,36012859;-0,03009125;-32,42744000
6,37036859;-0,03009125;-26,96615000
6,38060859;-0,03009125;-26,50990000
6,39084859;-0,03906369;-27,42088000
6,40108859;-0,03906369;-28,33033000
6,41132859;-0,05700858;-27,87561000
6,42156859;-0,05700858;-28,33033000
6,43180859;-0,05700858;-28,33033000
6,44204859;-0,07495346;-27,87561000
6,45228859;-0,07495346;-28,33033000
6,46252859;-0,07495346;-28,78658000
6,47276859;-0,08392590;-29,24131000
6,48300859;-0,08392590;-28,33033000
6,49324859;-0,09286782;-28,78658000
6,50348859;-0,09286782;-28,78658000
6,51372859;-0,09286782;-28,78658000
6,52396859;-0,10184030;-28,78658000
6,53420859;-0,10184030;-29,24131000
6,54444859;-0,11081270;-29,24131000
6,55468859;-0,11081270;-28,78658000
6,56492859;-0,11978520;-29,24131000
6,57516859;-0,11978520;-29,24131000
6,58540859;-0,12875760;-29,69603000
6,59564859;-0,12875760;-30,15076000
6,60588859;-0,12875760;-29,69603000
6,61612859;-0,14670250;-30,15076000
6,62636859;-0,14670250;-29,69603000
6,63660859;-0,14670250;-30,15076000
6,64684859;-0,14670250;-30,15076000
6,65708859;-0,15567490;-30,15076000
6,66732859;-0,15567490;-30,60701000
6,67756859;-0,16464740;-29,69603000
6,68780859;-0,16464740;-30,15076000
6,69804859;-0,17358930;-30,15076000
6,70828859;-0,18256170;-30,15076000
6,71852859;-0,18256170;-30,15076000
6,72876859;-0,18256170;-30,15076000
6,73900859;-0,18256170;-30,60701000
6,74924859;-0,19153420;-30,60701000
6,75948858;-0,20050660;-30,60701000
6,76972858;-0,20050660;-30,60701000
6,77996858;-0,20050660;-31,06174000
6,79020858;-0,21845150;-30,60701000
6,80044858;-0,21845150;-30,60701000
6,81068858;-0,21845150;-31,06174000
6,82092858;-0,21845150;-31,06174000
6,83116858;-0,21845150;-31,06174000
6,84140858;-0,22742390;-31,06174000
6,85164858;-0,23639640;-31,06174000
6,86188858;-0,23639640;-31,06174000
6,87212858;-0,24536880;-31,51646000
6,88236858;-0,24536880;-31,51646000
6,89260858;-0,25431070;-31,51646000
6,90284858;-0,25431070;-30,60701000
6,91308858;-0,26328320;-31,51646000
6,92332858;-0,26328320;-31,06174000
6,93356858;-0,27225560;-31,51646000
6,94380858;-0,27225560;-31,06174000
6,95404858;-0,27225560;-31,51646000
6,96428858;-0,28122810;-31,97119000
6,97452858;-0,29020050;-31,51646000
6,98476858;-0,29020050;-31,51646000
6,99500858;-0,29020050;-31,51646000
7,00524858;-0,29020050;-31,51646000
7,01548858;-0,29917290;-31,97119000
7,02572858;-0,30814540;-31,51646000
7,03596858;-0,30814540;-31,97119000
7,04620858;-0,30814540;-32,42744000
7,05644858;-0,30814540;-31,97119000
7,06668858;-0,32609030;-31,97119000
7,07692858;-0,32609030;-31,97119000
7,08716858;-0,32609030;-31,97119000
7,09740858;-0,32609030;-32,42744000
7,10764858;-0,34400460;-32,42744000
7,11788858;-0,33503220;-32,42744000
7,12812858;-0,34400460;-31,51646000
7,13836858;-0,34400460;-31,97119000
7,14860858;-0,36194950;-32,42744000
7,15884858;-0,36194950;-32,42744000
7,16908858;-0,36194950;-31,97119000
7,17932858;-0,36194950;-31,97119000
7,18956858;-0,36194950;-32,42744000
7,19980858;-0,37092200;-31,97119000
7,21004858;-0,37989440;-32,42744000
7,22028858;-0,37989440;-31,51646000
7,23052858;-0,37989440;-32,42744000
7,24076858;-0,37989440;-31,97119000
7,25100858;-0,39783930;-33,33689000
7,26124858;-0,39783930;-32,42744000
7,27148858;-0,39783930;-31,97119000
7,28172858;-0,39783930;-32,42744000
7,29196858;-0,40681170;-32,42744000
7,30220858;-0,41575370;-32,42744000
7,31244858;-0,41575370;-32,42744000
7,32268858;-0,41575370;-32,42744000
7,33292858;-0,41575370;-32,42744000
7,34316858;-0,43369850;-31,97119000
7,35340858;-0,43369850;-32,88217000
7,36364858;-0,43369850;-32,42744000
7,37388858;-0,43369850;-32,42744000
7,38412858;-0,44267100;-32,42744000
7,39436858;-0,44267100;-32,88217000
7,40460858;-0,45164340;-33,33689000
7,41484858;-0,45164340;-32,88217000
7,42508858;-0,46061590;-31,97119000
7,43532858;-0,46061590;-32,42744000
7,44556858;-0,45164340;-32,42744000
7,45580858;-0,46958830;-32,42744000
7,46604858;-0,46958830;-32,42744000
7,47628858;-0,46958830;-32,88217000
7,48652858;-0,47856070;-32,88217000
7,49676858;-0,48753320;-32,88217000
7,50700858;-0,48753320;-32,88217000
7,51724858;-0,48753320;-32,88217000
7,52748858;-0,48753320;-33,33689000
7,53772858;-0,48753320;-33,33689000
7,54796858;-0,50544760;-32,88217000
7,55820858;-0,50544760;-32,42744000
7,56844858;-0,50544760;-32,88217000
7,57868858;-0,50544760;-32,88217000
7,58892858;-0,50544760;-32,88217000
7,59916858;-0,51442000;-33,33689000
7,60940858;-0,51442000;-33,33689000
7,61964858;-0,52339240;-33,33689000
7,62988858;-0,53236490;-33,33689000
7,64012858;-0,54133730;-33,33689000
7,65036858;-0,53236490;-33,79162000
7,66060858;-0,54133730;-32,88217000
7,67084858;-0,54133730;-33,79162000
7,68108858;-0,54133730;-33,79162000
7,69132858;-0,54133730;-32,88217000
7,70156858;-0,54133730;-32,88217000
7,71180858;-0,55928220;-33,33689000
7,72204858;-0,55928220;-33,33689000
7,73228858;-0,55928220;-33,33689000
7,74252858;-0,55928220;-33,33689000
7,75276858;-0,55928220;-33,33689000
7,76300858;-0,56825460;-32,88217000
7,77324858;-0,57722710;-32,88217000
7,78348858;-0,57722710;-32,88217000
7,79372858;-0,57722710;-33,79162000
7,80396858;-0,57722710;-32,42744000
7,81420858;-0,57722710;-33,79162000
7,82444858;-0,58616900;-33,33689000
7,83468858;-0,59514150;-32,88217000
7,84492858;-0,59514150;-32,88217000
7,85516858;-0,59514150;-33,33689000
7,86540858;-0,59514150;-32,88217000
7,87564858;-0,59514150;-32,88217000
7,88588858;-0,61308630;-33,79162000
7,89612858;-0,61308630;-33,79162000
7,90636858;-0,61308630;-33,79162000
7,91660858;-0,61308630;-32,88217000
7,92684858;-0,62205870;-33,79162000
7,93708858;-0,62205870;-33,33689000
7,94732858;-0,63103120;-33,79162000
7,95756858;-0,63103120;-33,79162000
7,96780858;-0,63103120;-33,79162000
7,97804858;-0,63103120;-33,79162000
7,98828858;-0,63103120;-33,79162000
7,99852858;-0,64000370;-33,79162000
8,00876858;-0,64897610;-33,33689000
8,01900858;-0,64897610;-33,79162000
8,02924858;-0,65794860;-33,33689000
8,03948858;-0,64897610;-33,33689000
8,04972858;-0,64897610;-33,79162000
8,05996858;-0,64897610;-33,33689000
8,07020858;-0,65794860;-33,79162000
8,08044858;-0,65794860;-33,79162000
8,09068858;-0,66689040;-33,79162000
8,10092858;-0,66689040;-33,79162000
8,11116858;-0,67586290;-33,79162000
8,12140858;-0,68483540;-33,79162000
8,13164858;-0,67586290;-32,88217000
8,14188858;-0,67586290;-33,79162000
8,15212858;-0,68483540;-33,33689000
8,16236858;-0,68483540;-33,79162000
8,17260858;-0,68483540;-33,33689000
8,18284858;-0,68483540;-34,24787000
8,19308858;-0,69380780;-33,79162000
8,20332858;-0,69380780;-33,79162000
8,21356858;-0,70278020;-34,70260000
8,22380858;-0,70278020;-33,79162000
8,23404858;-0,70278020;-33,79162000
8,24428858;-0,70278020;-33,33689000
8,25452858;-0,70278020;-33,79162000
8,26476858;-0,70278020;-33,33689000
8,27500858;-0,70278020;-33,79162000
8,28524858;-0,72072510;-33,79162000
8,29548858;-0,72072510;-33,79162000
8,30572858;-0,72072510;-33,79162000
8,31596858;-0,72072510;-33,79162000
8,32620858;-0,72072510;-33,79162000
8,33644858;-0,72072510;-33,79162000
8,34668858;-0,72969760;-34,24787000
8,35692858;-0,72969760;-33,33689000
8,36716858;-0,72072510;-32,88217000
8,37740858;-0,72969760;-32,88217000
8,38764858;-0,73867000;-33,79162000
8,39788858;-0,73867000;-33,79162000
8,40812857;-0,73867000;-33,79162000
8,41836857;-0,73867000;-33,79162000
8,42860857;-0,73867000;-33,33689000
8,43884857;-0,74761190;-33,79162000
8,44908857;-0,74761190;-33,79162000
8,45932857;-0,75658430;-33,79162000
8,46956857;-0,75658430;-33,79162000
8,47980857;-0,75658430;-34,24787000
8,49004857;-0,75658430;-33,79162000
8,50028857;-0,75658430;-33,79162000
8,51052857;-0,75658430;-33,79162000
8,52076857;-0,76555680;-33,79162000
8,53100857;-0,76555680;-33,79162000
8,54124857;-0,75658430;-33,79162000
8,55148857;-0,76555680;-33,79162000
8,56172857;-0,76555680;-33,79162000
8,57196857;-0,77452930;-33,79162000
8,58220857;-0,77452930;-33,79162000
8,59244857;-0,77452930;-33,79162000
8,60268857;-0,77452930;-33,79162000
8,61292857;-0,77452930;-33,79162000
8,62316857;-0,78350170;-34,24787000
8,63340857;-0,77452930;-33,79162000
8,64364857;-0,79247420;-33,79162000
8,65388857;-0,78350170;-33,79162000
8,66412857;-0,79247420;-33,79162000
8,67436857;-0,79247420;-33,79162000
8,68460857;-0,79247420;-33,79162000
8,69484857;-0,79247420;-33,79162000
8,70508857;-0,79247420;-33,79162000
8,71532857;-0,79247420;-33,79162000
8,72556857;-0,79247420;-33,79162000
8,73580857;-0,79247420;-33,79162000
8,74604857;-0,79247420;-33,79162000
8,75628857;-0,80144660;-33,79162000
8,76652857;-0,79247420;-33,79162000
8,77676857;-0,80144660;-33,33689000
8,78700857;-0,81041900;-34,24787000
8,79724857;-0,81041900;-33,79162000
8,80748857;-0,81041900;-33,33689000
8,81772857;-0,81041900;-33,79162000
8,82796857;-0,81041900;-33,79162000
8,83820857;-0,81041900;-33,79162000
8,84844857;-0,81041900;-33,79162000
8,85868857;-0,81041900;-33,79162000
8,86892857;-0,80144660;-33,33689000
8,87916857;-0,81939150;-33,79162000
8,88940857;-0,81939150;-34,24787000
8,89964857;-0,81939150;-33,79162000
8,90988857;-0,82833340;-33,79162000
8,92012857;-0,81939150;-33,79162000
8,93036857;-0,81939150;-33,79162000
8,94060857;-0,82833340;-33,33689000
8,95084857;-0,82833340;-33,79162000
8,96108857;-0,81939150;-33,33689000
8,97132857;-0,82833340;-33,79162000
8,98156857;-0,82833340;-33,79162000
8,99180857;-0,82833340;-33,33689000
9,00204857;-0,82833340;-33,79162000
9,01228857;-0,82833340;-33,79162000
9,02252857;-0,82833340;-34,24787000
9,03276857;-0,82833340;-33,79162000
9,04300857;-0,82833340;-33,79162000
9,05324857;-0,82833340;-33,79162000
9,06348857;-0,82833340;-33,79162000
9,07372857;-0,82833340;-33,79162000
9,08396857;-0,83730580;-33,79162000
9,09420857;-0,82833340;-33,33689000
9,10444857;-0,83730580;-33,79162000
9,11468857;-0,84627830;-33,79162000
9,12492857;-0,84627830;-34,24787000
9,13516857;-0,84627830;-34,24787000
9,14540857;-0,83730580;-33,79162000
9,15564857;-0,82833340;-33,79162000
9,16588857;-0,82833340;-33,33689000
9,17612857;-0,83730580;-33,33689000
9,18636857;-0,84627830;-34,24787000
9,19660857;-0,84627830;-33,79162000
9,20684857;-0,83730580;-33,79162000
9,21708857;-0,84627830;-33,79162000
9,22732857;-0,83730580;-33,79162000
9,23756857;-0,84627830;-33,79162000
9,24780857;-0,83730580;-33,79162000
9,25804857;-0,84627830;-33,79162000
9,26828857;-0,84627830;-33,79162000
9,27852857;-0,84627830;-34,24787000
9,28876857;-0,84627830;-33,79162000
9,29900857;-0,84627830;-33,79162000
9,30924857;-0,84627830;-33,33689000
9,31948857;-0,84627830;-33,79162000
9,32972857;-0,83730580;-33,33689000
9,33996857;-0,84627830;-32,88217000
9,35020857;-0,84627830;-34,24787000
9,36044857;-0,84627830;-33,79162000
9,37068857;-0,84627830;-33,79162000
9,38092857;-0,84627830;-33,79162000
9,39116857;-0,84627830;-33,79162000
9,40140857;-0,84627830;-33,79162000
9,41164857;-0,84627830;-33,79162000
9,42188857;-0,84627830;-33,79162000
9,43212857;-0,84627830;-33,79162000
9,44236857;-0,84627830;-33,79162000
9,45260857;-0,84627830;-33,79162000
9,46284857;-0,84627830;-33,79162000
9,47308857;-0,84627830;-33,79162000
9,48332857;-0,84627830;-33,79162000
9,49356857;-0,83730580;-33,79162000
9,50380857;-0,84627830;-33,33689000
9,51404857;-0,84627830;-33,79162000
9,52428857;-0,84627830;-33,33689000
9,53452857;-0,84627830;-33,79162000
9,54476857;-0,84627830;-33,79162000
9,55500857;-0,84627830;-33,33689000
9,56524857;-0,84627830;-33,79162000
9,57548857;-0,83730580;-33,33689000
9,58572857;-0,84627830;-33,79162000
9,59596857;-0,84627830;-33,79162000
9,60620857;-0,84627830;-33,79162000
9,61644857;-0,83730580;-32,88217000
9,62668857;-0,83730580;-33,79162000
9,63692857;-0,83730580;-33,79162000
9,64716857;-0,83730580;-34,24787000
9,65740857;-0,84627830;-33,33689000
9,66764857;-0,83730580;-33,33689000
9,67788857;-0,82833340;-33,33689000
9,68812857;-0,83730580;-33,33689000
9,69836857;-0,83730580;-33,79162000
9,70860857;-0,82833340;-33,79162000
9,71884857;-0,83730580;-33,33689000
9,72908857;-0,82833340;-33,79162000
9,73932857;-0,82833340;-33,33689000
9,74956857;-0,82833340;-33,33689000
9,75980857;-0,83730580;-33,33689000
9,77004857;-0,82833340;-33,33689000
9,78028857;-0,82833340;-33,79162000
9,79052857;-0,82833340;-33,33689000
9,80076857;-0,82833340;-33,33689000
9,81100857;-0,82833340;-33,33689000
9,82124857;-0,82833340;-33,33689000
9,83148857;-0,82833340;-33,79162000
9,84172857;-0,82833340;-33,33689000
9,85196857;-0,82833340;-33,79162000
9,86220857;-0,82833340;-33,79162000
9,87244857;-0,81939150;-32,88217000
9,88268857;-0,82833340;-33,79162000
9,89292857;-0,82833340;-33,33689000
9,90316857;-0,81939150;-32,88217000
9,91340857;-0,81939150;-33,79162000
9,92364857;-0,81939150;-32,88217000
9,93388857;-0,81041900;-33,79162000
9,94412857;-0,81041900;-33,79162000
9,95436857;-0,81041900;-33,33689000
9,96460857;-0,81939150;-33,79162000
9,97484857;-0,81041900;-33,79162000
9,98508857;-0,81041900;-33,33689000
9,99532857;-0,80144660;-32,88217000
10,00556857;-0,81041900;-32,88217000
10,01580857;-0,80144660;-33,33689000
10,02604857;-0,80144660;-33,79162000
10,03628857;-0,80144660;-33,33689000
10,04652856;-0,80144660;-33,79162000
10,05676856;-0,80144660;-33,33689000
10,06700856;-0,80144660;-33,33689000
10,07724856;-0,79247420;-33,33689000
10,08748856;-0,79247420;-32,88217000
10,09772856;-0,79247420;-33,79162000
10,10796856;-0,79247420;-33,33689000
10,11820856;-0,79247420;-33,33689000
10,12844856;-0,79247420;-32,88217000
10,13868856;-0,79247420;-32,88217000
10,14892856;-0,79247420;-33,33689000
10,15916856;-0,78350170;-33,79162000
10,16940856;-0,78350170;-32,88217000
10,17964856;-0,77452930;-32,88217000
10,18988856;-0,77452930;-33,33689000
10,20012856;-0,77452930;-32,88217000
10,21036856;-0,77452930;-33,79162000
10,22060856;-0,77452930;-33,33689000
10,23084856;-0,77452930;-33,33689000
10,24108856;-0,77452930;-32,88217000
10,25132856;-0,76555680;-33,33689000
10,26156856;-0,77452930;-33,33689000
10,27180856;-0,77452930;-32,88217000
10,28204856;-0,76555680;-32,88217000
10,29228856;-0,76555680;-32,88217000
10,30252856;-0,75658430;-33,33689000
10,31276856;-0,75658430;-32,88217000
10,32300856;-0,75658430;-33,79162000
10,33324856;-0,75658430;-33,33689000
10,34348856;-0,75658430;-33,33689000
10,35372856;-0,75658430;-33,79162000
10,36396856;-0,75658430;-32,42744000
10,37420856;-0,75658430;-32,88217000
10,38444856;-0,74761190;-32,88217000
10,39468856;-0,73867000;-32,88217000
10,40492856;-0,73867000;-32,88217000
10,41516856;-0,74761190;-32,88217000
10,42540856;-0,73867000;-32,42744000
10,43564856;-0,72969760;-32,88217000
10,44588856;-0,73867000;-32,88217000
10,45612856;-0,72969760;-32,88217000
10,46636856;-0,72072510;-32,88217000
10,47660856;-0,72072510;-32,88217000
10,48684856;-0,72072510;-33,33689000
10,49708856;-0,72072510;-32,88217000
10,50732856;-0,72072510;-32,88217000
10,51756856;-0,72072510;-32,88217000
10,52780856;-0,72072510;-32,42744000
10,53804856;-0,72072510;-32,88217000
10,54828856;-0,72072510;-32,42744000
10,55852856;-0,70278020;-32,42744000
10,56876856;-0,70278020;-32,42744000
10,57900856;-0,70278020;-32,88217000
10,58924856;-0,70278020;-32,88217000
10,59948856;-0,70278020;-32,42744000
10,60972856;-0,70278020;-32,88217000
10,61996856;-0,70278020;-33,79162000
10,63020856;-0,68483540;-32,88217000
10,64044856;-0,69380780;-32,42744000
10,65068856;-0,68483540;-32,88217000
10,66092856;-0,68483540;-32,42744000
10,67116856;-0,68483540;-32,88217000
10,68140856;-0,68483540;-32,42744000
10,69164856;-0,68483540;-32,88217000
10,70188856;-0,67586290;-32,88217000
10,71212856;-0,66689040;-32,42744000
10,72236856;-0,66689040;-33,33689000
10,73260856;-0,66689040;-32,42744000
10,74284856;-0,66689040;-32,42744000
10,75308856;-0,65794860;-32,88217000
10,76332856;-0,65794860;-32,42744000
10,77356856;-0,64897610;-31,97119000
10,78380856;-0,64897610;-32,42744000
10,79404856;-0,64897610;-32,88217000
10,80428856;-0,64897610;-32,88217000
10,81452856;-0,64897610;-32,88217000
10,82476856;-0,64897610;-32,42744000
10,83500856;-0,63103120;-32,42744000
10,84524856;-0,63103120;-32,42744000
10,85548856;-0,63103120;-32,42744000
10,86572856;-0,63103120;-32,42744000
10,87596856;-0,63103120;-32,42744000
10,88620856;-0,62205870;-32,42744000
10,89644856;-0,62205870;-32,88217000
10,90668856;-0,61308630;-31,97119000
10,91692856;-0,61308630;-32,42744000
10,92716856;-0,61308630;-32,88217000
10,93740856;-0,61308630;-32,42744000
10,94764856;-0,60411390;-32,88217000
10,95788856;-0,60411390;-32,88217000
10,96812856;-0,59514150;-32,88217000
10,97836856;-0,59514150;-31,97119000
10,98860856;-0,59514150;-32,42744000
10,99884856;-0,59514150;-31,97119000
11,00908856;-0,58616900;-32,42744000
11,01932856;-0,57722710;-32,42744000
11,02956856;-0,57722710;-31,97119000
11,03980856;-0,57722710;-32,42744000
11,05004856;-0,57722710;-32,42744000
11,06028856;-0,57722710;-32,42744000
11,07052856;-0,55928220;-32,42744000
11,08076856;-0,55928220;-32,42744000
11,09100856;-0,55928220;-32,88217000
11,10124856;-0,55928220;-31,97119000
11,11148856;-0,55030980;-31,97119000
11,12172856;-0,55030980;-31,97119000
11,13196856;-0,55030980;-31,97119000
11,14220856;-0,54133730;-31,97119000
11,15244856;-0,54133730;-31,97119000
11,16268856;-0,54133730;-31,97119000
11,17292856;-0,54133730;-32,42744000
11,18316856;-0,53236490;-31,97119000
11,19340856;-0,53236490;-31,97119000
11,20364856;-0,52339240;-32,42744000
11,21388856;-0,52339240;-31,51646000
11,22412856;-0,52339240;-31,51646000
11,23436856;-0,51442000;-32,42744000
11,24460856;-0,50544760;-31,51646000
11,25484856;-0,50544760;-31,51646000
11,26508856;-0,50544760;-31,51646000
11,27532856;-0,49647510;-31,51646000
11,28556856;-0,49647510;-31,97119000
11,29580856;-0,48753320;-31,97119000
11,30604856;-0,48753320;-31,51646000
11,31628856;-0,47856070;-31,51646000
11,32652856;-0,47856070;-31,97119000
11,33676856;-0,48753320;-31,97119000
11,34700856;-0,46958830;-31,97119000
11,35724856;-0,46958830;-31,51646000
11,36748856;-0,46958830;-31,51646000
11,37772856;-0,46061590;-31,97119000
11,38796856;-0,45164340;-31,97119000
11,39820856;-0,46061590;-31,51646000
11,40844856;-0,45164340;-31,51646000
11,41868856;-0,44267100;-31,51646000
11,42892856;-0,44267100;-31,51646000
11,43916856;-0,44267100;-31,51646000
11,44940856;-0,43369850;-31,51646000
11,45964856;-0,43369850;-31,06174000
11,46988856;-0,43369850;-31,51646000
11,48012856;-0,42472610;-31,51646000
11,49036856;-0,41575370;-31,06174000
11,50060856;-0,41575370;-31,06174000
11,51084856;-0,41575370;-31,97119000
11,52108856;-0,41575370;-31,06174000
11,53132856;-0,41575370;-31,06174000
11,54156856;-0,40681170;-31,06174000
11,55180856;-0,40681170;-31,06174000
11,56204856;-0,39783930;-31,51646000
11,57228856;-0,38886680;-31,51646000
11,58252856;-0,38886680;-31,06174000
11,59276856;-0,37989440;-31,51646000
11,60300856;-0,37989440;-31,06174000
11,61324856;-0,37989440;-31,06174000
11,62348856;-0,37092200;-30,60701000
11,63372856;-0,37092200;-31,06174000
11,64396856;-0,37092200;-31,06174000
11,65420856;-0,36194950;-31,06174000
11,66444856;-0,35297710;-30,60701000
11,67468856;-0,35297710;-31,06174000
11,68492856;-0,35297710;-30,60701000
11,69516855;-0,34400460;-30,60701000
11,70540855;-0,34400460;-31,06174000
11,71564855;-0,34400460;-31,06174000
11,72588855;-0,32609030;-30,60701000
11,73612855;-0,32609030;-31,06174000
11,74636855;-0,32609030;-30,60701000
11,75660855;-0,31711780;-30,60701000
11,76684855;-0,31711780;-30,60701000
11,77708855;-0,30814540;-30,15076000
11,78732855;-0,29917290;-30,15076000
11,79756855;-0,30814540;-30,60701000
11,80780855;-0,29917290;-30,15076000
11,81804855;-0,29917290;-30,60701000
11,82828855;-0,29020050;-30,15076000
11,83852855;-0,29020050;-30,15076000
11,84876855;-0,29020050;-30,15076000
11,85900855;-0,27225560;-30,15076000
11,86924855;-0,28122810;-30,15076000
11,87948855;-0,27225560;-30,15076000
11,88972855;-0,27225560;-30,15076000
11,89996855;-0,26328320;-30,15076000
11,91020855;-0,25431070;-30,15076000
11,92044855;-0,25431070;-30,15076000
11,93068855;-0,25431070;-29,69603000
11,94092855;-0,25431070;-30,15076000
11,95116855;-0,24536880;-30,15076000
11,96140855;-0,24536880;-30,15076000
11,97164855;-0,24536880;-30,15076000
11,98188855;-0,22742390;-29,69603000
11,99212855;-0,22742390;-29,24131000
12,00236855;-0,21845150;-29,24131000
12,01260855;-0,21845150;-29,24131000
12,02284855;-0,21845150;-30,15076000
12,03308855;-0,21845150;-29,24131000
12,04332855;-0,20050660;-28,78658000
12,05356855;-0,20050660;-29,24131000
12,06380855;-0,20050660;-29,69603000
12,07404855;-0,20050660;-29,69603000
12,08428855;-0,18256170;-29,24131000
12,09452855;-0,18256170;-28,78658000
12,10476855;-0,18256170;-28,78658000
12,11500855;-0,17358930;-28,78658000
12,12524855;-0,17358930;-28,33033000
12,13548855;-0,16464740;-28,33033000
12,14572855;-0,16464740;-28,33033000
12,15596855;-0,15567490;-28,33033000
12,16620855;-0,15567490;-28,78658000
12,17644855;-0,15567490;-28,78658000
12,18668855;-0,14670250;-28,78658000
12,19692855;-0,14670250;-28,78658000
12,20716855;-0,12875760;-28,33033000
12,21740855;-0,14670250;-28,33033000
12,22764855;-0,12875760;-28,33033000
12,23788855;-0,11978520;-28,33033000
12,24812855;-0,11081270;-27,87561000
12,25836855;-0,11081270;-27,87561000
12,26860855;-0,11081270;-27,87561000
12,27884855;-0,11081270;-28,33033000
12,28908855;-0,10184030;-28,33033000
12,29932855;-0,09286782;-27,87561000
12,30956855;-0,09286782;-27,42088000
12,31980855;-0,09286782;-27,87561000
12,33004855;-0,09286782;-27,87561000
12,34028855;-0,07495346;-26,96615000
12,35052855;-0,07495346;-27,87561000
12,36076855;-0,07495346;-27,42088000
12,37100855;-0,07495346;-26,96615000
12,38124855;-0,05700858;-26,96615000
12,39148855;-0,05700858;-26,96615000
12,40172855;-0,05700858;-26,96615000
12,41196855;-0,04803614;-26,96615000
12,42220855;-0,03906369;-26,96615000
12,43244855;-0,03906369;-26,96615000
12,44268855;-0,03906369;-26,50990000
12,45292855;-0,03906369;-26,50990000
12,46316855;-0,02111881;-26,50990000
12,47340855;-0,02111881;-26,50990000
12,48364855;-0,02111881;-25,60045000
12,49388855;-0,02111881;-26,50990000
12,50412855;-0,00320444;-25,60045000
12,51436855;-0,00320444;-26,05518000
12,52460855;-0,00320444;-25,14573000
12,53484855;-0,00320444;-25,60045000
12,54508855;0,01470992;-25,14573000
12,55532855;0,01470992;-24,68947000
12,56556855;0,01470992;-24,23475000
12,57580855;0,03265481;-23,78002000
12,58604855;0,02368236;-23,32530000
12,59628855;0,03265481;-21,95959000
12,60652855;0,03265481;-14,22315000
12,61676855;0,03265481;9,89715200
12,62700855;0,04162725;19,45402000
12,63724855;0,04162725;14,44746000
12,64748855;0,05957213;13,08328000
12,65772855;0,05059969;14,44746000
12,66796855;0,06854457;14,90371000
12,67820855;0,06854457;14,44746000
12,68844855;0,06854457;14,90371000
12,69868855;0,06854457;14,90371000
12,70892855;0,08645894;14,90371000
12,71916855;0,08645894;14,90371000
12,72940855;0,08645894;15,35844000
12,73964855;0,08645894;15,35844000
12,74988855;0,09543138;15,35844000
12,76012855;0,10440380;15,35844000
12,77036855;0,10440380;15,35844000
12,78060855;0,11337630;16,26789000
12,79084855;0,11337630;15,81317000
12,80108855;0,12234870;15,81317000
12,81132855;0,12234870;15,81317000
12,82156855;0,13132110;16,26789000
12,83180855;0,13132110;16,26789000
12,84204855;0,13132110;16,72414000
12,85228855;0,14029360;16,72414000
12,86252855;0,14029360;16,26789000
12,87276855;0,14029360;16,72414000
12,88300855;0,14926600;16,26789000
12,89324855;0,15823850;16,72414000
12,90348855;0,15823850;16,72414000
12,91372855;0,15823850;17,17887000
12,92396855;0,16718040;17,17887000
12,93420855;0,16718040;16,72414000
12,94444855;0,17615280;16,72414000
12,95468855;0,17615280;17,17887000
12,96492855;0,18512530;17,17887000
12,97516855;0,18512530;17,17887000
12,98540855;0,19409770;17,17887000
12,99564855;0,19409770;17,17887000
13,00588855;0,20307020;17,17887000
13,01612855;0,21204260;17,17887000
13,02636855;0,21204260;17,63359000
13,03660855;0,21204260;17,17887000
13,04684855;0,21204260;17,17887000
13,05708855;0,21204260;17,63359000
13,06732855;0,22998750;17,63359000
13,07756855;0,22998750;18,08832000
13,08780855;0,22998750;17,63359000
13,09804855;0,23895990;18,08832000
13,10828855;0,24790190;18,08832000
13,11852855;0,24790190;17,63359000
13,12876855;0,24790190;18,08832000
13,13900855;0,25687430;17,63359000
13,14924855;0,25687430;18,08832000
13,15948855;0,26584670;18,08832000
13,16972855;0,26584670;18,08832000
13,17996855;0,26584670;18,08832000
13,19020855;0,28379160;18,08832000
13,20044855;0,28379160;18,54457000
13,21068855;0,28379160;18,08832000
13,22092855;0,28379160;18,54457000
13,23116855;0,29276410;18,54457000
13,24140855;0,29276410;18,54457000
13,25164855;0,30173650;18,54457000
13,26188855;0,30173650;18,08832000
13,27212855;0,31070890;18,54457000
13,28236855;0,31968140;18,54457000
13,29260855;0,31968140;18,54457000
13,30284855;0,31968140;18,99930000
13,31308855;0,31968140;18,99930000
13,32332855;0,32862330;18,54457000
13,33356855;0,33759580;18,99930000
13,34380854;0,33759580;18,54457000
13,35404854;0,33759580;18,99930000
13,36428854;0,35554060;19,45402000
13,37452854;0,35554060;18,54457000
13,38476854;0,35554060;18,99930000
13,39500854;0,35554060;18,99930000
13,40524854;0,35554060;19,45402000
13,41548854;0,37348550;19,90875000
13,42572854;0,36451310;18,54457000
13,43596854;0,37348550;18,99930000
13,44620854;0,37348550;19,45402000
13,45644854;0,37348550;19,45402000
13,46668854;0,39143040;18,99930000
13,47692854;0,39143040;18,99930000
13,48716854;0,39143040;18,54457000
13,49740854;0,39143040;19,90875000
13,50764854;0,40040280;18,99930000
13,51788854;0,40040280;19,45402000
13,52812854;0,40934480;19,45402000
13,53836854;0,40934480;19,45402000
13,54860854;0,40934480;19,90875000
13,55884854;0,42728970;19,45402000
13,56908854;0,42728970;18,99930000
13,57932854;0,42728970;19,45402000
13,58956854;0,42728970;19,45402000
13,59980854;0,42728970;19,45402000
13,61004854;0,43626210;18,99930000
13,62028854;0,44523450;19,45402000
13,63052854;0,44523450;19,45402000
13,64076854;0,44523450;19,45402000
13,65100854;0,44523450;18,99930000
13,66124854;0,46317940;19,90875000
13,67148854;0,46317940;19,45402000
13,68172854;0,46317940;19,90875000
13,69196854;0,46317940;19,45402000
13,70220854;0,46317940;19,90875000
13,71244854;0,47215180;20,36500000
13,72268854;0,48112430;19,90875000
13,73292854;0,48112430;19,90875000
13,74316854;0,48112430;19,90875000
13,75340854;0,49006620;19,90875000
13,76364854;0,49903870;19,45402000
13,77388854;0,49903870;19,90875000
13,78412854;0,49903870;19,45402000
13,79436854;0,49903870;19,90875000
13,80460854;0,49903870;19,90875000
13,81484854;0,51698360;19,90875000
13,82508854;0,50801110;19,90875000
13,83532854;0,51698360;19,45402000
13,84556854;0,51698360;20,36500000
13,85580854;0,52595600;20,36500000
13,86604854;0,52595600;19,90875000
13,87628854;0,53492840;19,90875000
13,88652854;0,53492840;19,90875000
13,89676854;0,53492840;20,36500000
13,90700854;0,55287330;19,90875000
13,91724854;0,54390080;20,36500000
13,92748854;0,55287330;19,90875000
13,93772854;0,55287330;20,36500000
13,94796854;0,56184580;19,90875000
13,95820854;0,56184580;19,90875000
13,96844854;0,56184580;19,90875000
13,97868854;0,57081820;19,90875000
13,98892854;0,57081820;20,36500000
13,99916854;0,57081820;19,90875000
14,00940854;0,57976010;20,36500000
14,01964854;0,57081820;20,36500000
14,02988854;0,57976010;20,36500000
14,04012854;0,58873250;20,36500000
14,05036854;0,58873250;20,36500000
14,06060854;0,58873250;20,36500000
14,07084854;0,58873250;20,36500000
14,08108854;0,59770500;20,81973000
14,09132854;0,59770500;20,36500000
14,10156854;0,60667750;20,36500000
14,11180854;0,60667750;19,90875000
14,12204854;0,60667750;20,36500000
14,13228854;0,60667750;19,90875000
14,14252854;0,61564990;20,36500000
14,15276854;0,62462230;20,36500000
14,16300854;0,62462230;20,36500000
14,17324854;0,62462230;20,81973000
14,18348854;0,62462230;20,36500000
14,19372854;0,63359480;20,36500000
14,20396854;0,62462230;20,36500000
14,21420854;0,63359480;20,36500000
14,22444854;0,64256720;20,81973000
14,23468854;0,64256720;19,90875000
14,24492854;0,64256720;20,81973000
14,25516854;0,64256720;20,36500000
14,26540854;0,64256720;20,36500000
14,27564854;0,65153970;20,36500000
14,28588854;0,65153970;20,36500000
14,29612854;0,66048160;20,36500000
14,30636854;0,66048160;20,36500000
14,31660854;0,66048160;20,36500000
14,32684854;0,66048160;20,36500000
14,33708854;0,66945400;20,36500000
14,34732854;0,66945400;20,36500000
14,35756854;0,67842640;20,81973000
14,36780854;0,67842640;20,36500000
14,37804854;0,67842640;20,36500000
14,38828854;0,68739890;20,36500000
14,39852854;0,69637140;20,36500000
14,40876854;0,68739890;20,36500000
14,41900854;0,68739890;20,36500000
14,42924854;0,69637140;20,81973000
14,43948854;0,69637140;20,36500000
14,44972854;0,69637140;20,36500000
14,45996854;0,70534380;20,81973000
14,47020854;0,70534380;20,81973000
14,48044854;0,70534380;20,36500000
14,49068854;0,71431620;20,36500000
14,50092854;0,71431620;20,81973000
14,51116854;0,71431620;20,81973000
14,52140854;0,71431620;20,81973000
14,53164854;0,71431620;20,36500000
14,54188854;0,71431620;20,81973000
14,55212854;0,71431620;20,36500000
14,56236854;0,72328870;20,81973000
14,57260854;0,73226110;20,36500000
14,58284854;0,73226110;20,36500000
14,59308854;0,73226110;20,81973000
14,60332854;0,73226110;20,81973000
14,61356854;0,73226110;20,81973000
14,62380854;0,74120300;20,81973000
14,63404854;0,74120300;20,81973000
14,64428854;0,74120300;20,36500000
14,65452854;0,75017550;20,36500000
14,66476854;0,75017550;20,81973000
14,67500854;0,75017550;20,81973000
14,68524854;0,75017550;20,36500000
14,69548854;0,75017550;20,36500000
14,70572854;0,75017550;20,81973000
14,71596854;0,75914790;20,36500000
14,72620854;0,75914790;20,81973000
14,73644854;0,75914790;20,81973000
14,74668854;0,75914790;20,81973000
14,75692854;0,75914790;20,36500000
14,76716854;0,76812030;20,81973000
14,77740854;0,76812030;20,81973000
14,78764854;0,76812030;20,36500000
14,79788854;0,76812030;20,81973000
14,80812854;0,77709280;20,36500000
14,81836854;0,76812030;20,81973000
14,82860854;0,77709280;20,81973000
14,83884854;0,78606520;20,81973000
14,84908854;0,78606520;20,36500000
14,85932854;0,77709280;20,81973000
14,86956854;0,78606520;20,81973000
14,87980854;0,78606520;20,81973000
14,89004854;0,78606520;20,36500000
14,90028854;0,78606520;20,36500000
14,91052854;0,78606520;20,81973000
14,92076854;0,80401020;21,27445000
14,93100854;0,79503770;20,36500000
14,94124854;0,78606520;20,81973000
14,95148854;0,79503770;20,36500000
14,96172854;0,80401020;20,36500000
14,97196854;0,80401020;20,81973000
14,98220854;0,80401020;20,36500000
14,99244853;0,80401020;20,81973000
15,00268853;0,80401020;20,36500000
15,01292853;0,80401020;20,81973000
15,02316853;0,80401020;20,81973000
15,03340853;0,80401020;20,81973000
15,04364853;0,81298260;20,36500000
15,05388853;0,80401020;20,81973000
15,06412853;0,81298260;20,81973000
15,07436853;0,81298260;20,36500000
15,08460853;0,82192450;20,81973000
15,09484853;0,82192450;20,81973000
15,10508853;0,82192450;20,81973000
15,11532853;0,82192450;20,36500000
15,12556853;0,82192450;20,81973000
15,13580853;0,82192450;20,36500000
15,14604853;0,82192450;20,81973000
15,15628853;0,82192450;20,36500000
15,16652853;0,82192450;20,81973000
15,17676853;0,82192450;20,36500000
15,18700853;0,83089690;20,81973000
15,19724853;0,83089690;20,36500000
15,20748853;0,83089690;20,81973000
15,21772853;0,83089690;20,81973000
15,22796853;0,83089690;20,81973000
15,23820853;0,83089690;20,36500000
15,24844853;0,83986940;20,81973000
15,25868853;0,83986940;20,81973000
15,26892853;0,83089690;20,81973000
15,27916853;0,83089690;20,36500000
15,28940853;0,83089690;20,36500000
15,29964853;0,83089690;20,36500000
15,30988853;0,83986940;20,36500000
15,32012853;0,83986940;20,36500000
15,33036853;0,83986940;20,36500000
15,34060853;0,83089690;20,36500000
15,35084853;0,84884180;20,81973000
15,36108853;0,83986940;20,81973000
15,37132853;0,83986940;20,81973000
15,38156853;0,83986940;20,81973000
15,39180853;0,83986940;20,36500000
15,40204853;0,83986940;20,81973000
15,41228853;0,84884180;20,81973000
15,42252853;0,84884180;20,36500000
15,43276853;0,83986940;20,81973000
15,44300853;0,83986940;20,81973000
15,45324853;0,83986940;20,36500000
15,46348853;0,83986940;20,36500000
15,47372853;0,85781430;20,81973000
15,48396853;0,84884180;19,90875000
15,49420853;0,84884180;20,81973000
15,50444853;0,84884180;20,81973000
15,51468853;0,84884180;19,90875000
15,52492853;0,84884180;20,36500000
15,53516853;0,84884180;20,81973000
15,54540853;0,84884180;20,81973000
15,55564853;0,84884180;20,81973000
15,56588853;0,84884180;20,81973000
15,57612853;0,84884180;20,81973000
15,58636853;0,84884180;20,36500000
15,59660853;0,83986940;20,36500000
15,60684853;0,85781430;20,81973000
15,61708853;0,84884180;20,81973000
15,62732853;0,84884180;20,36500000
15,63756853;0,85781430;20,36500000
15,64780853;0,85781430;20,36500000
15,65804853;0,84884180;20,36500000
15,66828853;0,84884180;20,81973000
15,67852853;0,84884180;20,81973000
15,68876853;0,85781430;20,81973000
15,69900853;0,84884180;20,36500000
15,70924853;0,84884180;20,81973000
15,71948853;0,85781430;20,36500000
15,72972853;0,85781430;20,81973000
15,73996853;0,84884180;20,81973000
15,75020853;0,84884180;20,36500000
15,76044853;0,84884180;20,81973000
15,77068853;0,84884180;20,36500000
15,78092853;0,85781430;20,81973000
15,79116853;0,84884180;20,81973000
15,80140853;0,84884180;20,81973000
15,81164853;0,85781430;20,81973000
15,82188853;0,84884180;20,36500000
15,83212853;0,84884180;20,36500000
15,84236853;0,84884180;20,36500000
15,85260853;0,84884180;20,36500000
15,86284853;0,84884180;19,90875000
15,87308853;0,83986940;20,81973000
15,88332853;0,84884180;20,36500000
15,89356853;0,83986940;20,81973000
15,90380853;0,83986940;19,90875000
15,91404853;0,83986940;20,36500000
15,92428853;0,83986940;20,81973000
15,93452853;0,83986940;20,36500000
15,94476853;0,83986940;20,36500000
15,95500853;0,83986940;20,36500000
15,96524853;0,83986940;20,36500000
15,97548853;0,83986940;20,36500000
15,98572853;0,83986940;20,36500000
15,99596853;0,83986940;20,36500000
16,00620853;0,83986940;20,36500000
16,01644853;0,83986940;20,36500000
16,02668853;0,83986940;20,36500000
16,03692853;0,83986940;20,36500000
16,04716853;0,83986940;20,81973000
16,05740853;0,83986940;20,36500000
16,06764853;0,83986940;20,36500000
16,07788853;0,83089690;20,81973000
16,08812853;0,82192450;20,81973000
16,09836853;0,83089690;20,81973000
16,10860853;0,83089690;20,36500000
16,11884853;0,82192450;20,81973000
16,12908853;0,82192450;20,36500000
16,13932853;0,82192450;20,36500000
16,14956853;0,82192450;19,90875000
16,15980853;0,82192450;20,36500000
16,17004853;0,82192450;20,36500000
16,18028853;0,82192450;20,36500000
16,19052853;0,82192450;20,36500000
16,20076853;0,82192450;20,36500000
16,21100853;0,82192450;20,36500000
16,22124853;0,82192450;19,90875000
16,23148853;0,82192450;20,36500000
16,24172853;0,82192450;20,36500000
16,25196853;0,81298260;20,36500000
16,26220853;0,81298260;20,36500000
16,27244853;0,81298260;20,36500000
16,28268853;0,80401020;20,81973000
16,29292853;0,80401020;20,36500000
16,30316853;0,80401020;20,36500000
16,31340853;0,81298260;20,81973000
16,32364853;0,80401020;20,36500000
16,33388853;0,80401020;20,81973000
16,34412853;0,80401020;20,36500000
16,35436853;0,79503770;20,36500000
16,36460853;0,79503770;19,90875000
16,37484853;0,80401020;20,36500000
16,38508853;0,79503770;20,36500000
16,39532853;0,80401020;20,36500000
16,40556853;0,78606520;20,36500000
16,41580853;0,78606520;20,36500000
16,42604853;0,78606520;20,81973000
16,43628853;0,78606520;19,90875000
16,44652853;0,78606520;20,36500000
16,45676853;0,78606520;20,36500000
16,46700853;0,78606520;20,81973000
16,47724853;0,77709280;20,36500000
16,48748853;0,78606520;19,90875000
16,49772853;0,77709280;20,36500000
16,50796853;0,77709280;20,36500000
16,51820853;0,77709280;19,90875000
16,52844853;0,76812030;19,90875000
16,53868853;0,77709280;19,45402000
16,54892853;0,76812030;20,36500000
16,55916853;0,76812030;19,90875000
16,56940853;0,75914790;19,90875000
16,57964853;0,75914790;19,45402000
16,58988853;0,75017550;20,36500000
16,60012853;0,75914790;19,90875000
16,61036853;0,75914790;20,36500000
16,62060853;0,75017550;19,90875000
16,63084852;0,75017550;19,90875000
16,64108852;0,75017550;19,90875000
16,65132852;0,75017550;19,90875000
16,66156852;0,73226110;20,36500000
16,67180852;0,75017550;20,36500000
16,68204852;0,75017550;19,90875000
16,69228852;0,74120300;19,45402000
16,70252852;0,73226110;19,90875000
16,71276852;0,73226110;19,90875000
16,72300852;0,73226110;19,45402000
16,73324852;0,73226110;19,90875000
16,74348852;0,73226110;19,45402000
16,75372852;0,73226110;20,36500000
16,76396852;0,73226110;19,90875000
16,77420852;0,72328870;19,90875000
16,78444852;0,72328870;19,90875000
16,79468852;0,71431620;19,90875000
16,80492852;0,71431620;19,90875000
16,81516852;0,71431620;19,90875000
16,82540852;0,71431620;19,45402000
16,83564852;0,70534380;19,45402000
16,84588852;0,70534380;19,90875000
16,85612852;0,69637140;19,45402000
16,86636852;0,69637140;19,90875000
16,87660852;0,69637140;20,36500000
16,88684852;0,69637140;19,90875000
16,89708852;0,69637140;19,90875000
16,90732852;0,68739890;19,45402000
16,91756852;0,67842640;19,90875000
16,92780852;0,67842640;19,45402000
16,93804852;0,67842640;19,90875000
16,94828852;0,67842640;19,45402000
16,95852852;0,67842640;20,36500000
16,96876852;0,67842640;19,90875000
16,97900852;0,67842640;19,90875000
16,98924852;0,67842640;19,45402000
16,99948852;0,66945400;19,90875000
17,00972852;0,66945400;19,90875000
17,01996852;0,66048160;19,45402000
17,03020852;0,66048160;19,90875000
17,04044852;0,66048160;19,45402000
17,05068852;0,66048160;19,90875000
17,06092852;0,64256720;19,45402000
17,07116852;0,64256720;18,99930000
17,08140852;0,64256720;19,45402000
17,09164852;0,64256720;19,45402000
17,10188852;0,64256720;19,90875000
17,11212852;0,64256720;19,45402000
17,12236852;0,63359480;19,45402000
17,13260852;0,63359480;19,45402000
17,14284852;0,63359480;19,90875000
17,15308852;0,62462230;19,45402000
17,16332852;0,62462230;18,54457000
17,17356852;0,61564990;19,90875000
17,18380852;0,61564990;19,45402000
17,19404852;0,60667750;19,45402000
17,20428852;0,60667750;18,99930000
17,21452852;0,60667750;18,99930000
17,22476852;0,59770500;19,45402000
17,23500852;0,59770500;19,45402000
17,24524852;0,59770500;19,45402000
17,25548852;0,59770500;19,45402000
17,26572852;0,58873250;19,45402000
17,27596852;0,58873250;19,45402000
17,28620852;0,58873250;18,99930000
17,29644852;0,58873250;18,99930000
17,30668852;0,57081820;19,45402000
17,31692852;0,57081820;19,45402000
17,32716852;0,57081820;18,99930000
17,33740852;0,57081820;19,45402000
17,34764852;0,56184580;18,99930000
17,35788852;0,56184580;19,45402000
17,36812852;0,56184580;19,45402000
17,37836852;0,56184580;18,99930000
17,38860852;0,55287330;19,45402000
17,39884852;0,55287330;18,99930000
17,40908852;0,54390080;18,99930000
17,41932852;0,53492840;18,99930000
17,42956852;0,53492840;18,54457000
17,43980852;0,53492840;18,54457000
17,45004852;0,53492840;18,99930000
17,46028852;0,52595600;19,45402000
17,47052852;0,51698360;18,99930000
17,48076852;0,51698360;18,54457000
17,49100852;0,51698360;18,54457000
17,50124852;0,51698360;18,54457000
17,51148852;0,50801110;18,54457000
17,52172852;0,50801110;18,54457000
17,53196852;0,49903870;18,54457000
17,54220852;0,49903870;18,54457000
17,55244852;0,49903870;18,54457000
17,56268852;0,49903870;17,63359000
17,57292852;0,49903870;18,54457000
17,58316852;0,49006620;18,08832000
17,59340852;0,48112430;18,08832000
17,60364852;0,48112430;18,54457000
17,61388852;0,46317940;18,54457000
17,62412852;0,47215180;18,99930000
17,63436852;0,46317940;18,54457000
17,64460852;0,46317940;18,08832000
17,65484852;0,46317940;18,54457000
17,66508852;0,46317940;18,08832000
17,67532852;0,44523450;18,54457000
17,68556852;0,44523450;18,54457000
17,69580852;0,44523450;18,54457000
17,70604852;0,44523450;18,08832000
17,71628852;0,43626210;18,08832000
17,72652852;0,42728970;18,08832000
17,73676852;0,42728970;18,54457000
17,74700852;0,42728970;18,08832000
17,75724852;0,42728970;18,54457000
17,76748852;0,41831720;17,17887000
17,77772852;0,41831720;18,54457000
17,78796852;0,41831720;17,63359000
17,79820852;0,40934480;17,63359000
17,80844852;0,40040280;17,63359000
17,81868852;0,39143040;18,08832000
17,82892852;0,39143040;18,08832000
17,83916852;0,39143040;17,17887000
17,84940852;0,39143040;17,63359000
17,85964852;0,38245800;18,08832000
17,86988852;0,37348550;17,63359000
17,88012852;0,38245800;17,63359000
17,89036852;0,37348550;17,17887000
17,90060852;0,37348550;18,08832000
17,91084852;0,36451310;17,63359000
17,92108852;0,35554060;17,63359000
17,93132852;0,35554060;17,17887000
17,94156852;0,35554060;17,17887000
17,95180852;0,35554060;17,17887000
17,96204852;0,33759580;17,17887000
17,97228852;0,33759580;16,72414000
17,98252852;0,33759580;17,17887000
17,99276852;0,33759580;18,08832000
18,00300852;0,32862330;17,17887000
18,01324852;0,31968140;17,17887000
18,02348852;0,31968140;16,72414000
18,03372852;0,31968140;17,17887000
18,04396852;0,31968140;17,17887000
18,05420852;0,31070890;17,17887000
18,06444852;0,30173650;16,72414000
18,07468852;0,30173650;17,17887000
18,08492852;0,29276410;17,17887000
18,09516852;0,30173650;16,72414000
18,10540852;0,28379160;17,17887000
18,11564852;0,28379160;16,72414000
18,12588852;0,27481920;16,72414000
18,13612852;0,27481920;16,26789000
18,14636852;0,27481920;16,72414000
18,15660852;0,26584670;16,72414000
18,16684852;0,26584670;16,72414000
18,17708852;0,26584670;16,72414000
18,18732852;0,25687430;16,26789000
18,19756852;0,24790190;16,26789000
18,20780852;0,24790190;16,72414000
18,21804852;0,23895990;16,72414000
18,22828852;0,24790190;16,72414000
18,23852852;0,23895990;16,26789000
18,24876852;0,22998750;16,26789000
18,25900852;0,22998750;16,26789000
18,26924852;0,21204260;15,81317000
18,27948851;0,21204260;16,26789000
18,28972851;0,21204260;15,81317000
18,29996851;0,21204260;16,26789000
18,31020851;0,20307020;15,81317000
18,32044851;0,20307020;15,81317000
18,33068851;0,19409770;15,81317000
18,34092851;0,19409770;15,81317000
18,35116851;0,18512530;15,81317000
18,36140851;0,18512530;15,81317000
18,37164851;0,17615280;15,35844000
18,38188851;0,17615280;15,35844000
18,39212851;0,17615280;15,81317000
18,40236851;0,15823850;15,81317000
18,41260851;0,16718040;14,90371000
18,42284851;0,15823850;15,35844000
18,43308851;0,15823850;15,35844000
18,44332851;0,15823850;14,90371000
18,45356851;0,14029360;15,35844000
18,46380851;0,14029360;15,35844000
18,47404851;0,13132110;14,90371000
18,48428851;0,12234870;15,35844000
18,49452851;0,12234870;15,35844000
18,50476851;0,12234870;14,90371000
18,51500851;0,11337630;15,35844000
18,52524851;0,10440380;14,90371000
18,53548851;0,10440380;14,44746000
18,54572851;0,10440380;14,44746000
18,55596851;0,10440380;14,90371000
18,56620851;0,10440380;14,44746000
18,57644851;0,09543138;14,44746000
18,58668851;0,08645894;13,99274000
18,59692851;0,08645894;14,44746000
18,60716851;0,07751702;13,53801000
18,61740851;0,06854457;14,44746000
18,62764851;0,06854457;13,53801000
18,63788851;0,06854457;13,53801000
18,64812851;0,06854457;13,53801000
18,65836851;0,05957213;13,53801000
18,66860851;0,05059969;13,53801000
18,67884851;0,04162725;13,08328000
18,68908851;0,05059969;13,08328000
18,69932851;0,04162725;13,53801000
18,70956851;0,03265481;13,08328000
18,71980851;0,02368236;13,08328000
18,73004851;0,03265481;12,62703000
18,74028851;0,02368236;12,17231000
18,75052851;0,01470992;12,17231000
18,76076851;0,01470992;12,17231000
18,77100851;0,01470992;11,71758000
18,78124851;-0,00320444;12,17231000
18,79148851;-0,00320444;11,26286000
18,80172851;-0,00320444;11,26286000
18,81196851;-0,00320444;10,80660000
18,82220851;-0,01214637;9,89715200
18,83244851;-0,02111881;7,62199700
18,84268851;-0,02111881;-3,30057700
18,85292851;-0,03009125;-26,96615000
18,86316851;-0,03009125;-31,97119000
18,87340851;-0,03906369;-26,50990000
18,88364851;-0,03906369;-26,96615000
18,89388851;-0,03906369;-27,87561000
18,90412851;-0,05700858;-27,87561000
18,91436851;-0,05700858;-28,33033000
18,92460851;-0,05700858;-27,87561000
18,93484851;-0,05700858;-27,87561000
18,94508851;-0,05700858;-28,33033000
18,95532851;-0,07495346;-28,33033000
18,96556851;-0,07495346;-28,33033000
18,97580851;-0,07495346;-28,33033000
18,98604851;-0,08392590;-28,78658000
18,99628851;-0,08392590;-28,33033000
19,00652851;-0,09286782;-28,78658000
19,01676851;-0,09286782;-28,78658000
19,02700851;-0,10184030;-28,78658000
19,03724851;-0,11081270;-29,24131000
19,04748851;-0,11081270;-29,69603000
19,05772851;-0,11081270;-29,69603000
19,06796851;-0,11978520;-29,24131000
19,07820851;-0,12875760;-29,24131000
19,08844851;-0,12875760;-29,69603000
19,09868851;-0,12875760;-30,15076000
19,10892851;-0,12875760;-29,69603000
19,11916851;-0,12875760;-30,15076000
19,12940851;-0,14670250;-30,15076000
19,13964851;-0,14670250;-30,15076000
19,14988851;-0,15567490;-29,69603000
19,16012851;-0,16464740;-30,15076000
19,17036851;-0,16464740;-30,15076000
19,18060851;-0,16464740;-30,15076000
19,19084851;-0,17358930;-30,15076000
19,20108851;-0,18256170;-30,15076000
19,21132851;-0,17358930;-30,15076000
19,22156851;-0,18256170;-30,60701000
19,23180851;-0,18256170;-31,06174000
19,24204851;-0,18256170;-30,15076000
19,25228851;-0,19153420;-30,60701000
19,26252851;-0,19153420;-30,60701000
19,27276851;-0,20050660;-31,06174000
19,28300851;-0,20947900;-30,60701000
19,29324851;-0,20947900;-31,06174000
19,30348851;-0,20947900;-31,06174000
19,31372851;-0,21845150;-30,60701000
19,32396851;-0,22742390;-31,06174000
19,33420851;-0,23639640;-31,06174000
19,34444851;-0,23639640;-31,97119000
19,35468851;-0,23639640;-31,06174000
19,36492851;-0,23639640;-31,06174000
19,37516851;-0,25431070;-31,06174000
19,38540851;-0,25431070;-31,06174000
19,39564851;-0,25431070;-31,97119000
19,40588851;-0,25431070;-31,51646000
19,41612851;-0,25431070;-31,06174000
19,42636851;-0,27225560;-31,06174000
19,43660851;-0,26328320;-31,51646000
19,44684851;-0,27225560;-31,51646000
19,45708851;-0,27225560;-31,97119000
19,46732851;-0,28122810;-31,06174000
19,47756851;-0,29020050;-31,51646000
19,48780851;-0,29020050;-31,97119000
19,49804851;-0,29020050;-31,06174000
19,50828851;-0,29917290;-31,51646000
19,51852851;-0,29917290;-31,97119000
19,52876851;-0,29917290;-31,97119000
19,53900851;-0,29917290;-31,06174000
19,54924851;-0,31711780;-31,97119000
19,55948851;-0,31711780;-31,97119000
19,56972851;-0,31711780;-31,97119000
19,57996851;-0,32609030;-32,42744000
19,59020851;-0,32609030;-31,51646000
19,60044851;-0,34400460;-32,42744000
19,61068851;-0,33503220;-31,97119000
19,62092851;-0,34400460;-31,97119000
19,63116851;-0,34400460;-31,51646000
19,64140851;-0,34400460;-31,97119000
19,65164851;-0,34400460;-32,42744000
19,66188851;-0,36194950;-32,42744000
19,67212851;-0,36194950;-32,42744000
19,68236851;-0,36194950;-31,97119000
19,69260851;-0,37092200;-31,97119000
19,70284851;-0,37092200;-31,97119000
19,71308851;-0,37989440;-31,97119000
19,72332851;-0,38886680;-32,88217000
19,73356851;-0,37989440;-31,97119000
19,74380851;-0,38886680;-32,42744000
19,75404851;-0,38886680;-31,97119000
19,76428851;-0,39783930;-32,88217000
19,77452851;-0,39783930;-31,97119000
19,78476851;-0,40681170;-32,42744000
19,79500851;-0,40681170;-32,42744000
19,80524851;-0,41575370;-32,42744000
19,81548851;-0,41575370;-32,42744000
19,82572851;-0,41575370;-31,97119000
19,83596851;-0,41575370;-32,42744000
19,84620851;-0,41575370;-32,42744000
19,85644851;-0,43369850;-32,88217000
19,86668851;-0,43369850;-32,42744000
19,87692851;-0,43369850;-32,88217000
19,88716851;-0,44267100;-32,88217000
19,89740851;-0,45164340;-32,42744000
19,90764851;-0,45164340;-33,33689000
19,91788851;-0,45164340;-32,88217000
19,92812850;-0,45164340;-32,42744000
19,93836850;-0,45164340;-32,88217000
19,94860850;-0,46958830;-32,88217000
19,95884850;-0,46958830;-32,88217000
19,96908850;-0,46958830;-32,88217000
19,97932850;-0,46958830;-32,42744000
19,98956850;-0,47856070;-32,42744000
19,99980850;-0,47856070;-32,88217000
20,01004850;-0,48753320;-32,88217000
20,02028850;-0,48753320;-32,42744000
20,03052850;-0,49647510;-33,33689000
20,04076850;-0,49647510;-32,88217000
20,05100850;-0,49647510;-33,33689000
20,06124850;-0,50544760;-32,88217000
20,07148850;-0,50544760;-32,88217000
20,08172850;-0,51442000;-32,42744000
20,09196850;-0,50544760;-32,88217000
20,10220850;-0,51442000;-32,88217000
20,11244850;-0,52339240;-33,33689000
20,12268850;-0,52339240;-32,88217000
20,13292850;-0,53236490;-33,33689000
20,14316850;-0,52339240;-33,33689000
20,15340850;-0,53236490;-33,33689000
20,16364850;-0,54133730;-32,88217000
20,17388850;-0,54133730;-32,42744000
20,18412850;-0,54133730;-33,79162000
20,19436850;-0,55030980;-32,88217000
20,20460850;-0,55030980;-33,33689000
20,21484850;-0,55928220;-33,33689000
20,22508850;-0,55928220;-33,33689000
20,23532850;-0,55928220;-33,33689000
20,24556850;-0,55928220;-33,33689000
20,25580850;-0,56825460;-33,79162000
20,26604850;-0,56825460;-33,33689000
20,27628850;-0,56825460;-32,88217000
20,28652850;-0,57722710;-33,33689000
20,29676850;-0,57722710;-33,33689000
20,30700850;-0,57722710;-33,79162000
20,31724850;-0,58616900;-33,79162000
20,32748850;-0,58616900;-33,33689000
20,33772850;-0,59514150;-33,79162000
20,34796850;-0,59514150;-33,79162000
20,35820850;-0,59514150;-32,42744000
20,36844850;-0,61308630;-32,88217000
20,37868850;-0,60411390;-33,79162000
20,38892850;-0,61308630;-33,79162000
20,39916850;-0,61308630;-33,79162000
20,40940850;-0,61308630;-33,79162000
20,41964850;-0,61308630;-33,79162000
20,42988850;-0,62205870;-33,33689000
20,44012850;-0,63103120;-33,79162000
20,45036850;-0,63103120;-33,79162000
20,46060850;-0,63103120;-33,33689000
20,47084850;-0,63103120;-33,79162000
20,48108850;-0,63103120;-33,33689000
20,49132850;-0,63103120;-33,79162000
20,50156850;-0,64000370;-33,79162000
20,51180850;-0,64897610;-33,79162000
20,52204850;-0,64897610;-33,79162000
20,53228850;-0,64897610;-33,33689000
20,54252850;-0,64897610;-33,33689000
20,55276850;-0,64897610;-33,79162000
20,56300850;-0,65794860;-33,33689000
20,57324850;-0,66689040;-33,79162000
20,58348850;-0,65794860;-33,79162000
20,59372850;-0,66689040;-33,79162000
20,60396850;-0,66689040;-33,79162000
20,61420850;-0,66689040;-33,79162000
20,62444850;-0,67586290;-33,79162000
20,63468850;-0,67586290;-33,33689000
20,64492850;-0,68483540;-33,79162000
20,65516850;-0,68483540;-34,24787000
20,66540850;-0,68483540;-34,24787000
20,67564850;-0,68483540;-33,79162000
20,68588850;-0,68483540;-33,79162000
20,69612850;-0,68483540;-33,79162000
20,70636850;-0,69380780;-33,79162000
20,71660850;-0,70278020;-33,79162000
20,72684850;-0,70278020;-34,24787000
20,73708850;-0,70278020;-32,88217000
20,74732850;-0,70278020;-33,79162000
20,75756850;-0,70278020;-33,33689000
20,76780850;-0,70278020;-33,33689000
20,77804850;-0,71175270;-33,79162000
20,78828850;-0,72072510;-33,33689000
20,79852850;-0,72072510;-33,79162000
20,80876850;-0,72072510;-33,33689000
20,81900850;-0,72072510;-33,33689000
20,82924850;-0,72072510;-33,79162000
20,83948850;-0,72072510;-33,79162000
20,84972850;-0,72072510;-32,88217000
20,85996850;-0,72969760;-33,79162000
20,87020850;-0,72969760;-33,79162000
20,88044850;-0,73867000;-33,79162000
20,89068850;-0,73867000;-33,79162000
20,90092850;-0,73867000;-33,79162000
20,91116850;-0,73867000;-33,79162000
20,92140850;-0,73867000;-33,79162000
20,93164850;-0,73867000;-34,24787000
20,94188850;-0,74761190;-33,79162000
20,95212850;-0,74761190;-34,24787000
20,96236850;-0,74761190;-33,79162000
20,97260850;-0,75658430;-33,79162000
20,98284850;-0,75658430;-33,79162000
20,99308850;-0,75658430;-33,79162000
21,00332850;-0,75658430;-34,24787000
21,01356850;-0,75658430;-34,24787000
21,02380850;-0,75658430;-33,79162000
21,03404850;-0,76555680;-33,33689000
21,04428850;-0,76555680;-33,79162000
21,05452850;-0,77452930;-33,79162000
21,06476850;-0,76555680;-33,79162000
21,07500850;-0,77452930;-33,33689000
21,08524850;-0,77452930;-33,79162000
21,09548850;-0,77452930;-33,79162000
21,10572850;-0,77452930;-33,33689000
21,11596850;-0,77452930;-33,79162000
21,12620850;-0,77452930;-33,79162000
21,13644850;-0,78350170;-34,24787000
21,14668850;-0,78350170;-33,79162000
21,15692850;-0,77452930;-33,79162000
21,16716850;-0,78350170;-34,24787000
21,17740850;-0,79247420;-33,79162000
21,18764850;-0,79247420;-33,79162000
21,19788850;-0,79247420;-33,79162000
21,20812850;-0,79247420;-33,79162000
21,21836850;-0,79247420;-34,24787000
21,22860850;-0,79247420;-33,79162000
21,23884850;-0,79247420;-33,33689000
21,24908850;-0,79247420;-33,79162000
21,25932850;-0,79247420;-33,79162000
21,26956850;-0,79247420;-33,79162000
21,27980850;-0,80144660;-33,33689000
21,29004850;-0,81041900;-33,79162000
21,30028850;-0,80144660;-33,33689000
21,31052850;-0,81041900;-34,24787000
21,32076850;-0,81041900;-34,24787000
21,33100850;-0,81041900;-32,88217000
21,34124850;-0,81041900;-33,79162000
21,35148850;-0,81041900;-33,79162000
21,36172850;-0,81041900;-33,79162000
21,37196850;-0,81939150;-33,79162000
21,38220850;-0,81041900;-34,24787000
21,39244850;-0,82833340;-33,79162000
21,40268850;-0,82833340;-33,79162000
21,41292850;-0,82833340;-33,79162000
21,42316850;-0,82833340;-33,79162000
21,43340850;-0,82833340;-33,79162000
21,44364850;-0,82833340;-33,79162000
21,45388850;-0,81939150;-34,24787000
21,46412850;-0,82833340;-33,79162000
21,47436850;-0,82833340;-33,79162000
21,48460850;-0,82833340;-33,79162000
21,49484850;-0,82833340;-33,79162000
21,50508850;-0,82833340;-33,79162000
21,51532850;-0,82833340;-33,79162000
21,52556850;-0,82833340;-33,79162000
21,53580850;-0,82833340;-34,24787000
21,54604850;-0,83730580;-33,33689000
21,55628850;-0,82833340;-33,79162000
21,56652849;-0,82833340;-33,33689000
21,57676849;-0,82833340;-33,79162000
21,58700849;-0,82833340;-33,79162000
21,59724849;-0,83730580;-33,79162000
21,60748849;-0,82833340;-33,33689000
21,61772849;-0,82833340;-33,79162000
21,62796849;-0,83730580;-34,24787000
21,63820849;-0,83730580;-33,33689000
21,64844849;-0,83730580;-33,79162000
21,65868849;-0,82833340;-33,79162000
21,66892849;-0,83730580;-34,24787000
21,67916849;-0,83730580;-34,24787000
21,68940849;-0,83730580;-33,79162000
21,69964849;-0,84627830;-33,79162000
21,70988849;-0,83730580;-33,79162000
21,72012849;-0,84627830;-33,79162000
21,73036849;-0,84627830;-33,79162000
21,74060849;-0,84627830;-33,79162000
21,75084849;-0,84627830;-33,79162000
21,76108849;-0,83730580;-33,79162000
21,77132849;-0,84627830;-34,24787000
21,78156849;-0,84627830;-33,79162000
21,79180849;-0,84627830;-33,79162000
21,80204849;-0,84627830;-33,79162000
21,81228849;-0,84627830;-33,79162000
21,82252849;-0,84627830;-33,79162000
21,83276849;-0,83730580;-33,79162000
21,84300849;-0,84627830;-33,79162000
21,85324849;-0,83730580;-33,79162000
21,86348849;-0,84627830;-33,33689000
21,87372849;-0,84627830;-33,79162000
21,88396849;-0,84627830;-34,24787000
21,89420849;-0,84627830;-33,79162000
21,90444849;-0,84627830;-34,24787000
21,91468849;-0,84627830;-34,24787000
21,92492849;-0,84627830;-33,79162000
21,93516849;-0,84627830;-34,24787000
21,94540849;-0,84627830;-33,33689000
21,95564849;-0,84627830;-33,79162000
21,96588849;-0,84627830;-33,79162000
21,97612849;-0,84627830;-33,79162000
21,98636849;-0,84627830;-33,79162000
21,99660849;-0,84627830;-32,88217000
22,00684849;-0,84627830;-33,79162000
22,01708849;-0,84627830;-33,79162000
22,02732849;-0,84627830;-33,33689000
22,03756849;-0,84627830;-34,24787000
22,04780849;-0,84627830;-33,79162000
22,05804849;-0,84627830;-33,79162000
22,06828849;-0,84627830;-33,79162000
22,07852849;-0,84627830;-33,33689000
22,08876849;-0,84627830;-33,79162000
22,09900849;-0,84627830;-33,79162000
22,10924849;-0,83730580;-33,79162000
22,11948849;-0,83730580;-33,79162000
22,12972849;-0,83730580;-33,79162000
22,13996849;-0,84627830;-33,79162000
22,15020849;-0,83730580;-33,33689000
22,16044849;-0,84627830;-33,79162000
22,17068849;-0,83730580;-33,79162000
22,18092849;-0,83730580;-33,79162000
22,19116849;-0,83730580;-33,79162000
22,20140849;-0,83730580;-33,79162000
22,21164849;-0,82833340;-32,88217000
22,22188849;-0,84627830;-33,79162000
22,23212849;-0,82833340;-33,33689000
22,24236849;-0,82833340;-33,79162000
22,25260849;-0,82833340;-33,79162000
22,26284849;-0,83730580;-33,33689000
22,27308849;-0,82833340;-33,79162000
22,28332849;-0,82833340;-33,33689000
22,29356849;-0,82833340;-33,33689000
22,30380849;-0,82833340;-33,79162000
22,31404849;-0,82833340;-32,88217000
22,32428849;-0,82833340;-33,33689000
22,33452849;-0,82833340;-33,33689000
22,34476849;-0,82833340;-33,79162000
22,35500849;-0,82833340;-33,33689000
22,36524849;-0,82833340;-33,79162000
22,37548849;-0,82833340;-33,79162000
22,38572849;-0,81939150;-33,79162000
22,39596849;-0,81939150;-33,33689000
22,40620849;-0,81939150;-33,33689000
22,41644849;-0,81041900;-33,79162000
22,42668849;-0,81041900;-33,33689000
22,43692849;-0,81939150;-33,33689000
22,44716849;-0,81041900;-33,33689000
22,45740849;-0,81041900;-33,33689000
22,46764849;-0,81939150;-33,79162000
22,47788849;-0,81041900;-33,79162000
22,48812849;-0,81041900;-32,88217000
22,49836849;-0,80144660;-33,33689000
22,50860849;-0,81041900;-33,79162000
22,51884849;-0,80144660;-32,88217000
22,52908849;-0,80144660;-33,79162000
22,53932849;-0,80144660;-33,33689000
22,54956849;-0,80144660;-32,88217000
22,55980849;-0,80144660;-33,79162000
22,57004849;-0,80144660;-33,79162000
22,58028849;-0,79247420;-32,42744000
22,59052849;-0,80144660;-33,79162000
22,60076849;-0,79247420;-32,88217000
22,61100849;-0,79247420;-33,79162000
22,62124849;-0,79247420;-32,88217000
22,63148849;-0,79247420;-32,88217000
22,64172849;-0,79247420;-33,79162000
22,65196849;-0,79247420;-33,33689000
22,66220849;-0,79247420;-33,33689000
22,67244849;-0,79247420;-32,88217000
22,68268849;-0,77452930;-32,88217000
22,69292849;-0,77452930;-32,88217000
22,70316849;-0,77452930;-32,88217000
22,71340849;-0,77452930;-32,88217000
22,72364849;-0,77452930;-33,33689000
22,73388849;-0,77452930;-33,33689000
22,74412849;-0,76555680;-33,33689000
22,75436849;-0,77452930;-33,33689000
22,76460849;-0,76555680;-32,88217000
22,77484849;-0,76555680;-32,88217000
22,78508849;-0,76555680;-33,33689000
22,79532849;-0,76555680;-33,33689000
22,80556849;-0,75658430;-32,88217000
22,81580849;-0,76555680;-32,88217000
22,82604849;-0,75658430;-33,33689000
22,83628849;-0,75658430;-32,88217000
22,84652849;-0,75658430;-32,88217000
22,85676849;-0,75658430;-32,42744000
22,86700849;-0,75658430;-33,33689000
22,87724849;-0,75658430;-32,88217000
22,88748849;-0,74761190;-33,33689000
22,89772849;-0,74761190;-33,33689000
22,90796849;-0,73867000;-33,79162000
22,91820849;-0,73867000;-32,88217000
22,92844849;-0,73867000;-32,88217000
22,93868849;-0,73867000;-32,88217000
22,94892849;-0,72969760;-33,33689000
22,95916849;-0,72969760;-32,88217000
22,96940849;-0,72969760;-32,88217000
22,97964849;-0,72072510;-33,33689000
22,98988849;-0,72969760;-32,88217000
23,00012849;-0,72072510;-32,88217000
23,01036849;-0,72072510;-32,88217000
23,02060849;-0,72072510;-32,88217000
23,03084849;-0,72072510;-32,88217000
23,04108849;-0,71175270;-32,88217000
23,05132849;-0,70278020;-32,42744000
23,06156849;-0,70278020;-32,42744000
23,07180849;-0,70278020;-32,88217000
23,08204849;-0,70278020;-32,42744000
23,09228849;-0,70278020;-33,33689000
23,10252849;-0,70278020;-33,33689000
23,11276849;-0,69380780;-32,88217000
23,12300849;-0,69380780;-32,88217000
23,13324849;-0,68483540;-32,88217000
23,14348849;-0,68483540;-32,88217000
23,15372849;-0,68483540;-32,88217000
23,16396849;-0,68483540;-32,42744000
23,17420849;-0,68483540;-33,33689000
23,18444849;-0,67586290;-32,88217000
23,19468849;-0,67586290;-32,88217000
23,20492849;-0,67586290;-32,42744000
23,21516848;-0,67586290;-32,88217000
23,22540848;-0,66689040;-32,88217000
23,23564848;-0,66689040;-32,88217000
23,24588848;-0,65794860;-32,88217000
23,25612848;-0,65794860;-32,42744000
23,26636848;-0,64897610;-32,42744000
23,27660848;-0,65794860;-32,88217000
23,28684848;-0,64897610;-32,42744000
23,29708848;-0,64897610;-32,42744000
23,30732848;-0,64897610;-32,42744000
23,31756848;-0,63103120;-32,88217000
23,32780848;-0,64000370;-32,42744000
23,33804848;-0,64000370;-31,97119000
23,34828848;-0,64000370;-32,42744000
23,35852848;-0,63103120;-32,42744000
23,36876848;-0,62205870;-32,88217000
23,37900848;-0,62205870;-32,42744000
23,38924848;-0,63103120;-32,42744000
23,39948848;-0,62205870;-32,42744000
23,40972848;-0,61308630;-31,97119000
23,41996848;-0,61308630;-32,42744000
23,43020848;-0,61308630;-32,42744000
23,44044848;-0,59514150;-32,42744000
23,45068848;-0,60411390;-32,88217000
23,46092848;-0,60411390;-32,42744000
23,47116848;-0,59514150;-31,97119000
23,48140848;-0,59514150;-32,42744000
23,49164848;-0,59514150;-32,42744000
23,50188848;-0,57722710;-32,42744000
23,51212848;-0,58616900;-31,97119000
23,52236848;-0,57722710;-32,88217000
23,53260848;-0,57722710;-32,42744000
23,54284848;-0,57722710;-31,97119000
23,55308848;-0,57722710;-32,42744000
23,56332848;-0,57722710;-31,97119000
23,57356848;-0,55928220;-32,42744000
23,58380848;-0,55928220;-32,42744000
23,59404848;-0,55928220;-31,97119000
23,60428848;-0,55928220;-32,42744000
23,61452848;-0,55928220;-31,97119000
23,62476848;-0,55030980;-31,97119000
23,63500848;-0,54133730;-31,97119000
23,64524848;-0,54133730;-32,42744000
23,65548848;-0,54133730;-31,97119000
23,66572848;-0,54133730;-32,42744000
23,67596848;-0,53236490;-32,42744000
23,68620848;-0,53236490;-31,97119000
23,69644848;-0,52339240;-32,42744000
23,70668848;-0,52339240;-31,97119000
23,71692848;-0,51442000;-32,42744000
23,72716848;-0,51442000;-31,97119000
23,73740848;-0,51442000;-31,97119000
23,74764848;-0,50544760;-31,97119000
23,75788848;-0,50544760;-31,97119000
23,76812848;-0,50544760;-31,97119000
23,77836848;-0,49647510;-31,97119000
23,78860848;-0,48753320;-31,97119000
23,79884848;-0,48753320;-31,97119000
23,80908848;-0,48753320;-32,42744000
23,81932848;-0,47856070;-31,51646000
23,82956848;-0,48753320;-31,51646000
23,83980848;-0,46958830;-31,51646000
23,85004848;-0,46958830;-31,51646000
23,86028848;-0,46958830;-31,97119000
23,87052848;-0,46958830;-31,51646000
23,88076848;-0,46958830;-31,51646000
23,89100848;-0,45164340;-31,51646000
23,90124848;-0,45164340;-31,51646000
23,91148848;-0,45164340;-31,51646000
23,92172848;-0,45164340;-31,51646000
23,93196848;-0,44267100;-31,51646000
23,94220848;-0,43369850;-31,51646000
23,95244848;-0,44267100;-31,97119000
23,96268848;-0,43369850;-31,51646000
23,97292848;-0,43369850;-31,51646000
23,98316848;-0,42472610;-31,51646000
23,99340848;-0,41575370;-31,51646000
24,00364848;-0,41575370;-30,60701000
24,01388848;-0,41575370;-31,06174000
24,02412848;-0,41575370;-31,51646000
24,03436848;-0,40681170;-31,51646000
24,04460848;-0,39783930;-31,51646000
24,05484848;-0,39783930;-30,60701000
24,06508848;-0,39783930;-31,06174000
24,07532848;-0,39783930;-31,06174000
24,08556848;-0,39783930;-31,51646000
24,09580848;-0,38886680;-31,51646000
24,10604848;-0,37989440;-31,06174000
24,11628848;-0,37989440;-31,51646000
24,12652848;-0,37092200;-30,60701000
24,13676848;-0,37092200;-31,06174000
24,14700848;-0,36194950;-31,06174000
24,15724848;-0,36194950;-31,06174000
24,16748848;-0,36194950;-31,06174000
24,17772848;-0,35297710;-30,60701000
24,18796848;-0,34400460;-30,60701000
24,19820848;-0,34400460;-31,06174000
24,20844848;-0,33503220;-31,06174000
24,21868848;-0,33503220;-31,06174000
24,22892848;-0,32609030;-31,06174000
24,23916848;-0,32609030;-30,60701000
24,24940848;-0,32609030;-30,60701000
24,25964848;-0,32609030;-31,06174000
24,26988848;-0,31711780;-30,60701000
24,28012848;-0,30814540;-31,06174000
24,29036848;-0,30814540;-30,60701000
24,30060848;-0,29917290;-30,15076000
24,31084848;-0,29917290;-30,15076000
24,32108848;-0,29917290;-30,60701000
24,33132848;-0,29020050;-30,15076000
24,34156848;-0,29020050;-29,69603000
24,35180848;-0,29020050;-30,15076000
24,36204848;-0,29020050;-30,15076000
24,37228848;-0,27225560;-30,15076000
24,38252848;-0,27225560;-30,15076000
24,39276848;-0,27225560;-30,60701000
24,40300848;-0,27225560;-29,69603000
24,41324848;-0,25431070;-30,15076000
24,42348848;-0,25431070;-30,15076000
24,43372848;-0,25431070;-29,69603000
24,44396848;-0,25431070;-29,69603000
24,45420848;-0,23639640;-29,69603000
24,46444848;-0,23639640;-30,15076000
24,47468848;-0,23639640;-29,69603000
24,48492848;-0,22742390;-29,69603000
24,49516848;-0,22742390;-29,69603000
24,50540848;-0,21845150;-29,69603000
24,51564848;-0,21845150;-29,24131000
24,52588848;-0,21845150;-29,69603000
24,53612848;-0,20050660;-29,24131000
24,54636848;-0,20050660;-29,24131000
24,55660848;-0,19153420;-29,24131000
24,56684848;-0,19153420;-28,78658000
24,57708848;-0,18256170;-28,78658000
24,58732848;-0,18256170;-29,24131000
24,59756848;-0,18256170;-29,24131000
24,60780848;-0,18256170;-29,24131000
24,61804848;-0,17358930;-28,78658000
24,62828848;-0,17358930;-28,78658000
24,63852848;-0,16464740;-28,78658000
24,64876848;-0,16464740;-28,78658000
24,65900848;-0,16464740;-29,24131000
24,66924848;-0,15567490;-28,78658000
24,67948848;-0,14670250;-28,33033000
24,68972848;-0,14670250;-28,78658000
24,69996848;-0,13773000;-28,33033000
24,71020848;-0,13773000;-28,33033000
24,72044848;-0,13773000;-28,78658000
24,73068848;-0,12875760;-28,33033000
24,74092848;-0,12875760;-28,33033000
24,75116848;-0,11978520;-28,33033000
24,76140848;-0,11081270;-28,33033000
24,77164848;-0,11081270;-27,42088000
24,78188848;-0,11081270;-27,87561000
24,79212848;-0,10184030;-27,87561000
24,80236848;-0,10184030;-27,87561000
24,81260848;-0,09286782;-27,42088000
24,82284848;-0,08392590;-27,87561000
24,83308848;-0,08392590;-27,42088000
24,84332848;-0,07495346;-27,42088000
24,85356848;-0,07495346;-27,42088000
24,86380847;-0,07495346;-27,42088000
24,87404847;-0,07495346;-27,42088000
24,88428847;-0,05700858;-27,42088000
24,89452847;-0,05700858;-26,96615000
24,90476847;-0,04803614;-26,96615000
24,91500847;-0,04803614;-26,96615000
24,92524847;-0,03906369;-26,96615000
24,93548847;-0,03906369;-26,50990000
24,94572847;-0,03906369;-26,50990000
24,95596847;-0,03009125;-26,96615000
24,96620847;-0,02111881;-26,05518000
24,97644847;-0,02111881;-26,50990000
24,98668847;-0,02111881;-26,50990000
24,99692847;-0,02111881;-25,60045000
25,00716847;-0,00320444;-25,60045000
25,01740847;-0,00320444;-25,14573000
