Tiempo;Canal A;Canal B
(ms);(V);(mV)

-25,01034550;-0,02111881;-14,67788000
-25,00010550;-0,02111881;-14,22315000
-24,98986550;-0,00320444;-14,67788000
-24,97962550;-0,00320444;-14,22315000
-24,96938550;-0,00320444;-13,76690000
-24,95914550;0,00573748;-14,22315000
-24,94890550;0,01470992;-13,76690000
-24,93866550;0,01470992;-13,76690000
-24,92842550;0,01470992;-12,40272000
-24,91818550;0,02368236;-12,40272000
-24,90794550;0,02368236;-12,40272000
-24,89770550;0,03265481;-10,12604000
-24,88746550;0,03265481;-0,11444440
-24,87722550;0,04162725;24,46058000
-24,86698550;0,04162725;29,46715000
-24,85674550;0,05059969;24,00586000
-24,84650550;0,05059969;24,00586000
-24,83626550;0,05957213;25,37004000
-24,82602550;0,05957213;25,37004000
-24,81578550;0,06854457;25,37004000
-24,80554550;0,06854457;25,82629000
-24,79530550;0,06854457;26,28101000
-24,78506551;0,06854457;26,28101000
-24,77482551;0,08645894;26,28101000
-24,76458551;0,08645894;26,28101000
-24,75434551;0,09543138;27,19047000
-24,74410551;0,10440380;26,28101000
-24,73386551;0,10440380;26,73574000
-24,72362551;0,10440380;26,73574000
-24,71338551;0,10440380;26,73574000
-24,70314551;0,10440380;27,19047000
-24,69290551;0,11337630;27,19047000
-24,68266551;0,12234870;27,19047000
-24,67242551;0,12234870;27,19047000
-24,66218551;0,13132110;28,55617000
-24,65194551;0,14029360;28,10144000
-24,64170551;0,14029360;28,10144000
-24,63146551;0,14029360;27,64672000
-24,62122551;0,14926600;27,64672000
-24,61098551;0,15823850;28,10144000
-24,60074551;0,15823850;28,10144000
-24,59050551;0,15823850;28,10144000
-24,58026551;0,16718040;28,10144000
-24,57002551;0,15823850;28,55617000
-24,55978551;0,17615280;28,55617000
-24,54954551;0,17615280;28,55617000
-24,53930551;0,17615280;28,55617000
-24,52906551;0,18512530;28,55617000
-24,51882551;0,19409770;28,55617000
-24,50858551;0,19409770;29,01089000
-24,49834551;0,19409770;29,01089000
-24,48810551;0,19409770;28,55617000
-24,47786551;0,21204260;29,46715000
-24,46762551;0,21204260;29,01089000
-24,45738551;0,21204260;28,55617000
-24,44714551;0,21204260;29,01089000
-24,43690551;0,22101510;29,01089000
-24,42666551;0,22998750;29,01089000
-24,41642551;0,22998750;29,46715000
-24,40618551;0,23895990;29,46715000
-24,39594551;0,23895990;29,46715000
-24,38570551;0,24790190;29,46715000
-24,37546551;0,24790190;29,46715000
-24,36522551;0,24790190;29,92187000
-24,35498551;0,26584670;29,46715000
-24,34474551;0,26584670;29,46715000
-24,33450551;0,26584670;29,46715000
-24,32426551;0,26584670;29,46715000
-24,31402551;0,28379160;29,92187000
-24,30378551;0,27481920;29,92187000
-24,29354551;0,28379160;29,46715000
-24,28330551;0,29276410;30,37660000
-24,27306551;0,30173650;29,92187000
-24,26282551;0,29276410;29,92187000
-24,25258551;0,30173650;29,92187000
-24,24234551;0,30173650;29,92187000
-24,23210551;0,31070890;29,92187000
-24,22186551;0,31070890;29,92187000
-24,21162551;0,31968140;29,92187000
-24,20138551;0,31968140;29,92187000
-24,19114551;0,31968140;30,83132000
-24,18090551;0,31968140;29,92187000
-24,17066551;0,32862330;30,37660000
-24,16042551;0,32862330;30,83132000
-24,15018551;0,33759580;30,83132000
-24,13994551;0,33759580;30,37660000
-24,12970551;0,34656820;30,83132000
-24,11946551;0,35554060;30,37660000
-24,10922551;0,35554060;30,37660000
-24,09898551;0,35554060;30,83132000
-24,08874551;0,35554060;29,92187000
-24,07850551;0,36451310;30,83132000
-24,06826551;0,37348550;30,37660000
-24,05802551;0,37348550;30,83132000
-24,04778551;0,37348550;30,83132000
-24,03754551;0,38245800;30,83132000
-24,02730551;0,38245800;30,83132000
-24,01706551;0,39143040;30,37660000
-24,00682551;0,39143040;30,83132000
-23,99658551;0,39143040;30,83132000
-23,98634551;0,40934480;31,28757000
-23,97610551;0,40040280;30,83132000
-23,96586551;0,40934480;31,28757000
-23,95562551;0,40934480;30,83132000
-23,94538551;0,41831720;31,28757000
-23,93514551;0,42728970;30,83132000
-23,92490551;0,42728970;31,28757000
-23,91466551;0,42728970;31,28757000
-23,90442551;0,42728970;30,83132000
-23,89418551;0,44523450;31,28757000
-23,88394551;0,44523450;31,28757000
-23,87370551;0,44523450;31,28757000
-23,86346551;0,44523450;31,74230000
-23,85322551;0,45420700;31,28757000
-23,84298551;0,45420700;31,28757000
-23,83274551;0,46317940;31,28757000
-23,82250551;0,46317940;31,28757000
-23,81226551;0,46317940;31,28757000
-23,80202551;0,47215180;31,74230000
-23,79178551;0,47215180;31,28757000
-23,78154551;0,48112430;31,28757000
-23,77130551;0,48112430;31,28757000
-23,76106551;0,48112430;31,28757000
-23,75082551;0,49006620;31,74230000
-23,74058551;0,49903870;31,28757000
-23,73034551;0,49903870;31,28757000
-23,72010551;0,49903870;31,28757000
-23,70986551;0,49903870;31,74230000
-23,69962551;0,49903870;31,28757000
-23,68938551;0,49903870;31,74230000
-23,67914551;0,51698360;31,74230000
-23,66890551;0,51698360;31,28757000
-23,65866551;0,51698360;31,28757000
-23,64842551;0,53492840;31,74230000
-23,63818551;0,51698360;31,74230000
-23,62794551;0,53492840;31,74230000
-23,61770551;0,53492840;31,28757000
-23,60746551;0,53492840;31,74230000
-23,59722551;0,53492840;31,74230000
-23,58698551;0,55287330;31,74230000
-23,57674551;0,55287330;31,28757000
-23,56650551;0,55287330;31,74230000
-23,55626551;0,55287330;31,28757000
-23,54602551;0,55287330;31,74230000
-23,53578551;0,55287330;31,74230000
-23,52554551;0,56184580;31,74230000
-23,51530551;0,57081820;31,74230000
-23,50506551;0,57081820;31,74230000
-23,49482551;0,57081820;31,74230000
-23,48458551;0,57081820;31,74230000
-23,47434551;0,57081820;32,19703000
-23,46410551;0,57976010;31,28757000
-23,45386551;0,58873250;31,74230000
-23,44362551;0,58873250;31,74230000
-23,43338551;0,58873250;31,28757000
-23,42314551;0,59770500;31,74230000
-23,41290551;0,60667750;31,74230000
-23,40266551;0,60667750;31,74230000
-23,39242551;0,60667750;31,28757000
-23,38218551;0,60667750;31,74230000
-23,37194551;0,60667750;31,74230000
-23,36170551;0,61564990;31,74230000
-23,35146551;0,61564990;31,74230000
-23,34122551;0,61564990;31,74230000
-23,33098551;0,62462230;32,19703000
-23,32074551;0,62462230;32,19703000
-23,31050551;0,63359480;31,74230000
-23,30026551;0,63359480;31,74230000
-23,29002551;0,63359480;31,74230000
-23,27978551;0,64256720;32,19703000
-23,26954551;0,64256720;31,74230000
-23,25930551;0,64256720;32,19703000
-23,24906551;0,64256720;31,74230000
-23,23882551;0,65153970;32,19703000
-23,22858551;0,65153970;32,19703000
-23,21834551;0,66048160;31,74230000
-23,20810551;0,66048160;32,19703000
-23,19786551;0,66048160;31,74230000
-23,18762551;0,66048160;32,19703000
-23,17738551;0,66048160;31,74230000
-23,16714551;0,66945400;31,74230000
-23,15690551;0,66945400;32,19703000
-23,14666552;0,67842640;32,65175000
-23,13642552;0,67842640;31,74230000
-23,12618552;0,67842640;32,19703000
-23,11594552;0,68739890;31,74230000
-23,10570552;0,68739890;32,19703000
-23,09546552;0,67842640;31,74230000
-23,08522552;0,68739890;31,74230000
-23,07498552;0,69637140;31,74230000
-23,06474552;0,69637140;31,74230000
-23,05450552;0,69637140;32,19703000
-23,04426552;0,70534380;32,19703000
-23,03402552;0,70534380;32,19703000
-23,02378552;0,70534380;32,19703000
-23,01354552;0,71431620;32,19703000
-23,00330552;0,71431620;31,74230000
-22,99306552;0,71431620;31,74230000
-22,98282552;0,71431620;32,65175000
-22,97258552;0,71431620;31,74230000
-22,96234552;0,72328870;32,65175000
-22,95210552;0,72328870;32,19703000
-22,94186552;0,73226110;32,65175000
-22,93162552;0,73226110;31,74230000
-22,92138552;0,73226110;32,19703000
-22,91114552;0,73226110;32,19703000
-22,90090552;0,73226110;32,19703000
-22,89066552;0,73226110;31,74230000
-22,88042552;0,73226110;32,19703000
-22,87018552;0,74120300;32,65175000
-22,85994552;0,75017550;31,74230000
-22,84970552;0,74120300;31,74230000
-22,83946552;0,75017550;32,65175000
-22,82922552;0,75017550;31,74230000
-22,81898552;0,75017550;32,19703000
-22,80874552;0,75017550;31,74230000
-22,79850552;0,75914790;32,19703000
-22,78826552;0,75914790;31,74230000
-22,77802552;0,75914790;32,65175000
-22,76778552;0,75914790;32,19703000
-22,75754552;0,76812030;32,19703000
-22,74730552;0,76812030;32,19703000
-22,73706552;0,76812030;32,65175000
-22,72682552;0,76812030;32,19703000
-22,71658552;0,77709280;32,65175000
-22,70634552;0,76812030;32,19703000
-22,69610552;0,77709280;32,19703000
-22,68586552;0,77709280;32,19703000
-22,67562552;0,77709280;31,74230000
-22,66538552;0,77709280;32,19703000
-22,65514552;0,77709280;32,65175000
-22,64490552;0,78606520;32,19703000
-22,63466552;0,78606520;32,19703000
-22,62442552;0,78606520;31,74230000
-22,61418552;0,78606520;32,19703000
-22,60394552;0,78606520;32,65175000
-22,59370552;0,78606520;31,74230000
-22,58346552;0,79503770;31,74230000
-22,57322552;0,79503770;32,19703000
-22,56298552;0,80401020;32,19703000
-22,55274552;0,79503770;32,65175000
-22,54250552;0,80401020;31,74230000
-22,53226552;0,80401020;31,74230000
-22,52202552;0,80401020;32,65175000
-22,51178552;0,80401020;32,65175000
-22,50154552;0,81298260;32,19703000
-22,49130552;0,81298260;32,19703000
-22,48106552;0,80401020;32,19703000
-22,47082552;0,80401020;32,19703000
-22,46058552;0,81298260;32,65175000
-22,45034552;0,81298260;32,19703000
-22,44010552;0,82192450;32,65175000
-22,42986552;0,82192450;32,65175000
-22,41962552;0,82192450;31,74230000
-22,40938552;0,81298260;31,74230000
-22,39914552;0,82192450;31,74230000
-22,38890552;0,82192450;32,65175000
-22,37866552;0,82192450;32,65175000
-22,36842552;0,82192450;31,74230000
-22,35818552;0,82192450;32,19703000
-22,34794552;0,82192450;31,74230000
-22,33770552;0,82192450;31,74230000
-22,32746552;0,82192450;31,74230000
-22,31722552;0,82192450;32,19703000
-22,30698552;0,82192450;32,19703000
-22,29674552;0,83089690;31,74230000
-22,28650552;0,82192450;31,74230000
-22,27626552;0,83089690;32,19703000
-22,26602552;0,82192450;32,19703000
-22,25578552;0,83986940;32,65175000
-22,24554552;0,83089690;32,19703000
-22,23530552;0,83986940;31,74230000
-22,22506552;0,83986940;32,19703000
-22,21482552;0,83986940;32,65175000
-22,20458552;0,83986940;32,65175000
-22,19434552;0,83986940;32,19703000
-22,18410552;0,83986940;31,74230000
-22,17386552;0,83986940;32,65175000
-22,16362552;0,83986940;32,19703000
-22,15338552;0,83986940;31,74230000
-22,14314552;0,83986940;32,19703000
-22,13290552;0,83986940;32,19703000
-22,12266552;0,83986940;32,19703000
-22,11242552;0,83986940;31,74230000
-22,10218552;0,84884180;32,19703000
-22,09194552;0,84884180;32,65175000
-22,08170552;0,83986940;31,74230000
-22,07146552;0,83986940;31,74230000
-22,06122552;0,84884180;32,19703000
-22,05098552;0,84884180;32,19703000
-22,04074552;0,84884180;32,19703000
-22,03050552;0,84884180;32,19703000
-22,02026552;0,84884180;31,74230000
-22,01002552;0,84884180;31,74230000
-21,99978552;0,84884180;32,65175000
-21,98954552;0,84884180;32,19703000
-21,97930552;0,84884180;31,74230000
-21,96906552;0,84884180;31,74230000
-21,95882552;0,84884180;31,74230000
-21,94858552;0,85781430;32,19703000
-21,93834552;0,84884180;32,19703000
-21,92810552;0,85781430;31,74230000
-21,91786552;0,85781430;32,19703000
-21,90762552;0,84884180;32,19703000
-21,89738552;0,85781430;31,74230000
-21,88714552;0,84884180;32,19703000
-21,87690552;0,85781430;31,74230000
-21,86666552;0,85781430;32,19703000
-21,85642552;0,85781430;32,65175000
-21,84618552;0,85781430;32,65175000
-21,83594552;0,84884180;32,19703000
-21,82570552;0,85781430;33,10801000
-21,81546552;0,84884180;32,65175000
-21,80522552;0,84884180;32,19703000
-21,79498552;0,84884180;32,19703000
-21,78474552;0,85781430;31,74230000
-21,77450552;0,85781430;32,19703000
-21,76426552;0,84884180;32,19703000
-21,75402552;0,84884180;31,74230000
-21,74378552;0,84884180;31,74230000
-21,73354552;0,85781430;31,74230000
-21,72330552;0,85781430;32,19703000
-21,71306552;0,85781430;32,19703000
-21,70282552;0,84884180;31,74230000
-21,69258552;0,85781430;31,74230000
-21,68234552;0,84884180;32,19703000
-21,67210552;0,83986940;31,74230000
-21,66186552;0,85781430;32,19703000
-21,65162552;0,84884180;31,28757000
-21,64138552;0,84884180;31,74230000
-21,63114552;0,84884180;32,19703000
-21,62090552;0,84884180;32,19703000
-21,61066552;0,84884180;31,74230000
-21,60042552;0,83986940;31,28757000
-21,59018552;0,84884180;31,74230000
-21,57994552;0,84884180;31,74230000
-21,56970552;0,83986940;31,74230000
-21,55946552;0,83986940;32,65175000
-21,54922552;0,83986940;32,19703000
-21,53898552;0,83986940;31,74230000
-21,52874552;0,83986940;31,28757000
-21,51850552;0,83986940;31,74230000
-21,50826552;0,83986940;31,74230000
-21,49802553;0,83986940;32,65175000
-21,48778553;0,83986940;31,74230000
-21,47754553;0,83986940;32,19703000
-21,46730553;0,83986940;31,74230000
-21,45706553;0,83986940;32,19703000
-21,44682553;0,83986940;31,74230000
-21,43658553;0,83986940;31,74230000
-21,42634553;0,83089690;31,74230000
-21,41610553;0,83089690;31,74230000
-21,40586553;0,83089690;32,19703000
-21,39562553;0,83986940;31,74230000
-21,38538553;0,83089690;31,74230000
-21,37514553;0,83089690;32,19703000
-21,36490553;0,83089690;32,19703000
-21,35466553;0,82192450;31,28757000
-21,34442553;0,82192450;31,74230000
-21,33418553;0,82192450;31,74230000
-21,32394553;0,82192450;32,19703000
-21,31370553;0,82192450;32,19703000
-21,30346553;0,82192450;31,74230000
-21,29322553;0,82192450;31,74230000
-21,28298553;0,82192450;31,74230000
-21,27274553;0,82192450;31,74230000
-21,26250553;0,82192450;32,19703000
-21,25226553;0,82192450;31,74230000
-21,24202553;0,81298260;32,19703000
-21,23178553;0,82192450;31,74230000
-21,22154553;0,81298260;32,65175000
-21,21130553;0,80401020;32,65175000
-21,20106553;0,80401020;31,74230000
-21,19082553;0,80401020;31,74230000
-21,18058553;0,80401020;31,28757000
-21,17034553;0,80401020;31,74230000
-21,16010553;0,80401020;31,74230000
-21,14986553;0,80401020;32,19703000
-21,13962553;0,80401020;31,74230000
-21,12938553;0,80401020;31,74230000
-21,11914553;0,80401020;31,74230000
-21,10890553;0,78606520;31,74230000
-21,09866553;0,78606520;32,19703000
-21,08842553;0,79503770;31,74230000
-21,07818553;0,79503770;31,28757000
-21,06794553;0,78606520;32,19703000
-21,05770553;0,78606520;31,74230000
-21,04746553;0,78606520;31,74230000
-21,03722553;0,78606520;31,74230000
-21,02698553;0,78606520;31,74230000
-21,01674553;0,77709280;31,74230000
-21,00650553;0,77709280;32,19703000
-20,99626553;0,78606520;31,74230000
-20,98602553;0,77709280;31,74230000
-20,97578553;0,77709280;31,74230000
-20,96554553;0,77709280;31,28757000
-20,95530553;0,76812030;31,74230000
-20,94506553;0,76812030;31,28757000
-20,93482553;0,76812030;31,74230000
-20,92458553;0,76812030;31,74230000
-20,91434553;0,76812030;31,74230000
-20,90410553;0,75914790;31,28757000
-20,89386553;0,76812030;31,28757000
-20,88362553;0,75017550;31,74230000
-20,87338553;0,75914790;31,74230000
-20,86314553;0,75017550;31,28757000
-20,85290553;0,75017550;31,28757000
-20,84266553;0,75017550;31,74230000
-20,83242553;0,75017550;31,74230000
-20,82218553;0,74120300;31,28757000
-20,81194553;0,75017550;31,28757000
-20,80170553;0,75017550;31,74230000
-20,79146553;0,74120300;31,28757000
-20,78122553;0,74120300;31,28757000
-20,77098553;0,73226110;31,28757000
-20,76074553;0,73226110;31,28757000
-20,75050553;0,73226110;31,28757000
-20,74026553;0,72328870;31,74230000
-20,73002553;0,73226110;31,74230000
-20,71978553;0,71431620;31,28757000
-20,70954553;0,71431620;31,74230000
-20,69930553;0,71431620;31,74230000
-20,68906553;0,71431620;31,28757000
-20,67882553;0,71431620;31,28757000
-20,66858553;0,71431620;31,28757000
-20,65834553;0,71431620;31,74230000
-20,64810553;0,70534380;31,74230000
-20,63786553;0,69637140;31,74230000
-20,62762553;0,70534380;30,83132000
-20,61738553;0,69637140;31,74230000
-20,60714553;0,69637140;31,28757000
-20,59690553;0,69637140;31,28757000
-20,58666553;0,69637140;31,28757000
-20,57642553;0,69637140;31,28757000
-20,56618553;0,67842640;31,28757000
-20,55594553;0,67842640;31,28757000
-20,54570553;0,67842640;31,28757000
-20,53546553;0,68739890;30,83132000
-20,52522553;0,66945400;31,74230000
-20,51498553;0,66945400;31,74230000
-20,50474553;0,66945400;31,74230000
-20,49450553;0,66945400;31,28757000
-20,48426553;0,66048160;31,28757000
-20,47402553;0,66048160;31,28757000
-20,46378553;0,66048160;31,28757000
-20,45354553;0,66048160;31,28757000
-20,44330553;0,65153970;30,83132000
-20,43306553;0,64256720;31,28757000
-20,42282553;0,64256720;31,28757000
-20,41258553;0,64256720;30,83132000
-20,40234553;0,64256720;31,28757000
-20,39210553;0,64256720;31,28757000
-20,38186553;0,64256720;31,28757000
-20,37162553;0,64256720;31,28757000
-20,36138553;0,63359480;30,83132000
-20,35114553;0,63359480;30,83132000
-20,34090553;0,62462230;30,83132000
-20,33066553;0,62462230;30,83132000
-20,32042553;0,61564990;30,83132000
-20,31018553;0,60667750;31,28757000
-20,29994553;0,61564990;30,83132000
-20,28970553;0,61564990;31,28757000
-20,27946553;0,60667750;30,37660000
-20,26922553;0,60667750;31,28757000
-20,25898553;0,59770500;30,83132000
-20,24874553;0,59770500;30,83132000
-20,23850553;0,59770500;31,28757000
-20,22826553;0,58873250;30,83132000
-20,21802553;0,58873250;30,83132000
-20,20778553;0,58873250;30,37660000
-20,19754553;0,57976010;30,83132000
-20,18730553;0,58873250;30,37660000
-20,17706553;0,57081820;30,37660000
-20,16682553;0,57081820;30,83132000
-20,15658553;0,57081820;30,37660000
-20,14634553;0,57081820;30,83132000
-20,13610553;0,56184580;30,83132000
-20,12586553;0,56184580;30,83132000
-20,11562553;0,55287330;30,37660000
-20,10538553;0,55287330;30,83132000
-20,09514553;0,54390080;31,28757000
-20,08490553;0,53492840;30,37660000
-20,07466553;0,54390080;31,28757000
-20,06442553;0,53492840;30,37660000
-20,05418553;0,53492840;30,83132000
-20,04394553;0,53492840;30,37660000
-20,03370553;0,52595600;30,83132000
-20,02346553;0,52595600;30,83132000
-20,01322553;0,51698360;30,83132000
-20,00298553;0,51698360;30,37660000
-19,99274553;0,51698360;30,37660000
-19,98250553;0,51698360;30,37660000
-19,97226553;0,50801110;30,37660000
-19,96202553;0,49903870;30,83132000
-19,95178553;0,49903870;30,83132000
-19,94154553;0,49903870;29,92187000
-19,93130553;0,49006620;30,37660000
-19,92106553;0,49006620;30,37660000
-19,91082553;0,48112430;29,92187000
-19,90058553;0,48112430;30,37660000
-19,89034553;0,47215180;30,37660000
-19,88010553;0,47215180;29,92187000
-19,86986553;0,46317940;30,37660000
-19,85962553;0,46317940;30,37660000
-19,84938554;0,46317940;29,92187000
-19,83914554;0,46317940;29,92187000
-19,82890554;0,45420700;29,92187000
-19,81866554;0,45420700;29,46715000
-19,80842554;0,44523450;30,37660000
-19,79818554;0,44523450;29,92187000
-19,78794554;0,44523450;29,92187000
-19,77770554;0,42728970;29,92187000
-19,76746554;0,42728970;29,92187000
-19,75722554;0,42728970;29,92187000
-19,74698554;0,42728970;29,92187000
-19,73674554;0,42728970;29,46715000
-19,72650554;0,42728970;29,92187000
-19,71626554;0,40934480;29,01089000
-19,70602554;0,40934480;29,92187000
-19,69578554;0,40934480;29,46715000
-19,68554554;0,40934480;29,92187000
-19,67530554;0,40040280;29,92187000
-19,66506554;0,39143040;29,46715000
-19,65482554;0,39143040;29,92187000
-19,64458554;0,39143040;29,46715000
-19,63434554;0,39143040;29,46715000
-19,62410554;0,38245800;29,92187000
-19,61386554;0,37348550;29,46715000
-19,60362554;0,37348550;29,92187000
-19,59338554;0,36451310;29,46715000
-19,58314554;0,35554060;29,01089000
-19,57290554;0,35554060;29,01089000
-19,56266554;0,36451310;29,01089000
-19,55242554;0,34656820;29,01089000
-19,54218554;0,34656820;29,46715000
-19,53194554;0,34656820;29,46715000
-19,52170554;0,33759580;29,01089000
-19,51146554;0,33759580;29,01089000
-19,50122554;0,31968140;29,01089000
-19,49098554;0,31968140;29,01089000
-19,48074554;0,31968140;29,46715000
-19,47050554;0,31968140;29,01089000
-19,46026554;0,31968140;29,01089000
-19,45002554;0,31070890;29,01089000
-19,43978554;0,31070890;28,55617000
-19,42954554;0,30173650;28,55617000
-19,41930554;0,30173650;28,55617000
-19,40906554;0,30173650;29,46715000
-19,39882554;0,28379160;28,55617000
-19,38858554;0,28379160;28,55617000
-19,37834554;0,28379160;28,10144000
-19,36810554;0,28379160;28,10144000
-19,35786554;0,27481920;29,01089000
-19,34762554;0,26584670;28,55617000
-19,33738554;0,26584670;28,10144000
-19,32714554;0,26584670;28,10144000
-19,31690554;0,25687430;27,64672000
-19,30666554;0,25687430;28,10144000
-19,29642554;0,24790190;28,10144000
-19,28618554;0,24790190;28,10144000
-19,27594554;0,23895990;27,64672000
-19,26570554;0,23895990;28,10144000
-19,25546554;0,22998750;28,10144000
-19,24522554;0,22998750;28,10144000
-19,23498554;0,22998750;27,64672000
-19,22474554;0,21204260;27,19047000
-19,21450554;0,21204260;28,10144000
-19,20426554;0,21204260;27,19047000
-19,19402554;0,21204260;27,64672000
-19,18378554;0,20307020;27,19047000
-19,17354554;0,20307020;27,64672000
-19,16330554;0,19409770;27,19047000
-19,15306554;0,19409770;28,10144000
-19,14282554;0,18512530;27,64672000
-19,13258554;0,17615280;27,19047000
-19,12234554;0,17615280;27,19047000
-19,11210554;0,17615280;27,19047000
-19,10186554;0,16718040;27,19047000
-19,09162554;0,15823850;26,73574000
-19,08138554;0,15823850;26,73574000
-19,07114554;0,15823850;26,73574000
-19,06090554;0,15823850;27,19047000
-19,05066554;0,15823850;27,19047000
-19,04042554;0,14029360;27,19047000
-19,03018554;0,14029360;26,73574000
-19,01994554;0,14029360;26,28101000
-19,00970554;0,13132110;26,28101000
-18,99946554;0,12234870;26,28101000
-18,98922554;0,12234870;26,73574000
-18,97898554;0,12234870;25,82629000
-18,96874554;0,10440380;26,28101000
-18,95850554;0,10440380;26,28101000
-18,94826554;0,10440380;26,28101000
-18,93802554;0,10440380;25,82629000
-18,92778554;0,09543138;26,28101000
-18,91754554;0,08645894;25,37004000
-18,90730554;0,08645894;25,82629000
-18,89706554;0,08645894;25,37004000
-18,88682554;0,07751702;25,82629000
-18,87658554;0,06854457;25,37004000
-18,86634554;0,06854457;25,37004000
-18,85610554;0,06854457;25,37004000
-18,84586554;0,06854457;25,37004000
-18,83562554;0,05957213;24,46058000
-18,82538554;0,05059969;24,46058000
-18,81514554;0,05059969;24,91531000
-18,80490554;0,03265481;24,46058000
-18,79466554;0,03265481;24,46058000
-18,78442554;0,03265481;24,46058000
-18,77418554;0,03265481;24,00586000
-18,76394554;0,03265481;24,00586000
-18,75370554;0,01470992;24,00586000
-18,74346554;0,01470992;23,54961000
-18,73322554;0,01470992;23,09488000
-18,72298554;0,01470992;23,09488000
-18,71274554;-0,00320444;23,09488000
-18,70250554;0,01470992;21,72918000
-18,69226554;-0,00320444;22,64016000
-18,68202554;-0,01214637;22,18543000
-18,67178554;-0,01214637;20,81973000
-18,66154554;-0,02111881;19,45402000
-18,65130554;-0,02111881;7,62199700
-18,64106554;-0,02111881;-16,95303000
-18,63082554;-0,03009125;-20,13916000
-18,62058554;-0,03906369;-15,13260000
-18,61034554;-0,03906369;-15,13260000
-18,60010554;-0,03906369;-16,49831000
-18,58986554;-0,03906369;-16,49831000
-18,57962554;-0,05700858;-16,95303000
-18,56938554;-0,05700858;-16,49831000
-18,55914554;-0,05700858;-16,95303000
-18,54890554;-0,06598102;-17,40776000
-18,53866554;-0,07495346;-17,40776000
-18,52842554;-0,07495346;-17,40776000
-18,51818554;-0,08392590;-17,86401000
-18,50794554;-0,08392590;-17,40776000
-18,49770554;-0,09286782;-17,40776000
-18,48746554;-0,09286782;-17,86401000
-18,47722554;-0,10184030;-17,86401000
-18,46698554;-0,10184030;-17,86401000
-18,45674554;-0,11081270;-17,86401000
-18,44650554;-0,11081270;-17,86401000
-18,43626554;-0,11081270;-17,86401000
-18,42602554;-0,11978520;-17,86401000
-18,41578554;-0,12875760;-18,77346000
-18,40554554;-0,12875760;-18,31874000
-18,39530554;-0,12875760;-18,31874000
-18,38506554;-0,12875760;-19,22819000
-18,37482554;-0,13773000;-18,31874000
-18,36458554;-0,14670250;-18,31874000
-18,35434554;-0,14670250;-18,31874000
-18,34410554;-0,14670250;-19,22819000
-18,33386554;-0,15567490;-19,22819000
-18,32362554;-0,15567490;-18,77346000
-18,31338554;-0,16464740;-19,22819000
-18,30314554;-0,17358930;-19,68444000
-18,29290554;-0,18256170;-18,31874000
-18,28266554;-0,18256170;-19,22819000
-18,27242554;-0,18256170;-19,68444000
-18,26218554;-0,18256170;-19,68444000
-18,25194554;-0,19153420;-19,68444000
-18,24170554;-0,20050660;-20,13916000
-18,23146554;-0,19153420;-19,68444000
-18,22122554;-0,20947900;-19,68444000
-18,21098555;-0,20050660;-19,68444000
-18,20074555;-0,20050660;-19,68444000
-18,19050555;-0,21845150;-19,68444000
-18,18026555;-0,21845150;-20,13916000
-18,17002555;-0,22742390;-19,68444000
-18,15978555;-0,23639640;-19,22819000
-18,14954555;-0,23639640;-19,68444000
-18,13930555;-0,23639640;-20,59389000
-18,12906555;-0,24536880;-20,59389000
-18,11882555;-0,24536880;-20,13916000
-18,10858555;-0,25431070;-20,59389000
-18,09834555;-0,25431070;-20,59389000
-18,08810555;-0,25431070;-20,59389000
-18,07786555;-0,26328320;-20,59389000
-18,06762555;-0,27225560;-20,59389000
-18,05738555;-0,27225560;-21,04861000
-18,04714555;-0,27225560;-21,04861000
-18,03690555;-0,27225560;-20,13916000
-18,02666555;-0,29020050;-19,68444000
-18,01642555;-0,29020050;-20,13916000
-18,00618555;-0,29020050;-20,59389000
-17,99594555;-0,29917290;-20,59389000
-17,98570555;-0,30814540;-20,59389000
-17,97546555;-0,30814540;-20,59389000
-17,96522555;-0,30814540;-20,59389000
-17,95498555;-0,30814540;-20,59389000
-17,94474555;-0,30814540;-21,04861000
-17,93450555;-0,32609030;-21,04861000
-17,92426555;-0,32609030;-20,59389000
-17,91402555;-0,32609030;-21,04861000
-17,90378555;-0,32609030;-21,04861000
-17,89354555;-0,33503220;-21,04861000
-17,88330555;-0,34400460;-21,50487000
-17,87306555;-0,34400460;-21,04861000
-17,86282555;-0,34400460;-21,04861000
-17,85258555;-0,35297710;-21,04861000
-17,84234555;-0,36194950;-21,50487000
-17,83210555;-0,36194950;-21,50487000
-17,82186555;-0,36194950;-21,50487000
-17,81162555;-0,37092200;-21,95959000
-17,80138555;-0,37092200;-21,50487000
-17,79114555;-0,37092200;-21,04861000
-17,78090555;-0,37989440;-21,04861000
-17,77066555;-0,37989440;-21,04861000
-17,76042555;-0,39783930;-21,04861000
-17,75018555;-0,38886680;-21,50487000
-17,73994555;-0,39783930;-21,50487000
-17,72970555;-0,39783930;-21,50487000
-17,71946555;-0,39783930;-21,95959000
-17,70922555;-0,39783930;-21,04861000
-17,69898555;-0,41575370;-21,95959000
-17,68874555;-0,41575370;-21,50487000
-17,67850555;-0,41575370;-21,50487000
-17,66826555;-0,41575370;-21,04861000
-17,65802555;-0,42472610;-21,50487000
-17,64778555;-0,43369850;-21,95959000
-17,63754555;-0,43369850;-21,50487000
-17,62730555;-0,43369850;-21,50487000
-17,61706555;-0,44267100;-21,50487000
-17,60682555;-0,44267100;-21,95959000
-17,59658555;-0,44267100;-21,50487000
-17,58634555;-0,45164340;-21,50487000
-17,57610555;-0,46061590;-21,95959000
-17,56586555;-0,46958830;-22,41432000
-17,55562555;-0,46061590;-21,95959000
-17,54538555;-0,46958830;-21,50487000
-17,53514555;-0,46958830;-21,50487000
-17,52490555;-0,46958830;-21,95959000
-17,51466555;-0,47856070;-22,41432000
-17,50442555;-0,47856070;-21,95959000
-17,49418555;-0,48753320;-22,41432000
-17,48394555;-0,48753320;-21,95959000
-17,47370555;-0,48753320;-21,95959000
-17,46346555;-0,48753320;-22,86905000
-17,45322555;-0,50544760;-22,41432000
-17,44298555;-0,50544760;-22,41432000
-17,43274555;-0,50544760;-21,95959000
-17,42250555;-0,50544760;-22,41432000
-17,41226555;-0,51442000;-21,95959000
-17,40202555;-0,52339240;-22,41432000
-17,39178555;-0,51442000;-22,41432000
-17,38154555;-0,52339240;-22,41432000
-17,37130555;-0,52339240;-21,95959000
-17,36106555;-0,53236490;-21,95959000
-17,35082555;-0,53236490;-22,41432000
-17,34058555;-0,54133730;-22,41432000
-17,33034555;-0,54133730;-22,41432000
-17,32010555;-0,54133730;-21,95959000
-17,30986555;-0,54133730;-22,41432000
-17,29962555;-0,55030980;-21,95959000
-17,28938555;-0,55928220;-22,41432000
-17,27914555;-0,55928220;-22,86905000
-17,26890555;-0,55928220;-22,86905000
-17,25866555;-0,55928220;-22,86905000
-17,24842555;-0,57722710;-22,41432000
-17,23818555;-0,56825460;-21,95959000
-17,22794555;-0,57722710;-22,41432000
-17,21770555;-0,57722710;-22,86905000
-17,20746555;-0,57722710;-22,41432000
-17,19722555;-0,58616900;-22,41432000
-17,18698555;-0,58616900;-22,86905000
-17,17674555;-0,59514150;-22,41432000
-17,16650555;-0,58616900;-22,41432000
-17,15626555;-0,59514150;-22,41432000
-17,14602555;-0,60411390;-22,41432000
-17,13578555;-0,60411390;-22,41432000
-17,12554555;-0,60411390;-21,95959000
-17,11530555;-0,60411390;-22,41432000
-17,10506555;-0,61308630;-22,86905000
-17,09482555;-0,61308630;-22,86905000
-17,08458555;-0,61308630;-22,86905000
-17,07434555;-0,61308630;-22,86905000
-17,06410555;-0,63103120;-22,86905000
-17,05386555;-0,63103120;-22,86905000
-17,04362555;-0,63103120;-23,32530000
-17,03338555;-0,63103120;-22,41432000
-17,02314555;-0,63103120;-22,86905000
-17,01290555;-0,63103120;-22,86905000
-17,00266555;-0,63103120;-22,86905000
-16,99242555;-0,64897610;-22,41432000
-16,98218555;-0,64897610;-22,86905000
-16,97194555;-0,64897610;-23,32530000
-16,96170555;-0,65794860;-22,41432000
-16,95146555;-0,64897610;-22,86905000
-16,94122555;-0,65794860;-22,41432000
-16,93098555;-0,65794860;-22,86905000
-16,92074555;-0,66689040;-22,86905000
-16,91050555;-0,66689040;-22,86905000
-16,90026555;-0,66689040;-22,86905000
-16,89002555;-0,66689040;-22,86905000
-16,87978555;-0,67586290;-22,41432000
-16,86954555;-0,68483540;-22,41432000
-16,85930555;-0,68483540;-23,32530000
-16,84906555;-0,68483540;-22,86905000
-16,83882555;-0,68483540;-22,86905000
-16,82858555;-0,68483540;-22,86905000
-16,81834555;-0,68483540;-22,86905000
-16,80810555;-0,69380780;-22,86905000
-16,79786555;-0,68483540;-22,86905000
-16,78762555;-0,70278020;-22,86905000
-16,77738555;-0,70278020;-22,41432000
-16,76714555;-0,70278020;-23,32530000
-16,75690555;-0,70278020;-22,86905000
-16,74666555;-0,71175270;-22,86905000
-16,73642555;-0,70278020;-22,86905000
-16,72618555;-0,71175270;-22,86905000
-16,71594555;-0,70278020;-23,32530000
-16,70570555;-0,72072510;-22,86905000
-16,69546555;-0,72072510;-23,32530000
-16,68522555;-0,72072510;-22,86905000
-16,67498555;-0,72969760;-23,32530000
-16,66474555;-0,72072510;-22,86905000
-16,65450555;-0,72969760;-22,86905000
-16,64426555;-0,72072510;-22,86905000
-16,63402555;-0,72969760;-22,86905000
-16,62378555;-0,73867000;-23,32530000
-16,61354555;-0,73867000;-22,86905000
-16,60330555;-0,73867000;-22,86905000
-16,59306555;-0,73867000;-23,32530000
-16,58282555;-0,73867000;-23,32530000
-16,57258555;-0,74761190;-22,86905000
-16,56234556;-0,74761190;-22,86905000
-16,55210556;-0,74761190;-22,41432000
-16,54186556;-0,74761190;-22,86905000
-16,53162556;-0,75658430;-22,86905000
-16,52138556;-0,75658430;-23,32530000
-16,51114556;-0,75658430;-22,86905000
-16,50090556;-0,75658430;-22,86905000
-16,49066556;-0,75658430;-22,86905000
-16,48042556;-0,75658430;-22,86905000
-16,47018556;-0,76555680;-23,32530000
-16,45994556;-0,76555680;-22,86905000
-16,44970556;-0,76555680;-23,32530000
-16,43946556;-0,77452930;-22,86905000
-16,42922556;-0,77452930;-22,86905000
-16,41898556;-0,77452930;-22,86905000
-16,40874556;-0,77452930;-23,32530000
-16,39850556;-0,77452930;-22,41432000
-16,38826556;-0,77452930;-22,86905000
-16,37802556;-0,78350170;-22,86905000
-16,36778556;-0,77452930;-22,86905000
-16,35754556;-0,78350170;-22,86905000
-16,34730556;-0,79247420;-23,32530000
-16,33706556;-0,78350170;-22,86905000
-16,32682556;-0,79247420;-23,32530000
-16,31658556;-0,79247420;-22,86905000
-16,30634556;-0,78350170;-23,32530000
-16,29610556;-0,79247420;-22,86905000
-16,28586556;-0,79247420;-22,86905000
-16,27562556;-0,79247420;-23,32530000
-16,26538556;-0,79247420;-23,32530000
-16,25514556;-0,80144660;-22,86905000
-16,24490556;-0,79247420;-22,86905000
-16,23466556;-0,80144660;-23,32530000
-16,22442556;-0,81041900;-22,86905000
-16,21418556;-0,80144660;-22,86905000
-16,20394556;-0,81041900;-22,86905000
-16,19370556;-0,81041900;-22,86905000
-16,18346556;-0,80144660;-22,86905000
-16,17322556;-0,81041900;-22,86905000
-16,16298556;-0,81041900;-22,86905000
-16,15274556;-0,81041900;-22,86905000
-16,14250556;-0,81041900;-22,86905000
-16,13226556;-0,81041900;-23,32530000
-16,12202556;-0,81939150;-22,86905000
-16,11178556;-0,81939150;-22,86905000
-16,10154556;-0,81939150;-23,32530000
-16,09130556;-0,81939150;-22,86905000
-16,08106556;-0,81041900;-23,32530000
-16,07082556;-0,82833340;-23,32530000
-16,06058556;-0,81939150;-22,86905000
-16,05034556;-0,82833340;-23,32530000
-16,04010556;-0,82833340;-22,86905000
-16,02986556;-0,82833340;-22,86905000
-16,01962556;-0,82833340;-23,32530000
-16,00938556;-0,82833340;-22,86905000
-15,99914556;-0,82833340;-23,32530000
-15,98890556;-0,82833340;-23,32530000
-15,97866556;-0,82833340;-22,86905000
-15,96842556;-0,82833340;-23,32530000
-15,95818556;-0,82833340;-22,86905000
-15,94794556;-0,82833340;-23,32530000
-15,93770556;-0,82833340;-22,86905000
-15,92746556;-0,82833340;-23,32530000
-15,91722556;-0,83730580;-23,78002000
-15,90698556;-0,83730580;-23,32530000
-15,89674556;-0,83730580;-22,86905000
-15,88650556;-0,82833340;-22,86905000
-15,87626556;-0,83730580;-22,86905000
-15,86602556;-0,83730580;-22,86905000
-15,85578556;-0,82833340;-22,86905000
-15,84554556;-0,83730580;-22,41432000
-15,83530556;-0,83730580;-22,86905000
-15,82506556;-0,84627830;-22,86905000
-15,81482556;-0,84627830;-22,86905000
-15,80458556;-0,84627830;-23,32530000
-15,79434556;-0,83730580;-22,86905000
-15,78410556;-0,83730580;-22,86905000
-15,77386556;-0,83730580;-22,41432000
-15,76362556;-0,84627830;-22,86905000
-15,75338556;-0,84627830;-22,86905000
-15,74314556;-0,84627830;-22,86905000
-15,73290556;-0,84627830;-22,86905000
-15,72266556;-0,83730580;-22,86905000
-15,71242556;-0,84627830;-22,86905000
-15,70218556;-0,84627830;-22,86905000
-15,69194556;-0,84627830;-23,32530000
-15,68170556;-0,84627830;-22,86905000
-15,67146556;-0,84627830;-22,86905000
-15,66122556;-0,84627830;-21,95959000
-15,65098556;-0,84627830;-22,86905000
-15,64074556;-0,84627830;-22,86905000
-15,63050556;-0,84627830;-23,32530000
-15,62026556;-0,84627830;-23,32530000
-15,61002556;-0,84627830;-23,32530000
-15,59978556;-0,84627830;-22,86905000
-15,58954556;-0,84627830;-23,32530000
-15,57930556;-0,84627830;-22,86905000
-15,56906556;-0,84627830;-22,86905000
-15,55882556;-0,84627830;-22,86905000
-15,54858556;-0,84627830;-21,95959000
-15,53834556;-0,84627830;-22,86905000
-15,52810556;-0,84627830;-22,41432000
-15,51786556;-0,84627830;-22,86905000
-15,50762556;-0,84627830;-22,86905000
-15,49738556;-0,84627830;-22,86905000
-15,48714556;-0,84627830;-22,86905000
-15,47690556;-0,83730580;-22,86905000
-15,46666556;-0,84627830;-22,86905000
-15,45642556;-0,84627830;-22,86905000
-15,44618556;-0,84627830;-22,86905000
-15,43594556;-0,84627830;-22,41432000
-15,42570556;-0,84627830;-22,86905000
-15,41546556;-0,84627830;-22,86905000
-15,40522556;-0,84627830;-22,86905000
-15,39498556;-0,84627830;-23,32530000
-15,38474556;-0,84627830;-22,41432000
-15,37450556;-0,84627830;-22,86905000
-15,36426556;-0,84627830;-22,86905000
-15,35402556;-0,84627830;-22,41432000
-15,34378556;-0,83730580;-22,41432000
-15,33354556;-0,84627830;-22,86905000
-15,32330556;-0,83730580;-23,32530000
-15,31306556;-0,83730580;-22,86905000
-15,30282556;-0,83730580;-22,86905000
-15,29258556;-0,83730580;-22,41432000
-15,28234556;-0,82833340;-21,95959000
-15,27210556;-0,83730580;-22,41432000
-15,26186556;-0,83730580;-22,41432000
-15,25162556;-0,83730580;-22,86905000
-15,24138556;-0,82833340;-22,86905000
-15,23114556;-0,82833340;-22,86905000
-15,22090556;-0,82833340;-22,86905000
-15,21066556;-0,82833340;-22,41432000
-15,20042556;-0,82833340;-22,86905000
-15,19018556;-0,82833340;-22,86905000
-15,17994556;-0,82833340;-22,41432000
-15,16970556;-0,82833340;-22,86905000
-15,15946556;-0,82833340;-22,86905000
-15,14922556;-0,82833340;-22,41432000
-15,13898556;-0,82833340;-21,95959000
-15,12874556;-0,82833340;-22,41432000
-15,11850556;-0,82833340;-22,86905000
-15,10826556;-0,82833340;-22,86905000
-15,09802556;-0,81939150;-22,86905000
-15,08778556;-0,81939150;-22,41432000
-15,07754556;-0,82833340;-22,41432000
-15,06730556;-0,81041900;-22,86905000
-15,05706556;-0,81939150;-22,86905000
-15,04682556;-0,81041900;-22,41432000
-15,03658556;-0,81939150;-21,95959000
-15,02634556;-0,81041900;-22,86905000
-15,01610556;-0,81041900;-22,41432000
-15,00586556;-0,81041900;-22,86905000
-14,99562556;-0,81041900;-22,86905000
-14,98538556;-0,80144660;-21,95959000
-14,97514556;-0,81041900;-22,86905000
-14,96490556;-0,80144660;-21,95959000
-14,95466556;-0,81041900;-22,86905000
-14,94442556;-0,80144660;-22,41432000
-14,93418556;-0,79247420;-22,41432000
-14,92394556;-0,79247420;-22,86905000
-14,91370557;-0,80144660;-22,86905000
-14,90346557;-0,79247420;-22,41432000
-14,89322557;-0,79247420;-22,41432000
-14,88298557;-0,79247420;-22,86905000
-14,87274557;-0,79247420;-21,95959000
-14,86250557;-0,79247420;-22,41432000
-14,85226557;-0,79247420;-22,41432000
-14,84202557;-0,79247420;-22,41432000
-14,83178557;-0,79247420;-22,41432000
-14,82154557;-0,78350170;-21,95959000
-14,81130557;-0,77452930;-22,41432000
-14,80106557;-0,77452930;-21,95959000
-14,79082557;-0,77452930;-22,41432000
-14,78058557;-0,77452930;-21,95959000
-14,77034557;-0,77452930;-21,95959000
-14,76010557;-0,77452930;-22,41432000
-14,74986557;-0,77452930;-22,41432000
-14,73962557;-0,77452930;-22,41432000
-14,72938557;-0,76555680;-21,50487000
-14,71914557;-0,76555680;-21,95959000
-14,70890557;-0,77452930;-22,86905000
-14,69866557;-0,75658430;-22,86905000
-14,68842557;-0,76555680;-22,86905000
-14,67818557;-0,75658430;-22,41432000
-14,66794557;-0,75658430;-22,86905000
-14,65770557;-0,75658430;-22,41432000
-14,64746557;-0,75658430;-21,95959000
-14,63722557;-0,75658430;-22,41432000
-14,62698557;-0,74761190;-21,95959000
-14,61674557;-0,74761190;-21,95959000
-14,60650557;-0,75658430;-21,95959000
-14,59626557;-0,75658430;-22,41432000
-14,58602557;-0,73867000;-21,95959000
-14,57578557;-0,73867000;-21,95959000
-14,56554557;-0,73867000;-22,86905000
-14,55530557;-0,73867000;-21,95959000
-14,54506557;-0,72969760;-21,95959000
-14,53482557;-0,72969760;-21,95959000
-14,52458557;-0,72969760;-21,95959000
-14,51434557;-0,72969760;-21,95959000
-14,50410557;-0,72072510;-21,95959000
-14,49386557;-0,72072510;-21,50487000
-14,48362557;-0,72072510;-21,95959000
-14,47338557;-0,72072510;-21,95959000
-14,46314557;-0,72072510;-21,95959000
-14,45290557;-0,70278020;-21,50487000
-14,44266557;-0,70278020;-22,41432000
-14,43242557;-0,70278020;-21,95959000
-14,42218557;-0,70278020;-21,50487000
-14,41194557;-0,70278020;-21,95959000
-14,40170557;-0,70278020;-21,95959000
-14,39146557;-0,70278020;-22,41432000
-14,38122557;-0,69380780;-21,95959000
-14,37098557;-0,68483540;-21,95959000
-14,36074557;-0,68483540;-21,50487000
-14,35050557;-0,68483540;-21,95959000
-14,34026557;-0,68483540;-21,50487000
-14,33002557;-0,68483540;-21,50487000
-14,31978557;-0,68483540;-21,95959000
-14,30954557;-0,68483540;-21,95959000
-14,29930557;-0,67586290;-21,50487000
-14,28906557;-0,67586290;-22,41432000
-14,27882557;-0,66689040;-21,95959000
-14,26858557;-0,66689040;-21,50487000
-14,25834557;-0,66689040;-22,41432000
-14,24810557;-0,66689040;-21,50487000
-14,23786557;-0,65794860;-21,95959000
-14,22762557;-0,65794860;-21,50487000
-14,21738557;-0,65794860;-21,50487000
-14,20714557;-0,64897610;-21,95959000
-14,19690557;-0,64897610;-21,50487000
-14,18666557;-0,64897610;-21,95959000
-14,17642557;-0,64897610;-21,50487000
-14,16618557;-0,64897610;-21,50487000
-14,15594557;-0,64000370;-21,95959000
-14,14570557;-0,63103120;-21,50487000
-14,13546557;-0,63103120;-21,95959000
-14,12522557;-0,63103120;-21,95959000
-14,11498557;-0,62205870;-21,50487000
-14,10474557;-0,62205870;-21,50487000
-14,09450557;-0,62205870;-22,41432000
-14,08426557;-0,61308630;-21,95959000
-14,07402557;-0,61308630;-21,50487000
-14,06378557;-0,61308630;-21,50487000
-14,05354557;-0,60411390;-21,50487000
-14,04330557;-0,59514150;-21,04861000
-14,03306557;-0,60411390;-21,95959000
-14,02282557;-0,59514150;-21,50487000
-14,01258557;-0,59514150;-21,50487000
-14,00234557;-0,59514150;-21,50487000
-13,99210557;-0,58616900;-21,95959000
-13,98186557;-0,58616900;-21,50487000
-13,97162557;-0,57722710;-21,04861000
-13,96138557;-0,58616900;-21,04861000
-13,95114557;-0,57722710;-21,50487000
-13,94090557;-0,57722710;-21,04861000
-13,93066557;-0,57722710;-21,50487000
-13,92042557;-0,55928220;-21,50487000
-13,91018557;-0,55928220;-21,50487000
-13,89994557;-0,55928220;-21,50487000
-13,88970557;-0,55928220;-21,04861000
-13,87946557;-0,55030980;-21,04861000
-13,86922557;-0,55030980;-21,50487000
-13,85898557;-0,54133730;-21,50487000
-13,84874557;-0,54133730;-21,04861000
-13,83850557;-0,54133730;-21,04861000
-13,82826557;-0,54133730;-21,04861000
-13,81802557;-0,53236490;-21,04861000
-13,80778557;-0,52339240;-21,04861000
-13,79754557;-0,53236490;-21,04861000
-13,78730557;-0,52339240;-21,04861000
-13,77706557;-0,52339240;-21,04861000
-13,76682557;-0,52339240;-21,04861000
-13,75658557;-0,50544760;-21,50487000
-13,74634557;-0,50544760;-21,50487000
-13,73610557;-0,50544760;-21,04861000
-13,72586557;-0,50544760;-21,04861000
-13,71562557;-0,48753320;-21,04861000
-13,70538557;-0,48753320;-21,04861000
-13,69514557;-0,48753320;-21,04861000
-13,68490557;-0,48753320;-21,04861000
-13,67466557;-0,48753320;-21,04861000
-13,66442557;-0,47856070;-20,59389000
-13,65418557;-0,47856070;-21,04861000
-13,64394557;-0,46958830;-20,59389000
-13,63370557;-0,46958830;-21,04861000
-13,62346557;-0,46958830;-21,04861000
-13,61322557;-0,45164340;-20,59389000
-13,60298557;-0,45164340;-20,59389000
-13,59274557;-0,45164340;-20,59389000
-13,58250557;-0,45164340;-21,04861000
-13,57226557;-0,44267100;-21,04861000
-13,56202557;-0,44267100;-21,04861000
-13,55178557;-0,43369850;-20,59389000
-13,54154557;-0,43369850;-20,59389000
-13,53130557;-0,43369850;-20,59389000
-13,52106557;-0,43369850;-20,59389000
-13,51082557;-0,42472610;-20,59389000
-13,50058557;-0,42472610;-20,13916000
-13,49034557;-0,41575370;-21,04861000
-13,48010557;-0,41575370;-20,59389000
-13,46986557;-0,41575370;-20,13916000
-13,45962557;-0,40681170;-20,59389000
-13,44938557;-0,40681170;-21,04861000
-13,43914557;-0,39783930;-20,13916000
-13,42890557;-0,39783930;-20,59389000
-13,41866557;-0,39783930;-20,13916000
-13,40842557;-0,38886680;-19,68444000
-13,39818557;-0,37989440;-20,13916000
-13,38794557;-0,37989440;-19,68444000
-13,37770557;-0,37989440;-20,13916000
-13,36746557;-0,37092200;-20,13916000
-13,35722557;-0,37092200;-20,13916000
-13,34698557;-0,36194950;-19,68444000
-13,33674557;-0,36194950;-19,68444000
-13,32650557;-0,35297710;-20,13916000
-13,31626557;-0,35297710;-20,13916000
-13,30602557;-0,34400460;-20,13916000
-13,29578557;-0,34400460;-20,13916000
-13,28554557;-0,34400460;-19,68444000
-13,27530558;-0,34400460;-20,13916000
-13,26506558;-0,32609030;-19,22819000
-13,25482558;-0,32609030;-19,22819000
-13,24458558;-0,32609030;-19,68444000
-13,23434558;-0,32609030;-19,68444000
-13,22410558;-0,30814540;-19,68444000
-13,21386558;-0,30814540;-19,22819000
-13,20362558;-0,30814540;-19,68444000
-13,19338558;-0,30814540;-19,22819000
-13,18314558;-0,29020050;-18,77346000
-13,17290558;-0,29020050;-19,22819000
-13,16266558;-0,29020050;-19,68444000
-13,15242558;-0,29020050;-19,22819000
-13,14218558;-0,29020050;-19,68444000
-13,13194558;-0,27225560;-19,68444000
-13,12170558;-0,27225560;-18,77346000
-13,11146558;-0,27225560;-19,22819000
-13,10122558;-0,27225560;-19,22819000
-13,09098558;-0,26328320;-18,77346000
-13,08074558;-0,26328320;-18,77346000
-13,07050558;-0,25431070;-19,22819000
-13,06026558;-0,25431070;-19,22819000
-13,05002558;-0,24536880;-19,22819000
-13,03978558;-0,23639640;-18,77346000
-13,02954558;-0,23639640;-19,22819000
-13,01930558;-0,23639640;-18,77346000
-13,00906558;-0,22742390;-18,31874000
-12,99882558;-0,21845150;-19,22819000
-12,98858558;-0,21845150;-18,31874000
-12,97834558;-0,21845150;-18,77346000
-12,96810558;-0,20947900;-18,77346000
-12,95786558;-0,21845150;-19,22819000
-12,94762558;-0,20050660;-18,31874000
-12,93738558;-0,20050660;-18,31874000
-12,92714558;-0,19153420;-18,31874000
-12,91690558;-0,19153420;-17,86401000
-12,90666558;-0,18256170;-17,86401000
-12,89642558;-0,18256170;-18,31874000
-12,88618558;-0,17358930;-18,31874000
-12,87594558;-0,18256170;-18,31874000
-12,86570558;-0,16464740;-17,86401000
-12,85546558;-0,16464740;-17,86401000
-12,84522558;-0,16464740;-16,95303000
-12,83498558;-0,15567490;-17,86401000
-12,82474558;-0,15567490;-17,86401000
-12,81450558;-0,14670250;-17,86401000
-12,80426558;-0,14670250;-17,40776000
-12,79402558;-0,13773000;-17,40776000
-12,78378558;-0,12875760;-17,40776000
-12,77354558;-0,13773000;-17,86401000
-12,76330558;-0,12875760;-17,40776000
-12,75306558;-0,11978520;-17,40776000
-12,74282558;-0,11978520;-16,95303000
-12,73258558;-0,11081270;-16,95303000
-12,72234558;-0,11081270;-16,95303000
-12,71210558;-0,10184030;-16,95303000
-12,70186558;-0,11081270;-16,95303000
-12,69162558;-0,10184030;-16,49831000
-12,68138558;-0,09286782;-16,95303000
-12,67114558;-0,09286782;-16,04358000
-12,66090558;-0,08392590;-16,49831000
-12,65066558;-0,08392590;-16,49831000
-12,64042558;-0,07495346;-16,04358000
-12,63018558;-0,06598102;-16,49831000
-12,61994558;-0,05700858;-16,04358000
-12,60970558;-0,06598102;-16,49831000
-12,59946558;-0,05700858;-15,58733000
-12,58922558;-0,05700858;-15,58733000
-12,57898558;-0,05700858;-15,58733000
-12,56874558;-0,03906369;-15,58733000
-12,55850558;-0,03906369;-15,58733000
-12,54826558;-0,03906369;-15,58733000
-12,53802558;-0,03009125;-15,13260000
-12,52778558;-0,02111881;-14,67788000
-12,51754558;-0,02111881;-15,13260000
-12,50730558;-0,02111881;-14,67788000
-12,49706558;-0,01214637;-14,22315000
-12,48682558;-0,01214637;-14,67788000
-12,47658558;-0,00320444;-13,76690000
-12,46634558;-0,00320444;-14,22315000
-12,45610558;-0,00320444;-13,76690000
-12,44586558;0,01470992;-13,76690000
-12,43562558;0,01470992;-13,31217000
-12,42538558;0,02368236;-12,85745000
-12,41514558;0,02368236;-12,85745000
-12,40490558;0,02368236;-11,94647000
-12,39466558;0,03265481;-9,21658900
-12,38442558;0,03265481;5,80156900
-12,37418558;0,03265481;27,64672000
-12,36394558;0,04162725;28,10144000
-12,35370558;0,05059969;23,54961000
-12,34346558;0,05059969;24,46058000
-12,33322558;0,05957213;25,82629000
-12,32298558;0,06854457;25,82629000
-12,31274558;0,06854457;25,37004000
-12,30250558;0,06854457;25,82629000
-12,29226558;0,07751702;25,82629000
-12,28202558;0,08645894;26,28101000
-12,27178558;0,08645894;25,82629000
-12,26154558;0,08645894;26,28101000
-12,25130558;0,09543138;26,28101000
-12,24106558;0,09543138;26,28101000
-12,23082558;0,10440380;27,19047000
-12,22058558;0,10440380;26,73574000
-12,21034558;0,10440380;27,19047000
-12,20010558;0,11337630;27,19047000
-12,18986558;0,12234870;27,19047000
-12,17962558;0,12234870;27,19047000
-12,16938558;0,13132110;27,64672000
-12,15914558;0,13132110;27,19047000
-12,14890558;0,14029360;27,64672000
-12,13866558;0,14029360;27,64672000
-12,12842558;0,15823850;28,10144000
-12,11818558;0,14926600;28,10144000
-12,10794558;0,15823850;27,64672000
-12,09770558;0,15823850;28,10144000
-12,08746558;0,15823850;28,10144000
-12,07722558;0,16718040;28,10144000
-12,06698558;0,17615280;28,10144000
-12,05674558;0,17615280;28,55617000
-12,04650558;0,17615280;28,55617000
-12,03626558;0,17615280;28,10144000
-12,02602558;0,19409770;28,55617000
-12,01578558;0,19409770;28,55617000
-12,00554558;0,19409770;28,10144000
-11,99530558;0,19409770;28,55617000
-11,98506558;0,20307020;28,55617000
-11,97482558;0,21204260;29,01089000
-11,96458558;0,21204260;29,01089000
-11,95434558;0,21204260;28,55617000
-11,94410558;0,22101510;29,01089000
-11,93386558;0,22998750;29,46715000
-11,92362558;0,22998750;29,46715000
-11,91338558;0,22998750;29,01089000
-11,90314558;0,23895990;29,01089000
-11,89290558;0,23895990;29,46715000
-11,88266558;0,24790190;29,01089000
-11,87242558;0,24790190;29,46715000
-11,86218558;0,25687430;29,46715000
-11,85194558;0,26584670;29,46715000
-11,84170558;0,25687430;29,46715000
-11,83146558;0,26584670;29,46715000
-11,82122558;0,27481920;29,46715000
-11,81098558;0,28379160;29,01089000
-11,80074558;0,28379160;28,55617000
-11,79050558;0,28379160;29,46715000
-11,78026558;0,28379160;29,92187000
-11,77002558;0,28379160;29,92187000
-11,75978558;0,30173650;29,46715000
-11,74954558;0,30173650;30,37660000
-11,73930558;0,30173650;29,92187000
-11,72906558;0,31070890;30,37660000
-11,71882558;0,31070890;29,92187000
-11,70858558;0,31968140;29,92187000
-11,69834558;0,31968140;30,37660000
-11,68810558;0,31968140;29,92187000
-11,67786558;0,32862330;29,92187000
-11,66762558;0,32862330;30,37660000
-11,65738558;0,33759580;30,83132000
-11,64714558;0,33759580;30,37660000
-11,63690558;0,34656820;30,37660000
-11,62666559;0,34656820;29,92187000
-11,61642559;0,35554060;29,92187000
-11,60618559;0,35554060;30,83132000
-11,59594559;0,37348550;30,37660000
-11,58570559;0,37348550;30,83132000
-11,57546559;0,37348550;30,37660000
-11,56522559;0,37348550;30,83132000
-11,55498559;0,37348550;29,92187000
-11,54474559;0,37348550;30,37660000
-11,53450559;0,38245800;30,37660000
-11,52426559;0,39143040;30,83132000
-11,51402559;0,39143040;30,37660000
-11,50378559;0,39143040;30,83132000
-11,49354559;0,40040280;30,37660000
-11,48330559;0,40934480;30,37660000
-11,47306559;0,40934480;30,83132000
-11,46282559;0,40934480;30,83132000
-11,45258559;0,41831720;30,83132000
-11,44234559;0,41831720;30,37660000
-11,43210559;0,42728970;31,28757000
-11,42186559;0,42728970;30,83132000
-11,41162559;0,42728970;30,83132000
-11,40138559;0,42728970;31,28757000
-11,39114559;0,42728970;30,83132000
-11,38090559;0,44523450;30,83132000
-11,37066559;0,44523450;30,83132000
-11,36042559;0,44523450;31,28757000
-11,35018559;0,44523450;31,28757000
-11,33994559;0,46317940;30,83132000
-11,32970559;0,46317940;30,83132000
-11,31946559;0,46317940;31,28757000
-11,30922559;0,46317940;31,28757000
-11,29898559;0,46317940;31,28757000
-11,28874559;0,46317940;31,28757000
-11,27850559;0,48112430;30,83132000
-11,26826559;0,48112430;31,28757000
-11,25802559;0,48112430;30,83132000
-11,24778559;0,48112430;30,83132000
-11,23754559;0,49006620;31,28757000
-11,22730559;0,49903870;31,28757000
-11,21706559;0,49903870;31,28757000
-11,20682559;0,49903870;31,74230000
-11,19658559;0,49903870;31,28757000
-11,18634559;0,51698360;31,28757000
-11,17610559;0,51698360;31,28757000
-11,16586559;0,51698360;31,28757000
-11,15562559;0,52595600;31,74230000
-11,14538559;0,52595600;31,28757000
-11,13514559;0,53492840;31,28757000
-11,12490559;0,53492840;31,74230000
-11,11466559;0,53492840;31,74230000
-11,10442559;0,53492840;31,74230000
-11,09418559;0,54390080;31,28757000
-11,08394559;0,54390080;31,28757000
-11,07370559;0,55287330;31,28757000
-11,06346559;0,55287330;31,28757000
-11,05322559;0,55287330;31,28757000
-11,04298559;0,56184580;31,74230000
-11,03274559;0,57081820;31,28757000
-11,02250559;0,56184580;31,28757000
-11,01226559;0,57081820;31,74230000
-11,00202559;0,57081820;31,74230000
-10,99178559;0,57081820;31,28757000
-10,98154559;0,57976010;31,28757000
-10,97130559;0,57976010;31,28757000
-10,96106559;0,58873250;31,74230000
-10,95082559;0,58873250;31,74230000
-10,94058559;0,58873250;31,28757000
-10,93034559;0,58873250;31,74230000
-10,92010559;0,59770500;31,28757000
-10,90986559;0,59770500;31,28757000
-10,89962559;0,59770500;31,74230000
-10,88938559;0,60667750;31,74230000
-10,87914559;0,60667750;31,74230000
-10,86890559;0,61564990;31,74230000
-10,85866559;0,60667750;31,74230000
-10,84842559;0,61564990;31,74230000
-10,83818559;0,61564990;31,74230000
-10,82794559;0,62462230;31,74230000
-10,81770559;0,62462230;31,74230000
-10,80746559;0,62462230;31,28757000
-10,79722559;0,62462230;31,74230000
-10,78698559;0,63359480;31,74230000
-10,77674559;0,64256720;31,74230000
-10,76650559;0,64256720;31,74230000
-10,75626559;0,64256720;31,74230000
-10,74602559;0,65153970;31,74230000
-10,73578559;0,65153970;31,74230000
-10,72554559;0,65153970;31,74230000
-10,71530559;0,66048160;31,74230000
-10,70506559;0,66048160;32,19703000
-10,69482559;0,66048160;32,19703000
-10,68458559;0,66945400;31,74230000
-10,67434559;0,67842640;31,74230000
-10,66410559;0,66945400;31,74230000
-10,65386559;0,67842640;31,74230000
-10,64362559;0,67842640;31,74230000
-10,63338559;0,67842640;31,74230000
-10,62314559;0,67842640;31,74230000
-10,61290559;0,68739890;31,74230000
-10,60266559;0,68739890;31,74230000
-10,59242559;0,68739890;31,74230000
-10,58218559;0,69637140;32,19703000
-10,57194559;0,69637140;32,19703000
-10,56170559;0,69637140;31,74230000
-10,55146559;0,69637140;32,19703000
-10,54122559;0,69637140;31,74230000
-10,53098559;0,70534380;31,28757000
-10,52074559;0,70534380;31,74230000
-10,51050559;0,71431620;31,74230000
-10,50026559;0,70534380;31,74230000
-10,49002559;0,71431620;31,74230000
-10,47978559;0,71431620;31,74230000
-10,46954559;0,71431620;31,74230000
-10,45930559;0,71431620;31,74230000
-10,44906559;0,71431620;32,19703000
-10,43882559;0,73226110;32,19703000
-10,42858559;0,72328870;32,19703000
-10,41834559;0,73226110;31,74230000
-10,40810559;0,73226110;32,19703000
-10,39786559;0,73226110;32,65175000
-10,38762559;0,74120300;31,74230000
-10,37738559;0,74120300;31,74230000
-10,36714559;0,74120300;31,74230000
-10,35690559;0,74120300;31,74230000
-10,34666559;0,75017550;31,74230000
-10,33642559;0,75017550;31,74230000
-10,32618559;0,75017550;31,74230000
-10,31594559;0,75017550;32,19703000
-10,30570559;0,75017550;31,74230000
-10,29546559;0,75914790;31,74230000
-10,28522559;0,75914790;31,74230000
-10,27498559;0,76812030;32,19703000
-10,26474559;0,75914790;32,19703000
-10,25450559;0,75914790;31,74230000
-10,24426559;0,75914790;32,19703000
-10,23402559;0,76812030;32,19703000
-10,22378559;0,76812030;31,74230000
-10,21354559;0,76812030;31,74230000
-10,20330559;0,77709280;31,74230000
-10,19306559;0,76812030;31,74230000
-10,18282559;0,77709280;32,19703000
-10,17258559;0,77709280;31,74230000
-10,16234559;0,77709280;31,28757000
-10,15210559;0,78606520;31,74230000
-10,14186559;0,78606520;32,65175000
-10,13162559;0,78606520;32,19703000
-10,12138559;0,78606520;31,74230000
-10,11114559;0,78606520;32,19703000
-10,10090559;0,78606520;32,19703000
-10,09066559;0,78606520;32,19703000
-10,08042559;0,79503770;32,19703000
-10,07018559;0,78606520;31,74230000
-10,05994559;0,78606520;31,74230000
-10,04970559;0,78606520;32,19703000
-10,03946559;0,78606520;32,19703000
-10,02922559;0,80401020;32,19703000
-10,01898559;0,80401020;31,74230000
-10,00874559;0,80401020;32,19703000
-9,99850559;0,80401020;32,19703000
-9,98826559;0,80401020;32,19703000
-9,97802560;0,80401020;31,74230000
-9,96778560;0,80401020;32,65175000
-9,95754560;0,81298260;31,74230000
-9,94730560;0,81298260;31,74230000
-9,93706560;0,81298260;31,74230000
-9,92682560;0,81298260;31,74230000
-9,91658560;0,82192450;32,19703000
-9,90634560;0,82192450;31,74230000
-9,89610560;0,82192450;32,65175000
-9,88586560;0,82192450;31,74230000
-9,87562560;0,82192450;31,74230000
-9,86538560;0,82192450;32,65175000
-9,85514560;0,82192450;31,74230000
-9,84490560;0,82192450;32,19703000
-9,83466560;0,82192450;31,74230000
-9,82442560;0,82192450;32,19703000
-9,81418560;0,83089690;32,19703000
-9,80394560;0,83089690;32,19703000
-9,79370560;0,82192450;32,19703000
-9,78346560;0,83089690;32,19703000
-9,77322560;0,83986940;31,74230000
-9,76298560;0,83089690;31,28757000
-9,75274560;0,83089690;32,19703000
-9,74250560;0,83986940;31,74230000
-9,73226560;0,83089690;32,19703000
-9,72202560;0,83089690;32,19703000
-9,71178560;0,83986940;31,74230000
-9,70154560;0,83986940;31,74230000
-9,69130560;0,83986940;32,19703000
-9,68106560;0,83986940;31,74230000
-9,67082560;0,84884180;31,74230000
-9,66058560;0,83986940;31,74230000
-9,65034560;0,83986940;31,74230000
-9,64010560;0,83986940;31,74230000
-9,62986560;0,83986940;32,19703000
-9,61962560;0,83986940;31,74230000
-9,60938560;0,84884180;32,19703000
-9,59914560;0,83986940;31,74230000
-9,58890560;0,84884180;31,74230000
-9,57866560;0,84884180;31,74230000
-9,56842560;0,83986940;32,19703000
-9,55818560;0,84884180;31,74230000
-9,54794560;0,84884180;32,65175000
-9,53770560;0,85781430;32,19703000
-9,52746560;0,84884180;31,28757000
-9,51722560;0,83986940;32,19703000
-9,50698560;0,84884180;31,74230000
-9,49674560;0,84884180;32,65175000
-9,48650560;0,84884180;31,74230000
-9,47626560;0,84884180;32,19703000
-9,46602560;0,85781430;32,19703000
-9,45578560;0,85781430;31,74230000
-9,44554560;0,84884180;31,74230000
-9,43530560;0,85781430;31,74230000
-9,42506560;0,83986940;31,28757000
-9,41482560;0,85781430;31,74230000
-9,40458560;0,84884180;32,19703000
-9,39434560;0,84884180;32,19703000
-9,38410560;0,85781430;31,74230000
-9,37386560;0,85781430;32,65175000
-9,36362560;0,84884180;32,19703000
-9,35338560;0,85781430;31,74230000
-9,34314560;0,85781430;31,74230000
-9,33290560;0,84884180;31,74230000
-9,32266560;0,85781430;31,74230000
-9,31242560;0,85781430;31,74230000
-9,30218560;0,85781430;31,74230000
-9,29194560;0,85781430;32,19703000
-9,28170560;0,85781430;31,74230000
-9,27146560;0,85781430;31,74230000
-9,26122560;0,84884180;32,19703000
-9,25098560;0,85781430;32,65175000
-9,24074560;0,84884180;32,19703000
-9,23050560;0,85781430;31,74230000
-9,22026560;0,84884180;31,74230000
-9,21002560;0,84884180;32,65175000
-9,19978560;0,84884180;32,19703000
-9,18954560;0,85781430;31,74230000
-9,17930560;0,85781430;31,74230000
-9,16906560;0,84884180;32,19703000
-9,15882560;0,84884180;32,19703000
-9,14858560;0,84884180;31,74230000
-9,13834560;0,85781430;31,74230000
-9,12810560;0,84884180;31,28757000
-9,11786560;0,84884180;31,74230000
-9,10762560;0,84884180;31,74230000
-9,09738560;0,84884180;31,74230000
-9,08714560;0,84884180;31,74230000
-9,07690560;0,83986940;31,74230000
-9,06666560;0,84884180;31,74230000
-9,05642560;0,83986940;32,19703000
-9,04618560;0,83986940;31,74230000
-9,03594560;0,83986940;31,74230000
-9,02570560;0,83986940;31,74230000
-9,01546560;0,83986940;31,74230000
-9,00522560;0,83986940;31,74230000
-8,99498560;0,83986940;31,28757000
-8,98474560;0,83986940;31,74230000
-8,97450560;0,83986940;31,74230000
-8,96426560;0,83089690;31,74230000
-8,95402560;0,83986940;31,74230000
-8,94378560;0,83089690;31,74230000
-8,93354560;0,83986940;31,74230000
-8,92330560;0,83089690;31,74230000
-8,91306560;0,83089690;31,74230000
-8,90282560;0,83089690;31,74230000
-8,89258560;0,82192450;31,74230000
-8,88234560;0,82192450;31,74230000
-8,87210560;0,83089690;31,74230000
-8,86186560;0,82192450;31,74230000
-8,85162560;0,82192450;31,28757000
-8,84138560;0,82192450;32,19703000
-8,83114560;0,82192450;31,74230000
-8,82090560;0,82192450;31,74230000
-8,81066560;0,82192450;31,28757000
-8,80042560;0,82192450;31,28757000
-8,79018560;0,82192450;31,74230000
-8,77994560;0,81298260;31,74230000
-8,76970560;0,82192450;31,74230000
-8,75946560;0,81298260;31,74230000
-8,74922560;0,81298260;31,74230000
-8,73898560;0,82192450;31,74230000
-8,72874560;0,81298260;31,28757000
-8,71850560;0,81298260;31,74230000
-8,70826560;0,80401020;31,74230000
-8,69802560;0,80401020;31,28757000
-8,68778560;0,80401020;31,28757000
-8,67754560;0,80401020;31,28757000
-8,66730560;0,80401020;31,28757000
-8,65706560;0,79503770;32,19703000
-8,64682560;0,80401020;31,74230000
-8,63658560;0,80401020;31,74230000
-8,62634560;0,80401020;31,74230000
-8,61610560;0,79503770;31,74230000
-8,60586560;0,78606520;31,74230000
-8,59562560;0,79503770;32,19703000
-8,58538560;0,78606520;31,74230000
-8,57514560;0,78606520;31,28757000
-8,56490560;0,78606520;31,74230000
-8,55466560;0,78606520;31,74230000
-8,54442560;0,78606520;31,74230000
-8,53418560;0,78606520;31,28757000
-8,52394560;0,78606520;31,28757000
-8,51370560;0,78606520;31,28757000
-8,50346560;0,77709280;31,28757000
-8,49322560;0,77709280;31,28757000
-8,48298560;0,77709280;31,28757000
-8,47274560;0,77709280;31,28757000
-8,46250560;0,76812030;31,28757000
-8,45226560;0,76812030;31,28757000
-8,44202560;0,76812030;31,28757000
-8,43178560;0,76812030;31,74230000
-8,42154560;0,76812030;31,74230000
-8,41130560;0,76812030;31,28757000
-8,40106560;0,75914790;31,74230000
-8,39082560;0,75017550;31,74230000
-8,38058560;0,75017550;31,74230000
-8,37034560;0,75017550;31,74230000
-8,36010560;0,75017550;31,74230000
-8,34986560;0,75017550;31,74230000
-8,33962561;0,75017550;31,74230000
-8,32938561;0,75017550;31,74230000
-8,31914561;0,75017550;31,28757000
-8,30890561;0,74120300;31,74230000
-8,29866561;0,74120300;31,74230000
-8,28842561;0,74120300;31,74230000
-8,27818561;0,73226110;31,28757000
-8,26794561;0,73226110;31,28757000
-8,25770561;0,73226110;31,28757000
-8,24746561;0,73226110;31,28757000
-8,23722561;0,72328870;31,28757000
-8,22698561;0,73226110;31,28757000
-8,21674561;0,71431620;31,28757000
-8,20650561;0,72328870;31,74230000
-8,19626561;0,72328870;31,28757000
-8,18602561;0,71431620;31,28757000
-8,17578561;0,71431620;31,28757000
-8,16554561;0,71431620;31,74230000
-8,15530561;0,70534380;31,28757000
-8,14506561;0,70534380;31,28757000
-8,13482561;0,69637140;31,28757000
-8,12458561;0,69637140;31,28757000
-8,11434561;0,69637140;31,28757000
-8,10410561;0,69637140;31,28757000
-8,09386561;0,69637140;31,28757000
-8,08362561;0,68739890;31,28757000
-8,07338561;0,68739890;31,28757000
-8,06314561;0,69637140;30,83132000
-8,05290561;0,68739890;31,28757000
-8,04266561;0,67842640;31,28757000
-8,03242561;0,67842640;30,83132000
-8,02218561;0,67842640;31,28757000
-8,01194561;0,67842640;30,83132000
-8,00170561;0,66048160;30,83132000
-7,99146561;0,66048160;30,83132000
-7,98122561;0,66048160;31,28757000
-7,97098561;0,66048160;31,28757000
-7,96074561;0,66048160;31,28757000
-7,95050561;0,65153970;31,28757000
-7,94026561;0,66048160;31,28757000
-7,93002561;0,64256720;30,83132000
-7,91978561;0,64256720;30,83132000
-7,90954561;0,64256720;30,83132000
-7,89930561;0,64256720;31,28757000
-7,88906561;0,64256720;30,83132000
-7,87882561;0,64256720;30,83132000
-7,86858561;0,63359480;31,74230000
-7,85834561;0,63359480;30,37660000
-7,84810561;0,62462230;30,83132000
-7,83786561;0,62462230;30,83132000
-7,82762561;0,62462230;31,28757000
-7,81738561;0,61564990;30,83132000
-7,80714561;0,60667750;29,92187000
-7,79690561;0,61564990;30,83132000
-7,78666561;0,60667750;31,28757000
-7,77642561;0,60667750;30,83132000
-7,76618561;0,59770500;30,83132000
-7,75594561;0,59770500;30,83132000
-7,74570561;0,59770500;31,28757000
-7,73546561;0,58873250;30,83132000
-7,72522561;0,58873250;30,83132000
-7,71498561;0,58873250;30,37660000
-7,70474561;0,58873250;30,37660000
-7,69450561;0,58873250;30,83132000
-7,68426561;0,57976010;30,83132000
-7,67402561;0,57081820;30,83132000
-7,66378561;0,57081820;30,83132000
-7,65354561;0,57081820;30,83132000
-7,64330561;0,57081820;30,83132000
-7,63306561;0,56184580;30,83132000
-7,62282561;0,55287330;29,92187000
-7,61258561;0,55287330;30,83132000
-7,60234561;0,55287330;30,37660000
-7,59210561;0,55287330;30,37660000
-7,58186561;0,53492840;30,83132000
-7,57162561;0,53492840;30,37660000
-7,56138561;0,53492840;30,37660000
-7,55114561;0,53492840;30,37660000
-7,54090561;0,53492840;30,83132000
-7,53066561;0,53492840;30,37660000
-7,52042561;0,52595600;30,37660000
-7,51018561;0,51698360;29,92187000
-7,49994561;0,51698360;30,83132000
-7,48970561;0,51698360;30,83132000
-7,47946561;0,51698360;30,37660000
-7,46922561;0,49903870;30,83132000
-7,45898561;0,49903870;30,83132000
-7,44874561;0,49903870;29,46715000
-7,43850561;0,49006620;29,92187000
-7,42826561;0,49006620;29,92187000
-7,41802561;0,49006620;30,83132000
-7,40778561;0,48112430;30,37660000
-7,39754561;0,48112430;30,37660000
-7,38730561;0,48112430;29,92187000
-7,37706561;0,46317940;29,92187000
-7,36682561;0,46317940;29,92187000
-7,35658561;0,46317940;29,92187000
-7,34634561;0,46317940;30,37660000
-7,33610561;0,45420700;30,37660000
-7,32586561;0,45420700;29,92187000
-7,31562561;0,44523450;29,92187000
-7,30538561;0,44523450;29,46715000
-7,29514561;0,44523450;29,46715000
-7,28490561;0,43626210;29,92187000
-7,27466561;0,43626210;29,46715000
-7,26442561;0,42728970;29,46715000
-7,25418561;0,42728970;29,46715000
-7,24394561;0,42728970;29,92187000
-7,23370561;0,41831720;29,92187000
-7,22346561;0,41831720;29,92187000
-7,21322561;0,40934480;29,46715000
-7,20298561;0,40934480;29,01089000
-7,19274561;0,40934480;29,92187000
-7,18250561;0,39143040;29,92187000
-7,17226561;0,40934480;29,92187000
-7,16202561;0,39143040;29,46715000
-7,15178561;0,39143040;29,46715000
-7,14154561;0,38245800;29,01089000
-7,13130561;0,38245800;29,46715000
-7,12106561;0,37348550;29,01089000
-7,11082561;0,37348550;29,46715000
-7,10058561;0,37348550;29,92187000
-7,09034561;0,36451310;29,46715000
-7,08010561;0,35554060;29,46715000
-7,06986561;0,35554060;29,01089000
-7,05962561;0,35554060;29,01089000
-7,04938561;0,35554060;29,01089000
-7,03914561;0,35554060;28,55617000
-7,02890561;0,34656820;29,46715000
-7,01866561;0,33759580;29,46715000
-7,00842561;0,33759580;29,01089000
-6,99818561;0,32862330;28,55617000
-6,98794561;0,32862330;29,01089000
-6,97770561;0,31968140;29,46715000
-6,96746561;0,31070890;29,01089000
-6,95722561;0,31968140;28,55617000
-6,94698561;0,31070890;29,01089000
-6,93674561;0,30173650;28,55617000
-6,92650561;0,30173650;28,55617000
-6,91626561;0,30173650;29,01089000
-6,90602561;0,30173650;28,10144000
-6,89578561;0,28379160;28,55617000
-6,88554561;0,28379160;29,01089000
-6,87530561;0,28379160;28,55617000
-6,86506561;0,27481920;28,10144000
-6,85482561;0,27481920;28,10144000
-6,84458561;0,26584670;28,55617000
-6,83434561;0,26584670;28,10144000
-6,82410561;0,26584670;28,10144000
-6,81386561;0,25687430;28,10144000
-6,80362561;0,24790190;28,55617000
-6,79338561;0,24790190;28,10144000
-6,78314561;0,24790190;28,10144000
-6,77290561;0,24790190;28,10144000
-6,76266561;0,22998750;28,10144000
-6,75242561;0,22998750;28,10144000
-6,74218561;0,22998750;28,10144000
-6,73194561;0,22101510;27,64672000
-6,72170561;0,22101510;27,64672000
-6,71146561;0,21204260;27,64672000
-6,70122561;0,21204260;27,19047000
-6,69098562;0,21204260;27,19047000
-6,68074562;0,20307020;27,19047000
-6,67050562;0,19409770;27,64672000
-6,66026562;0,19409770;27,64672000
-6,65002562;0,18512530;27,64672000
-6,63978562;0,17615280;26,73574000
-6,62954562;0,17615280;27,19047000
-6,61930562;0,17615280;27,64672000
-6,60906562;0,16718040;27,19047000
-6,59882562;0,17615280;26,73574000
-6,58858562;0,15823850;26,73574000
-6,57834562;0,15823850;27,19047000
-6,56810562;0,15823850;27,19047000
-6,55786562;0,14926600;26,73574000
-6,54762562;0,14029360;26,28101000
-6,53738562;0,14029360;26,73574000
-6,52714562;0,14029360;26,28101000
-6,51690562;0,13132110;26,73574000
-6,50666562;0,13132110;25,82629000
-6,49642562;0,12234870;26,28101000
-6,48618562;0,12234870;25,82629000
-6,47594562;0,12234870;26,28101000
-6,46570562;0,11337630;25,82629000
-6,45546562;0,10440380;25,82629000
-6,44522562;0,09543138;25,82629000
-6,43498562;0,09543138;25,82629000
-6,42474562;0,09543138;25,82629000
-6,41450562;0,08645894;25,37004000
-6,40426562;0,08645894;25,82629000
-6,39402562;0,08645894;25,82629000
-6,38378562;0,08645894;25,37004000
-6,37354562;0,06854457;24,91531000
-6,36330562;0,06854457;24,46058000
-6,35306562;0,06854457;25,37004000
-6,34282562;0,05957213;24,46058000
-6,33258562;0,05059969;24,46058000
-6,32234562;0,05957213;24,91531000
-6,31210562;0,05059969;24,91531000
-6,30186562;0,03265481;24,00586000
-6,29162562;0,03265481;24,46058000
-6,28138562;0,03265481;24,00586000
-6,27114562;0,03265481;24,00586000
-6,26090562;0,02368236;23,54961000
-6,25066562;0,03265481;24,00586000
-6,24042562;0,01470992;23,54961000
-6,23018562;0,01470992;23,09488000
-6,21994562;0,01470992;23,09488000
-6,20970562;-0,00320444;23,09488000
-6,19946562;-0,00320444;22,64016000
-6,18922562;-0,00320444;21,27445000
-6,17898562;-0,00320444;21,72918000
-6,16874562;-0,02111881;20,81973000
-6,15850562;-0,02111881;16,72414000
-6,14826562;-0,02111881;-1,93487300
-6,13802562;-0,02111881;-20,59389000
-6,12778562;-0,03906369;-17,40776000
-6,11754562;-0,03906369;-14,67788000
-6,10730562;-0,03906369;-15,58733000
-6,09706562;-0,03906369;-16,49831000
-6,08682562;-0,04803614;-16,95303000
-6,07658562;-0,05700858;-16,95303000
-6,06634562;-0,05700858;-16,95303000
-6,05610562;-0,06598102;-16,95303000
-6,04586562;-0,07495346;-16,95303000
-6,03562562;-0,07495346;-16,95303000
-6,02538562;-0,07495346;-16,95303000
-6,01514562;-0,07495346;-17,86401000
-6,00490562;-0,09286782;-16,95303000
-5,99466562;-0,09286782;-17,40776000
-5,98442562;-0,09286782;-17,86401000
-5,97418562;-0,09286782;-18,31874000
-5,96394562;-0,11081270;-17,86401000
-5,95370562;-0,11081270;-17,86401000
-5,94346562;-0,11081270;-18,31874000
-5,93322562;-0,11081270;-18,31874000
-5,92298562;-0,11081270;-18,31874000
-5,91274562;-0,11978520;-18,77346000
-5,90250562;-0,12875760;-18,31874000
-5,89226562;-0,12875760;-18,31874000
-5,88202562;-0,13773000;-18,77346000
-5,87178562;-0,14670250;-18,77346000
-5,86154562;-0,14670250;-19,22819000
-5,85130562;-0,14670250;-19,22819000
-5,84106562;-0,14670250;-19,22819000
-5,83082562;-0,16464740;-19,22819000
-5,82058562;-0,16464740;-19,22819000
-5,81034562;-0,16464740;-19,22819000
-5,80010562;-0,16464740;-19,22819000
-5,78986562;-0,17358930;-19,22819000
-5,77962562;-0,18256170;-19,22819000
-5,76938562;-0,18256170;-19,68444000
-5,75914562;-0,18256170;-19,22819000
-5,74890562;-0,19153420;-20,13916000
-5,73866562;-0,19153420;-19,68444000
-5,72842562;-0,20050660;-19,22819000
-5,71818562;-0,20050660;-19,68444000
-5,70794562;-0,20050660;-19,68444000
-5,69770562;-0,20947900;-20,13916000
-5,68746562;-0,21845150;-19,68444000
-5,67722562;-0,21845150;-19,68444000
-5,66698562;-0,22742390;-19,68444000
-5,65674562;-0,23639640;-20,59389000
-5,64650562;-0,22742390;-20,13916000
-5,63626562;-0,23639640;-20,13916000
-5,62602562;-0,24536880;-20,13916000
-5,61578562;-0,25431070;-20,13916000
-5,60554562;-0,25431070;-20,13916000
-5,59530562;-0,25431070;-20,13916000
-5,58506562;-0,25431070;-20,13916000
-5,57482562;-0,27225560;-20,59389000
-5,56458562;-0,26328320;-20,13916000
-5,55434562;-0,27225560;-20,13916000
-5,54410562;-0,27225560;-21,04861000
-5,53386562;-0,27225560;-20,59389000
-5,52362562;-0,29020050;-21,04861000
-5,51338562;-0,29020050;-20,59389000
-5,50314562;-0,29020050;-20,13916000
-5,49290562;-0,29020050;-21,04861000
-5,48266562;-0,30814540;-20,59389000
-5,47242562;-0,30814540;-21,04861000
-5,46218562;-0,30814540;-21,04861000
-5,45194562;-0,30814540;-20,59389000
-5,44170562;-0,31711780;-20,59389000
-5,43146562;-0,31711780;-21,04861000
-5,42122562;-0,32609030;-21,04861000
-5,41098562;-0,32609030;-20,59389000
-5,40074562;-0,33503220;-21,04861000
-5,39050562;-0,34400460;-21,04861000
-5,38026562;-0,34400460;-21,50487000
-5,37002562;-0,34400460;-20,59389000
-5,35978562;-0,34400460;-21,50487000
-5,34954562;-0,34400460;-21,04861000
-5,33930562;-0,36194950;-21,04861000
-5,32906562;-0,36194950;-21,50487000
-5,31882562;-0,36194950;-21,04861000
-5,30858562;-0,36194950;-21,04861000
-5,29834562;-0,37092200;-21,50487000
-5,28810562;-0,37989440;-21,50487000
-5,27786562;-0,37989440;-21,50487000
-5,26762562;-0,37989440;-21,04861000
-5,25738562;-0,38886680;-21,95959000
-5,24714562;-0,39783930;-21,95959000
-5,23690562;-0,39783930;-21,95959000
-5,22666562;-0,39783930;-21,50487000
-5,21642562;-0,39783930;-21,95959000
-5,20618562;-0,40681170;-21,95959000
-5,19594562;-0,40681170;-21,50487000
-5,18570562;-0,41575370;-21,50487000
-5,17546562;-0,41575370;-21,50487000
-5,16522562;-0,43369850;-21,95959000
-5,15498562;-0,43369850;-21,95959000
-5,14474562;-0,43369850;-21,95959000
-5,13450562;-0,43369850;-21,95959000
-5,12426562;-0,43369850;-21,95959000
-5,11402562;-0,44267100;-21,95959000
-5,10378562;-0,45164340;-21,95959000
-5,09354562;-0,45164340;-21,95959000
-5,08330562;-0,45164340;-22,41432000
-5,07306562;-0,46061590;-21,95959000
-5,06282562;-0,46958830;-21,95959000
-5,05258562;-0,46958830;-21,95959000
-5,04234563;-0,46061590;-21,95959000
-5,03210563;-0,46958830;-21,95959000
-5,02186563;-0,47856070;-22,41432000
-5,01162563;-0,47856070;-21,95959000
-5,00138563;-0,47856070;-21,95959000
-4,99114563;-0,48753320;-21,95959000
-4,98090563;-0,48753320;-21,95959000
-4,97066563;-0,48753320;-21,95959000
-4,96042563;-0,49647510;-21,95959000
-4,95018563;-0,50544760;-22,41432000
-4,93994563;-0,49647510;-21,95959000
-4,92970563;-0,50544760;-22,41432000
-4,91946563;-0,50544760;-21,95959000
-4,90922563;-0,51442000;-22,41432000
-4,89898563;-0,51442000;-22,41432000
-4,88874563;-0,51442000;-21,95959000
-4,87850563;-0,52339240;-22,41432000
-4,86826563;-0,52339240;-21,95959000
-4,85802563;-0,52339240;-22,41432000
-4,84778563;-0,54133730;-22,41432000
-4,83754563;-0,54133730;-22,86905000
-4,82730563;-0,54133730;-22,41432000
-4,81706563;-0,54133730;-22,86905000
-4,80682563;-0,54133730;-22,41432000
-4,79658563;-0,55030980;-22,86905000
-4,78634563;-0,55928220;-22,86905000
-4,77610563;-0,55928220;-21,95959000
-4,76586563;-0,55928220;-22,86905000
-4,75562563;-0,57722710;-22,86905000
-4,74538563;-0,55928220;-22,41432000
-4,73514563;-0,57722710;-21,95959000
-4,72490563;-0,57722710;-22,86905000
-4,71466563;-0,57722710;-22,41432000
-4,70442563;-0,57722710;-22,86905000
-4,69418563;-0,57722710;-22,41432000
-4,68394563;-0,58616900;-22,86905000
-4,67370563;-0,59514150;-21,95959000
-4,66346563;-0,59514150;-22,41432000
-4,65322563;-0,59514150;-22,86905000
-4,64298563;-0,59514150;-22,86905000
-4,63274563;-0,61308630;-22,86905000
-4,62250563;-0,61308630;-22,86905000
-4,61226563;-0,61308630;-22,41432000
-4,60202563;-0,61308630;-22,86905000
-4,59178563;-0,61308630;-22,86905000
-4,58154563;-0,61308630;-22,41432000
-4,57130563;-0,62205870;-22,41432000
-4,56106563;-0,63103120;-22,86905000
-4,55082563;-0,63103120;-22,86905000
-4,54058563;-0,63103120;-22,86905000
-4,53034563;-0,63103120;-22,86905000
-4,52010563;-0,63103120;-22,41432000
-4,50986563;-0,63103120;-22,86905000
-4,49962563;-0,64897610;-22,41432000
-4,48938563;-0,64897610;-22,86905000
-4,47914563;-0,64897610;-22,86905000
-4,46890563;-0,64897610;-22,86905000
-4,45866563;-0,64897610;-22,86905000
-4,44842563;-0,65794860;-22,86905000
-4,43818563;-0,64897610;-22,86905000
-4,42794563;-0,66689040;-22,86905000
-4,41770563;-0,66689040;-22,41432000
-4,40746563;-0,66689040;-23,32530000
-4,39722563;-0,66689040;-22,86905000
-4,38698563;-0,67586290;-22,86905000
-4,37674563;-0,68483540;-22,41432000
-4,36650563;-0,68483540;-22,86905000
-4,35626563;-0,68483540;-22,86905000
-4,34602563;-0,68483540;-22,86905000
-4,33578563;-0,68483540;-22,86905000
-4,32554563;-0,68483540;-22,86905000
-4,31530563;-0,68483540;-22,41432000
-4,30506563;-0,68483540;-22,86905000
-4,29482563;-0,68483540;-22,86905000
-4,28458563;-0,69380780;-22,86905000
-4,27434563;-0,70278020;-22,86905000
-4,26410563;-0,70278020;-22,86905000
-4,25386563;-0,70278020;-22,86905000
-4,24362563;-0,70278020;-22,86905000
-4,23338563;-0,70278020;-23,78002000
-4,22314563;-0,71175270;-22,86905000
-4,21290563;-0,72072510;-22,86905000
-4,20266563;-0,72072510;-22,41432000
-4,19242563;-0,72072510;-22,86905000
-4,18218563;-0,72072510;-22,41432000
-4,17194563;-0,72072510;-22,86905000
-4,16170563;-0,72072510;-22,86905000
-4,15146563;-0,72969760;-22,86905000
-4,14122563;-0,72969760;-22,86905000
-4,13098563;-0,72969760;-22,86905000
-4,12074563;-0,73867000;-22,41432000
-4,11050563;-0,73867000;-22,86905000
-4,10026563;-0,73867000;-22,86905000
-4,09002563;-0,73867000;-22,86905000
-4,07978563;-0,74761190;-23,32530000
-4,06954563;-0,74761190;-22,86905000
-4,05930563;-0,73867000;-22,86905000
-4,04906563;-0,74761190;-22,86905000
-4,03882563;-0,74761190;-22,41432000
-4,02858563;-0,75658430;-22,86905000
-4,01834563;-0,75658430;-22,86905000
-4,00810563;-0,75658430;-22,86905000
-3,99786563;-0,75658430;-22,86905000
-3,98762563;-0,75658430;-22,41432000
-3,97738563;-0,75658430;-22,86905000
-3,96714563;-0,76555680;-22,86905000
-3,95690563;-0,76555680;-22,86905000
-3,94666563;-0,76555680;-22,86905000
-3,93642563;-0,77452930;-23,32530000
-3,92618563;-0,76555680;-22,86905000
-3,91594563;-0,77452930;-22,86905000
-3,90570563;-0,77452930;-22,86905000
-3,89546563;-0,77452930;-22,86905000
-3,88522563;-0,77452930;-22,86905000
-3,87498563;-0,77452930;-22,41432000
-3,86474563;-0,77452930;-22,86905000
-3,85450563;-0,79247420;-22,86905000
-3,84426563;-0,79247420;-22,86905000
-3,83402563;-0,78350170;-22,86905000
-3,82378563;-0,79247420;-22,86905000
-3,81354563;-0,79247420;-22,86905000
-3,80330563;-0,79247420;-23,32530000
-3,79306563;-0,79247420;-22,86905000
-3,78282563;-0,79247420;-23,32530000
-3,77258563;-0,79247420;-22,86905000
-3,76234563;-0,79247420;-22,86905000
-3,75210563;-0,79247420;-22,86905000
-3,74186563;-0,80144660;-22,86905000
-3,73162563;-0,79247420;-23,32530000
-3,72138563;-0,80144660;-22,86905000
-3,71114563;-0,80144660;-22,41432000
-3,70090563;-0,81041900;-22,86905000
-3,69066563;-0,80144660;-22,86905000
-3,68042563;-0,81041900;-22,86905000
-3,67018563;-0,81041900;-22,86905000
-3,65994563;-0,80144660;-22,41432000
-3,64970563;-0,81041900;-22,86905000
-3,63946563;-0,81041900;-22,86905000
-3,62922563;-0,81939150;-23,32530000
-3,61898563;-0,81939150;-22,86905000
-3,60874563;-0,81041900;-22,86905000
-3,59850563;-0,81939150;-22,86905000
-3,58826563;-0,82833340;-22,86905000
-3,57802563;-0,82833340;-23,32530000
-3,56778563;-0,82833340;-23,32530000
-3,55754563;-0,82833340;-23,32530000
-3,54730563;-0,82833340;-23,32530000
-3,53706563;-0,81939150;-22,41432000
-3,52682563;-0,82833340;-22,86905000
-3,51658563;-0,82833340;-23,32530000
-3,50634563;-0,82833340;-22,86905000
-3,49610563;-0,82833340;-23,32530000
-3,48586563;-0,82833340;-22,86905000
-3,47562563;-0,82833340;-22,86905000
-3,46538563;-0,82833340;-22,86905000
-3,45514563;-0,82833340;-22,41432000
-3,44490563;-0,82833340;-21,95959000
-3,43466563;-0,82833340;-22,86905000
-3,42442563;-0,83730580;-22,86905000
-3,41418563;-0,82833340;-22,41432000
-3,40394564;-0,82833340;-22,41432000
-3,39370564;-0,83730580;-22,86905000
-3,38346564;-0,83730580;-22,86905000
-3,37322564;-0,84627830;-22,86905000
-3,36298564;-0,83730580;-22,86905000
-3,35274564;-0,84627830;-22,86905000
-3,34250564;-0,83730580;-22,86905000
-3,33226564;-0,83730580;-23,32530000
-3,32202564;-0,84627830;-22,86905000
-3,31178564;-0,84627830;-22,86905000
-3,30154564;-0,84627830;-22,86905000
-3,29130564;-0,83730580;-22,86905000
-3,28106564;-0,83730580;-22,41432000
-3,27082564;-0,84627830;-22,86905000
-3,26058564;-0,83730580;-22,86905000
-3,25034564;-0,84627830;-22,86905000
-3,24010564;-0,84627830;-22,86905000
-3,22986564;-0,84627830;-22,86905000
-3,21962564;-0,84627830;-22,86905000
-3,20938564;-0,84627830;-22,86905000
-3,19914564;-0,84627830;-22,86905000
-3,18890564;-0,84627830;-22,86905000
-3,17866564;-0,84627830;-22,86905000
-3,16842564;-0,84627830;-22,86905000
-3,15818564;-0,84627830;-22,86905000
-3,14794564;-0,84627830;-22,86905000
-3,13770564;-0,84627830;-22,86905000
-3,12746564;-0,84627830;-23,32530000
-3,11722564;-0,84627830;-22,86905000
-3,10698564;-0,84627830;-22,86905000
-3,09674564;-0,84627830;-22,86905000
-3,08650564;-0,84627830;-22,86905000
-3,07626564;-0,84627830;-22,86905000
-3,06602564;-0,84627830;-22,86905000
-3,05578564;-0,84627830;-22,86905000
-3,04554564;-0,84627830;-22,86905000
-3,03530564;-0,84627830;-22,86905000
-3,02506564;-0,84627830;-22,86905000
-3,01482564;-0,84627830;-22,86905000
-3,00458564;-0,84627830;-22,86905000
-2,99434564;-0,84627830;-22,41432000
-2,98410564;-0,84627830;-22,86905000
-2,97386564;-0,84627830;-22,86905000
-2,96362564;-0,84627830;-22,41432000
-2,95338564;-0,84627830;-22,86905000
-2,94314564;-0,84627830;-22,86905000
-2,93290564;-0,84627830;-22,86905000
-2,92266564;-0,84627830;-22,86905000
-2,91242564;-0,83730580;-22,41432000
-2,90218564;-0,83730580;-22,86905000
-2,89194564;-0,84627830;-22,86905000
-2,88170564;-0,84627830;-22,86905000
-2,87146564;-0,83730580;-22,86905000
-2,86122564;-0,84627830;-22,86905000
-2,85098564;-0,83730580;-22,86905000
-2,84074564;-0,83730580;-22,41432000
-2,83050564;-0,83730580;-22,41432000
-2,82026564;-0,83730580;-22,86905000
-2,81002564;-0,83730580;-22,86905000
-2,79978564;-0,83730580;-22,86905000
-2,78954564;-0,83730580;-22,86905000
-2,77930564;-0,83730580;-22,41432000
-2,76906564;-0,82833340;-23,32530000
-2,75882564;-0,83730580;-22,41432000
-2,74858564;-0,82833340;-22,86905000
-2,73834564;-0,83730580;-22,86905000
-2,72810564;-0,82833340;-22,41432000
-2,71786564;-0,83730580;-22,86905000
-2,70762564;-0,82833340;-22,86905000
-2,69738564;-0,82833340;-22,86905000
-2,68714564;-0,82833340;-22,86905000
-2,67690564;-0,82833340;-22,86905000
-2,66666564;-0,82833340;-22,41432000
-2,65642564;-0,82833340;-22,86905000
-2,64618564;-0,82833340;-22,86905000
-2,63594564;-0,82833340;-22,86905000
-2,62570564;-0,82833340;-22,86905000
-2,61546564;-0,81939150;-22,41432000
-2,60522564;-0,82833340;-21,95959000
-2,59498564;-0,81939150;-21,95959000
-2,58474564;-0,81939150;-22,86905000
-2,57450564;-0,81939150;-22,86905000
-2,56426564;-0,81939150;-22,41432000
-2,55402564;-0,81939150;-22,41432000
-2,54378564;-0,81939150;-22,86905000
-2,53354564;-0,81041900;-22,41432000
-2,52330564;-0,81041900;-22,41432000
-2,51306564;-0,81041900;-22,41432000
-2,50282564;-0,81041900;-22,86905000
-2,49258564;-0,81041900;-22,86905000
-2,48234564;-0,81041900;-22,41432000
-2,47210564;-0,81041900;-22,41432000
-2,46186564;-0,81041900;-22,86905000
-2,45162564;-0,81041900;-22,41432000
-2,44138564;-0,79247420;-22,41432000
-2,43114564;-0,79247420;-21,95959000
-2,42090564;-0,79247420;-22,86905000
-2,41066564;-0,79247420;-22,41432000
-2,40042564;-0,79247420;-22,41432000
-2,39018564;-0,79247420;-21,95959000
-2,37994564;-0,79247420;-22,41432000
-2,36970564;-0,78350170;-22,86905000
-2,35946564;-0,79247420;-22,41432000
-2,34922564;-0,79247420;-22,86905000
-2,33898564;-0,79247420;-21,95959000
-2,32874564;-0,78350170;-21,95959000
-2,31850564;-0,78350170;-22,41432000
-2,30826564;-0,79247420;-22,41432000
-2,29802564;-0,78350170;-21,95959000
-2,28778564;-0,77452930;-21,95959000
-2,27754564;-0,77452930;-22,41432000
-2,26730564;-0,77452930;-22,41432000
-2,25706564;-0,77452930;-22,41432000
-2,24682564;-0,77452930;-22,41432000
-2,23658564;-0,77452930;-22,41432000
-2,22634564;-0,76555680;-23,32530000
-2,21610564;-0,77452930;-22,41432000
-2,20586564;-0,76555680;-22,41432000
-2,19562564;-0,76555680;-22,41432000
-2,18538564;-0,75658430;-21,95959000
-2,17514564;-0,75658430;-21,95959000
-2,16490564;-0,75658430;-22,41432000
-2,15466564;-0,75658430;-22,41432000
-2,14442564;-0,74761190;-21,95959000
-2,13418564;-0,75658430;-21,95959000
-2,12394564;-0,75658430;-21,95959000
-2,11370564;-0,74761190;-22,41432000
-2,10346564;-0,74761190;-22,86905000
-2,09322564;-0,73867000;-22,41432000
-2,08298564;-0,73867000;-22,41432000
-2,07274564;-0,73867000;-21,50487000
-2,06250564;-0,73867000;-21,95959000
-2,05226564;-0,73867000;-22,41432000
-2,04202564;-0,73867000;-22,86905000
-2,03178564;-0,73867000;-22,41432000
-2,02154564;-0,72969760;-21,95959000
-2,01130564;-0,72969760;-21,95959000
-2,00106564;-0,72072510;-21,95959000
-1,99082564;-0,72072510;-21,95959000
-1,98058564;-0,72072510;-22,41432000
-1,97034564;-0,72072510;-21,95959000
-1,96010564;-0,72072510;-21,95959000
-1,94986564;-0,72072510;-22,41432000
-1,93962564;-0,70278020;-21,95959000
-1,92938564;-0,70278020;-21,95959000
-1,91914564;-0,70278020;-21,95959000
-1,90890564;-0,70278020;-21,95959000
-1,89866564;-0,70278020;-21,50487000
-1,88842564;-0,70278020;-22,41432000
-1,87818564;-0,70278020;-21,95959000
-1,86794564;-0,69380780;-21,95959000
-1,85770564;-0,68483540;-21,95959000
-1,84746564;-0,68483540;-21,50487000
-1,83722564;-0,68483540;-21,95959000
-1,82698564;-0,68483540;-21,95959000
-1,81674564;-0,68483540;-21,95959000
-1,80650564;-0,68483540;-21,95959000
-1,79626564;-0,68483540;-21,95959000
-1,78602564;-0,66689040;-21,95959000
-1,77578564;-0,67586290;-21,95959000
-1,76554564;-0,66689040;-22,41432000
-1,75530565;-0,66689040;-21,50487000
-1,74506565;-0,65794860;-21,95959000
-1,73482565;-0,64897610;-21,50487000
-1,72458565;-0,65794860;-21,95959000
-1,71434565;-0,64897610;-21,50487000
-1,70410565;-0,64897610;-21,50487000
-1,69386565;-0,64897610;-21,95959000
-1,68362565;-0,64897610;-21,50487000
-1,67338565;-0,64897610;-21,95959000
-1,66314565;-0,64000370;-21,50487000
-1,65290565;-0,64000370;-21,50487000
-1,64266565;-0,63103120;-21,95959000
-1,63242565;-0,63103120;-21,50487000
-1,62218565;-0,63103120;-21,50487000
-1,61194565;-0,62205870;-21,95959000
-1,60170565;-0,61308630;-21,50487000
-1,59146565;-0,61308630;-21,50487000
-1,58122565;-0,61308630;-21,50487000
-1,57098565;-0,61308630;-21,50487000
-1,56074565;-0,61308630;-21,95959000
-1,55050565;-0,61308630;-21,50487000
-1,54026565;-0,61308630;-21,04861000
-1,53002565;-0,59514150;-21,50487000
-1,51978565;-0,59514150;-21,95959000
-1,50954565;-0,59514150;-21,95959000
-1,49930565;-0,59514150;-21,50487000
-1,48906565;-0,58616900;-21,95959000
-1,47882565;-0,58616900;-21,50487000
-1,46858565;-0,57722710;-21,04861000
-1,45834565;-0,57722710;-21,50487000
-1,44810565;-0,56825460;-20,59389000
-1,43786565;-0,57722710;-21,50487000
-1,42762565;-0,56825460;-21,04861000
-1,41738565;-0,55928220;-21,50487000
-1,40714565;-0,55928220;-21,50487000
-1,39690565;-0,55030980;-21,95959000
-1,38666565;-0,55928220;-21,50487000
-1,37642565;-0,55928220;-21,50487000
-1,36618565;-0,55030980;-21,04861000
-1,35594565;-0,55030980;-21,04861000
-1,34570565;-0,54133730;-21,04861000
-1,33546565;-0,54133730;-21,04861000
-1,32522565;-0,54133730;-21,50487000
-1,31498565;-0,53236490;-21,04861000
-1,30474565;-0,52339240;-21,04861000
-1,29450565;-0,52339240;-21,04861000
-1,28426565;-0,52339240;-21,04861000
-1,27402565;-0,51442000;-21,04861000
-1,26378565;-0,51442000;-21,04861000
-1,25354565;-0,50544760;-21,04861000
-1,24330565;-0,50544760;-21,04861000
-1,23306565;-0,50544760;-21,04861000
-1,22282565;-0,48753320;-21,04861000
-1,21258565;-0,50544760;-21,04861000
-1,20234565;-0,49647510;-21,50487000
-1,19210565;-0,48753320;-21,04861000
-1,18186565;-0,48753320;-20,59389000
-1,17162565;-0,48753320;-20,59389000
-1,16138565;-0,46958830;-21,04861000
-1,15114565;-0,46958830;-20,59389000
-1,14090565;-0,46958830;-21,04861000
-1,13066565;-0,46958830;-20,59389000
-1,12042565;-0,46958830;-21,04861000
-1,11018565;-0,45164340;-21,04861000
-1,09994565;-0,45164340;-20,59389000
-1,08970565;-0,46061590;-20,13916000
-1,07946565;-0,45164340;-20,59389000
-1,06922565;-0,44267100;-20,59389000
-1,05898565;-0,43369850;-20,13916000
-1,04874565;-0,44267100;-20,59389000
-1,03850565;-0,43369850;-20,13916000
-1,02826565;-0,43369850;-20,13916000
-1,01802565;-0,43369850;-20,13916000
-1,00778565;-0,42472610;-20,59389000
-0,99754565;-0,41575370;-20,59389000
-0,98730565;-0,41575370;-20,59389000
-0,97706565;-0,40681170;-20,13916000
-0,96682565;-0,41575370;-20,13916000
-0,95658565;-0,40681170;-20,59389000
-0,94634565;-0,39783930;-20,59389000
-0,93610565;-0,39783930;-20,59389000
-0,92586565;-0,39783930;-20,13916000
-0,91562565;-0,37989440;-20,59389000
-0,90538565;-0,38886680;-20,59389000
-0,89514565;-0,37989440;-20,13916000
-0,88490565;-0,37989440;-20,13916000
-0,87466565;-0,37989440;-20,13916000
-0,86442565;-0,37092200;-19,68444000
-0,85418565;-0,37092200;-20,13916000
-0,84394565;-0,36194950;-20,13916000
-0,83370565;-0,36194950;-19,68444000
-0,82346565;-0,36194950;-20,13916000
-0,81322565;-0,34400460;-19,68444000
-0,80298565;-0,34400460;-19,68444000
-0,79274565;-0,34400460;-20,13916000
-0,78250565;-0,34400460;-20,13916000
-0,77226565;-0,33503220;-19,68444000
-0,76202565;-0,33503220;-19,68444000
-0,75178565;-0,32609030;-19,68444000
-0,74154565;-0,32609030;-19,68444000
-0,73130565;-0,31711780;-19,22819000
-0,72106565;-0,31711780;-19,22819000
-0,71082565;-0,31711780;-19,22819000
-0,70058565;-0,30814540;-19,68444000
-0,69034565;-0,29917290;-19,68444000
-0,68010565;-0,29917290;-19,68444000
-0,66986565;-0,29917290;-19,22819000
-0,65962565;-0,29020050;-19,68444000
-0,64938565;-0,29020050;-19,68444000
-0,63914565;-0,29020050;-19,22819000
-0,62890565;-0,27225560;-19,22819000
-0,61866565;-0,27225560;-19,22819000
-0,60842565;-0,27225560;-19,22819000
-0,59818565;-0,26328320;-19,22819000
-0,58794565;-0,26328320;-19,22819000
-0,57770565;-0,25431070;-19,22819000
-0,56746565;-0,25431070;-18,77346000
-0,55722565;-0,25431070;-19,22819000
-0,54698565;-0,24536880;-19,22819000
-0,53674565;-0,23639640;-19,22819000
-0,52650565;-0,23639640;-18,31874000
-0,51626565;-0,23639640;-18,31874000
-0,50602565;-0,22742390;-19,22819000
-0,49578565;-0,21845150;-18,77346000
-0,48554565;-0,21845150;-18,31874000
-0,47530565;-0,21845150;-18,31874000
-0,46506565;-0,20947900;-18,77346000
-0,45482565;-0,20947900;-18,31874000
-0,44458565;-0,20050660;-18,31874000
-0,43434565;-0,19153420;-18,77346000
-0,42410565;-0,19153420;-18,31874000
-0,41386565;-0,19153420;-18,31874000
-0,40362565;-0,18256170;-18,31874000
-0,39338565;-0,18256170;-17,86401000
-0,38314565;-0,18256170;-17,86401000
-0,37290565;-0,16464740;-18,31874000
-0,36266565;-0,16464740;-17,86401000
-0,35242565;-0,16464740;-17,40776000
-0,34218565;-0,16464740;-17,86401000
-0,33194565;-0,14670250;-17,40776000
-0,32170565;-0,14670250;-17,86401000
-0,31146565;-0,15567490;-17,40776000
-0,30122565;-0,14670250;-17,40776000
-0,29098565;-0,12875760;-16,95303000
-0,28074565;-0,13773000;-17,40776000
-0,27050565;-0,12875760;-17,40776000
-0,26026565;-0,12875760;-17,40776000
-0,25002565;-0,12875760;-17,40776000
-0,23978565;-0,11978520;-16,95303000
-0,22954565;-0,11081270;-16,95303000
-0,21930565;-0,11081270;-16,95303000
-0,20906565;-0,10184030;-16,95303000
-0,19882565;-0,10184030;-16,49831000
-0,18858565;-0,09286782;-16,95303000
-0,17834565;-0,09286782;-16,49831000
-0,16810565;-0,08392590;-16,95303000
-0,15786565;-0,08392590;-16,49831000
-0,14762565;-0,07495346;-16,49831000
-0,13738565;-0,07495346;-16,49831000
-0,12714565;-0,07495346;-16,04358000
-0,11690565;-0,06598102;-16,04358000
-0,10666566;-0,05700858;-15,58733000
-0,09642566;-0,05700858;-16,04358000
-0,08618566;-0,04803614;-16,04358000
-0,07594566;-0,03906369;-15,13260000
-0,06570566;-0,04803614;-15,58733000
-0,05546566;-0,03906369;-15,13260000
-0,04522566;-0,03906369;-15,13260000
-0,03498566;-0,02111881;-14,67788000
-0,02474566;-0,02111881;-14,67788000
-0,01450566;-0,02111881;-14,67788000
-0,00426566;-0,01214637;-13,76690000
0,00597434;-0,00320444;-14,67788000
0,01621434;-0,00320444;-14,22315000
0,02645434;-0,00320444;-13,76690000
0,03669434;-0,00320444;-13,76690000
0,04693434;0,01470992;-14,22315000
0,05717434;0,01470992;-13,31217000
0,06741434;0,01470992;-12,85745000
0,07765434;0,01470992;-12,85745000
0,08789434;0,02368236;-12,40272000
0,09813434;0,03265481;-11,03702000
0,10837434;0,03265481;-6,03045700
0,11861434;0,03265481;14,90371000
0,12885434;0,03265481;30,37660000
0,13909434;0,05059969;25,82629000
0,14933434;0,05059969;24,00586000
0,15957434;0,05059969;24,91531000
0,16981434;0,05957213;25,82629000
0,18005434;0,06854457;25,37004000
0,19029434;0,06854457;25,82629000
0,20053434;0,06854457;26,28101000
0,21077434;0,06854457;26,28101000
0,22101434;0,08645894;26,28101000
0,23125434;0,08645894;25,82629000
0,24149434;0,08645894;26,73574000
0,25173434;0,09543138;27,19047000
0,26197434;0,10440380;26,73574000
0,27221434;0,10440380;26,73574000
0,28245434;0,10440380;26,73574000
0,29269434;0,10440380;27,64672000
0,30293434;0,11337630;27,19047000
0,31317434;0,12234870;27,64672000
0,32341434;0,12234870;27,19047000
0,33365434;0,12234870;27,19047000
0,34389434;0,14029360;28,10144000
0,35413434;0,14029360;27,64672000
0,36437434;0,14029360;27,64672000
0,37461434;0,15823850;28,10144000
0,38485434;0,15823850;28,10144000
0,39509434;0,15823850;28,10144000
0,40533434;0,15823850;28,10144000
0,41557434;0,15823850;28,55617000
0,42581434;0,16718040;28,10144000
0,43605434;0,17615280;28,10144000
0,44629434;0,17615280;28,10144000
0,45653434;0,17615280;28,10144000
0,46677434;0,18512530;29,01089000
0,47701434;0,19409770;28,55617000
0,48725434;0,19409770;29,01089000
0,49749434;0,19409770;29,01089000
0,50773434;0,20307020;28,55617000
0,51797434;0,20307020;29,01089000
0,52821434;0,21204260;28,55617000
0,53845434;0,21204260;29,01089000
0,54869434;0,21204260;29,46715000
0,55893434;0,22101510;29,01089000
0,56917434;0,22998750;29,01089000
0,57941434;0,22998750;29,01089000
0,58965434;0,22998750;29,46715000
0,59989434;0,24790190;29,01089000
0,61013434;0,24790190;29,92187000
0,62037434;0,24790190;29,46715000
0,63061434;0,24790190;29,01089000
0,64085434;0,24790190;29,46715000
0,65109434;0,26584670;29,46715000
0,66133434;0,26584670;29,92187000
0,67157434;0,26584670;29,92187000
0,68181434;0,27481920;29,46715000
0,69205434;0,27481920;29,92187000
0,70229434;0,28379160;29,92187000
0,71253434;0,28379160;29,46715000
0,72277434;0,29276410;29,92187000
0,73301434;0,30173650;29,92187000
0,74325434;0,30173650;29,92187000
0,75349434;0,30173650;30,37660000
0,76373434;0,30173650;29,92187000
0,77397434;0,30173650;29,92187000
0,78421434;0,31070890;29,92187000
0,79445434;0,31968140;30,37660000
0,80469434;0,31968140;30,37660000
0,81493434;0,31968140;29,92187000
0,82517434;0,31968140;30,37660000
0,83541434;0,33759580;30,37660000
0,84565434;0,33759580;29,92187000
0,85589434;0,33759580;30,83132000
0,86613434;0,35554060;30,37660000
0,87637434;0,34656820;29,92187000
0,88661434;0,35554060;30,37660000
0,89685434;0,35554060;30,83132000
0,90709434;0,36451310;30,37660000
0,91733434;0,37348550;30,37660000
0,92757434;0,37348550;30,83132000
0,93781434;0,37348550;30,83132000
0,94805434;0,38245800;30,83132000
0,95829434;0,38245800;30,83132000
0,96853434;0,38245800;30,37660000
0,97877434;0,39143040;31,28757000
0,98901434;0,39143040;30,83132000
0,99925434;0,40040280;30,83132000
1,00949434;0,40040280;30,83132000
1,01973434;0,40934480;30,83132000
1,02997434;0,40934480;30,83132000
1,04021434;0,40934480;31,28757000
1,05045434;0,40934480;30,83132000
1,06069434;0,41831720;31,28757000
1,07093434;0,42728970;30,83132000
1,08117434;0,42728970;31,28757000
1,09141434;0,42728970;31,28757000
1,10165434;0,42728970;31,28757000
1,11189434;0,42728970;30,83132000
1,12213434;0,44523450;30,83132000
1,13237434;0,44523450;31,28757000
1,14261434;0,44523450;31,28757000
1,15285434;0,44523450;31,28757000
1,16309434;0,46317940;31,28757000
1,17333434;0,46317940;31,28757000
1,18357434;0,46317940;31,28757000
1,19381434;0,46317940;31,28757000
1,20405434;0,47215180;31,28757000
1,21429434;0,47215180;31,28757000
1,22453434;0,48112430;31,28757000
1,23477434;0,48112430;31,28757000
1,24501434;0,48112430;31,74230000
1,25525434;0,49903870;31,28757000
1,26549434;0,49903870;31,28757000
1,27573434;0,49903870;31,28757000
1,28597434;0,49903870;31,28757000
1,29621434;0,49903870;31,28757000
1,30645434;0,50801110;31,28757000
1,31669434;0,51698360;31,28757000
1,32693434;0,51698360;31,28757000
1,33717434;0,52595600;31,28757000
1,34741434;0,51698360;31,74230000
1,35765434;0,52595600;31,74230000
1,36789434;0,53492840;31,74230000
1,37813434;0,52595600;31,74230000
1,38837434;0,53492840;31,74230000
1,39861434;0,53492840;31,74230000
1,40885434;0,53492840;31,74230000
1,41909434;0,55287330;31,74230000
1,42933434;0,55287330;31,28757000
1,43957434;0,55287330;31,28757000
1,44981434;0,55287330;31,74230000
1,46005434;0,56184580;31,74230000
1,47029434;0,56184580;31,74230000
1,48053434;0,57081820;31,74230000
1,49077434;0,57081820;31,28757000
1,50101434;0,57081820;31,74230000
1,51125434;0,57081820;31,74230000
1,52149434;0,57081820;31,74230000
1,53173434;0,57976010;31,74230000
1,54197433;0,58873250;31,74230000
1,55221433;0,58873250;31,74230000
1,56245433;0,58873250;31,28757000
1,57269433;0,59770500;31,74230000
1,58293433;0,58873250;31,74230000
1,59317433;0,59770500;31,28757000
1,60341433;0,60667750;31,74230000
1,61365433;0,60667750;32,65175000
1,62389433;0,60667750;31,74230000
1,63413433;0,60667750;32,19703000
1,64437433;0,62462230;32,19703000
1,65461433;0,62462230;32,19703000
1,66485433;0,61564990;32,19703000
1,67509433;0,62462230;31,74230000
1,68533433;0,63359480;32,65175000
1,69557433;0,63359480;31,74230000
1,70581433;0,63359480;32,19703000
1,71605433;0,64256720;31,74230000
1,72629433;0,64256720;31,74230000
1,73653433;0,64256720;31,74230000
1,74677433;0,64256720;31,74230000
1,75701433;0,65153970;31,74230000
1,76725433;0,65153970;31,74230000
1,77749433;0,66048160;31,74230000
1,78773433;0,66048160;31,74230000
1,79797433;0,66048160;31,74230000
1,80821433;0,66048160;32,19703000
1,81845433;0,66048160;31,74230000
1,82869433;0,66945400;31,74230000
1,83893433;0,67842640;31,74230000
1,84917433;0,67842640;31,74230000
1,85941433;0,67842640;31,74230000
1,86965433;0,67842640;31,74230000
1,87989433;0,68739890;31,74230000
1,89013433;0,68739890;31,74230000
1,90037433;0,67842640;31,74230000
1,91061433;0,68739890;32,19703000
1,92085433;0,69637140;32,19703000
1,93109433;0,69637140;31,74230000
1,94133433;0,69637140;32,19703000
1,95157433;0,70534380;32,19703000
1,96181433;0,70534380;31,74230000
1,97205433;0,69637140;32,19703000
1,98229433;0,71431620;32,19703000
1,99253433;0,71431620;31,74230000
2,00277433;0,71431620;31,74230000
2,01301433;0,71431620;31,74230000
2,02325433;0,72328870;32,65175000
2,03349433;0,71431620;32,19703000
2,04373433;0,71431620;32,19703000
2,05397433;0,71431620;32,19703000
2,06421433;0,73226110;31,74230000
2,07445433;0,73226110;31,74230000
2,08469433;0,73226110;32,19703000
2,09493433;0,73226110;31,74230000
2,10517433;0,73226110;32,19703000
2,11541433;0,73226110;31,74230000
2,12565433;0,74120300;31,74230000
2,13589433;0,74120300;32,19703000
2,14613433;0,74120300;32,19703000
2,15637433;0,74120300;32,65175000
2,16661433;0,75017550;32,19703000
2,17685433;0,75017550;31,74230000
2,18709433;0,75914790;32,19703000
2,19733433;0,75017550;32,65175000
2,20757433;0,75017550;32,19703000
2,21781433;0,75914790;31,74230000
2,22805433;0,75914790;32,19703000
2,23829433;0,75914790;32,65175000
2,24853433;0,76812030;32,19703000
2,25877433;0,76812030;31,74230000
2,26901433;0,76812030;32,19703000
2,27925433;0,76812030;31,74230000
2,28949433;0,76812030;32,65175000
2,29973433;0,76812030;32,19703000
2,30997433;0,77709280;32,65175000
2,32021433;0,78606520;31,74230000
2,33045433;0,77709280;32,19703000
2,34069433;0,77709280;32,19703000
2,35093433;0,78606520;31,74230000
2,36117433;0,78606520;31,74230000
2,37141433;0,78606520;31,74230000
2,38165433;0,78606520;32,19703000
2,39189433;0,78606520;31,74230000
2,40213433;0,78606520;31,74230000
2,41237433;0,78606520;32,19703000
2,42261433;0,79503770;32,19703000
2,43285433;0,78606520;32,19703000
2,44309433;0,80401020;31,74230000
2,45333433;0,79503770;31,74230000
2,46357433;0,80401020;31,74230000
2,47381433;0,80401020;31,74230000
2,48405433;0,80401020;32,19703000
2,49429433;0,80401020;32,65175000
2,50453433;0,80401020;31,74230000
2,51477433;0,80401020;31,74230000
2,52501433;0,80401020;32,65175000
2,53525433;0,80401020;32,19703000
2,54549433;0,80401020;31,74230000
2,55573433;0,81298260;31,74230000
2,56597433;0,81298260;32,65175000
2,57621433;0,81298260;32,19703000
2,58645433;0,81298260;31,74230000
2,59669433;0,82192450;31,74230000
2,60693433;0,82192450;31,74230000
2,61717433;0,82192450;32,65175000
2,62741433;0,82192450;31,74230000
2,63765433;0,82192450;32,19703000
2,64789433;0,82192450;32,19703000
2,65813433;0,82192450;31,74230000
2,66837433;0,82192450;31,74230000
2,67861433;0,83089690;31,74230000
2,68885433;0,83089690;31,74230000
2,69909433;0,83089690;31,74230000
2,70933433;0,82192450;32,65175000
2,71957433;0,83089690;31,74230000
2,72981433;0,83089690;31,74230000
2,74005433;0,83986940;32,65175000
2,75029433;0,83089690;32,19703000
2,76053433;0,83986940;31,28757000
2,77077433;0,83089690;32,65175000
2,78101433;0,83986940;32,19703000
2,79125433;0,83986940;32,19703000
2,80149433;0,83986940;32,65175000
2,81173433;0,83986940;32,65175000
2,82197433;0,84884180;32,65175000
2,83221433;0,83986940;32,19703000
2,84245433;0,83986940;32,65175000
2,85269433;0,83986940;31,74230000
2,86293433;0,83986940;31,74230000
2,87317433;0,84884180;32,19703000
2,88341433;0,84884180;31,74230000
2,89365433;0,83986940;31,74230000
2,90389433;0,83986940;32,19703000
2,91413433;0,84884180;32,19703000
2,92437433;0,84884180;32,19703000
2,93461433;0,84884180;31,74230000
2,94485433;0,84884180;31,74230000
2,95509433;0,84884180;31,74230000
2,96533433;0,84884180;32,19703000
2,97557433;0,84884180;32,19703000
2,98581433;0,84884180;31,74230000
2,99605433;0,85781430;32,19703000
3,00629433;0,84884180;32,19703000
3,01653433;0,84884180;31,74230000
3,02677433;0,84884180;32,19703000
3,03701433;0,84884180;32,65175000
3,04725433;0,85781430;32,65175000
3,05749433;0,84884180;31,28757000
3,06773433;0,85781430;31,74230000
3,07797433;0,84884180;32,19703000
3,08821433;0,83986940;31,74230000
3,09845433;0,84884180;32,19703000
3,10869433;0,85781430;31,74230000
3,11893433;0,84884180;31,74230000
3,12917433;0,84884180;32,19703000
3,13941433;0,85781430;31,74230000
3,14965433;0,84884180;32,19703000
3,15989433;0,85781430;31,74230000
3,17013433;0,85781430;32,19703000
3,18037432;0,85781430;31,74230000
3,19061432;0,85781430;31,74230000
3,20085432;0,84884180;31,74230000
3,21109432;0,85781430;31,74230000
3,22133432;0,84884180;31,74230000
3,23157432;0,85781430;31,74230000
3,24181432;0,85781430;32,19703000
3,25205432;0,85781430;31,74230000
3,26229432;0,84884180;31,74230000
3,27253432;0,85781430;32,19703000
3,28277432;0,84884180;31,74230000
3,29301432;0,84884180;32,19703000
3,30325432;0,85781430;31,74230000
3,31349432;0,84884180;32,19703000
3,32373432;0,84884180;31,74230000
3,33397432;0,84884180;31,74230000
3,34421432;0,84884180;31,74230000
3,35445432;0,84884180;31,74230000
3,36469432;0,84884180;31,74230000
3,37493432;0,83986940;31,74230000
3,38517432;0,84884180;31,74230000
3,39541432;0,84884180;31,74230000
3,40565432;0,84884180;32,19703000
3,41589432;0,84884180;32,65175000
3,42613432;0,83986940;32,19703000
3,43637432;0,84884180;32,19703000
3,44661432;0,83986940;32,19703000
3,45685432;0,83986940;31,74230000
3,46709432;0,83986940;31,74230000
3,47733432;0,83986940;31,74230000
3,48757432;0,83986940;31,74230000
3,49781432;0,83986940;31,74230000
3,50805432;0,83986940;31,74230000
3,51829432;0,83986940;31,74230000
3,52853432;0,83986940;32,19703000
3,53877432;0,83986940;31,74230000
3,54901432;0,83089690;31,28757000
3,55925432;0,83089690;32,19703000
3,56949432;0,83986940;31,74230000
3,57973432;0,83089690;31,74230000
3,58997432;0,83089690;31,74230000
3,60021432;0,83089690;31,74230000
3,61045432;0,83089690;31,28757000
3,62069432;0,82192450;31,74230000
3,63093432;0,83089690;31,74230000
3,64117432;0,82192450;32,19703000
3,65141432;0,82192450;31,74230000
3,66165432;0,82192450;32,65175000
3,67189432;0,82192450;31,74230000
3,68213432;0,82192450;31,74230000
3,69237432;0,82192450;31,74230000
3,70261432;0,82192450;32,19703000
3,71285432;0,82192450;31,74230000
3,72309432;0,82192450;31,28757000
3,73333432;0,81298260;31,74230000
3,74357432;0,82192450;31,28757000
3,75381432;0,81298260;31,74230000
3,76405432;0,81298260;32,19703000
3,77429432;0,82192450;31,28757000
3,78453432;0,81298260;31,74230000
3,79477432;0,80401020;31,74230000
3,80501432;0,80401020;31,74230000
3,81525432;0,81298260;31,74230000
3,82549432;0,80401020;31,28757000
3,83573432;0,80401020;31,28757000
3,84597432;0,80401020;31,74230000
3,85621432;0,80401020;31,28757000
3,86645432;0,80401020;31,28757000
3,87669432;0,80401020;31,74230000
3,88693432;0,79503770;31,74230000
3,89717432;0,79503770;31,74230000
3,90741432;0,78606520;31,28757000
3,91765432;0,78606520;31,74230000
3,92789432;0,78606520;31,74230000
3,93813432;0,78606520;31,28757000
3,94837432;0,78606520;31,74230000
3,95861432;0,78606520;31,28757000
3,96885432;0,78606520;31,74230000
3,97909432;0,78606520;31,74230000
3,98933432;0,77709280;31,28757000
3,99957432;0,77709280;31,28757000
4,00981432;0,77709280;31,74230000
4,02005432;0,77709280;31,74230000
4,03029432;0,76812030;31,74230000
4,04053432;0,76812030;31,74230000
4,05077432;0,76812030;31,74230000
4,06101432;0,76812030;31,74230000
4,07125432;0,76812030;31,28757000
4,08149432;0,76812030;31,74230000
4,09173432;0,75914790;31,28757000
4,10197432;0,75914790;31,74230000
4,11221432;0,75017550;31,28757000
4,12245432;0,75017550;31,74230000
4,13269432;0,75017550;31,74230000
4,14293432;0,75017550;31,28757000
4,15317432;0,75017550;31,74230000
4,16341432;0,75017550;31,28757000
4,17365432;0,75017550;31,74230000
4,18389432;0,74120300;31,28757000
4,19413432;0,74120300;31,28757000
4,20437432;0,74120300;31,74230000
4,21461432;0,73226110;30,83132000
4,22485432;0,73226110;31,28757000
4,23509432;0,74120300;31,28757000
4,24533432;0,73226110;30,83132000
4,25557432;0,73226110;31,74230000
4,26581432;0,73226110;31,28757000
4,27605432;0,73226110;31,28757000
4,28629432;0,71431620;31,28757000
4,29653432;0,71431620;31,28757000
4,30677432;0,71431620;31,28757000
4,31701432;0,71431620;31,28757000
4,32725432;0,71431620;31,28757000
4,33749432;0,71431620;31,74230000
4,34773432;0,71431620;31,28757000
4,35797432;0,70534380;30,83132000
4,36821432;0,70534380;30,83132000
4,37845432;0,69637140;30,83132000
4,38869432;0,69637140;31,28757000
4,39893432;0,69637140;31,28757000
4,40917432;0,69637140;31,74230000
4,41941432;0,68739890;31,28757000
4,42965432;0,67842640;31,28757000
4,43989432;0,68739890;31,74230000
4,45013432;0,67842640;31,28757000
4,46037432;0,67842640;30,83132000
4,47061432;0,67842640;31,74230000
4,48085432;0,67842640;31,28757000
4,49109432;0,67842640;31,28757000
4,50133432;0,66945400;31,28757000
4,51157432;0,66945400;30,83132000
4,52181432;0,66048160;31,28757000
4,53205432;0,66048160;30,83132000
4,54229432;0,66048160;31,28757000
4,55253432;0,66048160;30,83132000
4,56277432;0,65153970;31,28757000
4,57301432;0,65153970;31,28757000
4,58325432;0,64256720;30,83132000
4,59349432;0,64256720;30,83132000
4,60373432;0,64256720;30,83132000
4,61397432;0,63359480;31,28757000
4,62421432;0,63359480;31,28757000
4,63445432;0,63359480;30,83132000
4,64469432;0,62462230;30,83132000
4,65493432;0,62462230;30,83132000
4,66517432;0,62462230;30,83132000
4,67541432;0,61564990;30,83132000
4,68565432;0,61564990;31,28757000
4,69589432;0,60667750;30,83132000
4,70613432;0,60667750;31,28757000
4,71637432;0,60667750;30,83132000
4,72661432;0,60667750;30,37660000
4,73685432;0,60667750;30,83132000
4,74709432;0,59770500;31,28757000
4,75733432;0,59770500;30,83132000
4,76757432;0,58873250;30,37660000
4,77781432;0,58873250;30,83132000
4,78805432;0,57976010;30,83132000
4,79829432;0,57976010;30,83132000
4,80853432;0,58873250;30,83132000
4,81877432;0,57081820;30,83132000
4,82901431;0,57081820;31,28757000
4,83925431;0,57081820;30,83132000
4,84949431;0,56184580;30,37660000
4,85973431;0,56184580;30,83132000
4,86997431;0,55287330;31,28757000
4,88021431;0,55287330;30,83132000
4,89045431;0,55287330;30,83132000
4,90069431;0,55287330;30,83132000
4,91093431;0,55287330;30,83132000
4,92117431;0,53492840;30,83132000
4,93141431;0,53492840;30,37660000
4,94165431;0,53492840;30,83132000
4,95189431;0,53492840;30,37660000
4,96213431;0,53492840;30,37660000
4,97237431;0,52595600;30,83132000
4,98261431;0,52595600;30,37660000
4,99285431;0,52595600;29,92187000
5,00309431;0,51698360;30,37660000
5,01333431;0,51698360;30,37660000
5,02357431;0,50801110;29,92187000
5,03381431;0,50801110;30,37660000
5,04405431;0,49903870;29,92187000
5,05429431;0,49903870;30,37660000
5,06453431;0,49006620;30,37660000
5,07477431;0,49006620;29,92187000
5,08501431;0,48112430;29,92187000
5,09525431;0,48112430;29,92187000
5,10549431;0,47215180;30,37660000
5,11573431;0,48112430;29,92187000
5,12597431;0,46317940;29,92187000
5,13621431;0,46317940;29,92187000
5,14645431;0,46317940;30,37660000
5,15669431;0,46317940;30,37660000
5,16693431;0,46317940;29,92187000
5,17717431;0,44523450;29,92187000
5,18741431;0,45420700;29,92187000
5,19765431;0,44523450;29,92187000
5,20789431;0,44523450;29,92187000
5,21813431;0,44523450;29,92187000
5,22837431;0,43626210;29,92187000
5,23861431;0,42728970;30,37660000
5,24885431;0,42728970;30,37660000
5,25909431;0,42728970;29,46715000
5,26933431;0,42728970;29,92187000
5,27957431;0,41831720;29,92187000
5,28981431;0,40934480;29,92187000
5,30005431;0,40934480;29,46715000
5,31029431;0,40040280;29,46715000
5,32053431;0,40040280;29,46715000
5,33077431;0,39143040;29,46715000
5,34101431;0,39143040;29,46715000
5,35125431;0,39143040;29,46715000
5,36149431;0,39143040;29,46715000
5,37173431;0,38245800;29,46715000
5,38197431;0,37348550;29,92187000
5,39221431;0,37348550;29,46715000
5,40245431;0,36451310;29,46715000
5,41269431;0,37348550;29,46715000
5,42293431;0,36451310;29,01089000
5,43317431;0,35554060;29,01089000
5,44341431;0,35554060;29,46715000
5,45365431;0,35554060;29,46715000
5,46389431;0,35554060;29,01089000
5,47413431;0,33759580;29,01089000
5,48437431;0,33759580;29,01089000
5,49461431;0,33759580;29,01089000
5,50485431;0,33759580;29,01089000
5,51509431;0,31968140;29,01089000
5,52533431;0,31968140;29,01089000
5,53557431;0,31968140;29,01089000
5,54581431;0,31968140;29,01089000
5,55605431;0,31070890;28,55617000
5,56629431;0,30173650;28,10144000
5,57653431;0,30173650;28,55617000
5,58677431;0,30173650;28,55617000
5,59701431;0,30173650;28,10144000
5,60725431;0,28379160;28,10144000
5,61749431;0,28379160;29,01089000
5,62773431;0,28379160;27,64672000
5,63797431;0,27481920;28,10144000
5,64821431;0,27481920;28,55617000
5,65845431;0,26584670;28,10144000
5,66869431;0,26584670;27,64672000
5,67893431;0,26584670;27,64672000
5,68917431;0,24790190;28,10144000
5,69941431;0,24790190;27,64672000
5,70965431;0,24790190;28,10144000
5,71989431;0,24790190;28,10144000
5,73013431;0,23895990;27,64672000
5,74037431;0,23895990;28,10144000
5,75061431;0,22998750;27,64672000
5,76085431;0,22998750;28,10144000
5,77109431;0,21204260;27,64672000
5,78133431;0,21204260;27,64672000
5,79157431;0,21204260;28,10144000
5,80181431;0,21204260;28,10144000
5,81205431;0,21204260;27,64672000
5,82229431;0,19409770;27,64672000
5,83253431;0,20307020;27,64672000
5,84277431;0,19409770;27,19047000
5,85301431;0,18512530;27,19047000
5,86325431;0,17615280;27,19047000
5,87349431;0,17615280;27,19047000
5,88373431;0,17615280;27,19047000
5,89397431;0,17615280;26,73574000
5,90421431;0,16718040;27,64672000
5,91445431;0,15823850;26,73574000
5,92469431;0,15823850;26,73574000
5,93493431;0,15823850;26,28101000
5,94517431;0,14926600;27,19047000
5,95541431;0,14029360;26,73574000
5,96565431;0,14029360;26,73574000
5,97589431;0,14029360;26,28101000
5,98613431;0,13132110;26,73574000
5,99637431;0,13132110;26,28101000
6,00661431;0,12234870;26,28101000
6,01685431;0,12234870;26,28101000
6,02709431;0,10440380;25,82629000
6,03733431;0,10440380;26,28101000
6,04757431;0,10440380;25,82629000
6,05781431;0,10440380;26,28101000
6,06805431;0,10440380;25,82629000
6,07829431;0,09543138;25,37004000
6,08853431;0,08645894;25,82629000
6,09877431;0,08645894;25,82629000
6,10901431;0,08645894;25,37004000
6,11925431;0,06854457;25,37004000
6,12949431;0,06854457;25,82629000
6,13973431;0,06854457;24,46058000
6,14997431;0,06854457;25,37004000
6,16021431;0,05957213;25,37004000
6,17045431;0,05059969;24,91531000
6,18069431;0,05059969;24,46058000
6,19093431;0,04162725;24,46058000
6,20117431;0,03265481;24,00586000
6,21141431;0,03265481;24,46058000
6,22165431;0,03265481;24,46058000
6,23189431;0,03265481;24,00586000
6,24213431;0,01470992;23,54961000
6,25237431;0,01470992;23,54961000
6,26261431;0,01470992;24,00586000
6,27285431;0,01470992;23,09488000
6,28309431;0,01470992;23,09488000
6,29333431;-0,00320444;23,09488000
6,30357431;-0,00320444;22,64016000
6,31381431;-0,00320444;21,72918000
6,32405431;-0,01214637;21,72918000
6,33429431;-0,01214637;19,90875000
6,34453431;-0,02111881;14,90371000
6,35477431;-0,02111881;-8,30561300
6,36501431;-0,02111881;-21,50487000
6,37525431;-0,03906369;-16,49831000
6,38549431;-0,03906369;-14,67788000
6,39573431;-0,03906369;-16,04358000
6,40597431;-0,03906369;-16,95303000
6,41621431;-0,05700858;-16,95303000
6,42645431;-0,05700858;-16,95303000
6,43669431;-0,05700858;-16,95303000
6,44693431;-0,05700858;-16,95303000
6,45717431;-0,07495346;-17,40776000
6,46741431;-0,07495346;-17,40776000
6,47765430;-0,07495346;-17,40776000
6,48789430;-0,07495346;-17,86401000
6,49813430;-0,08392590;-17,86401000
6,50837430;-0,09286782;-17,40776000
6,51861430;-0,09286782;-17,40776000
6,52885430;-0,10184030;-18,31874000
6,53909430;-0,11081270;-17,86401000
6,54933430;-0,11081270;-17,86401000
6,55957430;-0,11081270;-18,31874000
6,56981430;-0,11978520;-18,31874000
6,58005430;-0,12875760;-17,86401000
6,59029430;-0,12875760;-18,77346000
6,60053430;-0,12875760;-18,77346000
6,61077430;-0,13773000;-18,77346000
6,62101430;-0,13773000;-18,77346000
6,63125430;-0,13773000;-18,31874000
6,64149430;-0,14670250;-19,22819000
6,65173430;-0,15567490;-19,22819000
6,66197430;-0,15567490;-19,22819000
6,67221430;-0,15567490;-19,22819000
6,68245430;-0,16464740;-19,22819000
6,69269430;-0,16464740;-19,22819000
6,70293430;-0,16464740;-19,22819000
6,71317430;-0,18256170;-18,77346000
6,72341430;-0,18256170;-19,22819000
6,73365430;-0,18256170;-19,22819000
6,74389430;-0,19153420;-19,68444000
6,75413430;-0,19153420;-19,68444000
6,76437430;-0,19153420;-19,68444000
6,77461430;-0,20050660;-19,68444000
6,78485430;-0,20050660;-19,68444000
6,79509430;-0,20947900;-19,68444000
6,80533430;-0,21845150;-19,68444000
6,81557430;-0,21845150;-19,68444000
6,82581430;-0,21845150;-20,13916000
6,83605430;-0,22742390;-20,13916000
6,84629430;-0,23639640;-20,59389000
6,85653430;-0,23639640;-20,13916000
6,86677430;-0,23639640;-20,59389000
6,87701430;-0,25431070;-20,59389000
6,88725430;-0,25431070;-20,13916000
6,89749430;-0,25431070;-20,59389000
6,90773430;-0,25431070;-20,59389000
6,91797430;-0,26328320;-20,59389000
6,92821430;-0,27225560;-20,59389000
6,93845430;-0,27225560;-20,13916000
6,94869430;-0,27225560;-20,59389000
6,95893430;-0,28122810;-20,59389000
6,96917430;-0,29020050;-21,04861000
6,97941430;-0,29020050;-20,59389000
6,98965430;-0,29020050;-20,13916000
6,99989430;-0,29917290;-21,04861000
7,01013430;-0,29917290;-20,59389000
7,02037430;-0,29917290;-20,59389000
7,03061430;-0,30814540;-20,59389000
7,04085430;-0,30814540;-21,04861000
7,05109430;-0,30814540;-20,59389000
7,06133430;-0,31711780;-21,04861000
7,07157430;-0,32609030;-21,04861000
7,08181430;-0,32609030;-21,04861000
7,09205430;-0,32609030;-21,04861000
7,10229430;-0,34400460;-21,04861000
7,11253430;-0,34400460;-21,04861000
7,12277430;-0,34400460;-21,50487000
7,13301430;-0,34400460;-21,50487000
7,14325430;-0,34400460;-21,04861000
7,15349430;-0,36194950;-21,50487000
7,16373430;-0,36194950;-21,50487000
7,17397430;-0,36194950;-21,50487000
7,18421430;-0,37092200;-21,50487000
7,19445430;-0,37092200;-21,04861000
7,20469430;-0,37989440;-21,50487000
7,21493430;-0,37989440;-21,50487000
7,22517430;-0,38886680;-21,04861000
7,23541430;-0,38886680;-21,04861000
7,24565430;-0,39783930;-21,50487000
7,25589430;-0,39783930;-21,95959000
7,26613430;-0,39783930;-21,50487000
7,27637430;-0,39783930;-21,04861000
7,28661430;-0,40681170;-21,50487000
7,29685430;-0,40681170;-21,50487000
7,30709430;-0,40681170;-21,95959000
7,31733430;-0,41575370;-21,95959000
7,32757430;-0,41575370;-21,50487000
7,33781430;-0,41575370;-21,50487000
7,34805430;-0,43369850;-21,50487000
7,35829430;-0,43369850;-21,50487000
7,36853430;-0,43369850;-21,95959000
7,37877430;-0,44267100;-21,95959000
7,38901430;-0,44267100;-21,95959000
7,39925430;-0,44267100;-21,50487000
7,40949430;-0,45164340;-21,95959000
7,41973430;-0,44267100;-21,50487000
7,42997430;-0,45164340;-21,95959000
7,44021430;-0,45164340;-21,95959000
7,45045430;-0,46958830;-22,41432000
7,46069430;-0,46061590;-21,95959000
7,47093430;-0,46958830;-22,41432000
7,48117430;-0,46958830;-21,95959000
7,49141430;-0,46958830;-21,95959000
7,50165430;-0,47856070;-21,95959000
7,51189430;-0,48753320;-21,95959000
7,52213430;-0,48753320;-21,95959000
7,53237430;-0,48753320;-22,41432000
7,54261430;-0,49647510;-21,95959000
7,55285430;-0,49647510;-22,41432000
7,56309430;-0,50544760;-21,95959000
7,57333430;-0,50544760;-21,95959000
7,58357430;-0,50544760;-22,86905000
7,59381430;-0,52339240;-22,86905000
7,60405430;-0,52339240;-22,41432000
7,61429430;-0,52339240;-21,95959000
7,62453430;-0,52339240;-21,95959000
7,63477430;-0,53236490;-22,41432000
7,64501430;-0,53236490;-22,41432000
7,65525430;-0,54133730;-21,95959000
7,66549430;-0,54133730;-22,41432000
7,67573430;-0,54133730;-21,95959000
7,68597430;-0,55030980;-22,86905000
7,69621430;-0,54133730;-22,41432000
7,70645430;-0,55030980;-21,95959000
7,71669430;-0,55928220;-21,95959000
7,72693430;-0,55928220;-22,41432000
7,73717430;-0,55928220;-21,95959000
7,74741430;-0,56825460;-22,86905000
7,75765430;-0,55928220;-21,95959000
7,76789430;-0,57722710;-22,86905000
7,77813430;-0,57722710;-22,41432000
7,78837430;-0,57722710;-22,86905000
7,79861430;-0,58616900;-22,86905000
7,80885430;-0,58616900;-22,86905000
7,81909430;-0,58616900;-22,41432000
7,82933430;-0,59514150;-21,95959000
7,83957430;-0,59514150;-23,32530000
7,84981430;-0,60411390;-22,86905000
7,86005430;-0,59514150;-23,32530000
7,87029430;-0,59514150;-22,41432000
7,88053430;-0,61308630;-22,86905000
7,89077430;-0,60411390;-21,95959000
7,90101430;-0,61308630;-22,41432000
7,91125430;-0,61308630;-22,86905000
7,92149430;-0,62205870;-22,41432000
7,93173430;-0,61308630;-23,32530000
7,94197430;-0,63103120;-22,86905000
7,95221430;-0,63103120;-22,86905000
7,96245430;-0,63103120;-22,86905000
7,97269430;-0,63103120;-22,86905000
7,98293430;-0,63103120;-22,41432000
7,99317430;-0,64897610;-22,41432000
8,00341430;-0,64897610;-22,41432000
8,01365430;-0,64897610;-22,86905000
8,02389430;-0,64897610;-22,86905000
8,03413430;-0,64897610;-22,41432000
8,04437430;-0,65794860;-22,86905000
8,05461430;-0,65794860;-22,86905000
8,06485430;-0,65794860;-22,86905000
8,07509430;-0,66689040;-22,86905000
8,08533430;-0,66689040;-22,86905000
8,09557430;-0,66689040;-22,86905000
8,10581430;-0,66689040;-21,95959000
8,11605429;-0,67586290;-22,86905000
8,12629429;-0,68483540;-22,41432000
8,13653429;-0,67586290;-22,86905000
8,14677429;-0,68483540;-22,41432000
8,15701429;-0,68483540;-23,32530000
8,16725429;-0,68483540;-23,78002000
8,17749429;-0,68483540;-23,32530000
8,18773429;-0,68483540;-23,32530000
8,19797429;-0,69380780;-22,86905000
8,20821429;-0,70278020;-22,86905000
8,21845429;-0,70278020;-22,86905000
8,22869429;-0,70278020;-22,86905000
8,23893429;-0,70278020;-22,86905000
8,24917429;-0,70278020;-22,86905000
8,25941429;-0,72072510;-22,86905000
8,26965429;-0,72072510;-22,86905000
8,27989429;-0,70278020;-22,86905000
8,29013429;-0,72072510;-22,86905000
8,30037429;-0,72072510;-23,32530000
8,31061429;-0,72072510;-22,86905000
8,32085429;-0,72072510;-22,86905000
8,33109429;-0,72072510;-22,86905000
8,34133429;-0,72969760;-22,41432000
8,35157429;-0,72072510;-22,86905000
8,36181429;-0,72969760;-23,32530000
8,37205429;-0,73867000;-23,32530000
8,38229429;-0,72969760;-22,86905000
8,39253429;-0,73867000;-23,32530000
8,40277429;-0,73867000;-22,86905000
8,41301429;-0,74761190;-22,86905000
8,42325429;-0,74761190;-22,86905000
8,43349429;-0,75658430;-22,86905000
8,44373429;-0,75658430;-22,86905000
8,45397429;-0,75658430;-23,32530000
8,46421429;-0,74761190;-23,32530000
8,47445429;-0,75658430;-22,86905000
8,48469429;-0,75658430;-22,86905000
8,49493429;-0,75658430;-23,78002000
8,50517429;-0,75658430;-22,86905000
8,51541429;-0,76555680;-22,86905000
8,52565429;-0,76555680;-22,86905000
8,53589429;-0,75658430;-22,86905000
8,54613429;-0,77452930;-22,86905000
8,55637429;-0,77452930;-22,86905000
8,56661429;-0,77452930;-22,86905000
8,57685429;-0,77452930;-22,86905000
8,58709429;-0,77452930;-22,86905000
8,59733429;-0,77452930;-22,86905000
8,60757429;-0,77452930;-23,32530000
8,61781429;-0,77452930;-22,86905000
8,62805429;-0,77452930;-22,86905000
8,63829429;-0,77452930;-22,86905000
8,64853429;-0,79247420;-22,86905000
8,65877429;-0,79247420;-22,86905000
8,66901429;-0,79247420;-22,86905000
8,67925429;-0,79247420;-22,86905000
8,68949429;-0,79247420;-22,86905000
8,69973429;-0,79247420;-22,86905000
8,70997429;-0,79247420;-23,32530000
8,72021429;-0,79247420;-22,86905000
8,73045429;-0,79247420;-22,86905000
8,74069429;-0,79247420;-23,32530000
8,75093429;-0,79247420;-22,86905000
8,76117429;-0,80144660;-23,32530000
8,77141429;-0,80144660;-23,78002000
8,78165429;-0,81041900;-22,86905000
8,79189429;-0,81041900;-23,32530000
8,80213429;-0,81041900;-22,86905000
8,81237429;-0,81041900;-23,32530000
8,82261429;-0,81041900;-22,41432000
8,83285429;-0,81041900;-23,32530000
8,84309429;-0,81041900;-22,86905000
8,85333429;-0,81041900;-22,86905000
8,86357429;-0,81041900;-22,86905000
8,87381429;-0,81939150;-22,86905000
8,88405429;-0,81939150;-22,86905000
8,89429429;-0,81939150;-22,86905000
8,90453429;-0,82833340;-23,32530000
8,91477429;-0,81939150;-22,86905000
8,92501429;-0,82833340;-22,86905000
8,93525429;-0,81939150;-22,86905000
8,94549429;-0,82833340;-22,86905000
8,95573429;-0,82833340;-22,86905000
8,96597429;-0,82833340;-22,86905000
8,97621429;-0,82833340;-22,41432000
8,98645429;-0,82833340;-22,86905000
8,99669429;-0,82833340;-23,32530000
9,00693429;-0,82833340;-23,32530000
9,01717429;-0,82833340;-22,41432000
9,02741429;-0,82833340;-23,32530000
9,03765429;-0,83730580;-22,86905000
9,04789429;-0,82833340;-22,86905000
9,05813429;-0,83730580;-22,86905000
9,06837429;-0,83730580;-22,41432000
9,07861429;-0,83730580;-23,32530000
9,08885429;-0,84627830;-22,86905000
9,09909429;-0,83730580;-22,86905000
9,10933429;-0,83730580;-23,32530000
9,11957429;-0,83730580;-22,41432000
9,12981429;-0,83730580;-22,86905000
9,14005429;-0,84627830;-23,32530000
9,15029429;-0,83730580;-22,86905000
9,16053429;-0,84627830;-22,86905000
9,17077429;-0,84627830;-22,86905000
9,18101429;-0,83730580;-23,32530000
9,19125429;-0,84627830;-23,32530000
9,20149429;-0,84627830;-22,86905000
9,21173429;-0,83730580;-23,32530000
9,22197429;-0,84627830;-22,86905000
9,23221429;-0,83730580;-22,86905000
9,24245429;-0,83730580;-22,86905000
9,25269429;-0,83730580;-23,32530000
9,26293429;-0,84627830;-22,86905000
9,27317429;-0,84627830;-22,86905000
9,28341429;-0,84627830;-22,86905000
9,29365429;-0,84627830;-22,86905000
9,30389429;-0,84627830;-22,86905000
9,31413429;-0,84627830;-22,86905000
9,32437429;-0,84627830;-22,86905000
9,33461429;-0,84627830;-22,86905000
9,34485429;-0,84627830;-23,32530000
9,35509429;-0,84627830;-22,86905000
9,36533429;-0,84627830;-22,41432000
9,37557429;-0,84627830;-22,86905000
9,38581429;-0,83730580;-22,86905000
9,39605429;-0,84627830;-23,32530000
9,40629429;-0,84627830;-22,86905000
9,41653429;-0,84627830;-22,86905000
9,42677429;-0,84627830;-23,32530000
9,43701429;-0,84627830;-22,86905000
9,44725429;-0,84627830;-23,32530000
9,45749429;-0,84627830;-22,86905000
9,46773429;-0,84627830;-22,86905000
9,47797429;-0,84627830;-22,86905000
9,48821429;-0,84627830;-22,41432000
9,49845429;-0,84627830;-23,32530000
9,50869429;-0,84627830;-22,86905000
9,51893429;-0,84627830;-22,86905000
9,52917429;-0,84627830;-23,32530000
9,53941429;-0,84627830;-22,86905000
9,54965429;-0,84627830;-22,86905000
9,55989429;-0,84627830;-22,86905000
9,57013429;-0,84627830;-22,86905000
9,58037429;-0,84627830;-23,32530000
9,59061429;-0,84627830;-22,86905000
9,60085429;-0,84627830;-23,32530000
9,61109429;-0,83730580;-22,86905000
9,62133429;-0,84627830;-22,41432000
9,63157429;-0,83730580;-22,86905000
9,64181429;-0,83730580;-22,86905000
9,65205429;-0,83730580;-23,32530000
9,66229429;-0,84627830;-22,86905000
9,67253429;-0,82833340;-22,86905000
9,68277429;-0,82833340;-22,86905000
9,69301429;-0,83730580;-23,32530000
9,70325429;-0,83730580;-22,86905000
9,71349429;-0,83730580;-22,86905000
9,72373429;-0,83730580;-22,86905000
9,73397429;-0,83730580;-22,86905000
9,74421429;-0,82833340;-22,86905000
9,75445429;-0,83730580;-22,41432000
9,76469428;-0,82833340;-23,32530000
9,77493428;-0,82833340;-22,86905000
9,78517428;-0,82833340;-22,41432000
9,79541428;-0,82833340;-22,41432000
9,80565428;-0,82833340;-22,86905000
9,81589428;-0,82833340;-22,86905000
9,82613428;-0,82833340;-21,95959000
9,83637428;-0,82833340;-22,86905000
9,84661428;-0,82833340;-22,86905000
9,85685428;-0,82833340;-22,41432000
9,86709428;-0,82833340;-22,86905000
9,87733428;-0,82833340;-22,41432000
9,88757428;-0,82833340;-21,95959000
9,89781428;-0,81939150;-22,86905000
9,90805428;-0,82833340;-22,86905000
9,91829428;-0,82833340;-22,41432000
9,92853428;-0,81939150;-22,86905000
9,93877428;-0,81939150;-22,41432000
9,94901428;-0,81041900;-22,86905000
9,95925428;-0,81041900;-22,86905000
9,96949428;-0,81041900;-22,41432000
9,97973428;-0,81041900;-22,41432000
9,98997428;-0,81041900;-22,86905000
10,00021428;-0,81041900;-22,86905000
10,01045428;-0,80144660;-22,86905000
10,02069428;-0,81041900;-22,86905000
10,03093428;-0,81041900;-22,41432000
10,04117428;-0,80144660;-22,41432000
10,05141428;-0,80144660;-21,95959000
10,06165428;-0,81041900;-22,41432000
10,07189428;-0,79247420;-23,32530000
10,08213428;-0,79247420;-22,86905000
10,09237428;-0,79247420;-21,95959000
10,10261428;-0,79247420;-22,86905000
10,11285428;-0,79247420;-22,41432000
10,12309428;-0,79247420;-22,86905000
10,13333428;-0,79247420;-22,41432000
10,14357428;-0,79247420;-22,86905000
10,15381428;-0,79247420;-22,86905000
10,16405428;-0,79247420;-22,86905000
10,17429428;-0,78350170;-22,41432000
10,18453428;-0,77452930;-21,95959000
10,19477428;-0,78350170;-21,95959000
10,20501428;-0,77452930;-22,86905000
10,21525428;-0,77452930;-22,86905000
10,22549428;-0,77452930;-22,41432000
10,23573428;-0,77452930;-21,95959000
10,24597428;-0,77452930;-22,86905000
10,25621428;-0,77452930;-21,95959000
10,26645428;-0,76555680;-22,41432000
10,27669428;-0,76555680;-21,95959000
10,28693428;-0,76555680;-22,86905000
10,29717428;-0,75658430;-22,41432000
10,30741428;-0,76555680;-22,41432000
10,31765428;-0,76555680;-22,86905000
10,32789428;-0,75658430;-22,41432000
10,33813428;-0,75658430;-22,41432000
10,34837428;-0,75658430;-21,95959000
10,35861428;-0,75658430;-22,41432000
10,36885428;-0,74761190;-21,95959000
10,37909428;-0,74761190;-21,95959000
10,38933428;-0,74761190;-22,41432000
10,39957428;-0,74761190;-21,95959000
10,40981428;-0,73867000;-22,41432000
10,42005428;-0,73867000;-22,86905000
10,43029428;-0,73867000;-22,41432000
10,44053428;-0,73867000;-22,41432000
10,45077428;-0,72969760;-22,41432000
10,46101428;-0,72969760;-21,95959000
10,47125428;-0,72969760;-22,41432000
10,48149428;-0,72969760;-22,41432000
10,49173428;-0,72072510;-22,41432000
10,50197428;-0,72072510;-22,41432000
10,51221428;-0,72072510;-22,86905000
10,52245428;-0,72072510;-21,95959000
10,53269428;-0,72072510;-22,41432000
10,54293428;-0,72072510;-21,95959000
10,55317428;-0,70278020;-21,95959000
10,56341428;-0,71175270;-21,95959000
10,57365428;-0,71175270;-21,95959000
10,58389428;-0,70278020;-21,95959000
10,59413428;-0,70278020;-22,41432000
10,60437428;-0,70278020;-22,41432000
10,61461428;-0,70278020;-22,41432000
10,62485428;-0,69380780;-21,95959000
10,63509428;-0,68483540;-21,95959000
10,64533428;-0,69380780;-21,95959000
10,65557428;-0,68483540;-22,41432000
10,66581428;-0,68483540;-21,95959000
10,67605428;-0,68483540;-21,95959000
10,68629428;-0,68483540;-21,95959000
10,69653428;-0,68483540;-21,95959000
10,70677428;-0,67586290;-21,95959000
10,71701428;-0,66689040;-21,95959000
10,72725428;-0,66689040;-21,95959000
10,73749428;-0,66689040;-21,95959000
10,74773428;-0,65794860;-21,95959000
10,75797428;-0,66689040;-21,95959000
10,76821428;-0,65794860;-21,50487000
10,77845428;-0,64897610;-21,95959000
10,78869428;-0,64897610;-21,95959000
10,79893428;-0,64897610;-21,95959000
10,80917428;-0,64897610;-21,95959000
10,81941428;-0,64897610;-21,95959000
10,82965428;-0,64897610;-21,95959000
10,83989428;-0,63103120;-21,95959000
10,85013428;-0,63103120;-21,95959000
10,86037428;-0,63103120;-21,95959000
10,87061428;-0,63103120;-22,86905000
10,88085428;-0,62205870;-21,95959000
10,89109428;-0,62205870;-21,95959000
10,90133428;-0,61308630;-21,95959000
10,91157428;-0,61308630;-21,95959000
10,92181428;-0,61308630;-21,95959000
10,93205428;-0,61308630;-21,95959000
10,94229428;-0,61308630;-21,04861000
10,95253428;-0,60411390;-21,95959000
10,96277428;-0,60411390;-21,50487000
10,97301428;-0,59514150;-21,95959000
10,98325428;-0,59514150;-21,50487000
10,99349428;-0,59514150;-21,50487000
11,00373428;-0,58616900;-21,50487000
11,01397428;-0,58616900;-21,50487000
11,02421428;-0,57722710;-21,95959000
11,03445428;-0,57722710;-21,50487000
11,04469428;-0,57722710;-21,50487000
11,05493428;-0,56825460;-21,50487000
11,06517428;-0,56825460;-21,04861000
11,07541428;-0,55928220;-21,50487000
11,08565428;-0,56825460;-21,50487000
11,09589428;-0,56825460;-22,41432000
11,10613428;-0,55928220;-21,50487000
11,11637428;-0,55030980;-21,04861000
11,12661428;-0,55030980;-21,04861000
11,13685428;-0,54133730;-21,50487000
11,14709428;-0,54133730;-21,50487000
11,15733428;-0,54133730;-21,04861000
11,16757428;-0,54133730;-21,04861000
11,17781428;-0,52339240;-21,50487000
11,18805428;-0,52339240;-21,04861000
11,19829428;-0,52339240;-21,04861000
11,20853428;-0,52339240;-21,04861000
11,21877428;-0,52339240;-21,04861000
11,22901428;-0,50544760;-21,50487000
11,23925428;-0,51442000;-21,04861000
11,24949428;-0,50544760;-21,04861000
11,25973428;-0,50544760;-21,04861000
11,26997428;-0,50544760;-21,04861000
11,28021428;-0,50544760;-21,04861000
11,29045428;-0,48753320;-21,50487000
11,30069428;-0,48753320;-21,50487000
11,31093428;-0,48753320;-21,04861000
11,32117428;-0,48753320;-21,04861000
11,33141428;-0,47856070;-21,04861000
11,34165428;-0,47856070;-21,04861000
11,35189428;-0,46958830;-21,04861000
11,36213428;-0,46958830;-21,04861000
11,37237428;-0,46958830;-20,59389000
11,38261428;-0,46958830;-21,04861000
11,39285428;-0,45164340;-21,50487000
11,40309428;-0,46061590;-21,04861000
11,41333427;-0,45164340;-20,59389000
11,42357427;-0,44267100;-20,13916000
11,43381427;-0,44267100;-21,04861000
11,44405427;-0,44267100;-20,59389000
11,45429427;-0,43369850;-20,59389000
11,46453427;-0,43369850;-20,59389000
11,47477427;-0,43369850;-20,59389000
11,48501427;-0,43369850;-20,13916000
11,49525427;-0,41575370;-20,59389000
11,50549427;-0,41575370;-20,59389000
11,51573427;-0,41575370;-20,59389000
11,52597427;-0,40681170;-20,59389000
11,53621427;-0,40681170;-21,04861000
11,54645427;-0,39783930;-20,59389000
11,55669427;-0,39783930;-20,13916000
11,56693427;-0,39783930;-20,13916000
11,57717427;-0,39783930;-20,59389000
11,58741427;-0,38886680;-20,13916000
11,59765427;-0,37989440;-20,13916000
11,60789427;-0,37989440;-20,13916000
11,61813427;-0,37989440;-20,59389000
11,62837427;-0,37092200;-20,59389000
11,63861427;-0,37989440;-20,59389000
11,64885427;-0,37092200;-20,59389000
11,65909427;-0,36194950;-20,13916000
11,66933427;-0,36194950;-20,13916000
11,67957427;-0,36194950;-19,68444000
11,68981427;-0,34400460;-19,68444000
11,70005427;-0,34400460;-19,68444000
11,71029427;-0,34400460;-19,68444000
11,72053427;-0,34400460;-19,68444000
11,73077427;-0,33503220;-20,13916000
11,74101427;-0,32609030;-19,68444000
11,75125427;-0,32609030;-20,13916000
11,76149427;-0,32609030;-19,68444000
11,77173427;-0,31711780;-19,68444000
11,78197427;-0,30814540;-19,68444000
11,79221427;-0,30814540;-19,68444000
11,80245427;-0,30814540;-19,68444000
11,81269427;-0,30814540;-19,68444000
11,82293427;-0,29917290;-19,68444000
11,83317427;-0,29020050;-19,68444000
11,84341427;-0,29020050;-19,68444000
11,85365427;-0,28122810;-19,68444000
11,86389427;-0,27225560;-19,68444000
11,87413427;-0,27225560;-19,22819000
11,88437427;-0,27225560;-19,22819000
11,89461427;-0,27225560;-19,22819000
11,90485427;-0,26328320;-19,22819000
11,91509427;-0,25431070;-18,77346000
11,92533427;-0,25431070;-19,22819000
11,93557427;-0,25431070;-19,22819000
11,94581427;-0,24536880;-19,68444000
11,95605427;-0,24536880;-19,22819000
11,96629427;-0,24536880;-18,77346000
11,97653427;-0,23639640;-18,77346000
11,98677427;-0,22742390;-19,22819000
11,99701427;-0,21845150;-18,77346000
12,00725427;-0,21845150;-18,31874000
12,01749427;-0,21845150;-18,77346000
12,02773427;-0,20050660;-18,77346000
12,03797427;-0,21845150;-19,22819000
12,04821427;-0,20050660;-18,31874000
12,05845427;-0,20050660;-18,31874000
12,06869427;-0,19153420;-18,31874000
12,07893427;-0,19153420;-17,86401000
12,08917427;-0,18256170;-17,86401000
12,09941427;-0,18256170;-18,31874000
12,10965427;-0,18256170;-18,31874000
12,11989427;-0,18256170;-18,31874000
12,13013427;-0,17358930;-18,31874000
12,14037427;-0,16464740;-18,31874000
12,15061427;-0,16464740;-17,86401000
12,16085427;-0,16464740;-18,31874000
12,17109427;-0,14670250;-17,86401000
12,18133427;-0,15567490;-17,86401000
12,19157427;-0,14670250;-17,86401000
12,20181427;-0,14670250;-17,86401000
12,21205427;-0,12875760;-17,86401000
12,22229427;-0,12875760;-17,40776000
12,23253427;-0,12875760;-16,95303000
12,24277427;-0,12875760;-17,86401000
12,25301427;-0,11978520;-17,40776000
12,26325427;-0,11081270;-16,95303000
12,27349427;-0,11081270;-17,40776000
12,28373427;-0,11081270;-16,95303000
12,29397427;-0,11081270;-16,95303000
12,30421427;-0,09286782;-16,95303000
12,31445427;-0,09286782;-16,95303000
12,32469427;-0,09286782;-16,49831000
12,33493427;-0,08392590;-16,49831000
12,34517427;-0,07495346;-16,49831000
12,35541427;-0,07495346;-16,49831000
12,36565427;-0,07495346;-16,49831000
12,37589427;-0,07495346;-16,49831000
12,38613427;-0,05700858;-16,04358000
12,39637427;-0,05700858;-16,04358000
12,40661427;-0,05700858;-15,58733000
12,41685427;-0,03906369;-15,58733000
12,42709427;-0,04803614;-15,58733000
12,43733427;-0,03906369;-15,58733000
12,44757427;-0,03906369;-15,13260000
12,45781427;-0,03009125;-15,13260000
12,46805427;-0,02111881;-15,58733000
12,47829427;-0,02111881;-14,67788000
12,48853427;-0,02111881;-15,58733000
12,49877427;-0,02111881;-14,67788000
12,50901427;-0,00320444;-14,67788000
12,51925427;-0,00320444;-14,22315000
12,52949427;-0,00320444;-14,67788000
12,53973427;-0,00320444;-14,22315000
12,54997427;0,01470992;-13,31217000
12,56021427;0,01470992;-13,31217000
12,57045427;0,01470992;-12,85745000
12,58069427;0,02368236;-12,40272000
12,59093427;0,01470992;-11,94647000
12,60117427;0,03265481;-11,03702000
12,61141427;0,03265481;-2,84432500
12,62165427;0,03265481;22,18543000
12,63189427;0,03265481;29,92187000
12,64213427;0,05059969;24,46058000
12,65237427;0,05059969;24,00586000
12,66261427;0,05957213;25,82629000
12,67285427;0,05957213;25,37004000
12,68309427;0,05957213;26,28101000
12,69333427;0,06854457;25,82629000
12,70357427;0,06854457;26,28101000
12,71381427;0,06854457;26,28101000
12,72405427;0,08645894;26,28101000
12,73429427;0,08645894;26,28101000
12,74453427;0,09543138;26,73574000
12,75477427;0,09543138;26,73574000
12,76501427;0,10440380;26,73574000
12,77525427;0,10440380;27,19047000
12,78549427;0,10440380;27,19047000
12,79573427;0,11337630;27,19047000
12,80597427;0,11337630;27,19047000
12,81621427;0,12234870;27,19047000
12,82645427;0,12234870;27,64672000
12,83669427;0,14029360;27,19047000
12,84693427;0,13132110;27,64672000
12,85717427;0,14029360;28,10144000
12,86741427;0,14029360;27,64672000
12,87765427;0,14926600;27,19047000
12,88789427;0,15823850;28,10144000
12,89813427;0,15823850;28,10144000
12,90837427;0,15823850;28,10144000
12,91861427;0,16718040;28,10144000
12,92885427;0,17615280;27,64672000
12,93909427;0,17615280;28,55617000
12,94933427;0,17615280;28,10144000
12,95957427;0,18512530;28,10144000
12,96981427;0,18512530;28,55617000
12,98005427;0,19409770;28,55617000
12,99029427;0,19409770;28,55617000
13,00053427;0,19409770;28,55617000
13,01077427;0,20307020;28,55617000
13,02101427;0,21204260;28,55617000
13,03125427;0,21204260;29,01089000
13,04149427;0,21204260;29,01089000
13,05173426;0,21204260;29,01089000
13,06197426;0,22101510;29,46715000
13,07221426;0,22998750;29,01089000
13,08245426;0,22998750;29,01089000
13,09269426;0,23895990;29,01089000
13,10293426;0,22998750;29,01089000
13,11317426;0,24790190;29,46715000
13,12341426;0,24790190;29,46715000
13,13365426;0,24790190;29,46715000
13,14389426;0,25687430;29,01089000
13,15413426;0,26584670;29,92187000
13,16437426;0,25687430;29,46715000
13,17461426;0,26584670;29,92187000
13,18485426;0,27481920;29,46715000
13,19509426;0,28379160;29,46715000
13,20533426;0,28379160;29,46715000
13,21557426;0,28379160;29,92187000
13,22581426;0,28379160;29,92187000
13,23605426;0,30173650;29,92187000
13,24629426;0,30173650;30,37660000
13,25653426;0,30173650;29,92187000
13,26677426;0,31070890;29,92187000
13,27701426;0,31070890;29,46715000
13,28725426;0,31968140;29,92187000
13,29749426;0,31968140;29,92187000
13,30773426;0,31968140;30,37660000
13,31797426;0,32862330;30,37660000
13,32821426;0,32862330;29,92187000
13,33845426;0,31968140;30,37660000
13,34869426;0,33759580;29,92187000
13,35893426;0,34656820;30,37660000
13,36917426;0,35554060;29,92187000
13,37941426;0,34656820;30,37660000
13,38965426;0,35554060;30,37660000
13,39989426;0,35554060;31,28757000
13,41013426;0,36451310;30,37660000
13,42037426;0,36451310;30,37660000
13,43061426;0,37348550;30,37660000
13,44085426;0,37348550;30,83132000
13,45109426;0,37348550;30,37660000
13,46133426;0,38245800;30,37660000
13,47157426;0,39143040;31,28757000
13,48181426;0,39143040;30,83132000
13,49205426;0,39143040;30,83132000
13,50229426;0,40040280;30,83132000
13,51253426;0,40040280;30,83132000
13,52277426;0,40040280;31,28757000
13,53301426;0,40934480;30,37660000
13,54325426;0,40934480;30,37660000
13,55349426;0,40934480;30,37660000
13,56373426;0,42728970;31,28757000
13,57397426;0,42728970;30,83132000
13,58421426;0,42728970;31,28757000
13,59445426;0,42728970;31,74230000
13,60469426;0,43626210;31,28757000
13,61493426;0,44523450;31,28757000
13,62517426;0,44523450;30,83132000
13,63541426;0,44523450;31,28757000
13,64565426;0,44523450;31,28757000
13,65589426;0,45420700;31,28757000
13,66613426;0,46317940;31,74230000
13,67637426;0,46317940;30,83132000
13,68661426;0,46317940;31,28757000
13,69685426;0,46317940;31,28757000
13,70709426;0,46317940;31,28757000
13,71733426;0,48112430;30,83132000
13,72757426;0,48112430;31,28757000
13,73781426;0,49006620;31,28757000
13,74805426;0,48112430;31,74230000
13,75829426;0,49006620;31,28757000
13,76853426;0,49903870;31,28757000
13,77877426;0,49903870;31,28757000
13,78901426;0,49903870;31,28757000
13,79925426;0,49903870;31,28757000
13,80949426;0,51698360;31,28757000
13,81973426;0,51698360;30,83132000
13,82997426;0,51698360;31,28757000
13,84021426;0,51698360;31,74230000
13,85045426;0,51698360;31,28757000
13,86069426;0,53492840;31,28757000
13,87093426;0,52595600;31,74230000
13,88117426;0,53492840;31,28757000
13,89141426;0,53492840;31,74230000
13,90165426;0,53492840;31,74230000
13,91189426;0,54390080;31,28757000
13,92213426;0,54390080;31,28757000
13,93237426;0,55287330;31,28757000
13,94261426;0,55287330;31,74230000
13,95285426;0,55287330;31,74230000
13,96309426;0,56184580;31,74230000
13,97333426;0,56184580;31,74230000
13,98357426;0,57081820;31,74230000
13,99381426;0,57081820;31,28757000
14,00405426;0,57081820;31,74230000
14,01429426;0,57081820;31,74230000
14,02453426;0,57976010;31,74230000
14,03477426;0,58873250;31,74230000
14,04501426;0,58873250;31,74230000
14,05525426;0,59770500;31,74230000
14,06549426;0,59770500;31,28757000
14,07573426;0,58873250;31,74230000
14,08597426;0,59770500;31,74230000
14,09621426;0,60667750;31,74230000
14,10645426;0,60667750;32,65175000
14,11669426;0,60667750;31,74230000
14,12693426;0,60667750;31,74230000
14,13717426;0,61564990;31,74230000
14,14741426;0,61564990;31,74230000
14,15765426;0,62462230;31,74230000
14,16789426;0,62462230;31,74230000
14,17813426;0,62462230;31,74230000
14,18837426;0,62462230;31,74230000
14,19861426;0,63359480;31,74230000
14,20885426;0,64256720;31,74230000
14,21909426;0,64256720;31,74230000
14,22933426;0,64256720;31,74230000
14,23957426;0,64256720;31,74230000
14,24981426;0,64256720;31,74230000
14,26005426;0,64256720;31,28757000
14,27029426;0,65153970;31,74230000
14,28053426;0,66048160;32,19703000
14,29077426;0,66048160;32,19703000
14,30101426;0,66048160;31,74230000
14,31125426;0,66048160;31,74230000
14,32149426;0,66048160;31,74230000
14,33173426;0,66048160;31,74230000
14,34197426;0,66945400;31,74230000
14,35221426;0,67842640;31,74230000
14,36245426;0,67842640;31,74230000
14,37269426;0,67842640;31,74230000
14,38293426;0,67842640;32,19703000
14,39317426;0,68739890;31,74230000
14,40341426;0,67842640;31,74230000
14,41365426;0,69637140;31,74230000
14,42389426;0,68739890;31,74230000
14,43413426;0,69637140;31,74230000
14,44437426;0,70534380;31,74230000
14,45461426;0,69637140;31,74230000
14,46485426;0,70534380;31,74230000
14,47509426;0,69637140;32,65175000
14,48533426;0,70534380;32,19703000
14,49557426;0,71431620;32,19703000
14,50581426;0,71431620;32,19703000
14,51605426;0,71431620;32,19703000
14,52629426;0,71431620;31,74230000
14,53653426;0,71431620;31,74230000
14,54677426;0,72328870;31,74230000
14,55701426;0,73226110;32,19703000
14,56725426;0,73226110;31,74230000
14,57749426;0,73226110;32,19703000
14,58773426;0,73226110;31,74230000
14,59797426;0,73226110;31,74230000
14,60821426;0,73226110;31,74230000
14,61845426;0,74120300;31,74230000
14,62869426;0,75017550;31,74230000
14,63893426;0,74120300;31,74230000
14,64917426;0,75017550;32,65175000
14,65941426;0,74120300;32,19703000
14,66965426;0,75017550;31,74230000
14,67989426;0,75017550;31,28757000
14,69013426;0,75017550;32,65175000
14,70037425;0,75017550;32,19703000
14,71061425;0,75914790;31,74230000
14,72085425;0,75017550;31,74230000
14,73109425;0,75914790;31,74230000
14,74133425;0,76812030;32,65175000
14,75157425;0,75914790;31,74230000
14,76181425;0,76812030;31,74230000
14,77205425;0,76812030;31,74230000
14,78229425;0,76812030;31,74230000
14,79253425;0,76812030;31,74230000
14,80277425;0,77709280;32,19703000
14,81301425;0,76812030;32,19703000
14,82325425;0,77709280;31,74230000
14,83349425;0,78606520;32,19703000
14,84373425;0,77709280;31,74230000
14,85397425;0,78606520;31,74230000
14,86421425;0,78606520;31,74230000
14,87445425;0,78606520;31,74230000
14,88469425;0,78606520;31,74230000
14,89493425;0,78606520;32,19703000
14,90517425;0,78606520;32,19703000
14,91541425;0,78606520;32,19703000
14,92565425;0,79503770;31,74230000
14,93589425;0,78606520;31,74230000
14,94613425;0,79503770;31,74230000
14,95637425;0,78606520;32,65175000
14,96661425;0,80401020;32,19703000
14,97685425;0,80401020;31,74230000
14,98709425;0,80401020;32,19703000
14,99733425;0,81298260;31,74230000
15,00757425;0,80401020;31,74230000
15,01781425;0,80401020;32,19703000
15,02805425;0,81298260;32,19703000
15,03829425;0,81298260;31,74230000
15,04853425;0,82192450;32,65175000
15,05877425;0,81298260;31,74230000
15,06901425;0,81298260;31,74230000
15,07925425;0,82192450;32,19703000
15,08949425;0,82192450;32,65175000
15,09973425;0,82192450;32,65175000
15,10997425;0,82192450;31,74230000
15,12021425;0,82192450;31,74230000
15,13045425;0,82192450;32,19703000
15,14069425;0,82192450;31,74230000
15,15093425;0,82192450;32,19703000
15,16117425;0,82192450;31,74230000
15,17141425;0,82192450;31,74230000
15,18165425;0,82192450;32,19703000
15,19189425;0,82192450;32,19703000
15,20213425;0,82192450;31,74230000
15,21237425;0,82192450;32,19703000
15,22261425;0,83986940;31,74230000
15,23285425;0,83089690;31,74230000
15,24309425;0,83089690;32,19703000
15,25333425;0,83986940;31,74230000
15,26357425;0,83089690;31,74230000
15,27381425;0,83986940;32,19703000
15,28405425;0,83986940;32,19703000
15,29429425;0,83089690;31,74230000
15,30453425;0,83986940;32,19703000
15,31477425;0,83986940;31,74230000
15,32501425;0,83986940;31,74230000
15,33525425;0,83986940;32,19703000
15,34549425;0,83986940;31,74230000
15,35573425;0,83986940;31,74230000
15,36597425;0,84884180;32,19703000
15,37621425;0,83986940;32,19703000
15,38645425;0,83986940;32,19703000
15,39669425;0,83986940;32,19703000
15,40693425;0,84884180;31,74230000
15,41717425;0,84884180;31,74230000
15,42741425;0,84884180;31,74230000
15,43765425;0,83986940;31,74230000
15,44789425;0,84884180;31,74230000
15,45813425;0,85781430;32,19703000
15,46837425;0,84884180;31,28757000
15,47861425;0,84884180;32,19703000
15,48885425;0,84884180;31,74230000
15,49909425;0,83986940;32,19703000
15,50933425;0,85781430;31,74230000
15,51957425;0,85781430;32,65175000
15,52981425;0,84884180;31,74230000
15,54005425;0,84884180;32,19703000
15,55029425;0,85781430;31,74230000
15,56053425;0,85781430;31,74230000
15,57077425;0,84884180;31,74230000
15,58101425;0,84884180;31,74230000
15,59125425;0,84884180;32,65175000
15,60149425;0,85781430;32,19703000
15,61173425;0,85781430;32,65175000
15,62197425;0,85781430;31,74230000
15,63221425;0,85781430;32,19703000
15,64245425;0,84884180;31,74230000
15,65269425;0,84884180;32,65175000
15,66293425;0,84884180;32,19703000
15,67317425;0,85781430;31,74230000
15,68341425;0,84884180;31,74230000
15,69365425;0,85781430;32,19703000
15,70389425;0,84884180;31,74230000
15,71413425;0,85781430;31,74230000
15,72437425;0,85781430;31,74230000
15,73461425;0,84884180;31,74230000
15,74485425;0,85781430;31,74230000
15,75509425;0,85781430;31,74230000
15,76533425;0,84884180;31,74230000
15,77557425;0,84884180;32,19703000
15,78581425;0,85781430;31,74230000
15,79605425;0,84884180;32,19703000
15,80629425;0,84884180;31,74230000
15,81653425;0,85781430;31,74230000
15,82677425;0,84884180;32,19703000
15,83701425;0,85781430;31,74230000
15,84725425;0,84884180;32,19703000
15,85749425;0,84884180;31,74230000
15,86773425;0,84884180;31,74230000
15,87797425;0,84884180;31,74230000
15,88821425;0,84884180;31,74230000
15,89845425;0,83986940;31,74230000
15,90869425;0,84884180;31,74230000
15,91893425;0,83986940;32,19703000
15,92917425;0,84884180;31,28757000
15,93941425;0,83986940;32,65175000
15,94965425;0,83986940;31,74230000
15,95989425;0,83986940;32,19703000
15,97013425;0,83986940;31,74230000
15,98037425;0,83986940;31,74230000
15,99061425;0,83986940;31,74230000
16,00085425;0,83986940;31,74230000
16,01109425;0,83986940;31,74230000
16,02133425;0,83986940;31,74230000
16,03157425;0,83986940;32,19703000
16,04181425;0,83089690;31,28757000
16,05205425;0,83986940;31,74230000
16,06229425;0,83986940;31,74230000
16,07253425;0,83089690;31,74230000
16,08277425;0,83089690;31,74230000
16,09301425;0,83089690;31,74230000
16,10325425;0,83089690;31,74230000
16,11349425;0,83986940;31,74230000
16,12373425;0,83089690;32,19703000
16,13397425;0,82192450;31,28757000
16,14421425;0,83089690;31,74230000
16,15445425;0,82192450;31,74230000
16,16469425;0,82192450;31,74230000
16,17493425;0,82192450;31,28757000
16,18517425;0,83089690;31,74230000
16,19541425;0,82192450;32,19703000
16,20565425;0,82192450;31,28757000
16,21589425;0,82192450;31,28757000
16,22613425;0,82192450;31,74230000
16,23637425;0,81298260;31,74230000
16,24661425;0,82192450;32,19703000
16,25685425;0,82192450;31,28757000
16,26709425;0,82192450;32,19703000
16,27733425;0,81298260;31,74230000
16,28757425;0,82192450;31,74230000
16,29781425;0,81298260;31,74230000
16,30805425;0,80401020;31,74230000
16,31829425;0,80401020;31,74230000
16,32853425;0,80401020;31,74230000
16,33877425;0,80401020;31,74230000
16,34901424;0,80401020;31,28757000
16,35925424;0,80401020;31,74230000
16,36949424;0,80401020;31,74230000
16,37973424;0,79503770;31,28757000
16,38997424;0,80401020;31,74230000
16,40021424;0,78606520;31,74230000
16,41045424;0,80401020;31,74230000
16,42069424;0,78606520;31,28757000
16,43093424;0,78606520;31,74230000
16,44117424;0,78606520;31,28757000
16,45141424;0,78606520;31,74230000
16,46165424;0,78606520;31,74230000
16,47189424;0,78606520;31,74230000
16,48213424;0,77709280;31,28757000
16,49237424;0,76812030;31,74230000
16,50261424;0,78606520;31,74230000
16,51285424;0,77709280;31,74230000
16,52309424;0,77709280;31,74230000
16,53333424;0,76812030;31,28757000
16,54357424;0,76812030;31,74230000
16,55381424;0,76812030;31,28757000
16,56405424;0,76812030;31,28757000
16,57429424;0,76812030;31,28757000
16,58453424;0,75017550;31,74230000
16,59477424;0,75914790;31,74230000
16,60501424;0,75914790;31,74230000
16,61525424;0,76812030;31,74230000
16,62549424;0,75017550;31,74230000
16,63573424;0,75017550;31,74230000
16,64597424;0,75017550;31,28757000
16,65621424;0,75017550;31,28757000
16,66645424;0,75017550;31,28757000
16,67669424;0,74120300;31,28757000
16,68693424;0,74120300;31,74230000
16,69717424;0,75017550;31,28757000
16,70741424;0,73226110;31,74230000
16,71765424;0,74120300;31,74230000
16,72789424;0,74120300;31,28757000
16,73813424;0,73226110;31,28757000
16,74837424;0,73226110;31,74230000
16,75861424;0,72328870;31,28757000
16,76885424;0,73226110;31,74230000
16,77909424;0,71431620;31,28757000
16,78933424;0,72328870;31,28757000
16,79957424;0,71431620;31,28757000
16,80981424;0,71431620;31,74230000
16,82005424;0,71431620;31,28757000
16,83029424;0,71431620;31,28757000
16,84053424;0,71431620;31,28757000
16,85077424;0,71431620;31,28757000
16,86101424;0,70534380;31,28757000
16,87125424;0,69637140;31,28757000
16,88149424;0,70534380;31,28757000
16,89173424;0,69637140;31,28757000
16,90197424;0,69637140;31,28757000
16,91221424;0,69637140;31,28757000
16,92245424;0,68739890;31,28757000
16,93269424;0,68739890;30,83132000
16,94293424;0,68739890;31,28757000
16,95317424;0,67842640;30,83132000
16,96341424;0,67842640;31,28757000
16,97365424;0,67842640;30,83132000
16,98389424;0,66945400;30,83132000
16,99413424;0,66945400;31,28757000
17,00437424;0,66945400;31,28757000
17,01461424;0,66048160;31,74230000
17,02485424;0,66048160;31,28757000
17,03509424;0,66048160;30,83132000
17,04533424;0,65153970;31,28757000
17,05557424;0,66048160;31,28757000
17,06581424;0,65153970;30,83132000
17,07605424;0,64256720;31,28757000
17,08629424;0,64256720;31,28757000
17,09653424;0,64256720;31,28757000
17,10677424;0,64256720;30,83132000
17,11701424;0,64256720;30,83132000
17,12725424;0,64256720;30,83132000
17,13749424;0,63359480;30,83132000
17,14773424;0,62462230;31,28757000
17,15797424;0,62462230;30,83132000
17,16821424;0,62462230;30,83132000
17,17845424;0,61564990;30,37660000
17,18869424;0,61564990;30,83132000
17,19893424;0,60667750;31,28757000
17,20917424;0,60667750;30,83132000
17,21941424;0,60667750;31,28757000
17,22965424;0,60667750;30,37660000
17,23989424;0,60667750;30,37660000
17,25013424;0,59770500;31,28757000
17,26037424;0,58873250;30,83132000
17,27061424;0,58873250;30,83132000
17,28085424;0,58873250;31,28757000
17,29109424;0,58873250;30,83132000
17,30133424;0,58873250;30,37660000
17,31157424;0,57081820;30,83132000
17,32181424;0,57081820;30,37660000
17,33205424;0,57081820;30,83132000
17,34229424;0,57081820;30,83132000
17,35253424;0,56184580;30,37660000
17,36277424;0,56184580;30,83132000
17,37301424;0,55287330;30,83132000
17,38325424;0,55287330;30,37660000
17,39349424;0,55287330;30,83132000
17,40373424;0,55287330;30,83132000
17,41397424;0,54390080;29,92187000
17,42421424;0,54390080;30,83132000
17,43445424;0,54390080;31,28757000
17,44469424;0,53492840;29,92187000
17,45493424;0,53492840;30,37660000
17,46517424;0,53492840;30,37660000
17,47541424;0,53492840;30,37660000
17,48565424;0,51698360;29,92187000
17,49589424;0,51698360;30,83132000
17,50613424;0,51698360;30,83132000
17,51637424;0,50801110;29,92187000
17,52661424;0,50801110;30,83132000
17,53685424;0,49903870;30,37660000
17,54709424;0,49903870;30,37660000
17,55733424;0,49903870;30,37660000
17,56757424;0,49903870;30,37660000
17,57781424;0,49006620;30,37660000
17,58805424;0,48112430;29,92187000
17,59829424;0,49006620;29,92187000
17,60853424;0,47215180;30,37660000
17,61877424;0,48112430;29,92187000
17,62901424;0,47215180;29,92187000
17,63925424;0,46317940;29,92187000
17,64949424;0,46317940;30,37660000
17,65973424;0,45420700;29,92187000
17,66997424;0,45420700;29,46715000
17,68021424;0,45420700;30,37660000
17,69045424;0,45420700;29,92187000
17,70069424;0,44523450;29,92187000
17,71093424;0,44523450;29,92187000
17,72117424;0,42728970;29,92187000
17,73141424;0,42728970;29,46715000
17,74165424;0,42728970;29,46715000
17,75189424;0,42728970;29,92187000
17,76213424;0,41831720;29,46715000
17,77237424;0,41831720;29,46715000
17,78261424;0,40934480;29,46715000
17,79285424;0,40934480;29,92187000
17,80309424;0,40934480;29,46715000
17,81333424;0,40040280;29,46715000
17,82357424;0,40040280;29,46715000
17,83381424;0,39143040;29,46715000
17,84405424;0,39143040;29,46715000
17,85429424;0,39143040;29,01089000
17,86453424;0,37348550;29,46715000
17,87477424;0,37348550;29,46715000
17,88501424;0,37348550;29,46715000
17,89525424;0,37348550;29,46715000
17,90549424;0,36451310;29,46715000
17,91573424;0,37348550;28,55617000
17,92597424;0,35554060;29,01089000
17,93621424;0,35554060;29,46715000
17,94645424;0,35554060;29,01089000
17,95669424;0,35554060;29,46715000
17,96693424;0,34656820;29,46715000
17,97717424;0,33759580;29,01089000
17,98741423;0,32862330;29,01089000
17,99765423;0,32862330;28,55617000
18,00789423;0,31968140;29,01089000
18,01813423;0,31968140;29,01089000
18,02837423;0,31968140;29,01089000
18,03861423;0,31070890;28,55617000
18,04885423;0,31070890;28,10144000
18,05909423;0,30173650;28,10144000
18,06933423;0,30173650;29,01089000
18,07957423;0,30173650;28,55617000
18,08981423;0,30173650;28,55617000
18,10005423;0,29276410;28,55617000
18,11029423;0,28379160;28,10144000
18,12053423;0,28379160;28,10144000
18,13077423;0,28379160;28,55617000
18,14101423;0,28379160;28,10144000
18,15125423;0,26584670;28,10144000
18,16149423;0,26584670;28,10144000
18,17173423;0,25687430;28,10144000
18,18197423;0,25687430;28,10144000
18,19221423;0,24790190;28,10144000
18,20245423;0,24790190;28,10144000
18,21269423;0,24790190;28,10144000
18,22293423;0,24790190;28,10144000
18,23317423;0,23895990;28,10144000
18,24341423;0,23895990;28,10144000
18,25365423;0,23895990;28,10144000
18,26389423;0,22998750;28,10144000
18,27413423;0,22101510;28,10144000
18,28437423;0,21204260;27,64672000
18,29461423;0,21204260;27,64672000
18,30485423;0,21204260;27,19047000
18,31509423;0,21204260;27,19047000
18,32533423;0,20307020;27,64672000
18,33557423;0,19409770;27,64672000
18,34581423;0,19409770;27,19047000
18,35605423;0,19409770;27,19047000
18,36629423;0,17615280;27,19047000
18,37653423;0,17615280;27,19047000
18,38677423;0,17615280;26,73574000
18,39701423;0,17615280;26,73574000
18,40725423;0,15823850;27,19047000
18,41749423;0,15823850;27,19047000
18,42773423;0,15823850;27,19047000
18,43797423;0,15823850;26,28101000
18,44821423;0,15823850;26,28101000
18,45845423;0,14029360;27,19047000
18,46869423;0,14029360;26,73574000
18,47893423;0,14029360;26,73574000
18,48917423;0,14029360;26,73574000
18,49941423;0,13132110;26,73574000
18,50965423;0,12234870;26,28101000
18,51989423;0,11337630;25,82629000
18,53013423;0,11337630;25,82629000
18,54037423;0,10440380;25,82629000
18,55061423;0,10440380;25,82629000
18,56085423;0,10440380;26,28101000
18,57109423;0,09543138;25,82629000
18,58133423;0,08645894;25,82629000
18,59157423;0,08645894;25,37004000
18,60181423;0,08645894;25,37004000
18,61205423;0,07751702;25,82629000
18,62229423;0,07751702;25,82629000
18,63253423;0,06854457;24,91531000
18,64277423;0,06854457;24,91531000
18,65301423;0,05957213;24,91531000
18,66325423;0,05957213;24,91531000
18,67349423;0,05059969;24,00586000
18,68373423;0,05059969;24,91531000
18,69397423;0,04162725;24,46058000
18,70421423;0,04162725;24,91531000
18,71445423;0,03265481;24,46058000
18,72469423;0,03265481;24,00586000
18,73493423;0,03265481;24,00586000
18,74517423;0,01470992;24,00586000
18,75541423;0,01470992;23,54961000
18,76565423;0,01470992;23,09488000
18,77589423;0,01470992;23,09488000
18,78613423;0,00573748;22,64016000
18,79637423;-0,00320444;22,64016000
18,80661423;-0,00320444;22,18543000
18,81685423;-0,00320444;22,18543000
18,82709423;-0,02111881;21,27445000
18,83733423;-0,01214637;19,45402000
18,84757423;-0,02111881;8,53144900
18,85781423;-0,02111881;-15,58733000
18,86805423;-0,03009125;-20,13916000
18,87829423;-0,03009125;-14,67788000
18,88853423;-0,03906369;-15,13260000
18,89877423;-0,03906369;-16,49831000
18,90901423;-0,04803614;-16,49831000
18,91925423;-0,05700858;-16,49831000
18,92949423;-0,04803614;-16,95303000
18,93973423;-0,05700858;-16,95303000
18,94997423;-0,05700858;-17,40776000
18,96021423;-0,07495346;-16,95303000
18,97045423;-0,07495346;-17,40776000
18,98069423;-0,08392590;-17,40776000
18,99093423;-0,08392590;-17,40776000
19,00117423;-0,09286782;-17,40776000
19,01141423;-0,09286782;-17,86401000
19,02165423;-0,09286782;-18,31874000
19,03189423;-0,10184030;-17,86401000
19,04213423;-0,11081270;-17,86401000
19,05237423;-0,11081270;-18,31874000
19,06261423;-0,11978520;-18,31874000
19,07285423;-0,11081270;-18,31874000
19,08309423;-0,12875760;-19,22819000
19,09333423;-0,12875760;-18,77346000
19,10357423;-0,12875760;-18,31874000
19,11381423;-0,12875760;-19,22819000
19,12405423;-0,13773000;-18,77346000
19,13429423;-0,14670250;-18,77346000
19,14453423;-0,14670250;-19,22819000
19,15477423;-0,15567490;-18,77346000
19,16501423;-0,15567490;-19,22819000
19,17525423;-0,15567490;-19,22819000
19,18549423;-0,16464740;-19,68444000
19,19573423;-0,17358930;-19,22819000
19,20597423;-0,18256170;-19,68444000
19,21621423;-0,18256170;-19,68444000
19,22645423;-0,18256170;-19,68444000
19,23669423;-0,18256170;-19,68444000
19,24693423;-0,18256170;-19,22819000
19,25717423;-0,19153420;-19,68444000
19,26741423;-0,19153420;-19,68444000
19,27765423;-0,20050660;-19,68444000
19,28789423;-0,20947900;-19,68444000
19,29813423;-0,21845150;-19,68444000
19,30837423;-0,21845150;-20,13916000
19,31861423;-0,22742390;-19,68444000
19,32885423;-0,21845150;-19,68444000
19,33909423;-0,23639640;-20,13916000
19,34933423;-0,23639640;-20,13916000
19,35957423;-0,23639640;-20,59389000
19,36981423;-0,24536880;-20,13916000
19,38005423;-0,24536880;-20,13916000
19,39029423;-0,25431070;-20,13916000
19,40053423;-0,25431070;-20,13916000
19,41077423;-0,25431070;-20,59389000
19,42101423;-0,25431070;-20,59389000
19,43125423;-0,27225560;-20,59389000
19,44149423;-0,27225560;-20,59389000
19,45173423;-0,27225560;-20,59389000
19,46197423;-0,27225560;-20,13916000
19,47221423;-0,28122810;-20,59389000
19,48245423;-0,29020050;-21,04861000
19,49269423;-0,29020050;-20,59389000
19,50293423;-0,29917290;-20,59389000
19,51317423;-0,30814540;-21,04861000
19,52341423;-0,30814540;-21,04861000
19,53365423;-0,30814540;-21,04861000
19,54389423;-0,30814540;-21,04861000
19,55413423;-0,31711780;-21,50487000
19,56437423;-0,31711780;-21,04861000
19,57461423;-0,32609030;-21,04861000
19,58485423;-0,32609030;-21,04861000
19,59509423;-0,32609030;-20,59389000
19,60533423;-0,34400460;-21,50487000
19,61557423;-0,34400460;-21,50487000
19,62581423;-0,34400460;-21,04861000
19,63605422;-0,34400460;-21,50487000
19,64629422;-0,34400460;-21,04861000
19,65653422;-0,35297710;-21,50487000
19,66677422;-0,36194950;-21,50487000
19,67701422;-0,36194950;-21,04861000
19,68725422;-0,36194950;-21,50487000
19,69749422;-0,36194950;-21,04861000
19,70773422;-0,37092200;-21,50487000
19,71797422;-0,37989440;-21,50487000
19,72821422;-0,37989440;-21,50487000
19,73845422;-0,37989440;-21,50487000
19,74869422;-0,38886680;-21,50487000
19,75893422;-0,39783930;-21,50487000
19,76917422;-0,39783930;-21,50487000
19,77941422;-0,39783930;-21,95959000
19,78965422;-0,40681170;-21,50487000
19,79989422;-0,41575370;-21,50487000
19,81013422;-0,41575370;-21,50487000
19,82037422;-0,41575370;-21,50487000
19,83061422;-0,43369850;-21,50487000
19,84085422;-0,41575370;-21,95959000
19,85109422;-0,43369850;-21,50487000
19,86133422;-0,43369850;-21,50487000
19,87157422;-0,43369850;-21,50487000
19,88181422;-0,44267100;-21,95959000
19,89205422;-0,44267100;-21,95959000
19,90229422;-0,45164340;-21,95959000
19,91253422;-0,45164340;-21,95959000
19,92277422;-0,45164340;-22,41432000
19,93301422;-0,45164340;-21,95959000
19,94325422;-0,46958830;-21,95959000
19,95349422;-0,46958830;-22,41432000
19,96373422;-0,46958830;-22,41432000
19,97397422;-0,46958830;-22,41432000
19,98421422;-0,47856070;-21,95959000
19,99445422;-0,47856070;-21,95959000
20,00469422;-0,47856070;-22,41432000
20,01493422;-0,47856070;-21,95959000
20,02517422;-0,48753320;-22,41432000
20,03541422;-0,49647510;-21,95959000
20,04565422;-0,48753320;-21,95959000
20,05589422;-0,50544760;-21,95959000
20,06613422;-0,50544760;-21,95959000
20,07637422;-0,50544760;-21,50487000
20,08661422;-0,50544760;-22,86905000
20,09685422;-0,51442000;-21,95959000
20,10709422;-0,52339240;-21,95959000
20,11733422;-0,52339240;-21,95959000
20,12757422;-0,52339240;-22,41432000
20,13781422;-0,52339240;-22,41432000
20,14805422;-0,53236490;-21,95959000
20,15829422;-0,54133730;-22,86905000
20,16853422;-0,54133730;-22,41432000
20,17877422;-0,54133730;-21,95959000
20,18901422;-0,54133730;-21,95959000
20,19925422;-0,55030980;-21,95959000
20,20949422;-0,55928220;-22,41432000
20,21973422;-0,55928220;-22,86905000
20,22997422;-0,55928220;-21,95959000
20,24021422;-0,55928220;-22,86905000
20,25045422;-0,55928220;-22,86905000
20,26069422;-0,57722710;-21,95959000
20,27093422;-0,57722710;-22,86905000
20,28117422;-0,56825460;-22,86905000
20,29141422;-0,57722710;-22,41432000
20,30165422;-0,57722710;-22,86905000
20,31189422;-0,58616900;-22,86905000
20,32213422;-0,57722710;-22,86905000
20,33237422;-0,59514150;-22,41432000
20,34261422;-0,59514150;-22,86905000
20,35285422;-0,59514150;-22,41432000
20,36309422;-0,60411390;-23,32530000
20,37333422;-0,60411390;-22,86905000
20,38357422;-0,59514150;-22,86905000
20,39381422;-0,61308630;-22,86905000
20,40405422;-0,61308630;-22,86905000
20,41429422;-0,61308630;-22,86905000
20,42453422;-0,62205870;-22,86905000
20,43477422;-0,63103120;-22,86905000
20,44501422;-0,63103120;-22,86905000
20,45525422;-0,62205870;-22,86905000
20,46549422;-0,63103120;-22,41432000
20,47573422;-0,63103120;-22,86905000
20,48597422;-0,63103120;-22,86905000
20,49621422;-0,64000370;-22,86905000
20,50645422;-0,64897610;-22,41432000
20,51669422;-0,64897610;-22,41432000
20,52693422;-0,64897610;-22,86905000
20,53717422;-0,64897610;-22,86905000
20,54741422;-0,65794860;-22,86905000
20,55765422;-0,64897610;-22,86905000
20,56789422;-0,65794860;-23,32530000
20,57813422;-0,65794860;-23,32530000
20,58837422;-0,66689040;-23,32530000
20,59861422;-0,66689040;-22,86905000
20,60885422;-0,67586290;-22,86905000
20,61909422;-0,66689040;-22,86905000
20,62933422;-0,67586290;-22,86905000
20,63957422;-0,67586290;-22,86905000
20,64981422;-0,68483540;-23,32530000
20,66005422;-0,68483540;-22,86905000
20,67029422;-0,68483540;-22,86905000
20,68053422;-0,68483540;-22,86905000
20,69077422;-0,68483540;-22,86905000
20,70101422;-0,69380780;-22,86905000
20,71125422;-0,70278020;-22,86905000
20,72149422;-0,70278020;-22,86905000
20,73173422;-0,69380780;-22,86905000
20,74197422;-0,70278020;-22,86905000
20,75221422;-0,71175270;-22,86905000
20,76245422;-0,70278020;-22,86905000
20,77269422;-0,71175270;-22,86905000
20,78293422;-0,72072510;-22,86905000
20,79317422;-0,72072510;-23,32530000
20,80341422;-0,72072510;-23,32530000
20,81365422;-0,72072510;-23,32530000
20,82389422;-0,72072510;-22,86905000
20,83413422;-0,72072510;-22,86905000
20,84437422;-0,72072510;-22,86905000
20,85461422;-0,72969760;-23,32530000
20,86485422;-0,72969760;-23,32530000
20,87509422;-0,72969760;-22,86905000
20,88533422;-0,72969760;-23,32530000
20,89557422;-0,73867000;-23,32530000
20,90581422;-0,74761190;-22,86905000
20,91605422;-0,73867000;-22,86905000
20,92629422;-0,74761190;-22,86905000
20,93653422;-0,73867000;-22,86905000
20,94677422;-0,75658430;-23,32530000
20,95701422;-0,75658430;-22,86905000
20,96725422;-0,75658430;-22,86905000
20,97749422;-0,75658430;-23,32530000
20,98773422;-0,75658430;-22,86905000
20,99797422;-0,75658430;-22,86905000
21,00821422;-0,75658430;-22,86905000
21,01845422;-0,76555680;-22,86905000
21,02869422;-0,76555680;-22,86905000
21,03893422;-0,76555680;-22,41432000
21,04917422;-0,77452930;-22,86905000
21,05941422;-0,76555680;-23,32530000
21,06965422;-0,77452930;-22,41432000
21,07989422;-0,77452930;-22,86905000
21,09013422;-0,77452930;-23,32530000
21,10037422;-0,77452930;-22,86905000
21,11061422;-0,77452930;-22,41432000
21,12085422;-0,77452930;-22,86905000
21,13109422;-0,79247420;-22,86905000
21,14133422;-0,78350170;-22,86905000
21,15157422;-0,78350170;-22,86905000
21,16181422;-0,79247420;-22,86905000
21,17205422;-0,79247420;-22,86905000
21,18229422;-0,79247420;-22,86905000
21,19253422;-0,79247420;-22,41432000
21,20277422;-0,79247420;-22,86905000
21,21301422;-0,79247420;-23,32530000
21,22325422;-0,79247420;-22,86905000
21,23349422;-0,79247420;-22,86905000
21,24373422;-0,79247420;-23,32530000
21,25397422;-0,80144660;-22,86905000
21,26421422;-0,80144660;-22,86905000
21,27445422;-0,80144660;-23,32530000
21,28469421;-0,80144660;-23,32530000
21,29493421;-0,81041900;-22,86905000
21,30517421;-0,81041900;-22,86905000
21,31541421;-0,81041900;-23,32530000
21,32565421;-0,81041900;-22,86905000
21,33589421;-0,81041900;-22,86905000
21,34613421;-0,81041900;-22,86905000
21,35637421;-0,81041900;-23,32530000
21,36661421;-0,81041900;-23,32530000
21,37685421;-0,81041900;-22,86905000
21,38709421;-0,81041900;-23,32530000
21,39733421;-0,81939150;-22,86905000
21,40757421;-0,81939150;-22,86905000
21,41781421;-0,82833340;-22,86905000
21,42805421;-0,81939150;-23,32530000
21,43829421;-0,81939150;-23,32530000
21,44853421;-0,82833340;-22,41432000
21,45877421;-0,82833340;-22,86905000
21,46901421;-0,82833340;-22,86905000
21,47925421;-0,82833340;-22,86905000
21,48949421;-0,82833340;-22,86905000
21,49973421;-0,82833340;-22,86905000
21,50997421;-0,82833340;-22,86905000
21,52021421;-0,82833340;-22,86905000
21,53045421;-0,82833340;-22,86905000
21,54069421;-0,82833340;-22,86905000
21,55093421;-0,82833340;-23,32530000
21,56117421;-0,82833340;-22,86905000
21,57141421;-0,82833340;-23,32530000
21,58165421;-0,82833340;-22,86905000
21,59189421;-0,83730580;-23,32530000
21,60213421;-0,83730580;-22,86905000
21,61237421;-0,83730580;-22,86905000
21,62261421;-0,83730580;-23,78002000
21,63285421;-0,83730580;-22,86905000
21,64309421;-0,83730580;-22,86905000
21,65333421;-0,83730580;-22,86905000
21,66357421;-0,83730580;-22,86905000
21,67381421;-0,84627830;-22,86905000
21,68405421;-0,83730580;-22,41432000
21,69429421;-0,83730580;-23,32530000
21,70453421;-0,84627830;-22,86905000
21,71477421;-0,84627830;-22,86905000
21,72501421;-0,84627830;-23,32530000
21,73525421;-0,84627830;-22,41432000
21,74549421;-0,84627830;-23,32530000
21,75573421;-0,84627830;-23,32530000
21,76597421;-0,84627830;-22,86905000
21,77621421;-0,84627830;-23,32530000
21,78645421;-0,84627830;-23,32530000
21,79669421;-0,84627830;-22,86905000
21,80693421;-0,84627830;-22,86905000
21,81717421;-0,84627830;-22,86905000
21,82741421;-0,84627830;-23,32530000
21,83765421;-0,84627830;-23,32530000
21,84789421;-0,83730580;-22,86905000
21,85813421;-0,84627830;-22,86905000
21,86837421;-0,84627830;-22,86905000
21,87861421;-0,84627830;-22,86905000
21,88885421;-0,84627830;-23,32530000
21,89909421;-0,84627830;-22,86905000
21,90933421;-0,83730580;-22,86905000
21,91957421;-0,84627830;-22,86905000
21,92981421;-0,84627830;-23,32530000
21,94005421;-0,84627830;-22,86905000
21,95029421;-0,84627830;-22,86905000
21,96053421;-0,84627830;-22,86905000
21,97077421;-0,84627830;-23,32530000
21,98101421;-0,84627830;-23,32530000
21,99125421;-0,84627830;-22,86905000
22,00149421;-0,84627830;-23,32530000
22,01173421;-0,84627830;-23,32530000
22,02197421;-0,84627830;-22,86905000
22,03221421;-0,84627830;-22,86905000
22,04245421;-0,84627830;-23,32530000
22,05269421;-0,84627830;-22,86905000
22,06293421;-0,84627830;-22,86905000
22,07317421;-0,84627830;-22,86905000
22,08341421;-0,84627830;-22,86905000
22,09365421;-0,84627830;-22,86905000
22,10389421;-0,84627830;-23,32530000
22,11413421;-0,84627830;-23,32530000
22,12437421;-0,84627830;-22,86905000
22,13461421;-0,83730580;-22,41432000
22,14485421;-0,84627830;-22,86905000
22,15509421;-0,83730580;-23,32530000
22,16533421;-0,83730580;-22,86905000
22,17557421;-0,83730580;-22,86905000
22,18581421;-0,84627830;-22,86905000
22,19605421;-0,83730580;-22,86905000
22,20629421;-0,82833340;-22,86905000
22,21653421;-0,84627830;-22,86905000
22,22677421;-0,83730580;-23,32530000
22,23701421;-0,82833340;-22,86905000
22,24725421;-0,82833340;-22,41432000
22,25749421;-0,82833340;-22,41432000
22,26773421;-0,82833340;-22,41432000
22,27797421;-0,82833340;-22,86905000
22,28821421;-0,82833340;-22,41432000
22,29845421;-0,82833340;-22,86905000
22,30869421;-0,82833340;-22,86905000
22,31893421;-0,82833340;-23,32530000
22,32917421;-0,82833340;-22,86905000
22,33941421;-0,82833340;-22,86905000
22,34965421;-0,82833340;-22,86905000
22,35989421;-0,82833340;-22,41432000
22,37013421;-0,82833340;-22,86905000
22,38037421;-0,82833340;-22,41432000
22,39061421;-0,82833340;-22,86905000
22,40085421;-0,81939150;-22,86905000
22,41109421;-0,81041900;-22,86905000
22,42133421;-0,82833340;-22,86905000
22,43157421;-0,82833340;-22,86905000
22,44181421;-0,81041900;-22,86905000
22,45205421;-0,81939150;-22,86905000
22,46229421;-0,81939150;-22,86905000
22,47253421;-0,81939150;-22,86905000
22,48277421;-0,81041900;-23,32530000
22,49301421;-0,81041900;-22,41432000
22,50325421;-0,81041900;-22,41432000
22,51349421;-0,81041900;-22,41432000
22,52373421;-0,81041900;-22,41432000
22,53397421;-0,81041900;-22,86905000
22,54421421;-0,81041900;-22,86905000
22,55445421;-0,79247420;-22,86905000
22,56469421;-0,79247420;-22,86905000
22,57493421;-0,79247420;-22,41432000
22,58517421;-0,79247420;-22,86905000
22,59541421;-0,79247420;-22,86905000
22,60565421;-0,79247420;-22,41432000
22,61589421;-0,79247420;-22,86905000
22,62613421;-0,79247420;-22,41432000
22,63637421;-0,79247420;-23,32530000
22,64661421;-0,79247420;-22,86905000
22,65685421;-0,79247420;-22,86905000
22,66709421;-0,79247420;-22,86905000
22,67733421;-0,78350170;-22,86905000
22,68757421;-0,77452930;-22,41432000
22,69781421;-0,77452930;-22,86905000
22,70805421;-0,77452930;-22,41432000
22,71829421;-0,77452930;-22,86905000
22,72853421;-0,77452930;-21,95959000
22,73877421;-0,77452930;-22,86905000
22,74901421;-0,77452930;-22,86905000
22,75925421;-0,77452930;-22,86905000
22,76949421;-0,77452930;-22,41432000
22,77973421;-0,76555680;-22,86905000
22,78997421;-0,76555680;-21,95959000
22,80021421;-0,75658430;-22,86905000
22,81045421;-0,76555680;-22,86905000
22,82069421;-0,75658430;-22,41432000
22,83093421;-0,75658430;-21,95959000
22,84117421;-0,75658430;-21,95959000
22,85141421;-0,75658430;-21,95959000
22,86165421;-0,75658430;-22,41432000
22,87189421;-0,74761190;-22,86905000
22,88213421;-0,74761190;-22,41432000
22,89237421;-0,73867000;-22,41432000
22,90261421;-0,74761190;-22,41432000
22,91285421;-0,73867000;-22,41432000
22,92309420;-0,73867000;-21,95959000
22,93333420;-0,73867000;-21,95959000
22,94357420;-0,73867000;-21,95959000
22,95381420;-0,72969760;-22,41432000
22,96405420;-0,72969760;-22,86905000
22,97429420;-0,72969760;-22,41432000
22,98453420;-0,72072510;-21,95959000
22,99477420;-0,72072510;-22,41432000
23,00501420;-0,72969760;-22,41432000
23,01525420;-0,72072510;-22,41432000
23,02549420;-0,72072510;-22,41432000
23,03573420;-0,72072510;-22,41432000
23,04597420;-0,72072510;-22,86905000
23,05621420;-0,70278020;-21,50487000
23,06645420;-0,70278020;-22,41432000
23,07669420;-0,70278020;-22,41432000
23,08693420;-0,70278020;-22,41432000
23,09717420;-0,70278020;-21,95959000
23,10741420;-0,70278020;-21,50487000
23,11765420;-0,69380780;-21,95959000
23,12789420;-0,69380780;-22,41432000
23,13813420;-0,69380780;-21,95959000
23,14837420;-0,68483540;-21,95959000
23,15861420;-0,68483540;-21,95959000
23,16885420;-0,67586290;-22,41432000
23,17909420;-0,68483540;-22,41432000
23,18933420;-0,67586290;-21,95959000
23,19957420;-0,67586290;-22,41432000
23,20981420;-0,67586290;-21,95959000
23,22005420;-0,67586290;-21,95959000
23,23029420;-0,66689040;-22,86905000
23,24053420;-0,65794860;-21,95959000
23,25077420;-0,66689040;-21,95959000
23,26101420;-0,66689040;-21,95959000
23,27125420;-0,64897610;-21,95959000
23,28149420;-0,65794860;-21,50487000
23,29173420;-0,64897610;-22,41432000
23,30197420;-0,64897610;-21,95959000
23,31221420;-0,64897610;-21,95959000
23,32245420;-0,64897610;-22,41432000
23,33269420;-0,64897610;-21,95959000
23,34293420;-0,64000370;-22,41432000
23,35317420;-0,63103120;-21,95959000
23,36341420;-0,63103120;-21,50487000
23,37365420;-0,62205870;-21,95959000
23,38389420;-0,63103120;-21,95959000
23,39413420;-0,62205870;-21,95959000
23,40437420;-0,61308630;-21,95959000
23,41461420;-0,61308630;-21,95959000
23,42485420;-0,61308630;-21,50487000
23,43509420;-0,61308630;-21,50487000
23,44533420;-0,60411390;-21,95959000
23,45557420;-0,61308630;-21,95959000
23,46581420;-0,60411390;-21,95959000
23,47605420;-0,59514150;-21,04861000
23,48629420;-0,59514150;-21,95959000
23,49653420;-0,59514150;-21,50487000
23,50677420;-0,58616900;-21,95959000
23,51701420;-0,57722710;-21,95959000
23,52725420;-0,57722710;-21,95959000
23,53749420;-0,57722710;-21,50487000
23,54773420;-0,57722710;-21,04861000
23,55797420;-0,57722710;-21,50487000
23,56821420;-0,55928220;-21,04861000
23,57845420;-0,55928220;-21,95959000
23,58869420;-0,55928220;-21,50487000
23,59893420;-0,55928220;-21,50487000
23,60917420;-0,55928220;-21,50487000
23,61941420;-0,55030980;-21,50487000
23,62965420;-0,55928220;-21,50487000
23,63989420;-0,54133730;-21,50487000
23,65013420;-0,54133730;-21,04861000
23,66037420;-0,54133730;-21,04861000
23,67061420;-0,54133730;-21,50487000
23,68085420;-0,54133730;-21,95959000
23,69109420;-0,53236490;-21,04861000
23,70133420;-0,52339240;-21,50487000
23,71157420;-0,52339240;-21,95959000
23,72181420;-0,51442000;-21,04861000
23,73205420;-0,52339240;-21,50487000
23,74229420;-0,50544760;-21,04861000
23,75253420;-0,50544760;-20,59389000
23,76277420;-0,50544760;-21,04861000
23,77301420;-0,50544760;-21,04861000
23,78325420;-0,50544760;-21,04861000
23,79349420;-0,48753320;-21,04861000
23,80373420;-0,48753320;-21,04861000
23,81397420;-0,48753320;-21,04861000
23,82421420;-0,48753320;-20,59389000
23,83445420;-0,47856070;-21,04861000
23,84469420;-0,47856070;-21,04861000
23,85493420;-0,46958830;-21,04861000
23,86517420;-0,46958830;-20,59389000
23,87541420;-0,46958830;-21,50487000
23,88565420;-0,46958830;-21,04861000
23,89589420;-0,45164340;-20,59389000
23,90613420;-0,45164340;-21,50487000
23,91637420;-0,45164340;-21,04861000
23,92661420;-0,44267100;-21,04861000
23,93685420;-0,45164340;-20,13916000
23,94709420;-0,44267100;-21,04861000
23,95733420;-0,43369850;-21,04861000
23,96757420;-0,43369850;-20,59389000
23,97781420;-0,42472610;-21,04861000
23,98805420;-0,43369850;-20,59389000
23,99829420;-0,41575370;-20,59389000
24,00853420;-0,41575370;-20,59389000
24,01877420;-0,41575370;-20,59389000
24,02901420;-0,40681170;-20,59389000
24,03925420;-0,39783930;-21,04861000
24,04949420;-0,39783930;-20,59389000
24,05973420;-0,39783930;-20,59389000
24,06997420;-0,39783930;-20,13916000
24,08021420;-0,39783930;-20,59389000
24,09045420;-0,39783930;-20,13916000
24,10069420;-0,37989440;-21,04861000
24,11093420;-0,37989440;-20,13916000
24,12117420;-0,37989440;-20,13916000
24,13141420;-0,37092200;-20,13916000
24,14165420;-0,37092200;-20,59389000
24,15189420;-0,36194950;-20,13916000
24,16213420;-0,36194950;-20,13916000
24,17237420;-0,36194950;-20,13916000
24,18261420;-0,35297710;-20,13916000
24,19285420;-0,34400460;-20,13916000
24,20309420;-0,34400460;-20,13916000
24,21333420;-0,34400460;-19,68444000
24,22357420;-0,34400460;-19,68444000
24,23381420;-0,33503220;-19,68444000
24,24405420;-0,32609030;-19,68444000
24,25429420;-0,32609030;-20,13916000
24,26453420;-0,32609030;-19,68444000
24,27477420;-0,30814540;-19,68444000
24,28501420;-0,30814540;-19,68444000
24,29525420;-0,30814540;-19,68444000
24,30549420;-0,30814540;-19,68444000
24,31573420;-0,30814540;-19,68444000
24,32597420;-0,29020050;-20,13916000
24,33621420;-0,29020050;-19,22819000
24,34645420;-0,29020050;-19,68444000
24,35669420;-0,28122810;-19,22819000
24,36693420;-0,27225560;-19,68444000
24,37717420;-0,27225560;-19,68444000
24,38741420;-0,27225560;-19,68444000
24,39765420;-0,26328320;-19,68444000
24,40789420;-0,27225560;-19,22819000
24,41813420;-0,25431070;-19,68444000
24,42837420;-0,25431070;-19,68444000
24,43861420;-0,25431070;-19,22819000
24,44885420;-0,25431070;-19,22819000
24,45909420;-0,23639640;-19,22819000
24,46933420;-0,23639640;-19,22819000
24,47957420;-0,23639640;-19,22819000
24,48981420;-0,23639640;-19,22819000
24,50005420;-0,21845150;-18,77346000
24,51029420;-0,21845150;-19,22819000
24,52053420;-0,21845150;-18,77346000
24,53077420;-0,20947900;-19,22819000
24,54101420;-0,20050660;-18,77346000
24,55125420;-0,20050660;-18,31874000
24,56149420;-0,20050660;-18,77346000
24,57173419;-0,20050660;-17,86401000
24,58197419;-0,20050660;-18,31874000
24,59221419;-0,18256170;-18,31874000
24,60245419;-0,18256170;-18,31874000
24,61269419;-0,18256170;-18,31874000
24,62293419;-0,16464740;-17,86401000
24,63317419;-0,17358930;-18,77346000
24,64341419;-0,16464740;-17,86401000
24,65365419;-0,15567490;-17,86401000
24,66389419;-0,15567490;-17,86401000
24,67413419;-0,15567490;-17,86401000
24,68437419;-0,14670250;-17,86401000
24,69461419;-0,14670250;-17,86401000
24,70485419;-0,14670250;-17,40776000
24,71509419;-0,14670250;-17,40776000
24,72533419;-0,12875760;-17,40776000
24,73557419;-0,12875760;-17,86401000
24,74581419;-0,11978520;-17,86401000
24,75605419;-0,11978520;-17,40776000
24,76629419;-0,11978520;-17,40776000
24,77653419;-0,11081270;-17,40776000
24,78677419;-0,11081270;-17,40776000
24,79701419;-0,11081270;-16,95303000
24,80725419;-0,10184030;-16,95303000
24,81749419;-0,09286782;-16,49831000
24,82773419;-0,09286782;-16,95303000
24,83797419;-0,08392590;-16,04358000
24,84821419;-0,07495346;-16,04358000
24,85845419;-0,07495346;-16,95303000
24,86869419;-0,07495346;-16,49831000
24,87893419;-0,06598102;-16,49831000
24,88917419;-0,06598102;-16,04358000
24,89941419;-0,05700858;-16,04358000
24,90965419;-0,05700858;-16,04358000
24,91989419;-0,04803614;-15,58733000
24,93013419;-0,04803614;-15,58733000
24,94037419;-0,03906369;-15,58733000
24,95061419;-0,03906369;-15,58733000
24,96085419;-0,03906369;-15,58733000
24,97109419;-0,02111881;-15,13260000
24,98133419;-0,02111881;-14,67788000
24,99157419;-0,01214637;-14,67788000
25,00181419;-0,01214637;-14,22315000
25,01205419;-0,00320444;-14,22315000
25,02229419;-0,00320444;-14,22315000
